record_id,product_class,title,source_platform,source_page_url,creator,license_id,license_url,license_evidence_url,license_checked_at,duration_seconds,width,height,language,procedure_or_scene,relevance,commercial_use,modification,redistribution_rule,personality_or_privacy,status,status_reason,reviewer_1,reviewer_2,local_file_sha256,notes
airfryer-029,Air Fryer,Chicken Tandoori Recipe in Philips Airfryer by VahChef,Internet Archive,https://archive.org/details/youtube-DosjRtIxuEg,Vahchef - VahRehVah,OWNER-WRITTEN-AUTHORIZATION,,https://archive.org/details/youtube-DosjRtIxuEg,2026-07-22,673.33,854,480,und,air fryer cooking procedure,machine_candidate,owner_authorized,owner_authorized,restricted to authorization owner-confirmed-2026-07-21-dataset-expansion,pending_content_screen,owner_authorized_candidate,Owner-authorized download; pending automated scope and quality screening,Codex-machine-prescreen,,853838ee93433557fe93454b1bb73a0fb1a33d6e93f377f2ed1ebc18ebaf2a74,source_disjoint_test_candidate; archive_file=DosjRtIxuEg.mp4
airfryer-002,Air Fryer,Library Kitchen: Air Fryer Oreos,Internet Archive,https://archive.org/details/gctvva-Library_Kitchen_-_Air_Fryer_Oreos,Gloucester County VA,OWNER-WRITTEN-AUTHORIZATION,,https://archive.org/details/gctvva-Library_Kitchen_-_Air_Fryer_Oreos,2026-07-22,357.89,854,480,English,air fryer recipe procedure,machine_candidate,owner_authorized,owner_authorized,restricted to authorization owner-confirmed-2026-07-21-dataset-expansion,pending_content_screen,owner_authorized_candidate,Owner-authorized download; pending automated scope and quality screening,Codex-machine-prescreen,,08a1d39bea47bfc6b67b5006e6e16729af75bc0ae9fb060268014e1e4885b8f0,source_disjoint_test_candidate; archive_file=Library_Kitchen_-_Air_Fryer_Oreos.mp4
airfryer-030,Air Fryer,Cooking Healthy Snacks with an Air fryer - Hardin County Extension Today June 2019,Internet Archive,https://archive.org/details/hcectvky-Cooking_Healthy_Snacks_with_an_Air_fryer_-_Hardin_County_Extension_Today_June_2019,HCEC-TV,OWNER-WRITTEN-AUTHORIZATION,,https://archive.org/details/hcectvky-Cooking_Healthy_Snacks_with_an_Air_fryer_-_Hardin_County_Extension_Today_June_2019,2026-07-22,1092.2,480,360,English,healthy snack preparation,machine_candidate,owner_authorized,owner_authorized,restricted to authorization owner-confirmed-2026-07-21-dataset-expansion,pending_content_screen,owner_authorized_candidate,Owner-authorized download; pending automated scope and quality screening,Codex-machine-prescreen,,5eed26cd72252c2aef8202a3d43fdd670ba8c943356a131b75ade7b330c27bb2,source_disjoint_test_candidate; archive_file=Cooking_Healthy_Snacks_with_an_Air_fryer_-_Hardin_County_Extension_Today_June_2019.mp4
airfryer-005,Air Fryer,Air Fryer Bacon and Egg Toast Recipe,Internet Archive,https://archive.org/details/youtube-RaolUs_38zQ,In The Kitchen With Matt,OWNER-WRITTEN-AUTHORIZATION,,https://archive.org/details/youtube-RaolUs_38zQ,2026-07-22,355.24,854,480,und,air fryer breakfast cooking,machine_candidate,owner_authorized,owner_authorized,restricted to authorization owner-confirmed-2026-07-21-dataset-expansion,pending_content_screen,owner_authorized_candidate,Owner-authorized download; pending automated scope and quality screening,Codex-machine-prescreen,,af30c198eef94cae98d3b1c2ec8fc7ba6b0571979c2701c2d108dd8f0c33bd3a,development_candidate; archive_file=RaolUs_38zQ.mp4
airfryer-006,Air Fryer,Make Easy ' Air Fryer Oreos' At Home With Only 2 Ingredients,Internet Archive,https://archive.org/details/make-easy-air-fryer-oreos-at-home-with-only-2-ingredients,Good Morning America,CC0-1.0,https://creativecommons.org/publicdomain/zero/1.0/,https://archive.org/details/make-easy-air-fryer-oreos-at-home-with-only-2-ingredients,2026-07-21,31.18,360,360,eng,air fryer recipe procedure,machine_candidate,owner_authorized,owner_authorized,redistribution allowed,pending_content_screen,owner_authorized_candidate,Owner-authorized download; pending automated scope and quality screening,Codex-machine-prescreen,,5cc4dcbc92d594d1f19086d5fc32570b59210ebf5a1b01f2bb31cb362fc17b40,development_candidate; archive_file=Make easy 'Air Fryer Oreos' at home with only 2 ingredients.mp4
airfryer-031,Air Fryer,videate_youtube_67lWuMjFuy8_948_-_We_Bought_An_Air_Fryer_-_The_Daily_Talk_Show,Internet Archive,https://archive.org/details/videate_youtube_67lWuMjFuy8_948_-_We_Bought_An_Air_Fryer_-_The_Daily_Talk_Show,Archive contributor,OWNER-WRITTEN-AUTHORIZATION,,https://archive.org/details/videate_youtube_67lWuMjFuy8_948_-_We_Bought_An_Air_Fryer_-_The_Daily_Talk_Show,2026-07-22,2199.35,640,360,und,air fryer setup and use,machine_candidate,owner_authorized,owner_authorized,restricted to authorization owner-confirmed-2026-07-21-dataset-expansion,pending_content_screen,owner_authorized_candidate,Owner-authorized download; pending automated scope and quality screening,Codex-machine-prescreen,,f5eef18df1a5efcbad1822f35fc7892673cc9c61bdbaaf8338c028780354e27b,development_candidate; archive_file=videate_youtube_67lWuMjFuy8_948_-_We_Bought_An_Air_Fryer_-_The_Daily_Talk_Show.mp4
airfryer-008,Air Fryer,I Tested The Top 9 Air Fryers…These Are The 3 Best,Internet Archive,https://archive.org/details/youtube-Xt12oOxMGfU,Sprint Kitchen,OWNER-WRITTEN-AUTHORIZATION,,https://archive.org/details/youtube-Xt12oOxMGfU,2026-07-22,500.21,854,480,und,air fryer comparison and controls,machine_candidate,owner_authorized,owner_authorized,restricted to authorization owner-confirmed-2026-07-21-dataset-expansion,pending_content_screen,owner_authorized_candidate,Owner-authorized download; pending automated scope and quality screening,Codex-machine-prescreen,,a554d9e897b397882d1b7b839a0d750d2fa0bccbebc0e082129b1ae4dd5789c6,development_candidate; archive_file=Xt12oOxMGfU.mp4
airfryer-032,Air Fryer,How To Clean Your Air Fryer → SMELLY DIRTY NEW Watch THIS!,Internet Archive,https://archive.org/details/how-to-clean-your-air-fryer-smelly-dirty-new-watch-this,Archive contributor,OWNER-WRITTEN-AUTHORIZATION,,https://archive.org/details/how-to-clean-your-air-fryer-smelly-dirty-new-watch-this,2026-07-22,533.73,1280,720,und,air fryer cleaning,machine_candidate,owner_authorized,owner_authorized,restricted to authorization owner-confirmed-2026-07-21-dataset-expansion,pending_content_screen,owner_authorized_candidate,Owner-authorized download; pending automated scope and quality screening,Codex-machine-prescreen,,19964dff8e507ce789c7219c5b2a68c6462322a0309cc0c5ea628b35ea28d4fb,development_candidate; archive_file=How to Clean Your Air Fryer → SMELLY_ DIRTY_ NEW_ Watch THIS!.mp4
airfryer-011,Air Fryer,Monterey Recreation Presents: That's Good! Air Fryer Grilled Cheese,Internet Archive,https://archive.org/details/monterca-Monterey_Recreation_Presents_-_That_s_Good_Air_Fryer_Grilled_Cheese,City of Monterey CA,OWNER-WRITTEN-AUTHORIZATION,,https://archive.org/details/monterca-Monterey_Recreation_Presents_-_That_s_Good_Air_Fryer_Grilled_Cheese,2026-07-21,108,854,480,English,air fryer cooking procedure,machine_candidate,owner_authorized,owner_authorized,restricted to authorization owner-confirmed-2026-07-21-dataset-expansion,pending_content_screen,owner_authorized_candidate,Owner-authorized download; pending automated scope and quality screening,Codex-machine-prescreen,,d47a8a1077c51d764227d20be8f4e23b4f0fbd6d6f30df5a6c4b2e6f3c067038,development_candidate; archive_file=Monterey_Recreation_Presents_-_That_s_Good_Air_Fryer_Grilled_Cheese.mp4
airfryer-033,Air Fryer,A DESTRUIÇÃO LEVA A CONSTRUÇÃO: AIRFRYER WALITA,Internet Archive,https://archive.org/details/ratao_frKY4As3ctXhnhf4,Archive contributor,CC-BY,https://creativecommons.org/licenses/by/3.0/,https://archive.org/details/ratao_frKY4As3ctXhnhf4,2026-07-22,1602.66,640,360,und,air fryer teardown and repair,machine_candidate,owner_authorized,owner_authorized,attribution required,pending_content_screen,owner_authorized_candidate,Owner-authorized download; pending automated scope and quality screening,Codex-machine-prescreen,,b3faa51963f29e704f6fd9c2e3e57f4b4a1cd2772c44eabf99d92e850287ba8c,development_candidate; archive_file=As3ctXhnhf4.ia.mp4
airfryer-034,Air Fryer,AirFryer Brot III,Internet Archive,https://archive.org/details/twitch-vod-v2316447606,MikeLS_91,OWNER-WRITTEN-AUTHORIZATION,,https://archive.org/details/twitch-vod-v2316447606,2026-07-22,108.95,1920,1080,und,air fryer bread cooking,machine_candidate,owner_authorized,owner_authorized,restricted to authorization owner-confirmed-2026-07-21-dataset-expansion,pending_content_screen,owner_authorized_candidate,Owner-authorized download; pending automated scope and quality screening,Codex-machine-prescreen,,a2635cb1ab2fec1a9ba2167df5104bb49312b6f7ee78dd3eab2ef0122be1b784,development_candidate; archive_file=AirFryer_Brot_III-v2316447606.mp4
airfryer-035,Air Fryer,AirFryer Brot II,Internet Archive,https://archive.org/details/twitch-vod-v2316446781,MikeLS_91,OWNER-WRITTEN-AUTHORIZATION,,https://archive.org/details/twitch-vod-v2316446781,2026-07-22,121.98,1920,1080,und,air fryer bread cooking,machine_candidate,owner_authorized,owner_authorized,restricted to authorization owner-confirmed-2026-07-21-dataset-expansion,pending_content_screen,owner_authorized_candidate,Owner-authorized download; pending automated scope and quality screening,Codex-machine-prescreen,,dd1584a647e2b6403ca7e5134d98a47603981eba5a047e7e3eba119ff1611389,development_candidate; archive_file=AirFryer_Brot_II-v2316446781.mp4
airfryer-017,Air Fryer,Can I actually fix my kitchen air fryer?,Internet Archive,https://archive.org/details/youtube-3emzRi3gdiQ,FanboyFilms2,OWNER-WRITTEN-AUTHORIZATION,,https://archive.org/details/youtube-3emzRi3gdiQ,2026-07-22,1547.12,1280,720,und,"air fryer operation, maintenance, or troubleshooting",machine_candidate,owner_authorized,owner_authorized,restricted to authorization owner-confirmed-2026-07-21-dataset-expansion,pending_content_screen,owner_authorized_candidate,Owner-authorized download; pending automated scope and quality screening,Codex-machine-prescreen,,9223ab4660d0c10be7da890c0ad13ee346420191e9607411c9edec081bf6a02b,development_candidate; archive_file=3emzRi3gdiQ.mp4
airfryer-018,Air Fryer,"Making a restaurant quality crispy pork belly doesn't have to be complicated. In fact, you can make one that looks and sounds just like this on a budget using an air fryer. Oh, did I also mention this dish costs under $25 and feeds the whole family!?!? 😮‍💨 I loved using the Ninja Foodi Max XXXL Dual Zone 9.5L Air Fryer AF400. I was able to cook both the pork belly and veggies to perfection thanks to the double barrel dual action of this beauty. I also made a quick red wine jus using ingredients I already had at home! 🫦 Your next Sunday roast just got a wholeeee lot better (and cheaper) 😉 #NinjaKitchenAU #NinjaAF400 #NinjaAirFryer @Ninja Kitchen Australia",Internet Archive,https://archive.org/details/TikTok-7248044505042111762,jasminseats,OWNER-WRITTEN-AUTHORIZATION,,https://archive.org/details/TikTok-7248044505042111762,2026-07-22,59.4,270,480,und,"air fryer operation, maintenance, or troubleshooting",machine_candidate,owner_authorized,owner_authorized,restricted to authorization owner-confirmed-2026-07-21-dataset-expansion,pending_content_screen,owner_authorized_candidate,Owner-authorized download; pending automated scope and quality screening,Codex-machine-prescreen,,1fe3b49b5c86fbc378545a861908972abbcea7b5e16f7a064a00443120a53877,development_candidate; archive_file=7248044505042111762.ia.mp4
airfryer-019,Air Fryer,"Who doesn't love crispy and succulent pork belly? 😍 I'm excited to share part 1 of my Thịt Heo Quay in the air fryer recipe with you all! This is my parent’s quick version of the classic Vietnamese roasted pork belly, which is usually made in the oven or over a fire pit. With the air fryer, you can achieve the same crispy skin and juicy meat without the hassle of constantly turning and checking on it. 🔥 For part 1 of the recipe, we'll be preparing the pork belly by marinating it with a delicious blend of seasonings. Then, letting it marinate overnight. 🌓 Stay tuned for part 2 on how to finish the Thịt Heo Quay! 😋 👩🏼‍🍳 Full recipe on Jenhdao.com 🔎 Search “Thịt Heo Quay” #ThitHeoQuay #AirFryerRecipe #VietnameseFood #PorkBelly #crispypork #jenhdao #asianrecipes #EasyRecipes #ocfoodie #recipereels #asmreating #foodasmr #asmrfood #levelupprogram #tiktokpartner #WomenOfTikTok",Internet Archive,https://archive.org/details/TikTok-7218339788535893294,jenhdao,OWNER-WRITTEN-AUTHORIZATION,,https://archive.org/details/TikTok-7218339788535893294,2026-07-22,59.47,270,480,und,"air fryer operation, maintenance, or troubleshooting",machine_candidate,owner_authorized,owner_authorized,restricted to authorization owner-confirmed-2026-07-21-dataset-expansion,pending_content_screen,owner_authorized_candidate,Owner-authorized download; pending automated scope and quality screening,Codex-machine-prescreen,,b7987a340b2b14be2f402edef3c686af52206e9ebe905ca945f2976a1b89d5ad,development_candidate; archive_file=7218339788535893294.ia.mp4
airfryer-020,Air Fryer,How to make Air Fryer Potato Stacks with a Sardine Tapenade #wildplanet #sardines #shorts #recipe,Internet Archive,https://archive.org/details/youtube-53Kg3tKZEOA,Wild Planet Foods,OWNER-WRITTEN-AUTHORIZATION,,https://archive.org/details/youtube-53Kg3tKZEOA,2026-07-22,88.19,270,480,und,"air fryer operation, maintenance, or troubleshooting",machine_candidate,owner_authorized,owner_authorized,restricted to authorization owner-confirmed-2026-07-21-dataset-expansion,pending_content_screen,owner_authorized_candidate,Owner-authorized download; pending automated scope and quality screening,Codex-machine-prescreen,,1b6e55374c5d433e802a3a7acf4a1f80939f5617eac1bfe90f8b64bb86778637,development_candidate; archive_file=53Kg3tKZEOA.ia.mp4
airfryer-021,Air Fryer,I COOKED FOUR STEAKS WITH FOUR DIFFERENT TYPES OF HAWAIIAN 🌴 SALTS IN MY AIR FRYER,Internet Archive,https://archive.org/details/youtube-macMh9YZYjY,Alaska Prepper,OWNER-WRITTEN-AUTHORIZATION,,https://archive.org/details/youtube-macMh9YZYjY,2026-07-22,781.17,854,480,und,"air fryer operation, maintenance, or troubleshooting",machine_candidate,owner_authorized,owner_authorized,restricted to authorization owner-confirmed-2026-07-21-dataset-expansion,pending_content_screen,owner_authorized_candidate,Owner-authorized download; pending automated scope and quality screening,Codex-machine-prescreen,,36ac6aa98289a539bde6e5a073dafd563df36fa0cbc756b9c3e1554ddc434425,development_candidate; archive_file=macMh9YZYjY.mp4
airfryer-022,Air Fryer,Tina's Joyful Kitchen- Air Fryer Chicken and Veggie Crunch Salad,Internet Archive,https://archive.org/details/mmcmd-Tina_s_Joyful_Kitchen-_Air_Fryer_Chicken_and_Veggie_Crunch_Salad,Montgomery Municipal Cable - MMC-TV,OWNER-WRITTEN-AUTHORIZATION,,https://archive.org/details/mmcmd-Tina_s_Joyful_Kitchen-_Air_Fryer_Chicken_and_Veggie_Crunch_Salad,2026-07-22,1644.11,854,480,English,"air fryer operation, maintenance, or troubleshooting",machine_candidate,owner_authorized,owner_authorized,restricted to authorization owner-confirmed-2026-07-21-dataset-expansion,pending_content_screen,owner_authorized_candidate,Owner-authorized download; pending automated scope and quality screening,Codex-machine-prescreen,,640fbc7343212a90003954d779cd4d324a92020054e4a5db0ac0dfe4f5c902ce,development_candidate; archive_file=Tina_s_Joyful_Kitchen-_Air_Fryer_Chicken_and_Veggie_Crunch_Salad.mp4
airfryer-023,Air Fryer,Steak and chips cooked in an air fryer quick and easy #shorts,Internet Archive,https://archive.org/details/youtube-9lewk8Z5Htk,Chefstravels,CC-BY,https://creativecommons.org/licenses/by/3.0/,https://archive.org/details/youtube-9lewk8Z5Htk,2026-07-22,45.78,270,480,und,"air fryer operation, maintenance, or troubleshooting",machine_candidate,owner_authorized,owner_authorized,attribution required,pending_content_screen,owner_authorized_candidate,Owner-authorized download; pending automated scope and quality screening,Codex-machine-prescreen,,0a35140e0a410d50e404355a003fbbee353745e3465f89c41d79572eb4df6a16,development_candidate; archive_file=9lewk8Z5Htk.mp4
airfryer-024,Air Fryer,NuWave Brio Digital Air Fryer,Internet Archive,https://archive.org/details/youtube-NmN53yuxr-U,NuWave LLC,OWNER-WRITTEN-AUTHORIZATION,,https://archive.org/details/youtube-NmN53yuxr-U,2026-07-22,135.77,640,360,und,"air fryer operation, maintenance, or troubleshooting",machine_candidate,owner_authorized,owner_authorized,restricted to authorization owner-confirmed-2026-07-21-dataset-expansion,pending_content_screen,owner_authorized_candidate,Owner-authorized download; pending automated scope and quality screening,Codex-machine-prescreen,,7a8740df543d21984569ff68779962861d20e0fc8ae4f42567d2e58ab6880faa,development_candidate; archive_file=NuWave_Brio_Digital_Air_Fryer-NmN53yuxr-U.mp4
airfryer-025,Air Fryer,My top five air fryer recipes #food #chicken #potatoes #april #crabra...,Internet Archive,https://archive.org/details/TikTok-7487429074529307950,pearlmania500,OWNER-WRITTEN-AUTHORIZATION,,https://archive.org/details/TikTok-7487429074529307950,2026-07-22,89.33,270,480,und,"air fryer operation, maintenance, or troubleshooting",machine_candidate,owner_authorized,owner_authorized,restricted to authorization owner-confirmed-2026-07-21-dataset-expansion,pending_content_screen,owner_authorized_candidate,Owner-authorized download; pending automated scope and quality screening,Codex-machine-prescreen,,652bd372bd852e81b83c5664c4d001c10c0dd6715f55dca9e984be28d8284136,development_candidate; archive_file=7487429074529307950.ia.mp4
airfryer-026,Air Fryer,MontereyRecreation Presents: That's Good! Air Fryer Donuts Demo,Internet Archive,https://archive.org/details/monterca-MontereyRecreation_Presents_-_That_s_Good_Air_Fryer_Donuts_Demo,City of Monterey CA,OWNER-WRITTEN-AUTHORIZATION,,https://archive.org/details/monterca-MontereyRecreation_Presents_-_That_s_Good_Air_Fryer_Donuts_Demo,2026-07-22,213.51,854,480,English,"air fryer operation, maintenance, or troubleshooting",machine_candidate,owner_authorized,owner_authorized,restricted to authorization owner-confirmed-2026-07-21-dataset-expansion,pending_content_screen,owner_authorized_candidate,Owner-authorized download; pending automated scope and quality screening,Codex-machine-prescreen,,2c97ba89447c76d2f8e3923a4e16c461791bb3733eae994955229e750b6fcb27,development_candidate; archive_file=MontereyRecreation_Presents_-_That_s_Good_Air_Fryer_Donuts_Demo.mp4
airfryer-027,Air Fryer,Cooking With Bob: Air Fryer or Oven Baked Buffalo Wings?,Internet Archive,https://archive.org/details/youtube-ohiGKnzmfAY,The American Patriot,OWNER-WRITTEN-AUTHORIZATION,,https://archive.org/details/youtube-ohiGKnzmfAY,2026-07-22,283.43,854,480,und,"air fryer operation, maintenance, or troubleshooting",machine_candidate,owner_authorized,owner_authorized,restricted to authorization owner-confirmed-2026-07-21-dataset-expansion,pending_content_screen,owner_authorized_candidate,Owner-authorized download; pending automated scope and quality screening,Codex-machine-prescreen,,d19ef592cad182330f3685fa61061f1249a0fe6a401741e149ae7d0f9cce671a,development_candidate; archive_file=ohiGKnzmfAY.mp4
airfryer-028,Air Fryer,Library Kitchen: Easy Air Fryer Egg Cups,Internet Archive,https://archive.org/details/gctvva-Library_Kitchen_-_Easy_Air_Fryer_Egg_Cups,Gloucester County VA,OWNER-WRITTEN-AUTHORIZATION,,https://archive.org/details/gctvva-Library_Kitchen_-_Easy_Air_Fryer_Egg_Cups,2026-07-22,330.07,854,480,English,"air fryer operation, maintenance, or troubleshooting",machine_candidate,owner_authorized,owner_authorized,restricted to authorization owner-confirmed-2026-07-21-dataset-expansion,pending_content_screen,owner_authorized_candidate,Owner-authorized download; pending automated scope and quality screening,Codex-machine-prescreen,,6fb0942b2f92095c8c54e202e571f038dfa89083137c4d20c2ad8ee3cbd115ea,development_candidate; archive_file=Library_Kitchen_-_Easy_Air_Fryer_Egg_Cups.mp4
espresso-017,Espresso Machine,How to fix Jura A1 Model Espresso Machine,Internet Archive,https://archive.org/details/how-to-fix-jura-a1-model-espresso-machine,Archive contributor,OWNER-WRITTEN-AUTHORIZATION,,https://archive.org/details/how-to-fix-jura-a1-model-espresso-machine,2026-07-22,663.84,1920,1080,und,"espresso machine operation, maintenance, or troubleshooting",machine_candidate,owner_authorized,owner_authorized,restricted to authorization owner-confirmed-2026-07-21-dataset-expansion,pending_content_screen,owner_authorized_candidate,Owner-authorized download; pending automated scope and quality screening,Codex-machine-prescreen,,04dfe8604ca537cf1efabd8ba8565d728eafd214ba4e4ef8facfbdb861f402bd,development_candidate; archive_file=YTDown_YouTube_Media_lIR29ffd3PE_001_1080p.mp4
espresso-018,Espresso Machine,Portable espresso maker goes wherever you go,Internet Archive,https://archive.org/details/youtube-llFWIu51xb8,Insider,OWNER-WRITTEN-AUTHORIZATION,,https://archive.org/details/youtube-llFWIu51xb8,2026-07-22,93.52,854,480,und,"espresso machine operation, maintenance, or troubleshooting",machine_candidate,owner_authorized,owner_authorized,restricted to authorization owner-confirmed-2026-07-21-dataset-expansion,pending_content_screen,owner_authorized_candidate,Owner-authorized download; pending automated scope and quality screening,Codex-machine-prescreen,,a1be173e9a82f128c4831b6b26114cac44e9dc08b95a25fab62a7714f9f1d3af,development_candidate; archive_file=llFWIu51xb8.mp4
espresso-019,Espresso Machine,Saeco espresso machine,Internet Archive,https://archive.org/details/SaecoEspressoMachine_201708,Archive contributor,OWNER-WRITTEN-AUTHORIZATION,,https://archive.org/details/SaecoEspressoMachine_201708,2026-07-22,60.56,1280,720,und,"espresso machine operation, maintenance, or troubleshooting",machine_candidate,owner_authorized,owner_authorized,restricted to authorization owner-confirmed-2026-07-21-dataset-expansion,pending_content_screen,owner_authorized_candidate,Owner-authorized download; pending automated scope and quality screening,Codex-machine-prescreen,,e3c9a00db16d8c668665b93f2c09ce18ccf3f522d348931ebf0e3faac66849f5,development_candidate; archive_file=saeco espresso machine.mp4
espresso-020,Espresso Machine,Saeco Espresso Machine,Internet Archive,https://archive.org/details/Anthonysespresso.comSaecoEspressoMachine,Archive contributor,OWNER-WRITTEN-AUTHORIZATION,,https://archive.org/details/Anthonysespresso.comSaecoEspressoMachine,2026-07-22,63.66,1280,720,und,"espresso machine operation, maintenance, or troubleshooting",machine_candidate,owner_authorized,owner_authorized,restricted to authorization owner-confirmed-2026-07-21-dataset-expansion,pending_content_screen,owner_authorized_candidate,Owner-authorized download; pending automated scope and quality screening,Codex-machine-prescreen,,39cb87ed0fb277cd25f584420789891ed1e4a31ecfdb36f842865621010afb21,development_candidate; archive_file=anthonysespresso.com - Saeco espresso machine.mp4
espresso-021,Espresso Machine,Original Espresso Machine Co. Espresso Machine Training DVD!,Internet Archive,https://archive.org/details/original-espresso-machine-co.-espresso-machine-training-dvd,Grayson Millar,OWNER-WRITTEN-AUTHORIZATION,,https://archive.org/details/original-espresso-machine-co.-espresso-machine-training-dvd,2026-07-22,95.02,1280,720,und,"espresso machine operation, maintenance, or troubleshooting",machine_candidate,owner_authorized,owner_authorized,restricted to authorization owner-confirmed-2026-07-21-dataset-expansion,pending_content_screen,owner_authorized_candidate,Owner-authorized download; pending automated scope and quality screening,Codex-machine-prescreen,,6fa0e36cab249c58a85043ef2c3add5ee94c422392eb7debcf7cf4665694da24,development_candidate; archive_file=yt5s.com-Original Espresso Machine Co. Espresso Machine Training DVD!.mp4
espresso-022,Espresso Machine,TG Caption ➤ The Espresso Machine,Internet Archive,https://archive.org/details/youtube-0PxxapU0nu4,ZaynTG,OWNER-WRITTEN-AUTHORIZATION,,https://archive.org/details/youtube-0PxxapU0nu4,2026-07-22,430.08,852,480,und,"espresso machine operation, maintenance, or troubleshooting",machine_candidate,owner_authorized,owner_authorized,restricted to authorization owner-confirmed-2026-07-21-dataset-expansion,pending_content_screen,owner_authorized_candidate,Owner-authorized download; pending automated scope and quality screening,Codex-machine-prescreen,,9e094900853e04cbd7075b239295399d7c33409b7ae3e336be7ca08d7bbeae7f,development_candidate; archive_file=0PxxapU0nu4.mp4
espresso-023,Espresso Machine,Starbucks Barista Home Espresso Machine,Internet Archive,https://archive.org/details/StarbucksBaristaHomeEspresso,Starbucks Coffee Company,OWNER-WRITTEN-AUTHORIZATION,,https://archive.org/details/StarbucksBaristaHomeEspresso,2026-07-22,1443.44,640,480,eng eng,"espresso machine operation, maintenance, or troubleshooting",machine_candidate,owner_authorized,owner_authorized,restricted to authorization owner-confirmed-2026-07-21-dataset-expansion,pending_content_screen,owner_authorized_candidate,Owner-authorized download; pending automated scope and quality screening,Codex-machine-prescreen,,e34061684fc6953819ae65a1c1c8dfbb83203515b7bba9b73740d3a446199a35,development_candidate; archive_file=Starbucks Barista Home Espresso Machine.mp4
espresso-024,Espresso Machine,"Todays Author featuring Andrew Botieri, Author of The Magical Espresso Machine",Internet Archive,https://archive.org/details/Todays_Author_featuring_Andrew_Botieri_Author_of_The_Magical_Espresso_Machine,WHCA9TV,OWNER-WRITTEN-AUTHORIZATION,,https://archive.org/details/Todays_Author_featuring_Andrew_Botieri_Author_of_The_Magical_Espresso_Machine,2026-07-22,1720.46,854,480,English,"espresso machine operation, maintenance, or troubleshooting",machine_candidate,owner_authorized,owner_authorized,restricted to authorization owner-confirmed-2026-07-21-dataset-expansion,pending_content_screen,owner_authorized_candidate,Owner-authorized download; pending automated scope and quality screening,Codex-machine-prescreen,,29d8d811186753e42da49de1054133c7c500688314434223dc570b305be1d0e7,development_candidate; archive_file=Todays_Author_featuring_Andrew_Botieri_Author_of_The_Magical_Espresso_Machine.mp4
pressure-032,Pressure Cooker,Making a Beef Stew using a Pressure Cooker,Internet Archive,https://archive.org/details/scm-214736-usingapressurecooker,J Nelson,CC-BY-SA,https://creativecommons.org/licenses/by-sa/4.0/,https://archive.org/details/scm-214736-usingapressurecooker,2026-07-22,1679.26,640,480,eng,pressure cooker beef stew,machine_candidate,owner_authorized,owner_authorized,share-alike attribution required,pending_content_screen,owner_authorized_candidate,Owner-authorized download; pending automated scope and quality screening,Codex-machine-prescreen,,67bf0e3e67a47e833652c82ccef3a18b5857c112a29c04c81f78cc2271b25a91,source_disjoint_test_candidate; archive_file=spiritofcooking_13_02_19.mp4
pressure-033,Pressure Cooker,Pressure Cooking is Easy as 1 - 2 -3 with Fagor Pressure Cookers,Internet Archive,https://archive.org/details/fagor-pressure-cooker,Fagor,OWNER-WRITTEN-AUTHORIZATION,,https://archive.org/details/fagor-pressure-cooker,2026-07-22,939.7,640,480,eng,pressure cooker setup and operation,machine_candidate,owner_authorized,owner_authorized,restricted to authorization owner-confirmed-2026-07-21-dataset-expansion,pending_content_screen,owner_authorized_candidate,Owner-authorized download; pending automated scope and quality screening,Codex-machine-prescreen,,82b0b03bbd100b164d99059f208450df8f8e3641542e1668ddc8da1cb4472e3d,source_disjoint_test_candidate; archive_file=Fagor Pressure Cooker.mp4
pressure-034,Pressure Cooker,Pressure Cooking Is As Easy As 1-2-3 With Fagor,Internet Archive,https://archive.org/details/pressure-cooking-is-as-easy-as-1-2-3-with-fagor-00s-90s-instructional-vhs,Archive contributor,OWNER-WRITTEN-AUTHORIZATION,,https://archive.org/details/pressure-cooking-is-as-easy-as-1-2-3-with-fagor-00s-90s-instructional-vhs,2026-07-22,891.62,654,480,und,pressure cooker instruction,machine_candidate,owner_authorized,owner_authorized,restricted to authorization owner-confirmed-2026-07-21-dataset-expansion,pending_content_screen,owner_authorized_candidate,Owner-authorized download; pending automated scope and quality screening,Codex-machine-prescreen,,1f30b29434a169971801b799a0f3135a7e37f47fa2b4a322172cf3625a9bfe71,development_candidate; archive_file=Pressure Cooking Is As Easy As 1-2-3 With FAGOR (00s 90s Instructional VHS).mp4
pressure-006,Pressure Cooker,Multi Function Pressure Cooker,Internet Archive,https://archive.org/details/multi-function-pressure-cooker,archive-uploader:c49624e52612d103,OWNER-WRITTEN-AUTHORIZATION,,https://archive.org/details/multi-function-pressure-cooker,2026-07-21,59.93,480,276,und,multifunction pressure cooker operation,machine_candidate,owner_authorized,owner_authorized,restricted to authorization owner-confirmed-2026-07-21-dataset-expansion,pending_content_screen,owner_authorized_candidate,Owner-authorized download; pending automated scope and quality screening,Codex-machine-prescreen,,10589727dbc1c36db2bf46976ee21269c8c85c7300888fce00df6a2680214cf9,development_candidate; archive_file=Multi Function Pressure Cooker.mp4
pressure-035,Pressure Cooker,Cooking in a Pressure Cooker,Internet Archive,https://archive.org/details/youtube-PgKX9HVdKiU,thenewsurvivalist,OWNER-WRITTEN-AUTHORIZATION,,https://archive.org/details/youtube-PgKX9HVdKiU,2026-07-22,547.25,854,480,und,pressure cooker cooking procedure,machine_candidate,owner_authorized,owner_authorized,restricted to authorization owner-confirmed-2026-07-21-dataset-expansion,pending_content_screen,owner_authorized_candidate,Owner-authorized download; pending automated scope and quality screening,Codex-machine-prescreen,,3f8c4b82657e5966abb66119fb354b016509e88dad9c061d61e3780286bb5758,development_candidate; archive_file=PgKX9HVdKiU.mp4
pressure-036,Pressure Cooker,Simfonio Simpot Pressure Cooker Review,Internet Archive,https://archive.org/details/youtube-CZ7moF9ZvlA,Dave Hales,OWNER-WRITTEN-AUTHORIZATION,,https://archive.org/details/youtube-CZ7moF9ZvlA,2026-07-22,351.61,854,480,und,pressure cooker review and controls,machine_candidate,owner_authorized,owner_authorized,restricted to authorization owner-confirmed-2026-07-21-dataset-expansion,pending_content_screen,owner_authorized_candidate,Owner-authorized download; pending automated scope and quality screening,Codex-machine-prescreen,,7998ce338113cbc2bb159748e9666cc214d77d31e3c5b6aa82e50698e3e04653,development_candidate; archive_file=CZ7moF9ZvlA.mp4
pressure-009,Pressure Cooker,Best Pressure Cooker By Decent Cookware – Built For Everyday Indian Kitchens,Internet Archive,https://archive.org/details/best-pressure-cooker-by-decent-cookware-built-for-everyday-indian-kitchens,archive-uploader:1af819a0f906bbdd,OWNER-WRITTEN-AUTHORIZATION,,https://archive.org/details/best-pressure-cooker-by-decent-cookware-built-for-everyday-indian-kitchens,2026-07-21,27.14,720,1280,und,pressure cooker components and use,machine_candidate,owner_authorized,owner_authorized,restricted to authorization owner-confirmed-2026-07-21-dataset-expansion,pending_content_screen,owner_authorized_candidate,Owner-authorized download; pending automated scope and quality screening,Codex-machine-prescreen,,22db72ec5f1aa7e25feed343962d8521a3dbb7ae9d01e6eb361363e5baa2f894,development_candidate; archive_file=Best Pressure Cooker by Decent Cookware – Built for Everyday Indian Kitchens.mp4
pressure-010,Pressure Cooker,Instant Pot. Group C,Internet Archive,https://archive.org/details/mctvscia-Instant_Pot._Group_C,MCTVSC,OWNER-WRITTEN-AUTHORIZATION,,https://archive.org/details/mctvscia-Instant_Pot._Group_C,2026-07-22,251.12,854,480,English,electric pressure cooker group demonstration,machine_candidate,owner_authorized,owner_authorized,restricted to authorization owner-confirmed-2026-07-21-dataset-expansion,pending_content_screen,owner_authorized_candidate,Owner-authorized download; pending automated scope and quality screening,Codex-machine-prescreen,,41d0990e12aae28db4f788786354e068c25745f7ee423709ae5bae656c280e37,development_candidate; archive_file=Instant_Pot._Group_C.mp4
pressure-011,Pressure Cooker,Pulled Pork Instant Pot I Simply Cooking Demo,Internet Archive,https://archive.org/details/hcctvmd-Pulled_Pork_Instant_Pot_I_Simply_Cooking_Demo,Howard Community College,OWNER-WRITTEN-AUTHORIZATION,,https://archive.org/details/hcctvmd-Pulled_Pork_Instant_Pot_I_Simply_Cooking_Demo,2026-07-22,316.84,854,480,English,electric pressure cooker cooking,machine_candidate,owner_authorized,owner_authorized,restricted to authorization owner-confirmed-2026-07-21-dataset-expansion,pending_content_screen,owner_authorized_candidate,Owner-authorized download; pending automated scope and quality screening,Codex-machine-prescreen,,3438b34413088260074ad5e5e90113a4ece35296a2c00c4e7ff3e50b2279512e,development_candidate; archive_file=Pulled_Pork_Instant_Pot_I_Simply_Cooking_Demo.mp4
pressure-012,Pressure Cooker,Instant Pot Teriyaki Chicken,Internet Archive,https://archive.org/details/instant-pot-teriyaki-chicken,archive-uploader:bcfa1535c009bc97,OWNER-WRITTEN-AUTHORIZATION,,https://archive.org/details/instant-pot-teriyaki-chicken,2026-07-22,115.57,1280,720,und,electric pressure cooker cooking,machine_candidate,owner_authorized,owner_authorized,restricted to authorization owner-confirmed-2026-07-21-dataset-expansion,pending_content_screen,owner_authorized_candidate,Owner-authorized download; pending automated scope and quality screening,Codex-machine-prescreen,,bb1b50eabb76f1cf4a88adf9c7bde4aef1867a3f7cd55c9f6816ed3f12e9063c,development_candidate; archive_file=Instant Pot Teriyaki Chicken.mp4
pressure-037,Pressure Cooker,"The Instant Pot is a slow cooker, pressure cooker, and steamer, all in one",Internet Archive,https://archive.org/details/youtube-N-DG_bleUlg,Insider,OWNER-WRITTEN-AUTHORIZATION,,https://archive.org/details/youtube-N-DG_bleUlg,2026-07-22,99.44,854,480,und,electric pressure cooker functions,machine_candidate,owner_authorized,owner_authorized,restricted to authorization owner-confirmed-2026-07-21-dataset-expansion,pending_content_screen,owner_authorized_candidate,Owner-authorized download; pending automated scope and quality screening,Codex-machine-prescreen,,8c7a77e83ae69aa440953004cc0d48148b0732744778bc6f760f179133896719,development_candidate; archive_file=N-DG_bleUlg.mp4
pressure-038,Pressure Cooker,$79 Pressure Cooker Review - Cosori vs Instant Pot,Internet Archive,https://archive.org/details/youtube-8A_9ze1CNh8,Dave Hales,OWNER-WRITTEN-AUTHORIZATION,,https://archive.org/details/youtube-8A_9ze1CNh8,2026-07-22,602.69,854,480,und,electric pressure cooker comparison,machine_candidate,owner_authorized,owner_authorized,restricted to authorization owner-confirmed-2026-07-21-dataset-expansion,pending_content_screen,owner_authorized_candidate,Owner-authorized download; pending automated scope and quality screening,Codex-machine-prescreen,,19f34854192fcf4ba5ddb17741db2347c1dffe764643f4b32a5aafb7b024acb0,development_candidate; archive_file=8A_9ze1CNh8.mp4
pressure-017,Pressure Cooker,Pressure Cooking,Internet Archive,https://archive.org/details/pressure-cooking,Kaden Dixon,CC0-1.0,https://creativecommons.org/publicdomain/zero/1.0/,https://archive.org/details/pressure-cooking,2026-07-22,158.85,1280,720,eng,pressure cooking tutorial,machine_candidate,owner_authorized,owner_authorized,redistribution allowed,pending_content_screen,owner_authorized_candidate,Owner-authorized download; pending automated scope and quality screening,Codex-machine-prescreen,,f88a086892b374ea9f34c1f1249553682ff130dc08bdc3bea09a22c4d97a8d30,development_candidate; archive_file=Pressure Cooking.mp4
pressure-039,Pressure Cooker,Jill Nussinow: Fearless Fast & Easy Vegan Pressure Cooking,Internet Archive,https://archive.org/details/wvf09_14-Jill_Nussinow,San Francisco Vegetarian Society,OWNER-WRITTEN-AUTHORIZATION,,https://archive.org/details/wvf09_14-Jill_Nussinow,2026-07-22,4144.65,320,240,und,pressure cooking demonstration,machine_candidate,owner_authorized,owner_authorized,restricted to authorization owner-confirmed-2026-07-21-dataset-expansion,pending_content_screen,owner_authorized_candidate,Owner-authorized download; pending automated scope and quality screening,Codex-machine-prescreen,,06435e0d487264f211250a7cc55289312753e64116a201d06c83b303220251df,development_candidate; archive_file=wvf09_14-Jill_Nussinow_512kb.mp4
pressure-040,Pressure Cooker,Making Butternut Pumpkin Soup with Stacey Springer,Internet Archive,https://archive.org/details/prkcitut-Making_Butternut_Pumpkin_Soup_with_Stacey_Springer,Park City Television,OWNER-WRITTEN-AUTHORIZATION,,https://archive.org/details/prkcitut-Making_Butternut_Pumpkin_Soup_with_Stacey_Springer,2026-07-22,668.22,854,480,English,pressure cooker soup preparation,machine_candidate,owner_authorized,owner_authorized,restricted to authorization owner-confirmed-2026-07-21-dataset-expansion,pending_content_screen,owner_authorized_candidate,Owner-authorized download; pending automated scope and quality screening,Codex-machine-prescreen,,3efc6a77727ef36c06c90875d0bcfcf5ef4643fac23f339d7bc7e8d635b2f8c6,development_candidate; archive_file=Making_Butternut_Pumpkin_Soup_with_Stacey_Springer.mp4
pressure-020,Pressure Cooker,How to make Basmati Rice in a Pressure Cooker,Internet Archive,https://archive.org/details/youtube-VrwddG6c1qA,Dave Hales,OWNER-WRITTEN-AUTHORIZATION,,https://archive.org/details/youtube-VrwddG6c1qA,2026-07-22,245.4,854,480,und,"pressure cooker operation, maintenance, or troubleshooting",machine_candidate,owner_authorized,owner_authorized,restricted to authorization owner-confirmed-2026-07-21-dataset-expansion,pending_content_screen,owner_authorized_candidate,Owner-authorized download; pending automated scope and quality screening,Codex-machine-prescreen,,7ef5e22eb6da5d93cc1fe44bc643bcb828de57882dcdf5498f409b2d45b8cf1e,development_candidate; archive_file=VrwddG6c1qA.mp4
pressure-021,Pressure Cooker,"Mossad Commentary - Tulkarm: Israeli forces carry out a ""pressure cooker"" on a house with a wanted terrorist. instead of a heavy exchange of fire, the forces fired a missile at the building. Awesome #1",Internet Archive,https://archive.org/details/twitter-1755242227071119572,Mossad Commentary,OWNER-WRITTEN-AUTHORIZATION,,https://archive.org/details/twitter-1755242227071119572,2026-07-22,18.32,480,848,und,"pressure cooker operation, maintenance, or troubleshooting",machine_candidate,owner_authorized,owner_authorized,restricted to authorization owner-confirmed-2026-07-21-dataset-expansion,pending_content_screen,owner_authorized_candidate,Owner-authorized download; pending automated scope and quality screening,Codex-machine-prescreen,,467c9faecedabd1f9e4d48e20254dbf6c56049cd970b42e329229187d70fa357,development_candidate; archive_file=1755242198012977152.mp4
pressure-022,Pressure Cooker,Cook Faster With The Best Pressure Cooker By Decent Cookware,Internet Archive,https://archive.org/details/cook-faster-with-the-best-pressure-cooker-by-decent-cookware,Archive contributor,OWNER-WRITTEN-AUTHORIZATION,,https://archive.org/details/cook-faster-with-the-best-pressure-cooker-by-decent-cookware,2026-07-22,28.61,720,1280,und,"pressure cooker operation, maintenance, or troubleshooting",machine_candidate,owner_authorized,owner_authorized,restricted to authorization owner-confirmed-2026-07-21-dataset-expansion,pending_content_screen,owner_authorized_candidate,Owner-authorized download; pending automated scope and quality screening,Codex-machine-prescreen,,8078c0cd85f46967b8597e89514b0cbd88e2486074631b7be67d1ac7a323a1b5,development_candidate; archive_file=Cook Faster with the Best Pressure Cooker by Decent Cookware.mp4
pressure-023,Pressure Cooker,"Amazon.com Mealthy Multi Pot 9 In 1 Programmable Pressure Cooker 6 Quarts With Stainless Steel Pot, Steamer Basket, Instant Access To Recipe App. Pressure Cook, Slow Cook, Sauté, Rice Cooker, Yogurt, Steam Kitchen & Dini",Internet Archive,https://archive.org/details/Amazon.comMealthyMultiPot9In1ProgrammablePressureCooker6QuartsWithStainlessSteel,Archive contributor,OWNER-WRITTEN-AUTHORIZATION,,https://archive.org/details/Amazon.comMealthyMultiPot9In1ProgrammablePressureCooker6QuartsWithStainlessSteel,2026-07-22,99.84,640,360,und,"pressure cooker operation, maintenance, or troubleshooting",machine_candidate,owner_authorized,owner_authorized,restricted to authorization owner-confirmed-2026-07-21-dataset-expansion,pending_content_screen,owner_authorized_candidate,Owner-authorized download; pending automated scope and quality screening,Codex-machine-prescreen,,ec4d2a592332b6560facc6583f3df09682974fda9b7a47a6c397c75bf4e3678a,"development_candidate; archive_file=Amazon.com- Mealthy MultiPot 9-in-1 Programmable Pressure Cooker 6 Quarts with Stainless Steel Pot, Steamer Basket, instant access to recipe app. Pressure cook, slow cook, sauté, rice cooker, yogurt, steam- Kitchen & Dini.mp4"
pressure-024,Pressure Cooker,Family: Pressure Cooker Of The 90s (Gary Colville) | Hosanna Porirua,Internet Archive,https://archive.org/details/19940508am-family-pressure-hosanna,Contagious Media,OWNER-WRITTEN-AUTHORIZATION,,https://archive.org/details/19940508am-family-pressure-hosanna,2026-07-22,84.52,640,480,eng,"pressure cooker operation, maintenance, or troubleshooting",machine_candidate,owner_authorized,owner_authorized,restricted to authorization owner-confirmed-2026-07-21-dataset-expansion,pending_content_screen,owner_authorized_candidate,Owner-authorized download; pending automated scope and quality screening,Codex-machine-prescreen,,826874204d3e2fb7f7af0f47676b1813f93a5d23607910e0c93f304ef20b9ea0,development_candidate; archive_file=19940508 Family Pressure.mp4
pressure-025,Pressure Cooker,Pressure Cooker Operation on a Prostitute's Home,Internet Archive,https://archive.org/details/youtube-NYZD_FxjwEw,Breaking the Silence / שוברים שתיקה,OWNER-WRITTEN-AUTHORIZATION,,https://archive.org/details/youtube-NYZD_FxjwEw,2026-07-22,96.43,854,480,und,"pressure cooker operation, maintenance, or troubleshooting",machine_candidate,owner_authorized,owner_authorized,restricted to authorization owner-confirmed-2026-07-21-dataset-expansion,pending_content_screen,owner_authorized_candidate,Owner-authorized download; pending automated scope and quality screening,Codex-machine-prescreen,,48c1e0c9fcc026b4613035cffb585aaa41a2e5673da2e1ed650025da8c5fbd1f,development_candidate; archive_file=NYZD_FxjwEw.mp4
pressure-026,Pressure Cooker,Diary Of An Arcade Employee Vidcast 05 (Atari's Pressure Cooker),Internet Archive,https://archive.org/details/DiaryOfAnArcadeEmployeeVidcast05PressureCooker,Vic Sage,OWNER-WRITTEN-AUTHORIZATION,,https://archive.org/details/DiaryOfAnArcadeEmployeeVidcast05PressureCooker,2026-07-22,372.24,640,480,und,"pressure cooker operation, maintenance, or troubleshooting",machine_candidate,owner_authorized,owner_authorized,restricted to authorization owner-confirmed-2026-07-21-dataset-expansion,pending_content_screen,owner_authorized_candidate,Owner-authorized download; pending automated scope and quality screening,Codex-machine-prescreen,,d6a867f10f4c8c8dae2d9c2ac22eb10d00bd3f01efece99b54f8e6dfaf2ff2df,development_candidate; archive_file=Diary-of-an-arcade-employee-vidcast-05-pressure-cooker.mp4
pressure-027,Pressure Cooker,Pressure cooker keto chili,Internet Archive,https://archive.org/details/youtube-ymo46Al_M60,WTVR CBS 6,OWNER-WRITTEN-AUTHORIZATION,,https://archive.org/details/youtube-ymo46Al_M60,2026-07-22,500.22,854,480,und,"pressure cooker operation, maintenance, or troubleshooting",machine_candidate,owner_authorized,owner_authorized,restricted to authorization owner-confirmed-2026-07-21-dataset-expansion,pending_content_screen,owner_authorized_candidate,Owner-authorized download; pending automated scope and quality screening,Codex-machine-prescreen,,f24252f60bd7ce044f3e60d7dc58f1c9d1889e7da3f4071849ad6e77efa008d1,development_candidate; archive_file=ymo46Al_M60.mp4
pressure-028,Pressure Cooker,Instant Pot Risotto with Shrimp - Shrewsbury Community Cookbook,Internet Archive,https://archive.org/details/Instant_Pot_Risotto_with_Shrimp_-_Shrewsbury_Community_Cookbook,SMC,OWNER-WRITTEN-AUTHORIZATION,,https://archive.org/details/Instant_Pot_Risotto_with_Shrimp_-_Shrewsbury_Community_Cookbook,2026-07-22,722.44,853,480,English,"pressure cooker operation, maintenance, or troubleshooting",machine_candidate,owner_authorized,owner_authorized,restricted to authorization owner-confirmed-2026-07-21-dataset-expansion,pending_content_screen,owner_authorized_candidate,Owner-authorized download; pending automated scope and quality screening,Codex-machine-prescreen,,88815eda4cba0ec139374069cc78fbe08ef2572c754049cf73121167e1fa06b6,development_candidate; archive_file=Instant_Pot_Risotto_with_Shrimp_-_Shrewsbury_Community_Cookbook.mp4
pressure-029,Pressure Cooker,Cheap and Easy - Instant Pot Whole Chicken - Cooking Made Easy with June,Internet Archive,https://archive.org/details/sf17ut-Cheap_and_Easy_-_Instant_Pot_Whole_Chicken_Cooking_Made_Easy_with_June,Spanish Fork Channel 17,OWNER-WRITTEN-AUTHORIZATION,,https://archive.org/details/sf17ut-Cheap_and_Easy_-_Instant_Pot_Whole_Chicken_Cooking_Made_Easy_with_June,2026-07-22,1409.08,854,480,English,"pressure cooker operation, maintenance, or troubleshooting",machine_candidate,owner_authorized,owner_authorized,restricted to authorization owner-confirmed-2026-07-21-dataset-expansion,pending_content_screen,owner_authorized_candidate,Owner-authorized download; pending automated scope and quality screening,Codex-machine-prescreen,,5d9f2e22564c0b3aac9e649433ad7a7233dc5bccb89dd37baeb64b0ed758903b,development_candidate; archive_file=Cheap_and_Easy_-_Instant_Pot_Whole_Chicken_Cooking_Made_Easy_with_June.mp4
pressure-030,Pressure Cooker,Geek Robocook Electric Pressure Cooker,Internet Archive,https://archive.org/details/robocook-pdf,Archive contributor,OWNER-WRITTEN-AUTHORIZATION,,https://archive.org/details/robocook-pdf,2026-07-22,30,1024,576,und,"pressure cooker operation, maintenance, or troubleshooting",machine_candidate,owner_authorized,owner_authorized,restricted to authorization owner-confirmed-2026-07-21-dataset-expansion,pending_content_screen,owner_authorized_candidate,Owner-authorized download; pending automated scope and quality screening,Codex-machine-prescreen,,a18c532a727e89be3ba3ba3af39b623bc2f4cfdb82cc4b2864207a190d2ebbb0,development_candidate; archive_file=robocook pdf.ia.mp4
pressure-031,Pressure Cooker,"Cook More, Effortlessly With The Big Pressure Cooker By Decent Cookware",Internet Archive,https://archive.org/details/cook-more-effortlessly-with-the-big-pressure-cooker-by-decent-cookware,Archive contributor,OWNER-WRITTEN-AUTHORIZATION,,https://archive.org/details/cook-more-effortlessly-with-the-big-pressure-cooker-by-decent-cookware,2026-07-22,39.53,720,1280,und,"pressure cooker operation, maintenance, or troubleshooting",machine_candidate,owner_authorized,owner_authorized,restricted to authorization owner-confirmed-2026-07-21-dataset-expansion,pending_content_screen,owner_authorized_candidate,Owner-authorized download; pending automated scope and quality screening,Codex-machine-prescreen,,19c56ee67b3f63c292a2236fcb841f0f5812949f7902aec6b271055ecbcbb51b,"development_candidate; archive_file=Cook More, Effortlessly with the Big Pressure Cooker by Decent Cookware.mp4"
printer-011,Printer,Setup Your HP Printer Model 3830 | Printer setup,Internet Archive,https://archive.org/details/hp-3830-printer-setup-hp-printer-setup-support,Archive contributor,OWNER-WRITTEN-AUTHORIZATION,,https://archive.org/details/hp-3830-printer-setup-hp-printer-setup-support,2026-07-22,368.85,1280,720,und,"paper printer setup, operation, maintenance, or troubleshooting",machine_candidate,owner_authorized,owner_authorized,restricted to authorization owner-confirmed-2026-07-21-dataset-expansion,pending_content_screen,owner_authorized_candidate,Owner-authorized download; pending automated scope and quality screening,Codex-machine-prescreen,,be4aad5d2a906a0b81157435072e2ff1c857758da3ad66f81469d407f9d2d726,development_candidate; archive_file=HP 3830 Printer Setup _ HP Printer Setup Support.mp4
printer-012,Printer,HP Wireless Printer Setup Mac - HP Deskjet 3050 & Others,Internet Archive,https://archive.org/details/dailymotion-xq2rmt,docrock808,OWNER-WRITTEN-AUTHORIZATION,,https://archive.org/details/dailymotion-xq2rmt,2026-07-22,334.84,512,288,und,"paper printer setup, operation, maintenance, or troubleshooting",machine_candidate,owner_authorized,owner_authorized,restricted to authorization owner-confirmed-2026-07-21-dataset-expansion,pending_content_screen,owner_authorized_candidate,Owner-authorized download; pending automated scope and quality screening,Codex-machine-prescreen,,5087103583ade6103106524392dc3979c70168ae0ca60c24e4c8b20c5459e742,development_candidate; archive_file=xq2rmt.mp4
printer-013,Printer,How to Print ABS on an OPEN Printer - Warping Tips,Internet Archive,https://archive.org/details/youtube-eEOaA76WR0Q,The 3D Print General,OWNER-WRITTEN-AUTHORIZATION,,https://archive.org/details/youtube-eEOaA76WR0Q,2026-07-22,937.9,854,480,und,"paper printer setup, operation, maintenance, or troubleshooting",machine_candidate,owner_authorized,owner_authorized,restricted to authorization owner-confirmed-2026-07-21-dataset-expansion,pending_content_screen,owner_authorized_candidate,Owner-authorized download; pending automated scope and quality screening,Codex-machine-prescreen,,dc79edf19c82a04f933cb2a3b1c027faa645501a6d06f94a06d16feb4f7dac76,development_candidate; archive_file=eEOaA76WR0Q.mp4
printer-014,Printer,hp printer cartridge cleaning | How to clean hp printer cartridge | hp printer cartridge | in Hindi,Internet Archive,https://archive.org/details/youtube-mpo00dO4YFw,Techno Star,OWNER-WRITTEN-AUTHORIZATION,,https://archive.org/details/youtube-mpo00dO4YFw,2026-07-22,1218.73,854,480,und,"paper printer setup, operation, maintenance, or troubleshooting",machine_candidate,owner_authorized,owner_authorized,restricted to authorization owner-confirmed-2026-07-21-dataset-expansion,pending_content_screen,owner_authorized_candidate,Owner-authorized download; pending automated scope and quality screening,Codex-machine-prescreen,,37d4b0812de3a10893886a1d93500a0db809e793086f81dfbd9e904e9286aa5b,development_candidate; archive_file=mpo00dO4YFw.mp4
printer-015,Printer,How to install label paper in QIRUI QR-368bt AIYIN BY-368BT A70pro printer?,Internet Archive,https://archive.org/details/youtube-dba8fp-8Z2o,BEEPRT Printer,OWNER-WRITTEN-AUTHORIZATION,,https://archive.org/details/youtube-dba8fp-8Z2o,2026-07-22,20.08,270,480,und,"paper printer setup, operation, maintenance, or troubleshooting",machine_candidate,owner_authorized,owner_authorized,restricted to authorization owner-confirmed-2026-07-21-dataset-expansion,pending_content_screen,owner_authorized_candidate,Owner-authorized download; pending automated scope and quality screening,Codex-machine-prescreen,,014c9405c818c7a12b48b6e16de8fb6e378d64bbea098bccc7e66f7c6d46247a,development_candidate; archive_file=dba8fp-8Z2o.mp4
printer-017,Printer,Step by Step Guide to Fix Paper Jam in Printer,Internet Archive,https://archive.org/details/fix-paper-jam-in-printer,Archive contributor,OWNER-WRITTEN-AUTHORIZATION,,https://archive.org/details/fix-paper-jam-in-printer,2026-07-22,50,1920,1080,eng,"paper printer setup, operation, maintenance, or troubleshooting",machine_candidate,owner_authorized,owner_authorized,restricted to authorization owner-confirmed-2026-07-21-dataset-expansion,pending_content_screen,owner_authorized_candidate,Owner-authorized download; pending automated scope and quality screening,Codex-machine-prescreen,,7c6a6317d46b723d1c1c0b4d0c80c8e58a5f7dabdba5abe77f9e1bf149903c03,development_candidate; archive_file=fix paper jam in printer.mp4
printer-018,Printer,Learn How To connect Printer To WiFi With Ease,Internet Archive,https://archive.org/details/learn-how-to-connect-printer-to-wifi-with-ease,Printer IT Support,OWNER-WRITTEN-AUTHORIZATION,,https://archive.org/details/learn-how-to-connect-printer-to-wifi-with-ease,2026-07-22,35,1920,1080,eng,"paper printer setup, operation, maintenance, or troubleshooting",machine_candidate,owner_authorized,owner_authorized,restricted to authorization owner-confirmed-2026-07-21-dataset-expansion,pending_content_screen,owner_authorized_candidate,Owner-authorized download; pending automated scope and quality screening,Codex-machine-prescreen,,f2ab8877b8bc353098ed0427a94923ce70eb2c302e52433f5f8f27a9ad7280d1,development_candidate; archive_file=Printer IT Support.ia.mp4
printer-019,Printer,How to Download and Install a Printer Driver,Internet Archive,https://archive.org/details/youtube-Qmkg1tA0BBI,Samsung Tomorrow,OWNER-WRITTEN-AUTHORIZATION,,https://archive.org/details/youtube-Qmkg1tA0BBI,2026-07-22,162.68,640,360,und,"paper printer setup, operation, maintenance, or troubleshooting",machine_candidate,owner_authorized,owner_authorized,restricted to authorization owner-confirmed-2026-07-21-dataset-expansion,pending_content_screen,owner_authorized_candidate,Owner-authorized download; pending automated scope and quality screening,Codex-machine-prescreen,,f5f277bd6bec02aa66a831d57d10a07db6c8254635d04cdbf2dcaebc75555f97,development_candidate; archive_file=Qmkg1tA0BBI.mp4
printer-020,Printer,How to Fix (Reset) Canon Printer Error Code 5B00,Internet Archive,https://archive.org/details/youtube-2wo_suktXOE,yelnats,OWNER-WRITTEN-AUTHORIZATION,,https://archive.org/details/youtube-2wo_suktXOE,2026-07-22,110.33,854,480,und,"paper printer setup, operation, maintenance, or troubleshooting",machine_candidate,owner_authorized,owner_authorized,restricted to authorization owner-confirmed-2026-07-21-dataset-expansion,pending_content_screen,owner_authorized_candidate,Owner-authorized download; pending automated scope and quality screening,Codex-machine-prescreen,,4f939afe9269c8786c8e8271bf64c70ee6a282249f286e7f22f25ba436916676,development_candidate; archive_file=2wo_suktXOE.mp4
printer-021,Printer,Canon Printer E03 OR P03 error problem solve 100 % || Canon Printer Paper Jam Error Problem fix,Internet Archive,https://archive.org/details/youtube-7_cXhCq-qeQ,Surajit Printer Point,OWNER-WRITTEN-AUTHORIZATION,,https://archive.org/details/youtube-7_cXhCq-qeQ,2026-07-22,259.52,910,480,und,"paper printer setup, operation, maintenance, or troubleshooting",machine_candidate,owner_authorized,owner_authorized,restricted to authorization owner-confirmed-2026-07-21-dataset-expansion,pending_content_screen,owner_authorized_candidate,Owner-authorized download; pending automated scope and quality screening,Codex-machine-prescreen,,c624ea68a368f3a9b0d061d0f91e2ed4755eec3ad601cec9dc5395c7da4a6a4b,development_candidate; archive_file=7_cXhCq-qeQ.mp4
printer-023,Printer,How To Install Hewlett Packard Printer Without CD,Internet Archive,https://archive.org/details/how-to-install-hewlett-packard-printer-without-cd,Archive contributor,OWNER-WRITTEN-AUTHORIZATION,,https://archive.org/details/how-to-install-hewlett-packard-printer-without-cd,2026-07-22,1229.66,1280,720,und,"paper printer setup, operation, maintenance, or troubleshooting",machine_candidate,owner_authorized,owner_authorized,restricted to authorization owner-confirmed-2026-07-21-dataset-expansion,pending_content_screen,owner_authorized_candidate,Owner-authorized download; pending automated scope and quality screening,Codex-machine-prescreen,,d97e3363cd52b18b73dbd0fb007ea519e2d8de8e0949656889195871a6783e47,development_candidate; archive_file=How to Install Hewlett Packard Printer Without CD.mp4
printer-024,Printer,How to Clean Epson Block Head on Epson L805/L800 Printer detail information,Internet Archive,https://archive.org/details/youtube-UEK4yY1NcEc,TECHNICAL JASIS,OWNER-WRITTEN-AUTHORIZATION,,https://archive.org/details/youtube-UEK4yY1NcEc,2026-07-22,848.43,854,470,und,"paper printer setup, operation, maintenance, or troubleshooting",machine_candidate,owner_authorized,owner_authorized,restricted to authorization owner-confirmed-2026-07-21-dataset-expansion,pending_content_screen,owner_authorized_candidate,Owner-authorized download; pending automated scope and quality screening,Codex-machine-prescreen,,a4c47126da2173b65773e60a754dd65d9be5033b5270f6ab99d97d40c52dece5,development_candidate; archive_file=UEK4yY1NcEc.mp4
printer-025,Printer,How To Resolve HP Printer Fuser Error,Internet Archive,https://archive.org/details/how-to-resolve-hp-printer-fuser-error,Archive contributor,OWNER-WRITTEN-AUTHORIZATION,,https://archive.org/details/how-to-resolve-hp-printer-fuser-error,2026-07-22,20.02,3840,2160,und,"paper printer setup, operation, maintenance, or troubleshooting",machine_candidate,owner_authorized,owner_authorized,restricted to authorization owner-confirmed-2026-07-21-dataset-expansion,pending_content_screen,owner_authorized_candidate,Owner-authorized download; pending automated scope and quality screening,Codex-machine-prescreen,,c6e3d0da905a62bf25f48852e7c5052f69e93d6763b405d2bffbf0a8854decda,development_candidate; archive_file=How to Resolve HP Printer Fuser Error.mp4
printer-026,Printer,How to add a network printer in Windows 7,Internet Archive,https://archive.org/details/corccav-How_to_add_a_network_printer_in_Windows_7,ranchocucamonga,OWNER-WRITTEN-AUTHORIZATION,,https://archive.org/details/corccav-How_to_add_a_network_printer_in_Windows_7,2026-07-22,145.33,640,480,English,"paper printer setup, operation, maintenance, or troubleshooting",machine_candidate,owner_authorized,owner_authorized,restricted to authorization owner-confirmed-2026-07-21-dataset-expansion,pending_content_screen,owner_authorized_candidate,Owner-authorized download; pending automated scope and quality screening,Codex-machine-prescreen,,5801b8a8f1cec11bd729084f186607118e5af1715792cc86a6d582b37ec197d3,development_candidate; archive_file=How_to_add_a_network_printer_in_Windows_7.mp4
printer-027,Printer,How to add a printer to a Mac,Internet Archive,https://archive.org/details/cwuwa-How_to_add_a_printer_to_a_Mac,Central Washington University,OWNER-WRITTEN-AUTHORIZATION,,https://archive.org/details/cwuwa-How_to_add_a_printer_to_a_Mac,2026-07-22,238.73,854,480,English,"paper printer setup, operation, maintenance, or troubleshooting",machine_candidate,owner_authorized,owner_authorized,restricted to authorization owner-confirmed-2026-07-21-dataset-expansion,pending_content_screen,owner_authorized_candidate,Owner-authorized download; pending automated scope and quality screening,Codex-machine-prescreen,,c3a00597f545ebadc0ed1387e0e19e59d6b5bc16f11c59bdddc2c37bba6be801,development_candidate; archive_file=How_to_add_a_printer_to_a_Mac.mp4
printer-028,Printer,how to reset canon g2010 printer | Easy Without Programs!,Internet Archive,https://archive.org/details/youtube-ElnQiJlRYEI,SRC TECHNOLOGY- NEWS,OWNER-WRITTEN-AUTHORIZATION,,https://archive.org/details/youtube-ElnQiJlRYEI,2026-07-22,226.88,854,480,und,"paper printer setup, operation, maintenance, or troubleshooting",machine_candidate,owner_authorized,owner_authorized,restricted to authorization owner-confirmed-2026-07-21-dataset-expansion,pending_content_screen,owner_authorized_candidate,Owner-authorized download; pending automated scope and quality screening,Codex-machine-prescreen,,cfc915d07e1fcb72d74d67acbfd1510d9e5f9542315287d8086ca239bca4cd01,development_candidate; archive_file=ElnQiJlRYEI.mp4
printer-029,Printer,"How to Connect an HP Printer to a Wi-Fi Network with HP Smart – Windows 10, 11 | @HPSupport",Internet Archive,https://archive.org/details/youtube-tg2BHRfT2a4,HP Support,OWNER-WRITTEN-AUTHORIZATION,,https://archive.org/details/youtube-tg2BHRfT2a4,2026-07-22,431.66,854,480,und,"paper printer setup, operation, maintenance, or troubleshooting",machine_candidate,owner_authorized,owner_authorized,restricted to authorization owner-confirmed-2026-07-21-dataset-expansion,pending_content_screen,owner_authorized_candidate,Owner-authorized download; pending automated scope and quality screening,Codex-machine-prescreen,,92308a9916b61a71e841c540ed4854fafebd69d3c954cf224d739e6b92cd69d7,development_candidate; archive_file=tg2BHRfT2a4.mp4
printer-030,Printer,How to Scan Document or Photo from Canon G2010 Printer | Step by Step | Canon Pixma G2010 | In Hindi,Internet Archive,https://archive.org/details/youtube-10WLJY8r_Jc,SM Techno Hindi,OWNER-WRITTEN-AUTHORIZATION,,https://archive.org/details/youtube-10WLJY8r_Jc,2026-07-22,342.26,854,480,und,"paper printer setup, operation, maintenance, or troubleshooting",machine_candidate,owner_authorized,owner_authorized,restricted to authorization owner-confirmed-2026-07-21-dataset-expansion,pending_content_screen,owner_authorized_candidate,Owner-authorized download; pending automated scope and quality screening,Codex-machine-prescreen,,c02b950164358a6ec251fbb73eb35914b8c727694fc65f940353692736043462,development_candidate; archive_file=10WLJY8r_Jc.mp4
printer-031,Printer,How to Scan Document or Photo from Canon G2010 Printer | Canon G2010 Scan Kaise Kare,Internet Archive,https://archive.org/details/youtube-SG2999EuGoo,Tech SD Support,OWNER-WRITTEN-AUTHORIZATION,,https://archive.org/details/youtube-SG2999EuGoo,2026-07-22,300.61,854,480,und,"paper printer setup, operation, maintenance, or troubleshooting",machine_candidate,owner_authorized,owner_authorized,restricted to authorization owner-confirmed-2026-07-21-dataset-expansion,pending_content_screen,owner_authorized_candidate,Owner-authorized download; pending automated scope and quality screening,Codex-machine-prescreen,,35806ce09e047246a6f62925c1b011680df049aeace484637b6c00349e41ebde,development_candidate; archive_file=SG2999EuGoo.mp4
printer-032,Printer,HOW TO RESET CANON G2010 PIXMA PRINTER (Support code: 5B00),Internet Archive,https://archive.org/details/youtube-Wle8uA_bYoE,mikbes,OWNER-WRITTEN-AUTHORIZATION,,https://archive.org/details/youtube-Wle8uA_bYoE,2026-07-22,348.82,854,480,und,"paper printer setup, operation, maintenance, or troubleshooting",machine_candidate,owner_authorized,owner_authorized,restricted to authorization owner-confirmed-2026-07-21-dataset-expansion,pending_content_screen,owner_authorized_candidate,Owner-authorized download; pending automated scope and quality screening,Codex-machine-prescreen,,ebfa368f4841be2eb6c7318b9ab10019b18a409cbebfa503641ef4eeaf986753,development_candidate; archive_file=Wle8uA_bYoE.mp4
printer-033,Printer,Canon G2010 E03 error Problem Solve 100 % II Canon Printer Paper Jam Solution P03 error,Internet Archive,https://archive.org/details/youtube-fU2ZXoJ4oE4,Surajit Printer Point,OWNER-WRITTEN-AUTHORIZATION,,https://archive.org/details/youtube-fU2ZXoJ4oE4,2026-07-22,730.53,910,480,und,"paper printer setup, operation, maintenance, or troubleshooting",machine_candidate,owner_authorized,owner_authorized,restricted to authorization owner-confirmed-2026-07-21-dataset-expansion,pending_content_screen,owner_authorized_candidate,Owner-authorized download; pending automated scope and quality screening,Codex-machine-prescreen,,5336354ceb66e465d434edacec7b723c78d8a007f951616b67ba0d2bbfbc5110,development_candidate; archive_file=fU2ZXoJ4oE4.mp4
vacuum-027,Vacuum,GoAnimate Toons: Robot Vacuum,Internet Archive,https://archive.org/details/go-animate-toons-robot-vacuum,RokuKun,OWNER-WRITTEN-AUTHORIZATION,,https://archive.org/details/go-animate-toons-robot-vacuum,2026-07-22,1653.54,640,360,eng,"household vacuum operation, maintenance, or troubleshooting",machine_candidate,owner_authorized,owner_authorized,restricted to authorization owner-confirmed-2026-07-21-dataset-expansion,pending_content_screen,owner_authorized_candidate,Owner-authorized download; pending automated scope and quality screening,Codex-machine-prescreen,,295a1953af495bf98c989258a2c3ebd210ab645c0fd3612cbf048704a2835b09,development_candidate; archive_file=GoAnimate Toons Robot Vacuum.mp4
vacuum-028,Vacuum,GoAnimate Toons: Robot Vacuum (720p),Internet Archive,https://archive.org/details/go-animate-toons-robot-vacuum-720p,RokuKun,OWNER-WRITTEN-AUTHORIZATION,,https://archive.org/details/go-animate-toons-robot-vacuum-720p,2026-07-22,1653.56,1280,720,eng,"household vacuum operation, maintenance, or troubleshooting",machine_candidate,owner_authorized,owner_authorized,restricted to authorization owner-confirmed-2026-07-21-dataset-expansion,pending_content_screen,owner_authorized_candidate,Owner-authorized download; pending automated scope and quality screening,Codex-machine-prescreen,,0702c0f08c8f739904eba0f912230d13464aadbb03c05f54e11dfd8bf51126e8,development_candidate; archive_file=GoAnimate Toons Robot Vacuum (720p).mp4
vacuum-029,Vacuum,How To Clean A Robot Vacuum | Samsung Jet Bot™ Vacuum | Samsung UK,Internet Archive,https://archive.org/details/youtube-QC9Fu9mNOG8,Samsung UK,OWNER-WRITTEN-AUTHORIZATION,,https://archive.org/details/youtube-QC9Fu9mNOG8,2026-07-22,92.04,1280,720,und,"household vacuum operation, maintenance, or troubleshooting",machine_candidate,owner_authorized,owner_authorized,restricted to authorization owner-confirmed-2026-07-21-dataset-expansion,pending_content_screen,owner_authorized_candidate,Owner-authorized download; pending automated scope and quality screening,Codex-machine-prescreen,,a205d00706bd2ca9a6246f9c47324cbdc82ca7be90d99ed359a541152f286acb,development_candidate; archive_file=QC9Fu9mNOG8.mp4
vacuum-030,Vacuum,Best Handheld Vacuum Cleaner | Handy Vacuum Cleaner | Unboxing,Internet Archive,https://archive.org/details/youtube-9lXmkHXsiEw,LittleBee,OWNER-WRITTEN-AUTHORIZATION,,https://archive.org/details/youtube-9lXmkHXsiEw,2026-07-22,749.85,854,480,und,"household vacuum operation, maintenance, or troubleshooting",machine_candidate,owner_authorized,owner_authorized,restricted to authorization owner-confirmed-2026-07-21-dataset-expansion,pending_content_screen,owner_authorized_candidate,Owner-authorized download; pending automated scope and quality screening,Codex-machine-prescreen,,060a913305c3d4ad4ea735d2196edd9726aacf5a05990e5e1366c02b926faa4c,development_candidate; archive_file=9lXmkHXsiEw.mp4
vacuum-031,Vacuum,“PITCH PLANT PROFIT” 1950’S SEARS & ROEBUCK VACUUM CLEANER SALESMAN PITCH TRAINING FILM 87054,Internet Archive,https://archive.org/details/87054-pitch-plant-profit,PeriscopeFilm,OWNER-WRITTEN-AUTHORIZATION,,https://archive.org/details/87054-pitch-plant-profit,2026-07-22,796.84,844,480,und,"household vacuum operation, maintenance, or troubleshooting",machine_candidate,owner_authorized,owner_authorized,restricted to authorization owner-confirmed-2026-07-21-dataset-expansion,pending_content_screen,owner_authorized_candidate,Owner-authorized download; pending automated scope and quality screening,Codex-machine-prescreen,,71634a2c617ab8b20640162b2eea751a57f3e614cc4d020c445f74e29f4718f4,development_candidate; archive_file=87054+Pitch+Plant+Profit.mp4
vacuum-032,Vacuum,How To Set Up A Robot Vacuum | Samsung Jet Bot™ Vacuum | Samsung UK,Internet Archive,https://archive.org/details/youtube-ypES7umF7z0,Samsung UK,OWNER-WRITTEN-AUTHORIZATION,,https://archive.org/details/youtube-ypES7umF7z0,2026-07-22,99.68,1280,720,und,"household vacuum operation, maintenance, or troubleshooting",machine_candidate,owner_authorized,owner_authorized,restricted to authorization owner-confirmed-2026-07-21-dataset-expansion,pending_content_screen,owner_authorized_candidate,Owner-authorized download; pending automated scope and quality screening,Codex-machine-prescreen,,f90f5fc06f024f259f0cacec86b6100460fb532bde4f61028a348ea27dc4c57b,development_candidate; archive_file=ypES7umF7z0.mp4
vacuum-033,Vacuum,Lifting a car with a vacuum cleaner and a tarp // Demonstration of Pressure,Internet Archive,https://archive.org/details/youtube-ARnpo_32m4k,Bruce Yeany,OWNER-WRITTEN-AUTHORIZATION,,https://archive.org/details/youtube-ARnpo_32m4k,2026-07-22,420.63,640,360,und,"household vacuum operation, maintenance, or troubleshooting",machine_candidate,owner_authorized,owner_authorized,restricted to authorization owner-confirmed-2026-07-21-dataset-expansion,pending_content_screen,owner_authorized_candidate,Owner-authorized download; pending automated scope and quality screening,Codex-machine-prescreen,,d1ee342a6f98a56237ed8de6bbe8ba6f5d2170dc87b3e631aa39f5b756c328cb,development_candidate; archive_file=Bruce_Yeany-Lifting_a_car_with_a_vacuum_cleaner_and_a_tarp_Demonstration_of_Pressure-ARnpo_32m4k.mp4
vacuum-034,Vacuum,[LG Vacuum cleaner] - How to disassemble and assemble the A9 Tower All-in-one station,Internet Archive,https://archive.org/details/youtube-zcH8CT_xikE,LG customer support Europe_official,OWNER-WRITTEN-AUTHORIZATION,,https://archive.org/details/youtube-zcH8CT_xikE,2026-07-22,412.53,1280,720,und,"household vacuum operation, maintenance, or troubleshooting",machine_candidate,owner_authorized,owner_authorized,restricted to authorization owner-confirmed-2026-07-21-dataset-expansion,pending_content_screen,owner_authorized_candidate,Owner-authorized download; pending automated scope and quality screening,Codex-machine-prescreen,,28385acda6e9b8d6219cc98d9db4c88f61ca03a9a1c2ac9c23d7b3cd16445f6e,development_candidate; archive_file=zcH8CT_xikE.mp4
vacuum-035,Vacuum,Eureka Whirlwind Vacuum Cleaner Ad CBS/WOIO 19 1999-11-18,Internet Archive,https://archive.org/details/CLE-B04_29449-29897,Archive contributor,OWNER-WRITTEN-AUTHORIZATION,,https://archive.org/details/CLE-B04_29449-29897,2026-07-22,14.98,640,480,und,"household vacuum operation, maintenance, or troubleshooting",machine_candidate,owner_authorized,owner_authorized,restricted to authorization owner-confirmed-2026-07-21-dataset-expansion,pending_content_screen,owner_authorized_candidate,Owner-authorized download; pending automated scope and quality screening,Codex-machine-prescreen,,1a15945c3e9967371184d52d0113475eee027e4ea14995147b5e6318f728ab0a,development_candidate; archive_file=29449_Eureka-Whirlwind-Vacuum-Cleaner-Ad-CBS-WOIO-19_1999-11-18.ia.mp4
vacuum-036,Vacuum,Eureka Whirlwind Vacuum Cleaner Commercial TNN 1999-04-27,Internet Archive,https://archive.org/details/NJY-016_446136-447039,Archive contributor,OWNER-WRITTEN-AUTHORIZATION,,https://archive.org/details/NJY-016_446136-447039,2026-07-22,30.16,640,480,und,"household vacuum operation, maintenance, or troubleshooting",machine_candidate,owner_authorized,owner_authorized,restricted to authorization owner-confirmed-2026-07-21-dataset-expansion,pending_content_screen,owner_authorized_candidate,Owner-authorized download; pending automated scope and quality screening,Codex-machine-prescreen,,104e63af2226cfa7ac3d66c772f5fb65c67d1cbe70b1b6a14d9235208f169e61,development_candidate; archive_file=446136_Eureka-Whirlwind-Vacuum-Cleaner-Commercial-TNN_1999-04-27.ia.mp4
vacuum-037,Vacuum,Vacuuming the City's Sewage,Internet Archive,https://archive.org/details/coatx-Vacuuming_the_City_s_Sewage,Allen City TV,OWNER-WRITTEN-AUTHORIZATION,,https://archive.org/details/coatx-Vacuuming_the_City_s_Sewage,2026-07-22,65.67,853,480,English,"household vacuum operation, maintenance, or troubleshooting",machine_candidate,owner_authorized,owner_authorized,restricted to authorization owner-confirmed-2026-07-21-dataset-expansion,pending_content_screen,owner_authorized_candidate,Owner-authorized download; pending automated scope and quality screening,Codex-machine-prescreen,,9cbadab828159900cce7b7beef00c2ee914b5c3d71e89658909e5ab7be072fe6,development_candidate; archive_file=Vacuuming_the_City_s_Sewage.mp4
vacuum-038,Vacuum,How to recharge the battery of your Samsung Jet™ vacuum cleaner,Internet Archive,https://archive.org/details/youtube-Dk6gd7CTQJw,Samsung India,OWNER-WRITTEN-AUTHORIZATION,,https://archive.org/details/youtube-Dk6gd7CTQJw,2026-07-22,89,1280,720,und,"household vacuum operation, maintenance, or troubleshooting",machine_candidate,owner_authorized,owner_authorized,restricted to authorization owner-confirmed-2026-07-21-dataset-expansion,pending_content_screen,owner_authorized_candidate,Owner-authorized download; pending automated scope and quality screening,Codex-machine-prescreen,,bdb2b210a5e1333da6e00ac8b794b44c8216a74553ac966debdc7e9c0572e292,development_candidate; archive_file=Dk6gd7CTQJw.mp4
vacuum-039,Vacuum,Ultraman -ish Vacuum Cleaner Commercial,Internet Archive,https://archive.org/details/japanese-vacuum-cleaner-commercial,Archive contributor,OWNER-WRITTEN-AUTHORIZATION,,https://archive.org/details/japanese-vacuum-cleaner-commercial,2026-07-22,109.3,854,480,und,"household vacuum operation, maintenance, or troubleshooting",machine_candidate,owner_authorized,owner_authorized,restricted to authorization owner-confirmed-2026-07-21-dataset-expansion,pending_content_screen,owner_authorized_candidate,Owner-authorized download; pending automated scope and quality screening,Codex-machine-prescreen,,2cc8b05753474c6289b5db3f470fa3c098d9dddd99de912b340944f64f4a2491,development_candidate; archive_file=Japanese Vacuum Cleaner Commercial.mp4
vacuum-040,Vacuum,Samsung Jet Bot AI+ | The World’s 1st Intel AI powered Smart Robot Vacuum,Internet Archive,https://archive.org/details/youtube-J8ttGSr8t3Y,Samsung Switzerland,OWNER-WRITTEN-AUTHORIZATION,,https://archive.org/details/youtube-J8ttGSr8t3Y,2026-07-22,87.68,1280,720,und,"household vacuum operation, maintenance, or troubleshooting",machine_candidate,owner_authorized,owner_authorized,restricted to authorization owner-confirmed-2026-07-21-dataset-expansion,pending_content_screen,owner_authorized_candidate,Owner-authorized download; pending automated scope and quality screening,Codex-machine-prescreen,,343cac1378e5b27261399cdc8875a30268edb9ceec6603f7b0feb31a1f33946d,development_candidate; archive_file=J8ttGSr8t3Y.mp4
vacuum-041,Vacuum,Vacuum Cleaner To Sweep The Ocean Floor,Internet Archive,https://archive.org/details/youtube-pVc_Vr4-pqU,Interesting Engineering,OWNER-WRITTEN-AUTHORIZATION,,https://archive.org/details/youtube-pVc_Vr4-pqU,2026-07-22,250.01,854,480,und,"household vacuum operation, maintenance, or troubleshooting",machine_candidate,owner_authorized,owner_authorized,restricted to authorization owner-confirmed-2026-07-21-dataset-expansion,pending_content_screen,owner_authorized_candidate,Owner-authorized download; pending automated scope and quality screening,Codex-machine-prescreen,,acf7fe2f12e7272d12c75aa99b31bc89e3ae05ddebaa0da255ddc9b6a0c0aa64,development_candidate; archive_file=pVc_Vr4-pqU.mp4
vacuum-042,Vacuum,Brother Mickey Mouse and Sister Minnie Mouse Gets Stuck on the Vacuum Cleaner! Mickey Mouse and Minnie Mouse Funny Cartoon For Kids,Internet Archive,https://archive.org/details/brother-mickey-mouse-and-sister-minnie-mouse-gets-stuck-on-the-vacuum-cleaner,Elsagate Archive Videos,OWNER-WRITTEN-AUTHORIZATION,,https://archive.org/details/brother-mickey-mouse-and-sister-minnie-mouse-gets-stuck-on-the-vacuum-cleaner,2026-07-22,603.84,1280,720,eng,"household vacuum operation, maintenance, or troubleshooting",machine_candidate,owner_authorized,owner_authorized,restricted to authorization owner-confirmed-2026-07-21-dataset-expansion,pending_content_screen,owner_authorized_candidate,Owner-authorized download; pending automated scope and quality screening,Codex-machine-prescreen,,014987042ce7934db503e1660fb0ebd37fba74113fc17a69099bc3672d01c8c8,development_candidate; archive_file=Brother Mickey Mouse & Sister Minnie Mouse Gets Stuck on Vacuum Cleaner! Mickey Mouse & Minnie Mouse Funny Cartoon for Kids.ia.mp4
vacuum-044,Vacuum,Black & Decker Vacuum Cleaner Power Pro 1991 Commercial,Internet Archive,https://archive.org/details/black-decker-vacuum-cleaner-power-pro-1991-commercial,Archive contributor,OWNER-WRITTEN-AUTHORIZATION,,https://archive.org/details/black-decker-vacuum-cleaner-power-pro-1991-commercial,2026-07-22,30.24,320,240,und,"household vacuum operation, maintenance, or troubleshooting",machine_candidate,owner_authorized,owner_authorized,restricted to authorization owner-confirmed-2026-07-21-dataset-expansion,pending_content_screen,owner_authorized_candidate,Owner-authorized download; pending automated scope and quality screening,Codex-machine-prescreen,,6f0a650c5ca7200b4a995c0572337d60bf43421380e98ef91a665b8ec46dc9be,development_candidate; archive_file=Black & Decker Vacuum Cleaner Power Pro 1991 Commercial.ia.mp4
vacuum-045,Vacuum,Up to 60 minutes of cleaning on one charge | The new Samsung Jet™ Vacuum Cleaner,Internet Archive,https://archive.org/details/youtube-od-SDectzW8,Samsung India,OWNER-WRITTEN-AUTHORIZATION,,https://archive.org/details/youtube-od-SDectzW8,2026-07-22,11.22,1280,720,und,"household vacuum operation, maintenance, or troubleshooting",machine_candidate,owner_authorized,owner_authorized,restricted to authorization owner-confirmed-2026-07-21-dataset-expansion,pending_content_screen,owner_authorized_candidate,Owner-authorized download; pending automated scope and quality screening,Codex-machine-prescreen,,9daff8c7f053d0cce723eabbb4223c28a8c98bb07eb513fedfc19c2118a68f01,development_candidate; archive_file=od-SDectzW8.mp4
vacuum-046,Vacuum,Flexible 2-in-1 storing and charging options | The new Samsung Jet™ Vacuum Cleaner,Internet Archive,https://archive.org/details/youtube-HZetIZTGjRw,Samsung India,OWNER-WRITTEN-AUTHORIZATION,,https://archive.org/details/youtube-HZetIZTGjRw,2026-07-22,16.16,1280,720,und,"household vacuum operation, maintenance, or troubleshooting",machine_candidate,owner_authorized,owner_authorized,restricted to authorization owner-confirmed-2026-07-21-dataset-expansion,pending_content_screen,owner_authorized_candidate,Owner-authorized download; pending automated scope and quality screening,Codex-machine-prescreen,,4a6db8c42d386db70023d902d395d8cfc4d5f652386d5dad7aa9d2ee30f4aa67,development_candidate; archive_file=HZetIZTGjRw.mp4
vacuum-047,Vacuum,How To Clean A Vacuum Cleaner | Samsung Jet™ 90 Vacuum | Samsung UK,Internet Archive,https://archive.org/details/youtube-3sgGbC0ZRvI,Samsung UK,OWNER-WRITTEN-AUTHORIZATION,,https://archive.org/details/youtube-3sgGbC0ZRvI,2026-07-22,89.33,1280,720,und,"household vacuum operation, maintenance, or troubleshooting",machine_candidate,owner_authorized,owner_authorized,restricted to authorization owner-confirmed-2026-07-21-dataset-expansion,pending_content_screen,owner_authorized_candidate,Owner-authorized download; pending automated scope and quality screening,Codex-machine-prescreen,,67496a62ba71c65609d1359e564cb0d6e9339a06a0c21fafaad35848c0c5dec3,development_candidate; archive_file=3sgGbC0ZRvI.mp4
vacuum-048,Vacuum,How To Set Up A Vacuum Cleaner | Samsung Jet 90 Vacuum | Samsung UK,Internet Archive,https://archive.org/details/youtube-e1nVFENggPM,Samsung UK,OWNER-WRITTEN-AUTHORIZATION,,https://archive.org/details/youtube-e1nVFENggPM,2026-07-22,56.54,1280,720,und,"household vacuum operation, maintenance, or troubleshooting",machine_candidate,owner_authorized,owner_authorized,restricted to authorization owner-confirmed-2026-07-21-dataset-expansion,pending_content_screen,owner_authorized_candidate,Owner-authorized download; pending automated scope and quality screening,Codex-machine-prescreen,,6a027635ec8b36e7a7d27e75b6bd25b5442ee1daae8b1e85e6aad7478434dcbd,development_candidate; archive_file=e1nVFENggPM.mp4
vacuum-049,Vacuum,How to replace and clean the fine dust filters - Cordless Vacuum Cleaner,Internet Archive,https://archive.org/details/youtube-NfRxRDRrQL4,LG USA,OWNER-WRITTEN-AUTHORIZATION,,https://archive.org/details/youtube-NfRxRDRrQL4,2026-07-22,57.03,1280,720,und,"household vacuum operation, maintenance, or troubleshooting",machine_candidate,owner_authorized,owner_authorized,restricted to authorization owner-confirmed-2026-07-21-dataset-expansion,pending_content_screen,owner_authorized_candidate,Owner-authorized download; pending automated scope and quality screening,Codex-machine-prescreen,,b9073341e2576b998111da86b280d69f042cba5bd897de5354de56b736cd75e8,development_candidate; archive_file=NfRxRDRrQL4.mp4
vacuum-050,Vacuum,[LG Vacuum cleaner] - How to install and use the A9K CordZero,Internet Archive,https://archive.org/details/youtube-H-P4SOWj36w,LG customer support Europe_official,OWNER-WRITTEN-AUTHORIZATION,,https://archive.org/details/youtube-H-P4SOWj36w,2026-07-22,398.04,1280,720,und,"household vacuum operation, maintenance, or troubleshooting",machine_candidate,owner_authorized,owner_authorized,restricted to authorization owner-confirmed-2026-07-21-dataset-expansion,pending_content_screen,owner_authorized_candidate,Owner-authorized download; pending automated scope and quality screening,Codex-machine-prescreen,,c98b4a85f658a259e0345df3b1fef5789fd87248876cce658ecf9be0adb52ac7,development_candidate; archive_file=H-P4SOWj36w.mp4
vacuum-051,Vacuum,How to clean the dustbin of your Samsung Jet™ Vacuum Cleaner,Internet Archive,https://archive.org/details/youtube-LOTmO67RmRA,Samsung India,OWNER-WRITTEN-AUTHORIZATION,,https://archive.org/details/youtube-LOTmO67RmRA,2026-07-22,122.14,1280,720,und,"household vacuum operation, maintenance, or troubleshooting",machine_candidate,owner_authorized,owner_authorized,restricted to authorization owner-confirmed-2026-07-21-dataset-expansion,pending_content_screen,owner_authorized_candidate,Owner-authorized download; pending automated scope and quality screening,Codex-machine-prescreen,,9c6c721d840cdb054b7445949ca4681320181d80501ef44ddd3d6b1e7470c8c9,development_candidate; archive_file=LOTmO67RmRA.mp4
vacuum-052,Vacuum,BESPOKE JET AI Vacuum Cleaner: Introduction Film l Samsung,Internet Archive,https://archive.org/details/youtube-yaQeyOuiP-4,Samsung,OWNER-WRITTEN-AUTHORIZATION,,https://archive.org/details/youtube-yaQeyOuiP-4,2026-07-22,174.89,1280,720,und,"household vacuum operation, maintenance, or troubleshooting",machine_candidate,owner_authorized,owner_authorized,restricted to authorization owner-confirmed-2026-07-21-dataset-expansion,pending_content_screen,owner_authorized_candidate,Owner-authorized download; pending automated scope and quality screening,Codex-machine-prescreen,,a3d5f7864d3f57dade582bb75e1e0e7c381155e253564732e24490d850c97e5e,development_candidate; archive_file=yaQeyOuiP-4.mp4
vacuum-053,Vacuum,Best Vacuum Cleaner For Hardwood Floors,Internet Archive,https://archive.org/details/best-vacuum-cleaner-for-hardwood-floors,Archive contributor,OWNER-WRITTEN-AUTHORIZATION,,https://archive.org/details/best-vacuum-cleaner-for-hardwood-floors,2026-07-22,28.53,1920,1080,und,"household vacuum operation, maintenance, or troubleshooting",machine_candidate,owner_authorized,owner_authorized,restricted to authorization owner-confirmed-2026-07-21-dataset-expansion,pending_content_screen,owner_authorized_candidate,Owner-authorized download; pending automated scope and quality screening,Codex-machine-prescreen,,fd676f1d4b65bc86f0bec3b206568bbcb668d4fd982f1ecccd9aa0bea3dcd188,development_candidate; archive_file=Best vacuum cleaner for hardwood floors.ia.mp4
vacuum-054,Vacuum,Samsung Vacuum Cleaner Range Explained | Samsung UK,Internet Archive,https://archive.org/details/youtube-zNJCvk5Nu9A,Samsung UK,OWNER-WRITTEN-AUTHORIZATION,,https://archive.org/details/youtube-zNJCvk5Nu9A,2026-07-22,135.16,1280,720,und,"household vacuum operation, maintenance, or troubleshooting",machine_candidate,owner_authorized,owner_authorized,restricted to authorization owner-confirmed-2026-07-21-dataset-expansion,pending_content_screen,owner_authorized_candidate,Owner-authorized download; pending automated scope and quality screening,Codex-machine-prescreen,,907f882ae6da339fa360f33a96e97b061358e9a91db62876eef7372afe734b1e,development_candidate; archive_file=zNJCvk5Nu9A.mp4
vacuum-055,Vacuum,Strong Suction power | The new Samsung Jet™ Vacuum Cleaner,Internet Archive,https://archive.org/details/youtube-NjlF46DPOIQ,Samsung India,OWNER-WRITTEN-AUTHORIZATION,,https://archive.org/details/youtube-NjlF46DPOIQ,2026-07-22,9.31,1280,720,und,"household vacuum operation, maintenance, or troubleshooting",machine_candidate,owner_authorized,owner_authorized,restricted to authorization owner-confirmed-2026-07-21-dataset-expansion,pending_content_screen,owner_authorized_candidate,Owner-authorized download; pending automated scope and quality screening,Codex-machine-prescreen,,85b6ff84a8a53d64683c0f72aabd7cc65a91817b11205a0ed5d91e713cb99eb6,development_candidate; archive_file=NjlF46DPOIQ.mp4
vacuum-056,Vacuum,Samsung Jet™ Vacuum Cleaner - the perfectly designed cleaning solution for your home,Internet Archive,https://archive.org/details/youtube-o-_MYHj_Wog,Samsung India,OWNER-WRITTEN-AUTHORIZATION,,https://archive.org/details/youtube-o-_MYHj_Wog,2026-07-22,13.51,1280,720,und,"household vacuum operation, maintenance, or troubleshooting",machine_candidate,owner_authorized,owner_authorized,restricted to authorization owner-confirmed-2026-07-21-dataset-expansion,pending_content_screen,owner_authorized_candidate,Owner-authorized download; pending automated scope and quality screening,Codex-machine-prescreen,,fc13bab55a21d45e716d0a6f62b43fef74fcb9405df40963ca973be61b73216b,development_candidate; archive_file=o-_MYHj_Wog.mp4
vacuum-057,Vacuum,Easy to clean Washable Dust bin and parts | The new Samsung Jet™ Vacuum Cleaner,Internet Archive,https://archive.org/details/youtube-VG3aaDpKe-I,Samsung India,OWNER-WRITTEN-AUTHORIZATION,,https://archive.org/details/youtube-VG3aaDpKe-I,2026-07-22,15.07,1280,720,und,"household vacuum operation, maintenance, or troubleshooting",machine_candidate,owner_authorized,owner_authorized,restricted to authorization owner-confirmed-2026-07-21-dataset-expansion,pending_content_screen,owner_authorized_candidate,Owner-authorized download; pending automated scope and quality screening,Codex-machine-prescreen,,6fccf99f09884126afd9d4c7629f658195b8f13e32623da9aff9b764aa656089,development_candidate; archive_file=VG3aaDpKe-I.mp4
vacuum-058,Vacuum,Samsung Jet™ Pet Vacuum Cleaner and Clean Station™ | Samsung UK,Internet Archive,https://archive.org/details/youtube-MGZnlbK30v4,Samsung UK,OWNER-WRITTEN-AUTHORIZATION,,https://archive.org/details/youtube-MGZnlbK30v4,2026-07-22,14.98,1280,720,und,"household vacuum operation, maintenance, or troubleshooting",machine_candidate,owner_authorized,owner_authorized,restricted to authorization owner-confirmed-2026-07-21-dataset-expansion,pending_content_screen,owner_authorized_candidate,Owner-authorized download; pending automated scope and quality screening,Codex-machine-prescreen,,6ab5e3c990b153723da99b47144065198673b7aa86c98d25bc45b7dea3b3a5de,development_candidate; archive_file=MGZnlbK30v4.mp4
vacuum-060,Vacuum,Energy efficient Digital Inverter Motor | The new Samsung Jet™ Vacuum Cleaner,Internet Archive,https://archive.org/details/youtube-QpDibOca3Tc,Samsung India,OWNER-WRITTEN-AUTHORIZATION,,https://archive.org/details/youtube-QpDibOca3Tc,2026-07-22,28.47,1280,720,und,"household vacuum operation, maintenance, or troubleshooting",machine_candidate,owner_authorized,owner_authorized,restricted to authorization owner-confirmed-2026-07-21-dataset-expansion,pending_content_screen,owner_authorized_candidate,Owner-authorized download; pending automated scope and quality screening,Codex-machine-prescreen,,5d98905d341e644a363656ef75c763ae0946a00e3099a28fa89041f8382bd305,development_candidate; archive_file=QpDibOca3Tc.mp4
vacuum-061,Vacuum,[Samsung Core Tech] Vacuum Cleaner: Powerful Cleaning l Samsung,Internet Archive,https://archive.org/details/youtube-XABScGX-Mg8,Samsung,OWNER-WRITTEN-AUTHORIZATION,,https://archive.org/details/youtube-XABScGX-Mg8,2026-07-22,35.41,1280,720,und,"household vacuum operation, maintenance, or troubleshooting",machine_candidate,owner_authorized,owner_authorized,restricted to authorization owner-confirmed-2026-07-21-dataset-expansion,pending_content_screen,owner_authorized_candidate,Owner-authorized download; pending automated scope and quality screening,Codex-machine-prescreen,,aacbfa76bf2ca876aff417f95379645034cf0925cf863f303fa17dd2689d7c05,development_candidate; archive_file=XABScGX-Mg8.mp4
vacuum-062,Vacuum,[Samsung Core Technology] Vacuum Cleaner: AI Cleaning l Samsung,Internet Archive,https://archive.org/details/youtube-O2A1LbZ95OM,Samsung,OWNER-WRITTEN-AUTHORIZATION,,https://archive.org/details/youtube-O2A1LbZ95OM,2026-07-22,34.02,1280,720,und,"household vacuum operation, maintenance, or troubleshooting",machine_candidate,owner_authorized,owner_authorized,restricted to authorization owner-confirmed-2026-07-21-dataset-expansion,pending_content_screen,owner_authorized_candidate,Owner-authorized download; pending automated scope and quality screening,Codex-machine-prescreen,,ecb855e99ec8afbc0ef73431b14b2bebd656dd6d731f086014f55585196162ce,development_candidate; archive_file=O2A1LbZ95OM.mp4
vacuum-064,Vacuum,Razzlekhan - VACUUM CLEANER (music video with animations) (2021),Internet Archive,https://archive.org/details/youtube-ncqEZfKLcTs,Razzlekhan,OWNER-WRITTEN-AUTHORIZATION,,https://archive.org/details/youtube-ncqEZfKLcTs,2026-07-22,302.31,854,480,und,"household vacuum operation, maintenance, or troubleshooting",machine_candidate,owner_authorized,owner_authorized,restricted to authorization owner-confirmed-2026-07-21-dataset-expansion,pending_content_screen,owner_authorized_candidate,Owner-authorized download; pending automated scope and quality screening,Codex-machine-prescreen,,59c6630751106a8b5e68bce1a9602a3d2be823e2ca40c8839ef8db8137cbbe25,development_candidate; archive_file=ncqEZfKLcTs.mp4
vacuum-065,Vacuum,NEVER USE... This Vacuum Cleaner Haircut Gadget,Internet Archive,https://archive.org/details/2017-08-15_TechSmartt_NEVER-USE-This-Vacuum-Cleaner-Haircut-Gadget,Archive contributor,OWNER-WRITTEN-AUTHORIZATION,,https://archive.org/details/2017-08-15_TechSmartt_NEVER-USE-This-Vacuum-Cleaner-Haircut-Gadget,2026-07-22,273,1280,720,und,"household vacuum operation, maintenance, or troubleshooting",machine_candidate,owner_authorized,owner_authorized,restricted to authorization owner-confirmed-2026-07-21-dataset-expansion,pending_content_screen,owner_authorized_candidate,Owner-authorized download; pending automated scope and quality screening,Codex-machine-prescreen,,b52419af71473b41a1db5344fb048ff01c8c071aa9e2d24986b795c91a203a2a,development_candidate; archive_file=2017-08-15__NEVER-USE-This-Vacuum-Cleaner-Haircut-Gadget.mp4
washing-028,Washing Machine,Washer Repair,Internet Archive,https://archive.org/details/washer-repair,Archive contributor,OWNER-WRITTEN-AUTHORIZATION,,https://archive.org/details/washer-repair,2026-07-22,20.08,720,1280,eng,"washing machine operation, maintenance, or troubleshooting",machine_candidate,owner_authorized,owner_authorized,restricted to authorization owner-confirmed-2026-07-21-dataset-expansion,pending_content_screen,owner_authorized_candidate,Owner-authorized download; pending automated scope and quality screening,Codex-machine-prescreen,,f2b9e9a93ada8eb675a7ce13cbd36f01f7d2747d7f006fb9a3c3280e67d7c394,development_candidate; archive_file=Washer Repair.mp4
washing-029,Washing Machine,[LG Washer] - Install and connect your new LG Washing Machine,Internet Archive,https://archive.org/details/youtube-5626Gv4D7q8,LG customer support Europe_official,OWNER-WRITTEN-AUTHORIZATION,,https://archive.org/details/youtube-5626Gv4D7q8,2026-07-22,216.83,1280,720,und,"washing machine operation, maintenance, or troubleshooting",machine_candidate,owner_authorized,owner_authorized,restricted to authorization owner-confirmed-2026-07-21-dataset-expansion,pending_content_screen,owner_authorized_candidate,Owner-authorized download; pending automated scope and quality screening,Codex-machine-prescreen,,6c500d81c44d353643b2f58bf549e98d05b7cc98d0e33710d28295efa06975f5,development_candidate; archive_file=5626Gv4D7q8.mp4
washing-030,Washing Machine,"Whirlpool Aqua Line AWM1850 Washer, Maintenance Wash on White Cottons 95 (Programme 2) (3/3)",Internet Archive,https://archive.org/details/youtube-jgiEcrlIpmA,0000158,OWNER-WRITTEN-AUTHORIZATION,,https://archive.org/details/youtube-jgiEcrlIpmA,2026-07-22,914.77,640,360,und,"washing machine operation, maintenance, or troubleshooting",machine_candidate,owner_authorized,owner_authorized,restricted to authorization owner-confirmed-2026-07-21-dataset-expansion,pending_content_screen,owner_authorized_candidate,Owner-authorized download; pending automated scope and quality screening,Codex-machine-prescreen,,089baddd5d136eba019319a34560ec438bc92adff7818563f79637ae1664a093,development_candidate; archive_file=jgiEcrlIpmA.mp4
washing-031,Washing Machine,Washing Machine Heart Mapleshade MAP Part 2 WIP,Internet Archive,https://archive.org/details/washing-machine-heart-mapleshade-map-part-2-wip,Elsik,OWNER-WRITTEN-AUTHORIZATION,,https://archive.org/details/washing-machine-heart-mapleshade-map-part-2-wip,2026-07-22,16.53,1920,1080,eng,"washing machine operation, maintenance, or troubleshooting",machine_candidate,owner_authorized,owner_authorized,restricted to authorization owner-confirmed-2026-07-21-dataset-expansion,pending_content_screen,owner_authorized_candidate,Owner-authorized download; pending automated scope and quality screening,Codex-machine-prescreen,,9252eafcf574133a64d7bfe200c98ce31cba5706622d51dc943f0f835e9c9646,development_candidate; archive_file=Washing Machine Heart Mapleshade MAP - Part 2 WIP.ia.mp4
washing-032,Washing Machine,QuickDrive™ Washing Machine Automatic washer maintenance Samsung,Internet Archive,https://archive.org/details/youtube-YfZbmfCYSSs,Samsung Gulf,OWNER-WRITTEN-AUTHORIZATION,,https://archive.org/details/youtube-YfZbmfCYSSs,2026-07-22,56.33,1280,720,und,"washing machine operation, maintenance, or troubleshooting",machine_candidate,owner_authorized,owner_authorized,restricted to authorization owner-confirmed-2026-07-21-dataset-expansion,pending_content_screen,owner_authorized_candidate,Owner-authorized download; pending automated scope and quality screening,Codex-machine-prescreen,,e9ddd7de13643078103d0c8965abd953d5e530455b64a1fedc9b05d9ea2fbe8b,development_candidate; archive_file=YfZbmfCYSSs.mp4
washing-033,Washing Machine,1965 commercial for Westinghouse Heavy Duty 15 washing machine,Internet Archive,https://archive.org/details/westinghouse1965,Archive contributor,OWNER-WRITTEN-AUTHORIZATION,,https://archive.org/details/westinghouse1965,2026-07-22,65.8,640,480,eng,"washing machine operation, maintenance, or troubleshooting",machine_candidate,owner_authorized,owner_authorized,restricted to authorization owner-confirmed-2026-07-21-dataset-expansion,pending_content_screen,owner_authorized_candidate,Owner-authorized download; pending automated scope and quality screening,Codex-machine-prescreen,,c92e79deb3bc6daf99ea16bfa0f1a1daa9889ee159cdd6a34b3fd27e7515d7c0,development_candidate; archive_file=westinghouse1965.mp4
washing-034,Washing Machine,Front Loading Washing Machine In Action,Internet Archive,https://archive.org/details/washingMachine2_201808,na5m,OWNER-WRITTEN-AUTHORIZATION,,https://archive.org/details/washingMachine2_201808,2026-07-22,168.73,533,300,eng,"washing machine operation, maintenance, or troubleshooting",machine_candidate,owner_authorized,owner_authorized,restricted to authorization owner-confirmed-2026-07-21-dataset-expansion,pending_content_screen,owner_authorized_candidate,Owner-authorized download; pending automated scope and quality screening,Codex-machine-prescreen,,0e61120380f5dae9edb58cba787c3bdae77af1d020b022d7ca3fb19376b0008d,development_candidate; archive_file=washingMachine2.ogv
washing-035,Washing Machine,Washing Machine Spot (in Spanish),Internet Archive,https://archive.org/details/washing-machine-35mm,Archive contributor,OWNER-WRITTEN-AUTHORIZATION,,https://archive.org/details/washing-machine-35mm,2026-07-22,127.83,640,480,und,"washing machine operation, maintenance, or troubleshooting",machine_candidate,owner_authorized,owner_authorized,restricted to authorization owner-confirmed-2026-07-21-dataset-expansion,pending_content_screen,owner_authorized_candidate,Owner-authorized download; pending automated scope and quality screening,Codex-machine-prescreen,,8a2efd2a977fd6491dccdcaab44b596880ca765e729bb9204aaf3dcc85441914,development_candidate; archive_file=WashingMachine35mm.mp4
washing-036,Washing Machine,Mom Minnie Mouse Got Losing the Winner Spin Washing Machine! Mickey Mouse and Minnie Mouse Funny Cartoon for Kids,Internet Archive,https://archive.org/details/mom-minnie-mouse-got-losing-the-winner-spin-washing-machine,Elsagate Archive Videos,OWNER-WRITTEN-AUTHORIZATION,,https://archive.org/details/mom-minnie-mouse-got-losing-the-winner-spin-washing-machine,2026-07-22,610.75,1280,720,eng,"washing machine operation, maintenance, or troubleshooting",machine_candidate,owner_authorized,owner_authorized,restricted to authorization owner-confirmed-2026-07-21-dataset-expansion,pending_content_screen,owner_authorized_candidate,Owner-authorized download; pending automated scope and quality screening,Codex-machine-prescreen,,347514e3fec7f6baf16e6554abe58a1c99c84e2eea1ca5c9caf1458f0d6ef90d,development_candidate; archive_file=Mom Minnie Mouse got losing the Winner Spin Washing Machine! Mickey Mouse and Minnie Mouse Funny Cartoon for Kids.ia.mp4
washing-037,Washing Machine,Can A Human Drink A Gallon of Spoiled Milk w/o Vomiting into A Washing Machine? | L.A. BEAST,Internet Archive,https://archive.org/details/youtube-AGB-lJ_K960dG4c,skippy62able,OWNER-WRITTEN-AUTHORIZATION,,https://archive.org/details/youtube-AGB-lJ_K960dG4c,2026-07-22,1077.37,854,480,und,"washing machine operation, maintenance, or troubleshooting",machine_candidate,owner_authorized,owner_authorized,restricted to authorization owner-confirmed-2026-07-21-dataset-expansion,pending_content_screen,owner_authorized_candidate,Owner-authorized download; pending automated scope and quality screening,Codex-machine-prescreen,,330830f715d69138fad7ac7831c2fdff558b5211ff62cff50d12e7d64a43a4c8,development_candidate; archive_file=lJ_K960dG4c.mp4
washing-038,Washing Machine,#Washing #machine tearing itself apart. It's not #StopMotion - this is #realtime #loops - why u don't put shoes or #engines in there -MUOu1qqbqDx.mp4 Washing machine tearing itself apart Its not StopMotion this is realtime loops why u dont put shoes or engines in there MUOu1qqbqDx mp4 Washing machine StopMotion realtime loops engines,Internet Archive,https://archive.org/details/WashingMachineTearingItselfApartItsNotStopmotionThisIsRealtimeLoopsWhyUDontPut,Kenneth Udut,OWNER-WRITTEN-AUTHORIZATION,,https://archive.org/details/WashingMachineTearingItselfApartItsNotStopmotionThisIsRealtimeLoopsWhyUDontPut,2026-07-22,6.47,480,480,und,"washing machine operation, maintenance, or troubleshooting",machine_candidate,owner_authorized,owner_authorized,restricted to authorization owner-confirmed-2026-07-21-dataset-expansion,pending_content_screen,owner_authorized_candidate,Owner-authorized download; pending automated scope and quality screening,Codex-machine-prescreen,,28599be746b232c0d52a88a0c795d40cecb8b740fad0a204427b640cf208b084,development_candidate; archive_file=WashingMachineTearingItselfApartItsNotStopmotionThisIsRealtimeLoopsWhyUDontPut.mp4
washing-039,Washing Machine,Silly piece of #denim. Yeah. That's why it survives the washing machine. #Money #dollar #USA #American.-MU9Meg2uPpv.mp4 Silly piece of denim Yeah Thats why it survives the washing machine Money dollar USA American MU9Meg2uPpv mp4 denim Money dollar USA American,Internet Archive,https://archive.org/details/SillyPieceOfDenimYeahThatsWhyItSurvivesTheWashingMachineMoneyDollarUsaAmerican,Kenneth Udut,OWNER-WRITTEN-AUTHORIZATION,,https://archive.org/details/SillyPieceOfDenimYeahThatsWhyItSurvivesTheWashingMachineMoneyDollarUsaAmerican,2026-07-22,6.47,480,480,und,"washing machine operation, maintenance, or troubleshooting",machine_candidate,owner_authorized,owner_authorized,restricted to authorization owner-confirmed-2026-07-21-dataset-expansion,pending_content_screen,owner_authorized_candidate,Owner-authorized download; pending automated scope and quality screening,Codex-machine-prescreen,,42629009d54afc778bce09185672249eba70c518ab95d080bb837bccf48bd044,development_candidate; archive_file=SillyPieceOfDenimYeahThatsWhyItSurvivesTheWashingMachineMoneyDollarUsaAmerican.mp4
washing-040,Washing Machine,Comet Sense Hotpoint Washing Machine Advert,Internet Archive,https://archive.org/details/comet-sense-hotpoint-washing-machine-advert,Comet,OWNER-WRITTEN-AUTHORIZATION,,https://archive.org/details/comet-sense-hotpoint-washing-machine-advert,2026-07-22,9.73,640,480,eng,"washing machine operation, maintenance, or troubleshooting",machine_candidate,owner_authorized,owner_authorized,restricted to authorization owner-confirmed-2026-07-21-dataset-expansion,pending_content_screen,owner_authorized_candidate,Owner-authorized download; pending automated scope and quality screening,Codex-machine-prescreen,,c684cfa60dc492da9bdd2d7d9b3e6c1792fa569c0fd51f18b252fa9befcec2d9,development_candidate; archive_file=Comet Sense Hotpoint Washing Machine Advert.ia.mp4
washing-041,Washing Machine,Broken Washing Machine,Internet Archive,https://archive.org/details/NathanAlberBrokenWashingMachine,Nathan Alber,OWNER-WRITTEN-AUTHORIZATION,,https://archive.org/details/NathanAlberBrokenWashingMachine,2026-07-22,12.94,320,240,und,"washing machine operation, maintenance, or troubleshooting",machine_candidate,owner_authorized,owner_authorized,restricted to authorization owner-confirmed-2026-07-21-dataset-expansion,pending_content_screen,owner_authorized_candidate,Owner-authorized download; pending automated scope and quality screening,Codex-machine-prescreen,,ebf8fa90ba837c333a600ab8629a74629475b5726c1530ff8a80a259c92adb19,development_candidate; archive_file=Episode_1_512kb.mp4
washing-042,Washing Machine,Nick Jr Face the Washing Machine,Internet Archive,https://archive.org/details/nick-jr-face-the-washing-machine,Nick Jr.,OWNER-WRITTEN-AUTHORIZATION,,https://archive.org/details/nick-jr-face-the-washing-machine,2026-07-22,30.6,480,360,English,"washing machine operation, maintenance, or troubleshooting",machine_candidate,owner_authorized,owner_authorized,restricted to authorization owner-confirmed-2026-07-21-dataset-expansion,pending_content_screen,owner_authorized_candidate,Owner-authorized download; pending automated scope and quality screening,Codex-machine-prescreen,,35878415eab1537f9ffaa99063b59657d4fa9e4061ee740e3a064777e5c8a33c,development_candidate; archive_file=Nick Jr Face the Washing Machine.mp4
washing-043,Washing Machine,Easy washing machine commercial from 1955,Internet Archive,https://archive.org/details/easyWashingMachineCommercialFrom1955,Archive contributor,OWNER-WRITTEN-AUTHORIZATION,,https://archive.org/details/easyWashingMachineCommercialFrom1955,2026-07-22,35.4,320,240,und,"washing machine operation, maintenance, or troubleshooting",machine_candidate,owner_authorized,owner_authorized,restricted to authorization owner-confirmed-2026-07-21-dataset-expansion,pending_content_screen,owner_authorized_candidate,Owner-authorized download; pending automated scope and quality screening,Codex-machine-prescreen,,27344ada7cbc7a9192125457f2514cab35ae933c53571c89e1686c23ecc10dbf,development_candidate; archive_file=EasyWashingMachine_512kb.mp4
washing-044,Washing Machine,Chandra Sekhar - Washing Machine Heart (Perfect Dark Zero Edit),Internet Archive,https://archive.org/details/youtube-tgTeoaZN9W4,foslerfer,OWNER-WRITTEN-AUTHORIZATION,,https://archive.org/details/youtube-tgTeoaZN9W4,2026-07-22,29.92,854,480,und,"washing machine operation, maintenance, or troubleshooting",machine_candidate,owner_authorized,owner_authorized,restricted to authorization owner-confirmed-2026-07-21-dataset-expansion,pending_content_screen,owner_authorized_candidate,Owner-authorized download; pending automated scope and quality screening,Codex-machine-prescreen,,a788e9fbd1daf6320ffa9cf14abfa4b9a836a6c8089e64d9b4e89186a70cba0f,development_candidate; archive_file=tgTeoaZN9W4.mp4
washing-045,Washing Machine,Galamatic Delux Washing Machine 1965 TV Commercial,Internet Archive,https://archive.org/details/GalamaticDeluxWashingMachine1965TVCommercialXvid,Archive contributor,OWNER-WRITTEN-AUTHORIZATION,,https://archive.org/details/GalamaticDeluxWashingMachine1965TVCommercialXvid,2026-07-22,31.88,540,360,und,"washing machine operation, maintenance, or troubleshooting",machine_candidate,owner_authorized,owner_authorized,restricted to authorization owner-confirmed-2026-07-21-dataset-expansion,pending_content_screen,owner_authorized_candidate,Owner-authorized download; pending automated scope and quality screening,Codex-machine-prescreen,,50b0f72a986ce5760dd927abae2106f437338f81eba7abcdb85105732ca7c75b,development_candidate; archive_file=Galamatic Delux washing machine 1965 TV commercial_xvid.mp4
washing-046,Washing Machine,🍂 COMPLETE MAP WARRIORS CATS Washing Machine Heart Fallen Leaves 🍂,Internet Archive,https://archive.org/details/complete-map-warriors-cats-washing-machine-heart-fallen-leaves,Ellie_UwU,OWNER-WRITTEN-AUTHORIZATION,,https://archive.org/details/complete-map-warriors-cats-washing-machine-heart-fallen-leaves,2026-07-22,91.44,720,720,und,"washing machine operation, maintenance, or troubleshooting",machine_candidate,owner_authorized,owner_authorized,restricted to authorization owner-confirmed-2026-07-21-dataset-expansion,pending_content_screen,owner_authorized_candidate,Owner-authorized download; pending automated scope and quality screening,Codex-machine-prescreen,,a35bd4dee24115fc3a4be5dca7a9885851a0ede6b7dd83d8a5ca67157f53b799,development_candidate; archive_file=🍂COMPLETE MAP WARRIORS CATS Washing machine heart Fallen-leaves 🍂.ia.mp4
washing-047,Washing Machine,WASHING MACHINE HEART || a complete Foeslayer WoF map ||,Internet Archive,https://archive.org/details/washingmachineheart,ToxicTerrors,OWNER-WRITTEN-AUTHORIZATION,,https://archive.org/details/washingmachineheart,2026-07-22,136.65,480,360,und,"washing machine operation, maintenance, or troubleshooting",machine_candidate,owner_authorized,owner_authorized,restricted to authorization owner-confirmed-2026-07-21-dataset-expansion,pending_content_screen,owner_authorized_candidate,Owner-authorized download; pending automated scope and quality screening,Codex-machine-prescreen,,dc1c16d4520c6250aec2ca3075b53124aafd1375155853391a1508e0ea79ec00,development_candidate; archive_file=washingmachineheart.mp4
washing-048,Washing Machine,[LG Washing Machine] - How to clean the dispenser,Internet Archive,https://archive.org/details/youtube-MlSccVEf9X8,LG customer support Europe_official,OWNER-WRITTEN-AUTHORIZATION,,https://archive.org/details/youtube-MlSccVEf9X8,2026-07-22,45.44,1280,720,und,"washing machine operation, maintenance, or troubleshooting",machine_candidate,owner_authorized,owner_authorized,restricted to authorization owner-confirmed-2026-07-21-dataset-expansion,pending_content_screen,owner_authorized_candidate,Owner-authorized download; pending automated scope and quality screening,Codex-machine-prescreen,,1b0f5e1b699bf18fd713ab3ddc9d801af688a852b1eb00a269335fa37b9d2d0f,development_candidate; archive_file=MlSccVEf9X8.mp4
washing-049,Washing Machine,LG Washer - Tub Cleaning and Maintenance,Internet Archive,https://archive.org/details/youtube-c8XiTdH9heQ,LG USA,OWNER-WRITTEN-AUTHORIZATION,,https://archive.org/details/youtube-c8XiTdH9heQ,2026-07-22,112.66,1280,720,und,"washing machine operation, maintenance, or troubleshooting",machine_candidate,owner_authorized,owner_authorized,restricted to authorization owner-confirmed-2026-07-21-dataset-expansion,pending_content_screen,owner_authorized_candidate,Owner-authorized download; pending automated scope and quality screening,Codex-machine-prescreen,,843eb54bd8af76ba5a18de4e47dc8834b50e207ca2d52f44829ed56a7357279a,development_candidate; archive_file=c8XiTdH9heQ.mp4
washing-050,Washing Machine,[LG Washing Machine] - How to clean the washing machine filter,Internet Archive,https://archive.org/details/youtube-VqdLgLyQ81Y,LG customer support Europe_official,OWNER-WRITTEN-AUTHORIZATION,,https://archive.org/details/youtube-VqdLgLyQ81Y,2026-07-22,103.77,1280,720,und,"washing machine operation, maintenance, or troubleshooting",machine_candidate,owner_authorized,owner_authorized,restricted to authorization owner-confirmed-2026-07-21-dataset-expansion,pending_content_screen,owner_authorized_candidate,Owner-authorized download; pending automated scope and quality screening,Codex-machine-prescreen,,6514793824e4ac1b513d982b05d2e1573633b22473b2c6c241878768b4e683c2,development_candidate; archive_file=VqdLgLyQ81Y.mp4
washing-051,Washing Machine,LG Washer : How to repair Operation Issues | LG,Internet Archive,https://archive.org/details/youtube--5f6NURRjUs,LG Global,OWNER-WRITTEN-AUTHORIZATION,,https://archive.org/details/youtube--5f6NURRjUs,2026-07-22,317.49,1280,720,und,"washing machine operation, maintenance, or troubleshooting",machine_candidate,owner_authorized,owner_authorized,restricted to authorization owner-confirmed-2026-07-21-dataset-expansion,pending_content_screen,owner_authorized_candidate,Owner-authorized download; pending automated scope and quality screening,Codex-machine-prescreen,,3f8cbd588540c848cee9855adae2513ba0bb0fdbd18fd21d94543cb4d28df8fb,development_candidate; archive_file=-5f6NURRjUs.mp4
washing-052,Washing Machine,Inside my new British washing machine (clothes washer).,Internet Archive,https://archive.org/details/bigclive_20170917,Big Clive,OWNER-WRITTEN-AUTHORIZATION,,https://archive.org/details/bigclive_20170917,2026-07-22,454.42,1920,1080,eng,"washing machine operation, maintenance, or troubleshooting",machine_candidate,owner_authorized,owner_authorized,restricted to authorization owner-confirmed-2026-07-21-dataset-expansion,pending_content_screen,owner_authorized_candidate,Owner-authorized download; pending automated scope and quality screening,Codex-machine-prescreen,,df1054917b58c33c2fe953f978dfdc2d004850bd9fc43ee127d88979f35e6173,development_candidate; archive_file=bigclive_20170917.mp4
washing-053,Washing Machine,Nearby Washing Machine Repair Service,Internet Archive,https://archive.org/details/httpsnearbywashingmachinerepair.in,Archive contributor,OWNER-WRITTEN-AUTHORIZATION,,https://archive.org/details/httpsnearbywashingmachinerepair.in,2026-07-22,30.08,854,480,eng,"washing machine operation, maintenance, or troubleshooting",machine_candidate,owner_authorized,owner_authorized,restricted to authorization owner-confirmed-2026-07-21-dataset-expansion,pending_content_screen,owner_authorized_candidate,Owner-authorized download; pending automated scope and quality screening,Codex-machine-prescreen,,b647e1d76e60addccf2af5fc037175ecd4728dbd1d7f49128765f63409071e7e,development_candidate; archive_file=nearby (2).ia.mp4
washing-054,Washing Machine,LG Washer : How to Clean the Water Inlet Filter | LG,Internet Archive,https://archive.org/details/youtube-csbGtz8D1lw,LG Global,OWNER-WRITTEN-AUTHORIZATION,,https://archive.org/details/youtube-csbGtz8D1lw,2026-07-22,118.35,1280,720,und,"washing machine operation, maintenance, or troubleshooting",machine_candidate,owner_authorized,owner_authorized,restricted to authorization owner-confirmed-2026-07-21-dataset-expansion,pending_content_screen,owner_authorized_candidate,Owner-authorized download; pending automated scope and quality screening,Codex-machine-prescreen,,1a2859af2d7224fdc9e55855887a99ffaacc518fd821f85e582d5e923e647f07,development_candidate; archive_file=csbGtz8D1lw.mp4
washing-056,Washing Machine,How to select wash cycles on your Samsung Washing Machine,Internet Archive,https://archive.org/details/youtube-TngLsmls00c,Samsung UK,OWNER-WRITTEN-AUTHORIZATION,,https://archive.org/details/youtube-TngLsmls00c,2026-07-22,75.86,1280,720,und,"washing machine operation, maintenance, or troubleshooting",machine_candidate,owner_authorized,owner_authorized,restricted to authorization owner-confirmed-2026-07-21-dataset-expansion,pending_content_screen,owner_authorized_candidate,Owner-authorized download; pending automated scope and quality screening,Codex-machine-prescreen,,f5b14ac1bf4bc1af74309cf08f644955f7bc1142c11613e9ba31c2eea1872a7d,development_candidate; archive_file=TngLsmls00c.mp4
washing-057,Washing Machine,How to install the Washing Machine Stacking Kit (SKK-UDW) | Samsung New Zealand,Internet Archive,https://archive.org/details/youtube-1iGAacTgkxc,Samsung New Zealand,OWNER-WRITTEN-AUTHORIZATION,,https://archive.org/details/youtube-1iGAacTgkxc,2026-07-22,97.34,1280,720,und,"washing machine operation, maintenance, or troubleshooting",machine_candidate,owner_authorized,owner_authorized,restricted to authorization owner-confirmed-2026-07-21-dataset-expansion,pending_content_screen,owner_authorized_candidate,Owner-authorized download; pending automated scope and quality screening,Codex-machine-prescreen,,0da30f51f62fd5dff0dae823c766db6d0c2a3a9122dd53f2cafd95886c6d890d,development_candidate; archive_file=1iGAacTgkxc.mp4
washing-058,Washing Machine,LG Washer : How to do Laundry | LG,Internet Archive,https://archive.org/details/youtube-X6DiGFHcJtg,LG Global,OWNER-WRITTEN-AUTHORIZATION,,https://archive.org/details/youtube-X6DiGFHcJtg,2026-07-22,353.8,1280,720,und,"washing machine operation, maintenance, or troubleshooting",machine_candidate,owner_authorized,owner_authorized,restricted to authorization owner-confirmed-2026-07-21-dataset-expansion,pending_content_screen,owner_authorized_candidate,Owner-authorized download; pending automated scope and quality screening,Codex-machine-prescreen,,3f4c855c40340e0e1de31878a87703915656376617e5764a8ea8e09e8592ecdc,development_candidate; archive_file=X6DiGFHcJtg.mp4
washing-059,Washing Machine,LG Washer and Dryer - Child Lock,Internet Archive,https://archive.org/details/youtube-yz6PV8O5C2s,LG USA,OWNER-WRITTEN-AUTHORIZATION,,https://archive.org/details/youtube-yz6PV8O5C2s,2026-07-22,148.21,1280,720,und,"washing machine operation, maintenance, or troubleshooting",machine_candidate,owner_authorized,owner_authorized,restricted to authorization owner-confirmed-2026-07-21-dataset-expansion,pending_content_screen,owner_authorized_candidate,Owner-authorized download; pending automated scope and quality screening,Codex-machine-prescreen,,97a0dfcd148af6efbc9d14063d0ad86f94d6dca5e0d5ea5631a65e29ab075fa1,development_candidate; archive_file=yz6PV8O5C2s.mp4
washing-060,Washing Machine,LG Washer - How to Use the Spin Only Option (2018 Update),Internet Archive,https://archive.org/details/youtube-trWG49Qp5ps,LG USA,OWNER-WRITTEN-AUTHORIZATION,,https://archive.org/details/youtube-trWG49Qp5ps,2026-07-22,64.41,1280,720,und,"washing machine operation, maintenance, or troubleshooting",machine_candidate,owner_authorized,owner_authorized,restricted to authorization owner-confirmed-2026-07-21-dataset-expansion,pending_content_screen,owner_authorized_candidate,Owner-authorized download; pending automated scope and quality screening,Codex-machine-prescreen,,8cf1f2964fd35a087e98617f7768b3b730f4c2374767557964fbd2ee3f973627,development_candidate; archive_file=trWG49Qp5ps.mp4
washing-061,Washing Machine,How to clean your LG washing machine drain pump filter,Internet Archive,https://archive.org/details/youtube-6kghyoFhYb8,LG DIY Service,OWNER-WRITTEN-AUTHORIZATION,,https://archive.org/details/youtube-6kghyoFhYb8,2026-07-22,129.47,1280,720,und,"washing machine operation, maintenance, or troubleshooting",machine_candidate,owner_authorized,owner_authorized,restricted to authorization owner-confirmed-2026-07-21-dataset-expansion,pending_content_screen,owner_authorized_candidate,Owner-authorized download; pending automated scope and quality screening,Codex-machine-prescreen,,62a81bab5a766ddfbc30e226849bee377f3a64b8b995c8d301f5fa69787a9f23,development_candidate; archive_file=6kghyoFhYb8.mp4
washing-062,Washing Machine,LG Washer : How to repair Washing Machine Performance Issues | LG,Internet Archive,https://archive.org/details/youtube-S_7pnxpmFcU,LG Malaysia,OWNER-WRITTEN-AUTHORIZATION,,https://archive.org/details/youtube-S_7pnxpmFcU,2026-07-22,140.41,1280,720,und,"washing machine operation, maintenance, or troubleshooting",machine_candidate,owner_authorized,owner_authorized,restricted to authorization owner-confirmed-2026-07-21-dataset-expansion,pending_content_screen,owner_authorized_candidate,Owner-authorized download; pending automated scope and quality screening,Codex-machine-prescreen,,a58af5b6da53efaeba99ea11eaa5c0f8b4a474a637ac7f27f1b55c08b47e32ce,development_candidate; archive_file=S_7pnxpmFcU.mp4
washing-063,Washing Machine,Samsung Top Load Washing Machine: How to Clean Magic Filter,Internet Archive,https://archive.org/details/youtube-2YPIWeWR6Ss,Samsung India,OWNER-WRITTEN-AUTHORIZATION,,https://archive.org/details/youtube-2YPIWeWR6Ss,2026-07-22,117.05,1280,720,und,"washing machine operation, maintenance, or troubleshooting",machine_candidate,owner_authorized,owner_authorized,restricted to authorization owner-confirmed-2026-07-21-dataset-expansion,pending_content_screen,owner_authorized_candidate,Owner-authorized download; pending automated scope and quality screening,Codex-machine-prescreen,,e651e6416fc72240bb40252b13ccf598957453f1ae0d8af3928d4839447280c7,development_candidate; archive_file=2YPIWeWR6Ss.mp4
washing-064,Washing Machine,LG Washer : How to repair Washing Machine Performance Issues | LG,Internet Archive,https://archive.org/details/youtube-CiJI2aq_Wnw,LG Global,OWNER-WRITTEN-AUTHORIZATION,,https://archive.org/details/youtube-CiJI2aq_Wnw,2026-07-22,140.41,1280,720,und,"washing machine operation, maintenance, or troubleshooting",machine_candidate,owner_authorized,owner_authorized,restricted to authorization owner-confirmed-2026-07-21-dataset-expansion,pending_content_screen,owner_authorized_candidate,Owner-authorized download; pending automated scope and quality screening,Codex-machine-prescreen,,075aa687591722cdb59ef95c33c92af9f9ff76b84ae356b20b1e7f52fbe5506a,development_candidate; archive_file=CiJI2aq_Wnw.mp4
washing-065,Washing Machine,LG Washer : How to deal with Troubleshooting Noises | LG,Internet Archive,https://archive.org/details/youtube-VW8QV9W6LZ0,LG Global,OWNER-WRITTEN-AUTHORIZATION,,https://archive.org/details/youtube-VW8QV9W6LZ0,2026-07-22,154.39,1280,720,und,"washing machine operation, maintenance, or troubleshooting",machine_candidate,owner_authorized,owner_authorized,restricted to authorization owner-confirmed-2026-07-21-dataset-expansion,pending_content_screen,owner_authorized_candidate,Owner-authorized download; pending automated scope and quality screening,Codex-machine-prescreen,,c0f2167bb7512fd22c8950ea953de2b21c18a0cbef68f9a53c0b066f0ad7b8cc,development_candidate; archive_file=VW8QV9W6LZ0.mp4
washing-066,Washing Machine,How to clean the debris filter of your Samsung Front Load washing machine,Internet Archive,https://archive.org/details/youtube-rkRoBFW2k0I,Samsung India,OWNER-WRITTEN-AUTHORIZATION,,https://archive.org/details/youtube-rkRoBFW2k0I,2026-07-22,133.65,1280,720,und,"washing machine operation, maintenance, or troubleshooting",machine_candidate,owner_authorized,owner_authorized,restricted to authorization owner-confirmed-2026-07-21-dataset-expansion,pending_content_screen,owner_authorized_candidate,Owner-authorized download; pending automated scope and quality screening,Codex-machine-prescreen,,07647544a2e0c220144cf36668c5cc555d87a93bf39810d065a4f1ed2493174d,development_candidate; archive_file=rkRoBFW2k0I.mp4
washing-067,Washing Machine,LG Washer : How to How to Remove Odd Odors from Washer| LG,Internet Archive,https://archive.org/details/youtube-71kKEb5FNnI,LG Global,OWNER-WRITTEN-AUTHORIZATION,,https://archive.org/details/youtube-71kKEb5FNnI,2026-07-22,158.5,1280,720,und,"washing machine operation, maintenance, or troubleshooting",machine_candidate,owner_authorized,owner_authorized,restricted to authorization owner-confirmed-2026-07-21-dataset-expansion,pending_content_screen,owner_authorized_candidate,Owner-authorized download; pending automated scope and quality screening,Codex-machine-prescreen,,4117dd2b5bd32161d55dc4aaa6eb74af0b36092284cc421efe4c9925d5d1d780,development_candidate; archive_file=71kKEb5FNnI.mp4
washing-068,Washing Machine,LG Washer : How to Use the General Dispenser Drawer | LG,Internet Archive,https://archive.org/details/youtube-rMsIyVGbBAk,LG Gulf,OWNER-WRITTEN-AUTHORIZATION,,https://archive.org/details/youtube-rMsIyVGbBAk,2026-07-22,188.22,1280,720,und,"washing machine operation, maintenance, or troubleshooting",machine_candidate,owner_authorized,owner_authorized,restricted to authorization owner-confirmed-2026-07-21-dataset-expansion,pending_content_screen,owner_authorized_candidate,Owner-authorized download; pending automated scope and quality screening,Codex-machine-prescreen,,329c5fe481b950e6606361e2d17e218c85d353af1fb89ca0b6169f7b12ba4798,development_candidate; archive_file=rMsIyVGbBAk.mp4
washing-069,Washing Machine,LG Washer : How to How to Remove Odd Odors from Washer | LG,Internet Archive,https://archive.org/details/youtube-gRfpIUVfgZQ,LG Malaysia,OWNER-WRITTEN-AUTHORIZATION,,https://archive.org/details/youtube-gRfpIUVfgZQ,2026-07-22,158.5,1280,720,und,"washing machine operation, maintenance, or troubleshooting",machine_candidate,owner_authorized,owner_authorized,restricted to authorization owner-confirmed-2026-07-21-dataset-expansion,pending_content_screen,owner_authorized_candidate,Owner-authorized download; pending automated scope and quality screening,Codex-machine-prescreen,,41958dceaef44c2ca4e79fc18197d87bb4366559e44d5346469d03025fdab0bc,development_candidate; archive_file=gRfpIUVfgZQ.mp4
