record_id,product_class,archive_identifier,title,creator,description_excerpt,source_page_url,license_url,selected_file,selected_format,bytes,duration_seconds,width,height,matched_queries,discovery_score,selection_status,selection_reason
airfryer-017,Air Fryer,youtube-3emzRi3gdiQ,Can I actually fix my kitchen air fryer?,FanboyFilms2,"UPDATE - 2023, May 2: My air fryer stopped working again 2 days ago, exactly 3 months after the fix in this video. I speed-ran to the fuse and got it replaced, including the tricky nut, in about 90 minutes. Only then did I do proper testing and realize that the fuse wasn't the problem. I decided to try replacing the switch next, which did the trick. $12.99 bought me a box of 6 switches on Amazon.com. ================================================================================ I've watched a ",https://archive.org/details/youtube-3emzRi3gdiQ,,3emzRi3gdiQ.mp4,MPEG4,281204276,1547.12,1280,720,"title:(""air fryer"")",8,selected_for_download,
airfryer-019,Air Fryer,TikTok-7218339788535893294,"Who doesn't love crispy and succulent pork belly? 😍 I'm excited to share part 1 of my Thịt Heo Quay in the air fryer recipe with you all! This is my parent’s quick version of the classic Vietnamese roasted pork belly, which is usually made in the oven or over a fire pit. With the air fryer, you can achieve the same crispy skin and juicy meat without the hassle of constantly turning and checking on it. 🔥 For part 1 of the recipe, we'll be preparing the pork belly by marinating it with a delicious blend of seasonings. Then, letting it marinate overnight. 🌓 Stay tuned for part 2 on how to finish the Thịt Heo Quay! 😋 👩🏼‍🍳 Full recipe on Jenhdao.com 🔎 Search “Thịt Heo Quay” #ThitHeoQuay #AirFryerRecipe #VietnameseFood #PorkBelly #crispypork #jenhdao #asianrecipes #EasyRecipes #ocfoodie #recipereels #asmreating #foodasmr #asmrfood #levelupprogram #tiktokpartner #WomenOfTikTok",jenhdao,,https://archive.org/details/TikTok-7218339788535893294,,7218339788535893294.ia.mp4,h.264 IA,6033567,59.47,270,480,"title:(""air fryer"")",6,selected_for_download,
airfryer-018,Air Fryer,TikTok-7248044505042111762,"Making a restaurant quality crispy pork belly doesn't have to be complicated. In fact, you can make one that looks and sounds just like this on a budget using an air fryer. Oh, did I also mention this dish costs under $25 and feeds the whole family!?!? 😮‍💨 I loved using the Ninja Foodi Max XXXL Dual Zone 9.5L Air Fryer AF400. I was able to cook both the pork belly and veggies to perfection thanks to the double barrel dual action of this beauty. I also made a quick red wine jus using ingredients I already had at home! 🫦 Your next Sunday roast just got a wholeeee lot better (and cheaper) 😉 #NinjaKitchenAU #NinjaAF400 #NinjaAirFryer @Ninja Kitchen Australia",jasminseats,,https://archive.org/details/TikTok-7248044505042111762,,7248044505042111762.ia.mp4,h.264 IA,5875781,59.4,270,480,"title:(""air fryer"")",6,selected_for_download,
airfryer-022,Air Fryer,mmcmd-Tina_s_Joyful_Kitchen-_Air_Fryer_Chicken_and_Veggie_Crunch_Salad,Tina's Joyful Kitchen- Air Fryer Chicken and Veggie Crunch Salad,Montgomery Municipal Cable - MMC-TV,"Kickoff 2023 with these new recipes from Tina's Joyful Kitchen. In the first episode of the New Year, Tina McDermott shows us how to season and make Succulent Air Fryer Chicken and a Veggie Crunch Salad with Creamy Tahini Dressing. Enjoy! -----------\r Connect with MMCTV online: https://www.mmctv.org/\r \r Subscribe to us on YouTube: https://www.youtube.com/channel/UCeUuQ-ztb-QetB7TmIscDvg\r \r Follow us on social media:\r Facebook: https://www.facebook.com/MMCTVCHANNEL16/\r Twitter: https://twi",https://archive.org/details/mmcmd-Tina_s_Joyful_Kitchen-_Air_Fryer_Chicken_and_Veggie_Crunch_Salad,,Tina_s_Joyful_Kitchen-_Air_Fryer_Chicken_and_Veggie_Crunch_Salad.mp4,h.264,160382516,1644.11,854,480,"title:(""air fryer"")",6,selected_for_download,
airfryer-020,Air Fryer,youtube-53Kg3tKZEOA,How to make Air Fryer Potato Stacks with a Sardine Tapenade #wildplanet #sardines #shorts #recipe,Wild Planet Foods,Recipe by @Nikjenkinss #wildplanet #sardines #sardinerecipe #sardine #wildplanetsardines #recipe #recipeshorts #recipes #seafood #seafoodrecipes #seafoodlover #highprotein #highproteinrecipes #dinner #dinnerideas #dinnerecipe #easyrecipe #nutrition #healthyrecipes #healthydinnerrecipe #healtyrecipe,https://archive.org/details/youtube-53Kg3tKZEOA,,53Kg3tKZEOA.ia.mp4,h.264 IA,8924284,88.19,270,480,"title:(""air fryer"")",6,selected_for_download,
airfryer-021,Air Fryer,youtube-macMh9YZYjY,I COOKED FOUR STEAKS WITH FOUR DIFFERENT TYPES OF HAWAIIAN 🌴 SALTS IN MY AIR FRYER,Alaska Prepper,"I COOKED FOUR STEAKS WITH FOUR DIFFERENT TYPES OF HAWAIIAN 🌴 SALTS IN MY AIR FRYER Thank you for joining me today, Many Blessings to all of you and your Families. TO SUPPORT THE CHANNEL PLEASE SEE LINKS BELOW: OUPES SOLAR GENERATOR: https://bit.ly/3QHLXNT Use Code: BESTSALE for additional 15% Off ANYTHING Feed Your Freedom With Nutrient Survival: https://alnk.to/7qeCARw Use The Code BREADBOXAP for 10% any order & Receive a Free N.S. Bread Box if you purchase any Four items. AMAZON STOREFRONT; AL",https://archive.org/details/youtube-macMh9YZYjY,,macMh9YZYjY.mp4,h.264,82041292,781.17,854,480,"title:(""air fryer"")",6,selected_for_download,
airfryer-025,Air Fryer,TikTok-7487429074529307950,My top five air fryer recipes #food #chicken #potatoes #april #crabra...,pearlmania500,My top five air fryer recipes #food #chicken #potatoes #april #crabrangoon #falafel #mozzarellasticks #eggrolls #kitchen I don’t know what I did before I had an air fryer!,https://archive.org/details/TikTok-7487429074529307950,,7487429074529307950.ia.mp4,h.264 IA,8698560,89.33,270,480,"title:(""air fryer"")",5,selected_for_download,
airfryer-028,Air Fryer,gctvva-Library_Kitchen_-_Easy_Air_Fryer_Egg_Cups,Library Kitchen: Easy Air Fryer Egg Cups,Gloucester County VA,"Recipe: Ingredients: 4-Eggs 2 cups-Cheddar Cheese ½ cup 2% Cottage Cheese ¼ cup-Heavy (whipping) Cream 1 tbsp-Bacon Bits ½ tsp Salt ½ tsp Black Pepper Directions: In a blender, combine the Eggs, Cheddar Cheese, Cottage Cheese, Cream, Bacon Bits, Salt, and Pepper. Blend on high for 20 seconds. Pour the Egg batter into a silicone muffin mold. Preheat air fryer to 360 degrees. Place inside the air fryer basket, bake for 4 minutes, until muffins are no longer moist on top, and serve.",https://archive.org/details/gctvva-Library_Kitchen_-_Easy_Air_Fryer_Egg_Cups,,Library_Kitchen_-_Easy_Air_Fryer_Egg_Cups.mp4,h.264,33346135,330.07,854,480,"title:(""air fryer"")",5,selected_for_download,
airfryer-026,Air Fryer,monterca-MontereyRecreation_Presents_-_That_s_Good_Air_Fryer_Donuts_Demo,MontereyRecreation Presents: That's Good! Air Fryer Donuts Demo,City of Monterey CA,,https://archive.org/details/monterca-MontereyRecreation_Presents_-_That_s_Good_Air_Fryer_Donuts_Demo,,MontereyRecreation_Presents_-_That_s_Good_Air_Fryer_Donuts_Demo.mp4,h.264,18906767,213.51,854,480,"title:(""air fryer"")",5,selected_for_download,
airfryer-023,Air Fryer,youtube-9lewk8Z5Htk,Steak and chips cooked in an air fryer quick and easy #shorts,Chefstravels,,https://archive.org/details/youtube-9lewk8Z5Htk,https://creativecommons.org/licenses/by/3.0/,9lewk8Z5Htk.mp4,h.264,4579430,45.78,270,480,"title:(""air fryer"")",5,selected_for_download,
airfryer-024,Air Fryer,youtube-NmN53yuxr-U,NuWave Brio Digital Air Fryer,NuWave LLC,"Learn all about how the NuWave Brio Digital Air Fryer can help you prepare delicious fried foods quickly, easily, and without using any oil! Source: https://www.youtube.com/watch?v=NmN53yuxr-U Uploader: NuWave LLC Upload date: 2017-05-12",https://archive.org/details/youtube-NmN53yuxr-U,,NuWave_Brio_Digital_Air_Fryer-NmN53yuxr-U.mp4,MPEG4,8386734,135.77,640,360,"title:(""air fryer"")",5,selected_for_download,
airfryer-027,Air Fryer,youtube-ohiGKnzmfAY,Cooking With Bob: Air Fryer or Oven Baked Buffalo Wings?,The American Patriot,"Naaaaah........Sorry, but none of the above.",https://archive.org/details/youtube-ohiGKnzmfAY,,ohiGKnzmfAY.mp4,h.264,28793934,283.43,854,480,"title:(""air fryer"")",5,selected_for_download,
,Air Fryer,youtube-3Vbz2jbYIv0,Cosori Air Fryer - Review,Dave Hales,Cosori Air Fryer 5.8Qt Review. We received a Cosori Air Fryer and we have had a chance to make several recipes with it. This is our review. You can find it on Amazon https://amzn.to/2Par0vX or if you are interested in saving up to $40.99 click here to lean how https://cosori.vesync.com/ These are the Wax paper liners mentioned in our review https://amzn.to/2Iw06xj,https://archive.org/details/youtube-3Vbz2jbYIv0,,3Vbz2jbYIv0.mp4,h.264,50026678,506.19,854,480,"title:(""air fryer"")",5,eligible,
,Air Fryer,youtube-6rIqOnwzWqo,Air Fryer Whole Chicken Tandoori - using the Philips HD9270 Air Fryer,1GuyInHisKitchen,,https://archive.org/details/youtube-6rIqOnwzWqo,,6rIqOnwzWqo.mp4,h.264,53886606,518.7,854,480,"title:(""air fryer"")",5,eligible,
,Air Fryer,youtube-AGB-el0LNgwfL0E,The CRISPIEST Air Fryer Potatoes Of All Time.,Felu - Fit by cooking,Premium extra virgin olive oil: https://petrousaoil.com/en/products/extra-virgin-oliveoil My cookbook is out now: https://payhip.com/b/7ubMY Nakiri style Knife: https://felu.co/products/the-felu-knife My Patreon if you want to support this project: https://www.patreon.com/FeluFitbyCooking Connect on IG: https://www.instagram.com/felufit AMAZON LINKS: Kitchen scale: https://amzn.to/3TP73v6 Meal prep container: https://amzn.to/3vZLQF4 Non stick pan: https://amzn.to/3NsQ5An bowls: https://amzn.to/3,https://archive.org/details/youtube-AGB-el0LNgwfL0E,,el0LNgwfL0E.webm,WebM,81038945,294.11,3840,2160,"title:(""air fryer"")",5,eligible,
,Air Fryer,youtube-FXonFrCViJw,5 foods I only cook In the air fryer.,Pro Home Cooks,,https://archive.org/details/youtube-FXonFrCViJw,,FXonFrCViJw.mp4,h.264,117810471,1193.0,854,480,"title:(""air fryer"")",5,eligible,
,Air Fryer,youtube-aMaTBZwKfBA,How To Make Crispy Pork Belly in the AirFryer! Perfect crunchy pork crackling everytime!!,The Smoker Baker,,https://archive.org/details/youtube-aMaTBZwKfBA,,aMaTBZwKfBA.mp4,h.264,68251869,650.59,1066,480,title:(airfryer),5,eligible,
,Air Fryer,youtube-kZ7aZNe74mg,Kentucky Fried Chicken Recipe | Air Fryer - No Oil | Secret 11 Spices HERE | KFC,Rebecca Brand,,https://archive.org/details/youtube-kZ7aZNe74mg,,kZ7aZNe74mg.mp4,h.264,60954618,624.17,854,480,"title:(""air fryer"")",5,eligible,
,Air Fryer,adam-ragusea-steak-frites-from-scratch-in-air-fryer-with-next-day-quesadilla,"Steak frites from scratch in 'air fryer,' with next-day quesadilla",Adam Ragusea,Video posted by Adam Ragusea on his Youtube channel Original Youtube Video Description Thanks to Tastee for sponsoring! Check out the Tastee Sensor Magic Smart Air Fryer: https://bit.ly/43e07Nx,https://archive.org/details/adam-ragusea-steak-frites-from-scratch-in-air-fryer-with-next-day-quesadilla,,steak-frites-from-scratch-in-air-fryer-with-next-day-quesadilla.mp4,h.264,37117810,380.4,854,480,"title:(""air fryer"")",4,eligible,
,Air Fryer,ctv3in-Extension_Kitchen_-_Air_Fryer_Blueberry_Crisp,Extension Kitchen - Air Fryer Blueberry Crisp,CTV3,Extension Kitchen - Air Fryer Blueberry Crisp February 2024,https://archive.org/details/ctv3in-Extension_Kitchen_-_Air_Fryer_Blueberry_Crisp,,Extension_Kitchen_-_Air_Fryer_Blueberry_Crisp.mp4,h.264,133245574,1369.77,854,480,"title:(""air fryer"")",4,eligible,
,Air Fryer,monterca-Monterey_Recreation_Presents_-_That_s_Good_Air_Fryer_Nacho_Fries,Monterey Recreation Presents: That's Good! Air Fryer Nacho Fries,City of Monterey CA,,https://archive.org/details/monterca-Monterey_Recreation_Presents_-_That_s_Good_Air_Fryer_Nacho_Fries,,Monterey_Recreation_Presents_-_That_s_Good_Air_Fryer_Nacho_Fries.mp4,h.264,13661270,158.31,854,480,"title:(""air fryer"")",4,eligible,
,Air Fryer,philips-airfryer,Philips Airfryer,Archive contributor,Air Fryer,https://archive.org/details/philips-airfryer,,Philips Airfryer.ia.mp4,h.264 IA,109649234,1630.88,640,360,title:(airfryer),4,eligible,
,Air Fryer,receitas-para-airfryer,Receitas Para Airfryer,Archive contributor,Melhores Receitas Para Airfryer,https://archive.org/details/receitas-para-airfryer,,Receitas para Airfryer.mp4,MPEG4,17541715,103.61,1280,720,title:(airfryer),4,eligible,
,Air Fryer,twitch-vod-v1920923882,air fryer bread pudding ?!?,mvngokitty,,https://archive.org/details/twitch-vod-v1920923882,,,,,,,,"title:(""air fryer"")",4,reject_file,no bounded video file
,Air Fryer,twitch-vod-v1941894876,eepizza♫♪ Dancin' !sus !gg !dad !airfryer,ronn,Source: https://www.twitch.tv/videos/1941894876 Uploader: ronn,https://archive.org/details/twitch-vod-v1941894876,,,,,,,,title:(airfryer),4,reject_file,no bounded video file
,Air Fryer,twitch-vod-v1942666022,down with the thiccness ♫♪ Dancin' !sus !gg !dad !airfryer,ronn,Source: https://www.twitch.tv/videos/1942666022 Uploader: ronn,https://archive.org/details/twitch-vod-v1942666022,,,,,,,,title:(airfryer),4,reject_file,no bounded video file
,Air Fryer,twitch-vod-v1944241737,new hands oh wow then beating aminals later (ingame) ♫♪ Dancin' !sus !gg !dad !airfryer,ronn,Source: https://www.twitch.tv/videos/1944241737 Uploader: ronn,https://archive.org/details/twitch-vod-v1944241737,,,,,,,,title:(airfryer),4,reject_file,no bounded video file
,Air Fryer,twitch-vod-v1945258786,geeyat ♫♪ Dancin' !sus !gg !dad !airfryer,ronn,Source: https://www.twitch.tv/videos/1945258786 Uploader: ronn,https://archive.org/details/twitch-vod-v1945258786,,,,,,,,title:(airfryer),4,reject_file,no bounded video file
,Air Fryer,twitch-vod-v1946145834,real sunday strim wow♫♪ Dancin' !sus !gg !dad !airfryer,ronn,Source: https://www.twitch.tv/videos/1946145834 Uploader: ronn,https://archive.org/details/twitch-vod-v1946145834,,,,,,,,title:(airfryer),4,reject_file,no bounded video file
,Air Fryer,twitch-vod-v1948463407,HyperCokeShakeyBoom ♫♪ Dancin' !sus !gg !dad !airfryer,ronn,Source: https://www.twitch.tv/videos/1948463407 Uploader: ronn,https://archive.org/details/twitch-vod-v1948463407,,,,,,,,title:(airfryer),4,reject_file,no bounded video file
,Air Fryer,twitch-vod-v1949324166,what is blud yappin about ♫♪ Dancin' !sus !gg !dad !airfryer,ronn,Source: https://www.twitch.tv/videos/1949324166 Uploader: ronn,https://archive.org/details/twitch-vod-v1949324166,,,,,,,,title:(airfryer),4,reject_file,no bounded video file
,Air Fryer,twitch-vod-v1951075399,rom and coke / last DAD night before tcon i cri ♫♪ Dancin' !sus !gg !dad !airfryer,ronn,Source: https://www.twitch.tv/videos/1951075399 Uploader: ronn,https://archive.org/details/twitch-vod-v1951075399,,,,,,,,title:(airfryer),4,reject_file,no bounded video file
,Air Fryer,twitch-vod-v1962813502,spoopy dusk of D.A.D. ♫♪ Dancin' !sus !gg !DAD !airfryer,ronn,Source: https://www.twitch.tv/videos/1962813502 Uploader: ronn,https://archive.org/details/twitch-vod-v1962813502,,,,,,,,title:(airfryer),4,reject_file,no bounded video file
,Air Fryer,twitch-vod-v1962865868,spoopy dusk of D.A.D. ♫♪ Dancin' !sus !gg !DAD !airfryer,ronn,Source: https://www.twitch.tv/videos/1962865868 Uploader: ronn,https://archive.org/details/twitch-vod-v1962865868,,,,,,,,title:(airfryer),4,reject_file,no bounded video file
,Air Fryer,twitch-vod-v1964410780,oopy shrimp♫♪ Dancin' !sus !gg !DAD !airfryer,ronn,Source: https://www.twitch.tv/videos/1964410780 Uploader: ronn,https://archive.org/details/twitch-vod-v1964410780,,,,,,,,title:(airfryer),4,reject_file,no bounded video file
,Air Fryer,twitch-vod-v1965277635,happy weeny day ♫♪ Dancin' !sus !gg !dad !airfryer,ronn,Source: https://www.twitch.tv/videos/1965277635 Uploader: ronn,https://archive.org/details/twitch-vod-v1965277635,,,,,,,,title:(airfryer),4,reject_file,no bounded video file
,Air Fryer,twitch-vod-v1969634223,eeby and neebies to sleeby ♫♪ Dancin' !sus !gg !dad !airfryer,ronn,Source: https://www.twitch.tv/videos/1969634223 Uploader: ronn,https://archive.org/details/twitch-vod-v1969634223,,,,,,,,title:(airfryer),4,reject_file,no bounded video file
,Air Fryer,twitch-vod-v1973138263,^ dummy ♫♪ Dancin' !pplus !sus !gg !dad !airfryer,ronn,Source: https://www.twitch.tv/videos/1973138263 Uploader: ronn,https://archive.org/details/twitch-vod-v1973138263,,,,,,,,title:(airfryer),4,reject_file,no bounded video file
,Air Fryer,twitch-vod-v1975080825,DAD night x White Claw ong ♫♪ Dancin' !pplus !sus !gg !dad !airfryer,ronn,Source: https://www.twitch.tv/videos/1975080825 Uploader: ronn,https://archive.org/details/twitch-vod-v1975080825,,,,,,,,title:(airfryer),4,reject_file,no bounded video file
,Air Fryer,twitch-vod-v1976661468,buh ♫♪ Dancin' !pplus !sus !gg !dad !airfryer,ronn,Source: https://www.twitch.tv/videos/1976661468 Uploader: ronn,https://archive.org/details/twitch-vod-v1976661468,,,,,,,,title:(airfryer),4,reject_file,no bounded video file
,Air Fryer,twitch-vod-v1979313740,full time pizza ♫♪ Dancin' !pplus !sus !gg !dad !airfryer,ronn,Source: https://www.twitch.tv/videos/1979313740 Uploader: ronn,https://archive.org/details/twitch-vod-v1979313740,,,,,,,,title:(airfryer),4,reject_file,no bounded video file
,Air Fryer,twitch-vod-v1980054821,great asset to the company ♫♪ Dancin' !pplus !sus !gg !dad !airfryer,ronn,Source: https://www.twitch.tv/videos/1980054821 Uploader: ronn,https://archive.org/details/twitch-vod-v1980054821,,,,,,,,title:(airfryer),4,reject_file,no bounded video file
,Air Fryer,twitch-vod-v1981089742,"youre so pretty, youre so popular ♫♪ Dancin' !pplus !sus !gg !dad !airfryer",ronn,Source: https://www.twitch.tv/videos/1981089742 Uploader: ronn,https://archive.org/details/twitch-vod-v1981089742,,,,,,,,title:(airfryer),4,reject_file,no bounded video file
,Air Fryer,twitch-vod-v1983707383,aloo ♫♪ Dancin' !pplus !sus !gg !dad !airfryer,ronn,Source: https://www.twitch.tv/videos/1983707383 Uploader: ronn,https://archive.org/details/twitch-vod-v1983707383,,,,,,,,title:(airfryer),4,reject_file,no bounded video file
,Air Fryer,twitch-vod-v1986209765,living a quota at a time ♫♪ Dancin' !pplus !sus !gg !dad !airfryer,ronn,Source: https://www.twitch.tv/videos/1986209765 Uploader: ronn,https://archive.org/details/twitch-vod-v1986209765,,,,,,,,title:(airfryer),4,reject_file,no bounded video file
,Air Fryer,twitch-vod-v1998769752,stinky asset ♫♪ Dancin' !pplus !sus !gg !dad !airfryer,ronn,Source: https://www.twitch.tv/videos/1998769752 Uploader: ronn,https://archive.org/details/twitch-vod-v1998769752,,,,,,,,title:(airfryer),4,reject_file,no bounded video file
,Air Fryer,twitch-vod-v2002703922,hypotentionally vive undebut retirement if keikaku be true ♫♪ Dancin' !pplus !sus !gg !dad !airfryer,ronn,Source: https://www.twitch.tv/videos/2002703922 Uploader: ronn,https://archive.org/details/twitch-vod-v2002703922,,,,,,,,title:(airfryer),4,reject_file,no bounded video file
,Air Fryer,twitch-vod-v2011174975,coffee shrimp (quota hours later) ♫♪ Dancin' !pplus !sus !gg !dad !airfryer,ronn,Source: https://www.twitch.tv/videos/2011174975 Uploader: ronn,https://archive.org/details/twitch-vod-v2011174975,,,,,,,,title:(airfryer),4,reject_file,no bounded video file
,Air Fryer,twitch-vod-v2012211937,Late evening father Christmilk retrieval ♫♪ Dancin' !pplus !sus !gg !dad !airfryer,ronn,Source: https://www.twitch.tv/videos/2012211937 Uploader: ronn,https://archive.org/details/twitch-vod-v2012211937,,,,,,,,title:(airfryer),4,reject_file,no bounded video file
,Air Fryer,twitch-vod-v2019122288,Evening of fatherly sins ♫♪ Dancin' !pplus !sus !gg !dad !airfryer,ronn,Source: https://www.twitch.tv/videos/2019122288 Uploader: ronn,https://archive.org/details/twitch-vod-v2019122288,,,,,,,,title:(airfryer),4,reject_file,no bounded video file
,Air Fryer,twitch-vod-v2021913821,Anita Max Wynn ♫♪ Dancin' !pplus !sus !gg !dad !airfryer,ronn,Source: https://www.twitch.tv/videos/2021913821 Uploader: ronn,https://archive.org/details/twitch-vod-v2021913821,,,,,,,,title:(airfryer),4,reject_file,no bounded video file
,Air Fryer,twitch-vod-v2023685802,quota THIS ♫♪ Dancin' !pplus !sus !gg !dad !airfryer,ronn,Source: https://www.twitch.tv/videos/2023685802 Uploader: ronn,https://archive.org/details/twitch-vod-v2023685802,,,,,,,,title:(airfryer),4,reject_file,no bounded video file
,Air Fryer,twitch-vod-v2030517016,quota enjoyer ♫♪ Dancin' !pplus !sus !gg !dad !airfryer,ronn,Source: https://www.twitch.tv/videos/2030517016 Uploader: ronn,https://archive.org/details/twitch-vod-v2030517016,,,,,,,,title:(airfryer),4,reject_file,no bounded video file
,Air Fryer,twitch-vod-v2032642502,Pizza in the backrooms ♫♪ Dancin' !pplus !sus !gg !dad !airfryer,ronn,Source: https://www.twitch.tv/videos/2032642502 Uploader: ronn,https://archive.org/details/twitch-vod-v2032642502,,,,,,,,title:(airfryer),4,reject_file,no bounded video file
,Air Fryer,twitch-vod-v2035535329,pizza once again enters the backrooms ♫♪ Dancin' !pplus !sus !gg !dad !airfryer,ronn,Source: https://www.twitch.tv/videos/2035535329 Uploader: ronn,https://archive.org/details/twitch-vod-v2035535329,,,,,,,,title:(airfryer),4,reject_file,no bounded video file
,Air Fryer,twitch-vod-v2037484681,weekly 80-hour night shift ♫♪ Dancin' !pplus !sus !gg !dad !airfryer,ronn,Source: https://www.twitch.tv/videos/2037484681 Uploader: ronn,https://archive.org/details/twitch-vod-v2037484681,,,,,,,,title:(airfryer),4,reject_file,no bounded video file
,Air Fryer,twitch-vod-v2039794488,Pal-kemon noob ♫♪ Enslavin' !pplus !sus !gg !dad !airfryer,ronn,Source: https://www.twitch.tv/videos/2039794488 Uploader: ronn,https://archive.org/details/twitch-vod-v2039794488,,,,,,,,title:(airfryer),4,reject_file,no bounded video file
,Air Fryer,twitch-vod-v2049410856,we partner+ cuh ♫♪ Dancin' !pplus !sus !gg !dad !airfryer,ronn,Source: https://www.twitch.tv/videos/2049410856 Uploader: ronn,https://archive.org/details/twitch-vod-v2049410856,,,,,,,,title:(airfryer),4,reject_file,no bounded video file
,Air Fryer,twitch-vod-v2065897037,late night pizza ♫♪ Dancin' !sus !gg !dad !airfryer,ronn,Source: https://www.twitch.tv/videos/2065897037 Uploader: ronn,https://archive.org/details/twitch-vod-v2065897037,,,,,,,,title:(airfryer),4,reject_file,no bounded video file
,Air Fryer,twitch-vod-v2071585042,quest to quota ♫♪ Dancin' !sus !gg !dad !airfryer,ronn,Source: https://www.twitch.tv/videos/2071585042 Uploader: ronn,https://archive.org/details/twitch-vod-v2071585042,,,,,,,,title:(airfryer),4,reject_file,no bounded video file
,Air Fryer,twitch-vod-v2072737753,DAD Night x lightning thighs ♫♪ Dancin' !zap !sus !gg !dad !airfryer,ronn,Source: https://www.twitch.tv/videos/2072737753 Uploader: ronn,https://archive.org/details/twitch-vod-v2072737753,,,,,,,,title:(airfryer),4,reject_file,no bounded video file
,Air Fryer,twitch-vod-v2075515992,totes early ♫♪ Dancin' !sus !gg !dad !airfryer,ronn,Source: https://www.twitch.tv/videos/2075515992 Uploader: ronn,https://archive.org/details/twitch-vod-v2075515992,,,,,,,,title:(airfryer),4,reject_file,no bounded video file
,Air Fryer,twitch-vod-v2076500420,i love it on ♫♪ Dancin' !sus !gg !dad !airfryer,ronn,Source: https://www.twitch.tv/videos/2076500420 Uploader: ronn,https://archive.org/details/twitch-vod-v2076500420,,,,,,,,title:(airfryer),4,reject_file,no bounded video file
,Air Fryer,twitch-vod-v2084143833,throwbackkk ♫♪ Dancin' !sus !gg !dad !airfryer,ronn,Source: https://www.twitch.tv/videos/2084143833 Uploader: ronn,https://archive.org/details/twitch-vod-v2084143833,,,,,,,,title:(airfryer),4,reject_file,no bounded video file
,Air Fryer,twitch-vod-v2085102815,cheersing the day of the lasses ♫♪ Dancin' !sus !gg !dad !airfryer,ronn,Source: https://www.twitch.tv/videos/2085102815 Uploader: ronn,https://archive.org/details/twitch-vod-v2085102815,,,,,,,,title:(airfryer),4,reject_file,no bounded video file
,Air Fryer,twitch-vod-v2086191826,DAD Night x professional pool player ronnathy ronnilius ronnton soup the third ♫♪ Dancin' !sus !gg !dad !airfryer,ronn,Source: https://www.twitch.tv/videos/2086191826 Uploader: ronn,https://archive.org/details/twitch-vod-v2086191826,,,,,,,,title:(airfryer),4,reject_file,no bounded video file
,Air Fryer,twitch-vod-v2087247186,regen after degen ♫♪ Dancin' !sus !gg !dad !airfryer,ronn,Source: https://www.twitch.tv/videos/2087247186 Uploader: ronn,https://archive.org/details/twitch-vod-v2087247186,,,,,,,,title:(airfryer),4,reject_file,no bounded video file
,Air Fryer,twitch-vod-v2099507018,skitzo pishock dusk of the green fathers ♫♪ Dancin' !zap !sus !gg !dad !airfryer !giveaway,ronn,Source: https://www.twitch.tv/videos/2099507018 Uploader: ronn,https://archive.org/details/twitch-vod-v2099507018,,,,,,,,title:(airfryer),4,reject_file,no bounded video file
,Air Fryer,twitch-vod-v2806001516,heute live aus einem air fryer aka meine wohnung (hilfe) !Holy !prepmymeal !Elusa,AnniTheDuck,Source: https://www.twitch.tv/videos/2806001516 Uploader: AnniTheDuck,https://archive.org/details/twitch-vod-v2806001516,,,,,,,,"title:(""air fryer"")",4,reject_file,no bounded video file
,Air Fryer,youtube-AUdVJ3NxX58,NuWave Brio Digital Air Fryer Infomercial,NuWave LLC,Learn more about the NuWave Brio Digital Air Fryer by visiting http://nuwavebrio.com/ Source: https://www.youtube.com/watch?v=AUdVJ3NxX58 Uploader: NuWave LLC Upload date: 2017-02-07,https://archive.org/details/youtube-AUdVJ3NxX58,,NuWave_Brio_Digital_Air_Fryer_Infomercial-AUdVJ3NxX58.mp4,h.264,154419718,1484.44,640,360,"title:(""air fryer"")",4,eligible,
,Air Fryer,youtube-J6Y4jJKDTLM,The Air Fryer!,Chad Prather,,https://archive.org/details/youtube-J6Y4jJKDTLM,,J6Y4jJKDTLM.mp4,h.264,4696011,47.75,270,480,"title:(""air fryer"")",4,eligible,
,Air Fryer,youtube-MCemeF8NHlA,"Lunch in Bar U Ranch, Alberta. Grilled Cheese in the air fryer.",Piper Unplugged,"Lunch in Bar U Ranch, Alberta. Grilled Cheese in the air fryer. Gruyere Swiss is the cheese, and vegetables with Ranch dip. How thematic 😅 #Tesla #tailgatelunch #tesla #ranch #ev ─── ⚡ links & referrals ─── 🛒 Amazon storefront (gear we use): https://amazon.com/shop/piperunplugged 🔗 All our links: https://piperunplugged.com Some links above are referral links — we earn credit if you sign up. As an Amazon Influencer, we earn from qualifying purchases.",https://archive.org/details/youtube-MCemeF8NHlA,,MCemeF8NHlA.mp4,h.264,3230976,31.66,270,480,"title:(""air fryer"")",4,eligible,
,Air Fryer,youtube-UNKXjVfeK5k,You Don't Know Half of Them! 7 Tricks With Air Fryer That Are Borderline Genius!,Webspoon World,,https://archive.org/details/youtube-UNKXjVfeK5k,,UNKXjVfeK5k.mp4,h.264,73848853,732.85,854,480,"title:(""air fryer"")",4,eligible,
,Air Fryer,youtube-gfb0tMKKaZg,air fryer | @DIEMARCHIVE | #animation #airfryer #comedy,DIEM,,https://archive.org/details/youtube-gfb0tMKKaZg,,gfb0tMKKaZg.mp4,h.264,1466460,18.35,480,480,"title:(""air fryer"")",4,eligible,
,Air Fryer,youtube-y7lrgRMQSjg,SUPER EASY CRISPY PORK BELLY - AIR FRYER,Rico Halim,,https://archive.org/details/youtube-y7lrgRMQSjg,,y7lrgRMQSjg.mp4,h.264,30943641,301.5,854,480,"title:(""air fryer"")",4,eligible,
,Air Fryer,HomeGadgetGeeks355FVideoLarge,Maika Leibbrandt talks Ember Temperature Control Mugs and Phillips Digital Airfryer - HGG355 (Video),Jim Collison,"Maika Leibbrandt / @ maikabauerle joins Jim Collison / @jcollison for show #355 of Home Gadget Geeks brought to you by the Average Guy Network WANT TO SUBSCRIBE? http://theAverageGuy.tv/subscribe Join us for the show live each Thursday at 8pmC/9E/1UTC at http://theAverageGuy.tv/live Full show notes and video at http://theAverageGuy.tv/hgg355 Tags: Podcast, Home Gadget Geeks, Ember, Travel Mug, Phillips, Airfryer",https://archive.org/details/HomeGadgetGeeks355FVideoLarge,http://creativecommons.org/licenses/by-nc-nd/4.0/,,,,,,,title:(airfryer),0,reject_file,negative terms: podcast; no bounded video file
,Air Fryer,HomeGadgetGeeks360FVideoLarge,"NuWave Brio Air Fryer, Podcast Listening Platforms, Instagram Reaches 1B and Sleepless Nights - HGG360 (Video)",Jim Collison,Join Jim Collison / @jcollison and Dave Jaskson / @ learntopodcast for show #360 of Home Gadget Geeks brought to you by the Average Guy Network WANT TO SUBSCRIBE? http://theAverageGuy.tv/subscribe Join us for the show live each Thursday at 8pmC/9E/1UTC at http://theAverageGuy.tv/live Full show notes and video at http://theAverageGuy.tv/hgg360,https://archive.org/details/HomeGadgetGeeks360FVideoLarge,http://creativecommons.org/licenses/by-nc-nd/4.0/,,,,,,,"title:(""air fryer"")",0,reject_file,negative terms: podcast; no bounded video file
,Air Fryer,videate_youtube_6Gfw3yERqoc_995_-_Caramilk_In_An_Air_Fryer_-_The_Daily_Talk_Show,videate_youtube_6Gfw3yERqoc_995_-_Caramilk_In_An_Air_Fryer_-_The_Daily_Talk_Show,Archive contributor,,https://archive.org/details/videate_youtube_6Gfw3yERqoc_995_-_Caramilk_In_An_Air_Fryer_-_The_Daily_Talk_Show,,videate_youtube_6Gfw3yERqoc_995_-_Caramilk_In_An_Air_Fryer_-_The_Daily_Talk_Show.mp4,MPEG4,72125013,1568.46,640,360,"title:(""air fryer"")",0,reject_metadata,no class term in title/description
,Air Fryer,youtube-5izkcXJw5JA,Air Fryer Snapchat Hell,NoMad,viral tiktok trends and satisfying videos galore! Kidding! I'm talking about Snapchat videos instead including this one guy I found. youtube essays have not talked about this guy nor commentary essays so I guess I have to be the first. dont forget hulk smash like and subscribe I love attention and the proceeds from this video go into my air fryer,https://archive.org/details/youtube-5izkcXJw5JA,,,,,,,,"title:(""air fryer"")",0,reject_file,negative terms: snapchat; no bounded video file
,Air Fryer,youtube-JFb6c9-gMzI,Bri Larson Air Fryer Commercial | ROTC Clip,ROTC Clips,Bri Larson Air Fryer Commercial | ROTC Clip. Her new But will it air fry videos are full of personality.... oh wait 6/4/2021 Main Show- Mon-Fri 4pm-6pm est https://www.youtube.com/RevengeOfTheCis Solo shows: Daywave: https://www.youtube.com/daywaveradio Nightwave: https://www.youtube.com/nightwaveradio We have merchandise now! Check out our store: https://teespring.com/stores/revenge-of-the-cis PAYPAL: http://www.paypal.me/WereNotSorry PATREON: https://www.patreon.com/WereNotSorry WEBSITE: https,https://archive.org/details/youtube-JFb6c9-gMzI,,JFb6c9-gMzI.mp4,h.264,28571766,288.24,854,480,"title:(""air fryer"")",0,reject_metadata,negative terms: commercial
espresso-017,Espresso Machine,how-to-fix-jura-a1-model-espresso-machine,How to fix Jura A1 Model Espresso Machine,Archive contributor,How to fix espresso machine Jura A1 model,https://archive.org/details/how-to-fix-jura-a1-model-espresso-machine,https://creativecommons.org/publicdomain/mark/1.0/,YTDown_YouTube_Media_lIR29ffd3PE_001_1080p.mp4,MPEG4,307884231,663.84,1920,1080,"title:(""espresso machine"")",6,selected_for_download,
espresso-018,Espresso Machine,youtube-llFWIu51xb8,Portable espresso maker goes wherever you go,Insider,"The Wacaco Company makes the MiniPresso GR Espresso Maker so that you can make coffee wherever you are. Just add coffee grounds and hot water! If you're on the go and want these products, use our links. We'll make some money to support our videos. MiniPresso: http://insder.co/minipresso memobottle: http://insder.co/memobottl Stojo Collapsible Cup: http://amzn.to/2c8ttn6 ThinOPTICS: http://amzn.to/2eYTSa1 The INSIDER team believes that life is an adventure! Subscribe to our channel and visit us a",https://archive.org/details/youtube-llFWIu51xb8,,llFWIu51xb8.mp4,h.264,9021304,93.52,854,480,"title:(""espresso maker"")",5,selected_for_download,
espresso-020,Espresso Machine,Anthonysespresso.comSaecoEspressoMachine,Saeco Espresso Machine,Archive contributor,Saeco espresso machine - http://anthonysespresso.com/residential-coffee-machines/Philips-Saeco,https://archive.org/details/Anthonysespresso.comSaecoEspressoMachine,,anthonysespresso.com - Saeco espresso machine.mp4,MPEG4,7310600,63.66,1280,720,"title:(""espresso machine"")",4,selected_for_download,
espresso-019,Espresso Machine,SaecoEspressoMachine_201708,Saeco espresso machine,Archive contributor,saeco espresso machine - http://anthonysespresso.com/,https://archive.org/details/SaecoEspressoMachine_201708,,saeco espresso machine.mp4,MPEG4,6913534,60.56,1280,720,"title:(""espresso machine"")",4,selected_for_download,
espresso-023,Espresso Machine,StarbucksBaristaHomeEspresso,Starbucks Barista Home Espresso Machine,Starbucks Coffee Company,Instructional video for Starbucks Barista Home Espresso Machine.,https://archive.org/details/StarbucksBaristaHomeEspresso,,Starbucks Barista Home Espresso Machine.mp4,h.264,147853832,1443.44,640,480,"title:(""espresso machine"")",4,selected_for_download,
espresso-024,Espresso Machine,Todays_Author_featuring_Andrew_Botieri_Author_of_The_Magical_Espresso_Machine,"Todays Author featuring Andrew Botieri, Author of The Magical Espresso Machine",WHCA9TV,"Andrew Botieri is the guest on this latest issue of Today's Author. Andrew shares details about his second book, The Magical Espresso Machine, plus he talks about his recent surgery for a double lung and kidney transplant.",https://archive.org/details/Todays_Author_featuring_Andrew_Botieri_Author_of_The_Magical_Espresso_Machine,,Todays_Author_featuring_Andrew_Botieri_Author_of_The_Magical_Espresso_Machine.mp4,h.264,168781536,1720.46,854,480,"title:(""espresso machine"")",4,selected_for_download,
espresso-021,Espresso Machine,original-espresso-machine-co.-espresso-machine-training-dvd,Original Espresso Machine Co. Espresso Machine Training DVD!,Grayson Millar,Original Espresso Machine Co. Espresso Machine Company,https://archive.org/details/original-espresso-machine-co.-espresso-machine-training-dvd,,yt5s.com-Original Espresso Machine Co. Espresso Machine Training DVD!.mp4,MPEG4,14400060,95.02,1280,720,"title:(""espresso machine"")",4,selected_for_download,
espresso-022,Espresso Machine,youtube-0PxxapU0nu4,TG Caption ➤ The Espresso Machine,ZaynTG,"This video is available early on my Patreon for those who’d like to watch it now! You’ll find the link in the comments and in the pinned message during the premiere. If you'd like to support me or request your own premium TG caption, you can now do it through Patreon 💖 You can find the links in the bio! #tg #tgtf #captions #tft #mtf #ftf #tgcaptions #tgcaption",https://archive.org/details/youtube-0PxxapU0nu4,,0PxxapU0nu4.mp4,h.264,31217538,430.08,852,480,"title:(""espresso machine"")",4,selected_for_download,
,Espresso Machine,TheVistaGroup-StarbucksBaristaHomeEspressoMachineInstructionalVideo2001,2001 VHS • Starbucks Barista Home Espresso Machine Instructional Video 60 FPS,The Vista Group®,"The Starbucks Barista Home Espresso Machine Instructional Video is the official setup and operation guide packaged with the Starbucks Barista espresso machine. Hosted by a Starbucks trainer, the program opens by framing home espresso as a form of cooking requiring a proven recipe and quality ingredients, then walks through the four fundamentals: freshness, grind, proportion, and water. The freshness segment covers proper bean storage, the importance of grinding fresh each time, and why beans sho",https://archive.org/details/TheVistaGroup-StarbucksBaristaHomeEspressoMachineInstructionalVideo2001,,,,,,,,"title:(""espresso machine"")",9,reject_file,no bounded video file
,Espresso Machine,acamma-AuthorTalk_featuring_Andrew_Botieri_Author_of_The_Magical_Espresso_Machine,"AuthorTalk featuring Andrew Botieri, Author of The Magical Espresso Machine",Abington CAM,"Andrew Botieri is the latest author to stop by the show. Andrew will discuss his second book, ""The Magical Espresso Machine"" plus share details on being a successful transplant story as he recently recovered from undergoing a double lung and kidney transplant late last year!",https://archive.org/details/acamma-AuthorTalk_featuring_Andrew_Botieri_Author_of_The_Magical_Espresso_Machine,,,,,,,,"title:(""espresso machine"")",4,reject_file,no bounded video file
,Espresso Machine,httpscoffeemart.co.in,Automatic Espresso Machine for Office,Archive contributor,"Coffee Mart is a pioneer in the coffee industry & one of the leading suppliers of world-class products for cafes , hotels & home use. coffee machine dealer in India We are a one-stop solution for your coffee needs.",https://archive.org/details/httpscoffeemart.co.in,,,,,,,,"title:(""espresso machine"")",4,reject_file,no bounded video file
pressure-020,Pressure Cooker,youtube-VrwddG6c1qA,How to make Basmati Rice in a Pressure Cooker,Dave Hales,"How to make Basmati Rice in a Pressure Cooker 1 Cup Basmati Rice 1 3/4 cup water 1 Tablespoon olive oil 1/2 teaspoon salt Rinse the rice at least 2 times to wash off excess starch. Add the rice, water, oil, and salt to pressure cooker and stir a few times to mix everything. Use the White Rice button on your pressure cooker and then press Start. If you don’t have a white rice button then set your pressure cooker temp to med-high or about 80% of full temperature and the cook time to 6 minutes. Rel",https://archive.org/details/youtube-VrwddG6c1qA,,VrwddG6c1qA.mp4,h.264,23615490,245.4,854,480,"title:(""pressure cooker"")",7,selected_for_download,
pressure-024,Pressure Cooker,19940508am-family-pressure-hosanna,Family: Pressure Cooker Of The 90s (Gary Colville) | Hosanna Porirua,Contagious Media,"https://hosanna.nz Speaker: Gary S. Colville 8 May, 1994 A look at the increasing pressure on family life in the modern age from a Christian worldview. Featuring original material by Nick Holmes . Music: Strength Of My Life (Leslie Phillips) Every Heart That is Breaking (Twila Paris), Righteousness, Peace & Joy (Ron Kenoly), Let Us Go Into The House Of The Lord (Vineyard).",https://archive.org/details/19940508am-family-pressure-hosanna,,19940508 Family Pressure.mp4,h.264,8013592,84.52,640,480,"title:(""pressure cooker"")",6,selected_for_download,
pressure-023,Pressure Cooker,Amazon.comMealthyMultiPot9In1ProgrammablePressureCooker6QuartsWithStainlessSteel,"Amazon.com Mealthy Multi Pot 9 In 1 Programmable Pressure Cooker 6 Quarts With Stainless Steel Pot, Steamer Basket, Instant Access To Recipe App. Pressure Cook, Slow Cook, Sauté, Rice Cooker, Yogurt, Steam Kitchen & Dini",Archive contributor,MultiPot 9-in-1 Programmable Pressure Cooker 6 Quarts with Stainless Steel Pot,https://archive.org/details/Amazon.comMealthyMultiPot9In1ProgrammablePressureCooker6QuartsWithStainlessSteel,,"Amazon.com- Mealthy MultiPot 9-in-1 Programmable Pressure Cooker 6 Quarts with Stainless Steel Pot, Steamer Basket, instant access to recipe app. Pressure cook, slow cook, sauté, rice cooker, yogurt, steam- Kitchen & Dini.mp4",MPEG4,6697734,99.84,640,360,"title:(""pressure cooker"")",6,selected_for_download,
pressure-026,Pressure Cooker,DiaryOfAnArcadeEmployeeVidcast05PressureCooker,Diary Of An Arcade Employee Vidcast 05 (Atari's Pressure Cooker),Vic Sage,"Welcome back to the 5th installment of the Diary of an Arcade Employee Vidcast! This time instead of taking a look at some of the many games at the arcade I've decided to shine the spotlight on Activision's 1983 often overlooked classic cart ""Pressure Cooker""!",https://archive.org/details/DiaryOfAnArcadeEmployeeVidcast05PressureCooker,,Diary-of-an-arcade-employee-vidcast-05-pressure-cooker.mp4,h.264,38351320,372.24,640,480,"title:(""pressure cooker"")",6,selected_for_download,
pressure-028,Pressure Cooker,Instant_Pot_Risotto_with_Shrimp_-_Shrewsbury_Community_Cookbook,Instant Pot Risotto with Shrimp - Shrewsbury Community Cookbook,SMC,Assistant Town Manager Kristen Las shares one of her favorite recipes .,https://archive.org/details/Instant_Pot_Risotto_with_Shrimp_-_Shrewsbury_Community_Cookbook,,Instant_Pot_Risotto_with_Shrimp_-_Shrewsbury_Community_Cookbook.mp4,h.264,72175789,722.44,853,480,"title:(""instant pot"")",6,selected_for_download,
pressure-022,Pressure Cooker,cook-faster-with-the-best-pressure-cooker-by-decent-cookware,Cook Faster With The Best Pressure Cooker By Decent Cookware,Archive contributor,"The Good Cookware Your cooking will be quicker, simpler, and more effective with the Best Pressure Cooker . It guarantees uniform heat distribution for consistently well cooked food because it is made of sturdy, high-quality materials. It has strong safety features and an easy-to-use design, making it perfect for curries, rice, lentils, and bulk cooking. For daily convenience, upgrade your kitchen with this dependable, effective, and durable pressure cooker.",https://archive.org/details/cook-faster-with-the-best-pressure-cooker-by-decent-cookware,,Cook Faster with the Best Pressure Cooker by Decent Cookware.mp4,MPEG4,1420661,28.61,720,1280,"title:(""pressure cooker"")",6,selected_for_download,
pressure-029,Pressure Cooker,sf17ut-Cheap_and_Easy_-_Instant_Pot_Whole_Chicken_Cooking_Made_Easy_with_June,Cheap and Easy - Instant Pot Whole Chicken - Cooking Made Easy with June,Spanish Fork Channel 17,"A delicious and simple Thai/Hainanese chicken recipe that you can do it in an insta pot, or you can do it over your stove. This amazing dish will have so much chicken flavor that you'll have plenty for your chicken and rice to be fully flavored without a bouillon cube. You'll be amazed with how easy and flavorful this chicken will be. Plus, you'll have so much leftover you won't need to cook for the rest of the week! Thai/Hainanese Chicken and Rice Chicken and broth 1 Whole Chicken 1 Tblsp fresh",https://archive.org/details/sf17ut-Cheap_and_Easy_-_Instant_Pot_Whole_Chicken_Cooking_Made_Easy_with_June,,Cheap_and_Easy_-_Instant_Pot_Whole_Chicken_Cooking_Made_Easy_with_June.mp4,h.264,136264250,1409.08,854,480,"title:(""instant pot"")",6,selected_for_download,
pressure-021,Pressure Cooker,twitter-1755242227071119572,"Mossad Commentary - Tulkarm: Israeli forces carry out a ""pressure cooker"" on a house with a wanted terrorist. instead of a heavy exchange of fire, the forces fired a missile at the building. Awesome #1",Mossad Commentary,"Tulkarm: Israeli forces carry out a ""pressure cooker"" on a house with a wanted terrorist. instead of a heavy exchange of fire, the forces fired a missile at the building. Awesome https://t.co/4ndHIqrufG",https://archive.org/details/twitter-1755242227071119572,,1755242198012977152.mp4,MPEG4,1209838,18.32,480,848,"title:(""pressure cooker"")",6,selected_for_download,
pressure-025,Pressure Cooker,youtube-NYZD_FxjwEw,Pressure Cooker Operation on a Prostitute's Home,Breaking the Silence / שוברים שתיקה,"A soldier describes a ""Pressure Cooker"" operation, explaining that it doesn't have to be the home of a wanted target. This video on our website: http://www.breakingthesilence.org.il/testimonies/videos/67896 For more Breaking the Silence videos: http://www.breakingthesilence.org.il/testimonies/videos",https://archive.org/details/youtube-NYZD_FxjwEw,,NYZD_FxjwEw.mp4,h.264,9517994,96.43,854,480,"title:(""pressure cooker"")",6,selected_for_download,
pressure-027,Pressure Cooker,youtube-ymo46Al_M60,Pressure cooker keto chili,WTVR CBS 6,"Our good friend of the show, Shayne Rogers, is back behind her Instant Pot to teach us how to make a fantastic keto chili.",https://archive.org/details/youtube-ymo46Al_M60,,ymo46Al_M60.mp4,h.264,48991592,500.22,854,480,"title:(""pressure cooker"")",6,selected_for_download,
pressure-031,Pressure Cooker,cook-more-effortlessly-with-the-big-pressure-cooker-by-decent-cookware,"Cook More, Effortlessly With The Big Pressure Cooker By Decent Cookware",Archive contributor,"Make large family meals easier with the Big Pressure Cooker from Decent Cookware . Designed for heavy-duty performance, it offers fast, uniform cooking and ample capacity for all your favorite dishes. Crafted with high-quality materials, it ensures durability, safety, and efficiency in every use. Perfect for big families or gatherings, Decent Cookware’s Big Pressure Cooker is your trusted partner for delicious, time-saving cooking.",https://archive.org/details/cook-more-effortlessly-with-the-big-pressure-cooker-by-decent-cookware,,"Cook More, Effortlessly with the Big Pressure Cooker by Decent Cookware.mp4",MPEG4,2413345,39.53,720,1280,"title:(""pressure cooker"")",5,selected_for_download,
pressure-030,Pressure Cooker,robocook-pdf,Geek Robocook Electric Pressure Cooker,Archive contributor,Geek Robocook Electric Pressure Cooker,https://archive.org/details/robocook-pdf,,robocook pdf.ia.mp4,h.264 IA,2212370,30.0,1024,576,"title:(""pressure cooker"")",5,selected_for_download,
,Pressure Cooker,hca2ma-Feasting_with_your_instant_pot,Feasting with your instant pot,Holliston Cable Access Television,Cooking instructor Liz Barbour demonstrates how to prepare delicious meals using the instant pot.,https://archive.org/details/hca2ma-Feasting_with_your_instant_pot,,,,,,,,"title:(""instant pot"")",8,reject_file,no bounded video file
,Pressure Cooker,Feasting_With_The_Instant_Pot_-_With_Liz_Barbour,Feasting With The Instant Pot - With Liz Barbour,SMC,Join Liz Barbour at the Shrewsbury Library as she walks you through how to use an Instant Pot with demonstrations.,https://archive.org/details/Feasting_With_The_Instant_Pot_-_With_Liz_Barbour,,,,,,,,"title:(""instant pot"")",7,reject_file,no bounded video file
,Pressure Cooker,lagostina-pressure-cooker-cooking-demo,Lagostina Pressure Cooker Cooking Demo,Lagostina,"Lagostina Cooking Demo, bundled with pressure cooker 《菲姐的菜》",https://archive.org/details/lagostina-pressure-cooker-cooking-demo,,,,,,,,"title:(""pressure cooker"")",6,reject_file,no bounded video file
,Pressure Cooker,30-instant-pot-recipes,Instant Pot Recipes,Archive contributor,Instapot recipes,https://archive.org/details/30-instant-pot-recipes,,Garlic Parmesan Chicken.mp4,MPEG4,13268069,151.93,640,360,"title:(""instant pot"")",5,eligible,
,Pressure Cooker,Is_Saudi_Arabia_a_Pressure_Cooker,Is Saudi Arabia a Pressure Cooker?,IQ2US,Debaters discuss whether Saudi Arabia is resilient to upheaval unlike other recent Middle Eastern countries.,https://archive.org/details/Is_Saudi_Arabia_a_Pressure_Cooker,,Is_Saudi_Arabia_a_Pressure_Cooker.mp4,h.264,17075235,164.38,640,360,"title:(""pressure cooker"")",5,eligible,
,Pressure Cooker,PressureCookerBombDeception,The Boston Pressure Cooker Bomb Deception,Archive contributor,Look at the evidence for yourself. You will not know the truth until you do. Get the rest of the info: http://archive.org/details/01JEFFBAUMANIS100NICKVOGTBasedOnSIDEBYSIDECOMPARISON http://archive.org/details/ZeroShrapnel http://archive.org/details/GashLady-AnotherProvenFakeInjuryFromTheBostonMarathonBombing http://archive.org/details/THEDEVICE http://archive.org/details/BostonMarathonFAKEINJURIES,https://archive.org/details/PressureCookerBombDeception,,720p stereo - Boston Pressure Cooker Bomb Deception.mp4,MPEG4,19081292,160.68,1280,720,"title:(""pressure cooker"")",5,eligible,
,Pressure Cooker,Scvtv20-YM_Recon_0409296,SCVTV.com 4/2009 Your Military: Recon / Pressure Cooker (Military Chefs),Archive contributor,Watch this program and others like it in high resolution at SCVTV.comYour Military: ReconEpisode: Pressure Cooker (Military Chefs) April 2009,https://archive.org/details/Scvtv20-YM_Recon_0409296,,Scvtv20-YM_Recon_0409296_512kb.mp4,512Kb MPEG4,127500956,1650.87,320,240,"title:(""pressure cooker"")",5,eligible,
,Pressure Cooker,Scvtv20-YM_Recon_0409296-2,SCVTV.com 4/2009 Your Military: Recon / Pressure Cooker (Military Chefs),Archive contributor,Watch this program and others like it in high resolution at SCVTV.comYour Military: ReconEpisode: Pressure Cooker (Military Chefs) April 2009,https://archive.org/details/Scvtv20-YM_Recon_0409296-2,,Scvtv20-YM_Recon_0409296_512kb.mp4,512Kb MPEG4,127500958,1650.87,320,240,"title:(""pressure cooker"")",5,eligible,
,Pressure Cooker,TheRaceWarPressureCookerIsSteaming,The Race War Pressure Cooker Is Steaming,Archive contributor,The Race War Pressure Cooker Is Steaming,https://archive.org/details/TheRaceWarPressureCookerIsSteaming,,The Race War Pressure Cooker Is Steaming.mp4,MPEG4,26234524,781.03,480,360,"title:(""pressure cooker"")",5,eligible,
,Pressure Cooker,lagostina-pressure-cooker-cooking-manual,Lagostina Pressure Cooker Manual,Lagostina,Lagostina Pressure Cooker Manual,https://archive.org/details/lagostina-pressure-cooker-cooking-manual,,Lagostina-pressure-cooker-manual.ia.mp4,h.264 IA,79020324,744.29,318,240,"title:(""pressure cooker"")",5,eligible,
,Pressure Cooker,nratv_nr-160808-news-cc-jeffhammond,"Cam & Co - Jeff Hammond: ""Pressure Cooker"" Time Leading Up to Bass Pro Shops NRA Night Race",NRATV,"Cam & Co Weekday Talk Show Covering Second Amendment-Related Issues Hosted by Cam Edwards, Cam & Co features news and views of the Second Amendment and other freedom-related issues. Tune in for interviews with NRA leaders, newsmakers, politicos, journalists and congressional leaders. It's in-depth commentary and analysis you won't find anywhere else. Cam & Co airs at 4:30 p.m. CT/5:30 p.m. ET on NRATV.com. The show is also available on demand on iHeartRadio and iTunes. Jeff Hammond: ""Pressure Co",https://archive.org/details/nratv_nr-160808-news-cc-jeffhammond,,nr-160808-news-cc-jeffhammond_720pm.mp4,h.264,79572505,763.96,853,480,"title:(""pressure cooker"")",5,eligible,
,Pressure Cooker,secctvca-SEVA_2023_-_Creative_Expression_9-12_SEVA_-_Pressure_Cooker,SEVA 2023: Creative Expression 9-12 SEVA: Pressure Cooker,SECC EducationalTV,Creative Expression 9-12 SEVA: Pressure Cooker by Kaser & Naya from Rio Americano High School ---- Subscribe to SECC on YouTube: https://www.youtube.com/user/SECCEducationalTV?sub_confirmation=1 Learn more - https://www.secctv.org Follow us on Twitter - https://twitter.com/secctv Follow us on Facebook - https://www.facebook.com/SECCEducationalTV/ Follow us on Instagram - https://www.instagram.com/secceducationaltv/ #secctv,https://archive.org/details/secctvca-SEVA_2023_-_Creative_Expression_9-12_SEVA_-_Pressure_Cooker,,SEVA_2023_-_Creative_Expression_9-12_SEVA_-_Pressure_Cooker.mp4,h.264,7285291,71.4,854,480,"title:(""pressure cooker"")",5,eligible,
,Pressure Cooker,youtube-98XxbYA1e7A,Baywatching Nights: Pressure Cooker,Allison Pregler,Mitch and Garner serve up some chicken fried justice before getting caught in a hostage situation with Lou Rawls. You can support the show (and see videos before everyone else) on Patreon! http://www.patreon.com/MovieNights Website: http://www.phelous.com Twitter: @Obscurus_Lupa Facebook: http://www.facebook.com/MovieNightstheSeries Tumblr: http://www.movienightstheseries.tumblr.com Source: https://www.youtube.com/watch?v=98XxbYA1e7A Uploader: Allison Pregler,https://archive.org/details/youtube-98XxbYA1e7A,,98XxbYA1e7A.mp4,h.264,54620078,557.75,854,480,"title:(""pressure cooker"")",5,eligible,
,Pressure Cooker,youtube-9FglrOtokRU,Instant Pot Chicken and Rice,WTVR CBS 6,"Food Health Coach, Erika Schlick joins us with her recipe for Instant Pot Chicken and Rice Soup.",https://archive.org/details/youtube-9FglrOtokRU,,9FglrOtokRU.mp4,h.264,37228415,380.2,854,480,"title:(""instant pot"")",5,eligible,
,Pressure Cooker,youtube-FC5OY_bVW8w,Ryan Reynolds gives me pressure cooker vibes...,Candace Owens,,https://archive.org/details/youtube-FC5OY_bVW8w,,FC5OY_bVW8w.mp4,h.264,16493240,168.62,270,480,"title:(""pressure cooker"")",5,eligible,
,Pressure Cooker,youtube-JU-hk2X2S6Y,This Passat Is A Pressure Cooker,Automotive Stuff,,https://archive.org/details/youtube-JU-hk2X2S6Y,,JU-hk2X2S6Y.ia.mp4,h.264 IA,60280731,603.3,854,480,"title:(""pressure cooker"")",5,eligible,
,Pressure Cooker,youtube-cVx-V8WgAzw,Instant Pot Beef Barbacoa,WTVR CBS 6,"Our beloved host, Jessica Noll, has finally opened and cooked a dish in her Instapot, so we had to celebrate the occasion!",https://archive.org/details/youtube-cVx-V8WgAzw,,cVx-V8WgAzw.mp4,h.264,46115423,472.43,854,480,"title:(""instant pot"")",5,eligible,
,Pressure Cooker,youtube-pUNS6ylBzPg,Mirror Shorts - Pressure Cooker,The Mirror Project,"All the anti lockdown protests in the video are from the last week of October 2020. I bet you didn't see much of this on mainstream media, as they only focus on the fear campaign. This video does not encourage violence it is simply showing what is happening around the world regarding lockdowns.",https://archive.org/details/youtube-pUNS6ylBzPg,,pUNS6ylBzPg.mp4,h.264,19849273,213.61,854,480,"title:(""pressure cooker"")",5,eligible,
,Pressure Cooker,youtube-v03bETRuXD4,Instant Pot Shredded Beef Tacos,WTVR CBS 6,"Food Health Coach, Erika Schlick joins us with her recipe for instant pot beef perfect for tacos!",https://archive.org/details/youtube-v03bETRuXD4,,v03bETRuXD4.mp4,h.264,50259606,492.33,854,480,"title:(""instant pot"")",5,eligible,
,Pressure Cooker,instant-pot-wine-grape-juice-to-wine-fermented,Instant Pot WINE Grape Juice To Wine FERMENTED,Emmymade,Instant Pot WINE Grape Juice To Wine FERMENTED,https://archive.org/details/instant-pot-wine-grape-juice-to-wine-fermented,,Instant Pot WINE -- grape juice to wine_ _ FERMENTED (1080p_25fps_H264-128kbit_AAC).ia.mp4,h.264 IA,66271704,409.0,1920,1080,"title:(""instant pot"")",4,eligible,
,Pressure Cooker,waycam-Wayland_Library_Great_Presenter_Series_-_Feasting_With_Your_Instant_Pot_-_May_15_2018,"Wayland Library Great Presenter Series: Feasting With Your Instant Pot - May 15, 2018",waycam.tv,"Wayland Library Great Presenter Series: Feasting With Your Instant Pot - May 15, 2018",https://archive.org/details/waycam-Wayland_Library_Great_Presenter_Series_-_Feasting_With_Your_Instant_Pot_-_May_15_2018,,,,,,,,"title:(""instant pot"")",4,reject_file,no bounded video file
,Pressure Cooker,youtube-9m4z8esZcDU,Instant Pot Roast Beef! SLAP YA MAMA GOOD! Pot Roast w/ Garlic Mashed Potatoes Green Beens,Camirra's Kitchen,,https://archive.org/details/youtube-9m4z8esZcDU,,9m4z8esZcDU.mp4,h.264,70087564,695.84,854,480,"title:(""instant pot"")",4,eligible,
,Pressure Cooker,youtube-G5QcE57gw-c,Mandela Effect : Instapot or Instant Pot ???,Beyond The Veil,Mandela Effect : Instapot or Instant Pot ??? How do you remember it?,https://archive.org/details/youtube-G5QcE57gw-c,,G5QcE57gw-c.mp4,h.264,25250143,263.83,854,480,"title:(""instant pot"")",4,eligible,
printer-011,Printer,hp-3830-printer-setup-hp-printer-setup-support,Setup Your HP Printer Model 3830 | Printer setup,Archive contributor,"In this tutorial, we are going to learn How to Set Up a Wireless HP Printer Using HP Smart in Windows 10 Setup your HP Printer is more easy than you think using the official Website HP Printer setup. Install HP Smart and add your printer HP Smart will help you: Install printer software and drivers Connect to Wi-Fi Create an HP account and register your printer Load paper and install ink or toner cartridges Sign up for Instant Ink* Print from any device by installing HP Smart software on all devi",https://archive.org/details/hp-3830-printer-setup-hp-printer-setup-support,,HP 3830 Printer Setup _ HP Printer Setup Support.mp4,MPEG4,34226635,368.85,1280,720,"title:(""printer setup"")",9,selected_for_download,
printer-012,Printer,dailymotion-xq2rmt,HP Wireless Printer Setup Mac - HP Deskjet 3050 & Others,docrock808,http://www.mrdocrock.com - Setting up HP Printers for wireless is a pain in the but on Macintosh OS X because of the lack of WPS and OneTouch setup support. I looked high and low and found an easier way. Enjoy HP WiFi Printing without wanting to choke someone :) HP Wireless Printer Setup Mac - HP Deskjet 3050 & Others Please subscribe to the channel and like the video. #Aloha Connect with Doc Doc's Blog http://www.mrdocrock.com Doc's Twitter: http://twitter.com/docrock Doc's Facebook http://fb.m,https://archive.org/details/dailymotion-xq2rmt,,xq2rmt.mp4,MPEG4,16057773,334.84,512,288,"title:(""printer setup"")",7,selected_for_download,
printer-013,Printer,youtube-eEOaA76WR0Q,How to Print ABS on an OPEN Printer - Warping Tips,The 3D Print General,"In this video, I go over tips on how to print ABS on an open printer and avoid warping or delamination. Material Science Video: https://www.youtube.com/watch?v=noODm1A-O2w Buy Polylite ABS (affiliate): https://amzn.to/3jOMArd Visit Polymaker: http://polymaker.com/ Micro Swiss Drop In (affiliate): https://amzn.to/3xhgYhP Micro Swiss Site: https://store.micro-swiss.com/ Timestamps: Intro - 00:00 Explanation - 00:38 Tips to Help - 2:52 Bed Adhesion - 5:55 Tests - 7:57 Final Thoughts - 12:49 Backgro",https://archive.org/details/youtube-eEOaA76WR0Q,,eEOaA76WR0Q.mp4,h.264,88413358,937.9,854,480,"title:(""how to"" printer)",7,selected_for_download,
printer-014,Printer,youtube-mpo00dO4YFw,hp printer cartridge cleaning | How to clean hp printer cartridge | hp printer cartridge | in Hindi,Techno Star,,https://archive.org/details/youtube-mpo00dO4YFw,,mpo00dO4YFw.mp4,h.264,119113011,1218.73,854,480,"title:(""how to"" printer) | title:(""printer cartridge"")",7,selected_for_download,
printer-017,Printer,fix-paper-jam-in-printer,Step by Step Guide to Fix Paper Jam in Printer,Archive contributor,Easy Methods to Fix Paper Jam in Printer Problems Atdoorstep offers useful tips to the user in case of the problem with the printers and defines easy steps to resolve paper jam in a printer problem without affecting the performance and without harming the hardware without a need. For more information: 45864033,https://archive.org/details/fix-paper-jam-in-printer,,fix paper jam in printer.mp4,MPEG4,4279535,50.0,1920,1080,"title:(""paper jam"" printer)",6,selected_for_download,
printer-016,Printer,how-to-download-mb-5470-printer-driver,How To Download MB 5470 Printer Driver,Archive contributor,"Canon MB5470 Drivers With high quality, marker resistant inks, Wi-Fi and Ethernet connectivity, and single-pass two-sided scanning, you’ll be able to print at substantial volumes, more rapidly than ever ahead of. Download drivers, software, firmware, and manuals for your Canon MB5470 printer and get access to online technical support resources and troubleshooting.",https://archive.org/details/how-to-download-mb-5470-printer-driver,,How to Download MB5470 Printer Driver.ia.mp4,h.264 IA,4131834,25.0,1024,768,"title:(""how to"" printer)",6,selected_for_download,
printer-023,Printer,how-to-install-hewlett-packard-printer-without-cd,How To Install Hewlett Packard Printer Without CD,Archive contributor,https://www.anetcomputers.com/install-hp-printer-software-without-cd/index.html,https://archive.org/details/how-to-install-hewlett-packard-printer-without-cd,https://creativecommons.org/licenses/by-nc-nd/4.0/,How to Install Hewlett Packard Printer Without CD.mp4,MPEG4,71580395,1229.66,1280,720,"title:(""how to"" printer)",6,selected_for_download,
printer-018,Printer,learn-how-to-connect-printer-to-wifi-with-ease,Learn How To connect Printer To WiFi With Ease,Printer IT Support,"Through modern innovative technology, wireless printers are invented. But, to connect a hp printer to WiFi , you may have to go through the hassle of setting it up before you can start using it. Once you have laid out all the pieces that came with the printer box and are ready for configuration, you have to plug the double-pronged power cable into a conveniently located outlet.",https://archive.org/details/learn-how-to-connect-printer-to-wifi-with-ease,,Printer IT Support.ia.mp4,h.264 IA,4407465,35.0,1920,1080,"title:(""how to"" printer)",6,selected_for_download,
printer-020,Printer,youtube-2wo_suktXOE,How to Fix (Reset) Canon Printer Error Code 5B00,yelnats,,https://archive.org/details/youtube-2wo_suktXOE,,2wo_suktXOE.mp4,h.264,11491533,110.33,854,480,"title:(""how to"" printer)",6,selected_for_download,
printer-021,Printer,youtube-7_cXhCq-qeQ,Canon Printer E03 OR P03 error problem solve 100 % || Canon Printer Paper Jam Error Problem fix,Surajit Printer Point,,https://archive.org/details/youtube-7_cXhCq-qeQ,,7_cXhCq-qeQ.mp4,h.264,25673096,259.52,910,480,"title:(""paper jam"" printer)",6,selected_for_download,
printer-022,Printer,youtube-MfcHxU7tNMY,Epson ET 2750 - How To Clean Printhead - Printer Error Solved,The Printer Guy,,https://archive.org/details/youtube-MfcHxU7tNMY,,MfcHxU7tNMY.mp4,h.264,67704951,694.12,854,480,"title:(""how to"" printer)",6,selected_for_download,
printer-019,Printer,youtube-Qmkg1tA0BBI,How to Download and Install a Printer Driver,Samsung Tomorrow,Source: https://www.youtube.com/watch?v=Qmkg1tA0BBI Uploader: Samsung Tomorrow,https://archive.org/details/youtube-Qmkg1tA0BBI,,Qmkg1tA0BBI.mp4,MPEG4,7319596,162.68,640,360,"title:(""how to"" printer)",6,selected_for_download,
printer-024,Printer,youtube-UEK4yY1NcEc,How to Clean Epson Block Head on Epson L805/L800 Printer detail information,TECHNICAL JASIS,,https://archive.org/details/youtube-UEK4yY1NcEc,,UEK4yY1NcEc.mp4,MPEG4,97966328,848.43,854,470,"title:(""how to"" printer)",6,selected_for_download,
printer-015,Printer,youtube-dba8fp-8Z2o,How to install label paper in QIRUI QR-368bt AIYIN BY-368BT A70pro printer?,BEEPRT Printer,,https://archive.org/details/youtube-dba8fp-8Z2o,,dba8fp-8Z2o.mp4,h.264,1966921,20.08,270,480,"title:(""how to"" printer)",6,selected_for_download,
printer-026,Printer,corccav-How_to_add_a_network_printer_in_Windows_7,How to add a network printer in Windows 7,ranchocucamonga,How to add a network printer in Windows 7,https://archive.org/details/corccav-How_to_add_a_network_printer_in_Windows_7,,How_to_add_a_network_printer_in_Windows_7.mp4,h.264,10495456,145.33,640,480,"title:(""how to"" printer)",5,selected_for_download,
printer-027,Printer,cwuwa-How_to_add_a_printer_to_a_Mac,How to add a printer to a Mac,Central Washington University,,https://archive.org/details/cwuwa-How_to_add_a_printer_to_a_Mac,,How_to_add_a_printer_to_a_Mac.mp4,h.264,20012881,238.73,854,480,"title:(""how to"" printer)",5,selected_for_download,
printer-025,Printer,how-to-resolve-hp-printer-fuser-error,How To Resolve HP Printer Fuser Error,Archive contributor,"There are several reasons why you might encounter an ""Alignment Failed Error"" in an HP printer. Here are some common causes: Read More - How to Resolve HP Printer Fuser Error",https://archive.org/details/how-to-resolve-hp-printer-fuser-error,,How to Resolve HP Printer Fuser Error.mp4,MPEG4,5945271,20.02,3840,2160,"title:(""how to"" printer)",5,selected_for_download,
printer-030,Printer,youtube-10WLJY8r_Jc,How to Scan Document or Photo from Canon G2010 Printer | Step by Step | Canon Pixma G2010 | In Hindi,SM Techno Hindi,,https://archive.org/details/youtube-10WLJY8r_Jc,,10WLJY8r_Jc.mp4,h.264,29184580,342.26,854,480,"title:(""how to"" printer)",5,selected_for_download,
printer-028,Printer,youtube-ElnQiJlRYEI,how to reset canon g2010 printer | Easy Without Programs!,SRC TECHNOLOGY- NEWS,,https://archive.org/details/youtube-ElnQiJlRYEI,,ElnQiJlRYEI.mp4,h.264,22070730,226.88,854,480,"title:(""how to"" printer)",5,selected_for_download,
printer-031,Printer,youtube-SG2999EuGoo,How to Scan Document or Photo from Canon G2010 Printer | Canon G2010 Scan Kaise Kare,Tech SD Support,,https://archive.org/details/youtube-SG2999EuGoo,,SG2999EuGoo.mp4,h.264,29575511,300.61,854,480,"title:(""how to"" printer)",5,selected_for_download,
printer-032,Printer,youtube-Wle8uA_bYoE,HOW TO RESET CANON G2010 PIXMA PRINTER (Support code: 5B00),mikbes,,https://archive.org/details/youtube-Wle8uA_bYoE,,Wle8uA_bYoE.mp4,h.264,33769222,348.82,854,480,"title:(""how to"" printer)",5,selected_for_download,
printer-033,Printer,youtube-fU2ZXoJ4oE4,Canon G2010 E03 error Problem Solve 100 % II Canon Printer Paper Jam Solution P03 error,Surajit Printer Point,,https://archive.org/details/youtube-fU2ZXoJ4oE4,,fU2ZXoJ4oE4.mp4,h.264,71780937,730.53,910,480,"title:(""paper jam"" printer)",5,selected_for_download,
printer-029,Printer,youtube-tg2BHRfT2a4,"How to Connect an HP Printer to a Wi-Fi Network with HP Smart – Windows 10, 11 | @HPSupport",HP Support,,https://archive.org/details/youtube-tg2BHRfT2a4,,tg2BHRfT2a4.mp4,h.264,28665456,431.66,854,480,"title:(""how to"" printer)",5,selected_for_download,
,Printer,youtube-0NpwitfBXTI,How to Print and Bind Manga Book or Comic at Home on your Own Printer - Manga Printing Tutorial,Anime Nyan,This is a full tutorial on how to print and bind manga on your own printer at home using a double fan binding. Right to Left Indesign script: https://drive.google.com/file/d/1clPDmHWpQS1Gc99UWDupy8S3nqbx5zfH Discord: https://discord.gg/JkNp3mnJ6Q **Note:** Will not work from iPhones or iPads. Only works for Desktops and Discord account age must be 18+ Reddit: https://www.reddit.com/r/pornblender Full credit goes to the tutorials by others which I stole for this tutorial here: DAS Bookbinding for,https://archive.org/details/youtube-0NpwitfBXTI,https://creativecommons.org/licenses/by/3.0/,,,,,,,"title:(""how to"" printer)",7,reject_file,no bounded video file
,Printer,10046PrinterSetup-Sample-47YDenKbrQU,10046 Printer Setup - Sample,gigaom,Source: https://youtube.com/watch?v=47YDenKbrQU Uploader: gigaom Upload date: 2013-05-28,https://archive.org/details/10046PrinterSetup-Sample-47YDenKbrQU,,,,,,,,"title:(""printer setup"")",5,reject_file,no bounded video file
,Printer,media.ccc.de-emf2018-455-how-to-make-a-humanoid-using-a-3d-printer-wheelchair-and-ros,"How to make a humanoid using a 3D printer, wheelchair, and ROS!",tubeup.py,"During my PhD, I spent my free time building an InMoov, which is a life-size 3D printed humanoid robot. I tweaked the original designs a bit to make it run on the Robot Operating System (ROS) and added a powered wheelchair base to give it mobility. Kermit, as it was named by the first human who saw it, now lives in fizzPOP in Birmingham and aspires to be the world's first 3D printed robot butler*. In this talk, I'll present the story and future plans for Kermit as a how to guide to printing the ",https://archive.org/details/media.ccc.de-emf2018-455-how-to-make-a-humanoid-using-a-3d-printer-wheelchair-and-ros,,How_to_make_a_humanoid_using_a_3D_printer_wheelchair_and_ROS-5853.mp4,h.264,170402492,1670.2,640,360,"title:(""how to"" printer)",3,reject_metadata,negative terms: 3d printer
,Printer,youtube-F_VzVxOhHSo,"How to Install FDM 3D Printer, Only 10 Steps - Longer LK5 Pro",Longer Official,"Installation 10 steps Step 1: Check the power supply voltage range 0:26 Step 2: Install the cantilever and Z-axis motor 0:39 Step 3: Install the gantry 03:00 Step 4: Install the diagonal rod 04:11 Step 5: Install the Z-axis fixed sheet metal 05:46 Step 6: Install the filament rack 06:34 Step 7: Install the touch screen 07:08 Step 8: Install the limit switch 07:34 Step 9: Install the lattice glass and cables 08:01 Step 10: Leveling the printing bed 10:05 Those steps for normal FDM printer, follow",https://archive.org/details/youtube-F_VzVxOhHSo,,F_VzVxOhHSo.mp4,h.264,42154165,418.66,854,480,"title:(""how to"" printer)",3,reject_metadata,negative terms: 3d printer
,Printer,youtube-nR69RrObnlg,How to make MULTICOLOR 3d printed object with GEEETECH I3 Pro B printer,Mirko Pavleski,"Color change at: 1:40 and 0:55 This video describes how you can print an object with multiple colors with a cheap 3D Printer with one extruder. In this particular example I use GEEETECH I3 Pro B printer to print tricolor Citroen 2CV keychain. You can download .stl file at: https://www.thingiverse.com/thing:2060446 .First we open the .stl file in the Repeter Host software and run slicing. Next in Visualization tab we need to check ""Show Layer Range"". This way we can visually determine which layer",https://archive.org/details/youtube-nR69RrObnlg,,Mirko_Pavleski-How_to_make_MULTICOLOR_3d_printed_object_with_GEEETECH_I3_Pro_B_printer-nR69RrObnlg.mp4,MPEG4,19901851,259.65,640,360,"title:(""how to"" printer)",3,reject_metadata,negative terms: 3d printer
,Printer,secctvca-SEVA_2022_-_Instructional_K-3_SEVA_Award_-_How_to_Use_a_3D_Printer,SEVA 2022: Instructional K-3 SEVA Award - How to Use a 3D Printer,SECC EducationalTV,SEVA 2022: Instructional K-3 SEVA Award - How to Use a 3D Printer Producer Ethan Heiney School Sunrise Elementary School Educational Message I wanted to teach others about 3D Printing and how cool it is. You can make so many fun items from your 3D Printer. ---- Subscribe to SECC on YouTube: https://www.youtube.com/user/SECCEducationalTV?sub_confirmation=1 Learn more - https://www.secctv.org Follow us on Twitter - https://twitter.com/secctv Follow us on Facebook - https://www.facebook.com/SECCEdu,https://archive.org/details/secctvca-SEVA_2022_-_Instructional_K-3_SEVA_Award_-_How_to_Use_a_3D_Printer,,SEVA_2022_-_Instructional_K-3_SEVA_Award_-_How_to_Use_a_3D_Printer.mp4,h.264,13458697,140.83,854,480,"title:(""how to"" printer)",2,reject_metadata,negative terms: 3d printer
,Printer,how-to-build-a-3-d-printer-the-ultimate-guide,How To Build A 3 D Printer ( The Ultimate Guide),Dr. D-Flo,"Welcome to the one stop guide for designing and building a 3D printer from open sourced parts. The 3D printer is the ultimate DIYer’s tool to quickly make his or her idea a reality. All the concepts and parts that go into building a 3D printer can be overwhelming. Dr. D-Flo breaks down the fundamentals behind fused filament fabrication (FFF) into bite size and digestible topics, including linear rail, carriages, stepper motors, extruders, stepper drivers, control boards, and more. Dr. D-Flo’s ti",https://archive.org/details/how-to-build-a-3-d-printer-the-ultimate-guide,,,,,,,,"title:(""how to"" printer)",1,reject_file,negative terms: 3d printer; no bounded video file
,Printer,youtube-Tq43AcxgdUU,Episode 1935 Scott Adams: Hilarious News. I'll Teach You How To Make A 3-D Printer Out Of Cow Manure,Real Coffee with Scott Adams,"Find my ""extra"" content on Locals: https://ScottAdams.Locals.com Content: ----------- - Mastodon refuge app for lefties - Oathkeepers trial without evidence? - Trump's last 2 tweets before Twitter ban - Bret Weinstein's reasonable hypothesis - Obama confirmed rigged elections in 2008 - TikTok is ""digital fentanyl"" ~~~~~~~~~~~~~~~~~~~~~~~~~~~~~~~~~~~~~~~~~~~~ If you would like to enjoy this same content plus bonus content from Scott Adams, including micro-lessons on lots of useful topics to build",https://archive.org/details/youtube-Tq43AcxgdUU,,,,,,,,"title:(""how to"" printer)",1,reject_file,negative terms: 3-d printer; no bounded video file
,Printer,youtube-wQPH8nMXzfc,"How I Print With Large 3KG Rolls of Filament, A Look At Hoffman Tactical's 3D Printer Setup",Hoffman Tactical,We have moved production into a new facility and have a better way of feeding our printers with filament!,https://archive.org/details/youtube-wQPH8nMXzfc,,wQPH8nMXzfc.mp4,h.264,31241986,312.76,854,480,"title:(""printer setup"")",1,reject_metadata,negative terms: 3d printer
vacuum-027,Vacuum,go-animate-toons-robot-vacuum,GoAnimate Toons: Robot Vacuum,RokuKun,"Reupload from RokuKun Credit to: https://www.youtube.com/@RokuKun3 Original video: https://www.youtube.com/watch?v=7RGxGR6e-vk&t=1s&ab_channel=RokuKun Origianal premiere date: September 3, 2021 @ 10:15:12 AM Origianl description: Due to messes day during cleaning time of Caillou and Doris, they are decided to buy Vacuum, you guess it. It's a technology vacuum! The vacuum that can turn into a Robot and clean everything in the house! Hit the ""👍"" button if you're enjoyed this video! Interested in t",https://archive.org/details/go-animate-toons-robot-vacuum,,GoAnimate Toons Robot Vacuum.mp4,MPEG4,93214592,1653.54,640,360,"title:(""robot vacuum"")",9,selected_for_download,
vacuum-028,Vacuum,go-animate-toons-robot-vacuum-720p,GoAnimate Toons: Robot Vacuum (720p),RokuKun,"I made this to 720p - original reupload: https://archive.org/details/go-animate-toons-robot-vacuum Reupload from RokuKun Credit to: https://www.youtube.com/@RokuKun3 Original video: https://www.youtube.com/watch?v=7RGxGR6e-vk&t=1s&ab_channel=RokuKun Origianal premiere date: September 3, 2021 @ 10:15:12 AM Origianl description: Due to messes day during cleaning time of Caillou and Doris, they are decided to buy Vacuum, you guess it. It's a technology vacuum! The vacuum that can turn into a Robot ",https://archive.org/details/go-animate-toons-robot-vacuum-720p,,GoAnimate Toons Robot Vacuum (720p).mp4,MPEG4,215318544,1653.56,1280,720,"title:(""robot vacuum"")",9,selected_for_download,
vacuum-031,Vacuum,87054-pitch-plant-profit,“PITCH PLANT PROFIT” 1950’S SEARS & ROEBUCK VACUUM CLEANER SALESMAN PITCH TRAINING FILM 87054,PeriscopeFilm,"This training film from 1955 was made for sales representatives working for Sears. It follows a narrative of two sales representatives who sell vacuum cleaners, taking lunch at a diner. They are discussing a training seminar which promoted the idea of ‘pitch, plant, profit’ in order to sell their Kenmore vacuums. The film was presented by Sears Roebuck and Company (:18) and opens with two men ordering coffee and a donut (1:17). One of the pair is disgruntled with the training seminar and doesn’t",https://archive.org/details/87054-pitch-plant-profit,,87054+Pitch+Plant+Profit.mp4,h.264,77185336,796.84,844,480,"title:(""vacuum cleaner"")",8,selected_for_download,
vacuum-030,Vacuum,youtube-9lXmkHXsiEw,Best Handheld Vacuum Cleaner | Handy Vacuum Cleaner | Unboxing,LittleBee,"Hi, welcome to LittleBee - In today's video I'll show you my review Best Handheld Vacuum Cleaner or Handy Vacuum Cleaner for me. Unboxing I would like to point out in advance that this is not a paid collaboration. I bought this handheld vacuum cleaner with my own money because I wanted to save myself the hassle of cleaning. When you need to vacuum something small this is a handy helper. So you don't have to carry a heavy and big vacuum cleaner. Plus it's battery operated so you don't even have t",https://archive.org/details/youtube-9lXmkHXsiEw,,9lXmkHXsiEw.mp4,h.264,77042158,749.85,854,480,"title:(""vacuum cleaner"")",8,selected_for_download,
vacuum-029,Vacuum,youtube-QC9Fu9mNOG8,How To Clean A Robot Vacuum | Samsung Jet Bot™ Vacuum | Samsung UK,Samsung UK,"Learn how to use to clean your Samsung Jet Bot™ Robot Vacuum in a few simple steps. Explore the full range of Samsung vacuums cleaners and accessories at Samsung UK: https://bit.ly/Samsung-Vacuums 00:00 How to clean and maintain a Samsung Jet Bot™ Robot Vacuum 00:04 How to start a clean via the SmartThings app* By connecting your Samsung Jet Bot™, you can simply select a mode and start cleaning all from your smartphone. 00:30 How to start a clean via the main unit Press the play button and sit b",https://archive.org/details/youtube-QC9Fu9mNOG8,,QC9Fu9mNOG8.mp4,MPEG4,14346330,92.04,1280,720,"title:(""robot vacuum"")",8,selected_for_download,
vacuum-033,Vacuum,youtube-ARnpo_32m4k,Lifting a car with a vacuum cleaner and a tarp // Demonstration of Pressure,Bruce Yeany,I've always thought that air lift bags were similar in behavior to simple machines in their ability to transform small amount of pressure into extremely large amounts of force. Usually air bags are smaller and made of very tough rip resistant fabrics and can be pressurized with 50 to 125 PSI to exert thousands of pounds of force. I'd like to show the inverse also hold true in using a small amount of pressure but spread over a very large area can also generate thousands of pounds of force. In thi,https://archive.org/details/youtube-ARnpo_32m4k,,Bruce_Yeany-Lifting_a_car_with_a_vacuum_cleaner_and_a_tarp_Demonstration_of_Pressure-ARnpo_32m4k.mp4,MPEG4,18184237,420.63,640,360,"title:(""vacuum cleaner"")",7,selected_for_download,
vacuum-032,Vacuum,youtube-ypES7umF7z0,How To Set Up A Robot Vacuum | Samsung Jet Bot™ Vacuum | Samsung UK,Samsung UK,Learn how to set up your Samsung Jet Bot™ Robot Vacuum in a few simple steps. Explore the full range of Samsung robot vacuums cleaners and accessories at Samsung UK: https://bit.ly/Samsung-Vacuums 00:00 Set up the Samsung Jet Bot™ Robot Vacuum 00:05 Turn on emergency switch 00:12 The Samsung Jet Bot™ should be fully charged 00:16 Check dustbin and filter are inserted 00:26 How to Start the Samsung Jet Bot™ 00:29 Check the status indicator is green 00:32 Press play to begin cleaning 00:38 Registe,https://archive.org/details/youtube-ypES7umF7z0,,ypES7umF7z0.mp4,MPEG4,11330002,99.68,1280,720,"title:(""robot vacuum"")",7,selected_for_download,
vacuum-034,Vacuum,youtube-zcH8CT_xikE,[LG Vacuum cleaner] - How to disassemble and assemble the A9 Tower All-in-one station,LG customer support Europe_official,"This video shows how you can disassemble and assemble the A9 Tower All-in-one station Note that not all screwing and unscrewing is visible. This video highlights which screws need to be (dis)assembled during each part of the procedure. ***To be performed by a professional repairer*** 00:00 - Intro 00:20 - Disassembly Top cover & Display PCB 01:44 - Disassembly Doors, Back cover, Bottom plate & Hinge brackets 02:46 - Disassembly Case supporter & Dust duct assembly 03:57 - Assembly Case supporter ",https://archive.org/details/youtube-zcH8CT_xikE,,zcH8CT_xikE.mp4,MPEG4,74907172,412.53,1280,720,"title:(""vacuum cleaner"")",7,selected_for_download,
vacuum-043,Vacuum,2006-commercial-for-gale-force-cyclonic-vacuum-cleaner,2006 commercial for Gale Force Cyclonic vacuum cleaner,Archive contributor,"A very long commercial which my mother taped off Australian cable channel How To Channel. Somehow, I doubt this product worked well...",https://archive.org/details/2006-commercial-for-gale-force-cyclonic-vacuum-cleaner,,2006 commercial for Gale Force cyclonic vacuum cleaner.ia.mp4,h.264 IA,153315235,119.92,720,576,"title:(""vacuum cleaner"")",6,selected_for_download,
vacuum-035,Vacuum,CLE-B04_29449-29897,Eureka Whirlwind Vacuum Cleaner Ad CBS/WOIO 19 1999-11-18,Archive contributor,"The video clip is an advertisement for the Eureka Whirlwind vacuum cleaner, promoting its bagless cyclonic technology, superior dirt pickup and filtering capabilities, and new self-propelled feature. From Network/Station: CBS/WOIO 19 Recorded in Cleveland, OH on 1999-11-18 Clipped from CLE-B04 frames 29449 - 29897",https://archive.org/details/CLE-B04_29449-29897,,29449_Eureka-Whirlwind-Vacuum-Cleaner-Ad-CBS-WOIO-19_1999-11-18.ia.mp4,h.264 IA,1454210,14.98,640,480,"title:(""vacuum cleaner"")",6,selected_for_download,
vacuum-036,Vacuum,NJY-016_446136-447039,Eureka Whirlwind Vacuum Cleaner Commercial TNN 1999-04-27,Archive contributor,"This video clip features testimonials from various customers promoting the Eureka Whirlwind vacuum cleaner. The statements focus on its strong suction power, bagless design using cyclonic action, efficiency in collecting pet hair, and true hepa-seal filtration which is beneficial for people with allergies. The clip also highlights the convenience of using attachments and the affordability of the vacuum cleaner. From Network/Station: TNN Recorded in Miami, FL on 1999-04-27 Clipped from NJY-016 fr",https://archive.org/details/NJY-016_446136-447039,,446136_Eureka-Whirlwind-Vacuum-Cleaner-Commercial-TNN_1999-04-27.ia.mp4,h.264 IA,2994715,30.16,640,480,"title:(""vacuum cleaner"")",6,selected_for_download,
vacuum-042,Vacuum,brother-mickey-mouse-and-sister-minnie-mouse-gets-stuck-on-the-vacuum-cleaner,Brother Mickey Mouse and Sister Minnie Mouse Gets Stuck on the Vacuum Cleaner! Mickey Mouse and Minnie Mouse Funny Cartoon For Kids,Elsagate Archive Videos,"Brother Mickey Mouse and Sister Minnie Mouse Gets Stuck on the Vacuum Cleaner! Mickey Mouse and Minnie Mouse Funny Cartoon For Kids Disclaimer: This video may contain viewer discretion is advised, the video might not be suitable for children. I don't own this port video",https://archive.org/details/brother-mickey-mouse-and-sister-minnie-mouse-gets-stuck-on-the-vacuum-cleaner,https://creativecommons.org/licenses/by-nc-nd/4.0/,Brother Mickey Mouse & Sister Minnie Mouse Gets Stuck on Vacuum Cleaner! Mickey Mouse & Minnie Mouse Funny Cartoon for Kids.ia.mp4,h.264 IA,85651549,603.84,1280,720,"title:(""vacuum cleaner"")",6,selected_for_download,
vacuum-037,Vacuum,coatx-Vacuuming_the_City_s_Sewage,Vacuuming the City's Sewage,Allen City TV,"We're highlighting a few of our amazing public works employees who work to keep vital services and infrastructure in tip-top shape! Meet Jason and Calvin! They operate one of Allen's Vactor Trucks, which as Calvin perfectly describes, is like a big vacuum cleaner for Allen's sewer line system.",https://archive.org/details/coatx-Vacuuming_the_City_s_Sewage,,Vacuuming_the_City_s_Sewage.mp4,h.264,5883074,65.67,853,480,title:(vacuuming),6,selected_for_download,
vacuum-039,Vacuum,japanese-vacuum-cleaner-commercial,Ultraman -ish Vacuum Cleaner Commercial,Archive contributor,"If dirt and dust is your demon, this Ultra Vacuum Cleaner is your hero. Starting at only 18K Yen, it's SUPER SUCKIE!",https://archive.org/details/japanese-vacuum-cleaner-commercial,,Japanese Vacuum Cleaner Commercial.mp4,MPEG4,9702477,109.3,854,480,"title:(""vacuum cleaner"")",6,selected_for_download,
vacuum-038,Vacuum,youtube-Dk6gd7CTQJw,How to recharge the battery of your Samsung Jet™ vacuum cleaner,Samsung India,"The battery of the Samsung Jet™ vacuum cleaner has a very high capacity, allowing it to run for long durations. And even when the battery does finally run out, it can be ejected and recharged super easily! Just follow the simple steps shown in this video. If you have any queries about this video or want any further information, you can WhatsApp us on 1800 5 7267864. #Samsung Connect with us: Support: https://www.samsung.com/in/support/ Community: https://r2.community.samsung.com/t5/India/ct-p/in",https://archive.org/details/youtube-Dk6gd7CTQJw,,Dk6gd7CTQJw.mp4,MPEG4,6887354,89.0,1280,720,"title:(""vacuum cleaner"")",6,selected_for_download,
vacuum-040,Vacuum,youtube-J8ttGSr8t3Y,Samsung Jet Bot AI+ | The World’s 1st Intel AI powered Smart Robot Vacuum,Samsung Switzerland,"Reinige dein Zuhause intelligenter und sicherer dank des weltweit ersten Saugroboter mit Intel KI Lösung: Der smarte Jet Bot AI+ erkennt und identifiziert Objekte unterschiedlichster Art genau, um den optimalen Weg um sie herum festzulegen. Der 3D-Sensor scannt ausserdem jeden Raum präzise und der LiDAR-Sensor verfolgt den Standort des Jet Bots ständig, um so viel Fläche deines Zuhauses wie möglich zu reinigen. Mittels No-Go-Zonen maximierst du die Effizienz weiter, indem du ausgewählte, unerwün",https://archive.org/details/youtube-J8ttGSr8t3Y,,J8ttGSr8t3Y.mp4,MPEG4,16626631,87.68,1280,720,"title:(""robot vacuum"")",6,selected_for_download,
vacuum-041,Vacuum,youtube-pVc_Vr4-pqU,Vacuum Cleaner To Sweep The Ocean Floor,Interesting Engineering,"The Collector, an enormous deep-sea vacuum cleaner, is a marvel of engineering and environmental innovation. Operating from the mother ship, Hidden Gem, this 90-ton behemoth is tasked with vacuuming rocks from the ocean floor. Its four nozzles and adaptive sensors allow it to cover a substantial area, making it significantly more efficient than conventional cleaners. What sets this operation apart is the rich treasure hidden within the seemingly ordinary rocks – essential minerals like nickel, c",https://archive.org/details/youtube-pVc_Vr4-pqU,,pVc_Vr4-pqU.mp4,h.264,24558492,250.01,854,480,"title:(""vacuum cleaner"")",6,selected_for_download,
vacuum-044,Vacuum,black-decker-vacuum-cleaner-power-pro-1991-commercial,Black & Decker Vacuum Cleaner Power Pro 1991 Commercial,Archive contributor,Can a vacuum cleaner really pick up food? Aired in Canada.,https://archive.org/details/black-decker-vacuum-cleaner-power-pro-1991-commercial,,Black & Decker Vacuum Cleaner Power Pro 1991 Commercial.ia.mp4,h.264 IA,1055700,30.24,320,240,"title:(""vacuum cleaner"")",5,selected_for_download,
vacuum-046,Vacuum,youtube-HZetIZTGjRw,Flexible 2-in-1 storing and charging options | The new Samsung Jet™ Vacuum Cleaner,Samsung India,"Store and charge your Samsung Jet™ Vacuum Cleaner more flexibly with the 2-in-1 Charging Station. Based on your home’s requirement it can easily be wall mounted with the vacuum cleaner or used as a standalone charger. Experience convenient home cleaning. Own the Samsung Jet™ now! Buy now: http://spr.ly/6056zn6TY. #SamsungJet Connect with us: Support: spr.ly/9799 Community: spr.ly/2216 Facebook: spr.ly/6972 Twitter: spr.ly/9862 Instagram: spr.ly/3789 To enroll under: Samsung Student program, clic",https://archive.org/details/youtube-HZetIZTGjRw,,HZetIZTGjRw.mp4,MPEG4,1234986,16.16,1280,720,"title:(""vacuum cleaner"")",5,selected_for_download,
vacuum-045,Vacuum,youtube-od-SDectzW8,Up to 60 minutes of cleaning on one charge | The new Samsung Jet™ Vacuum Cleaner,Samsung India,"Equipped with a removable and long-lasting battery, the new Samsung Jet™ Vacuum Cleaner gives you uninterrupted cleaning, for years. Bring one home, now: http://spr.ly/6058zrJxi. #SamsungJet Connect with us: Support: http://spr.ly/6052yldMa Community: http://spr.ly/6053yldMx Facebook: http://spr.ly/6054yldMI Twitter: http://spr.ly/6055yldML Instagram: http://spr.ly/6056yldM0 To enroll under: Samsung Student program, click: http://spr.ly/6057yldMF Samsung Referral program, click: http://spr.ly/60",https://archive.org/details/youtube-od-SDectzW8,,od-SDectzW8.mp4,MPEG4,1202198,11.22,1280,720,"title:(""vacuum cleaner"")",5,selected_for_download,
,Vacuum,youtube-CJlrbMHLBd4,The Secret Life of the Vacuum Cleaner - Remastered,tim hunkin,"Remastered and upscaled by Norman Margolus from a 1987 PAL tape made directly from the 16mm print, using machine learning software from Topaz labs. Commentary added in Feb 2021. I apologize for the intrusive adverts on the new versions. I am unable to remove them and don't receive any of the income. Youtube automatically detects the copyrighted theme music and posts the adverts to pay the copyright holder, in this case the multinational company, The Universal music Group. View all 6 episodes of ",https://archive.org/details/youtube-CJlrbMHLBd4,,,,,,,,"title:(""vacuum cleaner"")",6,reject_file,no bounded video file
,Vacuum,1991-commercial-for-vax-vacuum-cleaner,1991 commercial for Vax vacuum cleaner,Archive contributor,An Australian commercial for an unusual vacuum cleaner.,https://archive.org/details/1991-commercial-for-vax-vacuum-cleaner,,1991 commercial for Vax vacuum cleaner.ia.mp4,h.264 IA,29661819,29.87,720,576,"title:(""vacuum cleaner"")",5,eligible,
,Vacuum,2009-commercial-for-gale-force-max-vacuum-cleaner,2009 commercial for Gale Force Max vacuum cleaner,Archive contributor,A 2-minute Australian commercial.,https://archive.org/details/2009-commercial-for-gale-force-max-vacuum-cleaner,,2009 commercial for Gale Force Max vacuum cleaner.mp4,MPEG4,311194667,120.02,720,576,"title:(""vacuum cleaner"")",5,eligible,
,Vacuum,20221226-seth-drums-merry-day-late-christmas-opening-presents-new-vacuum-cleaner-throne-gear,2022-12-26 - MERRY DAY LATE CHRISTMAS OPENING PRESENTS NEW VACUUM CLEANER | throne !gear,SethDrums,Srream aired on 12-26-2022. MERRY DAY LATE CHRISTMAS OPENING PRESENTS NEW VACUUM CLEANER | throne !gear,https://archive.org/details/20221226-seth-drums-merry-day-late-christmas-opening-presents-new-vacuum-cleaner-throne-gear,,,,,,,,"title:(""vacuum cleaner"")",5,reject_file,no bounded video file
,Vacuum,CLE-B08_287593-288041,Hoover Wind Tunnel Vacuum Cleaner Commercial HGTV 2000-01-08,Archive contributor,"This clip is a commercial for the Hoover Wind Tunnel, a high-powered vacuum cleaner that claims to pick up more dirt than any other clean air upright or canister vacuum. From Network/Station: HGTV Recorded in Cleveland, OH on 2000-01-08 Clipped from CLE-B08 frames 287593 - 288041",https://archive.org/details/CLE-B08_287593-288041,,287593_Hoover-Wind-Tunnel-Vacuum-Cleaner-Commercial-HGTV_2000-01-08.ia.mp4,h.264 IA,1425828,15.0,640,480,"title:(""vacuum cleaner"")",5,eligible,
,Vacuum,CommercialVacuumCleaner,Commercial Vacuum Cleaner,Archive contributor,"To purchase the best vacuum cleaner for you, you would surely want to check best commercial vacuum buying guide being offered by a number of websites in the internet. That could help for you to know the things you have to look for.",https://archive.org/details/CommercialVacuumCleaner,,Commercial Vacuum Cleaner.mp4,MPEG4,11726725,120.04,1280,720,"title:(""vacuum cleaner"")",5,eligible,
,Vacuum,DaanRoosegaarde_2017,Daan Roosegaarde: A smog vacuum cleaner and other magical city designs,TED.com,"Daan Roosegaarde uses technology and creative thinking to produce imaginative, earth-friendly designs. He presents his latest projects — from a bike path in Eindhoven, where he reinterpreted ""The Starry Night"" to get people thinking about green energy, to Beijing, where he developed a smog vacuum cleaner to purify the air in local parks, to a dance floor that generates electricity to power a DJ booth. Check out Roosegaarde's vision for a future where creativity is our true capital.",https://archive.org/details/DaanRoosegaarde_2017,https://creativecommons.org/licenses/by-nc-nd/4.0/,DaanRoosegaarde_2017.mp4,MPEG4,88516146,742.57,853,480,"title:(""vacuum cleaner"")",5,eligible,
,Vacuum,EurekaVacuumCleaner,Classic Commercial: Eureka vacuum cleaner,Archive contributor,A classic U.S. commercial for the Eureka vacuum cleaner.,https://archive.org/details/EurekaVacuumCleaner,,Eureka vacuum cleaner.mp4,h.264,6677297,64.03,640,480,"title:(""vacuum cleaner"")",5,eligible,
,Vacuum,G.EVacuumCleaner1959,1959 commercial for General Electric Cord-Reel Vacuum Cleaner,Archive contributor,A 1959 U.S. commercial for the General Electric Cord-Reel vacuum cleaner.,https://archive.org/details/G.EVacuumCleaner1959,,"G.E, Vacuum Cleaner - 1959.mp4",h.264,7386604,70.68,640,480,"title:(""vacuum cleaner"")",5,eligible,
,Vacuum,NJY-005_179464-179913,Dirt Devil Vision Vacuum Cleaner Commercial NBC/WNBC 4 2000-05-03,Archive contributor,"A commercial for the Dirt Devil Vision vacuum cleaner, highlighting its powerful suction, swivel casters, and bagless design with an easy-to-empty container. It features animated figures resembling dirt and debris, and a live-action dog reacting to the vacuuming. From Network/Station: NBC/WNBC 4 Recorded in Newark, NJ on 2000-05-03 Clipped from NJY-005 frames 179464 - 179913",https://archive.org/details/NJY-005_179464-179913,,179464_Dirt-Devil-Vision-Vacuum-Cleaner-Commercial-NBC-WNBC-4_2000-05-03.ia.mp4,h.264 IA,1443013,15.03,640,480,"title:(""vacuum cleaner"")",5,eligible,
,Vacuum,Secret_Life_Of_Machines_101,Secret Life Of Machines 101: The Vacuum Cleaner,Channel 4,,https://archive.org/details/Secret_Life_Of_Machines_101,,Secret_Life_Of_Machines_101_The_Vacuum_Cleaner.mp4,h.264,160868814,1550.69,556,360,"title:(""vacuum cleaner"")",5,eligible,
,Vacuum,SoldierKnowsBest_117,SoldierKnowsBest 117: Review: Dyson DC39 (Multi-Floor Vacuum Cleaner),Revision 3,"In this video, I review the new Dyson DC39 Multi-floor vacuum cleaner. Does it suck in a good way? Watch and find out!",https://archive.org/details/SoldierKnowsBest_117,http://creativecommons.org/licenses/by-nc-sa/3.0/,soldierknowsbest--0117--reviewdysondc39--hd720p30.h264.mp4,MPEG4,100821975,413.14,1280,720,"title:(""vacuum cleaner"")",5,eligible,
,Vacuum,TikTok-7195258982565416238,I finally bought an all in one robot vacuum & mop! @roborockglobal Ro...,lamarrwilson,I finally bought an all in one robot vacuum & mop! @roborockglobal Roborock S7 MaxV Ultra #smarthome #robotvacuum #tech #CleanTok,https://archive.org/details/TikTok-7195258982565416238,,7195258982565416238.ia.mp4,h.264 IA,5916927,59.06,270,480,"title:(""robot vacuum"")",5,eligible,
,Vacuum,TikTok-7218326266615778565,I schedule it to run twice a day & my floors are always clean 🧼🧹 #amazonhomehacks #amazonhomefinds #amazonhomefavorites #amazoncleaningmusthaves #amazonvacuum #amazonsmarthome #robotvaccuum #bestcleaningproducts #amazonhomefinds2023 #amazonhomeideas #viralamazonproducts #viralamazonfinds #amazonhomegadgets #amazonbedroomfinds #amazonbedroomessentials #amazonunboxing #amazoncleaninghacks #amazoncleaningsupplies #bestvacuum #bestvacuumforpets #lifehack #momhacks Robot Vacuum Home Idea Hack,sam.shan.shops,I schedule it to run twice a day & my floors are always clean 🧼🧹 #amazonhomehacks #amazonhomefinds #amazonhomefavorites #amazoncleaningmusthaves #amazonvacuum #amazonsmarthome #robotvaccuum #bestcleaningproducts #amazonhomefinds2023 #amazonhomeideas #viralamazonproducts #viralamazonfinds #amazonhomegadgets #amazonbedroomfinds #amazonbedroomessentials #amazonunboxing #amazoncleaninghacks #amazoncleaningsupplies #bestvacuum #bestvacuumforpets #lifehack #momhacks Robot Vacuum Home Idea Hack,https://archive.org/details/TikTok-7218326266615778565,,7218326266615778565.ia.mp4,h.264 IA,2692589,27.35,270,480,"title:(""robot vacuum"")",5,eligible,
,Vacuum,VAheeXZML2I,Vacuum Cleaner Sucks Up Water,Shawn K,Original Description: Do Not Attempt Anything You See In This Video Yourself. Apparently the Bissell Easy Vac does not make a very good wet vac.,https://archive.org/details/VAheeXZML2I,,Vacuum Cleaner Sucks Up Water.ia.mp4,h.264 IA,194852050,377.39,1920,1080,"title:(""vacuum cleaner"")",5,eligible,
,Vacuum,a-e-promo-metro-nissan-of-inver-grove-heights-and-partial-of-a-1-vacuum-cleaner-,"A & E Promo, Metro Nissan of Inver Grove Heights, and partial of A-1 Vacuum Cleaner Company commercials 1994",Archive contributor,"A & E Promo, Metro Nissan of Inver Grove Heights, and partial of A-1 Vacuum Cleaner Company commercials . Commercial aired during the Blue Angels 1994 documentary on the A&E channel.",https://archive.org/details/a-e-promo-metro-nissan-of-inver-grove-heights-and-partial-of-a-1-vacuum-cleaner-,,"A & E promo, Metro Nissan of Inver Grove Heights, and partial of A-1 Vacuum Cleaner Company commercials 1994.ia.mp4",h.264 IA,3993336,42.5,854,480,"title:(""vacuum cleaner"")",5,eligible,
,Vacuum,archiveteam_videobot_twitter_com_795917298930479104,🆘‼️😂 #BlackLivesMatter fights with all weapons ... also with vacuum cleaner. https://t.co/e8VY43iMIr,Onlinemagazin,🆘‼️😂 #BlackLivesMatter fights with all weapons ... also with vacuum cleaner. https://t.co/e8VY43iMIr,https://archive.org/details/archiveteam_videobot_twitter_com_795917298930479104,,324x180.mp4,h.264,8451608,80.99,648,360,"title:(""vacuum cleaner"")",5,eligible,
,Vacuum,bctvnj-Vacuuming_The_House_For_My_Dad,Vacuuming The House For My Dad,Bergen Catholic Television,Bergen Catholic High School Mindfulness Challenge,https://archive.org/details/bctvnj-Vacuuming_The_House_For_My_Dad,,Vacuuming_The_House_For_My_Dad.mp4,h.264,9944463,102.75,270,480,title:(vacuuming),5,eligible,
,Vacuum,bissell-prefect-sweep-turbo-2880-1,Karen • Gabrielle & Gavin’s Awesome Carpet Cleaner & Vacuum Cleaner Videos,New Madison United Methodist Church,Karen Potter • Gabrielle Potter & Gavin Potter,https://archive.org/details/bissell-prefect-sweep-turbo-2880-1,https://creativecommons.org/licenses/by-nd/4.0/,Bissell Heavy Duty 93Z6.mp4,h.264,1873145,35.37,640,480,"title:(""vacuum cleaner"")",5,eligible,
,Vacuum,cogvmn-Competitive_Vacuuming,Competitive Vacuuming,City of Golden Valley,"Today we are adding a little fun to your weekly chores with Competitive Vacuuming! In this activity, participants race to see who can clean a room the fastest. Not only are participants judged by time, deductions can also be issued for each dirty spot left uncleaned. Remember this is a warm up for our HomeRECed Olympics the week of May 25th. Share your ideas for at home Olympic events with the hashtag #GVHomeRECed. goldenvalleymn.gov/recreation/homereced.php",https://archive.org/details/cogvmn-Competitive_Vacuuming,,Competitive_Vacuuming.mp4,h.264,18261440,190.29,270,480,title:(vacuuming),5,eligible,
,Vacuum,funny_or_die_video_c984e25bf5,Funny or Die Video c984e25bf5: The Vacuum Cleaner Epidemic,Funny or Die,A vacuum cleaner salesman haunts the dreams of a jewish boy.,https://archive.org/details/funny_or_die_video_c984e25bf5,,funny_or_die_video_c984e25bf5.mp4,MPEG4,79596406,477.89,320,240,"title:(""vacuum cleaner"")",5,eligible,
,Vacuum,g4tv.com-video56325,g4tv.com-video56325: Epic iRobot Roomba 760 Vacuum Cleaner Giveaway,G4TV.com,Kevin Pereira and Candace Bailey announce the three winners of the Epic Giveaway for an iRobot Roomba 700 Series vacuum cleaner.,https://archive.org/details/g4tv.com-video56325,,as20111116_epicgiveaway_flv.mp4,h.264,7891547,76.59,640,480,"title:(""vacuum cleaner"")",5,eligible,
,Vacuum,g4tv.com-video56325-flvhd,g4tv.com-video56325-flvhd: Epic iRobot Roomba 760 Vacuum Cleaner Giveaway,G4TV.com,Kevin Pereira and Candace Bailey announce the three winners of the Epic Giveaway for an iRobot Roomba 700 Series vacuum cleaner.,https://archive.org/details/g4tv.com-video56325-flvhd,,as20111116_epicgiveaway_flvhd.mp4,h.264,7817053,75.52,640,360,"title:(""vacuum cleaner"")",5,eligible,
,Vacuum,g4tv.com-video7682,g4tv.com-video7682: Robot vacuum cleaner sucks,G4TV.com,,https://archive.org/details/g4tv.com-video7682,,fg031003b_165_0.mp4,h.264,16100782,155.25,640,480,"title:(""robot vacuum"") | title:(""vacuum cleaner"")",5,eligible,
,Vacuum,home-gadget-geeks-534-fvideo-large,Erin Lawrence with a Robot Vacuum Cleaner Showdown and What is the Right Monitor for You - HGG534 (Video),Jim Collison,"Full show notes, transcriptions (available on request), audio and video at http://theAverageGuy.tv/hgg534 Erin Lawrence from TechGadgetsCanada.com is back this week and we start with a review no-go. Erin recently purchase a $2000 espresso machine that had issues right out of the gate. It’s not the problem you think it might be! We also look at two new robot vacuum cleaners and Erin reviews them head to head. We have looked at many vacs on Home Gadget Geeks, you might be surprised on how far they",https://archive.org/details/home-gadget-geeks-534-fvideo-large,https://creativecommons.org/licenses/by-nc-nd/4.0/,,,,,,,"title:(""robot vacuum"") | title:(""vacuum cleaner"")",5,reject_file,no bounded video file
,Vacuum,i-wanna-be-your-vacuum-cleaner-capcut-template,I Wanna Be Your Vacuum Cleaner Capcut Template,Archive contributor,1,https://archive.org/details/i-wanna-be-your-vacuum-cleaner-capcut-template,,,,,,,,"title:(""vacuum cleaner"")",5,reject_file,no bounded video file
,Vacuum,sBB-dlQKSF8,Dual Vacuum Cleaner Destruction,Shawn K,Original Description: We’re back with two Dirt Devil upright vacuum cleaners.,https://archive.org/details/sBB-dlQKSF8,,Dual Vacuum Cleaner Destruction.ia.mp4,h.264 IA,213162060,924.69,1920,1080,"title:(""vacuum cleaner"")",5,eligible,
,Vacuum,stop-no-more-and-rabbids-vs.-the-vacuum-cleaner-and-runway-rabbids-rabbids-invasion,Stop! No More! and Rabbids Vs. The Vacuum Cleaner and Runway Rabbids - Rabbids Invasion,Nickelodeon,"Disclaimer: This port videos is own by me I don't own Rabbids Invasion this archive, credit goes to Nickelodeon and Ubisoft Entertainment",https://archive.org/details/stop-no-more-and-rabbids-vs.-the-vacuum-cleaner-and-runway-rabbids-rabbids-invasion,https://creativecommons.org/licenses/by-nc-nd/4.0/,Stop! No More! and Rabbids vs. the Vacuum Cleaner and Runway Rabbids - Rabbids Invasion.mp4,MPEG4,183150459,1266.93,1280,720,"title:(""vacuum cleaner"")",5,eligible,
,Vacuum,thevacuumcleaner,the vacuum cleaner video's that suck,Archive contributor,,https://archive.org/details/thevacuumcleaner,,cereal_512kb.mp4,512Kb MPEG4,5848242,82.44,320,240,"title:(""vacuum cleaner"")",5,eligible,
,Vacuum,vacuumfightprojects,What Tha.. Is Goin On. Total Mayhem In The Projects: Dudes Fighting Chick With Tree Branches & Ol Girl Came Out With A Vacuum Cleaner!,Archive contributor,What Tha.. Is Goin On. Total Mayhem In The Projects: Dudes Fighting Chick With Tree Branches & Ol Girl Came Out With A Vacuum Cleaner!,https://archive.org/details/vacuumfightprojects,,tmp182253.mp4,h.264,28160373,272.4,640,480,"title:(""vacuum cleaner"")",5,eligible,
,Vacuum,youtube-28W5J1sDwQw,LG HOM-BOT™ - Best Overall Smart Robot Vacuum by Reviewed.com,LG USA,"The LG HOM-BOT™ is the quietest robot vacuum on the market on non-carpeted floors! So you can enjoy listening to music, watching TV and more while your HOM-BOT™ take care of the mess! It's no wonder the LG HOM-BOT™ is now Reviewed.com's Editors' Choice for Best Overall Smart Robot Vacuum! Get more information here: http://www.lg.com/us/discover/cordzero-vacuum-cleaners Follow LG USA: Facebook: https://www.facebook.com/LGUSA/ Twitter: https://twitter.com/lgus Instagram: https://www.instagram.com/",https://archive.org/details/youtube-28W5J1sDwQw,,28W5J1sDwQw.mp4,MPEG4,1618189,22.83,720,720,"title:(""robot vacuum"")",5,eligible,
,Vacuum,youtube-97msZsS58zs,Robot vacuum cleaner - camparison viral movie,LG Global,Four dust characters are participating in Vacuum Racing. Who will win the competition? Let's watch it together! Source: https://www.youtube.com/watch?v=97msZsS58zs Uploader: LG Global,https://archive.org/details/youtube-97msZsS58zs,,97msZsS58zs.mp4,MPEG4,36239293,242.21,1280,720,"title:(""robot vacuum"")",5,eligible,
,Vacuum,youtube-9Y-6WxkwhO8,Samsung Jet Bot | A revolutionary Smart Robot Vacuum,Samsung Switzerland,"Die smarten Jet Bot Saugroboter glänzen durch Intelligenz wie nie zuvor: mittels LiDAR Sensor scannt der Roboter die Räume bis ins Detail ab, lässt sich von unterwegs steuern und sorgt für saubere Reinigungsergebnisse auf allen Oberflächen. Über die SmartThings App lassen sich zudem No-Go-Zonen festlegen, um beispielsweise Pflanzen oder heikle Gegenstände zu schützen. Die Jet Bot+ Modelle verfügen zudem über eine kombinierte Lade- und Absaugstation, die für einen autonomen und hygienischen Entle",https://archive.org/details/youtube-9Y-6WxkwhO8,,9Y-6WxkwhO8.mp4,MPEG4,10413661,50.95,1280,720,"title:(""robot vacuum"")",5,eligible,
,Vacuum,youtube-D4Ds38izHZo,Brisbane vacuum cleaner billboard,LifeSiteNews,"A billboard on the side of an abortion facility in Brisbane. And the headline? ""Suction so powerful, it's scary!"" That was the unexpected surprise for pro-life leader Teresa Martin as she drove past late one night. Source: https://www.youtube.com/watch?v=D4Ds38izHZo Uploader: LifeSiteNews",https://archive.org/details/youtube-D4Ds38izHZo,,Brisbane_vacuum_cleaner_billboard-D4Ds38izHZo.mp4,MPEG4,9819761,48.62,1280,720,"title:(""vacuum cleaner"")",5,eligible,
,Vacuum,youtube-GhPujM8pFS0,kid gets his balls suck into a vacuum cleaner,xXQUICKSCOPEXx788,Source: https://www.youtube.com/watch?v=GhPujM8pFS0 Uploader: xXQUICKSCOPEXx788 Upload date: 2010-09-01,https://archive.org/details/youtube-GhPujM8pFS0,,kid_gets_his_balls_suck_into_a_vacuum_cleaner-GhPujM8pFS0.mp4,h.264,6132920,60.31,640,480,"title:(""vacuum cleaner"")",5,eligible,
,Vacuum,youtube-I9omUVrAVI4,Samsung Jet Bot+ | A revolutionary Smart Robot Vacuum,Samsung Switzerland,"Die smarten Jet Bot Saugroboter glänzen durch Intelligenz wie nie zuvor: mittels LiDAR Sensor scannt der Roboter die Räume bis ins Detail ab, lässt sich von unterwegs steuern und sorgt für saubere Reinigungsergebnisse auf allen Oberflächen. Über die SmartThings App lassen sich zudem No-Go-Zonen festlegen, um beispielsweise Pflanzen oder heikle Gegenstände zu schützen. Die Jet Bot+ Modelle verfügen zudem über eine kombinierte Lade- und Absaugstation, die für einen autonomen und hygienischen Entle",https://archive.org/details/youtube-I9omUVrAVI4,,I9omUVrAVI4.mp4,MPEG4,12587113,65.62,1280,720,"title:(""robot vacuum"")",5,eligible,
,Vacuum,youtube-NQSBzkpO82I,Dog Vacuum Cleaner Makes Bath Time Much Easier,Insider,"The BarkBath will have your pooch squeaky clean in no time. Check out more: http://insder.co/2zz9kRP Subscribe to our new channel, INSIDER food: http://insder.co/2kWwBKZ The INSIDER team believes that life is an adventure! Subscribe to our channel and visit us at: https://thisisinsider.com INSIDER on Facebook: https://www.facebook.com/thisisinsider/ INSIDER on Instagram: https://www.instagram.com/thisisinsider/ INSIDER on Twitter: https://twitter.com/thisisinsider",https://archive.org/details/youtube-NQSBzkpO82I,,NQSBzkpO82I.mp4,h.264,10220253,101.74,854,480,"title:(""vacuum cleaner"")",5,eligible,
,Vacuum,youtube-PifIuOx70nA,Removes up to 99.999% fine dust and allergens | The new Samsung Jet™ 75 Vacuum Cleaner,Samsung India,"The new Samsung Jet™ 75 Vacuum Cleaner with its 5-layered HEPA Filtration System eliminates the finest of dust and allergen particles. Clean effortlessly and breathe easy with the new Samsung Jet™ 75 Vacuum Cleaner. Buy now: http://spr.ly/6057z1vQL. Connect with us: Support: http://spr.ly/6059yrmpN Community: http://spr.ly/6050yrmp4 Facebook: http://spr.ly/6051yrmpf Twitter: http://spr.ly/6053yrmp7 Instagram: http://spr.ly/6054yrmpC To enroll under: Samsung Student program, click: http://spr.ly/",https://archive.org/details/youtube-PifIuOx70nA,,PifIuOx70nA.mp4,MPEG4,10228611,46.07,1280,720,"title:(""vacuum cleaner"")",5,eligible,
,Vacuum,youtube-cj26c3V54SQ,Hand Laminate & Vacuum Bag a Simple Carbon Fibre Part (inc. Vacuum Cleaner method!),Easy Composites Ltd,,https://archive.org/details/youtube-cj26c3V54SQ,,cj26c3V54SQ.mp4,h.264,78101607,802.52,854,480,"title:(""vacuum cleaner"")",5,eligible,
,Vacuum,youtube-cqjzTt1SHIU,Razzlekhan - VACUUM CLEANER (official music video),Razzlekhan,"Are you a fan of Dyson vacuum cleaners or vacuums in general? Razzlekhan is obsessed with vacuum cleaners and has 4 (3 Dysons and 1 xiao mi autonomous robot vacuum cleaner), and decided to make a music video about vacuums. Just like the joy you get from weeding unwanted junk from your closet, it's important to clean your life of crappy friends who suck your time, energy, and money! This song is about ""spring cleaning"" those lame people. Source: https://www.youtube.com/watch?v=cqjzTt1SHIU Uploade",https://archive.org/details/youtube-cqjzTt1SHIU,,cqjzTt1SHIU.mp4,h.264,29078113,286.72,854,480,"title:(""vacuum cleaner"")",5,eligible,
,Vacuum,youtube-ggAnUaCUbYc,LG CordZeroᵀᴹ Handstick Vacuum Cleaner - Zero Better Ways to Clean,LG Australia,Powerful Cordless Freedom. https://bit.ly/2E0iiNq Experience truly cordless freedom from LG. The LG CordZeroᵀᴹ Handstick Vacuum Cleaner from LG is compact and lightweight offering ease and convenience whilst cleaning your home. Source: https://www.youtube.com/watch?v=ggAnUaCUbYc Uploader: LG Australia,https://archive.org/details/youtube-ggAnUaCUbYc,,ggAnUaCUbYc.mp4,MPEG4,2023781,30.0,1280,720,"title:(""vacuum cleaner"")",5,eligible,
,Vacuum,youtube-h2RX322wgik,The Largest Vacuum Cleaner You’ll Hate,Interesting Engineering,"#shorts ""The Collector"" is a massive underwater vacuum cleaner used in deep-sea mining for valuable minerals, sparking environmental concerns. Join our YouTube channel by clicking here: https://bit.ly/3asNo2n Find us on Instagram: https://bit.ly/3PM21xW Find us on Facebook: https://bit.ly/3t2Huvb Find us on Twitter: https://bit.ly/3wQfXzA Find us on TikTok: https://bit.ly/3wNsBOu Get the latest stories: https://interestingengineering.com/ Support IE for high-quality journalism: https://interesti",https://archive.org/details/youtube-h2RX322wgik,,h2RX322wgik.mp4,h.264,5080923,55.66,270,480,"title:(""vacuum cleaner"")",5,eligible,
,Vacuum,youtube-iLioFubRZE0,Turbo Action Brush for perfect cleaning | The new Samsung Jet™ Vacuum Cleaner,Samsung India,"The Turbo Action Brush on the new Samsung Jet™ Vacuum Cleaner removes the finest of dust particles from carpets, rugs and floors. Combination Tool and Long Reach Crevice Tool take care of dust and dirt in difficult to reach places. Samsung Jet™ keeps your home clean and hygienic. Bring one home now! http://spr.ly/6059zWWiR. #SamsungJet Connect with us: Support: http://spr.ly/6052yldMa Community: http://spr.ly/6053yldMx Facebook: http://spr.ly/6054yldMI Twitter: http://spr.ly/6055yldML Instagram:",https://archive.org/details/youtube-iLioFubRZE0,,iLioFubRZE0.mp4,MPEG4,10594908,62.53,1280,720,"title:(""vacuum cleaner"")",5,eligible,
,Vacuum,youtube-puAhbu8xAuI,[Samsung Core Technology] Vacuum Cleaner: All-in-one Clean Station l Samsung,Samsung,Introduce All-in-one Clean Station as a Samsung core technology of vacuum cleaner. Automatically easier to empty and charge. http://spr.ly/6056PsFt8 #Samsung Source: https://www.youtube.com/watch?v=puAhbu8xAuI Uploader: Samsung,https://archive.org/details/youtube-puAhbu8xAuI,,puAhbu8xAuI.mp4,MPEG4,3375952,26.4,1280,720,"title:(""vacuum cleaner"")",5,eligible,
,Vacuum,youtube-qV2x-Y3GLzQ,THG Video 12 - The Robot Vacuum Cleaner Trilobite 2,OldTHGVids,Toms Hardware Guide ...the hard truth Filename: THG_Video_Trilobite2.avi Date: 08/20/2004 Music: Not found yet,https://archive.org/details/youtube-qV2x-Y3GLzQ,,qV2x-Y3GLzQ.mp4,h.264,13549158,141.48,450,360,"title:(""robot vacuum"")",5,eligible,
,Vacuum,Geeks_Guide_To_Vacuuming,Geeks Guide To Vacuuming,Archive contributor,"Also known as, ""The Lazy Man's Way To Vacuum""",https://archive.org/details/Geeks_Guide_To_Vacuuming,,ROOMBA_512kb.mp4,512Kb MPEG4,9366873,132.36,320,240,title:(vacuuming),4,eligible,
,Vacuum,Hobsyssel.noVacuumingmastiff,Vacuuming mastiff,Hobsyssel.no,Our mastiff loves to be vacuumed!,https://archive.org/details/Hobsyssel.noVacuumingmastiff,http://www.copyright.gov/,vacuum_mastiff.mp4,h.264,26607385,257.54,640,480,title:(vacuuming),4,eligible,
,Vacuum,Hobsyssel.noVacuumingthemastiff,Vacuuming the mastiff,Hobsyssel.no,Our mastiff loves to be vacuumed!,https://archive.org/details/Hobsyssel.noVacuumingthemastiff,http://www.copyright.gov/,vacuum_mastiff.mp4,h.264,26612563,257.54,640,480,title:(vacuuming),4,eligible,
,Vacuum,Iowa_City_Update_-_Leaf_Vacuuming_Trick_or_Treat_Night,Iowa City Update - Leaf Vacuuming & Trick or Treat Night,CC4,"Grab your rakes and get those leaves to the curb, it's almost time for leaf vacuuming. Trick or treat night will be here soon, we have date and time specifics plus safety tips ahead of Halloween.",https://archive.org/details/Iowa_City_Update_-_Leaf_Vacuuming_Trick_or_Treat_Night,,Iowa_City_Update_-_Leaf_Vacuuming_Trick_or_Treat_Night.mp4,h.264,25528210,247.25,640,360,title:(vacuuming),4,eligible,
,Vacuum,JonathanAquinoReadVacuuming_0,Read-Vacuuming,Jonathan Aquino,Lifehack: vacuuming while reading,https://archive.org/details/JonathanAquinoReadVacuuming_0,http://creativecommons.org/licenses/by-nc-sa/2.5/,ReadVacuuming_512kb.mp4,512Kb MPEG4,3948459,55.63,320,240,title:(vacuuming),4,eligible,
,Vacuum,Vacuuming,Vacuuming,Archive contributor,My nephew Zack vacuums when he's bored,https://archive.org/details/Vacuuming,,ZachVacuums_512kb.mp4,512Kb MPEG4,5134417,74.28,320,240,title:(vacuuming),4,eligible,
,Vacuum,lisa-is-not-vacuuming-green-acres,Lisa is not vacuuming - 'Green Acres',Filmways Television,Uploaded from S2E27 under fair use.,https://archive.org/details/lisa-is-not-vacuuming-green-acres,,Lisa is not vacuuming - 'Green Acres'.mp4,h.264,2335756,23.86,640,480,title:(vacuuming),4,eligible,
,Vacuum,roomba-robot-vacuum-tv-spot-usa-fall-2003,Roomba Robot Vacuum TV Spot (USA) Fall 2003,Roomba,"This amazing product was introduced in 2002, & it became a cat's best friend for a ride around the house.",https://archive.org/details/roomba-robot-vacuum-tv-spot-usa-fall-2003,,Roomba TV Spot-Fall 2003.mp4,MPEG4,6196683,33.77,640,480,"title:(""robot vacuum"")",4,eligible,
,Vacuum,vacuuming-completely-nude-in-paradise,Vacuuming Completely Nude In Paradise,Archive contributor,Danny Boyle TV Movie,https://archive.org/details/vacuuming-completely-nude-in-paradise,,,,,,,,title:(vacuuming),4,reject_file,no bounded video file
,Vacuum,vid-20250303-052401453,Man I hate vacuuming,Archive contributor,Hard work,https://archive.org/details/vid-20250303-052401453,,VID_20250303_052401453.ia.mp4,h.264 IA,2038981,20.28,270,480,title:(vacuuming),4,eligible,
,Vacuum,youtube-J-Cqw4Goss4,Yeedi Robot Vacuum Review (vs. Roomba 690),TweeterMan287,This wasn't much of a competition. Support me on Patreon! https://www.patreon.com/tweeterman287 Amazon.com Save $50.00 coupon + $12.00 code:VACUUMYTB https://amzn.to/3z26apo Walmart.com: https://bit.ly/3JvZwvW Yeedi store: https://www.yeedi.com/ Live streams every Tuesday (and more)! https://www.twitch.tv/tweeterman287 Join Tweeter's Troops on Discord! https://discord.gg/QDWwwWn Follow me on Twitter! http://www.twitter.com/tweeterman287 New intro created by: https://twitter.com/PeakForNothing Jo,https://archive.org/details/youtube-J-Cqw4Goss4,,Yeedi Robot Vacuum Review (vs. Roomba 690) - J-Cqw4Goss4.mp4,h.264,70641213,731.17,854,480,"title:(""robot vacuum"")",4,eligible,
,Vacuum,youtube-MyDsZXjpNpw,Clinton the cat vs AI robot vacuum,Louis Rossmann,,https://archive.org/details/youtube-MyDsZXjpNpw,,MyDsZXjpNpw.mp4,h.264,55166988,533.81,854,480,"title:(""robot vacuum"")",4,eligible,
,Vacuum,youtube-kAe-r_V2Ujk,LG R9 CordZero ThinQ Robot Vacuum,LG Australia,Source: https://www.youtube.com/watch?v=kAe-r_V2Ujk Uploader: LG Australia,https://archive.org/details/youtube-kAe-r_V2Ujk,,kAe-r_V2Ujk.mp4,MPEG4,52780301,293.89,1280,720,"title:(""robot vacuum"")",4,eligible,
washing-028,Washing Machine,washer-repair,Washer Repair,Archive contributor,"When your washer breaks down, it disrupts your whole routine. Whether it’s a minor leak or a complete shutdown, Appliance USA Pro is here to get things back on track fast. We don’t believe in temporary fixes. Our goal is long-term reliability, so you’re not calling us again for the same problem a month later. From diagnosing error codes to replacing motors, pumps, belts, and control boards, we approach every job with thoroughness and care. We test each repaired machine through a full cycle befor",https://archive.org/details/washer-repair,,Washer Repair.mp4,MPEG4,3712572,20.08,720,1280,"title:(""washer repair"")",7,selected_for_download,
washing-029,Washing Machine,youtube-5626Gv4D7q8,[LG Washer] - Install and connect your new LG Washing Machine,LG customer support Europe_official,"How to unpack, prepare, install and connect your new LG front loader Washing Machine properly. Source: https://www.youtube.com/watch?v=5626Gv4D7q8 Uploader: LG customer support Europe_official",https://archive.org/details/youtube-5626Gv4D7q8,,5626Gv4D7q8.mp4,MPEG4,24329045,216.83,1280,720,"title:(""washing machine"")",6,selected_for_download,
washing-030,Washing Machine,youtube-jgiEcrlIpmA,"Whirlpool Aqua Line AWM1850 Washer, Maintenance Wash on White Cottons 95 (Programme 2) (3/3)",0000158,"In this video: Continuation of the final rinse Final spin at 04:15 The Whites Cottons 95 cycle has a limit of 5kg and a 1100rpm spin speed. The temperature can be changed from 95 to cold and the spin can be changed from 1100rpm to no spin. Options available on this cycle are Extra rinse and Gentle care. The model of this washing machine is Whirlpool Aqua Line AWM1850 which has a 5kg load and max spin of 1100rpm. This is not my machine, this was at a holiday cottage I was staying at.",https://archive.org/details/youtube-jgiEcrlIpmA,,jgiEcrlIpmA.mp4,MPEG4,49356671,914.77,640,360,"title:(""washer maintenance"")",6,selected_for_download,
washing-036,Washing Machine,mom-minnie-mouse-got-losing-the-winner-spin-washing-machine,Mom Minnie Mouse Got Losing the Winner Spin Washing Machine! Mickey Mouse and Minnie Mouse Funny Cartoon for Kids,Elsagate Archive Videos,"Mom Minnie Mouse Got Losing the Winner Spin Washing Machine! Mickey Mouse and Minnie Mouse Funny Cartoon for Kids Disclaimer: This Video may contain Viewer Discretion is Advised, the Video might Not be Suitable for Children I don't own this port video",https://archive.org/details/mom-minnie-mouse-got-losing-the-winner-spin-washing-machine,https://creativecommons.org/licenses/by-nc-nd/4.0/,Mom Minnie Mouse got losing the Winner Spin Washing Machine! Mickey Mouse and Minnie Mouse Funny Cartoon for Kids.ia.mp4,h.264 IA,58702672,610.75,1280,720,"title:(""washing machine"")",5,selected_for_download,
washing-035,Washing Machine,washing-machine-35mm,Washing Machine Spot (in Spanish),Archive contributor,We digitized and uploaded this film from the Phoenix Learning Group Archive. Email us at footage@avgeeks.com if you have questions about the footage and are interested in using it in your project.,https://archive.org/details/washing-machine-35mm,,WashingMachine35mm.mp4,MPEG4,50826528,127.83,640,480,"title:(""washing machine"")",5,selected_for_download,
washing-031,Washing Machine,washing-machine-heart-mapleshade-map-part-2-wip,Washing Machine Heart Mapleshade MAP Part 2 WIP,Elsik,"I'm a simp for Mapleshade, Reedshine and Appledusk plus this MAP uses a Mitski song whom I STAN. How could I have NOT joined this MAP? Map: • Washing Machine Heart || OPEN Maplesh... Characters: Mapleshade, Appledusk, Reedshine ~~~~~ Please DO NOT repost my animations on your channels, compilations, remakes etc! Exceptions include any form of sharing my videos through linking my animation and me allowing you to use it on your channel, such as MAP Parts specifically made for you, where I ask to g",https://archive.org/details/washing-machine-heart-mapleshade-map-part-2-wip,,Washing Machine Heart Mapleshade MAP - Part 2 WIP.ia.mp4,h.264 IA,3962023,16.53,1920,1080,"title:(""washing machine"")",5,selected_for_download,
washing-034,Washing Machine,washingMachine2_201808,Front Loading Washing Machine In Action,na5m,Watch how much more agitation gets applied to your dirty garments using a front loading washing machine versus a top loading machine.,https://archive.org/details/washingMachine2_201808,http://creativecommons.org/publicdomain/mark/1.0/,washingMachine2.ogv,Ogg Video,12503604,168.73,533,300,"title:(""washing machine"")",5,selected_for_download,
washing-033,Washing Machine,westinghouse1965,1965 commercial for Westinghouse Heavy Duty 15 washing machine,Archive contributor,A 1965 U.S. commercial for the Westinghouse Heavy Duty 15 washing machine. Picture quality not up to my usual standards.,https://archive.org/details/westinghouse1965,,westinghouse1965.mp4,h.264,6853257,65.8,640,480,"title:(""washing machine"")",5,selected_for_download,
washing-037,Washing Machine,youtube-AGB-lJ_K960dG4c,Can A Human Drink A Gallon of Spoiled Milk w/o Vomiting into A Washing Machine? | L.A. BEAST,skippy62able,"https://www.cameo.com/labeast Do you want a Personalized L.A. BEAST Video Shout Out?? Happy Birthday Wishes, Good Luck before the big game, or just a simple Have A Good Day?!?!? Check out my Cameo Profile Here: Click here to see the Aftermath: https://www.youtube.com/watch?v=JJp9UNB7SXs Approximately 2 weeks ago, The L.A. BEAST was sitting in his massage chair when he thought to himself, ""Can I drink a Gallon of Spoiled Whole Milk & not throw up into a washing machine?"" Well today, after 2 Weeks",https://archive.org/details/youtube-AGB-lJ_K960dG4c,,lJ_K960dG4c.mp4,h.264,110480817,1077.37,854,480,"title:(""washing machine"")",5,selected_for_download,
washing-032,Washing Machine,youtube-YfZbmfCYSSs,QuickDrive™ Washing Machine Automatic washer maintenance Samsung,Samsung Gulf,Source: https://www.youtube.com/watch?v=YfZbmfCYSSs Uploader: Samsung Gulf,https://archive.org/details/youtube-YfZbmfCYSSs,,YfZbmfCYSSs.mp4,MPEG4,6400697,56.33,1280,720,"title:(""washer maintenance"")",5,selected_for_download,
washing-045,Washing Machine,GalamaticDeluxWashingMachine1965TVCommercialXvid,Galamatic Delux Washing Machine 1965 TV Commercial,Archive contributor,"I know it's 2014, but this commercial makes me want one!",https://archive.org/details/GalamaticDeluxWashingMachine1965TVCommercialXvid,,Galamatic Delux washing machine 1965 TV commercial_xvid.mp4,h.264,3277669,31.88,540,360,"title:(""washing machine"")",4,selected_for_download,
washing-041,Washing Machine,NathanAlberBrokenWashingMachine,Broken Washing Machine,Nathan Alber,This video is for my vlog; about my broken washer.,https://archive.org/details/NathanAlberBrokenWashingMachine,http://creativecommons.org/licenses/by-nc-sa/2.5/,Episode_1_512kb.mp4,512Kb MPEG4,913901,12.94,320,240,"title:(""washing machine"")",4,selected_for_download,
washing-039,Washing Machine,SillyPieceOfDenimYeahThatsWhyItSurvivesTheWashingMachineMoneyDollarUsaAmerican,Silly piece of #denim. Yeah. That's why it survives the washing machine. #Money #dollar #USA #American.-MU9Meg2uPpv.mp4 Silly piece of denim Yeah Thats why it survives the washing machine Money dollar USA American MU9Meg2uPpv mp4 denim Money dollar USA American,Kenneth Udut,Silly piece of #denim. Yeah. That's why it survives the washing machine. #Money #dollar #USA #American.-MU9Meg2uPpv.mp4 Silly piece of denim Yeah Thats why it survives the washing machine Money dollar USA American MU9Meg2uPpv mp4 denim Money dollar USA American,https://archive.org/details/SillyPieceOfDenimYeahThatsWhyItSurvivesTheWashingMachineMoneyDollarUsaAmerican,,SillyPieceOfDenimYeahThatsWhyItSurvivesTheWashingMachineMoneyDollarUsaAmerican.mp4,MPEG4,897268,6.47,480,480,"title:(""washing machine"")",4,selected_for_download,
washing-038,Washing Machine,WashingMachineTearingItselfApartItsNotStopmotionThisIsRealtimeLoopsWhyUDontPut,#Washing #machine tearing itself apart. It's not #StopMotion - this is #realtime #loops - why u don't put shoes or #engines in there -MUOu1qqbqDx.mp4 Washing machine tearing itself apart Its not StopMotion this is realtime loops why u dont put shoes or engines in there MUOu1qqbqDx mp4 Washing machine StopMotion realtime loops engines,Kenneth Udut,#Washing #machine tearing itself apart. It's not #StopMotion - this is #realtime #loops - why u don't put shoes or #engines in there -MUOu1qqbqDx.mp4 Washing machine tearing itself apart Its not StopMotion this is realtime loops why u dont put shoes or engines in there MUOu1qqbqDx mp4 Washing machine StopMotion realtime loops engines,https://archive.org/details/WashingMachineTearingItselfApartItsNotStopmotionThisIsRealtimeLoopsWhyUDontPut,,WashingMachineTearingItselfApartItsNotStopmotionThisIsRealtimeLoopsWhyUDontPut.mp4,MPEG4,892297,6.47,480,480,"title:(""washing machine"")",4,selected_for_download,
washing-040,Washing Machine,comet-sense-hotpoint-washing-machine-advert,Comet Sense Hotpoint Washing Machine Advert,Comet,An advert for a Hotpoint washing machine sold by Comet broadcast December 2003 during a transmission of The Return on ITV1.,https://archive.org/details/comet-sense-hotpoint-washing-machine-advert,,Comet Sense Hotpoint Washing Machine Advert.ia.mp4,h.264 IA,898080,9.73,640,480,"title:(""washing machine"")",4,selected_for_download,
washing-046,Washing Machine,complete-map-warriors-cats-washing-machine-heart-fallen-leaves,🍂 COMPLETE MAP WARRIORS CATS Washing Machine Heart Fallen Leaves 🍂,Ellie_UwU,"Parts: https://youtube.com/playlist?list=PLG... song:Washing Machine Heart by Mitski ——————————————————— Warrior cats — Erin Hunter. Host: Ellie_UwU connected the parts: Chocowing Thumbnails:Black shadow, Rosestar OwO Animations, Choco-wing. ——————————————————— Participants: 00:01 Dream KW 00:10 Humming :) 00:16 Рыжуля LK 00:22 Dream KW 00:26 Choco-wing 00:31 Rosestar OwO Animations 00:38 Dream KW 00:44 Black shadow 00:50 Rosestar OwO Animations 00:56 credits THANKS Y'ALL!",https://archive.org/details/complete-map-warriors-cats-washing-machine-heart-fallen-leaves,,🍂COMPLETE MAP WARRIORS CATS Washing machine heart Fallen-leaves 🍂.ia.mp4,h.264 IA,4582960,91.44,720,720,"title:(""washing machine"")",4,selected_for_download,
washing-043,Washing Machine,easyWashingMachineCommercialFrom1955,Easy washing machine commercial from 1955,Archive contributor,A U.S. commercial for the Easy washing machine from 1955. The complete telecast can be seen at http://www.archive.org/details/Arthur_Godfrey_Time . I wonder if these are worth anything today.,https://archive.org/details/easyWashingMachineCommercialFrom1955,,EasyWashingMachine_512kb.mp4,512Kb MPEG4,2567090,35.4,320,240,"title:(""washing machine"")",4,selected_for_download,
washing-042,Washing Machine,nick-jr-face-the-washing-machine,Nick Jr Face the Washing Machine,Nick Jr.,"Wash The Clothes, Scrubba, Scrubba!",https://archive.org/details/nick-jr-face-the-washing-machine,,Nick Jr Face the Washing Machine.mp4,MPEG4,1960631,30.6,480,360,"title:(""washing machine"")",4,selected_for_download,
washing-047,Washing Machine,washingmachineheart,WASHING MACHINE HEART || a complete Foeslayer WoF map ||,ToxicTerrors,"Thank you so much to the lovely participants! Not only have you completed most of the work within the deadlines, you put up with me and my foolishness 😳 Nevertheless, I am proud to present a well-rounded and complete MAP with varied animation levels. Thank you for sticking with me until the end of this project. Now, onto the participant list. (In part order) ShadowedSky Chai the closet moth Squidbrain all the way Snowdrift Art Kaeyathrei Pyro the raptor Juarari the RainWing Toxxin’s Terrors Myst",https://archive.org/details/washingmachineheart,,washingmachineheart.mp4,MPEG4,4988679,136.65,480,360,"title:(""washing machine"")",4,selected_for_download,
washing-044,Washing Machine,youtube-tgTeoaZN9W4,Chandra Sekhar - Washing Machine Heart (Perfect Dark Zero Edit),foslerfer,Why do people do what they do? They don't do it for free. \For Pelo Mcsoy\,https://archive.org/details/youtube-tgTeoaZN9W4,,tgTeoaZN9W4.mp4,h.264,2568222,29.92,854,480,"title:(""washing machine"")",4,selected_for_download,
,Washing Machine,youtube-8MU3xhtbCRw,"Whirlpool Aqua Line AWM1850 Washer, Maintenance Wash on White Cottons 95 (Programme 2) (2/3)",0000158,In this video: Continuation of the main wash Cool down at 21:35 1st drain at 27:36 1st rinse at 29:05 1st interim spin at 34:48 2nd rinse at 37:50 2nd interim spin at 41:56 Final rinse at 44:57 The Whites Cottons 95 cycle has a limit of 5kg and a 1100rpm spin speed. The temperature can be changed from cold to 95 and the spin can be changed from 1100rpm to no spin. Options available on this cycle are Extra rinse and Gentle care. The model of this washing machine is Whirlpool Aqua Line AWM1850 whi,https://archive.org/details/youtube-8MU3xhtbCRw,,,,,,,,"title:(""washer maintenance"")",6,reject_file,no bounded video file
,Washing Machine,youtube-CQAvBJi2uRA,"Whirlpool Aqua Line AWM1850 Washer, Maintenance Wash on White Cottons 95 (Programme 2) (1/3)",0000158,In this video: Selecting cycle at 01:40 Starting cycle at 03:07 I was 1 notch too early on the program dial Start of main wash at 04:40 The Whites Cottons 95 cycle has a limit of 5kg and a 1100rpm spin speed. The temperature can be changed from cold to 95 and the spin can be changed from 1100rpm to no spin. Options available on this cycle are Extra rinse and Gentle care. The model of this washing machine is Whirlpool Aqua Line AWM1850 which has a 5kg load and max spin of 1100rpm. This is not my ,https://archive.org/details/youtube-CQAvBJi2uRA,,,,,,,,"title:(""washer maintenance"")",6,reject_file,no bounded video file
,Washing Machine,youtube-fxm4whk_BlA,"LG AiDD Steam Washer, Maintenance wash on Cottons 95 degrees (Requested)",0000158,Requested by Callum Woodsford - Maintenance wash on Cottons 95 degrees In this video: Loading at 00:00 Selecting Cycle at 01:11 Start of cycle and main wash 01:26 84.8 degrees reached at 33:40 83.1 degrees reached at 52:25 82.8 reached at 01:12:38 Cooldown at 01:29:05 1st interim spin at 01:32:26 1st rinse at 01:37:49 2nd interim spin at 01:41:09 Final rinse at 01:45:27 Final spin at 01:49:06 The cottons cycle has a limit of 10.5kg and a 1400rpm spin speed. The temperature can be changed from 95,https://archive.org/details/youtube-fxm4whk_BlA,,,,,,,,"title:(""washer maintenance"")",6,reject_file,no bounded video file
,Washing Machine,youtube-SgWh-5DsiQM,The Secret Life of the Washing Machine - Remastered,tim hunkin,"Remastered and upscaled by Norman Margolus from a 1987 PAL tape made directly from the 16mm print, using machine learning software from Topaz labs. Commentary added in Feb 2021. I apologize for the intrusive adverts on the new versions. I am unable to remove them and don't receive any of the income. Youtube automatically detects the copyrighted theme music and posts the adverts to pay the copyright holder, in this case the multinational company, The Universal music Group. View all 6 episodes of ",https://archive.org/details/youtube-SgWh-5DsiQM,,,,,,,,"title:(""washing machine"")",5,reject_file,no bounded video file
,Washing Machine,1954-commercial-for-bendix-washing-machine,1954 commercial for Bendix washing machine,Archive contributor,"A classic U.S. commercial for an offer of a free ironing board with the Bendix washing machine. Unfortunately the picture quality is bad, as this is several generations away from the original print.",https://archive.org/details/1954-commercial-for-bendix-washing-machine,,1954 commercial for Bendix washing machine.ia.mp4,h.264 IA,22003171,69.27,640,480,"title:(""washing machine"")",4,eligible,
,Washing Machine,1956-commercial-for-whirlpool-washing-machine-2,1956 commercial for Whirlpool washing machine (2),Archive contributor,"A U.S. commercial. Picture quality is poor, no doubt the original print looks better.",https://archive.org/details/1956-commercial-for-whirlpool-washing-machine-2,,1956 commercial for Whirlpool washing machine (2).ia.mp4,h.264 IA,84719107,116.43,640,480,"title:(""washing machine"")",4,eligible,
,Washing Machine,1956CommercialForWhirlpoolWashingMachine,1956 commercial for Whirlpool washing machine,Archive contributor,A 1956 U.S. commercial for a Whirlpool washing machine. Very unusual commercial.,https://archive.org/details/1956CommercialForWhirlpoolWashingMachine,,WhirlpoolWashingMachine1956.mp4,h.264,13455078,129.93,640,480,"title:(""washing machine"")",4,eligible,
,Washing Machine,1972WhirlpoolWashingMachineCommercial,1972 Whirlpool Washing Machine commercial,Archive contributor,"An intentionally funny U.S. commercial for a Whirlpool Washing Machine, circa 1972. ""It rolls on casters!""",https://archive.org/details/1972WhirlpoolWashingMachineCommercial,,WhirlpoolWashingMachine1972.mp4,h.264,5568486,57.04,640,480,"title:(""washing machine"")",4,eligible,
,Washing Machine,2010w-hans-rosling-004-1200k,TED talk: The Magic Washing Machine,Hans Rosling,https://www.ted.com/talks/hans_rosling_the_magic_washing_machine but on the internet archive,https://archive.org/details/2010w-hans-rosling-004-1200k,,2010w-hans-rosling-004-1200k.ia.mp4,h.264 IA,76703577,537.8,,,"title:(""washing machine"")",4,eligible,
,Washing Machine,20221130_aimsey_toss-your-dirty-shoes-in-my-washing-machine-heart-baby-bang-it-up-inside,TOSS YOUR DIRTY SHOES IN MY WASHING MACHINE HEART BABY BANG IT UP INSIDE IM NOT WEARING MY USUAL LIPSTICK I THOUGHT MAYBE WE WOULD KISS TONI,Aimsey,"Aimsey plays on the Area Unknown SMP. In the middle of the stream, they switch to MCC Island, then go back to the Area Unknown SMP. The page title reflects the original Twitch title.",https://archive.org/details/20221130_aimsey_toss-your-dirty-shoes-in-my-washing-machine-heart-baby-bang-it-up-inside,,,,,,,,"title:(""washing machine"")",4,reject_file,no bounded video file
,Washing Machine,GeekBeat.TV_543,"GeekBeat.TV 543: An Android-Powered Toilet, a Pocket Sized Washing Machine and a Scientific Explanation For Rudolph's Red Nose",Revision 3,"An Android-powered toilet that keeps online notes, a washing machine you can carry in your pocket, why Rudolph's nose was red, and a salute to the best community in all of geekdom!",https://archive.org/details/GeekBeat.TV_543,http://creativecommons.org/licenses/by-nc-sa/3.0/,geekbeattv--0543--scientific-explanation-for-rudolph-the-red-nosed--hd720p30.h264.mp4,MPEG4,76059598,317.8,1280,720,"title:(""washing machine"")",4,eligible,
,Washing Machine,HansRosling_2010W,Hans Rosling and the magic washing machine,TED.com,"What was the greatest invention of the industrial revolution? Hans Rosling makes the case for the washing machine. With newly designed graphics from Gapminder, Rosling shows us the magic that pops up when economic growth and electricity turn a boring wash day into an intellectual day of reading.",https://archive.org/details/HansRosling_2010W,http://creativecommons.org/licenses/by-nc-nd/3.0/,HansRosling_2010W.mp4,MPEG4,64974954,555.56,853,480,"title:(""washing machine"")",4,eligible,
,Washing Machine,HotpointWashingMachinedryer1954Commercial,Hotpoint Washing Machine/Dryer (1954 commercial),Archive contributor,"A U.S. commercial for the Hotpoint Washing Machine, and the Hotpoint Clothes Dryer, aired 1954. Taken from a show with 24 minutes of show and 4 minutes of commercials. Also features brief reference to the synthetic fibres of the time.",https://archive.org/details/HotpointWashingMachinedryer1954Commercial,,HotpointWasher1954_512kb.mp4,512Kb MPEG4,9027756,125.09,320,240,"title:(""washing machine"")",4,eligible,
,Washing Machine,NPC-8899,"Iwo Jima: Barber, Washing Machine, Aerials Of Flame-Throwing Tanks, 03/28/1945",United States. Navy,"Naval Photographic Center film #8899. National Archives description "" 1) MS-CU Marine barber shop outside tent. 2) LS-MS Home-made windmill washing machine in use-SV. 3) LS Flag raising ceremony on Iwo Jima-SV, Suribachi in background. 4) MS Pan Piper Cubs parked along airstrip. 5) CU Pilots talking, pilots wear headphones-SV. 6) AV Smoke rises from explosions on Iwo Jima-SV (shaky). 7) AV Tanks in action on Iwo Jima. 8) AV Observation plane in flight over Iwo Jima-SV. 9) AV Tanks moving in rugg",https://archive.org/details/NPC-8899,http://creativecommons.org/publicdomain/mark/1.0/,NPC-8899.mp4,h.264,57705416,554.43,640,360,"title:(""washing machine"")",4,eligible,
,Washing Machine,PhilipsWashingMachineAdvert,Philips Washing Machine Advert,Philips,An advert for Philips Washing Machines broadcast 1988 during a transmission of The Battle of the River Plate on Channel 4.,https://archive.org/details/PhilipsWashingMachineAdvert,,Philips Washing Machine Advert.mp4,MPEG4,15393890,20.05,768,576,"title:(""washing machine"")",4,eligible,
,Washing Machine,Primetimers_-_Washing_Machine_Recall,Primetimers - Washing Machine Recall,Livonia Television,,https://archive.org/details/Primetimers_-_Washing_Machine_Recall,,Primetimers_-_Washing_Machine_Recall.mp4,h.264,168332572,1620.78,640,360,"title:(""washing machine"")",4,eligible,
,Washing Machine,Secret_Life_Of_Machines_104,Secret Life Of Machines 104: The Washing Machine,Channel 4,,https://archive.org/details/Secret_Life_Of_Machines_104,,Secret_Life_Of_Machines_104_The_Washing_Machine.mp4,h.264,160972473,1551.15,556,360,"title:(""washing machine"")",4,eligible,
,Washing Machine,This_Week_in_Computer_Hardware_236,This Week in Computer Hardware 236: Throw that Laptop Into the Washing Machine,TWiT,"AMD and Intel announce new GPU, left handed mice, Haswell performance, and more.",https://archive.org/details/This_Week_in_Computer_Hardware_236,http://creativecommons.org/licenses/by-nc-sa/3.0/,,,,,,,"title:(""washing machine"")",4,reject_file,no bounded video file
,Washing Machine,WashingMachineParts,Washing machine parts,spares86,Finding the washing machine parts that you require for your electrical items around your home has never been made easier or quicker.,https://archive.org/details/WashingMachineParts,,animoto_high_res.mp4,MPEG4,20633323,105.34,854,480,"title:(""washing machine"")",4,eligible,
,Washing Machine,Washing_Machine_Cider_Press,Washing Machine Cider Press,Belfast Community Television,Some folks are more inventive than others. Steve Hanscom of Belfast has created a cider press from a discarded washing machine.,https://archive.org/details/Washing_Machine_Cider_Press,https://creativecommons.org/licenses/by-nc-nd/3.0/,Washing_Machine_Cider_Press.mp4,h.264,177801232,1709.14,638,360,"title:(""washing machine"")",4,eligible,
,Washing Machine,You_have_to_see_this_giant_washing_machine,You have to see this giant washing machine!,QACTV,"Ebb Tide Tent & Party Rentals on 301 in Queenstown, MD is a family owned business taking care of all your party rental needs for weddings and all other speci...",https://archive.org/details/You_have_to_see_this_giant_washing_machine,,You_have_to_see_this_giant_washing_machine.mp4,h.264,28716383,275.65,640,360,"title:(""washing machine"")",4,eligible,
,Washing Machine,archiveteam_videobot_twitter_com_781184237797974017,Woman Leaves 10-Star Review And Topless Selfie For New Washing Machine. via @hasanthehun & @gracebaldridge https://t.co/Dte9JJVD7u,TYT Network,Woman Leaves 10-Star Review And Topless Selfie For New Washing Machine. via @hasanthehun & @gracebaldridge https://t.co/Dte9JJVD7u Woman Leaves 10-Star Review And Topless Selfie For New Washing Machine We're hot for laundry.,https://archive.org/details/archiveteam_videobot_twitter_com_781184237797974017,,320x180.mp4,h.264,32114556,308.27,640,360,"title:(""washing machine"")",4,eligible,
,Washing Machine,asmr-washing-machine-power-cosplay,Lei ASMR - ♡ ASMR Washing Machine Power Cosplay,Lei ASMR,https://www.youtube.com/watch?v=3FAP41cq-kE https://www.youtube.com/@leiasmr2020 https://snipfeed.co/lllazzz,https://archive.org/details/asmr-washing-machine-power-cosplay,,♡ ASMR Washing Machine Power Cosplay.mp4,MPEG4,28287710,181.02,1280,720,"title:(""washing machine"")",4,eligible,
,Washing Machine,dMAHcV5u5gA,RV Washing Machine Destruction,Shawn K,Original Description: Having a little fun with a small RV washing machine.,https://archive.org/details/dMAHcV5u5gA,,,,,,,,"title:(""washing machine"")",4,reject_file,no bounded video file
,Washing Machine,early-washing-machine-wringer-d.-d.-teoli-jr.-a.-c.,Early Washing Machine & Wringer D. D. Teoli Jr. A. C.,D. D. Teoli Jr. A. C.,"Early Washing Machine & Wringer Contributed to the Internet Archive in Honor and Memory of Leni Riefenstahl & Howard R. Hughes Jr. On another topic... Do you have an interest in cine' film preservation? The Daniel D. Teoli Jr. Small Gauge Film Archive has a collection of thousands of reels measuring in the millions of feet of film. It is mostly 16mm, with some 8mm. While I have silent scanning equipment, sound 16mm scanners are out of my reach due to cost. If you have an interest in investing in",https://archive.org/details/early-washing-machine-wringer-d.-d.-teoli-jr.-a.-c.,https://creativecommons.org/licenses/by-nc-nd/4.0/,Early washing machine & wringer D.D.Teoli Jr. A.C..ia.mp4,h.264 IA,9438990,19.49,1280,720,"title:(""washing machine"")",4,eligible,
,Washing Machine,easywashingmachine1955ad2,''Easy Washing Machine'' commercial from 1955 (ad 2),Archive contributor,"A 1955 U.S. commercial for the Easy washing machine. This was a *live* daytime commercial, hence the low budget.",https://archive.org/details/easywashingmachine1955ad2,,easywashingmachine1955ad2.mp4,h.264,10618903,102.58,640,480,"title:(""washing machine"")",4,eligible,
,Washing Machine,g4tv.com-video13197,g4tv.com-video13197: Super Happy Fun Washing Machine Joy,G4TV.com,"The greatest appliance of our time lives in Tokyo, and it knows what you want.",https://archive.org/details/g4tv.com-video13197,,tokyo2006web_washingmachine_flv.mp4,h.264,5198153,50.54,640,480,"title:(""washing machine"")",4,eligible,
,Washing Machine,img-5622_202307,I Love Lucy - Washing Machine Dilemma,Graeme Gigante,"The Ricardo’s and Mertz’ fight over who is responsible for what on their part when it comes to buying a previously owned washing machine that malfunctions and breaks from technical issues, which eventually their argument leads to the washing machine being knocked off the balcony from the top of their building and being totaled after crash landing.",https://archive.org/details/img-5622_202307,,IMG_5617.mp4,h.264,6586948,66.64,854,480,"title:(""washing machine"")",4,eligible,
,Washing Machine,roosterteeth-47434,The Weirdest Washing Machine Adventure - Sockventure,Achievement Hunter,"Trevor, Alfredo, Joe, and Matt take on a cursed washing machine to get their socks back as they jump into the wacky superhero platformer, Sockventure!",https://archive.org/details/roosterteeth-47434,,,,,,,,"title:(""washing machine"")",4,reject_file,no bounded video file
,Washing Machine,the-washing-machine-1993-wp-comp,The Washing Machine (1993) watchparty 5/17/24,Archive contributor,Watch party for the Fifth (dis)Cord giallo chat group on 5/17/24. Curated by Tony Canoli.,https://archive.org/details/the-washing-machine-1993-wp-comp,https://creativecommons.org/licenses/by-nd/4.0/,,,,,,,"title:(""washing machine"")",4,reject_file,no bounded video file
,Washing Machine,twm-tokig,The Washing Machine (Vortice mortale),Archive contributor,"Ruggero Deodato´s ""The Washing Machine""",https://archive.org/details/twm-tokig,,,,,,,,"title:(""washing machine"")",4,reject_file,no bounded video file
,Washing Machine,washingmachineheart_map,Washing Machine Heart 〖 Complete Hollyleaf MAP Warriors 〗,CORBIE,"THANKS TO ALL WHO PARTICIPATED !!! I was really looking forward to this MAP, like everyone else!!!! 1. Freak kaerF 2. peachkun 3. Sketchinx 4. Вика рыжая кошка 5. norhtstorm 6.Mochi Rabbit 7. Sketchinx 8. Sketchinx 9. Domicat 10. Comet 22 11. Огнезвёзд Крутой 12. •Archie Legends• 13. •Anfisa Artist• 14.Cindy 15. Domicat 16. #-# Mockingjay #-# 17.Crazy dipresist 18.Freak kaerF 19. Alya Cat 20. Вика рыжая кошка & Kate 21. Sally Chel 22. Sketchinx playlist - • MAP WASHING MACHINE HEART song - • Mit",https://archive.org/details/washingmachineheart_map,,washingmachineheart.mp4,MPEG4,7977929,160.06,640,360,"title:(""washing machine"")",4,eligible,
,Washing Machine,youtube-QaoTt_znsk8,"'14 LG TL Washing Machine, A Den of Thieves",LG Global,Watch out! dirty devils are chasing after you! They will be clinging to you soon! Source: https://www.youtube.com/watch?v=QaoTt_znsk8 Uploader: LG Global,https://archive.org/details/youtube-QaoTt_znsk8,,QaoTt_znsk8.mp4,MPEG4,17087726,84.99,1280,720,"title:(""washing machine"")",4,eligible,
,Washing Machine,youtube-dC--exkIVQs,LG Smart Inverter Washing Machine USP Video,LG Home Appliance & Air Solution,"Smarter life, with LG Smart Inverter Washing Machine. Smart choice saves energy for next 10 years. LG Smart Inverter washing machine can finish laundry on only 67wh, which is 36% less than conventional washing machines. Energy saving and better washing at the same time. For more information visit▶ Brand Site: https://www.lg.com YouTube : https://www.youtube.com/c/LGHomeApplianceAirSolution Source: https://www.youtube.com/watch?v=dC--exkIVQs Uploader: LG Home Appliance & Air Solution",https://archive.org/details/youtube-dC--exkIVQs,,dC--exkIVQs.mp4,MPEG4,20626303,246.16,1280,720,"title:(""washing machine"")",4,eligible,
,Washing Machine,youtube-fujZwrlBNQ8,A Korean girl got stuck in a washing machine.,Kimchi Film,,https://archive.org/details/youtube-fujZwrlBNQ8,,fujZwrlBNQ8.mp4,h.264,13832153,143.53,854,480,"title:(""washing machine"")",4,eligible,
,Washing Machine,youtube-mYXtud9UuYQ,ON Great Big Story - Meet the Washing Machine Club Gentlemen,jetcone,Cool piece Great Big Story did of all of us. Enjoy,https://archive.org/details/youtube-mYXtud9UuYQ,,mYXtud9UuYQ.mp4,h.264,10624830,111.04,854,480,"title:(""washing machine"")",4,eligible,
