record_id,product_class,archive_identifier,title,creator,description_excerpt,source_page_url,license_url,selected_file,selected_format,bytes,duration_seconds,width,height,matched_queries,discovery_score,selection_status,selection_reason
,Air Fryer,twitch-vod-v1966979043,i can feel my face ♫♪ Dancin' !sus !gg !dad !airfryer,ronn,Source: https://www.twitch.tv/videos/1966979043 Uploader: ronn,https://archive.org/details/twitch-vod-v1966979043,,,,,,,,title:(airfryer),4,reject_file,no bounded video file
,Air Fryer,twitch-vod-v1978396754,2 ♫♪ Dancin' !pplus !sus !gg !dad !airfryer,ronn,Source: https://www.twitch.tv/videos/1978396754 Uploader: ronn,https://archive.org/details/twitch-vod-v1978396754,,,,,,,,title:(airfryer),4,reject_file,no bounded video file
,Air Fryer,twitch-vod-v1997087470,allo am aliv ♫♪ Dancin' !pplus !sus !gg !dad !airfryer,ronn,Source: https://www.twitch.tv/videos/1997087470 Uploader: ronn,https://archive.org/details/twitch-vod-v1997087470,,,,,,,,title:(airfryer),4,reject_file,no bounded video file
,Air Fryer,twitch-vod-v2010568843,Allo new chippizza model ♫♪ Dancin' !pplus !sus !gg !dad !airfryer,ronn,Source: https://www.twitch.tv/videos/2010568843 Uploader: ronn,https://archive.org/details/twitch-vod-v2010568843,,,,,,,,title:(airfryer),4,reject_file,no bounded video file
,Air Fryer,twitch-vod-v2038708324,bing bippity bop ♫♪ Dancin' !pplus !sus !gg !dad !airfryer,ronn,Source: https://www.twitch.tv/videos/2038708324 Uploader: ronn,https://archive.org/details/twitch-vod-v2038708324,,,,,,,,title:(airfryer),4,reject_file,no bounded video file
,Air Fryer,twitch-vod-v2047697225,sup cuh ♫♪ Dancin' !pplus !sus !gg !dad !airfryer,ronn,Source: https://www.twitch.tv/videos/2047697225 Uploader: ronn,https://archive.org/details/twitch-vod-v2047697225,,,,,,,,title:(airfryer),4,reject_file,no bounded video file
,Air Fryer,twitch-vod-v2067888161,wireless pizza attempt #1 ♫♪ Dancin' !sus !gg !dad !airfryer,ronn,Source: https://www.twitch.tv/videos/2067888161 Uploader: ronn,https://archive.org/details/twitch-vod-v2067888161,,,,,,,,title:(airfryer),4,reject_file,no bounded video file
,Air Fryer,twitch-vod-v2070704956,wireless pizza attempt #2 ♫♪ Dancin' !sus !gg !dad !airfryer,ronn,Source: https://www.twitch.tv/videos/2070704956 Uploader: ronn,https://archive.org/details/twitch-vod-v2070704956,,,,,,,,title:(airfryer),4,reject_file,no bounded video file
,Air Fryer,twitch-vod-v2078294253,dancing for scrap metal ♫♪ Dancin' !sus !gg !dad !airfryer,ronn,Source: https://www.twitch.tv/videos/2078294253 Uploader: ronn,https://archive.org/details/twitch-vod-v2078294253,,,,,,,,title:(airfryer),4,reject_file,no bounded video file
,Air Fryer,twitch-vod-v2105299202,redrum&zaps ♫♪ Dancin' !zap !sus !gg !dad !airfryer !giveaway,ronn,Source: https://www.twitch.tv/videos/2105299202 Uploader: ronn,https://archive.org/details/twitch-vod-v2105299202,,,,,,,,title:(airfryer),4,reject_file,no bounded video file
vacuum-047,Vacuum,youtube-3sgGbC0ZRvI,How To Clean A Vacuum Cleaner | Samsung Jet™ 90 Vacuum | Samsung UK,Samsung UK,Learn how to clean and maintain your Samsung Jet™ 90 Cordless Vacuum in a few simple steps. Explore the full range of Samsung vacuums and accessories at Samsung UK: https://bit.ly/Samsung-Vacuums 00:00 How to clean and maintain your Samsung Jet™ 90 Cordless Vacuum 00:08 Clean the vacuum dustbin once it reaches the Max line 00:13 Eject the dustbin using the release button 00:16 Remove washable micro filter 00:20 Remove dustbin cover 00:24 Remove dust from mesh filter 00:28 Discard contents of the,https://archive.org/details/youtube-3sgGbC0ZRvI,,3sgGbC0ZRvI.mp4,MPEG4,18270655,89.33,1280,720,"title:(""Samsung"" ""vacuum"") | title:(""vacuum cleaner"" clean)",9,selected_for_download,
vacuum-050,Vacuum,youtube-H-P4SOWj36w,[LG Vacuum cleaner] - How to install and use the A9K CordZero,LG customer support Europe_official,This video shows how to install and use the A9K CordZero vacuum cleaner. Music: www.bensound.com Source: https://www.youtube.com/watch?v=H-P4SOWj36w Uploader: LG customer support Europe_official,https://archive.org/details/youtube-H-P4SOWj36w,,H-P4SOWj36w.mp4,MPEG4,80176339,398.04,1280,720,"title:(""LG Vacuum cleaner"") | title:(""vacuum cleaner"")",8,selected_for_download,
vacuum-049,Vacuum,youtube-NfRxRDRrQL4,How to replace and clean the fine dust filters - Cordless Vacuum Cleaner,LG USA,Follow LG USA: Facebook: https://www.facebook.com/LGUSA/ Twitter: https://twitter.com/lgus Instagram: https://www.instagram.com/lgusa Pinterest: https://www.pinterest.com/lgusa/ Source: https://www.youtube.com/watch?v=NfRxRDRrQL4 Uploader: LG USA,https://archive.org/details/youtube-NfRxRDRrQL4,,NfRxRDRrQL4.mp4,MPEG4,12312308,57.03,1280,720,"title:(""vacuum cleaner"" clean) | title:(""vacuum cleaner"")",8,selected_for_download,
vacuum-048,Vacuum,youtube-e1nVFENggPM,How To Set Up A Vacuum Cleaner | Samsung Jet 90 Vacuum | Samsung UK,Samsung UK,Looking to set up your new Samsung Jet™ 90 Cordless Stick Vacuum cleaner? Check out these simple steps to learn how to get started with yours. Explore the full range of Samsung vacuums and accessories at Samsung UK: https://bit.ly/Samsung-Vacuums 00:00 Set up the Samsung Jet™ 90 Vacuum Cleaner 00:05 How to install and eject the vacuum battery 00:14 How to use the vacuum charging stand 00:34 How to turn a vacuum on and off 00:45 How to adjust the vacuum pipe length 00:52 Buy now at Samsung UK Sub,https://archive.org/details/youtube-e1nVFENggPM,,e1nVFENggPM.mp4,MPEG4,7433087,56.54,1280,720,"title:(""Samsung"" ""vacuum"")",8,selected_for_download,
vacuum-051,Vacuum,youtube-LOTmO67RmRA,How to clean the dustbin of your Samsung Jet™ Vacuum Cleaner,Samsung India,"To avoid clogging, you should clean the dustbin of your vacuum cleaner before it reaches its maximum capacity. Watch this video and learn how you can easily clean the dustbin and the filters. If you have any questions, or you’d like some more helpful tips, you can WhatsApp us on 1800 5 7267864. We will be happy to help you. #Samsung Connect with us: Support: http://spr.ly/6059M19cP Community: http://spr.ly/6050M19cu Facebook: http://spr.ly/6051M19cR Twitter: http://spr.ly/6053M19cT Instagram: ht",https://archive.org/details/youtube-LOTmO67RmRA,,LOTmO67RmRA.mp4,MPEG4,15966860,122.14,1280,720,"title:(""Samsung"" ""vacuum"") | title:(""vacuum cleaner"" clean) | title:(""vacuum cleaner"")",7,selected_for_download,
vacuum-052,Vacuum,youtube-yaQeyOuiP-4,BESPOKE JET AI Vacuum Cleaner: Introduction Film l Samsung,Samsung,"We introduce our most powerful AI clean ever. Enjoy intensive and intelligent cleaning with easy maintenance. It is an our most powerful cordless stick vacuum cleaner*, with suction of 280W**. AI Cleaning mode optimizes its performance on different cleaning environments. An All-in-one Clean Station with spinning cyclone removes hair. *Compared to the stated suction power of cordless vacuum products in Samsung. ** Based on testing by the Korea Testing Laboratory, in accordance with the IEC62885-4",https://archive.org/details/youtube-yaQeyOuiP-4,,yaQeyOuiP-4.mp4,MPEG4,22105672,174.89,1280,720,"title:(""Samsung"" ""vacuum"")",7,selected_for_download,
vacuum-053,Vacuum,best-vacuum-cleaner-for-hardwood-floors,Best Vacuum Cleaner For Hardwood Floors,Archive contributor,"The best Eureka Lightweight Cordless Vacuum Cleaner is an easy-to-use and practical choice for a hardwood floor vacuum, especially if you don't want to spend too much on your latest cleaning tool. v",https://archive.org/details/best-vacuum-cleaner-for-hardwood-floors,,Best vacuum cleaner for hardwood floors.ia.mp4,h.264 IA,9975182,28.53,1920,1080,"title:(""vacuum cleaner"")",6,selected_for_download,
vacuum-054,Vacuum,youtube-zNJCvk5Nu9A,Samsung Vacuum Cleaner Range Explained | Samsung UK,Samsung UK,"Find the best vacuum cleaner for your home in under 1 minute with this video! Browse Samsung Vacuum Cleaner range at https://bit.ly/all-vacuum-cleaner Enjoy the benefits of a lightweight, powerful and portable vacuum cleaner with the Samsung Jet range or sit back and let the innovative and intelligent Samsung Jet Bot range do all the work for you. 0:00 Introduction 00:35 Samsung Jet 60, the light cordless vacuum with a Multi-layered Filtration System that will capture even the smallest dust and ",https://archive.org/details/youtube-zNJCvk5Nu9A,,zNJCvk5Nu9A.mp4,MPEG4,12137898,135.16,1280,720,"title:(""Samsung"" ""vacuum"") | title:(""vacuum cleaner"")",6,selected_for_download,
vacuum-065,Vacuum,2017-08-15_TechSmartt_NEVER-USE-This-Vacuum-Cleaner-Haircut-Gadget,NEVER USE... This Vacuum Cleaner Haircut Gadget,Archive contributor,Title: NEVER USE... This Vacuum Cleaner Haircut Gadget Published on: 2017-08-15 00:00:00 Original video URL: https://www.youtube.com/watch?v=_a28rzLzHNA,https://archive.org/details/2017-08-15_TechSmartt_NEVER-USE-This-Vacuum-Cleaner-Haircut-Gadget,,2017-08-15__NEVER-USE-This-Vacuum-Cleaner-Haircut-Gadget.mp4,MPEG4,43754904,273.0,1280,720,"title:(""vacuum cleaner"")",5,selected_for_download,
vacuum-059,Vacuum,youtube-Hhv2BUFRYoE,Samsung Vacuum Cleaner - Spy,Samsung Romania,"Samsung VC5100 dispune de un motor puternic și o perie inovatoare cu aspirație, iar containerul Easy Dustbin este simplu de scos și de golit. Rămâne la latitudinea ta în ce scop îl folosești. :) http://bit.ly/2j0Xxqf Source: https://www.youtube.com/watch?v=Hhv2BUFRYoE Uploader: Samsung Romania",https://archive.org/details/youtube-Hhv2BUFRYoE,,Hhv2BUFRYoE.mp4,MPEG4,3239713,42.59,1280,720,"title:(""Samsung"" ""vacuum"")",5,selected_for_download,
vacuum-058,Vacuum,youtube-MGZnlbK30v4,Samsung Jet™ Pet Vacuum Cleaner and Clean Station™ | Samsung UK,Samsung UK,"Discover Samsung Jet™ and Clean Station™ for smarter cleaning. Browse Samsung cordless vacuum cleaners at: https://bit.ly/Samsung_Vacuum_Cleaners Enjoy long lasting extreme suction power with Samsung Jet™ range, the best vacuum cleaners for pet hair. The Samsung Clean Station™ has been specifically designed to empty your vacuum completely dust free. Simply place the dust bin on top of the Clean Station™ and let Samsung's innovative technology do the rest. Or purchase the Samsung Clean Station™ h",https://archive.org/details/youtube-MGZnlbK30v4,,MGZnlbK30v4.mp4,MPEG4,2676231,14.98,1280,720,"title:(""Samsung"" ""vacuum"") | title:(""vacuum cleaner"" clean)",5,selected_for_download,
vacuum-055,Vacuum,youtube-NjlF46DPOIQ,Strong Suction power | The new Samsung Jet™ Vacuum Cleaner,Samsung India,"The new Samsung Jet™ Vacuum Cleaner powered by a Digital Inverter Motor generates up to 200W suction power. It gives a perfectly clean home by eliminating up to 99.999% dust and allergens! Don’t wait. Buy now: http://spr.ly/6051zHOXR. #SamsungJet Connect with us: Support: http://spr.ly/6056J30k0 Community: http://spr.ly/6057J30kF Facebook: http://spr.ly/6058J30k2 Twitter: http://spr.ly/6059J30kN Instagram: http://spr.ly/6050J30k4 To enroll under: Samsung Student program, click: http://spr.ly/605",https://archive.org/details/youtube-NjlF46DPOIQ,,NjlF46DPOIQ.mp4,MPEG4,833834,9.31,1280,720,"title:(""Samsung"" ""vacuum"") | title:(""vacuum cleaner"")",5,selected_for_download,
vacuum-062,Vacuum,youtube-O2A1LbZ95OM,[Samsung Core Technology] Vacuum Cleaner: AI Cleaning l Samsung,Samsung,Introduce AI Cleaning as a Samsung core technology of vacuum cleaner. Intelligently cleans various environments. http://spr.ly/6053PsFaS #Samsung Source: https://www.youtube.com/watch?v=O2A1LbZ95OM Uploader: Samsung,https://archive.org/details/youtube-O2A1LbZ95OM,,O2A1LbZ95OM.mp4,MPEG4,4695803,34.02,1280,720,"title:(""Samsung"" ""vacuum"") | title:(""vacuum cleaner"")",5,selected_for_download,
vacuum-060,Vacuum,youtube-QpDibOca3Tc,Energy efficient Digital Inverter Motor | The new Samsung Jet™ Vacuum Cleaner,Samsung India,"The new Samsung Jet™ Vacuum Cleaner comes loaded with a Digital Inverter Motor. It generates a ‘cyclonic’ 200W suction power while being highly energy efficient. Bring home the perfect cleaning solution. Buy now: http://spr.ly/6059zyoYH. #SamsungJet Connect with us: Support: http://spr.ly/6056J30k0 Community: http://spr.ly/6057J30kF Facebook: http://spr.ly/6058J30k2 Twitter: http://spr.ly/6059J30kN Instagram: http://spr.ly/6050J30k4 To enroll under: Samsung Student program, click: http://spr.ly/",https://archive.org/details/youtube-QpDibOca3Tc,,QpDibOca3Tc.mp4,MPEG4,4462393,28.47,1280,720,"title:(""Samsung"" ""vacuum"")",5,selected_for_download,
vacuum-057,Vacuum,youtube-VG3aaDpKe-I,Easy to clean Washable Dust bin and parts | The new Samsung Jet™ Vacuum Cleaner,Samsung India,"It’s easy to clean and store the new Samsung Jet™ Vacuum Cleaner with its Washable Dust bin and other components. After every cleaning session, simply detach these parts and rinse. And voila, you’re done! Cleans hygienically, can be stored hygienically too. Own it now: http://spr.ly/6051z9Lk7. #SamsungJet Connect with us: Support: http://spr.ly/6052yldMa Community: http://spr.ly/6053yldMx Facebook: http://spr.ly/6054yldMI Twitter: http://spr.ly/6055yldML Instagram: http://spr.ly/6056yldM0 To enr",https://archive.org/details/youtube-VG3aaDpKe-I,,VG3aaDpKe-I.mp4,MPEG4,2649150,15.07,1280,720,"title:(""Samsung"" ""vacuum"") | title:(""vacuum cleaner"" clean) | title:(""vacuum cleaner"")",5,selected_for_download,
vacuum-061,Vacuum,youtube-XABScGX-Mg8,[Samsung Core Tech] Vacuum Cleaner: Powerful Cleaning l Samsung,Samsung,Introduce Powerful Cleaning as a Samsung core technology of vacuum cleaner. Intelligently cleans various environments. http://smsng.co/6050uM9Oj *Patent mark displayed on the screen has been created by our company to assist in your understanding. #Samsung Source: https://www.youtube.com/watch?v=XABScGX-Mg8 Uploader: Samsung,https://archive.org/details/youtube-XABScGX-Mg8,,XABScGX-Mg8.mp4,MPEG4,4580282,35.41,1280,720,"title:(""Samsung"" ""vacuum"")",5,selected_for_download,
vacuum-063,Vacuum,youtube-enVW3iWhz10,Best Samsung Vacuum For Deep Cleaning | Samsung UK,Samsung UK,"Want to keep your home looking flawless? Discover the best Samsung Vacuum Cleaner for next-level deep cleaning, the Samsung Bespoke Jet Pro Extra: https://bit.ly/bespoke-jet-pro-extra Discover the full range of Samsung Bespoke Jet Stick Vacuum Cleaners for powerful, end-to-end deep cleaning. 00:00 Best Samsung Vacuum For Deep Cleaning 00:06 Introducing The Samsung Bespoke Jet Pro Extra Vaccum Cleaner 00:13 Up To 210 Watts Suction Power 00:15 Multi-layered Filtration System 00:18 Spray Spinning S",https://archive.org/details/youtube-enVW3iWhz10,,enVW3iWhz10.mp4,MPEG4,20550233,108.81,1280,720,"title:(""Samsung"" ""vacuum"")",5,selected_for_download,
vacuum-064,Vacuum,youtube-ncqEZfKLcTs,Razzlekhan - VACUUM CLEANER (music video with animations) (2021),Razzlekhan,"Do you ever have lame toxic people in your life who suck away your energy, and make you less happy and confident? This song is about ""spring cleaning"" out these crappy people with the help of my friend, the Dyson Vacuum. Fun fact: I had FOUR vacuums at the time of this video. 3 Were Dysons (Dyson Ball Multi-floor origin, Torque V11, and Dyson DC58 Handheld) and 1 Xiaomi floor cleaning robot vacuum. 🤓 🤖 I'm actually planning to ""BERAZZLE"" the Xiaomi vacuum to look like ""Jigsaw"" from Saw, so stay ",https://archive.org/details/youtube-ncqEZfKLcTs,,ncqEZfKLcTs.mp4,h.264,30546370,302.31,854,480,"title:(""vacuum cleaner"")",5,selected_for_download,
vacuum-056,Vacuum,youtube-o-_MYHj_Wog,Samsung Jet™ Vacuum Cleaner - the perfectly designed cleaning solution for your home,Samsung India,"Equipped with state-of-the-art technology and an ergonomic design, the new Samsung Jet™ Vacuum Cleaner cleans every nook and cranny of your home effortlessly, making it the perfect cleaning solution. Buy now: http://spr.ly/6051zMZih. #SamsungJet Connect with us: Support: http://spr.ly/6056J30k0 Community: http://spr.ly/6057J30kF Facebook: http://spr.ly/6058J30k2 Twitter: http://spr.ly/6059J30kN Instagram: http://spr.ly/6050J30k4 To enroll under: Samsung Student program, click: http://spr.ly/6051",https://archive.org/details/youtube-o-_MYHj_Wog,,o-_MYHj_Wog.mp4,MPEG4,1541120,13.51,1280,720,"title:(""Samsung"" ""vacuum"") | title:(""vacuum cleaner"")",5,selected_for_download,
,Vacuum,youtube-6L5AgJpM-sk,Unboxing | Samsung Jet 90 Cordless Stick Vacuum Cleaner | Samsung UK,Samsung UK,"Watch as we unbox the Samsung Jet™ 90 Cordless Stick Vacuum cleaner and discover the main features that provide quick and convenient cleaning. Explore the full range of Samsung vacuums cleaners and accessories at Samsung UK: https://bit.ly/Samsung-Vacuums 00:00 The Samsung Jet™ 90 Cordless Stick Vacuum Unboxing The Jet™ 90 features a telescopic pipe, multi-layered filtration system, digital display, a massive 200W* suction power and more. 00:21 The Turbo Action Brush Pick up even the tiniest of ",https://archive.org/details/youtube-6L5AgJpM-sk,,6L5AgJpM-sk.mp4,MPEG4,12585383,77.02,1280,720,"title:(""Samsung"" ""vacuum"")",2,reject_metadata,negative terms: unboxing
,Vacuum,youtube-S00lxWx24XI,Meet the Bespoke Jet™ Cordless Vacuum | Samsung,Samsung US,"More power, more style—less weight. With powerful suction and a lightweight design, the #BespokeJet Vacuum is your go-to for cleaning up messes in a flash. The all-in-one Clean Station® empties the washable dust bin and contains dirt and dust for a beyond-the-floor clean. Learn more about the #Bespoke Jet™ Vacuum from #Samsung: http://smsng.us/LetsJetIt #BespokeJet #Bespoke #Samsung Source: https://www.youtube.com/watch?v=S00lxWx24XI Uploader: Samsung US",https://archive.org/details/youtube-S00lxWx24XI,,S00lxWx24XI.mp4,MPEG4,27047575,122.09,1280,720,"title:(""Samsung"" ""vacuum"")",1,reject_metadata,no class term in title/description
,Vacuum,youtube-iZ0W07ucEsI,Stick Vacuum: Enjoy Your Passions Better with Samsung Jet Cyclone Stick Vacuum | Samsung,Samsung Philippines,"Pet hair everywhere? Don’t give your pets less love. Instead, enjoy more playtime when you get yourself a #Samsung Jet Cyclone Stick Vacuum. With its strong suction power, adjustable pipe, and convenient cleaning station; remove even small particles, fur, and dust. #SmarterThingsAtHome. Learn more: https://spr.ly/Vacuum-YT-O Livestream to get expert advice via https://spr.ly/Samsung-LiveShopAssist ------------------------------------------------------- Don't forget to subscribe to our YouTube ch",https://archive.org/details/youtube-iZ0W07ucEsI,,iZ0W07ucEsI.mp4,MPEG4,5279270,40.12,1280,720,"title:(""Samsung"" ""vacuum"")",1,reject_metadata,no class term in title/description
,Vacuum,youtube-uMJ-iUrRKb4,BESPOKE Jet™ AI : Vacuum Guy in New York City | Samsung,Samsung,"The Samsung BESPOKE Jet™ AI vacuum is so powerful, We took it to clean the streets of New York. It worked! We think New York City is a tiny bit cleaner now👍. *Depictions of the features and functionalities of our product in this video are simulated or dramatized for illustrative purposes. This product is NOT meant to be used outdoor. #BESPOKEJetAI #CordlessVacuum #Samsung Source: https://www.youtube.com/watch?v=uMJ-iUrRKb4 Uploader: Samsung",https://archive.org/details/youtube-uMJ-iUrRKb4,,uMJ-iUrRKb4.mp4,MPEG4,3371392,42.17,360,638,"title:(""Samsung"" ""vacuum"")",1,reject_metadata,no class term in title/description
,Vacuum,youtube--Yr6I0AP7vQ,Jet Cyclone Stick Vacuum Review | Samsung,Samsung Philippines,Explore the advantage of the Jet Stick Vacuum | Samsung Description: See how the Samsung Jet Cyclone Stick Vacuum can help you create a safe space at home. #JetStickVacuum #SmarterThingsAtHome #Samsung ------------------------------------------------------- Don't forget to subscribe to our YouTube channel to get all the latest updates! https://www.youtube.com/user/samsungphilippines Follow us on social: Facebook - https://www.facebook.com/SamsungPH Twitter - https://twitter.com/SamsungPH Instagr,https://archive.org/details/youtube--Yr6I0AP7vQ,,-Yr6I0AP7vQ.mp4,MPEG4,42550260,212.81,1280,720,"title:(""Samsung"" ""vacuum"")",0,reject_metadata,no class term in title/description
washing-052,Washing Machine,bigclive_20170917,Inside my new British washing machine (clothes washer).,Big Clive,"I've been using the original laundry equipment that was in this house when I moved in and it was already giving issues. The main issue was the drum bearing which was very loose and made a lot of noise in use. It also leaked at the bearing when I caused huge foamy incidents. This new machine is my preferred brand of laundry equipment. Indesit. Just plain mass produced machines that are reliable by virtue of the higher sales volume meaning that all the bugs get ironed out quickly, and at a lower p",https://archive.org/details/bigclive_20170917,https://creativecommons.org/licenses/by-nc-nd/4.0/,bigclive_20170917.mp4,MPEG4,191236882,454.42,1920,1080,"title:(""washing machine"")",9,selected_for_download,
washing-051,Washing Machine,youtube--5f6NURRjUs,LG Washer : How to repair Operation Issues | LG,LG Global,Let's go over some common operation issues and how to fix them. 1) Reset Controls 2) Power / Buttons 3) Drum / Doors 4) Water / Detergents 5) Cycle Time For more information visit▶ Brand Site: https://www.lg.com/common/index Source: https://www.youtube.com/watch?v=-5f6NURRjUs Uploader: LG Global,https://archive.org/details/youtube--5f6NURRjUs,,-5f6NURRjUs.mp4,MPEG4,15215916,317.49,1280,720,"title:(""LG Washer"")",9,selected_for_download,
washing-048,Washing Machine,youtube-MlSccVEf9X8,[LG Washing Machine] - How to clean the dispenser,LG customer support Europe_official,A short demonstration on how to clean the washer dispenser in an LG Electronics Washing machine. It also shows how to drain the filter housing and clean the filter. Execution: John Niezen Product Group: Home Appliance Source: https://www.youtube.com/watch?v=MlSccVEf9X8 Uploader: LG customer support Europe_official,https://archive.org/details/youtube-MlSccVEf9X8,,MlSccVEf9X8.mp4,MPEG4,6440799,45.44,1280,720,"title:(""washing machine"" ""how to"")",9,selected_for_download,
washing-050,Washing Machine,youtube-VqdLgLyQ81Y,[LG Washing Machine] - How to clean the washing machine filter,LG customer support Europe_official,A short demonstration on how to clean the washer filter in an LG Electronics Washing machine. It also shows how to drain the filter housing and clean the filter. Execution: John Niezen Product Group: Home Appliance Source: https://www.youtube.com/watch?v=VqdLgLyQ81Y Uploader: LG customer support Europe_official,https://archive.org/details/youtube-VqdLgLyQ81Y,,VqdLgLyQ81Y.mp4,MPEG4,9481144,103.77,1280,720,"title:(""washing machine"" ""how to"")",9,selected_for_download,
washing-049,Washing Machine,youtube-c8XiTdH9heQ,LG Washer - Tub Cleaning and Maintenance,LG USA,"Cleaning the washer tub on a monthly basis using the Tub Clean feature can help minimize the possibility of odors, detergent residue buildup and maximize your washing machine's performance. In this video, we will show you how to properly use the the Tub Clean feature on your LG washer. For more LG product information, please visit us at: http://www.lg.com/us Source: https://www.youtube.com/watch?v=c8XiTdH9heQ Uploader: LG USA",https://archive.org/details/youtube-c8XiTdH9heQ,,c8XiTdH9heQ.mp4,MPEG4,9037640,112.66,1280,720,"title:(""LG Washer"")",9,selected_for_download,
washing-053,Washing Machine,httpsnearbywashingmachinerepair.in,Nearby Washing Machine Repair Service,Archive contributor,"A typical Washing Machine Repair Service involves an experienced technician visiting your home to inspect the machine. They will identify the cause of the malfunction, discuss possible solutions, and provide an estimate for the repair cost. Services may include parts replacement, motor repair, fixing drainage issues, or addressing power/electrical malfunctions.",https://archive.org/details/httpsnearbywashingmachinerepair.in,,nearby (2).ia.mp4,h.264 IA,860858,30.08,854,480,"title:(""washing machine repair"")",8,selected_for_download,
washing-057,Washing Machine,youtube-1iGAacTgkxc,How to install the Washing Machine Stacking Kit (SKK-UDW) | Samsung New Zealand,Samsung New Zealand,Learn how to use the Washing Machine Stacking Kit (SKK-UDW). This Stacking Shelf is a perfect companion for Samsung Dryers with the 8.5Kg and 12Kg Samsung front load washing machines. Head to our website using the link below to learn which Samsung Washer and Dryers are compatible models. Learn more - https://www.samsung.com/nz/home-appliance-accessories/stacking-kit-8-5kg-white-skk-udw/ Source: https://www.youtube.com/watch?v=1iGAacTgkxc Uploader: Samsung New Zealand,https://archive.org/details/youtube-1iGAacTgkxc,,1iGAacTgkxc.mp4,MPEG4,16350824,97.34,1280,720,"title:(""washing machine"" ""how to"")",8,selected_for_download,
washing-056,Washing Machine,youtube-TngLsmls00c,How to select wash cycles on your Samsung Washing Machine,Samsung UK,"Find out how to select wash cycles on the Samsung ecobubble™ Washing Machine - The display shows information about your current cycle - Easily adjust the water temperature, select the rinse count and change the spin speed - Use the dial to select available cycles, including intensive, pre wash and bubble soak* - Delay end lets you choose a finish time that suits your schedule - You can schedule your wash remotely using SmartThings** - Select from one of the quick wash options if you are in a rus",https://archive.org/details/youtube-TngLsmls00c,,TngLsmls00c.mp4,MPEG4,12113540,75.86,1280,720,"title:(""Samsung"" ""washing machine"") | title:(""washing machine"" ""how to"")",8,selected_for_download,
washing-058,Washing Machine,youtube-X6DiGFHcJtg,LG Washer : How to do Laundry | LG,LG Global,Welcome to LG's quick start guide for front load washing machines. Watch our step-by-step guide video. 1) Using for the First Time 2) Separating Your Clothes 3) Start a Wash Cycle 4) Use the Dryer Function For more information visit▶ Brand Site: https://www.lg.com/common/index Source: https://www.youtube.com/watch?v=X6DiGFHcJtg Uploader: LG Global,https://archive.org/details/youtube-X6DiGFHcJtg,,X6DiGFHcJtg.mp4,MPEG4,17571050,353.8,1280,720,"title:(""LG Washer"")",8,selected_for_download,
washing-054,Washing Machine,youtube-csbGtz8D1lw,LG Washer : How to Clean the Water Inlet Filter | LG,LG Global,Hello and welcome to LG's step-by-step guide on how to clean the water inlet filter on your LG washing machine. 1) How to Remove 2) How to Clean 3) How to Reinstall For more information visit▶ Brand Site: https://www.lg.com/common/index Source: https://www.youtube.com/watch?v=csbGtz8D1lw Uploader: LG Global,https://archive.org/details/youtube-csbGtz8D1lw,,csbGtz8D1lw.mp4,MPEG4,7161869,118.35,1280,720,"title:(""LG Washer"")",8,selected_for_download,
washing-055,Washing Machine,youtube-wrRHQjUOrCs,LG Washer : How to clean the Drain Pump Filter | LG,LG Global,Hello and welcome to LG's step-by-step guide on how to clean the drain pump filter. 1) Prepare 2) Drain 3) Clean 4) Reinstall For more information visit▶ Brand Site: https://www.lg.com/common/index Source: https://www.youtube.com/watch?v=wrRHQjUOrCs Uploader: LG Global,https://archive.org/details/youtube-wrRHQjUOrCs,,wrRHQjUOrCs.mp4,MPEG4,8476302,129.47,1280,720,"title:(""LG Washer"")",8,selected_for_download,
washing-063,Washing Machine,youtube-2YPIWeWR6Ss,Samsung Top Load Washing Machine: How to Clean Magic Filter,Samsung India,"Samsung’s Top Loading Washing Machines are designed to work flawlessly over the years, but a little care can go a long way in making sure they do. This video describes an easy way to take care of your Samsung Top Loading Washing Machine by cleaning the Magic Filter. This is easy, and for best results should be done after every wash. Connect with us: Support: https://www.samsung.com/in/support/ Community: https://r2.community.samsung.com/t5/India/ct-p/in Facebook: https://www.facebook.com/Samsung",https://archive.org/details/youtube-2YPIWeWR6Ss,,2YPIWeWR6Ss.mp4,MPEG4,8785164,117.05,1280,720,"title:(""Samsung"" ""washing machine"") | title:(""washing machine"" ""how to"")",7,selected_for_download,
washing-061,Washing Machine,youtube-6kghyoFhYb8,How to clean your LG washing machine drain pump filter,LG DIY Service,"LG washing machine drain pump filter, how to clean LG washing machine drain filter, cleaning LG washing machine pump filter Source: https://www.youtube.com/watch?v=6kghyoFhYb8 Uploader: LG DIY Service",https://archive.org/details/youtube-6kghyoFhYb8,,6kghyoFhYb8.mp4,MPEG4,7815095,129.47,1280,720,"title:(""washing machine"" ""how to"")",7,selected_for_download,
washing-067,Washing Machine,youtube-71kKEb5FNnI,LG Washer : How to How to Remove Odd Odors from Washer| LG,LG Global,Are there strange odors coming from your washing machine? Watch our video for troubleshooting odors. 1) Drum Cleaning 2) Check Drain Hose 3) Dispenser Cleaning For more information visit▶ Brand Site: https://www.lg.com/common/index Source: https://www.youtube.com/watch?v=71kKEb5FNnI Uploader: LG Global,https://archive.org/details/youtube-71kKEb5FNnI,,71kKEb5FNnI.mp4,MPEG4,10999515,158.5,1280,720,"title:(""LG Washer"")",7,selected_for_download,
washing-064,Washing Machine,youtube-CiJI2aq_Wnw,LG Washer : How to repair Washing Machine Performance Issues | LG,LG Global,Let's go over some common performance issues and how to fix them. 1) Wrinkling 2) Poor Stain Removal 3) Staining For more information visit▶ Brand Site: https://www.lg.com/common/index Source: https://www.youtube.com/watch?v=CiJI2aq_Wnw Uploader: LG Global,https://archive.org/details/youtube-CiJI2aq_Wnw,,CiJI2aq_Wnw.mp4,MPEG4,8829614,140.41,1280,720,"title:(""LG Washer"") | title:(""washing machine"" ""how to"")",7,selected_for_download,
washing-062,Washing Machine,youtube-S_7pnxpmFcU,LG Washer : How to repair Washing Machine Performance Issues | LG,LG Malaysia,Let's go over some common performance issues and how to fix them. 1) Wrinkling 2) Poor Stain Removal 3) Staining For more information visit https://www.lg.com/my/front-load-washers Source: https://www.youtube.com/watch?v=S_7pnxpmFcU Uploader: LG Malaysia,https://archive.org/details/youtube-S_7pnxpmFcU,,S_7pnxpmFcU.mp4,MPEG4,8009058,140.41,1280,720,"title:(""LG Washer"") | title:(""washing machine"" ""how to"")",7,selected_for_download,
washing-065,Washing Machine,youtube-VW8QV9W6LZ0,LG Washer : How to deal with Troubleshooting Noises | LG,LG Global,Is your LG washing machine making strange noises during a cycle? Here are a few things you can do on your own to solve them. 1) Thumping Sound 2) Vibrating Noise 3) Rattling & Clanking Noise For more information visit▶ Brand Site: https://www.lg.com/common/index Source: https://www.youtube.com/watch?v=VW8QV9W6LZ0 Uploader: LG Global,https://archive.org/details/youtube-VW8QV9W6LZ0,,VW8QV9W6LZ0.mp4,MPEG4,8983869,154.39,1280,720,"title:(""LG Washer"")",7,selected_for_download,
washing-069,Washing Machine,youtube-gRfpIUVfgZQ,LG Washer : How to How to Remove Odd Odors from Washer | LG,LG Malaysia,Are there strange odors coming from your washing machine? Watch our video for troubleshooting odors. 1) Drum Cleaning 2) Check Drain Hose 3) Dispenser Cleaning For more information visit https://www.lg.com/my/front-load-washers Source: https://www.youtube.com/watch?v=gRfpIUVfgZQ Uploader: LG Malaysia,https://archive.org/details/youtube-gRfpIUVfgZQ,,gRfpIUVfgZQ.mp4,MPEG4,11050237,158.5,1280,720,"title:(""LG Washer"")",7,selected_for_download,
washing-068,Washing Machine,youtube-rMsIyVGbBAk,LG Washer : How to Use the General Dispenser Drawer | LG,LG Gulf,Hello and welcome to LG's step-by-step guide on how to use the general dispenser drawer. 1) When to Clean 2) Pre-Wash 3) Softener 4) Cleaning the Dispenser Drawer Source: https://www.youtube.com/watch?v=rMsIyVGbBAk Uploader: LG Gulf,https://archive.org/details/youtube-rMsIyVGbBAk,,rMsIyVGbBAk.mp4,MPEG4,11024112,188.22,1280,720,"title:(""LG Washer"")",7,selected_for_download,
washing-066,Washing Machine,youtube-rkRoBFW2k0I,How to clean the debris filter of your Samsung Front Load washing machine,Samsung India,"Regularly cleaning and unclogging the debris filter of your Front Load washing machine will optimise its performance. Watch this video to learn the simple steps by which you can locate, remove and clean the filter. If you require any help, or have any further queries, you can reach our executives on 1800 5 SAMSUNG (7267864). Our executives will be happy to assist you. Know more: http://spr.ly/6059KTiMH #Samsung #Samsung Connect with us: Support: http://spr.ly/6051KTiMJ Community: http://spr.ly/6",https://archive.org/details/youtube-rkRoBFW2k0I,,rkRoBFW2k0I.mp4,MPEG4,10049108,133.65,1280,720,"title:(""washing machine"" ""how to"")",7,selected_for_download,
washing-060,Washing Machine,youtube-trWG49Qp5ps,LG Washer - How to Use the Spin Only Option (2018 Update),LG USA,"In this video we will show you how to select a ""Spin Only"" option without running a full wash cycle on your LG washing machine. This cycle helps t Follow LG USA: Facebook: https://www.facebook.com/LGUSA/ Twitter: https://twitter.com/lgus Instagram: https://www.instagram.com/lgusa Pinterest: https://www.pinterest.com/lgusa/ Source: https://www.youtube.com/watch?v=trWG49Qp5ps Uploader: LG USA",https://archive.org/details/youtube-trWG49Qp5ps,,trWG49Qp5ps.mp4,MPEG4,6962702,64.41,1280,720,"title:(""LG Washer"")",7,selected_for_download,
washing-059,Washing Machine,youtube-yz6PV8O5C2s,LG Washer and Dryer - Child Lock,LG USA,"The Child Lock function on your LG washer and dryer helps to prevent children or others from changing the cycle settings. In this short video, we will show you how to properly use the Child Lock feature. For more LG product information, please visit us at: http://www.lg.com/us Source: https://www.youtube.com/watch?v=yz6PV8O5C2s Uploader: LG USA",https://archive.org/details/youtube-yz6PV8O5C2s,,yz6PV8O5C2s.mp4,MPEG4,5738298,148.21,1280,720,"title:(""LG Washer"")",7,selected_for_download,
,Washing Machine,youtube--v4QQcceoH0,How To Clean Your Washing Machine Filter | Samsung UK,Samsung UK,"Discover how to clean your washing machine filter with our step-by-step guide. For more information on checking the washing machine filter, drain pump filters and more, please visit https://bit.ly/washing-machine-tips Discover our range of laundry appliances washing machines & tumble dryers at https://bit.ly/samsung-washers-dryers Subscribe to @SamsungUK for the latest product updates https://www.youtube.com/c/samsunguk?sub_confirmation=1 Source: https://www.youtube.com/watch?v=-v4QQcceoH0 Uploa",https://archive.org/details/youtube--v4QQcceoH0,,-v4QQcceoH0.mp4,MPEG4,13625532,116.56,1280,720,"title:(""Samsung"" ""washing machine"") | title:(""washing machine"" ""how to"")",7,eligible,
,Washing Machine,youtube-0C6nVEs6saA,How to Adjust the Water Pressure in Your Washing Machine | Samsung UK,Samsung UK,"Find out how to adjust the water pressure in your washing machine in this video. For more information, please visit the Samsung UK Support at https://bit.ly/samsung_support If you are experiencing low water pressure, make sure to check the inlet hose and clean the mesh filter. Disconnect your Samsung washing machine from the mains and check if there are any damages to the hose. This should ensure that the water pressure required for the washing machine is working at its optimum. Discover our ran",https://archive.org/details/youtube-0C6nVEs6saA,,0C6nVEs6saA.mp4,MPEG4,12862236,100.94,1280,720,"title:(""washing machine"" ""how to"")",7,eligible,
,Washing Machine,youtube-1txg3e9mo2M,LG Washer/Dryer - How to Install The WashTower™ with Center Control™,LG USA,Please read through the instructions in the manual or watch this video in its entirety before attempting installation. Be sure to pause the video when necessary. ________________________________________________ Follow LG USA: Facebook: https://www.facebook.com/LGUSA/ Twitter: https://twitter.com/lgus Instagram: https://www.instagram.com/lgusa Pinterest: https://www.pinterest.com/lgusa/ Source: https://www.youtube.com/watch?v=1txg3e9mo2M Uploader: LG USA,https://archive.org/details/youtube-1txg3e9mo2M,,1txg3e9mo2M.mp4,MPEG4,77331318,400.24,1280,720,"title:(""LG Washer"")",7,eligible,
,Washing Machine,youtube-5BaGoVOuSBc,How to fix the ‘water draining’ issue in a Samsung Front Load washing machine,Samsung India,"Are you facing the water draining issue while using your Front Load washing machine? Worry not. Just follow the steps shown in the video and you will be able to resolve it in no time. For any reason, if the problem persists, please give us a call on 1800 5 SAMSUNG (7267864). Our executives will be happy to assist you. Know more: https://bit.ly/3HcLygM. #Samsung Connect with us: Support: http://spr.ly/6051KnmMJ Community: http://spr.ly/6054KnmMM Facebook: http://spr.ly/6055KnmM3 Twitter: http://s",https://archive.org/details/youtube-5BaGoVOuSBc,,5BaGoVOuSBc.mp4,MPEG4,12391205,245.37,1280,720,"title:(""Samsung"" ""washing machine"") | title:(""washing machine"" ""how to"")",7,eligible,
,Washing Machine,youtube-5Ty3bVhR5iM,LG Washer - Cleaning the Drain Pump Filter (2018 Update),LG USA,"In this video, we will show you how to retrieve any lost items and keep your LG Washer running properly for years to come. Follow LG USA: Facebook: https://www.facebook.com/LGUSA/ Twitter: https://twitter.com/lgus Instagram: https://www.instagram.com/lgusa Pinterest: https://www.pinterest.com/lgusa/ Source: https://www.youtube.com/watch?v=5Ty3bVhR5iM Uploader: LG USA",https://archive.org/details/youtube-5Ty3bVhR5iM,,5Ty3bVhR5iM.mp4,MPEG4,22385711,121.97,1280,720,"title:(""LG Washer"")",7,eligible,
,Washing Machine,youtube-9B0qMpIOSGI,LG Washer : How to Level the Washer | LG,LG Global,"If you're installing or relocating your washing machine, or are wondering why your current machine is rocking from side to side, it's important to make sure it's leveled. 1) Checking the Level 2) Adjusting and Leveling the Feet 3) Using Anti-Slip Pads For more information visit▶ Brand Site: https://www.lg.com/common/index Source: https://www.youtube.com/watch?v=9B0qMpIOSGI Uploader: LG Global",https://archive.org/details/youtube-9B0qMpIOSGI,,9B0qMpIOSGI.mp4,MPEG4,13004862,173.22,1280,720,"title:(""LG Washer"")",7,eligible,
,Washing Machine,youtube-DWMD2fnPHgE,[LG Washing machine] - How to clean the detergent drawer and dispenser,LG customer support Europe_official,"This video describes how to clean your washing machine's detergent drawer and dispenser. You only need to use water and a brush. When really dirty, use some hot boiled water to flush the dispenser. Source: https://www.youtube.com/watch?v=DWMD2fnPHgE Uploader: LG customer support Europe_official",https://archive.org/details/youtube-DWMD2fnPHgE,,DWMD2fnPHgE.mp4,MPEG4,13261597,54.96,1280,720,"title:(""washing machine"" ""how to"")",7,eligible,
,Washing Machine,youtube-nrs96_CbkZM,Samsung Top Load Washing Machine | How to clean the inlet filter,Samsung India,"If your Samsung washing machine is filling up slower than usual, or not filling up at all, it could be due to blockage of the inlet filter. Watch this video to see how you can resolve this easily by yourself. If the issue still persists, please feel free to contact our service helpline on 1800 5 SAMSUNG (7267864). #Samsung Know more: http://spr.ly/6054HMsfY Connect with us: Support: http://spr.ly/6055HMsfl Community: http://spr.ly/6056HMsfm Facebook: http://spr.ly/6057HMsfW Twitter: http://spr.l",https://archive.org/details/youtube-nrs96_CbkZM,,nrs96_CbkZM.mp4,MPEG4,11826049,80.9,1280,720,"title:(""washing machine"" ""how to"")",7,eligible,
,Washing Machine,youtube-pSaxefkGHrg,How to install the 16kg Washing Machine Stacking Kit (SKK-ATV/SA) | Samsung New Zealand,Samsung New Zealand,"Learn how to use the 16kg Washing Machine Stacking Kit (SKK-ATV/SA). Compatible with Samsung Washing Machines, including: WF16T9500GV/SA. Learn more - https://www.samsung.com/nz/home-appliance-accessories/stacking-kit-16kg-platinum-silver-skk-atv-sa/ Source: https://www.youtube.com/watch?v=pSaxefkGHrg Uploader: Samsung New Zealand",https://archive.org/details/youtube-pSaxefkGHrg,,pSaxefkGHrg.mp4,MPEG4,27268355,152.32,1280,720,"title:(""washing machine"" ""how to"")",7,eligible,
,Washing Machine,youtube-t7w2OOry_Pc,[LG Washer] - How to clean the drain filter,LG customer support Europe_official,This video describes how to clean the drain filter of your LG washing machine. Source: https://www.youtube.com/watch?v=t7w2OOry_Pc Uploader: LG customer support Europe_official,https://archive.org/details/youtube-t7w2OOry_Pc,,t7w2OOry_Pc.mp4,MPEG4,11537555,142.64,1280,720,"title:(""LG Washer"")",7,eligible,
,Washing Machine,youtube-vQ6LJXEdkjI,LG Washer : How to repair ezDispense(auto dosing) common issues | LG,LG Global,Let's go over some common ezDispense issues and how to fix them. 1) Check Settings 2) Refill Alarm 3) Not Dispensing 4) Detergent Residue 5) Leakage For more information visit▶ Brand Site: https://www.lg.com/common/index Source: https://www.youtube.com/watch?v=vQ6LJXEdkjI Uploader: LG Global,https://archive.org/details/youtube-vQ6LJXEdkjI,,vQ6LJXEdkjI.mp4,MPEG4,11712394,197.28,1280,720,"title:(""LG Washer"")",7,eligible,
,Washing Machine,youtube-y6-YKG-TPyY,[LG Washing machine] - How to dose detergent and softener,LG customer support Europe_official,"This video describes how to correctly dose your detergent and softener in your LG washing machine. Always read the instructions on your detergent & softener package! Overdosing can cause foam and possibly even leakages. Additionally, keep your detergent drawer and dispenser clean. Source: https://www.youtube.com/watch?v=y6-YKG-TPyY Uploader: LG customer support Europe_official",https://archive.org/details/youtube-y6-YKG-TPyY,,y6-YKG-TPyY.mp4,MPEG4,15228811,78.93,1280,720,"title:(""washing machine"" ""how to"")",7,eligible,
,Washing Machine,handmade-creative-channel-how-to-make-a-homemade-metal-lathe-using-an-old-washing-machine-motor,Handmade Creative Channel - How To Make A Homemade Metal Lathe Using An Old Washing Machine Motor,Handmade Creative Channel,Handmade Creative Channel - How To Make A Homemade Metal Lathe Using An Old Washing Machine Motor,https://archive.org/details/handmade-creative-channel-how-to-make-a-homemade-metal-lathe-using-an-old-washing-machine-motor,,,,,,,,"title:(""washing machine"" ""how to"")",6,reject_file,no bounded video file
,Washing Machine,youtube--m756gfEiw0,[LG Washing machine] - How to replace the door lock,LG customer support Europe_official,This video shows how to replace the door lock of a LG washing machine. Source: https://www.youtube.com/watch?v=-m756gfEiw0 Uploader: LG customer support Europe_official,https://archive.org/details/youtube--m756gfEiw0,,-m756gfEiw0.mp4,MPEG4,35234535,188.04,1280,720,"title:(""washing machine"" ""how to"")",6,eligible,
,Washing Machine,youtube--usha2VHqGw,[LG Washer & Washer-Dryer] How to replace the drum light,LG customer support Europe_official,"This video explains how you can replace the light of an LG Signature washer or washer-dryer model. Important: Make sure to power off the appliance before starting the replacement. 00:00 - Disassembly top cover, front (+door) and the light 02:19 - Assembly light, front (+door) and top cover music: bensound.com Source: https://www.youtube.com/watch?v=-usha2VHqGw Uploader: LG customer support Europe_official",https://archive.org/details/youtube--usha2VHqGw,,-usha2VHqGw.mp4,MPEG4,64404563,270.21,1280,720,"title:(""LG Washer"")",6,eligible,
,Washing Machine,youtube-0nV82fDeVso,"QuickDrive™ Washing Machine: Half the time, more time for you │ Samsung Singapore",Samsung Singapore,In a hurry? QuickDrive™ reduces washing time by up to 50% and energy use by 20% without compromising cleaning performance. #Samsung #WashingMachine #QuickDrive Source: https://www.youtube.com/watch?v=0nV82fDeVso Uploader: Samsung Singapore,https://archive.org/details/youtube-0nV82fDeVso,,0nV82fDeVso.mp4,MPEG4,8330952,30.0,1280,720,"title:(""Samsung"" ""washing machine"")",6,eligible,
,Washing Machine,youtube-0rLOkwV3QSg,LG Washer - The Waterproof Cycle,LG USA,"Wash away dirt and grime from your waterproof or water resistant items without worry, using LG's Waterproof cycle. Follow LG USA: Facebook: https://www.facebook.com/LGUSA/ Twitter: https://twitter.com/lgus Instagram: https://www.instagram.com/lgusa Pinterest: https://www.pinterest.com/lgusa/ Source: https://www.youtube.com/watch?v=0rLOkwV3QSg Uploader: LG USA",https://archive.org/details/youtube-0rLOkwV3QSg,,0rLOkwV3QSg.mp4,MPEG4,19077388,76.58,1280,720,"title:(""LG Washer"")",6,eligible,
,Washing Machine,youtube-24fxAtDii6Y,[LG Washing Machine] - How to stack an LG Dryer on an LG Washer with a Stacking Plate,LG customer support Europe_official,"This video describes how to stack an LG tumble dryer on an LG Washing Machine using a Stacking Plate. The LG stacking plate model DSTWH fits on most 55 cm deep washing machines and is supplied with 3 adapters, so also other depths may be supported. In case of doubt, please contact your local LG support channels. Source: https://www.youtube.com/watch?v=24fxAtDii6Y Uploader: LG customer support Europe_official",https://archive.org/details/youtube-24fxAtDii6Y,,24fxAtDii6Y.mp4,MPEG4,32911657,180.14,1280,720,"title:(""LG Washer"") | title:(""washing machine"" ""how to"")",6,eligible,
,Washing Machine,youtube-2vP3Pmfju4k,AddWash™ Washing Machine How to clean your washer Samsung,Samsung Gulf,Source: https://www.youtube.com/watch?v=2vP3Pmfju4k Uploader: Samsung Gulf,https://archive.org/details/youtube-2vP3Pmfju4k,,2vP3Pmfju4k.mp4,MPEG4,10875539,59.7,1280,720,"title:(""Samsung"" ""washing machine"") | title:(""washing machine"" ""how to"")",6,eligible,
,Washing Machine,youtube-3c45dx1y5Dk,LG Washer - Top Load Balancing & UE Message (2018 Update),LG USA,"Your high-efficiency washing machine was intelligently built to keep your clothes clean and beautiful. At the beginning of every spin cycle, your washer is able to determine if your load is out of balance. This video will explain how your washer automatically balances each load and the steps to take if a UE message occurs. For more information regarding LG products, please visit us at: http://www.lg.com/us Source: https://www.youtube.com/watch?v=3c45dx1y5Dk Uploader: LG USA",https://archive.org/details/youtube-3c45dx1y5Dk,,3c45dx1y5Dk.mp4,MPEG4,23508843,88.1,1280,720,"title:(""LG Washer"")",6,eligible,
,Washing Machine,youtube-7gEHMFQvlZc,Samsung Top Load Washing Machine: How to Resolve Noise Issue,Samsung India,"Samsung’s Top Loading Washing Machines are renowned for their noise-free and efficient washing. But, in case you are facing issue of excessive noise during spin cycle, watch this video and follow a few easy steps to resolve it. If the issue still persists, please feel free to contact our service helpline on 1800 5 SAMSUNG (7267864). Connect with us: Support: https://www.samsung.com/in/support/ Community: https://r2.community.samsung.com/t5/India/ct-p/in Facebook: https://www.facebook.com/Samsung",https://archive.org/details/youtube-7gEHMFQvlZc,,7gEHMFQvlZc.mp4,MPEG4,10169291,158.22,1280,720,"title:(""Samsung"" ""washing machine"") | title:(""washing machine"" ""how to"")",6,eligible,
,Washing Machine,youtube-9b6RFau1eQs,LG Front Load Washing Machine - Installation,LG USA,"To install your LG Washing Machine you must follow these instructions to ensure proper installation. It is important that you review the entire user's manual before installing and using your machine. Detailed instructions concerning electrical connections, gas connections, and exhaust requirements are provided in the owner's manual. Source: https://www.youtube.com/watch?v=9b6RFau1eQs Uploader: LG USA",https://archive.org/details/youtube-9b6RFau1eQs,,9b6RFau1eQs.mp4,MPEG4,16023243,156.62,1280,720,"title:(""washing machine"")",6,eligible,
,Washing Machine,youtube-9nvGgYSgQeE,[LG ThinQ + Washing Machine] - How to use LG Washing Machine functions via LG ThinQ (Android phone),LG customer support Europe_official,This video describes how to use LG washing machine functions via the LG ThinQ app on an Android phone (Note that Android tablets are not supported). Source: https://www.youtube.com/watch?v=9nvGgYSgQeE Uploader: LG customer support Europe_official,https://archive.org/details/youtube-9nvGgYSgQeE,,9nvGgYSgQeE.mp4,MPEG4,3385488,45.98,1280,720,"title:(""washing machine"" ""how to"")",6,eligible,
,Washing Machine,youtube-BRKZKQ1FxK4,LG Washer ezDispense™ - How to Use the Manual Dispense Function on the ezDispense™ Washer,LG USA,"Rather than changing out the detergent in the ezDispense reservoir, use the manual dispense function for single-use detergents. _______________________________________________ Follow LG USA: Facebook: https://www.facebook.com/LGUSA/ Twitter: https://twitter.com/lgus Instagram: https://www.instagram.com/lgusa Pinterest: https://www.pinterest.com/lgusa/ Source: https://www.youtube.com/watch?v=BRKZKQ1FxK4 Uploader: LG USA",https://archive.org/details/youtube-BRKZKQ1FxK4,,BRKZKQ1FxK4.mp4,MPEG4,7524296,53.52,1280,720,"title:(""LG Washer"")",6,eligible,
,Washing Machine,youtube-D7ztU75W8jI,How to use your LG washing machine dispenser,LG DIY Service,"LG washing machine dispenser, how to use LG washing machine dispenser, LG washer detergent dispenser Source: https://www.youtube.com/watch?v=D7ztU75W8jI Uploader: LG DIY Service",https://archive.org/details/youtube-D7ztU75W8jI,,D7ztU75W8jI.mp4,MPEG4,12135580,188.17,1280,720,"title:(""washing machine"" ""how to"")",6,eligible,
,Washing Machine,youtube-D9Gttp3iGlA,How to clean the detergent drawer of your Samsung Top Load washing machine,Samsung India,"To get the best performance from your washing machine, it is important to keep the detergent drawer clean and hygienic. Follow the simple steps shown in this video to learn how to easily clean the detergent drawer. If you would like any further assistance, or have a query related to this video, contact us on 1800 5 SAMSUNG (7267864). Our executives will be happy to assist you. #Samsung Know more: http://spr.ly/6059y07qZ Connect with us: Support: http://spr.ly/6050y07qw Community: http://spr.ly/6",https://archive.org/details/youtube-D9Gttp3iGlA,,D9Gttp3iGlA.mp4,MPEG4,4164057,78.81,1280,720,"title:(""Samsung"" ""washing machine"") | title:(""washing machine"" ""how to"")",6,eligible,
,Washing Machine,youtube-DZTBhyYuNzQ,Samsung Top Load Washing Machine | How to resolve water leakage issue,Samsung India,"Is your washing machine water inlet leaking? Simply follow the steps shown in this video to learn how to fix it. If the problem still persists, please feel free to contact our service helpline on 1800 5 SAMSUNG (7267864). #Samsung Know more: http://spr.ly/6056HMs10 Connect with us: Support: http://spr.ly/6057HMs1F Community: http://spr.ly/6058HMs12 Facebook: http://spr.ly/6059HMs1N Twitter: http://spr.ly/6050HMs14 Instagram: http://spr.ly/6051HMs1f To enroll under: Samsung Student program, click",https://archive.org/details/youtube-DZTBhyYuNzQ,,DZTBhyYuNzQ.mp4,MPEG4,11860628,82.9,1280,720,"title:(""Samsung"" ""washing machine"") | title:(""washing machine"" ""how to"")",6,eligible,
,Washing Machine,youtube-FK1eCffYnO0,LG Washer : How to Clean After Every Wash | LG,LG Global,Watch to LG's step-by-step guide on cleaning after doing the laundry. 1) Interior 2) Exterior & Door For more information visit▶ Brand Site: https://www.lg.com/common/index Source: https://www.youtube.com/watch?v=FK1eCffYnO0 Uploader: LG Global,https://archive.org/details/youtube-FK1eCffYnO0,,FK1eCffYnO0.mp4,MPEG4,8320220,118.84,1280,720,"title:(""LG Washer"")",6,eligible,
,Washing Machine,youtube-H5BGuaMppew,How to install your Samsung Top Load Washing Machine,Samsung India,"The first step to enjoy your new washing machine is to install it correctly. Watch this video for a step-by-step guide to help you install your Samsung Top Load Washing Machine quickly and easily. If you need any help, you contact us on 1800 5 SAMSUNG (7267864) and our executives will be happy to help you. #Samsung Know more: http://spr.ly/6050ye65p Connect with us: Support: http://spr.ly/6050yjBFy Community: http://spr.ly/6051yjBFJ Facebook: http://spr.ly/6052yjBFK Twitter: http://spr.ly/6053yj",https://archive.org/details/youtube-H5BGuaMppew,,H5BGuaMppew.mp4,MPEG4,5382922,108.81,1280,720,"title:(""Samsung"" ""washing machine"") | title:(""washing machine"" ""how to"")",6,eligible,
,Washing Machine,youtube-I7dwREo7Ck8,How to resolve the ‘no spin’ issue of your Samsung Semi Automatic washing machine,Samsung India,"Is your Semi Automatic washing machine not spinning properly? This could be for a number of reasons. No need to worry! Follow the simple troubleshooting tips shown in this video and the issue should be resolved in no time. If you require further assistance, or you have any other queries, do contact our team of executives at 1800 5 SAMSUNG (7267864). We are here to help! Know more: http://spr.ly/6055JN8Ab. #Samsung Connect with us: Support: http://spr.ly/6056JN8Aj Community: http://spr.ly/6057JN8",https://archive.org/details/youtube-I7dwREo7Ck8,,I7dwREo7Ck8.mp4,MPEG4,3672267,89.49,1280,720,"title:(""Samsung"" ""washing machine"") | title:(""washing machine"" ""how to"")",6,eligible,
,Washing Machine,youtube-LA6dPVAEbfE,LG Washer : How to Clean the Tub | LG,LG Global,Hello and welcome to LG's step-by-step guide on how to clean the tub of your LG washing machine. 1) Preparing the Washing Machine 2) Cleaning Function 3) Finish Up For more information visit▶ Brand Site: https://www.lg.com/common/index Source: https://www.youtube.com/watch?v=LA6dPVAEbfE Uploader: LG Global,https://archive.org/details/youtube-LA6dPVAEbfE,,LA6dPVAEbfE.mp4,MPEG4,8149535,123.0,1280,720,"title:(""LG Washer"")",6,eligible,
,Washing Machine,youtube-M5FyyvbqTZI,How to set up your Samsung AI Ecobubble™ washing machine.,Samsung India,"When you bring home your brand-new AI Ecobubble™ washing machine, it’s important to carry out the initial set up carefully. That’s why, in this video, we have shown the installation steps in a simple and easy manner. Just follow these steps and you’ll be able to set up your washing machine quickly. If you have any queries about this video or want any further information, reach out to our executives at 1800 5 SAMSUNG (7267864). We are always happy to help. http://spr.ly/6052KQQXk #Samsung Connect",https://archive.org/details/youtube-M5FyyvbqTZI,,M5FyyvbqTZI.mp4,MPEG4,2778623,79.37,1280,720,"title:(""Samsung"" ""washing machine"") | title:(""washing machine"" ""how to"")",6,eligible,
,Washing Machine,youtube-NELZ-ZYEHes,[LG Washing Machine] - How to stablize your dryer,LG customer support Europe_official,"A short demonstration on how to stabilize your dryer, from front to back and from side to side. Execution: John Niezen Product Group: Home Appliance Source: https://www.youtube.com/watch?v=NELZ-ZYEHes Uploader: LG customer support Europe_official",https://archive.org/details/youtube-NELZ-ZYEHes,,NELZ-ZYEHes.mp4,MPEG4,4553375,40.98,1280,720,"title:(""washing machine"" ""how to"")",6,eligible,
,Washing Machine,youtube-NnGhM71Ijuw,Samsung Front Load Washing Machine: How to Prevent Water Leakage,Samsung India,Keep your Samsung Front Load Washing Machine running smoothly with simple troubleshooting steps for water leakage issues. Follow the video for effortless solutions. Connect with us: Support: https://www.samsung.com/in/support/ Community: https://r2.community.samsung.com/t5/India/ct-p/in Facebook: https://www.facebook.com/SamsungIndia/ Twitter: https://twitter.com/samsungindia Instagram: https://www.instagram.com/samsungindia/ Source: https://www.youtube.com/watch?v=NnGhM71Ijuw Uploader: Samsung ,https://archive.org/details/youtube-NnGhM71Ijuw,,NnGhM71Ijuw.mp4,MPEG4,8827267,107.42,1280,720,"title:(""Samsung"" ""washing machine"") | title:(""washing machine"" ""how to"")",6,eligible,
,Washing Machine,youtube-OVcwxw8Q5y8,[LG Washing Machine] - How to stabilize your washing machine,LG customer support Europe_official,A short demonstration on how to stablize your washing machine. Execution: John Niezen Product Group: Home Appliance Source: https://www.youtube.com/watch?v=OVcwxw8Q5y8 Uploader: LG customer support Europe_official,https://archive.org/details/youtube-OVcwxw8Q5y8,,OVcwxw8Q5y8.mp4,MPEG4,10151971,69.85,1280,720,"title:(""washing machine"" ""how to"")",6,eligible,
,Washing Machine,youtube-OctJ6Zs2X2s,How to install an LG front load washing machine,LG DIY Service,"how to install LG washing machine, how to install LG washing machine front load, LG washing machine installation guide, LG front load washing machine installation, LG washing machine installation, how to install LG front loading washing machine, installation of LG front load washing machine, LG new washing machine installation, LG front load washing machine installation, location, water supply & electrical connection Source: https://www.youtube.com/watch?v=OctJ6Zs2X2s Uploader: LG DIY Service",https://archive.org/details/youtube-OctJ6Zs2X2s,,OctJ6Zs2X2s.mp4,MPEG4,11325549,244.85,1280,720,"title:(""washing machine"" ""how to"")",6,eligible,
,Washing Machine,youtube-PzKyFyBlvr0,Samsung Front Load Washing Machine: How to Resolve Noise Issue,Samsung India,"Samsung’s Front Loading Washing Machines are renowned for their noise-free and efficient washing. But, in case you are facing issue of excessive noise during spin cycle, watch this video and follow a few easy steps to resolve it. If the issue still persists, please feel free to contact our service helpline on 1800 5 SAMSUNG (7267864). Connect with us: Support: https://www.samsung.com/in/support/ Community: https://r2.community.samsung.com/t5/India/ct-p/in Facebook: https://www.facebook.com/Samsu",https://archive.org/details/youtube-PzKyFyBlvr0,,PzKyFyBlvr0.mp4,MPEG4,11677689,114.1,1280,720,"title:(""Samsung"" ""washing machine"") | title:(""washing machine"" ""how to"")",6,eligible,
,Washing Machine,youtube-RX1ZEjR7f6w,LG Washer : How to Install the Drain Hose | LG,LG Global,Hello and welcome to LG's step-by-step guide on how to install the drain hose. 1) Check 2) Sink Drain 3) Drainpipe For more information visit▶ Brand Site: https://www.lg.com/common/index Source: https://www.youtube.com/watch?v=RX1ZEjR7f6w Uploader: LG Global,https://archive.org/details/youtube-RX1ZEjR7f6w,,RX1ZEjR7f6w.mp4,MPEG4,8240808,170.85,1280,720,"title:(""LG Washer"")",6,eligible,
,Washing Machine,youtube-T1l8NYAf7Vk,[LG Washing machine] - How to run a Tub Clean program,LG customer support Europe_official,"This video shows how to run a Tub Clean program, a program that LG recommends you to run periodically. Make sure to run this program without any laundry in the drum. Source: https://www.youtube.com/watch?v=T1l8NYAf7Vk Uploader: LG customer support Europe_official",https://archive.org/details/youtube-T1l8NYAf7Vk,,T1l8NYAf7Vk.mp4,MPEG4,14057467,68.99,1280,720,"title:(""washing machine"" ""how to"")",6,eligible,
,Washing Machine,youtube-Vq_Y-P15vyI,Samsung Top Load Washing Machine: How to improve the quality of your wash,Samsung India,"Your clothes deserve the best possible care, and this includes wash quality. To get the best out of your laundry cycle, follow the simple steps shown in this video. If you want to know more about your Samsung Washing Machine, simply reach out to us on 1800 5 SAMSUNG (7267864) and our team will assist you. #Samsung Know more: http://spr.ly/6056yOWmi Connect with us: Support: http://spr.ly/6058yOWmY Community: http://spr.ly/6059yOWml Facebook: http://spr.ly/6050yOWmm Twitter: http://spr.ly/6051yOW",https://archive.org/details/youtube-Vq_Y-P15vyI,,Vq_Y-P15vyI.mp4,MPEG4,13686037,127.06,1280,720,"title:(""Samsung"" ""washing machine"") | title:(""washing machine"" ""how to"")",6,eligible,
,Washing Machine,youtube-WksvsZUCIto,How to clean the dispenser on your LG washing machine,LG DIY Service,"cleaning the LG washing machine dispenser, clean the LG washer dispenser, clean the LG washer dispenser drawer Source: https://www.youtube.com/watch?v=WksvsZUCIto Uploader: LG DIY Service",https://archive.org/details/youtube-WksvsZUCIto,,WksvsZUCIto.mp4,MPEG4,13214334,179.93,1280,720,"title:(""washing machine"" ""how to"")",6,eligible,
,Washing Machine,youtube-X7jkW-KVsa4,Sync Your Washing Machine & Tumble Dryer | SmartThings | Samsung UK,Samsung UK,"Auto Cycle Link via the Samsung SmartThings App lets you sync up your Washing Machine and Tumble Dryer. Saving time and confusion so you can clean your clothes hassle free. You can even schedule, monitor, or turn on your washes on the-go with Smart Control +. Save 20% when you buy 3 selected home appliance or save 15% when buying 2 from Samsung UK. Shop all Samsung Washing Machines, Washer Dryers and Tumble Dryers at https://www.samsung.com/uk/washers-and-dryers/all-washers-and-dryers/ Purchase ",https://archive.org/details/youtube-X7jkW-KVsa4,,X7jkW-KVsa4.mp4,MPEG4,11123415,50.2,1280,720,"title:(""Samsung"" ""washing machine"")",6,eligible,
,Washing Machine,youtube-XLj3SGLE3dU,LG Washer Dryer - How to Measure for Installation - 2018,LG USA,"This video will help guide you to proper measuring before installing a new appliance. Dimensions vary based on model, check with your sales representative or visit LG.com for dimensions and accessories. Follow LG USA: Facebook: https://www.facebook.com/LGUSA/ Twitter: https://twitter.com/lgus Instagram: https://www.instagram.com/lgusa Pinterest: https://www.pinterest.com/lgusa/ Source: https://www.youtube.com/watch?v=XLj3SGLE3dU Uploader: LG USA",https://archive.org/details/youtube-XLj3SGLE3dU,,XLj3SGLE3dU.mp4,MPEG4,8613301,62.11,1280,720,"title:(""LG Washer"")",6,eligible,
,Washing Machine,youtube-YwuxF7CNOFQ,[LG Washing Machine] - How to level your washing machine,LG customer support Europe_official,"A short demonstration on how to level your washing machine, from front to back and from side to side. Execution: John Niezen Product Group: Home Appliance Source: https://www.youtube.com/watch?v=YwuxF7CNOFQ Uploader: LG customer support Europe_official",https://archive.org/details/youtube-YwuxF7CNOFQ,,YwuxF7CNOFQ.mp4,MPEG4,3109677,68.69,1280,720,"title:(""washing machine"" ""how to"")",6,eligible,
,Washing Machine,youtube-ZUmzBLsTIUE,[LG Washing machine] - How to replace the detergent drawer,LG customer support Europe_official,This video shows how to replace the detergent drawer in your LG Washing Machine. Music: https://www.bensound.com Source: https://www.youtube.com/watch?v=ZUmzBLsTIUE Uploader: LG customer support Europe_official,https://archive.org/details/youtube-ZUmzBLsTIUE,,ZUmzBLsTIUE.mp4,MPEG4,4701502,25.61,1280,720,"title:(""washing machine"" ""how to"")",6,eligible,
,Washing Machine,youtube-ZovVhVGlgBY,How to fix the ‘water draining’ issue in a Samsung Top Load washing machine,Samsung India,"Doing the laundry may get difficult if you constantly face the water draining issue! But, you can resolve this easily. All you need to do is follow the steps shown in the video. If the problem persists, please give us a call on 1800 5 SAMSUNG (7267864). Our executives will be happy to assist you. Know more: http://spr.ly/6053KZvnB. #Samsung Connect with us: Support: http://spr.ly/6054KZvn8 Community: http://spr.ly/6055KZvnD Facebook: http://spr.ly/6056KZvnE Twitter: http://spr.ly/6057KZvn1 Insta",https://archive.org/details/youtube-ZovVhVGlgBY,,ZovVhVGlgBY.mp4,MPEG4,17941758,245.13,1280,720,"title:(""Samsung"" ""washing machine"") | title:(""washing machine"" ""how to"")",6,eligible,
,Washing Machine,youtube-aOQfX_tZuBw,How to start using your LG front load washing machine,LG DIY Service,"LG washing machine, LG washer, LG washer-dryer, LG front loader Source: https://www.youtube.com/watch?v=aOQfX_tZuBw Uploader: LG DIY Service",https://archive.org/details/youtube-aOQfX_tZuBw,,aOQfX_tZuBw.mp4,MPEG4,17691008,353.71,1280,720,"title:(""washing machine"" ""how to"")",6,eligible,
,Washing Machine,youtube-cWeKO2ewXIc,[LG Washer-Dryer] - How to use Dry Only options,LG customer support Europe_official,This video describes how to use Dry only options on a LG Washer-Dryer. Source: https://www.youtube.com/watch?v=cWeKO2ewXIc Uploader: LG customer support Europe_official,https://archive.org/details/youtube-cWeKO2ewXIc,,cWeKO2ewXIc.mp4,MPEG4,7285089,50.02,1280,720,"title:(""LG Washer"")",6,eligible,
,Washing Machine,youtube-cgDZwHzjTFo,LG Washer ezDispense™ - How to Properly Clean the ezDispense™ Drawer,LG USA,Keep your LG washer performing at its best by cleaning the ezDispense™ drawer. ___________________________________________________ Follow LG USA: Facebook: https://www.facebook.com/LGUSA/ Twitter: https://twitter.com/lgus Instagram: https://www.instagram.com/lgusa Pinterest: https://www.pinterest.com/lgusa/ Source: https://www.youtube.com/watch?v=cgDZwHzjTFo Uploader: LG USA,https://archive.org/details/youtube-cgDZwHzjTFo,,cgDZwHzjTFo.mp4,MPEG4,30659958,180.95,1280,720,"title:(""LG Washer"")",6,eligible,
,Washing Machine,youtube-dT0eZNBbQ5k,[LG Washer-Dryer] - How to use Spin only & Drain Only,LG customer support Europe_official,This video describes how to use the Spin Only & Drain only options on an LG Washer-Dryer model. Source: https://www.youtube.com/watch?v=dT0eZNBbQ5k Uploader: LG customer support Europe_official,https://archive.org/details/youtube-dT0eZNBbQ5k,,dT0eZNBbQ5k.mp4,MPEG4,4592348,32.86,1280,720,"title:(""LG Washer"")",6,eligible,
,Washing Machine,youtube-dpsO7RcZ6CY,Washing Machine | How to Install Your Samsung Washing Machine | Samsung,Samsung Philippines,Here is a guide to help you #DoWhatYouCant and install your new #Samsung Washing Machine. ------------------------------------------------------- Don't forget to subscribe to our YouTube channel to get all the latest updates! https://www.youtube.com/user/samsungphilippines Follow us on social: Facebook - https://www.facebook.com/SamsungPH/ Twitter - https://twitter.com/SamsungPH/ Instagram - https://www.instagram.com/SamsungPH/ Source: https://www.youtube.com/watch?v=dpsO7RcZ6CY Uploader: Samsun,https://archive.org/details/youtube-dpsO7RcZ6CY,,dpsO7RcZ6CY.mp4,MPEG4,37899626,264.89,1280,720,"title:(""Samsung"" ""washing machine"") | title:(""washing machine"" ""how to"")",6,eligible,
,Washing Machine,youtube-eXXSsZhluEA,Samsung Top Load Washing Machine: How to Fix Water Overflow Issue,Samsung India,"Samsung’s Top Loading Washing Machines are renowned for their reliability and ease of use. But, in case you are facing water overflowing issue, watch this video for a quick fix. In case you are unable to solve, even after following the steps, feel free to contact our service helpline on 1800 5 SAMSUNG (7267864). Connect with us: Support: https://www.samsung.com/in/support/ Community: https://r2.community.samsung.com/t5/India/ct-p/in Facebook: https://www.facebook.com/SamsungIndia/ Twitter: https",https://archive.org/details/youtube-eXXSsZhluEA,,eXXSsZhluEA.mp4,MPEG4,9532198,135.33,1280,720,"title:(""Samsung"" ""washing machine"") | title:(""washing machine"" ""how to"")",6,eligible,
,Washing Machine,youtube-gKfFOlxrHsg,LG Washer ezDispense™ - How to Adjust the ezDispense™ Levels for the Current Cycle,LG USA,"You can manually adjust the amounts dispensed for the current cycle only, or change the overall default settings used for every cycle. __________________________________________________ Follow LG USA: Facebook: https://www.facebook.com/LGUSA/ Twitter: https://twitter.com/lgus Instagram: https://www.instagram.com/lgusa Pinterest: https://www.pinterest.com/lgusa/ Source: https://www.youtube.com/watch?v=gKfFOlxrHsg Uploader: LG USA",https://archive.org/details/youtube-gKfFOlxrHsg,,gKfFOlxrHsg.mp4,MPEG4,14379536,108.83,1280,720,"title:(""LG Washer"")",6,eligible,
,Washing Machine,youtube-iXTDMLiMvb4,How to install your Samsung Washing Machine,Samsung UK,"Find out how to install your Samsung washing machine for the first time. 1. Select a location 2. Remove shipping bolts 3. Adjust levelling 4. Connect water hose 5. Position drain hose 6. Power on For information on washing machine fitting and more, please visit Samsung UK Support: https://www.samsung.com/uk/support/ Discover our range of washing machines here: https://www.samsung.com/uk/washers-and-dryers/ Source: https://www.youtube.com/watch?v=iXTDMLiMvb4 Uploader: Samsung UK",https://archive.org/details/youtube-iXTDMLiMvb4,,iXTDMLiMvb4.mp4,MPEG4,5320496,101.01,1280,720,"title:(""washing machine"" ""how to"")",6,eligible,
,Washing Machine,youtube-jK93lvlsrBI,Easy tips to optimise the wash cycle duration of your Samsung washing machine,Samsung India,"There are several reasons why your washing machine could be taking extra time to complete a wash cycle. Follow the list of easy tips shown in this video to learn how to optimise the cycle length and ensure that it doesn’t take too long. If you face any difficulties, or have any further queries, you can WhatsApp us on 1800 5 7267864.#Samsung Connect with us: Support: http://spr.ly/6056MzsAk Community: http://spr.ly/6057MzsAZ Facebook: http://spr.ly/6058MzsAw Twitter: http://spr.ly/6059MzsAb Insta",https://archive.org/details/youtube-jK93lvlsrBI,,jK93lvlsrBI.mp4,MPEG4,4452901,93.48,1280,720,"title:(""Samsung"" ""washing machine"")",6,eligible,
,Washing Machine,youtube-jZLge7jHTww,Samsung AI Ecobubble™ Washing Machine: Experience an AI-powered wash,Samsung India,"Introducing the Samsung AI Ecobubble™ washing machine, the smartest way to do laundry. It not only learns your laundry habits and remembers them, but can also recommend the best washing cycle for your clothes through the Laundry Recipe app. So here on, the only way to do laundry is the AI Ecobubble™ way. #EcoBubble #Samsung Know more: https://bit.ly/3fxQIcY Connect with us: Support: http://spr.ly/6054HaCUw Community: http://spr.ly/6056HaCUj Facebook: http://spr.ly/6057HaCUd Twitter: http://spr.l",https://archive.org/details/youtube-jZLge7jHTww,,jZLge7jHTww.mp4,MPEG4,1189411,37.64,1280,720,"title:(""Samsung"" ""washing machine"")",6,eligible,
,Washing Machine,youtube-kHVANCdmxv4,How to use the ezDispense on your LG washing machine,LG DIY Service,"LG detergent dispenser, LG dispenser, ezdispense Source: https://www.youtube.com/watch?v=kHVANCdmxv4 Uploader: LG DIY Service",https://archive.org/details/youtube-kHVANCdmxv4,,kHVANCdmxv4.mp4,MPEG4,25020343,512.67,1280,720,"title:(""washing machine"" ""how to"")",6,eligible,
,Washing Machine,youtube-mJFBjYEgBDY,AddWash™ Washing Machine How to add item during the wash | Samsung,Samsung Gulf,Forgot a shirt? AddWash™ lets you simply and quickly add forgotten clothes after your cycle has already started. You can also easily pop in hand-washed clothes that you just want to rinse or spin dry. Learn More : https://www.samsung.com/ae/washing-machines/ Source: https://www.youtube.com/watch?v=mJFBjYEgBDY Uploader: Samsung Gulf,https://archive.org/details/youtube-mJFBjYEgBDY,,mJFBjYEgBDY.mp4,MPEG4,7303163,57.61,1280,720,"title:(""washing machine"" ""how to"")",6,eligible,
,Washing Machine,youtube-pDGsOpSZGE8,LG Washer : How to use the ezDispense(auto dosing) | LG,LG Global,Hello and welcome to LG's step-by-step guide on how to use the ezDispense. 1) How to Fill 2) Everyday Usage 3) Manual Mode 4) Default Dispense Settings 5) Change Compartment Settings For more information visit▶ Brand Site: https://www.lg.com/common/index Source: https://www.youtube.com/watch?v=pDGsOpSZGE8 Uploader: LG Global,https://archive.org/details/youtube-pDGsOpSZGE8,,pDGsOpSZGE8.mp4,MPEG4,22738594,512.77,1280,720,"title:(""LG Washer"")",6,eligible,
,Washing Machine,youtube-uRFVYxGLUbg,QuickDrive™ Washing Machine Optimal cycle with Laundry Recipe Samsung,Samsung Gulf,Source: https://www.youtube.com/watch?v=uRFVYxGLUbg Uploader: Samsung Gulf,https://archive.org/details/youtube-uRFVYxGLUbg,,uRFVYxGLUbg.mp4,MPEG4,5386722,45.02,1280,720,"title:(""Samsung"" ""washing machine"")",6,eligible,
,Washing Machine,youtube-ugi4ztSGzZk,LG Washer/Dryer: How to Measure for Installation,LG USA,Follow LG USA: Facebook: https://www.facebook.com/LGUSA/ Twitter: https://twitter.com/lgus Instagram: https://www.instagram.com/lgusa Pinterest: https://www.pinterest.com/lgusa/ Source: https://www.youtube.com/watch?v=ugi4ztSGzZk Uploader: LG USA,https://archive.org/details/youtube-ugi4ztSGzZk,,ugi4ztSGzZk.mp4,MPEG4,8155513,57.35,1280,720,"title:(""LG Washer"")",6,eligible,
,Washing Machine,youtube-vF3CyLPO6z0,LG Washer/Dryer : How to repair Dryer Issues | LG,LG Global,Are you experiencing some issues with the dry function on your LG All-In-One Washer/Dryer? Here are a few things you can do on your own to solve them. 1) Taking Too Long 2) Low Performance 3) Warm Air Coming Out from the Rear For more information visit▶ Brand Site: https://www.lg.com/common/index Source: https://www.youtube.com/watch?v=vF3CyLPO6z0 Uploader: LG Global,https://archive.org/details/youtube-vF3CyLPO6z0,,vF3CyLPO6z0.mp4,MPEG4,8449050,138.86,1280,720,"title:(""LG Washer"")",6,eligible,
,Washing Machine,youtube-vhxwgl6dwGo,LG Washer : How to Clean After Every Wash | LG,LG Malaysia,Watch LG's step-by-step guide on cleaning after doing the laundry. 1) Interior 2) Exterior & Door For more information visit https://www.lg.com/my/front-load-washers Source: https://www.youtube.com/watch?v=vhxwgl6dwGo Uploader: LG Malaysia,https://archive.org/details/youtube-vhxwgl6dwGo,,vhxwgl6dwGo.mp4,MPEG4,7672595,118.84,1280,720,"title:(""LG Washer"")",6,eligible,
,Washing Machine,youtube-yQ6KH4LSsLE,LG Washer/Dryer : How to repair Dryer Issues | LG,LG Malaysia,Are you experiencing some issues with the dry function on your LG All-In-One Washer/Dryer? Here are a few things you can do on your own to solve them. 1) Taking Too Long 2) Low Performance 3) Warm Air Coming Out from the Rear For more information visit https://www.lg.com/my/front-load-washers Source: https://www.youtube.com/watch?v=yQ6KH4LSsLE Uploader: LG Malaysia,https://archive.org/details/youtube-yQ6KH4LSsLE,,yQ6KH4LSsLE.mp4,MPEG4,7929749,138.86,1280,720,"title:(""LG Washer"")",6,eligible,
,Washing Machine,BA_Admin_2009-UsingBizInYourHighEfficiencyWashingMachine133,Using Biz in your High Efficiency washing machine,Archive contributor,We?re answering your questions about new high-efficiency washing machines.,https://archive.org/details/BA_Admin_2009-UsingBizInYourHighEfficiencyWashingMachine133,http://creativecommons.org/licenses/by/2.0/,BA_Admin_2009-UsingBizInYourHighEfficiencyWashingMachine133_512kb.mp4,512Kb MPEG4,10011584,131.73,320,240,"title:(""washing machine"")",5,eligible,
,Washing Machine,twitch-vod-v1622596817,🍒 I answer the question or I spin. And I'm not talking about haha I'm stuck in the washing machine-type spin. It's SERIOUS business or ELS,filian,Source: https://www.twitch.tv/videos/1622596817?filter=archives Uploader: filian,https://archive.org/details/twitch-vod-v1622596817,,,,,,,,"title:(""washing machine"")",5,reject_file,no bounded video file
,Washing Machine,washing-machine-repair-service_202505,Washing Machine Repair Service,Archive contributor,A noisy or leaking washing machine often signals a problem. Ignoring early signs can lead to more costly damage over time. washing machine repair winchester,https://archive.org/details/washing-machine-repair-service_202505,,Washing Machine Repair Service.ia.mp4,h.264 IA,4117784,29.77,1920,1080,"title:(""washing machine repair"")",5,eligible,
,Washing Machine,washing-machine-service_202605,WASHING MACHINE REPAIR SERVICE,LocalRamu Services,"Looking for trusted washing machine repair service in Bengaluru? LocalRamu Services offers fast, affordable, and expert washing machine repair service right at your doorstep. Schedule repair: https://www.localramu.com/bengaluru/washing-machine",https://archive.org/details/washing-machine-service_202605,,washing machine service.ia.mp4,h.264 IA,3773401,41.39,270,480,"title:(""washing machine repair"")",5,eligible,
,Washing Machine,youtube--GpQTSGY-zM,EcoBubble™ Washing Machine: How a bear removes stains│Samsung,Samsung Egypt,"Give your clothes a thorough wash with the EcoBubble™ washing machine. EcoBubble ™ technology mixes air, water and detergent to create soapy bubbles that quickly penetrate each fiber of the fabric for a faster and more effective wash. It also helps reduce wear on fibers during the wash cycle protecting color and texture. Fights stains. Protects fabric. #Samsung #WashingMachine #EcoBubble #AddWash Source: https://www.youtube.com/watch?v=-GpQTSGY-zM Uploader: Samsung Egypt",https://archive.org/details/youtube--GpQTSGY-zM,,-GpQTSGY-zM.mp4,MPEG4,1849306,30.14,640,360,"title:(""Samsung"" ""washing machine"")",5,eligible,
,Washing Machine,youtube--e5Q_NjDOFo,Easy tips to check if your Samsung Top/Front Load washing machine is receiving power,Samsung India,"If your washing machine is not receiving power properly, follow the simple troubleshooting steps shown in this video. The issue should be resolved shortly. If, for some reason, the problem persists, you can WhatsApp us on 1800 5 7267864. We are here to help! #Samsung Connect with us: Support: http://spr.ly/6052zdNjy Community: http://spr.ly/6053zdNjJ Facebook: http://spr.ly/6054zdNjK Twitter: http://spr.ly/6055zdNjz Instagram: http://spr.ly/6056zdNjM To enroll under: Samsung Student program, cli",https://archive.org/details/youtube--e5Q_NjDOFo,,-e5Q_NjDOFo.mp4,MPEG4,3011962,76.25,1280,720,"title:(""Samsung"" ""washing machine"")",5,eligible,
,Washing Machine,youtube-2ke259GHHUQ,[LG ThinQ + Washing Machine] - How to register a WiFi enabled LG washing machine on LG ThinQ,LG customer support Europe_official,Source: https://www.youtube.com/watch?v=2ke259GHHUQ Uploader: LG customer support Europe_official,https://archive.org/details/youtube-2ke259GHHUQ,,2ke259GHHUQ.mp4,MPEG4,12892421,138.55,1280,720,"title:(""washing machine"" ""how to"")",5,eligible,
,Washing Machine,youtube-33b4Yr2lcJw,"Samsung | EcoBubble™ Washing Machine: Thorough cleaning, gently",Samsung India,"Add the power of bubbles to your laundry with the Samsung EcoBubble™ washing machine. It combines detergent, water and air to generate bubbles that soak through your clothes, removing stains gently and thoroughly. #Samsung Know more: http://spr.ly/6054GQkTw Connect with us: Support: https://www.samsung.com/in/support/ Community: https://r2.community.samsung.com/t5/India/ct-p/in Facebook: https://www.facebook.com/SamsungIndia/ Twitter: https://twitter.com/samsungindia Instagram: https://www.insta",https://archive.org/details/youtube-33b4Yr2lcJw,,33b4Yr2lcJw.mp4,MPEG4,2290281,15.51,1280,720,"title:(""Samsung"" ""washing machine"")",5,eligible,
,Washing Machine,youtube-3mC1CuVBGcc,LG Washer - The Allergiene™ Cycle,LG USA,The Allergiene™ cycle helps alleviate some of the problems caused by household allergens like dust mites and pet dander. Follow LG USA: Facebook: https://www.facebook.com/LGUSA/ Twitter: https://twitter.com/lgus Instagram: https://www.instagram.com/lgusa Pinterest: https://www.pinterest.com/lgusa/ Source: https://www.youtube.com/watch?v=3mC1CuVBGcc Uploader: LG USA,https://archive.org/details/youtube-3mC1CuVBGcc,,3mC1CuVBGcc.mp4,MPEG4,20614170,74.12,1280,720,"title:(""LG Washer"")",5,eligible,
,Washing Machine,youtube-4fUCn4L5RB0,[LG Washing Machine] - How to stack an LG Dryer on an LG Washing Machine,LG customer support Europe_official,"This video describes how to stack an LG Tumble Dryer on an LG Washing Machine. This is a general video, applicable for all 24"" LG Washers and Dryers. Source: https://www.youtube.com/watch?v=4fUCn4L5RB0 Uploader: LG customer support Europe_official",https://archive.org/details/youtube-4fUCn4L5RB0,,4fUCn4L5RB0.mp4,MPEG4,13441294,69.24,1280,720,"title:(""washing machine"" ""how to"")",5,eligible,
,Washing Machine,youtube-6970_3gwIDI,[LG Front Load Washers] Navigating The Options Menu On Your LG Washer - WM6700HBA,LG USA Support,"For next steps, check out these useful links: Help Library Support: https://www.lg.com/us/support/help-library To request a repair: https://www.lg.com/us/support/repair-service/schedule-repair Our Facebook Support page is another good way to stay connected to all-things LG Support. LG Facebook Support: https://www.facebook.com/LGUSSupport/ Source: https://www.youtube.com/watch?v=6970_3gwIDI Uploader: LG USA Support",https://archive.org/details/youtube-6970_3gwIDI,,6970_3gwIDI.mp4,MPEG4,8811193,137.86,1280,720,"title:(""LG Washer"")",5,eligible,
,Washing Machine,youtube-7w-jPWigIDU,LG Washer - The Sanitary Cycle,LG USA,The Sanitary cycle is certified to remove 99.9% of bacteria on cotton fabrics without high energy consumption when used in conjunction with bleach and high temperatures. Follow LG USA: Facebook: https://www.facebook.com/LGUSA/ Twitter: https://twitter.com/lgus Instagram: https://www.instagram.com/lgusa Pinterest: https://www.pinterest.com/lgusa/ Source: https://www.youtube.com/watch?v=7w-jPWigIDU Uploader: LG USA,https://archive.org/details/youtube-7w-jPWigIDU,,7w-jPWigIDU.mp4,MPEG4,20231790,80.09,1280,720,"title:(""LG Washer"")",5,eligible,
,Washing Machine,youtube-85Ol4C5YBCU,LG Washer - Utilizing Steam Cycle,LG USA,"LG brings you the power of steam, to help you beat the toughest stains and significantly reduce allergens while still being gentle on your clothes. For more information regarding LG products, please visit us at: http://www.lg.com/us Source: https://www.youtube.com/watch?v=85Ol4C5YBCU Uploader: LG USA",https://archive.org/details/youtube-85Ol4C5YBCU,,85Ol4C5YBCU.mp4,MPEG4,18020588,155.3,1280,720,"title:(""LG Washer"")",5,eligible,
,Washing Machine,youtube-8lyuFnTrYHc,How to change the language on the display panel of your Samsung AI Ecobubble™ washing machine,Samsung India,"The AI Ecobubble™ is the world’s first washing machine with a bilingual interface. The machine lets you choose between a Hindi and English display, depending on your preference. Follow the simple steps explained in this video to learn how to set the language of your preference. If you need additional assistance, or would like more useful tips, you can reach us on 1800 5 SAMSUNG (7267864). We will be happy to help. http://spr.ly/6057Kvhz1. #Samsung Connect with us: Support: http://spr.ly/6058Kvhz",https://archive.org/details/youtube-8lyuFnTrYHc,,8lyuFnTrYHc.mp4,MPEG4,3184433,78.25,1280,720,"title:(""Samsung"" ""washing machine"") | title:(""washing machine"" ""how to"")",5,eligible,
,Washing Machine,youtube-BfyVUati0Jk,LG Washer : How to set the Child Lock| LG,LG Global,Welcome to LG's step-by-step guide on how to set the control lock on your LG washing machine. 1) Lock Control Panel 2) Unlock Control Panel For more information visit▶ Brand Site: https://www.lg.com/common/index Source: https://www.youtube.com/watch?v=BfyVUati0Jk Uploader: LG Global,https://archive.org/details/youtube-BfyVUati0Jk,,BfyVUati0Jk.mp4,MPEG4,7414404,110.46,1280,720,"title:(""LG Washer"")",5,eligible,
,Washing Machine,youtube-CqOblypzwD8,[LG ThinQ + Washing Machine] - How to connect your LG Washing Machine to LG ThinQ (Android phone),LG customer support Europe_official,This video described how to make a connection between a LG Washing Machine and LG ThinQ on an Android phone (Android tablets are not supported). Source: https://www.youtube.com/watch?v=CqOblypzwD8 Uploader: LG customer support Europe_official,https://archive.org/details/youtube-CqOblypzwD8,,CqOblypzwD8.mp4,MPEG4,4229950,84.85,1280,720,"title:(""washing machine"" ""how to"")",5,eligible,
,Washing Machine,youtube-EdOrn-K-jU8,LG Washer : Common Error Messages | LG,LG Global,"Any error code popping up on the control panel display? You may be able to solve a lot of them by yourself with this video. 1) Fix On Your Own: IE, UE, OE, LE, FF, PF 2) Call for Service: FE, PE, tE, dE, dE1, dE2, dE4, vS, AE, dHE For more information visit▶ Brand Site: https://www.lg.com/common/index Source: https://www.youtube.com/watch?v=EdOrn-K-jU8 Uploader: LG Global",https://archive.org/details/youtube-EdOrn-K-jU8,,EdOrn-K-jU8.mp4,MPEG4,12846445,249.89,1280,720,"title:(""LG Washer"")",5,eligible,
,Washing Machine,youtube-FiwpMT5LDys,LG Washer : Things to Check Before Installation | LG,LG Global,Let's go over a few important check points to make sure you install the washing machine properly. 1) Specifications 2) Location 3) Electric Outlet 4) Water Supply For more information visit▶ Brand Site: https://www.lg.com/common/index Source: https://www.youtube.com/watch?v=FiwpMT5LDys Uploader: LG Global,https://archive.org/details/youtube-FiwpMT5LDys,,FiwpMT5LDys.mp4,MPEG4,11186295,244.85,1280,720,"title:(""LG Washer"")",5,eligible,
,Washing Machine,youtube-H679iqYXw8o,Samsung Washing Machine Tips for Optimal Performance,Samsung UK,"Washing machine tips to optimise the performance of your Samsung washing machine. To optimise wash performance, be sure to select the most suitable wash programme; avoid overloading the drum and remove foreign objects from the pockets. Each washing machine has different weight limits, so make sure you check your machine's limit before overloading the drum. Further details can be found in the user guide for your washing machine. For washing machine maintenance tips and more information, please vi",https://archive.org/details/youtube-H679iqYXw8o,,H679iqYXw8o.mp4,MPEG4,21542320,146.22,1280,720,"title:(""Samsung"" ""washing machine"")",5,eligible,
,Washing Machine,youtube-I3w4TG6teUI,LG Washer - Delicates Cycle,LG USA,"The Delicates cycle is for washing lingerie, or sheer and lacy clothes, such as bras, blouses, nylons, scarves, and dress shirts. Follow LG USA: Facebook: https://www.facebook.com/LGUSA/ Twitter: https://twitter.com/lgus Instagram: https://www.instagram.com/lgusa Pinterest: https://www.pinterest.com/lgusa/ Source: https://www.youtube.com/watch?v=I3w4TG6teUI Uploader: LG USA",https://archive.org/details/youtube-I3w4TG6teUI,,I3w4TG6teUI.mp4,MPEG4,19574442,72.47,1280,720,"title:(""LG Washer"")",5,eligible,
,Washing Machine,youtube-K1qrB-TDPH8,AddWash™ Washing Machine Large capacity Wash more at once | Samsung,Samsung Gulf,Forgot a shirt? AddWash™ lets you simply and quickly add forgotten clothes after your cycle has already started. You can also easily pop in hand-washed clothes that you just want to rinse or spin dry. Learn More : https://www.samsung.com/ae/washing-machines/ Source: https://www.youtube.com/watch?v=K1qrB-TDPH8 Uploader: Samsung Gulf,https://archive.org/details/youtube-K1qrB-TDPH8,,K1qrB-TDPH8.mp4,MPEG4,5360732,29.12,1280,720,"title:(""Samsung"" ""washing machine"")",5,eligible,
,Washing Machine,youtube-KIgiC--xoOQ,Samsung QuickDrive Washing Machine with Air Wash Technology,Samsung Malaysia,"When you've got a Samsung QuickDrive Washing Machine like Hui Min, there's no laundry emergency you can't handle. With its Air Wash technology, you can quickly sanitise and deodorise clothes without water and detergent. And if you've left out an item, the Add Wash door allows you to easily pop it in even if the wash cycle has started. Discover more here: http://spr.ly/60551Eo3v ------------------------------------------------------- Don't forget to subscribe to our YouTube channel to get all the",https://archive.org/details/youtube-KIgiC--xoOQ,,KIgiC--xoOQ.mp4,MPEG4,15222030,102.21,1280,720,"title:(""Samsung"" ""washing machine"")",5,eligible,
,Washing Machine,youtube-MotvpieH5jM,LG Washer ezDispense™ - How to Change the ezDispense™ Default Settings,LG USA,You can change the default settings on the ezDispense™ to fit your laundry needs. ________________________________________________ Follow LG USA: Facebook: https://www.facebook.com/LGUSA/ Twitter: https://twitter.com/lgus Instagram: https://www.instagram.com/lgusa Pinterest: https://www.pinterest.com/lgusa/ Source: https://www.youtube.com/watch?v=MotvpieH5jM Uploader: LG USA,https://archive.org/details/youtube-MotvpieH5jM,,MotvpieH5jM.mp4,MPEG4,16764340,116.63,1280,720,"title:(""LG Washer"")",5,eligible,
,Washing Machine,youtube-NjNveGgThEo,LG Washer with SmartThinQ™ Technology – Remote Start,LG USA,"Think you need to be home to do laundry? Think again. LG washers with SmartThinQ™ technology let you start a wash cycle anywhere your day takes you. It even works with the Google Assistant, so you can start the wash with just the sound of your voice. Learn more about LG Appliances with SmartThinQ™ technology: http://www.lg.com/us/discover/smartthinq/thinq Follow LG USA: Facebook: https://www.facebook.com/LGUSA/ Twitter: https://twitter.com/lgus Instagram: https://www.instagram.com/lgusa Pinteres",https://archive.org/details/youtube-NjNveGgThEo,,NjNveGgThEo.mp4,MPEG4,2531016,19.62,1280,720,"title:(""LG Washer"")",5,eligible,
,Washing Machine,youtube-OdGQe8JEh78,[LG Washing Machine] - How to exchange the door,LG customer support Europe_official,This video describes how to exchange the door of a LG washing machine. The bolts for the door bracket are 8 mm hexagon type. Be aware that some models have an integrated display and must be exchanged by an authorised SVC technician. Source: https://www.youtube.com/watch?v=OdGQe8JEh78 Uploader: LG customer support Europe_official,https://archive.org/details/youtube-OdGQe8JEh78,,OdGQe8JEh78.mp4,MPEG4,13145476,50.97,1280,720,"title:(""washing machine"" ""how to"")",5,eligible,
,Washing Machine,youtube-P6i7jl3T3kM,Samsung EcoBubble™ Washing Machine: Laundry hacks by a wild bear,Samsung India,"Every time this bear gets messy, he uses the EcoBubble™ washing machine to remove stains. Detergent is turned into soapy bubbles that quickly penetrate deep into fabrics and remove tough stains, for a faster and more effective wash. It also protects fabrics while cleaning which makes clothes look new. Know more: http://spr.ly/60511gYwT Connect with us: Support: https://www.samsung.com/in/support/ Community: https://r2.community.samsung.com/t5/India/ct-p/in Facebook: https://www.facebook.com/Sams",https://archive.org/details/youtube-P6i7jl3T3kM,,P6i7jl3T3kM.mp4,MPEG4,4462212,60.07,1280,720,"title:(""Samsung"" ""washing machine"")",5,eligible,
,Washing Machine,youtube-PF7iEv09xwU,Samsung AI Ecobubble™ Washing Machine: Simple. Gentle. Intelligent Wash.,Samsung India,"Meet the new Samsung AI Ecobubble™ Washing Machine, designed for simple, gentle and intelligent washing. Its AI control panel offers intelligently personalized recommendations, making it delightfully simple to use. The Ecobubble™ wash maximizes fabric protection, using detergent bubbles to efficiently dislodge even the toughest stains, treating clothes gently, and washing them thoroughly. With QuickDrive™ technology, it can wash up to twice as fast, saving you precious time and energy. Bring hom",https://archive.org/details/youtube-PF7iEv09xwU,,PF7iEv09xwU.mp4,MPEG4,4236021,39.01,1280,720,"title:(""Samsung"" ""washing machine"")",5,eligible,
,Washing Machine,youtube-TurO5gUy9eA,How to remove odd odours from your LG washing machine,LG DIY Service,"LG washing machine odor, LG washing machine smell, how to remove LG washing machine odor, LG washing machine smells Source: https://www.youtube.com/watch?v=TurO5gUy9eA Uploader: LG DIY Service",https://archive.org/details/youtube-TurO5gUy9eA,,TurO5gUy9eA.mp4,MPEG4,11736668,158.5,1280,720,"title:(""washing machine"" ""how to"")",5,eligible,
,Washing Machine,youtube-XI9NrUyMoUE,[LG Washing Machine] - How to disassemble the Vivace ezDispense Washing Machine,LG customer support Europe_official,This video shows how to disassemble the LG Vivace ezDispense Washing Machine. The video includes disassembly of the top plate and front (including the Main PCB). Source: https://www.youtube.com/watch?v=XI9NrUyMoUE Uploader: LG customer support Europe_official,https://archive.org/details/youtube-XI9NrUyMoUE,,XI9NrUyMoUE.mp4,MPEG4,44004711,329.86,1280,720,"title:(""washing machine"" ""how to"")",5,eligible,
,Washing Machine,youtube-X_lWfgXJLFA,LG Washer Laundry Tub Cleaning,LG USA,Follow LG USA: Facebook: https://www.facebook.com/LGUSA/ Twitter: https://twitter.com/lgus Instagram: https://www.instagram.com/lgusa Pinterest: https://www.pinterest.com/lgusa/ Source: https://www.youtube.com/watch?v=X_lWfgXJLFA Uploader: LG USA,https://archive.org/details/youtube-X_lWfgXJLFA,,X_lWfgXJLFA.mp4,MPEG4,11513627,115.54,1280,720,"title:(""LG Washer"")",5,eligible,
,Washing Machine,youtube-ZbgEN_g9DhA,LG Washer : How to Connect the Water Supply Hose | LG,LG Malaysia,Let's go over a few basic things you should check before connecting the hoses. 1) Preparing 2) Threaded Tap Types 3) Non-Threaded Tap Types 4) Flushing 5) Connect Inlet For more information visit https://www.lg.com/my/front-load-washers Source: https://www.youtube.com/watch?v=ZbgEN_g9DhA Uploader: LG Malaysia,https://archive.org/details/youtube-ZbgEN_g9DhA,,ZbgEN_g9DhA.mp4,MPEG4,11238526,304.16,1280,720,"title:(""LG Washer"")",5,eligible,
,Washing Machine,youtube-ZbxlCHATW8o,Samsung AI Ecobubble™ Washing Machine: Simple. Gentle. Intelligent Wash.,Samsung India,"Meet the new Samsung AI Ecobubble™ Washing Machine, designed for simple, gentle and intelligent washing. Its AI control panel offers intelligently personalized recommendations, making it delightfully simple to use. The Ecobubble™ wash maximizes fabric protection, using detergent bubbles to efficiently dislodge even the toughest stains, treating clothes gently, and washing them thoroughly. Bring home the new AI Ecobubble™ washing machine, and enjoy the next-gen laundry experience. Buy now: http:/",https://archive.org/details/youtube-ZbxlCHATW8o,,ZbxlCHATW8o.mp4,MPEG4,3048440,30.0,1280,720,"title:(""Samsung"" ""washing machine"")",5,eligible,
,Washing Machine,youtube-eUndqFAw8ik,Samsung AI Ecobubble™ Washing Machine: Simple. Gentle. Intelligent Wash.,Samsung India,"Introducing the Samsung AI Ecobubble™ washing machine. It has Artificial Intelligence built-in, which makes it smart enough to learn your laundry habits and suggest you appropriate laundry cycles. While AI makes your washing easy, Ecobubble™ ensures the gentlest of washes. The future of washing machines is here. #Ecobubble #Samsung Know more: https://bit.ly/3fxQIcY Connect with us: Support: http://spr.ly/6051Hafk7 Community: http://spr.ly/6052HafkC Facebook: http://spr.ly/6053Hafkh Twitter: http",https://archive.org/details/youtube-eUndqFAw8ik,,eUndqFAw8ik.mp4,MPEG4,5100708,53.73,1280,720,"title:(""Samsung"" ""washing machine"")",5,eligible,
,Washing Machine,youtube-f_d3rOJmgDo,LG Washer - Deep Wash Cycle,LG USA,"The Deep Wash cycle is perfect for loads with a mix of items such as jeans, shirts, cottons, and bed linens. Follow LG USA: Facebook: https://www.facebook.com/LGUSA/ Twitter: https://twitter.com/lgus Instagram: https://www.instagram.com/lgusa Pinterest: https://www.pinterest.com/lgusa/ Source: https://www.youtube.com/watch?v=f_d3rOJmgDo Uploader: LG USA",https://archive.org/details/youtube-f_d3rOJmgDo,,f_d3rOJmgDo.mp4,MPEG4,16319007,62.21,1280,720,"title:(""LG Washer"")",5,eligible,
,Washing Machine,youtube-gzOYAi3Faqw,Easy tips to prevent bad odour in your Samsung washing machine,Samsung India,"Keeping your washing machine fresh and free of malodours is both important and easy. Follow the list of easy tips shown in this video to learn how to prevent bad odours from building up in your washing machine. If you have any questions, or you’d like some more assistance, you can WhatsApp us on 1800 5 7267864. #Samsung Connect with us: Support: http://spr.ly/6054MHWHY Community: http://spr.ly/6057MHWHW Facebook: http://spr.ly/6058MHWHo Twitter: http://spr.ly/6059MHWHU Instagram: http://spr.ly/6",https://archive.org/details/youtube-gzOYAi3Faqw,,gzOYAi3Faqw.mp4,MPEG4,8551485,140.32,1280,720,"title:(""Samsung"" ""washing machine"")",5,eligible,
,Washing Machine,youtube-jda0ZT1cIDI,LG Washer : How to Turn On/Off the Sound | LG,LG Global,Watch LG's step-by-step guide on how to turn the chimes on and off for your LG washing machine. 1) Turn Off 2) Turn On For more information visit▶ Brand Site: https://www.lg.com/common/index Source: https://www.youtube.com/watch?v=jda0ZT1cIDI Uploader: LG Global,https://archive.org/details/youtube-jda0ZT1cIDI,,jda0ZT1cIDI.mp4,MPEG4,5185776,80.46,1280,720,"title:(""LG Washer"")",5,eligible,
,Washing Machine,youtube-lZdArO4Vmyw,How to prevent the ‘auto drain’ issue in your Samsung Top Load washing machine.,Samsung India,"Your Top Load washing machine could be having the ‘auto drain’ issue for a number of reasons. No need to worry, just watch this video to see the methods you can try to resolve the issue. If, for some reason, the problem persists, you can contact us on 1800 5 SAMSUNG (7267864). Our executives will be happy to assist you. Know more: http://spr.ly/6055J5o8W. #Samsung Connect with us: Support: http://spr.ly/6056J5o8o Community: http://spr.ly/6057J5o8U Facebook: http://spr.ly/6058J5o8q Twitter: http:",https://archive.org/details/youtube-lZdArO4Vmyw,,lZdArO4Vmyw.mp4,MPEG4,9545214,137.32,1280,720,"title:(""washing machine"" ""how to"")",5,eligible,
,Washing Machine,youtube-rHzj3M7aL-c,LG Washer - BrightWhites™ Cycle,LG USA,"The BrightWhites™ cycle is best for white items such as bedding, pillow covers, underwear, and other items that can be safely bleached. Follow LG USA: Facebook: https://www.facebook.com/LGUSA/ Twitter: https://twitter.com/lgus Instagram: https://www.instagram.com/lgusa Pinterest: https://www.pinterest.com/lgusa/ Source: https://www.youtube.com/watch?v=rHzj3M7aL-c Uploader: LG USA",https://archive.org/details/youtube-rHzj3M7aL-c,,rHzj3M7aL-c.mp4,MPEG4,21488149,80.02,1280,720,"title:(""LG Washer"")",5,eligible,
,Washing Machine,youtube-tNo-GTWJlBo,Best Samsung Washing Machine for Energy Savings | Samsung UK,Samsung UK,"Want to save money on your energy bills? The Samsung Series 6 AddWah & AutoDose Washing Machines can help you achieve energy savings: https://bit.ly/series-6-washing-machines Explore all Samsung Series 6 Washing Machines and compare models on price, features and the latest deals. 00:00 Best Samsung Washing Machine For Engery Savings 00:03 Samsung Series 6 AddWash & Autodose Washing Machine 00:09 A Class Energy Rating 00:12 Ecobubble Technology & Low Temperature Stain Removal 00:16 AutoDose Cleve",https://archive.org/details/youtube-tNo-GTWJlBo,,tNo-GTWJlBo.mp4,MPEG4,17003004,91.6,1280,720,"title:(""Samsung"" ""washing machine"")",5,eligible,
,Washing Machine,youtube-uX0D_sUbACU,[LG Front Load Washers] ThinQ Functions and Features On Your LG Washer - WM6700HBA,LG USA Support,"For next steps, check out these useful links: Help Library Support: https://www.lg.com/us/support/help-library To request a repair: https://www.lg.com/us/support/repair-service/schedule-repair Our Facebook Support page is another good way to stay connected to all-things LG Support. LG Facebook Support: https://www.facebook.com/LGUSSupport/ Source: https://www.youtube.com/watch?v=uX0D_sUbACU Uploader: LG USA Support",https://archive.org/details/youtube-uX0D_sUbACU,,uX0D_sUbACU.mp4,MPEG4,7875919,234.06,1280,720,"title:(""LG Washer"")",5,eligible,
,Washing Machine,youtube-us6SN567W3E,LG Washer ezDispense™ - How to Fill the ezDispense™ Tanks,LG USA,"For convenience and ease, you can refill the ezDispense™ without removing the drawer. _________________________________________________ Follow LG USA: Facebook: https://www.facebook.com/LGUSA/ Twitter: https://twitter.com/lgus Instagram: https://www.instagram.com/lgusa Pinterest: https://www.pinterest.com/lgusa/ Source: https://www.youtube.com/watch?v=us6SN567W3E Uploader: LG USA",https://archive.org/details/youtube-us6SN567W3E,,us6SN567W3E.mp4,MPEG4,13312782,105.79,1280,720,"title:(""LG Washer"")",5,eligible,
,Washing Machine,youtube-ux53YHapMuo,Samsung Front Load Washing Machine: How to resolve the ‘no spin’ issue,Samsung India,"Has your Front Load Washing Machine suddenly stopped spinning? Don’t worry, just follow the steps shown in this video and your problem should be solved in no time. If, for some reason, the issue persists, just give us a call on 1800 5 SAMSUNG (7267864). Our executives will be happy to assist. #Samsung Know more: http://spr.ly/6054yEdrg Connect with us: Support: http://spr.ly/6055yEdr9 Community: http://spr.ly/6056yEdri Facebook: http://spr.ly/6057yEdrc Twitter: http://spr.ly/6059yEdrl Instagram:",https://archive.org/details/youtube-ux53YHapMuo,,ux53YHapMuo.mp4,MPEG4,6721103,127.57,1280,720,"title:(""washing machine"" ""how to"")",5,eligible,
,Washing Machine,youtube-x8khe9HDhWQ,LG Front Load Washing Machine - How to Reduce Vibration,LG USA,"If your LG Front Load Washing Machine is experiencing vibration, watch this video on how to reduce vibration in order to prevent permanent damage. Source: https://www.youtube.com/watch?v=x8khe9HDhWQ Uploader: LG USA",https://archive.org/details/youtube-x8khe9HDhWQ,,x8khe9HDhWQ.mp4,MPEG4,10901199,92.07,1280,720,"title:(""washing machine"" ""how to"")",5,eligible,
,Washing Machine,ngv_ve_it_20031230_vita_da_eroi_5_the_washing_machine,Vita da eroi 5 - the washing machine,Videoduelli - Cine LoFi,"Al ritorno dal consueto addestramento, Gisvelto, Icaro e Supercool vengono coinvolti in uno scambio animato tra il Capitan Bombardone e la Donna Mosca. Ci si accorge che e' ormai da parecchio tempo che nessuno dei supereroi maschi mette a lavare il costumino. Tra pance ipertrofiche e visite inaspettate, la puntata si fa notare sopratutto per l'esposizione di nudita' ad un passo dall'essere considerate, giustamente, oscene.",https://archive.org/details/ngv_ve_it_20031230_vita_da_eroi_5_the_washing_machine,,ngv_ve_it_20031230_vita_da_eroi_5_the_washing_machine.mp4,h.264,123458177,1189.8,360,288,"title:(""washing machine"")",4,eligible,
,Washing Machine,nick-jr-face-the-washing-machine_202407,Nick Jr Face The Washing Machine,Archive contributor,Face pretends to be a Washing Machine,https://archive.org/details/nick-jr-face-the-washing-machine_202407,,Nick Jr Face the Washing Machine.mp4,MPEG4,1960631,30.6,480,360,"title:(""washing machine"")",4,eligible,
,Washing Machine,youtube--ncd6f4VnT0,LG Washer and Dryer - Activate the Drum Light,LG USA,"With your convenience in mind, your LG Washer and Dryer come equipped with an illuminating LED drum light to help maximize tub visibility. Follow these steps to manually activate the drum light on your LG Washer and Dryer. For more information on LG Washers and Dryers, please visit us at: http://www.lg.com/us/washers-dryers Source: https://www.youtube.com/watch?v=-ncd6f4VnT0 Uploader: LG USA",https://archive.org/details/youtube--ncd6f4VnT0,,-ncd6f4VnT0.mp4,MPEG4,2645525,47.18,1280,720,"title:(""LG Washer"")",4,eligible,
,Washing Machine,youtube-1K9w5hQZ4Ss,LG Washer : ezDispense(auto dosing) Error Messages | LG,LG Global,"Are Opn or Ed error does popping up on the control panel display? This means you are experiencing problems related to the ezDispense. 1) OPEN ERROR: Opn 2) ezDispense ERROR: Ed1, Ed3 3) Call for Service: Ed2, Ed4, Ed5 For more information visit▶ Brand Site: https://www.lg.com/common/index Source: https://www.youtube.com/watch?v=1K9w5hQZ4Ss Uploader: LG Global",https://archive.org/details/youtube-1K9w5hQZ4Ss,,1K9w5hQZ4Ss.mp4,MPEG4,8578599,129.45,1280,720,"title:(""LG Washer"")",4,eligible,
,Washing Machine,youtube-2X9FJeRpqRE,QuickDrive™ Washing Machine Reduce laundry time by half Samsung,Samsung Gulf,Source: https://www.youtube.com/watch?v=2X9FJeRpqRE Uploader: Samsung Gulf,https://archive.org/details/youtube-2X9FJeRpqRE,,2X9FJeRpqRE.mp4,MPEG4,9931903,68.48,1280,720,"title:(""Samsung"" ""washing machine"")",4,eligible,
,Washing Machine,youtube-4o1G_Rotfmw,AddWash™ Washing Machine Smarter way to do laundry Samsung,Samsung Gulf,Source: https://www.youtube.com/watch?v=4o1G_Rotfmw Uploader: Samsung Gulf,https://archive.org/details/youtube-4o1G_Rotfmw,,4o1G_Rotfmw.mp4,MPEG4,3260900,44.93,1280,720,"title:(""Samsung"" ""washing machine"")",4,eligible,
,Washing Machine,youtube-4yuxV75pT6E,Samsung QuickDrive | Washing Machine: The Feature Film,Samsung UK,"An audiovisual spectacle that draws you inside the inner beauty of the everyday. With original soundtrack by Michael Nyman, Samsung QuickDrive presents Washing Machine: The Feature Film. #WashingMachineFilm Source: https://www.youtube.com/watch?v=4yuxV75pT6E Uploader: Samsung UK",https://archive.org/details/youtube-4yuxV75pT6E,,,,,,,,"title:(""Samsung"" ""washing machine"")",4,reject_file,no bounded video file
,Washing Machine,youtube-5z5fzoyFoug,Samsung Semi-Automatic Washing Machine: The Quick Dry,Samsung India,The Samsung Semi-Automatic Washing Machine’s Air Turbo Drying system spins your washed clothes at high speeds and wrings them nicely so that they dry up quickly. So make sure your clothes stay new with every wash with the Samsung Semi-Automatic Washing Machine. Buy now http://spr.ly/6050zZNW4. #Samsung Connect with us: Support: http://spr.ly/6051zZNWf Community: http://spr.ly/6052zZNWA Facebook: http://spr.ly/6053zZNW7 Twitter: http://spr.ly/6054zZNWC Instagram: http://spr.ly/6055zZNWh To enroll,https://archive.org/details/youtube-5z5fzoyFoug,,5z5fzoyFoug.mp4,MPEG4,8456964,51.62,1280,720,"title:(""Samsung"" ""washing machine"")",4,eligible,
,Washing Machine,youtube-6mgYgrQgQ1I,QuickDrive™ Washing Machine Consumer reviews & experience Samsung,Samsung Gulf,Source: https://www.youtube.com/watch?v=6mgYgrQgQ1I Uploader: Samsung Gulf,https://archive.org/details/youtube-6mgYgrQgQ1I,,6mgYgrQgQ1I.mp4,MPEG4,5172462,81.85,1280,720,"title:(""Samsung"" ""washing machine"")",4,eligible,
,Washing Machine,youtube-7WCIszhSiTI,Samsung AI Ecobubble™ Washing Machine: QuickDrive™ Technology,Samsung India,"Less time, less effort. That's the norm when you do your laundry on the new Samsung AI Ecobubble™ washing machine. Powered by QuickDrive™ Technology, this washing machine washes clothes more effectively with less energy, time and effort. Buy one today, and get the next level laundry experience. #Ecobubble #Samsung Buy now: http://spr.ly/6058ynkCa Connect with us: Support: http://spr.ly/6059ynkCx Community: http://spr.ly/6050ynkCI Facebook: http://spr.ly/6051ynkCL Twitter: http://spr.ly/6052ynkC0",https://archive.org/details/youtube-7WCIszhSiTI,,7WCIszhSiTI.mp4,MPEG4,2188115,18.86,1280,720,"title:(""Samsung"" ""washing machine"")",4,eligible,
,Washing Machine,youtube-BcsacvyIg-M,Samsung - Washing Machine,Samsung Pakistan,To place your order for Samsung washing machine call 0800-72678 or visit https://www.samsung.com/pk/bookonline to book online and get it delivered at your doorstep #StaySafeStayHealthy #AtHome #DoWhatYouCant #SamsungPakistan #GetThroughThisTogether Source: https://www.youtube.com/watch?v=BcsacvyIg-M Uploader: Samsung Pakistan,https://archive.org/details/youtube-BcsacvyIg-M,,,,,,,,"title:(""Samsung"" ""washing machine"")",4,reject_file,no bounded video file
,Washing Machine,youtube-C75w1zo1E6U,Samsung QuickDrive | Washing Machine: The Feature Film - Trailer,Samsung UK,"Samsung presents the movie that you’ve all been waiting for. A tale of suspense and drama that will keep you waiting. From QuickDrive, comes Washing Machine: The Feature Film. Coming soon. #LifesTooShort Source: https://www.youtube.com/watch?v=C75w1zo1E6U Uploader: Samsung UK",https://archive.org/details/youtube-C75w1zo1E6U,,C75w1zo1E6U.mp4,MPEG4,1851267,9.78,1280,720,"title:(""Samsung"" ""washing machine"")",4,eligible,
,Washing Machine,youtube-CaLMmYMwUhw,Samsung AddWash: The Smarter Washing Machine,Samsung UK,"Samsung AddWash is here. Our latest washing machine technology allows you to add to your wash, during the wash*. Add missed garments, hand washed items for rinsing or extra softener to your wash, during the wash. The Samsung Addwash smart washing machine adds the power of Samsung Ecobubble for outstanding washing performance. Open the door to smarter washing. Discover the Samsung Addwash range here: https://www.samsung.com/uk/addwash/ Samsung UK Service website: https://www.samsung.com/uk/suppor",https://archive.org/details/youtube-CaLMmYMwUhw,,CaLMmYMwUhw.mp4,MPEG4,3390330,30.05,1280,720,"title:(""Samsung"" ""washing machine"")",4,eligible,
,Washing Machine,youtube-FtjGa4gK-_g,Samsung QuickDrive | Washing Machine: The Feature Film - Michael Nyman Trailer,Samsung UK,"Washing Machine: A Feature Film, the hypnotic masterpiece sending critics into a spin, featuring an original score by Michael Nyman and a stellar performance by Samsung QuickDrive. Learn more about Samsung QuickDrive here: http://www.samsung.com/uk/quickdrive/ #WashingMachineFilm Source: https://www.youtube.com/watch?v=FtjGa4gK-_g Uploader: Samsung UK",https://archive.org/details/youtube-FtjGa4gK-_g,,FtjGa4gK-_g.mp4,MPEG4,3652000,36.57,1280,720,"title:(""Samsung"" ""washing machine"")",4,eligible,
,Washing Machine,youtube-HE1iOD9sIVw,Samsung AI Ecobubble™ Washing Machine: For a bubble-powered gentle wash,Samsung India,"The new Samsung AI Ecobubble™ washing machine is here. The smartest way to get the gentlest of washes. By pre-mixing water, detergent and air, AI Ecobubble™ generates bubbles that gently remove the toughest of stains and dirt. Not just that, it also has built-in AI to give you a futuristic laundry experience. #Ecobubble #Samsung Know more: https://bit.ly/3fxQIcY Connect with us: Support: http://spr.ly/6050HaCcs Community: http://spr.ly/6051HaCct Facebook: http://spr.ly/6052HaCcQ Twitter: http://",https://archive.org/details/youtube-HE1iOD9sIVw,,HE1iOD9sIVw.mp4,MPEG4,1351898,20.02,1280,720,"title:(""Samsung"" ""washing machine"")",4,eligible,
,Washing Machine,youtube-ILNyoGbbuu4,Samsung QuickDrive | The Making of Washing Machine: The Feature Film,Samsung UK,Composer Michael Nyman discusses his musical collaboration with QuickDrive in Samsung's cinematic tour de force Washing Machine: A Feature Film. Learn more about Samsung QuickDrive here: http://www.samsung.com/uk/quickdrive/ #WashingMachineFilm Source: https://www.youtube.com/watch?v=ILNyoGbbuu4 Uploader: Samsung UK,https://archive.org/details/youtube-ILNyoGbbuu4,,ILNyoGbbuu4.mp4,MPEG4,17566644,108.02,1280,720,"title:(""Samsung"" ""washing machine"")",4,eligible,
,Washing Machine,youtube-M5FPuUBvoU8,LG Washer Dryer NFC Tag On Diagnosis,LG USA,Follow LG USA: Facebook: https://www.facebook.com/LGUSA/ Twitter: https://twitter.com/lgus Instagram: https://www.instagram.com/lgusa Pinterest: https://www.pinterest.com/lgusa/ Source: https://www.youtube.com/watch?v=M5FPuUBvoU8 Uploader: LG USA,https://archive.org/details/youtube-M5FPuUBvoU8,,M5FPuUBvoU8.mp4,MPEG4,8190578,99.89,1280,720,"title:(""LG Washer"")",4,eligible,
,Washing Machine,youtube-P_IB4Lxu9x8,Washing machine on a trampoline,Insider,This is what a washing machine on a trampoline with a brick inside it looks like.,https://archive.org/details/youtube-P_IB4Lxu9x8,,P_IB4Lxu9x8.mp4,h.264,4398098,45.93,854,480,"title:(""washing machine"")",4,eligible,
,Washing Machine,youtube-QDxxS_M4Fs8,Topload Inverter Washing Machine Review | Samsung,Samsung Philippines,"Powerful, gentle, and cost-efficient laundry made possible with the Samsung Topload Inverter Washing Machine. Watch how it can remove stubborn stains while caring for your clothes. #TopLoadWasher #WashingMachine #SmarterThingsAtHome ------------------------------------------------------- Don't forget to subscribe to our YouTube channel to get all the latest updates! https://www.youtube.com/user/samsungphilippines Follow us on social: Facebook - https://www.facebook.com/SamsungPH Twitter - https:",https://archive.org/details/youtube-QDxxS_M4Fs8,,QDxxS_M4Fs8.mp4,MPEG4,38519403,202.46,1280,720,"title:(""Samsung"" ""washing machine"")",4,eligible,
,Washing Machine,youtube-Ue3FAbYy5sU,LG SIGNATURE WASHING MACHINE - Redefined Luxury,LG SIGNATURE,Have a taste for the finer things in life? Look no further. It’s for those who know the difference. Define your lifestyle with LG SIGNATURE. Find out more at http://www.LGSIGNATURE.com Source: https://www.youtube.com/watch?v=Ue3FAbYy5sU Uploader: LG SIGNATURE,https://archive.org/details/youtube-Ue3FAbYy5sU,,Ue3FAbYy5sU.mp4,MPEG4,1548292,30.84,1280,720,"title:(""washing machine"")",4,eligible,
,Washing Machine,youtube-WXSiBROJmxw,Samsung Washing Machine Magic Dispenser,Samsung Pakistan,Don’t let there be any detergent residue left on your freshly washed clothes. Samsung’s Magic Dispenser with its powerful propeller action properly dissolves detergent. Source: https://www.youtube.com/watch?v=WXSiBROJmxw Uploader: Samsung Pakistan,https://archive.org/details/youtube-WXSiBROJmxw,,WXSiBROJmxw.mp4,MPEG4,2373556,35.39,1280,720,"title:(""Samsung"" ""washing machine"")",4,eligible,
,Washing Machine,youtube-Zy2T8LN8pkI,LG Washer/Dryer,LG Levant,LG Washer/Dryer; saves water like you've NEVER seen before. Be fascinated! Source: https://www.youtube.com/watch?v=Zy2T8LN8pkI Uploader: LG Levant,https://archive.org/details/youtube-Zy2T8LN8pkI,,Zy2T8LN8pkI.mp4,MPEG4,11906145,65.02,1280,720,"title:(""LG Washer"")",4,eligible,
,Washing Machine,youtube-qjVrOj8lJyg,EcoBubble™ Washing Machine: Bear breaks into house│Samsung,Samsung Levant,"EcoBubble™ takes care of the stickiest stains, so you can indulge in honeycombs without worrying about getting your clothes messy. EcoBubble™ technology mixes air, water and detergent to create soapy bubbles that quickly penetrate each fiber of the fabric for a faster and more effective wash. Fights stains. Protects fabric. #Samsung #WashingMachine #EcoBubble #AddWash Know more: http://spr.ly/6009ENDFf Source: https://www.youtube.com/watch?v=qjVrOj8lJyg Uploader: Samsung Levant",https://archive.org/details/youtube-qjVrOj8lJyg,,qjVrOj8lJyg.mp4,MPEG4,2789921,42.35,1280,720,"title:(""Samsung"" ""washing machine"")",4,eligible,
,Washing Machine,youtube-srUDyDZZ8Co,Samsung - Washing Machine,Samsung Pakistan,Samsung Washing Machine’s Diamond Drum is supremely gentle on your clothes that gives you one less thing to worry about. #AtHome #DoWhatYouCant #SamsungPakistan Source: https://www.youtube.com/watch?v=srUDyDZZ8Co Uploader: Samsung Pakistan,https://archive.org/details/youtube-srUDyDZZ8Co,,,,,,,,"title:(""Samsung"" ""washing machine"")",4,reject_file,no bounded video file
,Washing Machine,youtube-tKxxPrLnvQo,Samsung Washing Machine Diamond Drum,Samsung Pakistan,"With Samsung’s Digital Inverter Technology, your washing machine lasts longer, is quieter, and saves energy. Source: https://www.youtube.com/watch?v=tKxxPrLnvQo Uploader: Samsung Pakistan",https://archive.org/details/youtube-tKxxPrLnvQo,,tKxxPrLnvQo.mp4,MPEG4,2808326,46.26,1280,720,"title:(""Samsung"" ""washing machine"")",4,eligible,
,Washing Machine,youtube-ulCFIWh_Izo,QuickDrive™ Washing Machine Save energy every moment│Samsung,Samsung Gulf,Source: https://www.youtube.com/watch?v=ulCFIWh_Izo Uploader: Samsung Gulf,https://archive.org/details/youtube-ulCFIWh_Izo,,ulCFIWh_Izo.mp4,MPEG4,2889410,23.85,1280,720,"title:(""Samsung"" ""washing machine"")",4,eligible,
,Washing Machine,youtube-wQLkBAbx_rU,Samsung AI Ecobubble™ Washing Machine: Ecobubble™ Technology,Samsung India,"Give your clothes a thorough wash without damaging fabric. The Ecobubble™ technology combines detergent, water and air to create a powerful and gentle bubble mix that soaks through your clothes, and removes the toughest stains gently. Bring home the new Samsung AI Ecobubble™ washing machine and get the next level laundry experience. #Ecobubble #Samsung Buy now: http://spr.ly/6059yOKft Connect with us: Support: http://spr.ly/6050yOKfQ Community: http://spr.ly/6051yOKfv Facebook: http://spr.ly/605",https://archive.org/details/youtube-wQLkBAbx_rU,,wQLkBAbx_rU.mp4,MPEG4,2222566,20.76,1280,720,"title:(""Samsung"" ""washing machine"")",4,eligible,
,Washing Machine,youtube-yXmjZIpU8lc,Samsung Semi-Automatic Washing Machine: Bye-Bye Detergent Stains,Samsung India,"The Samsung Semi-Automatic Washing Machine’s Magic Mixer, mixes and completely dissolves the detergent in water to prevent detergent stains. So make sure your clothes stay new with every wash with the Samsung Semi-Automatic Washing Machine. Buy now: http://spr.ly/6054KQ2i0. #Samsung Connect with us: Support: http://spr.ly/6056KQ2i2 Community: http://spr.ly/6057KQ2iN Facebook: http://spr.ly/6058KQ2i4 Twitter: http://spr.ly/6059KQ2if Instagram: http://spr.ly/6050KQ2iA To enroll under: Samsung Stud",https://archive.org/details/youtube-yXmjZIpU8lc,,yXmjZIpU8lc.mp4,MPEG4,7200908,46.14,1280,720,"title:(""Samsung"" ""washing machine"")",4,eligible,
,Washing Machine,washing-machine-heart-mapleshade-map-part-2,Washing Machine Heart Mapleshade MAP Part 2,Elsik,"I love Appledust and Mapleshade 👨‍🦯 Map: • Washing Machine Heart || OPEN Maplesh... Characters: Mapleshade, Appledusk, Reedshine ~~~~~ Please DO NOT repost my animations on your channels, compilations, remakes etc! Exceptions include any form of sharing my videos through linking my animation and me allowing you to use it on your channel, such as MAP Parts specifically made for you, where I ask to give credit for my work and not claim it as your own! ~~~~~ Visit me in my other social medias that ",https://archive.org/details/washing-machine-heart-mapleshade-map-part-2,,Washing Machine Heart Mapleshade MAP - Part 2.ia.mp4,h.264 IA,3411234,16.53,1920,1080,"title:(""washing machine"")",1,reject_metadata,negative terms: map part
,Washing Machine,2009-commercial-for-lg-steam-washing-machine-and-dryer,2009 commercial for LG steam washing machine and dryer,Archive contributor,An Australian commercial.,https://archive.org/details/2009-commercial-for-lg-steam-washing-machine-and-dryer,,2009 commercial for LG steam washing machine and dryer.ia.mp4,h.264 IA,1388079,15.04,640,480,"title:(""washing machine"")",0,reject_metadata,negative terms: commercial
,Washing Machine,youtube-0fkapqIu1S0,youtube-0fkapqIu1S0,Archive contributor,,https://archive.org/details/youtube-0fkapqIu1S0,,,,,,,,"title:(""LG Washer"") | title:(""washing machine"" ""how to"")",0,reject_file,no class term in title/description; no bounded video file
,Washing Machine,youtube-3LuMZotnvuk,youtube-3LuMZotnvuk,Archive contributor,,https://archive.org/details/youtube-3LuMZotnvuk,,,,,,,,"title:(""Samsung"" ""washing machine"")",0,reject_file,no class term in title/description; no bounded video file
,Washing Machine,youtube-7AglBeGuXe0,youtube-7AglBeGuXe0,Archive contributor,,https://archive.org/details/youtube-7AglBeGuXe0,,,,,,,,"title:(""Samsung"" ""washing machine"") | title:(""washing machine"" ""how to"")",0,reject_file,no class term in title/description; no bounded video file
,Washing Machine,youtube-MNxbOH-Df7A,youtube-MNxbOH-Df7A,Archive contributor,,https://archive.org/details/youtube-MNxbOH-Df7A,,,,,,,,"title:(""Samsung"" ""washing machine"")",0,reject_file,no class term in title/description; no bounded video file
,Washing Machine,youtube-SpnXZP2HaT8,youtube-SpnXZP2HaT8,Archive contributor,,https://archive.org/details/youtube-SpnXZP2HaT8,,,,,,,,"title:(""washing machine"" ""how to"")",0,reject_file,no class term in title/description; no bounded video file
,Washing Machine,youtube-ZgpGHeUrDDE,youtube-ZgpGHeUrDDE,Archive contributor,,https://archive.org/details/youtube-ZgpGHeUrDDE,,,,,,,,"title:(""Samsung"" ""washing machine"") | title:(""washing machine"" ""how to"")",0,reject_file,no class term in title/description; no bounded video file
,Washing Machine,youtube-qdnmxIa7pfQ,youtube-qdnmxIa7pfQ,Archive contributor,,https://archive.org/details/youtube-qdnmxIa7pfQ,,,,,,,,"title:(""Samsung"" ""washing machine"") | title:(""washing machine"" ""how to"")",0,reject_file,no class term in title/description; no bounded video file
,Washing Machine,youtube-sBkS3yujWTw,youtube-sBkS3yujWTw,Archive contributor,,https://archive.org/details/youtube-sBkS3yujWTw,,,,,,,,"title:(""LG Washer"")",0,reject_file,no class term in title/description; no bounded video file
