record_id,review_scope,ai_expected_product_class,ai_predicted_product_class,title,source_platform,source_page_url,creator,license_id,candidate_split,technical_decision,ai_decision,ai_procedure_relevance,ai_functional_step_visible,ai_visual_evidence,ai_uncertainty,sample_frame_paths,review_priority,prescreen_flags,reviewer_id,review_status,license_evidence_status,corrected_product_class,corrected_procedure_relevance,corrected_functional_step_visible,privacy_risk,safety_risk,correction_reason,final_decision,dataset_split,reviewed_at
espresso-019,full_positive_review,Espresso Machine,Espresso Machine,Saeco espresso machine,Internet Archive,https://archive.org/details/SaecoEspressoMachine_201708,Archive contributor,OWNER-WRITTEN-AUTHORIZATION,development_candidate,pass,retain_for_human_review,promotion,no,"Frame 1 shows a cup of espresso surrounded by coffee beans with text 'Espresso machine for commercial and residential use..'. Frames 3 and 4 mention 'Anthony's Espresso Equip. Inc.' and 'for all your espresso needs', indicating a promotional context for espresso equipment.",,data_video/review/archive_candidate_frames/espresso-019/sample_01.jpg|data_video/review/archive_candidate_frames/espresso-019/sample_02.jpg|data_video/review/archive_candidate_frames/espresso-019/sample_03.jpg|data_video/review/archive_candidate_frames/espresso-019/sample_04.jpg|data_video/review/archive_candidate_frames/espresso-019/sample_05.jpg,high,no_visible_functional_step,R1,pending,pending,,,,,,,pending,pending,
espresso-021,full_positive_review,Espresso Machine,,Original Espresso Machine Co. Espresso Machine Training DVD!,Internet Archive,https://archive.org/details/original-espresso-machine-co.-espresso-machine-training-dvd,Grayson Millar,OWNER-WRITTEN-AUTHORIZATION,development_candidate,pass,manual_review,,,,,data_video/review/archive_candidate_frames/espresso-021/sample_01.jpg|data_video/review/archive_candidate_frames/espresso-021/sample_02.jpg|data_video/review/archive_candidate_frames/espresso-021/sample_03.jpg|data_video/review/archive_candidate_frames/espresso-021/sample_04.jpg|data_video/review/archive_candidate_frames/espresso-021/sample_05.jpg,high,predicted_class_mismatch|no_visible_functional_step,R1,pending,pending,,,,,,,pending,pending,
pressure-022,full_positive_review,Pressure Cooker,Pressure Cooker,Cook Faster With The Best Pressure Cooker By Decent Cookware,Internet Archive,https://archive.org/details/cook-faster-with-the-best-pressure-cooker-by-decent-cookware,Archive contributor,OWNER-WRITTEN-AUTHORIZATION,development_candidate,pass,retain_for_human_review,promotion,no,"Five frames display different models of Decent Pressure Cookers, highlighting features like 'Hard Anodised' and 'Made to Last', along with contact information and online availability. No operational steps are shown.",,data_video/review/archive_candidate_frames/pressure-022/sample_01.jpg|data_video/review/archive_candidate_frames/pressure-022/sample_02.jpg|data_video/review/archive_candidate_frames/pressure-022/sample_03.jpg|data_video/review/archive_candidate_frames/pressure-022/sample_04.jpg|data_video/review/archive_candidate_frames/pressure-022/sample_05.jpg,high,no_visible_functional_step,R1,pending,pending,,,,,,,pending,pending,
pressure-030,full_positive_review,Pressure Cooker,Pressure Cooker,Geek Robocook Electric Pressure Cooker,Internet Archive,https://archive.org/details/robocook-pdf,Archive contributor,OWNER-WRITTEN-AUTHORIZATION,development_candidate,pass,retain_for_human_review,promotion,no,"The frames display an electric pressure cooker (Geek Robocook) with visible controls, lid components, and text describing its features like 'PIC Technology' and '11-in-1 Electric Pressure Cooker'. It is marketed as a replacement for traditional pressure cookers and kadai.",,data_video/review/archive_candidate_frames/pressure-030/sample_01.jpg|data_video/review/archive_candidate_frames/pressure-030/sample_02.jpg|data_video/review/archive_candidate_frames/pressure-030/sample_03.jpg|data_video/review/archive_candidate_frames/pressure-030/sample_04.jpg|data_video/review/archive_candidate_frames/pressure-030/sample_05.jpg,high,no_visible_functional_step,R1,pending,pending,,,,,,,pending,pending,
pressure-031,full_positive_review,Pressure Cooker,Pressure Cooker,"Cook More, Effortlessly With The Big Pressure Cooker By Decent Cookware",Internet Archive,https://archive.org/details/cook-more-effortlessly-with-the-big-pressure-cooker-by-decent-cookware,Archive contributor,OWNER-WRITTEN-AUTHORIZATION,development_candidate,pass,retain_for_human_review,component_overview,no,"The frames display a stainless steel pressure cooker with a lid, safety valve, and handles. The brand 'DECENT Pressure Cooker' is visible. Text overlays mention cooking results like 'Fluffy rice. Tender veggies. Juicy curries.' and 'cook fast. Eat fresh. Choose Decent Cookware.', indicating a promotional context.",,data_video/review/archive_candidate_frames/pressure-031/sample_01.jpg|data_video/review/archive_candidate_frames/pressure-031/sample_02.jpg|data_video/review/archive_candidate_frames/pressure-031/sample_03.jpg|data_video/review/archive_candidate_frames/pressure-031/sample_04.jpg|data_video/review/archive_candidate_frames/pressure-031/sample_05.jpg,high,no_visible_functional_step,R1,pending,pending,,,,,,,pending,pending,
vacuum-031,full_positive_review,Vacuum,Vacuum,“PITCH PLANT PROFIT” 1950’S SEARS & ROEBUCK VACUUM CLEANER SALESMAN PITCH TRAINING FILM 87054,Internet Archive,https://archive.org/details/87054-pitch-plant-profit,PeriscopeFilm,OWNER-WRITTEN-AUTHORIZATION,development_candidate,pass,retain_for_human_review,promotion,no,"Frame 2 shows a man in a suit holding a vacuum cleaner and interacting with a customer at a counter. The vacuum cleaner is visible behind him, and signage for 'Kenmore' and 'Combination' is visible, indicating a sales or demonstration context.",,data_video/review/archive_candidate_frames/vacuum-031/sample_01.jpg|data_video/review/archive_candidate_frames/vacuum-031/sample_02.jpg|data_video/review/archive_candidate_frames/vacuum-031/sample_03.jpg|data_video/review/archive_candidate_frames/vacuum-031/sample_04.jpg|data_video/review/archive_candidate_frames/vacuum-031/sample_05.jpg,high,no_visible_functional_step,R1,pending,pending,,,,,,,pending,pending,
vacuum-045,full_positive_review,Vacuum,Vacuum,Up to 60 minutes of cleaning on one charge | The new Samsung Jet™ Vacuum Cleaner,Internet Archive,https://archive.org/details/youtube-od-SDectzW8,Samsung India,OWNER-WRITTEN-AUTHORIZATION,development_candidate,pass,retain_for_human_review,component_overview,no,"Frames show a handheld vacuum cleaner (Samsung Jet™ Jet 75) with its battery pack, various attachments, and a claim of 60 minutes runtime. The product is clearly identifiable as a vacuum cleaner.",,data_video/review/archive_candidate_frames/vacuum-045/sample_01.jpg|data_video/review/archive_candidate_frames/vacuum-045/sample_02.jpg|data_video/review/archive_candidate_frames/vacuum-045/sample_03.jpg|data_video/review/archive_candidate_frames/vacuum-045/sample_04.jpg|data_video/review/archive_candidate_frames/vacuum-045/sample_05.jpg,high,no_visible_functional_step,R1,pending,pending,,,,,,,pending,pending,
vacuum-054,full_positive_review,Vacuum,Vacuum,Samsung Vacuum Cleaner Range Explained | Samsung UK,Internet Archive,https://archive.org/details/youtube-zNJCvk5Nu9A,Samsung UK,OWNER-WRITTEN-AUTHORIZATION,development_candidate,pass,retain_for_human_review,promotion,no,"The frames display a range of vacuum cleaners (Jet 60, Jet 70, Jet 75, Jet 90, Jet Bot, JetBot+, JetBot AI+) and show a presenter interacting with them, indicating a product showcase or advertisement.",,data_video/review/archive_candidate_frames/vacuum-054/sample_01.jpg|data_video/review/archive_candidate_frames/vacuum-054/sample_02.jpg|data_video/review/archive_candidate_frames/vacuum-054/sample_03.jpg|data_video/review/archive_candidate_frames/vacuum-054/sample_04.jpg|data_video/review/archive_candidate_frames/vacuum-054/sample_05.jpg,high,no_visible_functional_step,R1,pending,pending,,,,,,,pending,pending,
vacuum-056,full_positive_review,Vacuum,Vacuum,Samsung Jet™ Vacuum Cleaner - the perfectly designed cleaning solution for your home,Internet Archive,https://archive.org/details/youtube-o-_MYHj_Wog,Samsung India,OWNER-WRITTEN-AUTHORIZATION,development_candidate,pass,retain_for_human_review,component_overview,no,"The frames show a sleek, modern vacuum cleaner with a transparent dustbin, a long wand, and various attachments. Text overlays highlight its cleaning capabilities and introduce it as the 'Samsung Jet™ Jet 75'.",,data_video/review/archive_candidate_frames/vacuum-056/sample_01.jpg|data_video/review/archive_candidate_frames/vacuum-056/sample_02.jpg|data_video/review/archive_candidate_frames/vacuum-056/sample_03.jpg|data_video/review/archive_candidate_frames/vacuum-056/sample_04.jpg|data_video/review/archive_candidate_frames/vacuum-056/sample_05.jpg,high,no_visible_functional_step,R1,pending,pending,,,,,,,pending,pending,
vacuum-061,full_positive_review,Vacuum,Vacuum,[Samsung Core Tech] Vacuum Cleaner: Powerful Cleaning l Samsung,Internet Archive,https://archive.org/details/youtube-XABScGX-Mg8,Samsung,OWNER-WRITTEN-AUTHORIZATION,development_candidate,pass,retain_for_human_review,component_overview,no,"Frames show close-ups of vacuum cleaner components: dust on carpet, jet cyclone system, high-speed motor, and battery life indicator. Text overlays describe features like 'Jet Cyclone', 'Rotates 132,000 rpm', and 'Cleans up to 100 minutes on one battery'.",,data_video/review/archive_candidate_frames/vacuum-061/sample_01.jpg|data_video/review/archive_candidate_frames/vacuum-061/sample_02.jpg|data_video/review/archive_candidate_frames/vacuum-061/sample_03.jpg|data_video/review/archive_candidate_frames/vacuum-061/sample_04.jpg|data_video/review/archive_candidate_frames/vacuum-061/sample_05.jpg,high,no_visible_functional_step,R1,pending,pending,,,,,,,pending,pending,
washing-033,full_positive_review,Washing Machine,Washing Machine,1965 commercial for Westinghouse Heavy Duty 15 washing machine,Internet Archive,https://archive.org/details/westinghouse1965,Archive contributor,OWNER-WRITTEN-AUTHORIZATION,development_candidate,pass,retain_for_human_review,promotion,no,"A white, top-loading washing machine is prominently displayed in a showroom setting with a 'Westinghouse' sign. Two women and a man are interacting with the appliance, with the man gesturing toward it. A wine glass is placed on top of the machine, suggesting a demonstration or promotional context.",,data_video/review/archive_candidate_frames/washing-033/sample_01.jpg|data_video/review/archive_candidate_frames/washing-033/sample_02.jpg|data_video/review/archive_candidate_frames/washing-033/sample_03.jpg|data_video/review/archive_candidate_frames/washing-033/sample_04.jpg|data_video/review/archive_candidate_frames/washing-033/sample_05.jpg,high,no_visible_functional_step,R1,pending,pending,,,,,,,pending,pending,
washing-038,full_positive_review,Washing Machine,Washing Machine,#Washing #machine tearing itself apart. It's not #StopMotion - this is #realtime #loops - why u don't put shoes or #engines in there -MUOu1qqbqDx.mp4 Washing machine tearing itself apart Its not StopMotion this is realtime loops why u dont put shoes or engines in there MUOu1qqbqDx mp4 Washing machine StopMotion realtime loops engines,Internet Archive,https://archive.org/details/WashingMachineTearingItselfApartItsNotStopmotionThisIsRealtimeLoopsWhyUDontPut,Kenneth Udut,OWNER-WRITTEN-AUTHORIZATION,development_candidate,pass,retain_for_human_review,irrelevant,no,"A white front-loading washing machine is shown outdoors on a wooden platform, with its door open and internal components visible. The machine appears damaged or disassembled, with parts missing or broken. Two vehicles are visible in the background.",,data_video/review/archive_candidate_frames/washing-038/sample_01.jpg|data_video/review/archive_candidate_frames/washing-038/sample_02.jpg|data_video/review/archive_candidate_frames/washing-038/sample_03.jpg|data_video/review/archive_candidate_frames/washing-038/sample_04.jpg|data_video/review/archive_candidate_frames/washing-038/sample_05.jpg,high,no_visible_functional_step,R1,pending,pending,,,,,,,pending,pending,
washing-040,full_positive_review,Washing Machine,Washing Machine,Comet Sense Hotpoint Washing Machine Advert,Internet Archive,https://archive.org/details/comet-sense-hotpoint-washing-machine-advert,Comet,OWNER-WRITTEN-AUTHORIZATION,development_candidate,pass,retain_for_human_review,promotion,no,"A white Hotpoint washing machine is prominently displayed in a living room setting, with its price (£249.99) overlaid on the image. The machine is shown as a static product shot, not in operation or setup.",,data_video/review/archive_candidate_frames/washing-040/sample_01.jpg|data_video/review/archive_candidate_frames/washing-040/sample_02.jpg|data_video/review/archive_candidate_frames/washing-040/sample_03.jpg|data_video/review/archive_candidate_frames/washing-040/sample_04.jpg|data_video/review/archive_candidate_frames/washing-040/sample_05.jpg,high,no_visible_functional_step,R1,pending,pending,,,,,,,pending,pending,
washing-043,full_positive_review,Washing Machine,Washing Machine,Easy washing machine commercial from 1955,Internet Archive,https://archive.org/details/easyWashingMachineCommercialFrom1955,Archive contributor,OWNER-WRITTEN-AUTHORIZATION,development_candidate,pass,retain_for_human_review,promotion,no,"Frames show a top-loading washing machine, its internal agitator, and text advertising 'EASY AUTOMATIC WASHER' and 'Anything that you can wash... EASY does it... better!'.",,data_video/review/archive_candidate_frames/washing-043/sample_01.jpg|data_video/review/archive_candidate_frames/washing-043/sample_02.jpg|data_video/review/archive_candidate_frames/washing-043/sample_03.jpg|data_video/review/archive_candidate_frames/washing-043/sample_04.jpg|data_video/review/archive_candidate_frames/washing-043/sample_05.jpg,high,no_visible_functional_step,R1,pending,pending,,,,,,,pending,pending,
washing-045,full_positive_review,Washing Machine,Washing Machine,Galamatic Delux Washing Machine 1965 TV Commercial,Internet Archive,https://archive.org/details/GalamaticDeluxWashingMachine1965TVCommercialXvid,Archive contributor,OWNER-WRITTEN-AUTHORIZATION,development_candidate,pass,retain_for_human_review,promotion,no,"Frames show a top-loading washing machine with cartoon characters and text overlays promoting features like 'no tangle action' and 'traps fluff and lint'. The machine is shown in operation and with its lid open, but no specific operational steps are demonstrated.",,data_video/review/archive_candidate_frames/washing-045/sample_01.jpg|data_video/review/archive_candidate_frames/washing-045/sample_02.jpg|data_video/review/archive_candidate_frames/washing-045/sample_03.jpg|data_video/review/archive_candidate_frames/washing-045/sample_04.jpg|data_video/review/archive_candidate_frames/washing-045/sample_05.jpg,high,no_visible_functional_step,R1,pending,pending,,,,,,,pending,pending,
washing-053,full_positive_review,Washing Machine,Washing Machine,Nearby Washing Machine Repair Service,Internet Archive,https://archive.org/details/httpsnearbywashingmachinerepair.in,Archive contributor,OWNER-WRITTEN-AUTHORIZATION,development_candidate,pass,retain_for_human_review,promotion,no,"The video frames display a service advertisement for 'Nearby Washing Machine Repair Service', listing services like diagnostics, part replacements, and maintenance, along with contact information. The visual content is promotional, not instructional.",,data_video/review/archive_candidate_frames/washing-053/sample_01.jpg|data_video/review/archive_candidate_frames/washing-053/sample_02.jpg|data_video/review/archive_candidate_frames/washing-053/sample_03.jpg|data_video/review/archive_candidate_frames/washing-053/sample_04.jpg|data_video/review/archive_candidate_frames/washing-053/sample_05.jpg,high,no_visible_functional_step,R1,pending,pending,,,,,,,pending,pending,
washing-059,full_positive_review,Washing Machine,Washing Machine,LG Washer and Dryer - Child Lock,Internet Archive,https://archive.org/details/youtube-yz6PV8O5C2s,LG USA,OWNER-WRITTEN-AUTHORIZATION,development_candidate,pass,retain_for_human_review,component_overview,no,"The frames show a control panel with a rotary dial for wash cycles (e.g., 'STEAM CYCLE', 'HEAVY DUTY', 'DELICATES') and a digital display with buttons for settings like 'COLD WASH', 'DELAY WASH', and 'TEMP'. The LG logo and 'TrueBalance' technology are visible, consistent with a washing machine interface.",,data_video/review/archive_candidate_frames/washing-059/sample_01.jpg|data_video/review/archive_candidate_frames/washing-059/sample_02.jpg|data_video/review/archive_candidate_frames/washing-059/sample_03.jpg|data_video/review/archive_candidate_frames/washing-059/sample_04.jpg|data_video/review/archive_candidate_frames/washing-059/sample_05.jpg,high,no_visible_functional_step,R1,pending,pending,,,,,,,pending,pending,
airfryer-017,full_positive_review,Air Fryer,Air Fryer,Can I actually fix my kitchen air fryer?,Internet Archive,https://archive.org/details/youtube-3emzRi3gdiQ,FanboyFilms2,OWNER-WRITTEN-AUTHORIZATION,development_candidate,pass,retain_for_human_review,maintenance,yes,"Frames show disassembly of a black appliance with a vented base, internal heating element, and wiring, consistent with an air fryer being repaired or maintained.",,data_video/review/archive_candidate_frames/airfryer-017/sample_01.jpg|data_video/review/archive_candidate_frames/airfryer-017/sample_02.jpg|data_video/review/archive_candidate_frames/airfryer-017/sample_03.jpg|data_video/review/archive_candidate_frames/airfryer-017/sample_04.jpg|data_video/review/archive_candidate_frames/airfryer-017/sample_05.jpg,normal,,R1,pending,pending,,,,,,,pending,pending,
airfryer-022,full_positive_review,Air Fryer,Air Fryer,Tina's Joyful Kitchen- Air Fryer Chicken and Veggie Crunch Salad,Internet Archive,https://archive.org/details/mmcmd-Tina_s_Joyful_Kitchen-_Air_Fryer_Chicken_and_Veggie_Crunch_Salad,Montgomery Municipal Cable - MMC-TV,OWNER-WRITTEN-AUTHORIZATION,development_candidate,pass,retain_for_human_review,operation,yes,"A glass-covered air fryer with food inside is visible on the counter in frames 2 and 5, with a light on. The woman is standing near it, indicating active use or demonstration.",,data_video/review/archive_candidate_frames/airfryer-022/sample_01.jpg|data_video/review/archive_candidate_frames/airfryer-022/sample_02.jpg|data_video/review/archive_candidate_frames/airfryer-022/sample_03.jpg|data_video/review/archive_candidate_frames/airfryer-022/sample_04.jpg|data_video/review/archive_candidate_frames/airfryer-022/sample_05.jpg,normal,,R1,pending,pending,,,,,,,pending,pending,
airfryer-024,full_positive_review,Air Fryer,Air Fryer,NuWave Brio Digital Air Fryer,Internet Archive,https://archive.org/details/youtube-NmN53yuxr-U,NuWave LLC,OWNER-WRITTEN-AUTHORIZATION,development_candidate,pass,retain_for_human_review,operation,yes,"Frames show the NuWave Brio Digital Air Fryer being used to cook French fries, with a basket being removed and the control panel being operated to set temperature and time.",,data_video/review/archive_candidate_frames/airfryer-024/sample_01.jpg|data_video/review/archive_candidate_frames/airfryer-024/sample_02.jpg|data_video/review/archive_candidate_frames/airfryer-024/sample_03.jpg|data_video/review/archive_candidate_frames/airfryer-024/sample_04.jpg|data_video/review/archive_candidate_frames/airfryer-024/sample_05.jpg,normal,,R1,pending,pending,,,,,,,pending,pending,
airfryer-026,full_positive_review,Air Fryer,Air Fryer,MontereyRecreation Presents: That's Good! Air Fryer Donuts Demo,Internet Archive,https://archive.org/details/monterca-MontereyRecreation_Presents_-_That_s_Good_Air_Fryer_Donuts_Demo,City of Monterey CA,OWNER-WRITTEN-AUTHORIZATION,development_candidate,pass,retain_for_human_review,operation,yes,"A black air fryer is visible on the counter in multiple frames. In frame 5, cooked donuts are shown on a rack next to the air fryer, indicating its use for cooking.",,data_video/review/archive_candidate_frames/airfryer-026/sample_01.jpg|data_video/review/archive_candidate_frames/airfryer-026/sample_02.jpg|data_video/review/archive_candidate_frames/airfryer-026/sample_03.jpg|data_video/review/archive_candidate_frames/airfryer-026/sample_04.jpg|data_video/review/archive_candidate_frames/airfryer-026/sample_05.jpg,normal,,R1,pending,pending,,,,,,,pending,pending,
airfryer-027,full_positive_review,Air Fryer,Air Fryer,Cooking With Bob: Air Fryer or Oven Baked Buffalo Wings?,Internet Archive,https://archive.org/details/youtube-ohiGKnzmfAY,The American Patriot,OWNER-WRITTEN-AUTHORIZATION,development_candidate,pass,retain_for_human_review,operation,yes,"A black Gourmia air fryer is visible with its digital display showing '38' and a hand placing food into the basket. The context includes preparing buffalo wings, consistent with air fryer use.",,data_video/review/archive_candidate_frames/airfryer-027/sample_01.jpg|data_video/review/archive_candidate_frames/airfryer-027/sample_02.jpg|data_video/review/archive_candidate_frames/airfryer-027/sample_03.jpg|data_video/review/archive_candidate_frames/airfryer-027/sample_04.jpg|data_video/review/archive_candidate_frames/airfryer-027/sample_05.jpg,normal,,R1,pending,pending,,,,,,,pending,pending,
airfryer-028,full_positive_review,Air Fryer,Air Fryer,Library Kitchen: Easy Air Fryer Egg Cups,Internet Archive,https://archive.org/details/gctvva-Library_Kitchen_-_Easy_Air_Fryer_Egg_Cups,Gloucester County VA,OWNER-WRITTEN-AUTHORIZATION,development_candidate,pass,retain_for_human_review,operation,yes,"A man in a 'Chef Library Kitchen' apron is using a black appliance with a clear container to mix ingredients, consistent with an air fryer's preparation function. A cookbook titled 'Air Fryer Cookbook for Two' is visible, and the final frames show cooked egg cups on a plate, indicating the appliance is being used for cooking.",,data_video/review/archive_candidate_frames/airfryer-028/sample_01.jpg|data_video/review/archive_candidate_frames/airfryer-028/sample_02.jpg|data_video/review/archive_candidate_frames/airfryer-028/sample_03.jpg|data_video/review/archive_candidate_frames/airfryer-028/sample_04.jpg|data_video/review/archive_candidate_frames/airfryer-028/sample_05.jpg,normal,,R1,pending,pending,,,,,,,pending,pending,
airfryer-029,full_positive_review,Air Fryer,Air Fryer,Chicken Tandoori Recipe in Philips Airfryer by VahChef,Internet Archive,https://archive.org/details/youtube-DosjRtIxuEg,Vahchef - VahRehVah,OWNER-WRITTEN-AUTHORIZATION,source_disjoint_test_candidate,pass,retain_for_human_review,operation,yes,"A black air fryer is prominently displayed on the counter. The chef is shown placing raw chicken into the fryer basket and later removing cooked chicken from it, demonstrating its use for cooking.",,data_video/review/archive_candidate_frames/airfryer-029/sample_01.jpg|data_video/review/archive_candidate_frames/airfryer-029/sample_02.jpg|data_video/review/archive_candidate_frames/airfryer-029/sample_03.jpg|data_video/review/archive_candidate_frames/airfryer-029/sample_04.jpg|data_video/review/archive_candidate_frames/airfryer-029/sample_05.jpg,normal,,R1,pending,pending,,,,,,,pending,pending,
airfryer-030,full_positive_review,Air Fryer,Air Fryer,Cooking Healthy Snacks with an Air fryer - Hardin County Extension Today June 2019,Internet Archive,https://archive.org/details/hcectvky-Cooking_Healthy_Snacks_with_an_Air_fryer_-_Hardin_County_Extension_Today_June_2019,HCEC-TV,OWNER-WRITTEN-AUTHORIZATION,source_disjoint_test_candidate,pass,retain_for_human_review,operation,yes,"A black air fryer is visible on the counter. The woman is shown interacting with it, including placing food inside and handling its handle, while subtitles describe the cooking process and safety precautions.",,data_video/review/archive_candidate_frames/airfryer-030/sample_01.jpg|data_video/review/archive_candidate_frames/airfryer-030/sample_02.jpg|data_video/review/archive_candidate_frames/airfryer-030/sample_03.jpg|data_video/review/archive_candidate_frames/airfryer-030/sample_04.jpg|data_video/review/archive_candidate_frames/airfryer-030/sample_05.jpg,normal,,R1,pending,pending,,,,,,,pending,pending,
airfryer-032,full_positive_review,Air Fryer,Air Fryer,How To Clean Your Air Fryer → SMELLY DIRTY NEW Watch THIS!,Internet Archive,https://archive.org/details/how-to-clean-your-air-fryer-smelly-dirty-new-watch-this,Archive contributor,OWNER-WRITTEN-AUTHORIZATION,development_candidate,pass,retain_for_human_review,maintenance,yes,"Frames show cleaning the air fryer basket in the sink, wiping the exterior, and setting the digital control panel, all consistent with air fryer maintenance.",,data_video/review/archive_candidate_frames/airfryer-032/sample_01.jpg|data_video/review/archive_candidate_frames/airfryer-032/sample_02.jpg|data_video/review/archive_candidate_frames/airfryer-032/sample_03.jpg|data_video/review/archive_candidate_frames/airfryer-032/sample_04.jpg|data_video/review/archive_candidate_frames/airfryer-032/sample_05.jpg,normal,,R1,pending,pending,,,,,,,pending,pending,
airfryer-033,full_positive_review,Air Fryer,Air Fryer,A DESTRUIÇÃO LEVA A CONSTRUÇÃO: AIRFRYER WALITA,Internet Archive,https://archive.org/details/ratao_frKY4As3ctXhnhf4,Archive contributor,CC-BY,development_candidate,pass,retain_for_human_review,maintenance,yes,"Frames show disassembly of an air fryer, including removal of the outer shell and internal components like wiring and motor, indicating maintenance or repair.",,data_video/review/archive_candidate_frames/airfryer-033/sample_01.jpg|data_video/review/archive_candidate_frames/airfryer-033/sample_02.jpg|data_video/review/archive_candidate_frames/airfryer-033/sample_03.jpg|data_video/review/archive_candidate_frames/airfryer-033/sample_04.jpg|data_video/review/archive_candidate_frames/airfryer-033/sample_05.jpg,normal,,R1,pending,pending,,,,,,,pending,pending,
espresso-017,full_positive_review,Espresso Machine,Espresso Machine,How to fix Jura A1 Model Espresso Machine,Internet Archive,https://archive.org/details/how-to-fix-jura-a1-model-espresso-machine,Archive contributor,OWNER-WRITTEN-AUTHORIZATION,development_candidate,pass,retain_for_human_review,maintenance,yes,"The frames show a person disassembling a white machine with internal components like a water tank and wiring, consistent with servicing an espresso machine. Tools and coffee-related items (coffee bag) are visible, supporting the context.",,data_video/review/archive_candidate_frames/espresso-017/sample_01.jpg|data_video/review/archive_candidate_frames/espresso-017/sample_02.jpg|data_video/review/archive_candidate_frames/espresso-017/sample_03.jpg|data_video/review/archive_candidate_frames/espresso-017/sample_04.jpg|data_video/review/archive_candidate_frames/espresso-017/sample_05.jpg,normal,,R1,pending,pending,,,,,,,pending,pending,
espresso-018,full_positive_review,Espresso Machine,Espresso Machine,Portable espresso maker goes wherever you go,Internet Archive,https://archive.org/details/youtube-llFWIu51xb8,Insider,OWNER-WRITTEN-AUTHORIZATION,development_candidate,pass,retain_for_human_review,operation,yes,"Frames show a hand-operated device being used to grind coffee beans, which is a key step in espresso preparation. The text overlay confirms it's hand-operated and requires no batteries or electricity, consistent with a portable espresso maker. The context of travel and compactness further supports it being a portable espresso machine.",,data_video/review/archive_candidate_frames/espresso-018/sample_01.jpg|data_video/review/archive_candidate_frames/espresso-018/sample_02.jpg|data_video/review/archive_candidate_frames/espresso-018/sample_03.jpg|data_video/review/archive_candidate_frames/espresso-018/sample_04.jpg|data_video/review/archive_candidate_frames/espresso-018/sample_05.jpg,normal,,R1,pending,pending,,,,,,,pending,pending,
espresso-023,full_positive_review,Espresso Machine,Espresso Machine,Starbucks Barista Home Espresso Machine,Internet Archive,https://archive.org/details/StarbucksBaristaHomeEspresso,Starbucks Coffee Company,OWNER-WRITTEN-AUTHORIZATION,development_candidate,pass,retain_for_human_review,setup,yes,"A man in a green apron stands behind a counter with a black espresso machine. He is shown placing a striped cloth on the counter and then positioning his hands on the machine, indicating a setup or demonstration phase. Safety instructions for the machine are also displayed on screen.",,data_video/review/archive_candidate_frames/espresso-023/sample_01.jpg|data_video/review/archive_candidate_frames/espresso-023/sample_02.jpg|data_video/review/archive_candidate_frames/espresso-023/sample_03.jpg|data_video/review/archive_candidate_frames/espresso-023/sample_04.jpg|data_video/review/archive_candidate_frames/espresso-023/sample_05.jpg,normal,,R1,pending,pending,,,,,,,pending,pending,
pressure-020,full_positive_review,Pressure Cooker,Pressure Cooker,How to make Basmati Rice in a Pressure Cooker,Internet Archive,https://archive.org/details/youtube-VrwddG6c1qA,Dave Hales,OWNER-WRITTEN-AUTHORIZATION,development_candidate,pass,retain_for_human_review,operation,yes,"A COSORI electric pressure cooker is prominently featured. Frames show rice being added to it, oil being poured in, and the control panel being used to set a timer, all indicating active use for cooking.",,data_video/review/archive_candidate_frames/pressure-020/sample_01.jpg|data_video/review/archive_candidate_frames/pressure-020/sample_02.jpg|data_video/review/archive_candidate_frames/pressure-020/sample_03.jpg|data_video/review/archive_candidate_frames/pressure-020/sample_04.jpg|data_video/review/archive_candidate_frames/pressure-020/sample_05.jpg,normal,,R1,pending,pending,,,,,,,pending,pending,
pressure-023,full_positive_review,Pressure Cooker,Pressure Cooker,"Amazon.com Mealthy Multi Pot 9 In 1 Programmable Pressure Cooker 6 Quarts With Stainless Steel Pot, Steamer Basket, Instant Access To Recipe App. Pressure Cook, Slow Cook, Sauté, Rice Cooker, Yogurt, Steam Kitchen & Dini",Internet Archive,https://archive.org/details/Amazon.comMealthyMultiPot9In1ProgrammablePressureCooker6QuartsWithStainlessSteel,Archive contributor,OWNER-WRITTEN-AUTHORIZATION,development_candidate,pass,retain_for_human_review,operation,yes,"A black electric pressure cooker is prominently displayed on a kitchen counter. The woman holds a plate of food labeled 'SALSA CHICKEN' and 'BBQ CHICKEN', implying the cooker was used. A close-up shows a smartphone app for 'Pressure Cooker Chicken' with a timer, indicating app-based operation. The woman is also seen in a bath, suggesting the cooker's convenience.",,data_video/review/archive_candidate_frames/pressure-023/sample_01.jpg|data_video/review/archive_candidate_frames/pressure-023/sample_02.jpg|data_video/review/archive_candidate_frames/pressure-023/sample_03.jpg|data_video/review/archive_candidate_frames/pressure-023/sample_04.jpg|data_video/review/archive_candidate_frames/pressure-023/sample_05.jpg,normal,,R1,pending,pending,,,,,,,pending,pending,
pressure-026,full_positive_review,Pressure Cooker,Pressure Cooker,Diary Of An Arcade Employee Vidcast 05 (Atari's Pressure Cooker),Internet Archive,https://archive.org/details/DiaryOfAnArcadeEmployeeVidcast05PressureCooker,Vic Sage,OWNER-WRITTEN-AUTHORIZATION,development_candidate,pass,retain_for_human_review,operation,yes,"The game displays a character inside a pressure cooker-like environment with visible pressure gauge, control knobs, and a lid. The player interacts with elements like a pressure gauge and a lid, which are core to the pressure cooker's operation.",,data_video/review/archive_candidate_frames/pressure-026/sample_01.jpg|data_video/review/archive_candidate_frames/pressure-026/sample_02.jpg|data_video/review/archive_candidate_frames/pressure-026/sample_03.jpg|data_video/review/archive_candidate_frames/pressure-026/sample_04.jpg|data_video/review/archive_candidate_frames/pressure-026/sample_05.jpg,normal,,R1,pending,pending,,,,,,,pending,pending,
pressure-027,full_positive_review,Pressure Cooker,Pressure Cooker,Pressure cooker keto chili,Internet Archive,https://archive.org/details/youtube-ymo46Al_M60,WTVR CBS 6,OWNER-WRITTEN-AUTHORIZATION,development_candidate,pass,retain_for_human_review,operation,yes,"A woman is shown interacting with a black multicooker appliance, lifting its lid and stirring its contents, which are consistent with pressure-cooking operations.",,data_video/review/archive_candidate_frames/pressure-027/sample_01.jpg|data_video/review/archive_candidate_frames/pressure-027/sample_02.jpg|data_video/review/archive_candidate_frames/pressure-027/sample_03.jpg|data_video/review/archive_candidate_frames/pressure-027/sample_04.jpg|data_video/review/archive_candidate_frames/pressure-027/sample_05.jpg,normal,,R1,pending,pending,,,,,,,pending,pending,
pressure-028,full_positive_review,Pressure Cooker,Pressure Cooker,Instant Pot Risotto with Shrimp - Shrewsbury Community Cookbook,Internet Archive,https://archive.org/details/Instant_Pot_Risotto_with_Shrimp_-_Shrewsbury_Community_Cookbook,SMC,OWNER-WRITTEN-AUTHORIZATION,development_candidate,pass,retain_for_human_review,operation,yes,"A woman is actively stirring contents inside a stainless steel Instant Pot, which is an electric pressure cooker, on a kitchen counter. The appliance's digital display is visible, and ingredients are being added to the pot, indicating an active cooking operation.",,data_video/review/archive_candidate_frames/pressure-028/sample_01.jpg|data_video/review/archive_candidate_frames/pressure-028/sample_02.jpg|data_video/review/archive_candidate_frames/pressure-028/sample_03.jpg|data_video/review/archive_candidate_frames/pressure-028/sample_04.jpg|data_video/review/archive_candidate_frames/pressure-028/sample_05.jpg,normal,,R1,pending,pending,,,,,,,pending,pending,
pressure-032,full_positive_review,Pressure Cooker,Pressure Cooker,Making a Beef Stew using a Pressure Cooker,Internet Archive,https://archive.org/details/scm-214736-usingapressurecooker,J Nelson,CC-BY-SA,source_disjoint_test_candidate,pass,retain_for_human_review,operation,yes,"A person is shown placing the lid on a pressure cooker on a stovetop, and later adding ingredients to it. The pressure cooker's distinctive lid and valve are clearly visible in multiple frames.",,data_video/review/archive_candidate_frames/pressure-032/sample_01.jpg|data_video/review/archive_candidate_frames/pressure-032/sample_02.jpg|data_video/review/archive_candidate_frames/pressure-032/sample_03.jpg|data_video/review/archive_candidate_frames/pressure-032/sample_04.jpg|data_video/review/archive_candidate_frames/pressure-032/sample_05.jpg,normal,,R1,pending,pending,,,,,,,pending,pending,
pressure-033,full_positive_review,Pressure Cooker,Pressure Cooker,Pressure Cooking is Easy as 1 - 2 -3 with Fagor Pressure Cookers,Internet Archive,https://archive.org/details/fagor-pressure-cooker,Fagor,OWNER-WRITTEN-AUTHORIZATION,source_disjoint_test_candidate,pass,retain_for_human_review,operation,yes,"Frames show a chef operating a pressure cooker, including closing the lid, placing the weight, and stirring contents while steam is visible. A sign reading 'PRESSURE COOKER' is also visible in one frame.",,data_video/review/archive_candidate_frames/pressure-033/sample_01.jpg|data_video/review/archive_candidate_frames/pressure-033/sample_02.jpg|data_video/review/archive_candidate_frames/pressure-033/sample_03.jpg|data_video/review/archive_candidate_frames/pressure-033/sample_04.jpg|data_video/review/archive_candidate_frames/pressure-033/sample_05.jpg,normal,,R1,pending,pending,,,,,,,pending,pending,
pressure-035,full_positive_review,Pressure Cooker,Pressure Cooker,Cooking in a Pressure Cooker,Internet Archive,https://archive.org/details/youtube-PgKX9HVdKiU,thenewsurvivalist,OWNER-WRITTEN-AUTHORIZATION,development_candidate,pass,retain_for_human_review,setup,yes,"A stainless steel pressure cooker is shown being placed on a stovetop, its lid secured, and a pressure valve adjusted, indicating preparation for pressure cooking.",,data_video/review/archive_candidate_frames/pressure-035/sample_01.jpg|data_video/review/archive_candidate_frames/pressure-035/sample_02.jpg|data_video/review/archive_candidate_frames/pressure-035/sample_03.jpg|data_video/review/archive_candidate_frames/pressure-035/sample_04.jpg|data_video/review/archive_candidate_frames/pressure-035/sample_05.jpg,normal,,R1,pending,pending,,,,,,,pending,pending,
pressure-036,full_positive_review,Pressure Cooker,Pressure Cooker,Simfonio Simpot Pressure Cooker Review,Internet Archive,https://archive.org/details/youtube-CZ7moF9ZvlA,Dave Hales,OWNER-WRITTEN-AUTHORIZATION,development_candidate,pass,retain_for_human_review,operation,yes,"A person is shown using an electric pressure cooker, including opening it, setting a timer, and checking cooked food with tongs and a thermometer.",,data_video/review/archive_candidate_frames/pressure-036/sample_01.jpg|data_video/review/archive_candidate_frames/pressure-036/sample_02.jpg|data_video/review/archive_candidate_frames/pressure-036/sample_03.jpg|data_video/review/archive_candidate_frames/pressure-036/sample_04.jpg|data_video/review/archive_candidate_frames/pressure-036/sample_05.jpg,normal,,R1,pending,pending,,,,,,,pending,pending,
pressure-037,full_positive_review,Pressure Cooker,Pressure Cooker,"The Instant Pot is a slow cooker, pressure cooker, and steamer, all in one",Internet Archive,https://archive.org/details/youtube-N-DG_bleUlg,Insider,OWNER-WRITTEN-AUTHORIZATION,development_candidate,pass,retain_for_human_review,operation,yes,"Frames show eggs being placed in a steamer basket inside an Instant Pot, the control panel being set to 30 minutes, and the appliance being used to cook pulled pork and mac and cheese, all consistent with pressure cooker operations.",,data_video/review/archive_candidate_frames/pressure-037/sample_01.jpg|data_video/review/archive_candidate_frames/pressure-037/sample_02.jpg|data_video/review/archive_candidate_frames/pressure-037/sample_03.jpg|data_video/review/archive_candidate_frames/pressure-037/sample_04.jpg|data_video/review/archive_candidate_frames/pressure-037/sample_05.jpg,normal,,R1,pending,pending,,,,,,,pending,pending,
pressure-038,full_positive_review,Pressure Cooker,Pressure Cooker,$79 Pressure Cooker Review - Cosori vs Instant Pot,Internet Archive,https://archive.org/details/youtube-8A_9ze1CNh8,Dave Hales,OWNER-WRITTEN-AUTHORIZATION,development_candidate,pass,retain_for_human_review,component_overview,yes,"Two electric pressure cookers (Cosori and Instant Pot) are displayed side-by-side on a kitchen counter. A person is shown interacting with them, including opening lids and removing the inner pot, demonstrating their components and operation.",,data_video/review/archive_candidate_frames/pressure-038/sample_01.jpg|data_video/review/archive_candidate_frames/pressure-038/sample_02.jpg|data_video/review/archive_candidate_frames/pressure-038/sample_03.jpg|data_video/review/archive_candidate_frames/pressure-038/sample_04.jpg|data_video/review/archive_candidate_frames/pressure-038/sample_05.jpg,normal,,R1,pending,pending,,,,,,,pending,pending,
pressure-040,full_positive_review,Pressure Cooker,Pressure Cooker,Making Butternut Pumpkin Soup with Stacey Springer,Internet Archive,https://archive.org/details/prkcitut-Making_Butternut_Pumpkin_Soup_with_Stacey_Springer,Park City Television,OWNER-WRITTEN-AUTHORIZATION,development_candidate,pass,retain_for_human_review,operation,yes,"A silver electric pressure cooker is prominently displayed on the counter. In frame 4, the chef is actively interacting with it, lifting the lid and gesturing towards its controls while explaining the process. Ingredients like chicken stock and pumpkin are arranged nearby, indicating a cooking demonstration.",,data_video/review/archive_candidate_frames/pressure-040/sample_01.jpg|data_video/review/archive_candidate_frames/pressure-040/sample_02.jpg|data_video/review/archive_candidate_frames/pressure-040/sample_03.jpg|data_video/review/archive_candidate_frames/pressure-040/sample_04.jpg|data_video/review/archive_candidate_frames/pressure-040/sample_05.jpg,normal,,R1,pending,pending,,,,,,,pending,pending,
printer-011,full_positive_review,Printer,Printer,Setup Your HP Printer Model 3830 | Printer setup,Internet Archive,https://archive.org/details/hp-3830-printer-setup-hp-printer-setup-support,Archive contributor,OWNER-WRITTEN-AUTHORIZATION,development_candidate,pass,retain_for_human_review,setup,yes,"Frames show printer setup steps: loading paper, selecting language, and navigating the printer's touchscreen interface.",,data_video/review/archive_candidate_frames/printer-011/sample_01.jpg|data_video/review/archive_candidate_frames/printer-011/sample_02.jpg|data_video/review/archive_candidate_frames/printer-011/sample_03.jpg|data_video/review/archive_candidate_frames/printer-011/sample_04.jpg|data_video/review/archive_candidate_frames/printer-011/sample_05.jpg,normal,,R1,pending,pending,,,,,,,pending,pending,
printer-012,full_positive_review,Printer,Printer,HP Wireless Printer Setup Mac - HP Deskjet 3050 & Others,Internet Archive,https://archive.org/details/dailymotion-xq2rmt,docrock808,OWNER-WRITTEN-AUTHORIZATION,development_candidate,pass,retain_for_human_review,setup,yes,"Frames show a Mac desktop with Finder and a web browser. The browser displays the HP Deskjet 3050 All-in-One J610a Wireless Setup Wizard, indicating a setup procedure for a printer. A pop-up confirms connection to the device.",,data_video/review/archive_candidate_frames/printer-012/sample_01.jpg|data_video/review/archive_candidate_frames/printer-012/sample_02.jpg|data_video/review/archive_candidate_frames/printer-012/sample_03.jpg|data_video/review/archive_candidate_frames/printer-012/sample_04.jpg|data_video/review/archive_candidate_frames/printer-012/sample_05.jpg,normal,,R1,pending,pending,,,,,,,pending,pending,
printer-014,full_positive_review,Printer,Printer,hp printer cartridge cleaning | How to clean hp printer cartridge | hp printer cartridge | in Hindi,Internet Archive,https://archive.org/details/youtube-mpo00dO4YFw,Techno Star,OWNER-WRITTEN-AUTHORIZATION,development_candidate,pass,retain_for_human_review,maintenance,yes,"Frames show hands disassembling and cleaning an HP ink cartridge, including inserting a cleaning tool and showing the cartridge next to an HP GT51 ink bottle.",,data_video/review/archive_candidate_frames/printer-014/sample_01.jpg|data_video/review/archive_candidate_frames/printer-014/sample_02.jpg|data_video/review/archive_candidate_frames/printer-014/sample_03.jpg|data_video/review/archive_candidate_frames/printer-014/sample_04.jpg|data_video/review/archive_candidate_frames/printer-014/sample_05.jpg,normal,,R1,pending,pending,,,,,,,pending,pending,
printer-017,full_positive_review,Printer,Printer,Step by Step Guide to Fix Paper Jam in Printer,Internet Archive,https://archive.org/details/fix-paper-jam-in-printer,Archive contributor,OWNER-WRITTEN-AUTHORIZATION,development_candidate,pass,retain_for_human_review,troubleshooting,yes,"Frames show steps to fix printer paper jams, including identifying causes, opening panels, cleaning rollers, reloading paper, and troubleshooting persistent issues.",,data_video/review/archive_candidate_frames/printer-017/sample_01.jpg|data_video/review/archive_candidate_frames/printer-017/sample_02.jpg|data_video/review/archive_candidate_frames/printer-017/sample_03.jpg|data_video/review/archive_candidate_frames/printer-017/sample_04.jpg|data_video/review/archive_candidate_frames/printer-017/sample_05.jpg,normal,,R1,pending,pending,,,,,,,pending,pending,
printer-018,full_positive_review,Printer,Printer,Learn How To connect Printer To WiFi With Ease,Internet Archive,https://archive.org/details/learn-how-to-connect-printer-to-wifi-with-ease,Printer IT Support,OWNER-WRITTEN-AUTHORIZATION,development_candidate,pass,retain_for_human_review,setup,yes,"Frames show a printer being connected to WiFi, with steps like plugging in power, locating settings, and linking to a WiFi network. Specific printer models (HP 2600, HP 3755) are mentioned.",,data_video/review/archive_candidate_frames/printer-018/sample_01.jpg|data_video/review/archive_candidate_frames/printer-018/sample_02.jpg|data_video/review/archive_candidate_frames/printer-018/sample_03.jpg|data_video/review/archive_candidate_frames/printer-018/sample_04.jpg|data_video/review/archive_candidate_frames/printer-018/sample_05.jpg,normal,,R1,pending,pending,,,,,,,pending,pending,
printer-019,full_positive_review,Printer,Printer,How to Download and Install a Printer Driver,Internet Archive,https://archive.org/details/youtube-Qmkg1tA0BBI,Samsung Tomorrow,OWNER-WRITTEN-AUTHORIZATION,development_candidate,pass,retain_for_human_review,setup,yes,"The video shows the installation process for a Samsung CLX-3170 printer, including saving the driver file, selecting a save location, and configuring wireless network settings.",,data_video/review/archive_candidate_frames/printer-019/sample_01.jpg|data_video/review/archive_candidate_frames/printer-019/sample_02.jpg|data_video/review/archive_candidate_frames/printer-019/sample_03.jpg|data_video/review/archive_candidate_frames/printer-019/sample_04.jpg|data_video/review/archive_candidate_frames/printer-019/sample_05.jpg,normal,,R1,pending,pending,,,,,,,pending,pending,
printer-020,full_positive_review,Printer,Printer,How to Fix (Reset) Canon Printer Error Code 5B00,Internet Archive,https://archive.org/details/youtube-2wo_suktXOE,yelnats,OWNER-WRITTEN-AUTHORIZATION,development_candidate,pass,retain_for_human_review,troubleshooting,yes,"The video shows a printer control panel with buttons labeled 'Stop', 'Black', 'Start', and 'Color'. Text overlays instruct to press and hold the 'Stop' button, then press the 'Power' button, and to press 'Stop' five times continuously. The printer is shown resetting and printing a test page.",,data_video/review/archive_candidate_frames/printer-020/sample_01.jpg|data_video/review/archive_candidate_frames/printer-020/sample_02.jpg|data_video/review/archive_candidate_frames/printer-020/sample_03.jpg|data_video/review/archive_candidate_frames/printer-020/sample_04.jpg|data_video/review/archive_candidate_frames/printer-020/sample_05.jpg,normal,,R1,pending,pending,,,,,,,pending,pending,
printer-021,full_positive_review,Printer,Printer,Canon Printer E03 OR P03 error problem solve 100 % || Canon Printer Paper Jam Error Problem fix,Internet Archive,https://archive.org/details/youtube-7_cXhCq-qeQ,Surajit Printer Point,OWNER-WRITTEN-AUTHORIZATION,development_candidate,pass,retain_for_human_review,maintenance,yes,"Frames show a hand loading paper into a printer, operating the printer's control panel, disassembling the printer to access internal gears and components, and holding a small mechanical part. This sequence indicates troubleshooting or maintenance of a printer, consistent with the expected class.",,data_video/review/archive_candidate_frames/printer-021/sample_01.jpg|data_video/review/archive_candidate_frames/printer-021/sample_02.jpg|data_video/review/archive_candidate_frames/printer-021/sample_03.jpg|data_video/review/archive_candidate_frames/printer-021/sample_04.jpg|data_video/review/archive_candidate_frames/printer-021/sample_05.jpg,normal,,R1,pending,pending,,,,,,,pending,pending,
printer-023,full_positive_review,Printer,Printer,How To Install Hewlett Packard Printer Without CD,Internet Archive,https://archive.org/details/how-to-install-hewlett-packard-printer-without-cd,Archive contributor,OWNER-WRITTEN-AUTHORIZATION,development_candidate,pass,retain_for_human_review,setup,yes,"The webpage text explicitly discusses installing Hewlett Packard OfficeJet 4630 printer software without a CD, detailing steps like downloading, double-clicking to install, and connecting the printer to a wireless network. The video frame also shows a live stream with a tech support context.",,data_video/review/archive_candidate_frames/printer-023/sample_01.jpg|data_video/review/archive_candidate_frames/printer-023/sample_02.jpg|data_video/review/archive_candidate_frames/printer-023/sample_03.jpg|data_video/review/archive_candidate_frames/printer-023/sample_04.jpg|data_video/review/archive_candidate_frames/printer-023/sample_05.jpg,normal,,R1,pending,pending,,,,,,,pending,pending,
printer-024,full_positive_review,Printer,Printer,How to Clean Epson Block Head on Epson L805/L800 Printer detail information,Internet Archive,https://archive.org/details/youtube-UEK4yY1NcEc,TECHNICAL JASIS,OWNER-WRITTEN-AUTHORIZATION,development_candidate,pass,retain_for_human_review,maintenance,yes,"A disassembled printer is on a workbench. A person wearing gloves is shown injecting liquid into a black printhead component, which is a maintenance step for a printer.",,data_video/review/archive_candidate_frames/printer-024/sample_01.jpg|data_video/review/archive_candidate_frames/printer-024/sample_02.jpg|data_video/review/archive_candidate_frames/printer-024/sample_03.jpg|data_video/review/archive_candidate_frames/printer-024/sample_04.jpg|data_video/review/archive_candidate_frames/printer-024/sample_05.jpg,normal,,R1,pending,pending,,,,,,,pending,pending,
printer-025,full_positive_review,Printer,Printer,How To Resolve HP Printer Fuser Error,Internet Archive,https://archive.org/details/how-to-resolve-hp-printer-fuser-error,Archive contributor,OWNER-WRITTEN-AUTHORIZATION,development_candidate,pass,retain_for_human_review,troubleshooting,yes,"Frames show an HP printer with a test page, text explaining 'HP Printer Fuser Error' and 'Alignment Failed Error', and a customer service representative on a laptop, indicating troubleshooting steps for printer issues.",,data_video/review/archive_candidate_frames/printer-025/sample_01.jpg|data_video/review/archive_candidate_frames/printer-025/sample_02.jpg|data_video/review/archive_candidate_frames/printer-025/sample_03.jpg|data_video/review/archive_candidate_frames/printer-025/sample_04.jpg|data_video/review/archive_candidate_frames/printer-025/sample_05.jpg,normal,,R1,pending,pending,,,,,,,pending,pending,
printer-026,full_positive_review,Printer,Printer,How to add a network printer in Windows 7,Internet Archive,https://archive.org/details/corccav-How_to_add_a_network_printer_in_Windows_7,ranchocucamonga,OWNER-WRITTEN-AUTHORIZATION,development_candidate,pass,retain_for_human_review,setup,yes,"The video frames show a Windows 7 'Devices and Printers' window where a user selects a network printer from a list and initiates its installation, which completes successfully, adding the printer to the list.",,data_video/review/archive_candidate_frames/printer-026/sample_01.jpg|data_video/review/archive_candidate_frames/printer-026/sample_02.jpg|data_video/review/archive_candidate_frames/printer-026/sample_03.jpg|data_video/review/archive_candidate_frames/printer-026/sample_04.jpg|data_video/review/archive_candidate_frames/printer-026/sample_05.jpg,normal,,R1,pending,pending,,,,,,,pending,pending,
printer-027,full_positive_review,Printer,Printer,How to add a printer to a Mac,Internet Archive,https://archive.org/details/cwuwa-How_to_add_a_printer_to_a_Mac,Central Washington University,OWNER-WRITTEN-AUTHORIZATION,development_candidate,pass,retain_for_human_review,setup,yes,"The user is in the macOS 'Printers & Scanners' system preferences, adding a new printer by entering an address and selecting a protocol. The user then downloads and installs the printer driver from the Xerox website, indicating a setup procedure for a printer.",,data_video/review/archive_candidate_frames/printer-027/sample_01.jpg|data_video/review/archive_candidate_frames/printer-027/sample_02.jpg|data_video/review/archive_candidate_frames/printer-027/sample_03.jpg|data_video/review/archive_candidate_frames/printer-027/sample_04.jpg|data_video/review/archive_candidate_frames/printer-027/sample_05.jpg,normal,,R1,pending,pending,,,,,,,pending,pending,
printer-028,full_positive_review,Printer,Printer,how to reset canon g2010 printer | Easy Without Programs!,Internet Archive,https://archive.org/details/youtube-ElnQiJlRYEI,SRC TECHNOLOGY- NEWS,OWNER-WRITTEN-AUTHORIZATION,development_candidate,pass,retain_for_human_review,troubleshooting,yes,"A Canon printer is shown with a hand pressing the 'Start' button on its control panel, which displays a number. The printer's brand and ink tank area are visible, indicating it is an inkjet model.",,data_video/review/archive_candidate_frames/printer-028/sample_01.jpg|data_video/review/archive_candidate_frames/printer-028/sample_02.jpg|data_video/review/archive_candidate_frames/printer-028/sample_03.jpg|data_video/review/archive_candidate_frames/printer-028/sample_04.jpg|data_video/review/archive_candidate_frames/printer-028/sample_05.jpg,normal,,R1,pending,pending,,,,,,,pending,pending,
printer-029,full_positive_review,Printer,Printer,"How to Connect an HP Printer to a Wi-Fi Network with HP Smart – Windows 10, 11 | @HPSupport",Internet Archive,https://archive.org/details/youtube-tg2BHRfT2a4,HP Support,OWNER-WRITTEN-AUTHORIZATION,development_candidate,pass,retain_for_human_review,setup,yes,"Frames show an HP printer, its wireless setup screen, and the Windows 10 printer setup wizard, indicating a step-by-step process to connect the printer to Wi-Fi.",,data_video/review/archive_candidate_frames/printer-029/sample_01.jpg|data_video/review/archive_candidate_frames/printer-029/sample_02.jpg|data_video/review/archive_candidate_frames/printer-029/sample_03.jpg|data_video/review/archive_candidate_frames/printer-029/sample_04.jpg|data_video/review/archive_candidate_frames/printer-029/sample_05.jpg,normal,,R1,pending,pending,,,,,,,pending,pending,
printer-030,full_positive_review,Printer,Printer,How to Scan Document or Photo from Canon G2010 Printer | Step by Step | Canon Pixma G2010 | In Hindi,Internet Archive,https://archive.org/details/youtube-10WLJY8r_Jc,SM Techno Hindi,OWNER-WRITTEN-AUTHORIZATION,development_candidate,pass,retain_for_human_review,operation,yes,"Frames show a Canon G2010 printer on a desk with a document being scanned. The user opens the 'Canon IJ Scan Utility' software, which is specifically for scanning documents and photos from this printer model. The utility window displays scan options like 'Auto', 'Document', 'Photo', etc., indicating an active scanning procedure.",,data_video/review/archive_candidate_frames/printer-030/sample_01.jpg|data_video/review/archive_candidate_frames/printer-030/sample_02.jpg|data_video/review/archive_candidate_frames/printer-030/sample_03.jpg|data_video/review/archive_candidate_frames/printer-030/sample_04.jpg|data_video/review/archive_candidate_frames/printer-030/sample_05.jpg,normal,,R1,pending,pending,,,,,,,pending,pending,
printer-031,full_positive_review,Printer,Printer,How to Scan Document or Photo from Canon G2010 Printer | Canon G2010 Scan Kaise Kare,Internet Archive,https://archive.org/details/youtube-SG2999EuGoo,Tech SD Support,OWNER-WRITTEN-AUTHORIZATION,development_candidate,pass,retain_for_human_review,operation,yes,"Frames show a Canon G2010 printer being operated, including opening the scanner lid, pressing buttons, and using the 'Import Pictures and Videos' window to import scanned images.",,data_video/review/archive_candidate_frames/printer-031/sample_01.jpg|data_video/review/archive_candidate_frames/printer-031/sample_02.jpg|data_video/review/archive_candidate_frames/printer-031/sample_03.jpg|data_video/review/archive_candidate_frames/printer-031/sample_04.jpg|data_video/review/archive_candidate_frames/printer-031/sample_05.jpg,normal,,R1,pending,pending,,,,,,,pending,pending,
printer-032,full_positive_review,Printer,Printer,HOW TO RESET CANON G2010 PIXMA PRINTER (Support code: 5B00),Internet Archive,https://archive.org/details/youtube-Wle8uA_bYoE,mikbes,OWNER-WRITTEN-AUTHORIZATION,development_candidate,pass,retain_for_human_review,troubleshooting,yes,"A hand is pressing the power button on a Canon G2010 printer, which is a visible troubleshooting step for resetting the device.",,data_video/review/archive_candidate_frames/printer-032/sample_01.jpg|data_video/review/archive_candidate_frames/printer-032/sample_02.jpg|data_video/review/archive_candidate_frames/printer-032/sample_03.jpg|data_video/review/archive_candidate_frames/printer-032/sample_04.jpg|data_video/review/archive_candidate_frames/printer-032/sample_05.jpg,normal,,R1,pending,pending,,,,,,,pending,pending,
printer-033,full_positive_review,Printer,Printer,Canon G2010 E03 error Problem Solve 100 % II Canon Printer Paper Jam Solution P03 error,Internet Archive,https://archive.org/details/youtube-fU2ZXoJ4oE4,Surajit Printer Point,OWNER-WRITTEN-AUTHORIZATION,development_candidate,pass,retain_for_human_review,maintenance,yes,"Frames show disassembled printer components being handled, including gears and plastic parts, with a Canon printer visible in frame 5. The text overlay 'Like, Share & Subscribe' suggests a tutorial context for fixing a printer error.",,data_video/review/archive_candidate_frames/printer-033/sample_01.jpg|data_video/review/archive_candidate_frames/printer-033/sample_02.jpg|data_video/review/archive_candidate_frames/printer-033/sample_03.jpg|data_video/review/archive_candidate_frames/printer-033/sample_04.jpg|data_video/review/archive_candidate_frames/printer-033/sample_05.jpg,normal,,R1,pending,pending,,,,,,,pending,pending,
vacuum-029,full_positive_review,Vacuum,Vacuum,How To Clean A Robot Vacuum | Samsung Jet Bot™ Vacuum | Samsung UK,Internet Archive,https://archive.org/details/youtube-QC9Fu9mNOG8,Samsung UK,OWNER-WRITTEN-AUTHORIZATION,development_candidate,pass,retain_for_human_review,maintenance,yes,"Frames show a person using a smartphone app to manage the robot vacuum, removing and cleaning the dustbin, and reassembling it. The device is identified as a Samsung Jet Bot™, a robot vacuum cleaner.",,data_video/review/archive_candidate_frames/vacuum-029/sample_01.jpg|data_video/review/archive_candidate_frames/vacuum-029/sample_02.jpg|data_video/review/archive_candidate_frames/vacuum-029/sample_03.jpg|data_video/review/archive_candidate_frames/vacuum-029/sample_04.jpg|data_video/review/archive_candidate_frames/vacuum-029/sample_05.jpg,normal,,R1,pending,pending,,,,,,,pending,pending,
vacuum-030,full_positive_review,Vacuum,Vacuum,Best Handheld Vacuum Cleaner | Handy Vacuum Cleaner | Unboxing,Internet Archive,https://archive.org/details/youtube-9lXmkHXsiEw,LittleBee,OWNER-WRITTEN-AUTHORIZATION,development_candidate,pass,retain_for_human_review,setup,yes,"Frames show unboxing of vacuum cleaner components and subsequent use on a sofa, indicating setup and operation.",,data_video/review/archive_candidate_frames/vacuum-030/sample_01.jpg|data_video/review/archive_candidate_frames/vacuum-030/sample_02.jpg|data_video/review/archive_candidate_frames/vacuum-030/sample_03.jpg|data_video/review/archive_candidate_frames/vacuum-030/sample_04.jpg|data_video/review/archive_candidate_frames/vacuum-030/sample_05.jpg,normal,,R1,pending,pending,,,,,,,pending,pending,
vacuum-032,full_positive_review,Vacuum,Vacuum,How To Set Up A Robot Vacuum | Samsung Jet Bot™ Vacuum | Samsung UK,Internet Archive,https://archive.org/details/youtube-ypES7umF7z0,Samsung UK,OWNER-WRITTEN-AUTHORIZATION,development_candidate,pass,retain_for_human_review,setup,yes,"Frames show a Samsung Jet Bot™ robot vacuum being set up: checking dustbin/filter insertion, pressing the start button, using a smartphone to add the device, and registering to a Samsung account.",,data_video/review/archive_candidate_frames/vacuum-032/sample_01.jpg|data_video/review/archive_candidate_frames/vacuum-032/sample_02.jpg|data_video/review/archive_candidate_frames/vacuum-032/sample_03.jpg|data_video/review/archive_candidate_frames/vacuum-032/sample_04.jpg|data_video/review/archive_candidate_frames/vacuum-032/sample_05.jpg,normal,,R1,pending,pending,,,,,,,pending,pending,
vacuum-033,full_positive_review,Vacuum,Vacuum,Lifting a car with a vacuum cleaner and a tarp // Demonstration of Pressure,Internet Archive,https://archive.org/details/youtube-ARnpo_32m4k,Bruce Yeany,OWNER-WRITTEN-AUTHORIZATION,development_candidate,pass,retain_for_human_review,operation,yes,"A man is operating a wet/dry vacuum cleaner connected by a hose to inflatable airbags under a car, actively lifting the vehicle.",,data_video/review/archive_candidate_frames/vacuum-033/sample_01.jpg|data_video/review/archive_candidate_frames/vacuum-033/sample_02.jpg|data_video/review/archive_candidate_frames/vacuum-033/sample_03.jpg|data_video/review/archive_candidate_frames/vacuum-033/sample_04.jpg|data_video/review/archive_candidate_frames/vacuum-033/sample_05.jpg,normal,,R1,pending,pending,,,,,,,pending,pending,
vacuum-034,full_positive_review,Vacuum,Vacuum,[LG Vacuum cleaner] - How to disassemble and assemble the A9 Tower All-in-one station,Internet Archive,https://archive.org/details/youtube-zcH8CT_xikE,LG customer support Europe_official,OWNER-WRITTEN-AUTHORIZATION,development_candidate,pass,retain_for_human_review,maintenance,yes,"Frames show disassembly of a black appliance with a motor and wiring, consistent with a vacuum cleaner's internal components. A hand is seen removing panels and handling wires, indicating maintenance or repair.",,data_video/review/archive_candidate_frames/vacuum-034/sample_01.jpg|data_video/review/archive_candidate_frames/vacuum-034/sample_02.jpg|data_video/review/archive_candidate_frames/vacuum-034/sample_03.jpg|data_video/review/archive_candidate_frames/vacuum-034/sample_04.jpg|data_video/review/archive_candidate_frames/vacuum-034/sample_05.jpg,normal,,R1,pending,pending,,,,,,,pending,pending,
vacuum-035,full_positive_review,Vacuum,Vacuum,Eureka Whirlwind Vacuum Cleaner Ad CBS/WOIO 19 1999-11-18,Internet Archive,https://archive.org/details/CLE-B04_29449-29897,Archive contributor,OWNER-WRITTEN-AUTHORIZATION,development_candidate,pass,retain_for_human_review,promotion,yes,"Frames show a yellow vacuum cleaner in operation, picking up dirt from a floor surrounded by stacks of books. Text overlays highlight features like 'Picks up more dirt' and 'Filters better'. The final frame displays multiple vacuum cleaners and the brand 'EUREKA' with contact information, indicating a promotional context.",,data_video/review/archive_candidate_frames/vacuum-035/sample_01.jpg|data_video/review/archive_candidate_frames/vacuum-035/sample_02.jpg|data_video/review/archive_candidate_frames/vacuum-035/sample_03.jpg|data_video/review/archive_candidate_frames/vacuum-035/sample_04.jpg|data_video/review/archive_candidate_frames/vacuum-035/sample_05.jpg,normal,,R1,pending,pending,,,,,,,pending,pending,
vacuum-036,full_positive_review,Vacuum,Vacuum,Eureka Whirlwind Vacuum Cleaner Commercial TNN 1999-04-27,Internet Archive,https://archive.org/details/NJY-016_446136-447039,Archive contributor,OWNER-WRITTEN-AUTHORIZATION,development_candidate,pass,retain_for_human_review,operation,yes,"A person is actively using a yellow and black upright vacuum cleaner on a carpeted floor, moving it across the surface near a couch. The vacuum's design and operation are clearly visible.",,data_video/review/archive_candidate_frames/vacuum-036/sample_01.jpg|data_video/review/archive_candidate_frames/vacuum-036/sample_02.jpg|data_video/review/archive_candidate_frames/vacuum-036/sample_03.jpg|data_video/review/archive_candidate_frames/vacuum-036/sample_04.jpg|data_video/review/archive_candidate_frames/vacuum-036/sample_05.jpg,normal,,R1,pending,pending,,,,,,,pending,pending,
vacuum-037,full_positive_review,Vacuum,Vacuum,Vacuuming the City's Sewage,Internet Archive,https://archive.org/details/coatx-Vacuuming_the_City_s_Sewage,Allen City TV,OWNER-WRITTEN-AUTHORIZATION,development_candidate,pass,retain_for_human_review,operation,yes,"A worker operates a large industrial vacuum truck labeled 'VACTOR 2100' with a control panel, while another worker uses a hose to suction material from an open manhole. The truck is equipped with a large hose reel and suction equipment.",,data_video/review/archive_candidate_frames/vacuum-037/sample_01.jpg|data_video/review/archive_candidate_frames/vacuum-037/sample_02.jpg|data_video/review/archive_candidate_frames/vacuum-037/sample_03.jpg|data_video/review/archive_candidate_frames/vacuum-037/sample_04.jpg|data_video/review/archive_candidate_frames/vacuum-037/sample_05.jpg,normal,,R1,pending,pending,,,,,,,pending,pending,
vacuum-038,full_positive_review,Vacuum,Vacuum,How to recharge the battery of your Samsung Jet™ vacuum cleaner,Internet Archive,https://archive.org/details/youtube-Dk6gd7CTQJw,Samsung India,OWNER-WRITTEN-AUTHORIZATION,development_candidate,pass,retain_for_human_review,maintenance,yes,"Frames show a vacuum cleaner battery being removed from the device, charged on a desk charger, and reinserted, with text overlays explaining the process.",,data_video/review/archive_candidate_frames/vacuum-038/sample_01.jpg|data_video/review/archive_candidate_frames/vacuum-038/sample_02.jpg|data_video/review/archive_candidate_frames/vacuum-038/sample_03.jpg|data_video/review/archive_candidate_frames/vacuum-038/sample_04.jpg|data_video/review/archive_candidate_frames/vacuum-038/sample_05.jpg,normal,,R1,pending,pending,,,,,,,pending,pending,
vacuum-039,full_positive_review,Vacuum,Vacuum,Ultraman -ish Vacuum Cleaner Commercial,Internet Archive,https://archive.org/details/japanese-vacuum-cleaner-commercial,Archive contributor,OWNER-WRITTEN-AUTHORIZATION,development_candidate,pass,retain_for_human_review,operation,yes,"Frames show a child using a vacuum cleaner, with close-ups of its internal mechanism labeled '自動回転チリ落し装置' (Automatic rotating dust ejection device), and footage of debris being sucked up and expelled.",,data_video/review/archive_candidate_frames/vacuum-039/sample_01.jpg|data_video/review/archive_candidate_frames/vacuum-039/sample_02.jpg|data_video/review/archive_candidate_frames/vacuum-039/sample_03.jpg|data_video/review/archive_candidate_frames/vacuum-039/sample_04.jpg|data_video/review/archive_candidate_frames/vacuum-039/sample_05.jpg,normal,,R1,pending,pending,,,,,,,pending,pending,
vacuum-040,full_positive_review,Vacuum,Vacuum,Samsung Jet Bot AI+ | The World’s 1st Intel AI powered Smart Robot Vacuum,Internet Archive,https://archive.org/details/youtube-J8ttGSr8t3Y,Samsung Switzerland,OWNER-WRITTEN-AUTHORIZATION,development_candidate,pass,retain_for_human_review,setup,yes,"Frames show a robot vacuum (Samsung Jet Bot AI+) in various settings: mapping a room, navigating a street scene (metaphorically), and being set to clean specific areas. Text overlays indicate 'for precise mapping' and 'Choose where to clean & where not to', showing setup and operational choices.",,data_video/review/archive_candidate_frames/vacuum-040/sample_01.jpg|data_video/review/archive_candidate_frames/vacuum-040/sample_02.jpg|data_video/review/archive_candidate_frames/vacuum-040/sample_03.jpg|data_video/review/archive_candidate_frames/vacuum-040/sample_04.jpg|data_video/review/archive_candidate_frames/vacuum-040/sample_05.jpg,normal,,R1,pending,pending,,,,,,,pending,pending,
vacuum-044,full_positive_review,Vacuum,Vacuum,Black & Decker Vacuum Cleaner Power Pro 1991 Commercial,Internet Archive,https://archive.org/details/black-decker-vacuum-cleaner-power-pro-1991-commercial,Archive contributor,OWNER-WRITTEN-AUTHORIZATION,development_candidate,pass,retain_for_human_review,operation,yes,"A handheld vacuum cleaner is shown being operated to clean a glass, demonstrating its suction function.",,data_video/review/archive_candidate_frames/vacuum-044/sample_01.jpg|data_video/review/archive_candidate_frames/vacuum-044/sample_02.jpg|data_video/review/archive_candidate_frames/vacuum-044/sample_03.jpg|data_video/review/archive_candidate_frames/vacuum-044/sample_04.jpg|data_video/review/archive_candidate_frames/vacuum-044/sample_05.jpg,normal,,R1,pending,pending,,,,,,,pending,pending,
vacuum-046,full_positive_review,Vacuum,Vacuum,Flexible 2-in-1 storing and charging options | The new Samsung Jet™ Vacuum Cleaner,Internet Archive,https://archive.org/details/youtube-HZetIZTGjRw,Samsung India,OWNER-WRITTEN-AUTHORIZATION,development_candidate,pass,retain_for_human_review,setup,yes,"Frames show a handheld vacuum cleaner mounted on a wall-mounted charging station and also stored under a console table, demonstrating flexible placement options. The device is identified as 'Samsung Jet™ Jet 75' and labeled as a '2-in-1 Charging Station'.",,data_video/review/archive_candidate_frames/vacuum-046/sample_01.jpg|data_video/review/archive_candidate_frames/vacuum-046/sample_02.jpg|data_video/review/archive_candidate_frames/vacuum-046/sample_03.jpg|data_video/review/archive_candidate_frames/vacuum-046/sample_04.jpg|data_video/review/archive_candidate_frames/vacuum-046/sample_05.jpg,normal,,R1,pending,pending,,,,,,,pending,pending,
vacuum-047,full_positive_review,Vacuum,Vacuum,How To Clean A Vacuum Cleaner | Samsung Jet™ 90 Vacuum | Samsung UK,Internet Archive,https://archive.org/details/youtube-3sgGbC0ZRvI,Samsung UK,OWNER-WRITTEN-AUTHORIZATION,development_candidate,pass,retain_for_human_review,maintenance,yes,"Frames show a person removing the dustbin from a vacuum cleaner, emptying it, cleaning the filter, and reassembling it, which are maintenance steps for a vacuum cleaner.",,data_video/review/archive_candidate_frames/vacuum-047/sample_01.jpg|data_video/review/archive_candidate_frames/vacuum-047/sample_02.jpg|data_video/review/archive_candidate_frames/vacuum-047/sample_03.jpg|data_video/review/archive_candidate_frames/vacuum-047/sample_04.jpg|data_video/review/archive_candidate_frames/vacuum-047/sample_05.jpg,normal,,R1,pending,pending,,,,,,,pending,pending,
vacuum-048,full_positive_review,Vacuum,Vacuum,How To Set Up A Vacuum Cleaner | Samsung Jet 90 Vacuum | Samsung UK,Internet Archive,https://archive.org/details/youtube-e1nVFENggPM,Samsung UK,OWNER-WRITTEN-AUTHORIZATION,development_candidate,pass,retain_for_human_review,setup,yes,"Frames show a person using a handheld vacuum cleaner, charging the battery, powering it on, and adjusting the pipe length, with on-screen text describing each step.",,data_video/review/archive_candidate_frames/vacuum-048/sample_01.jpg|data_video/review/archive_candidate_frames/vacuum-048/sample_02.jpg|data_video/review/archive_candidate_frames/vacuum-048/sample_03.jpg|data_video/review/archive_candidate_frames/vacuum-048/sample_04.jpg|data_video/review/archive_candidate_frames/vacuum-048/sample_05.jpg,normal,,R1,pending,pending,,,,,,,pending,pending,
vacuum-049,full_positive_review,Vacuum,Vacuum,How to replace and clean the fine dust filters - Cordless Vacuum Cleaner,Internet Archive,https://archive.org/details/youtube-NfRxRDRrQL4,LG USA,OWNER-WRITTEN-AUTHORIZATION,development_candidate,pass,retain_for_human_review,maintenance,yes,"Frames show a person removing and rinsing a metal dust filter from a vacuum cleaner, with on-screen text instructing to 'Press the dustbin emptying button' and 'Rinse the metal dust filter under running water'.",,data_video/review/archive_candidate_frames/vacuum-049/sample_01.jpg|data_video/review/archive_candidate_frames/vacuum-049/sample_02.jpg|data_video/review/archive_candidate_frames/vacuum-049/sample_03.jpg|data_video/review/archive_candidate_frames/vacuum-049/sample_04.jpg|data_video/review/archive_candidate_frames/vacuum-049/sample_05.jpg,normal,,R1,pending,pending,,,,,,,pending,pending,
vacuum-050,full_positive_review,Vacuum,Vacuum,[LG Vacuum cleaner] - How to install and use the A9K CordZero,Internet Archive,https://archive.org/details/youtube-H-P4SOWj36w,LG customer support Europe_official,OWNER-WRITTEN-AUTHORIZATION,development_candidate,pass,retain_for_human_review,setup,yes,"A person is assembling an LG CordZero cordless stick vacuum, attaching the handle to the base, installing batteries, and attaching the cleaning head. Text overlay indicates 'Install batteries & stick'.",,data_video/review/archive_candidate_frames/vacuum-050/sample_01.jpg|data_video/review/archive_candidate_frames/vacuum-050/sample_02.jpg|data_video/review/archive_candidate_frames/vacuum-050/sample_03.jpg|data_video/review/archive_candidate_frames/vacuum-050/sample_04.jpg|data_video/review/archive_candidate_frames/vacuum-050/sample_05.jpg,normal,,R1,pending,pending,,,,,,,pending,pending,
vacuum-051,full_positive_review,Vacuum,Vacuum,How to clean the dustbin of your Samsung Jet™ Vacuum Cleaner,Internet Archive,https://archive.org/details/youtube-LOTmO67RmRA,Samsung India,OWNER-WRITTEN-AUTHORIZATION,development_candidate,pass,retain_for_human_review,maintenance,yes,"Frames show a person removing a dustbin from a vacuum cleaner, handling a filter, and preparing to reassemble it, with on-screen text guiding the cleaning process.",,data_video/review/archive_candidate_frames/vacuum-051/sample_01.jpg|data_video/review/archive_candidate_frames/vacuum-051/sample_02.jpg|data_video/review/archive_candidate_frames/vacuum-051/sample_03.jpg|data_video/review/archive_candidate_frames/vacuum-051/sample_04.jpg|data_video/review/archive_candidate_frames/vacuum-051/sample_05.jpg,normal,,R1,pending,pending,,,,,,,pending,pending,
vacuum-052,full_positive_review,Vacuum,Vacuum,BESPOKE JET AI Vacuum Cleaner: Introduction Film l Samsung,Internet Archive,https://archive.org/details/youtube-yaQeyOuiP-4,Samsung,OWNER-WRITTEN-AUTHORIZATION,development_candidate,pass,retain_for_human_review,component_overview,yes,"Frames show a vacuum cleaner in use, highlighting its AI algorithm for cleaning, brush RPM and suction power adjustment, a pet tool with a V-shaped drum and anti-tangle grinder, and the internal dust bin with indicator lights. These are all components and operational features of a vacuum cleaner.",,data_video/review/archive_candidate_frames/vacuum-052/sample_01.jpg|data_video/review/archive_candidate_frames/vacuum-052/sample_02.jpg|data_video/review/archive_candidate_frames/vacuum-052/sample_03.jpg|data_video/review/archive_candidate_frames/vacuum-052/sample_04.jpg|data_video/review/archive_candidate_frames/vacuum-052/sample_05.jpg,normal,,R1,pending,pending,,,,,,,pending,pending,
vacuum-053,full_positive_review,Vacuum,Vacuum,Best Vacuum Cleaner For Hardwood Floors,Internet Archive,https://archive.org/details/best-vacuum-cleaner-for-hardwood-floors,Archive contributor,OWNER-WRITTEN-AUTHORIZATION,development_candidate,pass,retain_for_human_review,operation,yes,"Multiple frames show vacuum cleaners in use or positioned for use on hardwood floors, including a cordless model and a red upright model actively cleaning a rug. The text in frames 1 and 2 explicitly promotes a vacuum cleaner for hardwood floors.",,data_video/review/archive_candidate_frames/vacuum-053/sample_01.jpg|data_video/review/archive_candidate_frames/vacuum-053/sample_02.jpg|data_video/review/archive_candidate_frames/vacuum-053/sample_03.jpg|data_video/review/archive_candidate_frames/vacuum-053/sample_04.jpg|data_video/review/archive_candidate_frames/vacuum-053/sample_05.jpg,normal,,R1,pending,pending,,,,,,,pending,pending,
vacuum-055,full_positive_review,Vacuum,Vacuum,Strong Suction power | The new Samsung Jet™ Vacuum Cleaner,Internet Archive,https://archive.org/details/youtube-NjlF46DPOIQ,Samsung India,OWNER-WRITTEN-AUTHORIZATION,development_candidate,pass,retain_for_human_review,operation,yes,"A vacuum cleaner is shown being maneuvered under a wooden cabinet, demonstrating its use for cleaning hard-to-reach floor areas. The product is identified as 'Samsung Jet™ Jet 75' in a promotional frame.",,data_video/review/archive_candidate_frames/vacuum-055/sample_01.jpg|data_video/review/archive_candidate_frames/vacuum-055/sample_02.jpg|data_video/review/archive_candidate_frames/vacuum-055/sample_03.jpg|data_video/review/archive_candidate_frames/vacuum-055/sample_04.jpg|data_video/review/archive_candidate_frames/vacuum-055/sample_05.jpg,normal,,R1,pending,pending,,,,,,,pending,pending,
vacuum-057,full_positive_review,Vacuum,Vacuum,Easy to clean Washable Dust bin and parts | The new Samsung Jet™ Vacuum Cleaner,Internet Archive,https://archive.org/details/youtube-VG3aaDpKe-I,Samsung India,OWNER-WRITTEN-AUTHORIZATION,development_candidate,pass,retain_for_human_review,maintenance,yes,"Frames show a person using a vacuum cleaner, removing the dustbin, and washing its components under running water, demonstrating maintenance procedures.",,data_video/review/archive_candidate_frames/vacuum-057/sample_01.jpg|data_video/review/archive_candidate_frames/vacuum-057/sample_02.jpg|data_video/review/archive_candidate_frames/vacuum-057/sample_03.jpg|data_video/review/archive_candidate_frames/vacuum-057/sample_04.jpg|data_video/review/archive_candidate_frames/vacuum-057/sample_05.jpg,normal,,R1,pending,pending,,,,,,,pending,pending,
vacuum-058,full_positive_review,Vacuum,Vacuum,Samsung Jet™ Pet Vacuum Cleaner and Clean Station™ | Samsung UK,Internet Archive,https://archive.org/details/youtube-MGZnlbK30v4,Samsung UK,OWNER-WRITTEN-AUTHORIZATION,development_candidate,pass,retain_for_human_review,maintenance,yes,"Frames show a vacuum cleaner head cleaning a couch and rug, and a hand emptying the dustbin into a cleaning station, demonstrating maintenance.",,data_video/review/archive_candidate_frames/vacuum-058/sample_01.jpg|data_video/review/archive_candidate_frames/vacuum-058/sample_02.jpg|data_video/review/archive_candidate_frames/vacuum-058/sample_03.jpg|data_video/review/archive_candidate_frames/vacuum-058/sample_04.jpg|data_video/review/archive_candidate_frames/vacuum-058/sample_05.jpg,normal,,R1,pending,pending,,,,,,,pending,pending,
vacuum-060,full_positive_review,Vacuum,Vacuum,Energy efficient Digital Inverter Motor | The new Samsung Jet™ Vacuum Cleaner,Internet Archive,https://archive.org/details/youtube-QpDibOca3Tc,Samsung India,OWNER-WRITTEN-AUTHORIZATION,development_candidate,pass,retain_for_human_review,operation,yes,"Frames show a handheld vacuum cleaner being operated on a wooden floor, with a digital display on the handle, and a close-up of its motor components. The vacuum is actively cleaning a spill, demonstrating its use.",,data_video/review/archive_candidate_frames/vacuum-060/sample_01.jpg|data_video/review/archive_candidate_frames/vacuum-060/sample_02.jpg|data_video/review/archive_candidate_frames/vacuum-060/sample_03.jpg|data_video/review/archive_candidate_frames/vacuum-060/sample_04.jpg|data_video/review/archive_candidate_frames/vacuum-060/sample_05.jpg,normal,,R1,pending,pending,,,,,,,pending,pending,
vacuum-062,full_positive_review,Vacuum,Vacuum,[Samsung Core Technology] Vacuum Cleaner: AI Cleaning l Samsung,Internet Archive,https://archive.org/details/youtube-O2A1LbZ95OM,Samsung,OWNER-WRITTEN-AUTHORIZATION,development_candidate,pass,retain_for_human_review,promotion,yes,"Frames show a vacuum cleaner with AI features, demonstrating automatic adjustment of brush RPM and suction power based on detected floor type (carpet, hard floor, moving objects).",,data_video/review/archive_candidate_frames/vacuum-062/sample_01.jpg|data_video/review/archive_candidate_frames/vacuum-062/sample_02.jpg|data_video/review/archive_candidate_frames/vacuum-062/sample_03.jpg|data_video/review/archive_candidate_frames/vacuum-062/sample_04.jpg|data_video/review/archive_candidate_frames/vacuum-062/sample_05.jpg,normal,,R1,pending,pending,,,,,,,pending,pending,
vacuum-064,full_positive_review,Vacuum,Vacuum,Razzlekhan - VACUUM CLEANER (music video with animations) (2021),Internet Archive,https://archive.org/details/youtube-ncqEZfKLcTs,Razzlekhan,OWNER-WRITTEN-AUTHORIZATION,development_candidate,pass,retain_for_human_review,operation,yes,"A woman is holding and operating a vacuum cleaner in a kitchen setting, with debris visible on the counter, indicating cleaning activity.",,data_video/review/archive_candidate_frames/vacuum-064/sample_01.jpg|data_video/review/archive_candidate_frames/vacuum-064/sample_02.jpg|data_video/review/archive_candidate_frames/vacuum-064/sample_03.jpg|data_video/review/archive_candidate_frames/vacuum-064/sample_04.jpg|data_video/review/archive_candidate_frames/vacuum-064/sample_05.jpg,normal,,R1,pending,pending,,,,,,,pending,pending,
vacuum-065,full_positive_review,Vacuum,Vacuum,NEVER USE... This Vacuum Cleaner Haircut Gadget,Internet Archive,https://archive.org/details/2017-08-15_TechSmartt_NEVER-USE-This-Vacuum-Cleaner-Haircut-Gadget,Archive contributor,OWNER-WRITTEN-AUTHORIZATION,development_candidate,pass,retain_for_human_review,operation,yes,"A person is using a handheld vacuum cleaner attachment to blow air into their hair, demonstrating its use as a hairdryer or styling tool. The vacuum cleaner is visibly connected to a main unit with a transparent dustbin, and the person is actively operating it.",,data_video/review/archive_candidate_frames/vacuum-065/sample_01.jpg|data_video/review/archive_candidate_frames/vacuum-065/sample_02.jpg|data_video/review/archive_candidate_frames/vacuum-065/sample_03.jpg|data_video/review/archive_candidate_frames/vacuum-065/sample_04.jpg|data_video/review/archive_candidate_frames/vacuum-065/sample_05.jpg,normal,,R1,pending,pending,,,,,,,pending,pending,
washing-028,full_positive_review,Washing Machine,Washing Machine,Washer Repair,Internet Archive,https://archive.org/details/washer-repair,Archive contributor,OWNER-WRITTEN-AUTHORIZATION,development_candidate,pass,retain_for_human_review,maintenance,yes,"Frames show a front-loading washing machine with its internal components exposed, including wiring and control boards, indicating repair or maintenance work. Text overlay states 'we repair it for you'.",,data_video/review/archive_candidate_frames/washing-028/sample_01.jpg|data_video/review/archive_candidate_frames/washing-028/sample_02.jpg|data_video/review/archive_candidate_frames/washing-028/sample_03.jpg|data_video/review/archive_candidate_frames/washing-028/sample_04.jpg|data_video/review/archive_candidate_frames/washing-028/sample_05.jpg,normal,,R1,pending,pending,,,,,,,pending,pending,
washing-029,full_positive_review,Washing Machine,Washing Machine,[LG Washer] - Install and connect your new LG Washing Machine,Internet Archive,https://archive.org/details/youtube-5626Gv4D7q8,LG customer support Europe_official,OWNER-WRITTEN-AUTHORIZATION,development_candidate,pass,retain_for_human_review,setup,yes,"A cardboard box labeled 'LG WASHING MACHINE' is shown, followed by a person unboxing and assembling the washing machine. A close-up shows a hand installing a component inside the machine.",,data_video/review/archive_candidate_frames/washing-029/sample_01.jpg|data_video/review/archive_candidate_frames/washing-029/sample_02.jpg|data_video/review/archive_candidate_frames/washing-029/sample_03.jpg|data_video/review/archive_candidate_frames/washing-029/sample_04.jpg|data_video/review/archive_candidate_frames/washing-029/sample_05.jpg,normal,,R1,pending,pending,,,,,,,pending,pending,
washing-030,full_positive_review,Washing Machine,Washing Machine,"Whirlpool Aqua Line AWM1850 Washer, Maintenance Wash on White Cottons 95 (Programme 2) (3/3)",Internet Archive,https://archive.org/details/youtube-jgiEcrlIpmA,0000158,OWNER-WRITTEN-AUTHORIZATION,development_candidate,pass,retain_for_human_review,maintenance,yes,"A front-loading washing machine drum is visible, with a dark, wet interior and a handle on the left. A dark fabric item is briefly inserted and removed, suggesting a maintenance or cleaning action.",,data_video/review/archive_candidate_frames/washing-030/sample_01.jpg|data_video/review/archive_candidate_frames/washing-030/sample_02.jpg|data_video/review/archive_candidate_frames/washing-030/sample_03.jpg|data_video/review/archive_candidate_frames/washing-030/sample_04.jpg|data_video/review/archive_candidate_frames/washing-030/sample_05.jpg,normal,,R1,pending,pending,,,,,,,pending,pending,
washing-032,full_positive_review,Washing Machine,Washing Machine,QuickDrive™ Washing Machine Automatic washer maintenance Samsung,Internet Archive,https://archive.org/details/youtube-YfZbmfCYSSs,Samsung Gulf,OWNER-WRITTEN-AUTHORIZATION,development_candidate,pass,retain_for_human_review,maintenance,yes,"A woman interacts with a smartphone app called 'Homecare Wizard' that displays a 'Laundry diary' and maintenance notifications for a washing machine. She then follows a step-by-step guide on the phone to perform maintenance on the machine, specifically adding water to the drum.",,data_video/review/archive_candidate_frames/washing-032/sample_01.jpg|data_video/review/archive_candidate_frames/washing-032/sample_02.jpg|data_video/review/archive_candidate_frames/washing-032/sample_03.jpg|data_video/review/archive_candidate_frames/washing-032/sample_04.jpg|data_video/review/archive_candidate_frames/washing-032/sample_05.jpg,normal,,R1,pending,pending,,,,,,,pending,pending,
washing-034,full_positive_review,Washing Machine,Washing Machine,Front Loading Washing Machine In Action,Internet Archive,https://archive.org/details/washingMachine2_201808,na5m,OWNER-WRITTEN-AUTHORIZATION,development_candidate,pass,retain_for_human_review,operation,yes,"Frames show the interior of a drum with clothes and water, with visible agitation and water splashing, consistent with a washing cycle in progress.",,data_video/review/archive_candidate_frames/washing-034/sample_01.jpg|data_video/review/archive_candidate_frames/washing-034/sample_02.jpg|data_video/review/archive_candidate_frames/washing-034/sample_03.jpg|data_video/review/archive_candidate_frames/washing-034/sample_04.jpg|data_video/review/archive_candidate_frames/washing-034/sample_05.jpg,normal,,R1,pending,pending,,,,,,,pending,pending,
washing-035,full_positive_review,Washing Machine,Washing Machine,Washing Machine Spot (in Spanish),Internet Archive,https://archive.org/details/washing-machine-35mm,Archive contributor,OWNER-WRITTEN-AUTHORIZATION,development_candidate,pass,retain_for_human_review,operation,yes,"Frames show a cylindrical washing machine drum with clothes inside, a control panel with 'EASY' branding, and a hand interacting with the controls, indicating operation.",,data_video/review/archive_candidate_frames/washing-035/sample_01.jpg|data_video/review/archive_candidate_frames/washing-035/sample_02.jpg|data_video/review/archive_candidate_frames/washing-035/sample_03.jpg|data_video/review/archive_candidate_frames/washing-035/sample_04.jpg|data_video/review/archive_candidate_frames/washing-035/sample_05.jpg,normal,,R1,pending,pending,,,,,,,pending,pending,
washing-041,full_positive_review,Washing Machine,Washing Machine,Broken Washing Machine,Internet Archive,https://archive.org/details/NathanAlberBrokenWashingMachine,Nathan Alber,OWNER-WRITTEN-AUTHORIZATION,development_candidate,pass,retain_for_human_review,operation,yes,"Frames 1-3 show a top-loading washing machine with its lid open, revealing the drum. Frame 3 shows a cartoonish depiction of items inside the drum. Frame 5 shows a person washing clothes by hand in a sink, which is a different activity but contextually related to laundry.",,data_video/review/archive_candidate_frames/washing-041/sample_01.jpg|data_video/review/archive_candidate_frames/washing-041/sample_02.jpg|data_video/review/archive_candidate_frames/washing-041/sample_03.jpg|data_video/review/archive_candidate_frames/washing-041/sample_04.jpg|data_video/review/archive_candidate_frames/washing-041/sample_05.jpg,normal,,R1,pending,pending,,,,,,,pending,pending,
washing-042,full_positive_review,Washing Machine,Washing Machine,Nick Jr Face the Washing Machine,Internet Archive,https://archive.org/details/nick-jr-face-the-washing-machine,Nick Jr.,OWNER-WRITTEN-AUTHORIZATION,development_candidate,pass,retain_for_human_review,operation,yes,"The frames show a washing machine drum with clothes and bubbles, and a smiling face character inside, indicating the washing process is in operation.",,data_video/review/archive_candidate_frames/washing-042/sample_01.jpg|data_video/review/archive_candidate_frames/washing-042/sample_02.jpg|data_video/review/archive_candidate_frames/washing-042/sample_03.jpg|data_video/review/archive_candidate_frames/washing-042/sample_04.jpg|data_video/review/archive_candidate_frames/washing-042/sample_05.jpg,normal,,R1,pending,pending,,,,,,,pending,pending,
washing-048,full_positive_review,Washing Machine,Washing Machine,[LG Washing Machine] - How to clean the dispenser,Internet Archive,https://archive.org/details/youtube-MlSccVEf9X8,LG customer support Europe_official,OWNER-WRITTEN-AUTHORIZATION,development_candidate,pass,retain_for_human_review,maintenance,yes,"The video shows a person opening the detergent drawer of an LG washing machine and pointing to its compartments, consistent with a cleaning or maintenance procedure.",,data_video/review/archive_candidate_frames/washing-048/sample_01.jpg|data_video/review/archive_candidate_frames/washing-048/sample_02.jpg|data_video/review/archive_candidate_frames/washing-048/sample_03.jpg|data_video/review/archive_candidate_frames/washing-048/sample_04.jpg|data_video/review/archive_candidate_frames/washing-048/sample_05.jpg,normal,,R1,pending,pending,,,,,,,pending,pending,
washing-049,full_positive_review,Washing Machine,Washing Machine,LG Washer - Tub Cleaning and Maintenance,Internet Archive,https://archive.org/details/youtube-c8XiTdH9heQ,LG USA,OWNER-WRITTEN-AUTHORIZATION,development_candidate,pass,retain_for_human_review,maintenance,yes,"Frames show a washing machine with instructions for tub cleaning, including adding cleaning products, selecting the 'Tub Clean' cycle, and leaving the door ajar to dry.",,data_video/review/archive_candidate_frames/washing-049/sample_01.jpg|data_video/review/archive_candidate_frames/washing-049/sample_02.jpg|data_video/review/archive_candidate_frames/washing-049/sample_03.jpg|data_video/review/archive_candidate_frames/washing-049/sample_04.jpg|data_video/review/archive_candidate_frames/washing-049/sample_05.jpg,normal,,R1,pending,pending,,,,,,,pending,pending,
washing-050,full_positive_review,Washing Machine,Washing Machine,[LG Washing Machine] - How to clean the washing machine filter,Internet Archive,https://archive.org/details/youtube-VqdLgLyQ81Y,LG customer support Europe_official,OWNER-WRITTEN-AUTHORIZATION,development_candidate,pass,retain_for_human_review,maintenance,yes,"A white appliance with a visible access panel being opened, followed by a hand inserting a black filter component into the machine's internal chamber, consistent with cleaning or maintenance.",,data_video/review/archive_candidate_frames/washing-050/sample_01.jpg|data_video/review/archive_candidate_frames/washing-050/sample_02.jpg|data_video/review/archive_candidate_frames/washing-050/sample_03.jpg|data_video/review/archive_candidate_frames/washing-050/sample_04.jpg|data_video/review/archive_candidate_frames/washing-050/sample_05.jpg,normal,,R1,pending,pending,,,,,,,pending,pending,
washing-051,full_positive_review,Washing Machine,Washing Machine,LG Washer : How to repair Operation Issues | LG,Internet Archive,https://archive.org/details/youtube--5f6NURRjUs,LG Global,OWNER-WRITTEN-AUTHORIZATION,development_candidate,pass,retain_for_human_review,troubleshooting,yes,"Frames show an LG washing machine with on-screen text and graphics for troubleshooting: 'Power Down' (unplugging), 'Buttons Not Functioning' (deactivating Control Lock), 'Water is Not Filling Properly' (checking hoses), and 'Water Leaking or Not Draining Properly' (showing drain hose).",,data_video/review/archive_candidate_frames/washing-051/sample_01.jpg|data_video/review/archive_candidate_frames/washing-051/sample_02.jpg|data_video/review/archive_candidate_frames/washing-051/sample_03.jpg|data_video/review/archive_candidate_frames/washing-051/sample_04.jpg|data_video/review/archive_candidate_frames/washing-051/sample_05.jpg,normal,,R1,pending,pending,,,,,,,pending,pending,
washing-052,full_positive_review,Washing Machine,Washing Machine,Inside my new British washing machine (clothes washer).,Internet Archive,https://archive.org/details/bigclive_20170917,Big Clive,OWNER-WRITTEN-AUTHORIZATION,development_candidate,pass,retain_for_human_review,maintenance,yes,"Frames show the interior of a washing machine with the lid open, revealing the drum, motor, wiring, and internal components, consistent with maintenance or repair activity.",,data_video/review/archive_candidate_frames/washing-052/sample_01.jpg|data_video/review/archive_candidate_frames/washing-052/sample_02.jpg|data_video/review/archive_candidate_frames/washing-052/sample_03.jpg|data_video/review/archive_candidate_frames/washing-052/sample_04.jpg|data_video/review/archive_candidate_frames/washing-052/sample_05.jpg,normal,,R1,pending,pending,,,,,,,pending,pending,
washing-054,full_positive_review,Washing Machine,Washing Machine,LG Washer : How to Clean the Water Inlet Filter | LG,Internet Archive,https://archive.org/details/youtube-csbGtz8D1lw,LG Global,OWNER-WRITTEN-AUTHORIZATION,development_candidate,pass,retain_for_human_review,maintenance,yes,"The video shows a white LG front-loading washing machine. It demonstrates removing the water inlet hose from the back of the machine, draining water into a sink, and cleaning the filter. Text overlays confirm the procedure is for 'Cleaning the Water Inlet Filter'.",,data_video/review/archive_candidate_frames/washing-054/sample_01.jpg|data_video/review/archive_candidate_frames/washing-054/sample_02.jpg|data_video/review/archive_candidate_frames/washing-054/sample_03.jpg|data_video/review/archive_candidate_frames/washing-054/sample_04.jpg|data_video/review/archive_candidate_frames/washing-054/sample_05.jpg,normal,,R1,pending,pending,,,,,,,pending,pending,
washing-056,full_positive_review,Washing Machine,Washing Machine,How to select wash cycles on your Samsung Washing Machine,Internet Archive,https://archive.org/details/youtube-TngLsmls00c,Samsung UK,OWNER-WRITTEN-AUTHORIZATION,development_candidate,pass,retain_for_human_review,operation,yes,"Frames show a hand interacting with a washing machine's control panel, selecting wash cycles (e.g., 'Eco 40-60', 'Cotton'), adjusting water temperature, changing spin speed, and using a delay end feature. A smartphone app for cycle suggestions is also shown.",,data_video/review/archive_candidate_frames/washing-056/sample_01.jpg|data_video/review/archive_candidate_frames/washing-056/sample_02.jpg|data_video/review/archive_candidate_frames/washing-056/sample_03.jpg|data_video/review/archive_candidate_frames/washing-056/sample_04.jpg|data_video/review/archive_candidate_frames/washing-056/sample_05.jpg,normal,,R1,pending,pending,,,,,,,pending,pending,
washing-057,full_positive_review,Washing Machine,Washing Machine,How to install the Washing Machine Stacking Kit (SKK-UDW) | Samsung New Zealand,Internet Archive,https://archive.org/details/youtube-1iGAacTgkxc,Samsung New Zealand,OWNER-WRITTEN-AUTHORIZATION,development_candidate,pass,retain_for_human_review,setup,yes,"Frames show a person installing a stacking kit onto a white appliance, which is identified as a washer, and preparing to stack a dryer on top. Text overlays guide the user through unscrewing screws, placing a tray, and sliding components into position.",,data_video/review/archive_candidate_frames/washing-057/sample_01.jpg|data_video/review/archive_candidate_frames/washing-057/sample_02.jpg|data_video/review/archive_candidate_frames/washing-057/sample_03.jpg|data_video/review/archive_candidate_frames/washing-057/sample_04.jpg|data_video/review/archive_candidate_frames/washing-057/sample_05.jpg,normal,,R1,pending,pending,,,,,,,pending,pending,
washing-058,full_positive_review,Washing Machine,Washing Machine,LG Washer : How to do Laundry | LG,Internet Archive,https://archive.org/details/youtube-X6DiGFHcJtg,LG Global,OWNER-WRITTEN-AUTHORIZATION,development_candidate,pass,retain_for_human_review,setup,yes,"Frames show an LG washing machine with instructions for separating clothes, checking the rubber gasket, adding detergent, and using the control panel to start a wash cycle.",,data_video/review/archive_candidate_frames/washing-058/sample_01.jpg|data_video/review/archive_candidate_frames/washing-058/sample_02.jpg|data_video/review/archive_candidate_frames/washing-058/sample_03.jpg|data_video/review/archive_candidate_frames/washing-058/sample_04.jpg|data_video/review/archive_candidate_frames/washing-058/sample_05.jpg,normal,,R1,pending,pending,,,,,,,pending,pending,
washing-060,full_positive_review,Washing Machine,Washing Machine,LG Washer - How to Use the Spin Only Option (2018 Update),Internet Archive,https://archive.org/details/youtube-trWG49Qp5ps,LG USA,OWNER-WRITTEN-AUTHORIZATION,development_candidate,pass,retain_for_human_review,operation,yes,"Frames show a front-loading LG washing machine with a control panel. A hand is shown pressing a button, and subsequent frames display the control panel with text overlays instructing to 'Press the start button' and noting 'NO SPIN' is not available for top-load washers, indicating operational guidance.",,data_video/review/archive_candidate_frames/washing-060/sample_01.jpg|data_video/review/archive_candidate_frames/washing-060/sample_02.jpg|data_video/review/archive_candidate_frames/washing-060/sample_03.jpg|data_video/review/archive_candidate_frames/washing-060/sample_04.jpg|data_video/review/archive_candidate_frames/washing-060/sample_05.jpg,normal,,R1,pending,pending,,,,,,,pending,pending,
washing-061,full_positive_review,Washing Machine,Washing Machine,How to clean your LG washing machine drain pump filter,Internet Archive,https://archive.org/details/youtube-6kghyoFhYb8,LG DIY Service,OWNER-WRITTEN-AUTHORIZATION,development_candidate,pass,retain_for_human_review,maintenance,yes,"The video shows a white LG washing machine with a calendar icon indicating a monthly maintenance reminder. It then demonstrates opening a panel, removing a filter, and reinstalling it, with on-screen text guiding the user through cleaning the drain pump filter.",,data_video/review/archive_candidate_frames/washing-061/sample_01.jpg|data_video/review/archive_candidate_frames/washing-061/sample_02.jpg|data_video/review/archive_candidate_frames/washing-061/sample_03.jpg|data_video/review/archive_candidate_frames/washing-061/sample_04.jpg|data_video/review/archive_candidate_frames/washing-061/sample_05.jpg,normal,,R1,pending,pending,,,,,,,pending,pending,
washing-062,full_positive_review,Washing Machine,Washing Machine,LG Washer : How to repair Washing Machine Performance Issues | LG,Internet Archive,https://archive.org/details/youtube-S_7pnxpmFcU,LG Malaysia,OWNER-WRITTEN-AUTHORIZATION,development_candidate,pass,retain_for_human_review,troubleshooting,yes,"Frames show an LG washing machine with on-screen text and graphics addressing common issues like wrinkling (due to low spin speed or leaving laundry in the drum) and poor stain removal (due to set-in stains or mixing soiled items). Specific steps like adjusting spin speed, pre-treating stains, and separating laundry are visually indicated.",,data_video/review/archive_candidate_frames/washing-062/sample_01.jpg|data_video/review/archive_candidate_frames/washing-062/sample_02.jpg|data_video/review/archive_candidate_frames/washing-062/sample_03.jpg|data_video/review/archive_candidate_frames/washing-062/sample_04.jpg|data_video/review/archive_candidate_frames/washing-062/sample_05.jpg,normal,,R1,pending,pending,,,,,,,pending,pending,
washing-063,full_positive_review,Washing Machine,Washing Machine,Samsung Top Load Washing Machine: How to Clean Magic Filter,Internet Archive,https://archive.org/details/youtube-2YPIWeWR6Ss,Samsung India,OWNER-WRITTEN-AUTHORIZATION,development_candidate,pass,retain_for_human_review,maintenance,yes,"Frames show a Samsung top load washing machine, a 'Magic Filter' component, and instructions to clean the filter and insert it back, indicating maintenance procedure.",,data_video/review/archive_candidate_frames/washing-063/sample_01.jpg|data_video/review/archive_candidate_frames/washing-063/sample_02.jpg|data_video/review/archive_candidate_frames/washing-063/sample_03.jpg|data_video/review/archive_candidate_frames/washing-063/sample_04.jpg|data_video/review/archive_candidate_frames/washing-063/sample_05.jpg,normal,,R1,pending,pending,,,,,,,pending,pending,
washing-064,full_positive_review,Washing Machine,Washing Machine,LG Washer : How to repair Washing Machine Performance Issues | LG,Internet Archive,https://archive.org/details/youtube-CiJI2aq_Wnw,LG Global,OWNER-WRITTEN-AUTHORIZATION,development_candidate,pass,retain_for_human_review,troubleshooting,yes,"Frames show an LG washing machine's control panel, detergent drawer, and drum, with text overlays explaining troubleshooting for wrinkling, poor stain removal, and staining, including specific steps like adjusting spin speed and pre-treating stains.",,data_video/review/archive_candidate_frames/washing-064/sample_01.jpg|data_video/review/archive_candidate_frames/washing-064/sample_02.jpg|data_video/review/archive_candidate_frames/washing-064/sample_03.jpg|data_video/review/archive_candidate_frames/washing-064/sample_04.jpg|data_video/review/archive_candidate_frames/washing-064/sample_05.jpg,normal,,R1,pending,pending,,,,,,,pending,pending,
washing-065,full_positive_review,Washing Machine,Washing Machine,LG Washer : How to deal with Troubleshooting Noises | LG,Internet Archive,https://archive.org/details/youtube-VW8QV9W6LZ0,LG Global,OWNER-WRITTEN-AUTHORIZATION,development_candidate,pass,retain_for_human_review,troubleshooting,yes,"The video shows a white LG washing machine with on-screen text guiding users to check for packaging material, level the machine, and remove objects causing noise, all related to troubleshooting vibrating noise.",,data_video/review/archive_candidate_frames/washing-065/sample_01.jpg|data_video/review/archive_candidate_frames/washing-065/sample_02.jpg|data_video/review/archive_candidate_frames/washing-065/sample_03.jpg|data_video/review/archive_candidate_frames/washing-065/sample_04.jpg|data_video/review/archive_candidate_frames/washing-065/sample_05.jpg,normal,,R1,pending,pending,,,,,,,pending,pending,
washing-066,full_positive_review,Washing Machine,Washing Machine,How to clean the debris filter of your Samsung Front Load washing machine,Internet Archive,https://archive.org/details/youtube-rkRoBFW2k0I,Samsung India,OWNER-WRITTEN-AUTHORIZATION,development_candidate,pass,retain_for_human_review,maintenance,yes,"Frames show a Samsung front-load washing machine, with steps for accessing and cleaning the debris filter, including draining water, removing foreign objects, and reassembling the filter.",,data_video/review/archive_candidate_frames/washing-066/sample_01.jpg|data_video/review/archive_candidate_frames/washing-066/sample_02.jpg|data_video/review/archive_candidate_frames/washing-066/sample_03.jpg|data_video/review/archive_candidate_frames/washing-066/sample_04.jpg|data_video/review/archive_candidate_frames/washing-066/sample_05.jpg,normal,,R1,pending,pending,,,,,,,pending,pending,
washing-067,full_positive_review,Washing Machine,Washing Machine,LG Washer : How to How to Remove Odd Odors from Washer| LG,Internet Archive,https://archive.org/details/youtube-71kKEb5FNnI,LG Global,OWNER-WRITTEN-AUTHORIZATION,development_candidate,pass,retain_for_human_review,maintenance,yes,"Frames show a front-loading washing machine with instructions for drum cleaning, wiping door seals, and running a Tub Clean cycle to troubleshoot odors.",,data_video/review/archive_candidate_frames/washing-067/sample_01.jpg|data_video/review/archive_candidate_frames/washing-067/sample_02.jpg|data_video/review/archive_candidate_frames/washing-067/sample_03.jpg|data_video/review/archive_candidate_frames/washing-067/sample_04.jpg|data_video/review/archive_candidate_frames/washing-067/sample_05.jpg,normal,,R1,pending,pending,,,,,,,pending,pending,
washing-068,full_positive_review,Washing Machine,Washing Machine,LG Washer : How to Use the General Dispenser Drawer | LG,Internet Archive,https://archive.org/details/youtube-rMsIyVGbBAk,LG Gulf,OWNER-WRITTEN-AUTHORIZATION,development_candidate,pass,retain_for_human_review,maintenance,yes,"The frames show a washing machine's dispenser drawer being opened and cleaned under a faucet, with text instructions about cleaning the drawer to prevent detergent buildup.",,data_video/review/archive_candidate_frames/washing-068/sample_01.jpg|data_video/review/archive_candidate_frames/washing-068/sample_02.jpg|data_video/review/archive_candidate_frames/washing-068/sample_03.jpg|data_video/review/archive_candidate_frames/washing-068/sample_04.jpg|data_video/review/archive_candidate_frames/washing-068/sample_05.jpg,normal,,R1,pending,pending,,,,,,,pending,pending,
washing-069,full_positive_review,Washing Machine,Washing Machine,LG Washer : How to How to Remove Odd Odors from Washer | LG,Internet Archive,https://archive.org/details/youtube-gRfpIUVfgZQ,LG Malaysia,OWNER-WRITTEN-AUTHORIZATION,development_candidate,pass,retain_for_human_review,maintenance,yes,"Frames show a white LG front-loading washing machine with its door open, displaying the drum. Text overlays instruct on removing items, wiping the door seal, running the Tub Clean cycle, and checking the drain hose, all related to odor troubleshooting and maintenance.",,data_video/review/archive_candidate_frames/washing-069/sample_01.jpg|data_video/review/archive_candidate_frames/washing-069/sample_02.jpg|data_video/review/archive_candidate_frames/washing-069/sample_03.jpg|data_video/review/archive_candidate_frames/washing-069/sample_04.jpg|data_video/review/archive_candidate_frames/washing-069/sample_05.jpg,normal,,R1,pending,pending,,,,,,,pending,pending,
airfryer-021,rejected_audit_sample,Air Fryer,uncertain,I COOKED FOUR STEAKS WITH FOUR DIFFERENT TYPES OF HAWAIIAN 🌴 SALTS IN MY AIR FRYER,Internet Archive,https://archive.org/details/youtube-macMh9YZYjY,Alaska Prepper,OWNER-WRITTEN-AUTHORIZATION,development_candidate,pass,reject_out_of_scope,irrelevant,no,"Frames show raw meat being handled, seasoned meat, a grill pan on a stovetop, and cooked meat being sliced. No air fryer or its distinct hardware is visible.",,data_video/review/archive_candidate_frames/airfryer-021/sample_01.jpg|data_video/review/archive_candidate_frames/airfryer-021/sample_02.jpg|data_video/review/archive_candidate_frames/airfryer-021/sample_03.jpg|data_video/review/archive_candidate_frames/airfryer-021/sample_04.jpg|data_video/review/archive_candidate_frames/airfryer-021/sample_05.jpg,audit,predicted_class_mismatch|no_visible_functional_step|sampled_ai_rejection,R1,pending,pending,,,,,,,pending,pending,
espresso-020,rejected_audit_sample,Espresso Machine,uncertain,Saeco Espresso Machine,Internet Archive,https://archive.org/details/Anthonysespresso.comSaecoEspressoMachine,Archive contributor,OWNER-WRITTEN-AUTHORIZATION,development_candidate,pass,reject_out_of_scope,promotion,no,"Frames show a cup of coffee, coffee beans, and contact information, but no espresso machine or its operation is visible.",,data_video/review/archive_candidate_frames/espresso-020/sample_01.jpg|data_video/review/archive_candidate_frames/espresso-020/sample_02.jpg|data_video/review/archive_candidate_frames/espresso-020/sample_03.jpg|data_video/review/archive_candidate_frames/espresso-020/sample_04.jpg|data_video/review/archive_candidate_frames/espresso-020/sample_05.jpg,audit,predicted_class_mismatch|no_visible_functional_step|sampled_ai_rejection,R1,pending,pending,,,,,,,pending,pending,
pressure-024,rejected_audit_sample,Pressure Cooker,uncertain,Family: Pressure Cooker Of The 90s (Gary Colville) | Hosanna Porirua,Internet Archive,https://archive.org/details/19940508am-family-pressure-hosanna,Contagious Media,OWNER-WRITTEN-AUTHORIZATION,development_candidate,pass,reject_out_of_scope,irrelevant,no,"The frames show a live stage performance with actors and an audience. One frame shows a person on the phone, but no pressure cooker or related appliance is visible.",,data_video/review/archive_candidate_frames/pressure-024/sample_01.jpg|data_video/review/archive_candidate_frames/pressure-024/sample_02.jpg|data_video/review/archive_candidate_frames/pressure-024/sample_03.jpg|data_video/review/archive_candidate_frames/pressure-024/sample_04.jpg|data_video/review/archive_candidate_frames/pressure-024/sample_05.jpg,audit,predicted_class_mismatch|no_visible_functional_step|sampled_ai_rejection,R1,pending,pending,,,,,,,pending,pending,
printer-013,rejected_audit_sample,Printer,uncertain,How to Print ABS on an OPEN Printer - Warping Tips,Internet Archive,https://archive.org/details/youtube-eEOaA76WR0Q,The 3D Print General,OWNER-WRITTEN-AUTHORIZATION,development_candidate,pass,reject_out_of_scope,uncertain,no,"Frames show a temperature graph, nozzle die diagram, YouTube search results for ABS bed adhesion, a glue-coated print bed, and two green 3D printed parts. None show a printer's physical hardware or operation.",,data_video/review/archive_candidate_frames/printer-013/sample_01.jpg|data_video/review/archive_candidate_frames/printer-013/sample_02.jpg|data_video/review/archive_candidate_frames/printer-013/sample_03.jpg|data_video/review/archive_candidate_frames/printer-013/sample_04.jpg|data_video/review/archive_candidate_frames/printer-013/sample_05.jpg,audit,predicted_class_mismatch|no_visible_functional_step|sampled_ai_rejection,R1,pending,pending,,,,,,,pending,pending,
vacuum-041,rejected_audit_sample,Vacuum,uncertain,Vacuum Cleaner To Sweep The Ocean Floor,Internet Archive,https://archive.org/details/youtube-pVc_Vr4-pqU,Interesting Engineering,OWNER-WRITTEN-AUTHORIZATION,development_candidate,pass,reject_out_of_scope,irrelevant,no,"The frames show an ocean floor drilling rig, a drilling rig on land, a solar farm, a snail, and a conveyor belt with coal. None depict a household vacuum cleaner or any vacuum-related operation.",,data_video/review/archive_candidate_frames/vacuum-041/sample_01.jpg|data_video/review/archive_candidate_frames/vacuum-041/sample_02.jpg|data_video/review/archive_candidate_frames/vacuum-041/sample_03.jpg|data_video/review/archive_candidate_frames/vacuum-041/sample_04.jpg|data_video/review/archive_candidate_frames/vacuum-041/sample_05.jpg,audit,predicted_class_mismatch|no_visible_functional_step|sampled_ai_rejection,R1,pending,pending,,,,,,,pending,pending,
washing-036,rejected_audit_sample,Washing Machine,uncertain,Mom Minnie Mouse Got Losing the Winner Spin Washing Machine! Mickey Mouse and Minnie Mouse Funny Cartoon for Kids,Internet Archive,https://archive.org/details/mom-minnie-mouse-got-losing-the-winner-spin-washing-machine,Elsagate Archive Videos,OWNER-WRITTEN-AUTHORIZATION,development_candidate,pass,reject_out_of_scope,irrelevant,no,"The frames depict cartoon characters in various settings: a casino, a campfire, a toy room, and a house exterior. No washing machine or any related laundry appliance is visible.",,data_video/review/archive_candidate_frames/washing-036/sample_01.jpg|data_video/review/archive_candidate_frames/washing-036/sample_02.jpg|data_video/review/archive_candidate_frames/washing-036/sample_03.jpg|data_video/review/archive_candidate_frames/washing-036/sample_04.jpg|data_video/review/archive_candidate_frames/washing-036/sample_05.jpg,audit,predicted_class_mismatch|no_visible_functional_step|sampled_ai_rejection,R1,pending,pending,,,,,,,pending,pending,
