evidence_id,record_id,evidence_type,start_seconds,end_seconds,text,media_path,thumbnail_path,source_sha256,language,confidence,asr_segment_ids,ocr_observation_ids,metadata_json
camera-001-scene-0001,camera-001,video_scene,0.000,3.351,OCR: 4.0,data_video/processed/camera-001/clips/camera-001-scene-0001.mp4,data_video/keyframes/camera-001/frame_000000.jpg,871b69bf09dda7c6f7b865bc58cf2d942d802273536877d5d6a1a58fced1d6fb,,0.997582,,camera-001-ocr-00001,"{""clip_bytes"":51626,""clip_sha256"":""25003cbdbfca53df645de855bfac310f888b0a1ca62a9d1218017c1e78a8a6d7"",""detector"":""ffmpeg_scene_score"",""threshold"":0.32}"
camera-001-scene-0002,camera-001,video_scene,3.351,16.631,"ASR: Photographic technology has changed a lot in the last century. Digital photography became cheap and convenient because of the CCD, the charge coupled device inside this camera.
OCR: CCD The heart of a digital camera how a charge coupled device works engineerguy | series #4 OOMLE Supported in part by THE CAMILLE 4.0 & Henry Dreyfus MEGA PIXELS FOUNDaTION, INc. Special Grant Program in the Chemical Sciences Bill Hammack 1 Department of Chemical & Biomolecular Engineering University of Illinois at Urbana-Champaign PENTAX HONEYWELL cLOn",data_video/processed/camera-001/clips/camera-001-scene-0002.mp4,data_video/keyframes/camera-001/frame_000000.jpg,871b69bf09dda7c6f7b865bc58cf2d942d802273536877d5d6a1a58fced1d6fb,en,0.946563,camera-001-asr-0001,camera-001-ocr-00002|camera-001-ocr-00003|camera-001-ocr-00004|camera-001-ocr-00005|camera-001-ocr-00006|camera-001-ocr-00007|camera-001-ocr-00008|camera-001-ocr-00009|camera-001-ocr-00010|camera-001-ocr-00011|camera-001-ocr-00012|camera-001-ocr-00013|camera-001-ocr-00014|camera-001-ocr-00015|camera-001-ocr-00016|camera-001-ocr-00017|camera-001-ocr-00018|camera-001-ocr-00019|camera-001-ocr-00020|camera-001-ocr-00021|camera-001-ocr-00022|camera-001-ocr-00023|camera-001-ocr-00024|camera-001-ocr-00025|camera-001-ocr-00026|camera-001-ocr-00027,"{""clip_bytes"":662676,""clip_sha256"":""08205acaf12254add2e052cdad3a76b8d0203d1f2591fb231f1a58c55de430fc"",""detector"":""ffmpeg_scene_score"",""threshold"":0.32}"
camera-001-scene-0003,camera-001,video_scene,16.631,20.635,"ASR: Photographic technology has changed a lot in the last century. Digital photography became cheap and convenient because of the CCD, the charge coupled device inside this camera. In the past, we'd just place a piece of film here behind the lens. But now we have a purely electronic imager to do all the work. Let me show you.",data_video/processed/camera-001/clips/camera-001-scene-0003.mp4,data_video/keyframes/camera-001/frame_000003.jpg,871b69bf09dda7c6f7b865bc58cf2d942d802273536877d5d6a1a58fced1d6fb,en,0.864752,camera-001-asr-0001|camera-001-asr-0002,,"{""clip_bytes"":430448,""clip_sha256"":""f868a14033d209b44c898b737ab5614dc01bd71bfca805f2d931c2d0dafc09dc"",""detector"":""ffmpeg_scene_score"",""threshold"":0.32}"
camera-001-scene-0004,camera-001,video_scene,20.635,24.672,"ASR: In the past, we'd just place a piece of film here behind the lens. But now we have a purely electronic imager to do all the work. Let me show you.",data_video/processed/camera-001/clips/camera-001-scene-0004.mp4,data_video/keyframes/camera-001/frame_000004.jpg,871b69bf09dda7c6f7b865bc58cf2d942d802273536877d5d6a1a58fced1d6fb,en,0.864752,camera-001-asr-0002,,"{""clip_bytes"":278798,""clip_sha256"":""205da64402276cc20707c288f2c2a2b3e607a6ed940fa3270dd09512c072623f"",""detector"":""ffmpeg_scene_score"",""threshold"":0.32}"
camera-001-scene-0005,camera-001,video_scene,24.672,32.947,"ASR: In the past, we'd just place a piece of film here behind the lens. But now we have a purely electronic imager to do all the work. Let me show you. Here it is, just a shiny slab. Yet its details are fascinating. This CCD captures the image",data_video/processed/camera-001/clips/camera-001-scene-0005.mp4,data_video/keyframes/camera-001/frame_000004.jpg,871b69bf09dda7c6f7b865bc58cf2d942d802273536877d5d6a1a58fced1d6fb,en,0.871031,camera-001-asr-0002|camera-001-asr-0003,,"{""clip_bytes"":575673,""clip_sha256"":""20ac8b8a7f92733c77a584097374fe8e24d1bea72f43a97e03eb5d72bb2d214b"",""detector"":""ffmpeg_scene_score"",""threshold"":0.32}"
camera-001-scene-0006,camera-001,video_scene,32.947,42.757,"ASR: Here it is, just a shiny slab. Yet its details are fascinating. This CCD captures the image and then transfers it to the camera's memory system to record it as electronic data. When
OCR: Engincering Stories Eight Amazing This video is based on a chapter in Engineering Stories visit www.engineerguy.com/elements Engineering Stories",data_video/processed/camera-001/clips/camera-001-scene-0006.mp4,data_video/keyframes/camera-001/frame_000006.jpg,871b69bf09dda7c6f7b865bc58cf2d942d802273536877d5d6a1a58fced1d6fb,en,0.973490,camera-001-asr-0003|camera-001-asr-0004,camera-001-ocr-00028|camera-001-ocr-00029|camera-001-ocr-00030|camera-001-ocr-00031|camera-001-ocr-00032|camera-001-ocr-00033|camera-001-ocr-00034|camera-001-ocr-00035|camera-001-ocr-00036|camera-001-ocr-00037|camera-001-ocr-00038|camera-001-ocr-00039|camera-001-ocr-00040,"{""clip_bytes"":335292,""clip_sha256"":""feb29ae0a0c4309cf668a11f34dbc5ce2ca127f93a895316fa589a2b9b54c204"",""detector"":""ffmpeg_scene_score"",""threshold"":0.32}"
camera-001-scene-0007,camera-001,video_scene,42.757,266.070,"ASR: and then transfers it to the camera's memory system to record it as electronic data. When exposed to light, different sections of the CCD build up charge proportional to the light's intensity. We can then measure that charge and know precisely how bright that section of the image should be. If you enlarge a picture on your computer, you can easily see the tiny picture elements called pixels. Each one corresponds to a single section of the CCD. This is the essence of the digital camera. Several million of these sections of photosensitive silicon in a grid capturing an image. Now the key to understanding how digital photography became cheap and ubiquitous lies in the ingenious way that the CCD transfers the image into the camera's memory. The easiest and most straightforward way would be to use wires to connect each pixel in an XY grid. But that presents a problem. Here's what goes wrong. After exposing the grid to light, we can use these wires to read the information pixel by pixel, measuring the charge on each section of the grid. This makes sense in principle, except all of the pixels and their electronic components leak a small bit of charge that distorts the charge coming from each pixel and leads to striations and patterns in the image. This distortion, called capacitive coupling, increases as the number of pixels increases. A CCD solves this problem in a very simple way. The pixels have no wires attached to them. A CCD is made from a slab of silicon. To make each pixel within the slab, engineers create insulating sections called channel stops. These divide the slab into rows. The surface is covered with a thin layer of insulating silicon dioxide, and then perpendicular to the channel stops, engineers deposit thin strips of metal, typically aluminum. Each pixel then is one section, bounded by channel stops in aluminum. So now we have our grid of pixels. Recall that when light strikes the whole array, the silicon pixels build up charge proportional to the intensity of the light striking them. We then have a captured image stored as charge within each pixel. The great innovation of the CCD was how it moved the image from the silicon array to the camera's memory system without using external wires that would distort the image. The CCD shifts the charges from row to row, without wires, until they reach the bottom when a readout register transfers the charge to the camera's memory with very little distortion. The camera then counts the charges and constructs the image using that data. Now, one last important question. How do we get color? A CCD only detects total light intensity, which is useful for producing a black and white image. But for a color photograph, we need to separate the entering light into red, green and blue. The most obvious solution is to filter the light into those three colors, using three three separate CCDs to capture red, blue, and green information and combine them into a full color image. However, engineers have created a cheaper solution. Instead of using three separate CCDs, they use a little math so they only need one. In this consumer camera, they cover that single CCD with a filter with red, green, and blue pixel size sections. This creates an image coming out of the CCD that's a mosaic of these three colors. The camera applies an algorithm to estimate the correct colors for each pixel. For example, For example, if a green filter covered a pixel, we would need to estimate the red and blue components of that pixel. To do this, they'd use the adjacent pixels and average the color intensity for the pixels in question. It works because the image's significant details are much larger than each pixel. This sounds implausible, but you've seen the results yourself. I'm Bill Hammack, the engineer guy. This video is based on a chapter in the book Eight Amazing Engineering Stories. The chapter features more information about this subject. Learn more about the book at the address below.
OCR: 8.84 microns 11.79 microns Would you like to translate the captions/subtitles for this video? If so, please go to http://www.engineerguy.com/translate Distortion from capacitive coupling Silicon S atomic no 14 atomicwt 28.0855 Si atomic wt 28.0855 single pixel www.engineerguy.com IMbillengineerguy 3 VOUOO 00n0o voUOU l0o0 DBF OF Lens Mirrors - CCD Color Filter Array Photoelectric effect Capacitive coupling Eight Amazing Engineering Stories MOS electron traps Using the Elements to Create Extraordinary Technologies MOS=Metal Oxide Semiconductors Bill Hammack, Patrick Ryan &Nick Ziech Clock cycle of CCD Color Filter Array Twatoring Digital Cameras, Lasers, Asowic Cocs. Nuclear Bombi, Microwivs Ovees A m Active pixel sensors (APS) CCD and the Nobel Prize Learn more about the book at www.engineerguy.com/elements Twathring Digital Cameras, Lasers, Alonic Cecs, Nuclear Bombi Macrowivs Ovees & m I Department of Chemical & Biomolecular Engineering School of Chemical Sciences University of Illinois - Urbana Production Team Bill Hammack Nick Ziech & Patrick Ryan BY SA Creative Commons ShareAlike 3.0 ArticulateNoise Productions Supported the Special Grant Program in Chemical Sciences @ CAMILLE & HENRY DrEYFUS FOUNDATION, INC.",data_video/processed/camera-001/clips/camera-001-scene-0007.mp4,data_video/keyframes/camera-001/frame_000008.jpg,871b69bf09dda7c6f7b865bc58cf2d942d802273536877d5d6a1a58fced1d6fb,en,0.922542,camera-001-asr-0004|camera-001-asr-0005|camera-001-asr-0006|camera-001-asr-0007|camera-001-asr-0008|camera-001-asr-0009|camera-001-asr-0010|camera-001-asr-0011|camera-001-asr-0012|camera-001-asr-0013|camera-001-asr-0014|camera-001-asr-0015|camera-001-asr-0016|camera-001-asr-0017|camera-001-asr-0018|camera-001-asr-0019|camera-001-asr-0020|camera-001-asr-0021|camera-001-asr-0022|camera-001-asr-0023|camera-001-asr-0024|camera-001-asr-0025|camera-001-asr-0026|camera-001-asr-0027|camera-001-asr-0028|camera-001-asr-0029|camera-001-asr-0030|camera-001-asr-0031|camera-001-asr-0032|camera-001-asr-0033|camera-001-asr-0034|camera-001-asr-0035|camera-001-asr-0036|camera-001-asr-0037|camera-001-asr-0038|camera-001-asr-0039|camera-001-asr-0040|camera-001-asr-0041|camera-001-asr-0042|camera-001-asr-0043|camera-001-asr-0044|camera-001-asr-0045|camera-001-asr-0046|camera-001-asr-0047|camera-001-asr-0048|camera-001-asr-0049|camera-001-asr-0050|camera-001-asr-0051|camera-001-asr-0052|camera-001-asr-0053|camera-001-asr-0054|camera-001-asr-0055,camera-001-ocr-00041|camera-001-ocr-00042|camera-001-ocr-00043|camera-001-ocr-00044|camera-001-ocr-00045|camera-001-ocr-00046|camera-001-ocr-00047|camera-001-ocr-00048|camera-001-ocr-00049|camera-001-ocr-00050|camera-001-ocr-00051|camera-001-ocr-00052|camera-001-ocr-00053|camera-001-ocr-00054|camera-001-ocr-00055|camera-001-ocr-00056|camera-001-ocr-00057|camera-001-ocr-00058|camera-001-ocr-00059|camera-001-ocr-00060|camera-001-ocr-00061|camera-001-ocr-00062|camera-001-ocr-00063|camera-001-ocr-00064|camera-001-ocr-00065|camera-001-ocr-00066|camera-001-ocr-00067|camera-001-ocr-00068|camera-001-ocr-00069|camera-001-ocr-00070|camera-001-ocr-00071|camera-001-ocr-00072|camera-001-ocr-00073|camera-001-ocr-00074|camera-001-ocr-00075|camera-001-ocr-00076|camera-001-ocr-00077|camera-001-ocr-00078|camera-001-ocr-00079|camera-001-ocr-00080|camera-001-ocr-00081|camera-001-ocr-00082|camera-001-ocr-00083|camera-001-ocr-00084|camera-001-ocr-00085|camera-001-ocr-00086|camera-001-ocr-00087|camera-001-ocr-00088|camera-001-ocr-00089|camera-001-ocr-00090|camera-001-ocr-00091|camera-001-ocr-00092|camera-001-ocr-00093|camera-001-ocr-00094|camera-001-ocr-00095|camera-001-ocr-00096|camera-001-ocr-00097|camera-001-ocr-00098|camera-001-ocr-00099|camera-001-ocr-00100|camera-001-ocr-00101|camera-001-ocr-00102|camera-001-ocr-00103|camera-001-ocr-00104|camera-001-ocr-00105|camera-001-ocr-00106|camera-001-ocr-00107|camera-001-ocr-00108|camera-001-ocr-00109|camera-001-ocr-00110|camera-001-ocr-00111|camera-001-ocr-00112|camera-001-ocr-00113|camera-001-ocr-00114|camera-001-ocr-00115|camera-001-ocr-00116|camera-001-ocr-00117|camera-001-ocr-00118|camera-001-ocr-00119|camera-001-ocr-00120|camera-001-ocr-00121|camera-001-ocr-00122|camera-001-ocr-00123|camera-001-ocr-00124|camera-001-ocr-00125|camera-001-ocr-00126|camera-001-ocr-00127|camera-001-ocr-00128|camera-001-ocr-00129|camera-001-ocr-00130|camera-001-ocr-00131|camera-001-ocr-00132|camera-001-ocr-00133|camera-001-ocr-00134|camera-001-ocr-00135|camera-001-ocr-00136|camera-001-ocr-00137|camera-001-ocr-00138|camera-001-ocr-00139|camera-001-ocr-00140|camera-001-ocr-00141|camera-001-ocr-00142|camera-001-ocr-00143|camera-001-ocr-00144|camera-001-ocr-00145|camera-001-ocr-00146|camera-001-ocr-00147|camera-001-ocr-00148|camera-001-ocr-00149|camera-001-ocr-00150|camera-001-ocr-00151|camera-001-ocr-00152,"{""clip_bytes"":10444150,""clip_sha256"":""6432bb90802e30eae3e59181d27d6a4e7580deb5c2d4a27cc27c3e72327a0ea3"",""detector"":""ffmpeg_scene_score"",""threshold"":0.32}"
camera-001-asr-0001,camera-001,speech_segment,9.140,17.880,"Photographic technology has changed a lot in the last century. Digital photography became cheap and convenient because of the CCD, the charge coupled device inside this camera.",data_video/processed/camera-001/clips/camera-001-scene-0002.mp4,,871b69bf09dda7c6f7b865bc58cf2d942d802273536877d5d6a1a58fced1d6fb,en,0.864752,camera-001-asr-0001,,"{""compression_ratio"":1.49537,""language_probability"":0.99707,""no_speech_probability"":0.08606,""words"":[{""end"":9.62,""probability"":0.967773,""start"":9.14,""word"":"" Photographic""},{""end"":10.1,""probability"":0.987305,""start"":9.62,""word"":"" technology""},{""end"":10.34,""probability"":0.988281,""start"":10.1,""word"":"" has""},{""end"":10.6,""probability"":0.99707,""start"":10.34,""word"":"" changed""},{""end"":10.8,""probability"":0.988281,""start"":10.6,""word"":"" a""},{""end"":11.02,""probability"":0.998535,""start"":10.8,""word"":"" lot""},{""end"":11.2,""probability"":0.991211,""start"":11.02,""word"":"" in""},{""end"":11.22,""probability"":0.997559,""start"":11.2,""word"":"" the""},{""end"":11.42,""probability"":0.997559,""start"":11.22,""word"":"" last""},{""end"":11.8,""probability"":0.995605,""start"":11.42,""word"":"" century.""},{""end"":12.38,""probability"":0.992676,""start"":11.96,""word"":"" Digital""},{""end"":12.8,""probability"":0.961914,""start"":12.38,""word"":"" photography""},{""end"":13.1,""probability"":0.984375,""start"":12.8,""word"":"" became""},{""end"":13.62,""probability"":0.995117,""start"":13.1,""word"":"" cheap""},{""end"":13.86,""probability"":0.997559,""start"":13.62,""word"":"" and""},{""end"":14.18,""probability"":0.993164,""start"":13.86,""word"":"" convenient""},{""end"":14.52,""probability"":0.984863,""start"":14.18,""word"":"" because""},{""end"":14.6,""probability"":0.808594,""start"":14.52,""word"":"" of""},{""end"":14.68,""probability"":0.973145,""start"":14.6,""word"":"" the""},{""end"":15.22,""probability"":0.988281,""start"":14.68,""word"":"" CCD,""},{""end"":15.4,""probability"":0.98291,""start"":15.3,""word"":"" the""},{""end"":15.78,""probability"":0.626953,""start"":15.4,""word"":"" charge""},{""end"":16.08,""probability"":0.590332,""start"":15.78,""word"":"" coupled""},{""end"":16.48,""probability"":0.993164,""start"":16.08,""word"":"" device""},{""end"":17.16,""probability"":0.628906,""start"":16.48,""word"":"" inside""},{""end"":17.56,""probability"":0.982422,""start"":17.16,""word"":"" this""},{""end"":17.88,""probability"":0.999023,""start"":17.56,""word"":"" camera.""}]}"
camera-001-asr-0002,camera-001,speech_segment,18.340,27.780,"In the past, we'd just place a piece of film here behind the lens. But now we have a purely electronic imager to do all the work. Let me show you.",data_video/processed/camera-001/clips/camera-001-scene-0004.mp4,,871b69bf09dda7c6f7b865bc58cf2d942d802273536877d5d6a1a58fced1d6fb,en,0.864752,camera-001-asr-0002,,"{""compression_ratio"":1.49537,""language_probability"":0.99707,""no_speech_probability"":0.08606,""words"":[{""end"":18.82,""probability"":0.995117,""start"":18.34,""word"":"" In""},{""end"":18.92,""probability"":0.999512,""start"":18.82,""word"":"" the""},{""end"":19.48,""probability"":0.999512,""start"":18.92,""word"":"" past,""},{""end"":21.3,""probability"":0.80957,""start"":19.62,""word"":"" we'd""},{""end"":21.44,""probability"":0.983887,""start"":21.3,""word"":"" just""},{""end"":21.74,""probability"":0.981934,""start"":21.44,""word"":"" place""},{""end"":21.9,""probability"":0.992676,""start"":21.74,""word"":"" a""},{""end"":22.02,""probability"":0.998047,""start"":21.9,""word"":"" piece""},{""end"":22.16,""probability"":0.99707,""start"":22.02,""word"":"" of""},{""end"":22.36,""probability"":0.997559,""start"":22.16,""word"":"" film""},{""end"":22.6,""probability"":0.988281,""start"":22.36,""word"":"" here""},{""end"":23.14,""probability"":0.767578,""start"":22.6,""word"":"" behind""},{""end"":23.4,""probability"":0.99707,""start"":23.14,""word"":"" the""},{""end"":23.64,""probability"":0.991211,""start"":23.4,""word"":"" lens.""},{""end"":24.2,""probability"":0.978516,""start"":23.88,""word"":"" But""},{""end"":24.36,""probability"":0.984863,""start"":24.2,""word"":"" now""},{""end"":24.5,""probability"":0.910156,""start"":24.36,""word"":"" we""},{""end"":24.62,""probability"":0.994629,""start"":24.5,""word"":"" have""},{""end"":24.76,""probability"":0.996094,""start"":24.62,""word"":"" a""},{""end"":25.02,""probability"":0.999512,""start"":24.76,""word"":"" purely""},{""end"":25.54,""probability"":0.994141,""start"":25.02,""word"":"" electronic""},{""end"":26.1,""probability"":0.977051,""start"":25.54,""word"":"" imager""},{""end"":26.2,""probability"":0.982422,""start"":26.1,""word"":"" to""},{""end"":26.34,""probability"":0.998535,""start"":26.2,""word"":"" do""},{""end"":26.56,""probability"":0.996582,""start"":26.34,""word"":"" all""},{""end"":26.7,""probability"":0.967285,""start"":26.56,""word"":"" the""},{""end"":27.0,""probability"":0.999512,""start"":26.7,""word"":"" work.""},{""end"":27.34,""probability"":0.987793,""start"":27.08,""word"":"" Let""},{""end"":27.44,""probability"":0.999512,""start"":27.34,""word"":"" me""},{""end"":27.62,""probability"":0.999512,""start"":27.44,""word"":"" show""},{""end"":27.78,""probability"":0.995117,""start"":27.62,""word"":"" you.""}]}"
camera-001-asr-0003,camera-001,speech_segment,31.800,38.040,"Here it is, just a shiny slab. Yet its details are fascinating. This CCD captures the image",data_video/processed/camera-001/clips/camera-001-scene-0006.mp4,,871b69bf09dda7c6f7b865bc58cf2d942d802273536877d5d6a1a58fced1d6fb,en,0.877309,camera-001-asr-0003,,"{""compression_ratio"":1.656934,""language_probability"":0.99707,""no_speech_probability"":0.036194,""words"":[{""end"":32.32,""probability"":0.700684,""start"":31.8,""word"":"" Here""},{""end"":32.6,""probability"":0.956543,""start"":32.32,""word"":"" it""},{""end"":32.74,""probability"":0.995117,""start"":32.6,""word"":"" is,""},{""end"":33.08,""probability"":0.982422,""start"":32.84,""word"":"" just""},{""end"":33.2,""probability"":0.995605,""start"":33.08,""word"":"" a""},{""end"":33.5,""probability"":0.983398,""start"":33.2,""word"":"" shiny""},{""end"":33.82,""probability"":0.997559,""start"":33.5,""word"":"" slab.""},{""end"":34.42,""probability"":0.991699,""start"":34.12,""word"":"" Yet""},{""end"":34.54,""probability"":0.705566,""start"":34.42,""word"":"" its""},{""end"":34.98,""probability"":0.996582,""start"":34.54,""word"":"" details""},{""end"":35.18,""probability"":0.993652,""start"":34.98,""word"":"" are""},{""end"":35.6,""probability"":0.997559,""start"":35.18,""word"":"" fascinating.""},{""end"":36.44,""probability"":0.98584,""start"":36.02,""word"":"" This""},{""end"":37.1,""probability"":0.97876,""start"":36.44,""word"":"" CCD""},{""end"":37.52,""probability"":0.99707,""start"":37.1,""word"":"" captures""},{""end"":37.8,""probability"":0.994629,""start"":37.52,""word"":"" the""},{""end"":38.04,""probability"":0.996582,""start"":37.8,""word"":"" image""}]}"
camera-001-asr-0004,camera-001,speech_segment,38.040,43.160,and then transfers it to the camera's memory system to record it as electronic data. When,data_video/processed/camera-001/clips/camera-001-scene-0006.mp4,,871b69bf09dda7c6f7b865bc58cf2d942d802273536877d5d6a1a58fced1d6fb,en,0.877309,camera-001-asr-0004,,"{""compression_ratio"":1.656934,""language_probability"":0.99707,""no_speech_probability"":0.036194,""words"":[{""end"":38.26,""probability"":0.86377,""start"":38.04,""word"":"" and""},{""end"":38.38,""probability"":0.950684,""start"":38.26,""word"":"" then""},{""end"":38.84,""probability"":0.996094,""start"":38.38,""word"":"" transfers""},{""end"":39.1,""probability"":0.989258,""start"":38.84,""word"":"" it""},{""end"":39.22,""probability"":0.985352,""start"":39.1,""word"":"" to""},{""end"":39.28,""probability"":0.987793,""start"":39.22,""word"":"" the""},{""end"":39.76,""probability"":0.971924,""start"":39.28,""word"":"" camera's""},{""end"":39.98,""probability"":0.995117,""start"":39.76,""word"":"" memory""},{""end"":40.38,""probability"":0.995605,""start"":39.98,""word"":"" system""},{""end"":40.8,""probability"":0.987305,""start"":40.38,""word"":"" to""},{""end"":41.18,""probability"":0.996094,""start"":40.8,""word"":"" record""},{""end"":41.36,""probability"":0.958008,""start"":41.18,""word"":"" it""},{""end"":41.6,""probability"":0.996094,""start"":41.36,""word"":"" as""},{""end"":41.84,""probability"":0.959961,""start"":41.6,""word"":"" electronic""},{""end"":42.46,""probability"":0.999512,""start"":41.84,""word"":"" data.""},{""end"":43.16,""probability"":0.995605,""start"":42.84,""word"":"" When""}]}"
camera-001-asr-0005,camera-001,speech_segment,43.160,47.540,"exposed to light, different sections of the CCD build up charge proportional to the light's",data_video/processed/camera-001/clips/camera-001-scene-0007.mp4,,871b69bf09dda7c6f7b865bc58cf2d942d802273536877d5d6a1a58fced1d6fb,en,0.877309,camera-001-asr-0005,,"{""compression_ratio"":1.656934,""language_probability"":0.99707,""no_speech_probability"":0.036194,""words"":[{""end"":43.4,""probability"":0.996582,""start"":43.16,""word"":"" exposed""},{""end"":43.62,""probability"":0.997559,""start"":43.4,""word"":"" to""},{""end"":43.76,""probability"":0.98877,""start"":43.62,""word"":"" light,""},{""end"":44.14,""probability"":0.994141,""start"":43.9,""word"":"" different""},{""end"":44.58,""probability"":0.99707,""start"":44.14,""word"":"" sections""},{""end"":44.82,""probability"":0.994629,""start"":44.58,""word"":"" of""},{""end"":44.86,""probability"":0.775391,""start"":44.82,""word"":"" the""},{""end"":45.4,""probability"":0.998047,""start"":44.86,""word"":"" CCD""},{""end"":45.72,""probability"":0.989746,""start"":45.4,""word"":"" build""},{""end"":45.86,""probability"":0.958984,""start"":45.72,""word"":"" up""},{""end"":46.18,""probability"":0.926758,""start"":45.86,""word"":"" charge""},{""end"":46.52,""probability"":0.796387,""start"":46.18,""word"":"" proportional""},{""end"":47.16,""probability"":0.998535,""start"":46.52,""word"":"" to""},{""end"":47.28,""probability"":0.985352,""start"":47.16,""word"":"" the""},{""end"":47.54,""probability"":0.972168,""start"":47.28,""word"":"" light's""}]}"
camera-001-asr-0006,camera-001,speech_segment,47.540,51.700,intensity. We can then measure that charge and know precisely how bright that section,data_video/processed/camera-001/clips/camera-001-scene-0007.mp4,,871b69bf09dda7c6f7b865bc58cf2d942d802273536877d5d6a1a58fced1d6fb,en,0.877309,camera-001-asr-0006,,"{""compression_ratio"":1.656934,""language_probability"":0.99707,""no_speech_probability"":0.036194,""words"":[{""end"":47.94,""probability"":0.999023,""start"":47.54,""word"":"" intensity.""},{""end"":48.68,""probability"":0.997559,""start"":48.26,""word"":"" We""},{""end"":48.82,""probability"":0.990723,""start"":48.68,""word"":"" can""},{""end"":48.92,""probability"":0.960938,""start"":48.82,""word"":"" then""},{""end"":49.24,""probability"":0.998535,""start"":48.92,""word"":"" measure""},{""end"":49.36,""probability"":0.972656,""start"":49.24,""word"":"" that""},{""end"":49.68,""probability"":0.994629,""start"":49.36,""word"":"" charge""},{""end"":49.84,""probability"":0.95166,""start"":49.68,""word"":"" and""},{""end"":49.96,""probability"":0.98877,""start"":49.84,""word"":"" know""},{""end"":50.38,""probability"":0.995605,""start"":49.96,""word"":"" precisely""},{""end"":50.88,""probability"":0.996094,""start"":50.38,""word"":"" how""},{""end"":51.1,""probability"":0.967773,""start"":50.88,""word"":"" bright""},{""end"":51.36,""probability"":0.986816,""start"":51.1,""word"":"" that""},{""end"":51.7,""probability"":0.997559,""start"":51.36,""word"":"" section""}]}"
camera-001-asr-0007,camera-001,speech_segment,51.700,56.440,"of the image should be. If you enlarge a picture on your computer, you can easily see the tiny",data_video/processed/camera-001/clips/camera-001-scene-0007.mp4,,871b69bf09dda7c6f7b865bc58cf2d942d802273536877d5d6a1a58fced1d6fb,en,0.877309,camera-001-asr-0007,,"{""compression_ratio"":1.656934,""language_probability"":0.99707,""no_speech_probability"":0.036194,""words"":[{""end"":51.86,""probability"":0.994141,""start"":51.7,""word"":"" of""},{""end"":51.92,""probability"":0.989258,""start"":51.86,""word"":"" the""},{""end"":52.14,""probability"":0.996582,""start"":51.92,""word"":"" image""},{""end"":52.34,""probability"":0.995605,""start"":52.14,""word"":"" should""},{""end"":52.5,""probability"":0.999512,""start"":52.34,""word"":"" be.""},{""end"":53.3,""probability"":0.996094,""start"":52.9,""word"":"" If""},{""end"":53.42,""probability"":0.998535,""start"":53.3,""word"":"" you""},{""end"":53.88,""probability"":0.998291,""start"":53.42,""word"":"" enlarge""},{""end"":53.98,""probability"":0.977051,""start"":53.88,""word"":"" a""},{""end"":54.22,""probability"":0.997559,""start"":53.98,""word"":"" picture""},{""end"":54.36,""probability"":0.914551,""start"":54.22,""word"":"" on""},{""end"":54.46,""probability"":0.996094,""start"":54.36,""word"":"" your""},{""end"":54.8,""probability"":0.999512,""start"":54.46,""word"":"" computer,""},{""end"":55.1,""probability"":0.998535,""start"":54.94,""word"":"" you""},{""end"":55.28,""probability"":0.993164,""start"":55.1,""word"":"" can""},{""end"":55.62,""probability"":0.996582,""start"":55.28,""word"":"" easily""},{""end"":55.98,""probability"":0.998047,""start"":55.62,""word"":"" see""},{""end"":56.12,""probability"":0.986816,""start"":55.98,""word"":"" the""},{""end"":56.44,""probability"":0.997559,""start"":56.12,""word"":"" tiny""}]}"
camera-001-asr-0008,camera-001,speech_segment,56.440,60.720,picture elements called pixels. Each one corresponds to a single section of the,data_video/processed/camera-001/clips/camera-001-scene-0007.mp4,,871b69bf09dda7c6f7b865bc58cf2d942d802273536877d5d6a1a58fced1d6fb,en,0.916808,camera-001-asr-0008,,"{""compression_ratio"":1.655914,""language_probability"":0.99707,""no_speech_probability"":0.045319,""words"":[{""end"":56.74,""probability"":0.395264,""start"":56.44,""word"":"" picture""},{""end"":57.16,""probability"":0.994629,""start"":56.74,""word"":"" elements""},{""end"":57.46,""probability"":0.98584,""start"":57.16,""word"":"" called""},{""end"":57.9,""probability"":0.949219,""start"":57.46,""word"":"" pixels.""},{""end"":58.7,""probability"":0.989746,""start"":58.2,""word"":"" Each""},{""end"":58.9,""probability"":0.996582,""start"":58.7,""word"":"" one""},{""end"":59.22,""probability"":0.99707,""start"":58.9,""word"":"" corresponds""},{""end"":59.58,""probability"":0.999512,""start"":59.22,""word"":"" to""},{""end"":59.68,""probability"":0.998535,""start"":59.58,""word"":"" a""},{""end"":60.0,""probability"":0.999512,""start"":59.68,""word"":"" single""},{""end"":60.42,""probability"":0.998047,""start"":60.0,""word"":"" section""},{""end"":60.66,""probability"":0.992188,""start"":60.42,""word"":"" of""},{""end"":60.72,""probability"":0.992676,""start"":60.66,""word"":"" the""}]}"
camera-001-asr-0009,camera-001,speech_segment,60.720,65.320,CCD. This is the essence of the digital camera. Several million of these sections,data_video/processed/camera-001/clips/camera-001-scene-0007.mp4,,871b69bf09dda7c6f7b865bc58cf2d942d802273536877d5d6a1a58fced1d6fb,en,0.916808,camera-001-asr-0009,,"{""compression_ratio"":1.655914,""language_probability"":0.99707,""no_speech_probability"":0.045319,""words"":[{""end"":61.22,""probability"":0.991455,""start"":60.72,""word"":"" CCD.""},{""end"":61.94,""probability"":0.995117,""start"":61.38,""word"":"" This""},{""end"":62.08,""probability"":0.999512,""start"":61.94,""word"":"" is""},{""end"":62.18,""probability"":0.999512,""start"":62.08,""word"":"" the""},{""end"":62.56,""probability"":0.996582,""start"":62.18,""word"":"" essence""},{""end"":62.76,""probability"":0.996582,""start"":62.56,""word"":"" of""},{""end"":62.84,""probability"":0.95459,""start"":62.76,""word"":"" the""},{""end"":63.06,""probability"":0.996094,""start"":62.84,""word"":"" digital""},{""end"":63.42,""probability"":0.999023,""start"":63.06,""word"":"" camera.""},{""end"":64.2,""probability"":0.988281,""start"":63.66,""word"":"" Several""},{""end"":64.7,""probability"":0.920898,""start"":64.2,""word"":"" million""},{""end"":64.9,""probability"":0.997559,""start"":64.7,""word"":"" of""},{""end"":65.0,""probability"":0.98877,""start"":64.9,""word"":"" these""},{""end"":65.32,""probability"":0.997559,""start"":65.0,""word"":"" sections""}]}"
camera-001-asr-0010,camera-001,speech_segment,65.320,70.040,of photosensitive silicon in a grid capturing an image. Now the key to,data_video/processed/camera-001/clips/camera-001-scene-0007.mp4,,871b69bf09dda7c6f7b865bc58cf2d942d802273536877d5d6a1a58fced1d6fb,en,0.916808,camera-001-asr-0010,,"{""compression_ratio"":1.655914,""language_probability"":0.99707,""no_speech_probability"":0.045319,""words"":[{""end"":65.58,""probability"":0.840332,""start"":65.32,""word"":"" of""},{""end"":66.3,""probability"":0.911865,""start"":65.58,""word"":"" photosensitive""},{""end"":66.68,""probability"":0.959473,""start"":66.3,""word"":"" silicon""},{""end"":67.14,""probability"":0.975098,""start"":66.68,""word"":"" in""},{""end"":67.24,""probability"":0.994629,""start"":67.14,""word"":"" a""},{""end"":67.5,""probability"":0.999023,""start"":67.24,""word"":"" grid""},{""end"":68.06,""probability"":0.968262,""start"":67.5,""word"":"" capturing""},{""end"":68.22,""probability"":0.994141,""start"":68.06,""word"":"" an""},{""end"":68.44,""probability"":0.999512,""start"":68.22,""word"":"" image.""},{""end"":69.16,""probability"":0.985352,""start"":68.7,""word"":"" Now""},{""end"":69.52,""probability"":0.458252,""start"":69.16,""word"":"" the""},{""end"":69.88,""probability"":0.999512,""start"":69.52,""word"":"" key""},{""end"":70.04,""probability"":0.999023,""start"":69.88,""word"":"" to""}]}"
camera-001-asr-0011,camera-001,speech_segment,70.040,74.040,understanding how digital photography became cheap and ubiquitous lies in the,data_video/processed/camera-001/clips/camera-001-scene-0007.mp4,,871b69bf09dda7c6f7b865bc58cf2d942d802273536877d5d6a1a58fced1d6fb,en,0.916808,camera-001-asr-0011,,"{""compression_ratio"":1.655914,""language_probability"":0.99707,""no_speech_probability"":0.045319,""words"":[{""end"":70.56,""probability"":0.994141,""start"":70.04,""word"":"" understanding""},{""end"":70.78,""probability"":0.99707,""start"":70.56,""word"":"" how""},{""end"":71.06,""probability"":0.996582,""start"":70.78,""word"":"" digital""},{""end"":71.56,""probability"":0.998535,""start"":71.06,""word"":"" photography""},{""end"":71.82,""probability"":0.994629,""start"":71.56,""word"":"" became""},{""end"":72.28,""probability"":0.998047,""start"":71.82,""word"":"" cheap""},{""end"":72.52,""probability"":0.99707,""start"":72.28,""word"":"" and""},{""end"":73.06,""probability"":0.999512,""start"":72.52,""word"":"" ubiquitous""},{""end"":73.58,""probability"":0.976562,""start"":73.06,""word"":"" lies""},{""end"":73.92,""probability"":0.999023,""start"":73.58,""word"":"" in""},{""end"":74.04,""probability"":0.998535,""start"":73.92,""word"":"" the""}]}"
camera-001-asr-0012,camera-001,speech_segment,74.040,79.020,ingenious way that the CCD transfers the image into the camera's memory. The,data_video/processed/camera-001/clips/camera-001-scene-0007.mp4,,871b69bf09dda7c6f7b865bc58cf2d942d802273536877d5d6a1a58fced1d6fb,en,0.916808,camera-001-asr-0012,,"{""compression_ratio"":1.655914,""language_probability"":0.99707,""no_speech_probability"":0.045319,""words"":[{""end"":74.58,""probability"":0.996094,""start"":74.04,""word"":"" ingenious""},{""end"":74.8,""probability"":0.997559,""start"":74.58,""word"":"" way""},{""end"":75.1,""probability"":0.991211,""start"":74.8,""word"":"" that""},{""end"":75.2,""probability"":0.997559,""start"":75.1,""word"":"" the""},{""end"":75.88,""probability"":0.996338,""start"":75.2,""word"":"" CCD""},{""end"":76.28,""probability"":0.998047,""start"":75.88,""word"":"" transfers""},{""end"":76.68,""probability"":0.999023,""start"":76.28,""word"":"" the""},{""end"":76.96,""probability"":0.998535,""start"":76.68,""word"":"" image""},{""end"":77.42,""probability"":0.996094,""start"":76.96,""word"":"" into""},{""end"":77.58,""probability"":0.996582,""start"":77.42,""word"":"" the""},{""end"":78.02,""probability"":0.844727,""start"":77.58,""word"":"" camera's""},{""end"":78.24,""probability"":0.998535,""start"":78.02,""word"":"" memory.""},{""end"":79.02,""probability"":0.994629,""start"":78.5,""word"":"" The""}]}"
camera-001-asr-0013,camera-001,speech_segment,79.020,82.580,easiest and most straightforward way would be to use wires to connect each,data_video/processed/camera-001/clips/camera-001-scene-0007.mp4,,871b69bf09dda7c6f7b865bc58cf2d942d802273536877d5d6a1a58fced1d6fb,en,0.916808,camera-001-asr-0013,,"{""compression_ratio"":1.655914,""language_probability"":0.99707,""no_speech_probability"":0.045319,""words"":[{""end"":79.48,""probability"":0.999512,""start"":79.02,""word"":"" easiest""},{""end"":79.72,""probability"":0.979492,""start"":79.48,""word"":"" and""},{""end"":79.88,""probability"":0.991211,""start"":79.72,""word"":"" most""},{""end"":80.2,""probability"":0.96875,""start"":79.88,""word"":"" straightforward""},{""end"":80.74,""probability"":0.999023,""start"":80.2,""word"":"" way""},{""end"":81.2,""probability"":0.989746,""start"":80.74,""word"":"" would""},{""end"":81.32,""probability"":0.999512,""start"":81.2,""word"":"" be""},{""end"":81.4,""probability"":0.99707,""start"":81.32,""word"":"" to""},{""end"":81.52,""probability"":0.999023,""start"":81.4,""word"":"" use""},{""end"":81.84,""probability"":0.999023,""start"":81.52,""word"":"" wires""},{""end"":82.06,""probability"":0.999512,""start"":81.84,""word"":"" to""},{""end"":82.28,""probability"":0.999023,""start"":82.06,""word"":"" connect""},{""end"":82.58,""probability"":0.999023,""start"":82.28,""word"":"" each""}]}"
camera-001-asr-0014,camera-001,speech_segment,82.580,87.300,pixel in an XY grid. But that presents a problem. Here's what goes wrong. After,data_video/processed/camera-001/clips/camera-001-scene-0007.mp4,,871b69bf09dda7c6f7b865bc58cf2d942d802273536877d5d6a1a58fced1d6fb,en,0.914300,camera-001-asr-0014,,"{""compression_ratio"":1.75974,""language_probability"":0.99707,""no_speech_probability"":0.021606,""words"":[{""end"":82.92,""probability"":0.844727,""start"":82.58,""word"":"" pixel""},{""end"":83.28,""probability"":0.98584,""start"":82.92,""word"":"" in""},{""end"":83.38,""probability"":0.943848,""start"":83.28,""word"":"" an""},{""end"":83.62,""probability"":0.675781,""start"":83.38,""word"":"" XY""},{""end"":83.9,""probability"":0.969238,""start"":83.62,""word"":"" grid.""},{""end"":84.58,""probability"":0.991699,""start"":84.14,""word"":"" But""},{""end"":84.72,""probability"":0.976562,""start"":84.58,""word"":"" that""},{""end"":84.94,""probability"":0.996582,""start"":84.72,""word"":"" presents""},{""end"":85.08,""probability"":0.992188,""start"":84.94,""word"":"" a""},{""end"":85.34,""probability"":0.999023,""start"":85.08,""word"":"" problem.""},{""end"":86.12,""probability"":0.97998,""start"":85.6,""word"":"" Here's""},{""end"":86.24,""probability"":0.996582,""start"":86.12,""word"":"" what""},{""end"":86.38,""probability"":0.996094,""start"":86.24,""word"":"" goes""},{""end"":86.64,""probability"":0.999512,""start"":86.38,""word"":"" wrong.""},{""end"":87.3,""probability"":0.99707,""start"":86.86,""word"":"" After""}]}"
camera-001-asr-0015,camera-001,speech_segment,87.300,90.900,"exposing the grid to light, we can use these wires to read the information",data_video/processed/camera-001/clips/camera-001-scene-0007.mp4,,871b69bf09dda7c6f7b865bc58cf2d942d802273536877d5d6a1a58fced1d6fb,en,0.914300,camera-001-asr-0015,,"{""compression_ratio"":1.75974,""language_probability"":0.99707,""no_speech_probability"":0.021606,""words"":[{""end"":87.78,""probability"":0.999023,""start"":87.3,""word"":"" exposing""},{""end"":88.06,""probability"":0.997559,""start"":87.78,""word"":"" the""},{""end"":88.22,""probability"":0.991699,""start"":88.06,""word"":"" grid""},{""end"":88.34,""probability"":0.982422,""start"":88.22,""word"":"" to""},{""end"":88.5,""probability"":0.993164,""start"":88.34,""word"":"" light,""},{""end"":88.82,""probability"":0.99707,""start"":88.64,""word"":"" we""},{""end"":88.98,""probability"":0.994629,""start"":88.82,""word"":"" can""},{""end"":89.28,""probability"":0.998047,""start"":88.98,""word"":"" use""},{""end"":89.48,""probability"":0.991699,""start"":89.28,""word"":"" these""},{""end"":89.78,""probability"":0.998047,""start"":89.48,""word"":"" wires""},{""end"":89.98,""probability"":0.998535,""start"":89.78,""word"":"" to""},{""end"":90.28,""probability"":0.994141,""start"":89.98,""word"":"" read""},{""end"":90.42,""probability"":0.984375,""start"":90.28,""word"":"" the""},{""end"":90.9,""probability"":0.999023,""start"":90.42,""word"":"" information""}]}"
camera-001-asr-0016,camera-001,speech_segment,90.900,95.360,"pixel by pixel, measuring the charge on each section of the grid. This makes",data_video/processed/camera-001/clips/camera-001-scene-0007.mp4,,871b69bf09dda7c6f7b865bc58cf2d942d802273536877d5d6a1a58fced1d6fb,en,0.914300,camera-001-asr-0016,,"{""compression_ratio"":1.75974,""language_probability"":0.99707,""no_speech_probability"":0.021606,""words"":[{""end"":91.48,""probability"":0.896484,""start"":90.9,""word"":"" pixel""},{""end"":91.74,""probability"":0.870605,""start"":91.48,""word"":"" by""},{""end"":92.08,""probability"":1.0,""start"":91.74,""word"":"" pixel,""},{""end"":92.74,""probability"":0.998535,""start"":92.24,""word"":"" measuring""},{""end"":92.96,""probability"":0.998535,""start"":92.74,""word"":"" the""},{""end"":93.3,""probability"":0.997559,""start"":92.96,""word"":"" charge""},{""end"":93.46,""probability"":0.862305,""start"":93.3,""word"":"" on""},{""end"":93.66,""probability"":0.999023,""start"":93.46,""word"":"" each""},{""end"":94.02,""probability"":0.998047,""start"":93.66,""word"":"" section""},{""end"":94.26,""probability"":0.995605,""start"":94.02,""word"":"" of""},{""end"":94.28,""probability"":0.997559,""start"":94.26,""word"":"" the""},{""end"":94.48,""probability"":0.999512,""start"":94.28,""word"":"" grid.""},{""end"":95.18,""probability"":0.99707,""start"":94.74,""word"":"" This""},{""end"":95.36,""probability"":0.994629,""start"":95.18,""word"":"" makes""}]}"
camera-001-asr-0017,camera-001,speech_segment,95.360,98.880,"sense in principle, except all of the pixels and their electronic components",data_video/processed/camera-001/clips/camera-001-scene-0007.mp4,,871b69bf09dda7c6f7b865bc58cf2d942d802273536877d5d6a1a58fced1d6fb,en,0.914300,camera-001-asr-0017,,"{""compression_ratio"":1.75974,""language_probability"":0.99707,""no_speech_probability"":0.021606,""words"":[{""end"":95.56,""probability"":0.998535,""start"":95.36,""word"":"" sense""},{""end"":95.68,""probability"":0.981445,""start"":95.56,""word"":"" in""},{""end"":96.02,""probability"":0.979004,""start"":95.68,""word"":"" principle,""},{""end"":96.56,""probability"":0.998535,""start"":96.18,""word"":"" except""},{""end"":96.92,""probability"":0.961426,""start"":96.56,""word"":"" all""},{""end"":97.12,""probability"":0.916992,""start"":96.92,""word"":"" of""},{""end"":97.2,""probability"":0.998535,""start"":97.12,""word"":"" the""},{""end"":97.56,""probability"":0.996094,""start"":97.2,""word"":"" pixels""},{""end"":97.76,""probability"":0.84668,""start"":97.56,""word"":"" and""},{""end"":97.9,""probability"":0.995117,""start"":97.76,""word"":"" their""},{""end"":98.28,""probability"":0.995117,""start"":97.9,""word"":"" electronic""},{""end"":98.88,""probability"":0.99707,""start"":98.28,""word"":"" components""}]}"
camera-001-asr-0018,camera-001,speech_segment,98.880,103.320,leak a small bit of charge that distorts the charge coming from each pixel and,data_video/processed/camera-001/clips/camera-001-scene-0007.mp4,,871b69bf09dda7c6f7b865bc58cf2d942d802273536877d5d6a1a58fced1d6fb,en,0.914300,camera-001-asr-0018,,"{""compression_ratio"":1.75974,""language_probability"":0.99707,""no_speech_probability"":0.021606,""words"":[{""end"":99.16,""probability"":0.99707,""start"":98.88,""word"":"" leak""},{""end"":99.3,""probability"":0.997559,""start"":99.16,""word"":"" a""},{""end"":99.66,""probability"":0.99707,""start"":99.3,""word"":"" small""},{""end"":99.94,""probability"":0.997559,""start"":99.66,""word"":"" bit""},{""end"":100.04,""probability"":0.999023,""start"":99.94,""word"":"" of""},{""end"":100.38,""probability"":0.992188,""start"":100.04,""word"":"" charge""},{""end"":100.76,""probability"":0.979492,""start"":100.38,""word"":"" that""},{""end"":101.26,""probability"":0.997314,""start"":100.76,""word"":"" distorts""},{""end"":101.42,""probability"":0.998535,""start"":101.26,""word"":"" the""},{""end"":101.74,""probability"":0.995605,""start"":101.42,""word"":"" charge""},{""end"":102.1,""probability"":0.994629,""start"":101.74,""word"":"" coming""},{""end"":102.42,""probability"":0.997559,""start"":102.1,""word"":"" from""},{""end"":102.6,""probability"":0.997559,""start"":102.42,""word"":"" each""},{""end"":102.96,""probability"":0.999512,""start"":102.6,""word"":"" pixel""},{""end"":103.32,""probability"":0.759766,""start"":102.96,""word"":"" and""}]}"
camera-001-asr-0019,camera-001,speech_segment,103.320,107.460,"leads to striations and patterns in the image. This distortion, called capacitive",data_video/processed/camera-001/clips/camera-001-scene-0007.mp4,,871b69bf09dda7c6f7b865bc58cf2d942d802273536877d5d6a1a58fced1d6fb,en,0.914300,camera-001-asr-0019,,"{""compression_ratio"":1.75974,""language_probability"":0.99707,""no_speech_probability"":0.021606,""words"":[{""end"":103.56,""probability"":0.984863,""start"":103.32,""word"":"" leads""},{""end"":103.7,""probability"":0.988281,""start"":103.56,""word"":"" to""},{""end"":104.26,""probability"":0.998291,""start"":103.7,""word"":"" striations""},{""end"":104.48,""probability"":0.994629,""start"":104.26,""word"":"" and""},{""end"":104.84,""probability"":0.997559,""start"":104.48,""word"":"" patterns""},{""end"":105.1,""probability"":0.990723,""start"":104.84,""word"":"" in""},{""end"":105.16,""probability"":0.998535,""start"":105.1,""word"":"" the""},{""end"":105.46,""probability"":0.998047,""start"":105.16,""word"":"" image.""},{""end"":106.16,""probability"":0.996094,""start"":105.68,""word"":"" This""},{""end"":106.5,""probability"":0.994629,""start"":106.16,""word"":"" distortion,""},{""end"":106.9,""probability"":0.998535,""start"":106.7,""word"":"" called""},{""end"":107.46,""probability"":0.951172,""start"":106.9,""word"":"" capacitive""}]}"
camera-001-asr-0020,camera-001,speech_segment,107.460,112.060,"coupling, increases as the number of pixels increases. A CCD solves this",data_video/processed/camera-001/clips/camera-001-scene-0007.mp4,,871b69bf09dda7c6f7b865bc58cf2d942d802273536877d5d6a1a58fced1d6fb,en,0.914300,camera-001-asr-0020,,"{""compression_ratio"":1.75974,""language_probability"":0.99707,""no_speech_probability"":0.021606,""words"":[{""end"":107.74,""probability"":0.99707,""start"":107.46,""word"":"" coupling,""},{""end"":108.46,""probability"":0.998047,""start"":107.9,""word"":"" increases""},{""end"":108.84,""probability"":0.998047,""start"":108.46,""word"":"" as""},{""end"":108.94,""probability"":0.999512,""start"":108.84,""word"":"" the""},{""end"":109.22,""probability"":0.99707,""start"":108.94,""word"":"" number""},{""end"":109.44,""probability"":0.99707,""start"":109.22,""word"":"" of""},{""end"":109.72,""probability"":0.99707,""start"":109.44,""word"":"" pixels""},{""end"":110.06,""probability"":0.995605,""start"":109.72,""word"":"" increases.""},{""end"":111.02,""probability"":0.993164,""start"":110.5,""word"":"" A""},{""end"":111.5,""probability"":0.993408,""start"":111.02,""word"":"" CCD""},{""end"":111.76,""probability"":0.98291,""start"":111.5,""word"":"" solves""},{""end"":112.06,""probability"":0.997559,""start"":111.76,""word"":"" this""}]}"
camera-001-asr-0021,camera-001,speech_segment,112.060,118.020,problem in a very simple way. The pixels have no wires attached to them. A CCD is made from,data_video/processed/camera-001/clips/camera-001-scene-0007.mp4,,871b69bf09dda7c6f7b865bc58cf2d942d802273536877d5d6a1a58fced1d6fb,en,0.925335,camera-001-asr-0021,,"{""compression_ratio"":1.734848,""language_probability"":0.99707,""no_speech_probability"":0.01049,""words"":[{""end"":112.3,""probability"":0.681641,""start"":112.06,""word"":"" problem""},{""end"":112.58,""probability"":0.987305,""start"":112.3,""word"":"" in""},{""end"":112.66,""probability"":0.993652,""start"":112.58,""word"":"" a""},{""end"":112.9,""probability"":0.97998,""start"":112.66,""word"":"" very""},{""end"":113.2,""probability"":0.999023,""start"":112.9,""word"":"" simple""},{""end"":113.48,""probability"":0.999512,""start"":113.2,""word"":"" way.""},{""end"":114.08,""probability"":0.989258,""start"":113.84,""word"":"" The""},{""end"":114.42,""probability"":0.976074,""start"":114.08,""word"":"" pixels""},{""end"":114.64,""probability"":0.997559,""start"":114.42,""word"":"" have""},{""end"":114.96,""probability"":0.974609,""start"":114.64,""word"":"" no""},{""end"":115.52,""probability"":0.996582,""start"":114.96,""word"":"" wires""},{""end"":115.82,""probability"":0.996582,""start"":115.52,""word"":"" attached""},{""end"":116.18,""probability"":0.991211,""start"":115.82,""word"":"" to""},{""end"":116.32,""probability"":0.999023,""start"":116.18,""word"":"" them.""},{""end"":116.9,""probability"":0.952148,""start"":116.52,""word"":"" A""},{""end"":117.48,""probability"":0.97583,""start"":116.9,""word"":"" CCD""},{""end"":117.66,""probability"":0.994629,""start"":117.48,""word"":"" is""},{""end"":117.86,""probability"":0.998047,""start"":117.66,""word"":"" made""},{""end"":118.02,""probability"":0.985352,""start"":117.86,""word"":"" from""}]}"
camera-001-asr-0022,camera-001,speech_segment,118.020,123.280,"a slab of silicon. To make each pixel within the slab, engineers create insulating sections",data_video/processed/camera-001/clips/camera-001-scene-0007.mp4,,871b69bf09dda7c6f7b865bc58cf2d942d802273536877d5d6a1a58fced1d6fb,en,0.925335,camera-001-asr-0022,,"{""compression_ratio"":1.734848,""language_probability"":0.99707,""no_speech_probability"":0.01049,""words"":[{""end"":118.14,""probability"":0.977051,""start"":118.02,""word"":"" a""},{""end"":118.42,""probability"":0.998535,""start"":118.14,""word"":"" slab""},{""end"":118.58,""probability"":0.999023,""start"":118.42,""word"":"" of""},{""end"":118.8,""probability"":0.915527,""start"":118.58,""word"":"" silicon.""},{""end"":119.54,""probability"":0.997559,""start"":119.22,""word"":"" To""},{""end"":119.7,""probability"":0.998047,""start"":119.54,""word"":"" make""},{""end"":119.98,""probability"":0.997559,""start"":119.7,""word"":"" each""},{""end"":120.46,""probability"":0.996582,""start"":119.98,""word"":"" pixel""},{""end"":120.72,""probability"":0.958008,""start"":120.46,""word"":"" within""},{""end"":120.9,""probability"":0.968262,""start"":120.72,""word"":"" the""},{""end"":121.16,""probability"":0.999023,""start"":120.9,""word"":"" slab,""},{""end"":121.84,""probability"":0.98877,""start"":121.34,""word"":"" engineers""},{""end"":122.28,""probability"":0.993164,""start"":121.84,""word"":"" create""},{""end"":122.94,""probability"":0.993408,""start"":122.28,""word"":"" insulating""},{""end"":123.28,""probability"":0.99707,""start"":122.94,""word"":"" sections""}]}"
camera-001-asr-0023,camera-001,speech_segment,123.280,128.120,called channel stops. These divide the slab into rows. The surface is covered with a thin,data_video/processed/camera-001/clips/camera-001-scene-0007.mp4,,871b69bf09dda7c6f7b865bc58cf2d942d802273536877d5d6a1a58fced1d6fb,en,0.925335,camera-001-asr-0023,,"{""compression_ratio"":1.734848,""language_probability"":0.99707,""no_speech_probability"":0.01049,""words"":[{""end"":123.64,""probability"":0.906738,""start"":123.28,""word"":"" called""},{""end"":124.0,""probability"":0.85791,""start"":123.64,""word"":"" channel""},{""end"":124.24,""probability"":0.98291,""start"":124.0,""word"":"" stops.""},{""end"":124.76,""probability"":0.859375,""start"":124.54,""word"":"" These""},{""end"":125.08,""probability"":0.992188,""start"":124.76,""word"":"" divide""},{""end"":125.36,""probability"":0.995117,""start"":125.08,""word"":"" the""},{""end"":125.64,""probability"":0.993652,""start"":125.36,""word"":"" slab""},{""end"":125.88,""probability"":0.990723,""start"":125.64,""word"":"" into""},{""end"":126.14,""probability"":0.992188,""start"":125.88,""word"":"" rows.""},{""end"":126.86,""probability"":0.98877,""start"":126.46,""word"":"" The""},{""end"":127.18,""probability"":0.998535,""start"":126.86,""word"":"" surface""},{""end"":127.36,""probability"":0.998535,""start"":127.18,""word"":"" is""},{""end"":127.56,""probability"":0.999023,""start"":127.36,""word"":"" covered""},{""end"":127.72,""probability"":0.992188,""start"":127.56,""word"":"" with""},{""end"":127.84,""probability"":0.990234,""start"":127.72,""word"":"" a""},{""end"":128.12,""probability"":0.99707,""start"":127.84,""word"":"" thin""}]}"
camera-001-asr-0024,camera-001,speech_segment,128.120,132.660,"layer of insulating silicon dioxide, and then perpendicular to the channel stops, engineers",data_video/processed/camera-001/clips/camera-001-scene-0007.mp4,,871b69bf09dda7c6f7b865bc58cf2d942d802273536877d5d6a1a58fced1d6fb,en,0.925335,camera-001-asr-0024,,"{""compression_ratio"":1.734848,""language_probability"":0.99707,""no_speech_probability"":0.01049,""words"":[{""end"":128.38,""probability"":0.999023,""start"":128.12,""word"":"" layer""},{""end"":128.56,""probability"":0.998047,""start"":128.38,""word"":"" of""},{""end"":128.98,""probability"":0.991455,""start"":128.56,""word"":"" insulating""},{""end"":129.26,""probability"":0.984375,""start"":128.98,""word"":"" silicon""},{""end"":129.6,""probability"":0.996094,""start"":129.26,""word"":"" dioxide,""},{""end"":130.38,""probability"":0.989746,""start"":129.98,""word"":"" and""},{""end"":130.46,""probability"":0.944336,""start"":130.38,""word"":"" then""},{""end"":130.92,""probability"":0.97168,""start"":130.46,""word"":"" perpendicular""},{""end"":131.4,""probability"":0.998047,""start"":130.92,""word"":"" to""},{""end"":131.46,""probability"":0.984375,""start"":131.4,""word"":"" the""},{""end"":131.7,""probability"":0.99707,""start"":131.46,""word"":"" channel""},{""end"":131.98,""probability"":0.99707,""start"":131.7,""word"":"" stops,""},{""end"":132.66,""probability"":0.992676,""start"":132.18,""word"":"" engineers""}]}"
camera-001-asr-0025,camera-001,speech_segment,132.660,138.420,"deposit thin strips of metal, typically aluminum. Each pixel then is one section, bounded by",data_video/processed/camera-001/clips/camera-001-scene-0007.mp4,,871b69bf09dda7c6f7b865bc58cf2d942d802273536877d5d6a1a58fced1d6fb,en,0.925335,camera-001-asr-0025,,"{""compression_ratio"":1.734848,""language_probability"":0.99707,""no_speech_probability"":0.01049,""words"":[{""end"":133.1,""probability"":0.99707,""start"":132.66,""word"":"" deposit""},{""end"":133.6,""probability"":0.996582,""start"":133.1,""word"":"" thin""},{""end"":134.0,""probability"":0.992676,""start"":133.6,""word"":"" strips""},{""end"":134.3,""probability"":0.998535,""start"":134.0,""word"":"" of""},{""end"":134.54,""probability"":0.999023,""start"":134.3,""word"":"" metal,""},{""end"":134.92,""probability"":0.99707,""start"":134.66,""word"":"" typically""},{""end"":135.28,""probability"":0.98584,""start"":134.92,""word"":"" aluminum.""},{""end"":136.28,""probability"":0.998047,""start"":135.72,""word"":"" Each""},{""end"":136.68,""probability"":0.999023,""start"":136.28,""word"":"" pixel""},{""end"":136.86,""probability"":0.697266,""start"":136.68,""word"":"" then""},{""end"":137.12,""probability"":0.940918,""start"":136.86,""word"":"" is""},{""end"":137.38,""probability"":0.986328,""start"":137.12,""word"":"" one""},{""end"":137.82,""probability"":0.998047,""start"":137.38,""word"":"" section,""},{""end"":138.22,""probability"":0.912109,""start"":137.96,""word"":"" bounded""},{""end"":138.42,""probability"":0.998535,""start"":138.22,""word"":"" by""}]}"
camera-001-asr-0026,camera-001,speech_segment,138.420,139.480,channel stops in aluminum.,data_video/processed/camera-001/clips/camera-001-scene-0007.mp4,,871b69bf09dda7c6f7b865bc58cf2d942d802273536877d5d6a1a58fced1d6fb,en,0.916662,camera-001-asr-0026,,"{""compression_ratio"":1.771044,""language_probability"":0.99707,""no_speech_probability"":0.005466,""words"":[{""end"":138.64,""probability"":0.586426,""start"":138.42,""word"":"" channel""},{""end"":138.94,""probability"":0.995605,""start"":138.64,""word"":"" stops""},{""end"":139.26,""probability"":0.874512,""start"":138.94,""word"":"" in""},{""end"":139.48,""probability"":0.954102,""start"":139.26,""word"":"" aluminum.""}]}"
camera-001-asr-0027,camera-001,speech_segment,140.060,141.960,So now we have our grid of pixels.,data_video/processed/camera-001/clips/camera-001-scene-0007.mp4,,871b69bf09dda7c6f7b865bc58cf2d942d802273536877d5d6a1a58fced1d6fb,en,0.916662,camera-001-asr-0027,,"{""compression_ratio"":1.771044,""language_probability"":0.99707,""no_speech_probability"":0.005466,""words"":[{""end"":140.36,""probability"":0.9375,""start"":140.06,""word"":"" So""},{""end"":140.78,""probability"":0.802734,""start"":140.36,""word"":"" now""},{""end"":140.98,""probability"":0.964355,""start"":140.78,""word"":"" we""},{""end"":141.2,""probability"":0.994629,""start"":140.98,""word"":"" have""},{""end"":141.34,""probability"":0.958984,""start"":141.2,""word"":"" our""},{""end"":141.58,""probability"":0.991699,""start"":141.34,""word"":"" grid""},{""end"":141.68,""probability"":0.997559,""start"":141.58,""word"":"" of""},{""end"":141.96,""probability"":0.990723,""start"":141.68,""word"":"" pixels.""}]}"
camera-001-asr-0028,camera-001,speech_segment,142.560,147.460,"Recall that when light strikes the whole array, the silicon pixels build up charge proportional",data_video/processed/camera-001/clips/camera-001-scene-0007.mp4,,871b69bf09dda7c6f7b865bc58cf2d942d802273536877d5d6a1a58fced1d6fb,en,0.916662,camera-001-asr-0028,,"{""compression_ratio"":1.771044,""language_probability"":0.99707,""no_speech_probability"":0.005466,""words"":[{""end"":143.12,""probability"":0.996094,""start"":142.56,""word"":"" Recall""},{""end"":143.3,""probability"":0.967285,""start"":143.12,""word"":"" that""},{""end"":143.46,""probability"":0.986816,""start"":143.3,""word"":"" when""},{""end"":143.76,""probability"":0.959473,""start"":143.46,""word"":"" light""},{""end"":144.16,""probability"":0.996582,""start"":143.76,""word"":"" strikes""},{""end"":144.42,""probability"":0.984375,""start"":144.16,""word"":"" the""},{""end"":144.56,""probability"":0.964844,""start"":144.42,""word"":"" whole""},{""end"":144.88,""probability"":0.99707,""start"":144.56,""word"":"" array,""},{""end"":145.4,""probability"":0.989746,""start"":145.08,""word"":"" the""},{""end"":145.72,""probability"":0.979492,""start"":145.4,""word"":"" silicon""},{""end"":146.24,""probability"":0.976074,""start"":145.72,""word"":"" pixels""},{""end"":146.66,""probability"":0.98291,""start"":146.24,""word"":"" build""},{""end"":146.84,""probability"":0.891602,""start"":146.66,""word"":"" up""},{""end"":147.12,""probability"":0.969238,""start"":146.84,""word"":"" charge""},{""end"":147.46,""probability"":0.969238,""start"":147.12,""word"":"" proportional""}]}"
camera-001-asr-0029,camera-001,speech_segment,147.460,149.440,to the intensity of the light striking them.,data_video/processed/camera-001/clips/camera-001-scene-0007.mp4,,871b69bf09dda7c6f7b865bc58cf2d942d802273536877d5d6a1a58fced1d6fb,en,0.916662,camera-001-asr-0029,,"{""compression_ratio"":1.771044,""language_probability"":0.99707,""no_speech_probability"":0.005466,""words"":[{""end"":147.98,""probability"":0.997559,""start"":147.46,""word"":"" to""},{""end"":148.08,""probability"":0.995117,""start"":147.98,""word"":"" the""},{""end"":148.48,""probability"":0.998047,""start"":148.08,""word"":"" intensity""},{""end"":148.72,""probability"":0.993164,""start"":148.48,""word"":"" of""},{""end"":148.74,""probability"":0.884277,""start"":148.72,""word"":"" the""},{""end"":148.9,""probability"":0.995117,""start"":148.74,""word"":"" light""},{""end"":149.26,""probability"":0.998535,""start"":148.9,""word"":"" striking""},{""end"":149.44,""probability"":0.991211,""start"":149.26,""word"":"" them.""}]}"
camera-001-asr-0030,camera-001,speech_segment,149.700,153.320,We then have a captured image stored as charge within each pixel.,data_video/processed/camera-001/clips/camera-001-scene-0007.mp4,,871b69bf09dda7c6f7b865bc58cf2d942d802273536877d5d6a1a58fced1d6fb,en,0.916662,camera-001-asr-0030,,"{""compression_ratio"":1.771044,""language_probability"":0.99707,""no_speech_probability"":0.005466,""words"":[{""end"":150.08,""probability"":0.994629,""start"":149.7,""word"":"" We""},{""end"":150.28,""probability"":0.988281,""start"":150.08,""word"":"" then""},{""end"":150.48,""probability"":0.996094,""start"":150.28,""word"":"" have""},{""end"":150.58,""probability"":0.976562,""start"":150.48,""word"":"" a""},{""end"":150.96,""probability"":0.990723,""start"":150.58,""word"":"" captured""},{""end"":151.24,""probability"":0.994141,""start"":150.96,""word"":"" image""},{""end"":151.74,""probability"":0.89209,""start"":151.24,""word"":"" stored""},{""end"":151.96,""probability"":0.994141,""start"":151.74,""word"":"" as""},{""end"":152.28,""probability"":0.887695,""start"":151.96,""word"":"" charge""},{""end"":152.52,""probability"":0.989746,""start"":152.28,""word"":"" within""},{""end"":152.9,""probability"":0.994141,""start"":152.52,""word"":"" each""},{""end"":153.32,""probability"":0.999023,""start"":152.9,""word"":"" pixel.""}]}"
camera-001-asr-0031,camera-001,speech_segment,153.600,158.520,The great innovation of the CCD was how it moved the image from the silicon array to,data_video/processed/camera-001/clips/camera-001-scene-0007.mp4,,871b69bf09dda7c6f7b865bc58cf2d942d802273536877d5d6a1a58fced1d6fb,en,0.916662,camera-001-asr-0031,,"{""compression_ratio"":1.771044,""language_probability"":0.99707,""no_speech_probability"":0.005466,""words"":[{""end"":154.08,""probability"":0.991211,""start"":153.6,""word"":"" The""},{""end"":154.38,""probability"":0.994141,""start"":154.08,""word"":"" great""},{""end"":154.92,""probability"":0.99707,""start"":154.38,""word"":"" innovation""},{""end"":155.2,""probability"":0.990234,""start"":154.92,""word"":"" of""},{""end"":155.24,""probability"":0.983887,""start"":155.2,""word"":"" the""},{""end"":155.7,""probability"":0.992676,""start"":155.24,""word"":"" CCD""},{""end"":155.92,""probability"":0.991699,""start"":155.7,""word"":"" was""},{""end"":156.18,""probability"":0.996582,""start"":155.92,""word"":"" how""},{""end"":156.32,""probability"":0.994629,""start"":156.18,""word"":"" it""},{""end"":156.56,""probability"":0.992676,""start"":156.32,""word"":"" moved""},{""end"":156.68,""probability"":0.989258,""start"":156.56,""word"":"" the""},{""end"":156.94,""probability"":0.98291,""start"":156.68,""word"":"" image""},{""end"":157.32,""probability"":0.98877,""start"":156.94,""word"":"" from""},{""end"":157.48,""probability"":0.992676,""start"":157.32,""word"":"" the""},{""end"":157.68,""probability"":0.980469,""start"":157.48,""word"":"" silicon""},{""end"":158.0,""probability"":0.995605,""start"":157.68,""word"":"" array""},{""end"":158.52,""probability"":0.984375,""start"":158.0,""word"":"" to""}]}"
camera-001-asr-0032,camera-001,speech_segment,158.520,162.100,the camera's memory system without using external wires that would distort the image.,data_video/processed/camera-001/clips/camera-001-scene-0007.mp4,,871b69bf09dda7c6f7b865bc58cf2d942d802273536877d5d6a1a58fced1d6fb,en,0.916662,camera-001-asr-0032,,"{""compression_ratio"":1.771044,""language_probability"":0.99707,""no_speech_probability"":0.005466,""words"":[{""end"":158.64,""probability"":0.994141,""start"":158.52,""word"":"" the""},{""end"":159.12,""probability"":0.96875,""start"":158.64,""word"":"" camera's""},{""end"":159.32,""probability"":0.996582,""start"":159.12,""word"":"" memory""},{""end"":159.64,""probability"":0.996582,""start"":159.32,""word"":"" system""},{""end"":159.94,""probability"":0.973633,""start"":159.64,""word"":"" without""},{""end"":160.16,""probability"":0.996094,""start"":159.94,""word"":"" using""},{""end"":160.54,""probability"":0.966797,""start"":160.16,""word"":"" external""},{""end"":160.98,""probability"":0.995605,""start"":160.54,""word"":"" wires""},{""end"":161.22,""probability"":0.983398,""start"":160.98,""word"":"" that""},{""end"":161.32,""probability"":0.988281,""start"":161.22,""word"":"" would""},{""end"":161.58,""probability"":0.998047,""start"":161.32,""word"":"" distort""},{""end"":161.82,""probability"":0.994629,""start"":161.58,""word"":"" the""},{""end"":162.1,""probability"":0.995117,""start"":161.82,""word"":"" image.""}]}"
camera-001-asr-0033,camera-001,speech_segment,162.400,167.600,"The CCD shifts the charges from row to row, without wires, until they reach the bottom",data_video/processed/camera-001/clips/camera-001-scene-0007.mp4,,871b69bf09dda7c6f7b865bc58cf2d942d802273536877d5d6a1a58fced1d6fb,en,0.916662,camera-001-asr-0033,,"{""compression_ratio"":1.771044,""language_probability"":0.99707,""no_speech_probability"":0.005466,""words"":[{""end"":162.8,""probability"":0.992676,""start"":162.4,""word"":"" The""},{""end"":163.32,""probability"":0.999023,""start"":162.8,""word"":"" CCD""},{""end"":163.56,""probability"":0.993652,""start"":163.32,""word"":"" shifts""},{""end"":163.84,""probability"":0.98877,""start"":163.56,""word"":"" the""},{""end"":164.18,""probability"":0.986328,""start"":163.84,""word"":"" charges""},{""end"":164.42,""probability"":0.990723,""start"":164.18,""word"":"" from""},{""end"":164.66,""probability"":0.994629,""start"":164.42,""word"":"" row""},{""end"":164.82,""probability"":0.974121,""start"":164.66,""word"":"" to""},{""end"":165.04,""probability"":0.999512,""start"":164.82,""word"":"" row,""},{""end"":165.34,""probability"":0.99707,""start"":165.14,""word"":"" without""},{""end"":165.74,""probability"":0.996094,""start"":165.34,""word"":"" wires,""},{""end"":166.44,""probability"":0.995605,""start"":165.98,""word"":"" until""},{""end"":166.66,""probability"":0.987305,""start"":166.44,""word"":"" they""},{""end"":166.92,""probability"":0.859375,""start"":166.66,""word"":"" reach""},{""end"":167.2,""probability"":0.989746,""start"":166.92,""word"":"" the""},{""end"":167.6,""probability"":0.998047,""start"":167.2,""word"":"" bottom""}]}"
camera-001-asr-0034,camera-001,speech_segment,167.600,172.040,when a readout register transfers the charge to the camera's memory with very little distortion.,data_video/processed/camera-001/clips/camera-001-scene-0007.mp4,,871b69bf09dda7c6f7b865bc58cf2d942d802273536877d5d6a1a58fced1d6fb,en,0.908628,camera-001-asr-0034,,"{""compression_ratio"":1.702703,""language_probability"":0.99707,""no_speech_probability"":0.003706,""words"":[{""end"":167.74,""probability"":0.673828,""start"":167.6,""word"":"" when""},{""end"":167.88,""probability"":0.955566,""start"":167.74,""word"":"" a""},{""end"":168.26,""probability"":0.905029,""start"":167.88,""word"":"" readout""},{""end"":168.56,""probability"":0.989258,""start"":168.26,""word"":"" register""},{""end"":169.2,""probability"":0.990723,""start"":168.56,""word"":"" transfers""},{""end"":169.44,""probability"":0.953613,""start"":169.2,""word"":"" the""},{""end"":169.72,""probability"":0.991699,""start"":169.44,""word"":"" charge""},{""end"":170.12,""probability"":0.993164,""start"":169.72,""word"":"" to""},{""end"":170.22,""probability"":0.989258,""start"":170.12,""word"":"" the""},{""end"":170.66,""probability"":0.957275,""start"":170.22,""word"":"" camera's""},{""end"":170.9,""probability"":0.998535,""start"":170.66,""word"":"" memory""},{""end"":171.14,""probability"":0.96582,""start"":170.9,""word"":"" with""},{""end"":171.44,""probability"":0.973145,""start"":171.14,""word"":"" very""},{""end"":171.64,""probability"":0.998047,""start"":171.44,""word"":"" little""},{""end"":172.04,""probability"":0.994629,""start"":171.64,""word"":"" distortion.""}]}"
camera-001-asr-0035,camera-001,speech_segment,172.400,176.080,The camera then counts the charges and constructs the image using that data.,data_video/processed/camera-001/clips/camera-001-scene-0007.mp4,,871b69bf09dda7c6f7b865bc58cf2d942d802273536877d5d6a1a58fced1d6fb,en,0.908628,camera-001-asr-0035,,"{""compression_ratio"":1.702703,""language_probability"":0.99707,""no_speech_probability"":0.003706,""words"":[{""end"":172.8,""probability"":0.992676,""start"":172.4,""word"":"" The""},{""end"":173.06,""probability"":0.99707,""start"":172.8,""word"":"" camera""},{""end"":173.2,""probability"":0.98584,""start"":173.06,""word"":"" then""},{""end"":173.46,""probability"":0.998535,""start"":173.2,""word"":"" counts""},{""end"":173.56,""probability"":0.988281,""start"":173.46,""word"":"" the""},{""end"":173.86,""probability"":0.98877,""start"":173.56,""word"":"" charges""},{""end"":174.12,""probability"":0.891113,""start"":173.86,""word"":"" and""},{""end"":174.8,""probability"":0.993896,""start"":174.12,""word"":"" constructs""},{""end"":174.86,""probability"":0.992676,""start"":174.8,""word"":"" the""},{""end"":175.18,""probability"":0.984863,""start"":174.86,""word"":"" image""},{""end"":175.52,""probability"":0.987305,""start"":175.18,""word"":"" using""},{""end"":175.74,""probability"":0.972168,""start"":175.52,""word"":"" that""},{""end"":176.08,""probability"":0.999023,""start"":175.74,""word"":"" data.""}]}"
camera-001-asr-0036,camera-001,speech_segment,176.420,179.520,"Now, one last important question. How do we get color?",data_video/processed/camera-001/clips/camera-001-scene-0007.mp4,,871b69bf09dda7c6f7b865bc58cf2d942d802273536877d5d6a1a58fced1d6fb,en,0.908628,camera-001-asr-0036,,"{""compression_ratio"":1.702703,""language_probability"":0.99707,""no_speech_probability"":0.003706,""words"":[{""end"":176.8,""probability"":0.935547,""start"":176.42,""word"":"" Now,""},{""end"":177.22,""probability"":0.995117,""start"":176.82,""word"":"" one""},{""end"":177.52,""probability"":0.998047,""start"":177.22,""word"":"" last""},{""end"":177.9,""probability"":0.973633,""start"":177.52,""word"":"" important""},{""end"":178.32,""probability"":0.998047,""start"":177.9,""word"":"" question.""},{""end"":178.98,""probability"":0.989746,""start"":178.64,""word"":"" How""},{""end"":179.08,""probability"":0.992188,""start"":178.98,""word"":"" do""},{""end"":179.14,""probability"":0.996582,""start"":179.08,""word"":"" we""},{""end"":179.26,""probability"":0.998535,""start"":179.14,""word"":"" get""},{""end"":179.52,""probability"":0.98291,""start"":179.26,""word"":"" color?""}]}"
camera-001-asr-0037,camera-001,speech_segment,179.780,185.640,"A CCD only detects total light intensity, which is useful for producing a black and white image.",data_video/processed/camera-001/clips/camera-001-scene-0007.mp4,,871b69bf09dda7c6f7b865bc58cf2d942d802273536877d5d6a1a58fced1d6fb,en,0.908628,camera-001-asr-0037,,"{""compression_ratio"":1.702703,""language_probability"":0.99707,""no_speech_probability"":0.003706,""words"":[{""end"":180.22,""probability"":0.990234,""start"":179.78,""word"":"" A""},{""end"":180.8,""probability"":0.994141,""start"":180.22,""word"":"" CCD""},{""end"":181.2,""probability"":0.991699,""start"":180.8,""word"":"" only""},{""end"":181.88,""probability"":0.997803,""start"":181.2,""word"":"" detects""},{""end"":182.08,""probability"":0.975586,""start"":181.88,""word"":"" total""},{""end"":182.5,""probability"":0.996582,""start"":182.08,""word"":"" light""},{""end"":182.98,""probability"":0.996094,""start"":182.5,""word"":"" intensity,""},{""end"":183.58,""probability"":0.998535,""start"":183.18,""word"":"" which""},{""end"":183.7,""probability"":0.998535,""start"":183.58,""word"":"" is""},{""end"":184.1,""probability"":0.997559,""start"":183.7,""word"":"" useful""},{""end"":184.32,""probability"":0.991211,""start"":184.1,""word"":"" for""},{""end"":184.64,""probability"":0.998535,""start"":184.32,""word"":"" producing""},{""end"":184.86,""probability"":0.992188,""start"":184.64,""word"":"" a""},{""end"":185.06,""probability"":0.987305,""start"":184.86,""word"":"" black""},{""end"":185.22,""probability"":0.763672,""start"":185.06,""word"":"" and""},{""end"":185.36,""probability"":0.999512,""start"":185.22,""word"":"" white""},{""end"":185.64,""probability"":0.998535,""start"":185.36,""word"":"" image.""}]}"
camera-001-asr-0038,camera-001,speech_segment,185.860,190.520,"But for a color photograph, we need to separate the entering light into red, green and blue.",data_video/processed/camera-001/clips/camera-001-scene-0007.mp4,,871b69bf09dda7c6f7b865bc58cf2d942d802273536877d5d6a1a58fced1d6fb,en,0.908628,camera-001-asr-0038,,"{""compression_ratio"":1.702703,""language_probability"":0.99707,""no_speech_probability"":0.003706,""words"":[{""end"":186.2,""probability"":0.990723,""start"":185.86,""word"":"" But""},{""end"":186.32,""probability"":0.966797,""start"":186.2,""word"":"" for""},{""end"":186.46,""probability"":0.991699,""start"":186.32,""word"":"" a""},{""end"":186.72,""probability"":0.993652,""start"":186.46,""word"":"" color""},{""end"":187.12,""probability"":0.994141,""start"":186.72,""word"":"" photograph,""},{""end"":187.62,""probability"":0.99707,""start"":187.3,""word"":"" we""},{""end"":187.78,""probability"":0.99707,""start"":187.62,""word"":"" need""},{""end"":187.9,""probability"":0.99707,""start"":187.78,""word"":"" to""},{""end"":188.26,""probability"":0.996094,""start"":187.9,""word"":"" separate""},{""end"":188.52,""probability"":0.996094,""start"":188.26,""word"":"" the""},{""end"":188.8,""probability"":0.99707,""start"":188.52,""word"":"" entering""},{""end"":189.08,""probability"":0.998047,""start"":188.8,""word"":"" light""},{""end"":189.34,""probability"":0.98877,""start"":189.08,""word"":"" into""},{""end"":189.64,""probability"":0.967773,""start"":189.34,""word"":"" red,""},{""end"":190.08,""probability"":0.997559,""start"":189.8,""word"":"" green""},{""end"":190.3,""probability"":0.341309,""start"":190.08,""word"":"" and""},{""end"":190.52,""probability"":0.999512,""start"":190.3,""word"":"" blue.""}]}"
camera-001-asr-0039,camera-001,speech_segment,190.820,195.060,"The most obvious solution is to filter the light into those three colors, using three",data_video/processed/camera-001/clips/camera-001-scene-0007.mp4,,871b69bf09dda7c6f7b865bc58cf2d942d802273536877d5d6a1a58fced1d6fb,en,0.908628,camera-001-asr-0039,,"{""compression_ratio"":1.702703,""language_probability"":0.99707,""no_speech_probability"":0.003706,""words"":[{""end"":191.34,""probability"":0.99707,""start"":190.82,""word"":"" The""},{""end"":191.48,""probability"":0.999023,""start"":191.34,""word"":"" most""},{""end"":191.76,""probability"":0.999023,""start"":191.48,""word"":"" obvious""},{""end"":192.12,""probability"":0.998047,""start"":191.76,""word"":"" solution""},{""end"":192.36,""probability"":0.998535,""start"":192.12,""word"":"" is""},{""end"":192.44,""probability"":0.99707,""start"":192.36,""word"":"" to""},{""end"":192.74,""probability"":0.998535,""start"":192.44,""word"":"" filter""},{""end"":192.92,""probability"":0.983887,""start"":192.74,""word"":"" the""},{""end"":193.12,""probability"":0.998535,""start"":192.92,""word"":"" light""},{""end"":193.36,""probability"":0.991699,""start"":193.12,""word"":"" into""},{""end"":193.6,""probability"":0.984375,""start"":193.36,""word"":"" those""},{""end"":193.92,""probability"":0.929688,""start"":193.6,""word"":"" three""},{""end"":194.34,""probability"":0.998047,""start"":193.92,""word"":"" colors,""},{""end"":194.68,""probability"":0.998047,""start"":194.44,""word"":"" using""},{""end"":195.06,""probability"":0.950195,""start"":194.68,""word"":"" three""}]}"
camera-001-asr-0040,camera-001,speech_segment,195.060,199.340,"three separate CCDs to capture red, blue, and green information and combine them into",data_video/processed/camera-001/clips/camera-001-scene-0007.mp4,,871b69bf09dda7c6f7b865bc58cf2d942d802273536877d5d6a1a58fced1d6fb,en,0.883629,camera-001-asr-0040,,"{""compression_ratio"":1.769231,""language_probability"":0.99707,""no_speech_probability"":0.045349,""words"":[{""end"":195.06,""probability"":0.243652,""start"":195.06,""word"":"" three""},{""end"":195.58,""probability"":0.978516,""start"":195.06,""word"":"" separate""},{""end"":196.18,""probability"":0.950195,""start"":195.58,""word"":"" CCDs""},{""end"":196.28,""probability"":0.98584,""start"":196.18,""word"":"" to""},{""end"":196.54,""probability"":0.999023,""start"":196.28,""word"":"" capture""},{""end"":196.9,""probability"":0.93457,""start"":196.54,""word"":"" red,""},{""end"":197.26,""probability"":0.995605,""start"":197.04,""word"":"" blue,""},{""end"":197.44,""probability"":0.986816,""start"":197.34,""word"":"" and""},{""end"":197.6,""probability"":0.999512,""start"":197.44,""word"":"" green""},{""end"":198.08,""probability"":0.993652,""start"":197.6,""word"":"" information""},{""end"":198.56,""probability"":0.689453,""start"":198.08,""word"":"" and""},{""end"":198.96,""probability"":0.977051,""start"":198.56,""word"":"" combine""},{""end"":199.2,""probability"":0.991699,""start"":198.96,""word"":"" them""},{""end"":199.34,""probability"":0.978516,""start"":199.2,""word"":"" into""}]}"
camera-001-asr-0041,camera-001,speech_segment,199.340,204.300,"a full color image. However, engineers have created a cheaper solution. Instead of using",data_video/processed/camera-001/clips/camera-001-scene-0007.mp4,,871b69bf09dda7c6f7b865bc58cf2d942d802273536877d5d6a1a58fced1d6fb,en,0.883629,camera-001-asr-0041,,"{""compression_ratio"":1.769231,""language_probability"":0.99707,""no_speech_probability"":0.045349,""words"":[{""end"":199.46,""probability"":0.996094,""start"":199.34,""word"":"" a""},{""end"":199.74,""probability"":0.997559,""start"":199.46,""word"":"" full""},{""end"":200.02,""probability"":0.76709,""start"":199.74,""word"":"" color""},{""end"":200.34,""probability"":0.998047,""start"":200.02,""word"":"" image.""},{""end"":201.12,""probability"":0.994141,""start"":200.68,""word"":"" However,""},{""end"":201.8,""probability"":0.996094,""start"":201.3,""word"":"" engineers""},{""end"":202.1,""probability"":0.996582,""start"":201.8,""word"":"" have""},{""end"":202.36,""probability"":0.995605,""start"":202.1,""word"":"" created""},{""end"":202.52,""probability"":0.995605,""start"":202.36,""word"":"" a""},{""end"":202.78,""probability"":0.99707,""start"":202.52,""word"":"" cheaper""},{""end"":203.18,""probability"":0.999512,""start"":202.78,""word"":"" solution.""},{""end"":204.02,""probability"":0.997559,""start"":203.56,""word"":"" Instead""},{""end"":204.16,""probability"":0.998535,""start"":204.02,""word"":"" of""},{""end"":204.3,""probability"":0.994629,""start"":204.16,""word"":"" using""}]}"
camera-001-asr-0042,camera-001,speech_segment,204.300,210.000,"three separate CCDs, they use a little math so they only need one. In this consumer camera,",data_video/processed/camera-001/clips/camera-001-scene-0007.mp4,,871b69bf09dda7c6f7b865bc58cf2d942d802273536877d5d6a1a58fced1d6fb,en,0.883629,camera-001-asr-0042,,"{""compression_ratio"":1.769231,""language_probability"":0.99707,""no_speech_probability"":0.045349,""words"":[{""end"":204.6,""probability"":0.973633,""start"":204.3,""word"":"" three""},{""end"":205.08,""probability"":0.993652,""start"":204.6,""word"":"" separate""},{""end"":205.72,""probability"":0.995605,""start"":205.08,""word"":"" CCDs,""},{""end"":205.9,""probability"":0.996094,""start"":205.74,""word"":"" they""},{""end"":206.14,""probability"":0.970215,""start"":205.9,""word"":"" use""},{""end"":206.28,""probability"":0.995117,""start"":206.14,""word"":"" a""},{""end"":206.42,""probability"":0.998535,""start"":206.28,""word"":"" little""},{""end"":206.68,""probability"":0.994141,""start"":206.42,""word"":"" math""},{""end"":207.02,""probability"":0.641602,""start"":206.68,""word"":"" so""},{""end"":207.16,""probability"":0.945312,""start"":207.02,""word"":"" they""},{""end"":207.42,""probability"":0.992676,""start"":207.16,""word"":"" only""},{""end"":207.66,""probability"":0.99707,""start"":207.42,""word"":"" need""},{""end"":207.9,""probability"":0.997559,""start"":207.66,""word"":"" one.""},{""end"":208.86,""probability"":0.994141,""start"":208.36,""word"":"" In""},{""end"":209.14,""probability"":0.996582,""start"":208.86,""word"":"" this""},{""end"":209.66,""probability"":0.968262,""start"":209.14,""word"":"" consumer""},{""end"":210.0,""probability"":0.995605,""start"":209.66,""word"":"" camera,""}]}"
camera-001-asr-0043,camera-001,speech_segment,210.280,215.240,"they cover that single CCD with a filter with red, green, and blue pixel size sections.",data_video/processed/camera-001/clips/camera-001-scene-0007.mp4,,871b69bf09dda7c6f7b865bc58cf2d942d802273536877d5d6a1a58fced1d6fb,en,0.883629,camera-001-asr-0043,,"{""compression_ratio"":1.769231,""language_probability"":0.99707,""no_speech_probability"":0.045349,""words"":[{""end"":210.52,""probability"":0.991211,""start"":210.28,""word"":"" they""},{""end"":210.86,""probability"":0.992188,""start"":210.52,""word"":"" cover""},{""end"":211.06,""probability"":0.992676,""start"":210.86,""word"":"" that""},{""end"":211.4,""probability"":0.997559,""start"":211.06,""word"":"" single""},{""end"":212.16,""probability"":0.998047,""start"":211.4,""word"":"" CCD""},{""end"":212.46,""probability"":0.99707,""start"":212.16,""word"":"" with""},{""end"":212.58,""probability"":0.995605,""start"":212.46,""word"":"" a""},{""end"":212.92,""probability"":0.998047,""start"":212.58,""word"":"" filter""},{""end"":213.14,""probability"":0.984863,""start"":212.92,""word"":"" with""},{""end"":213.42,""probability"":0.97998,""start"":213.14,""word"":"" red,""},{""end"":213.88,""probability"":0.997559,""start"":213.58,""word"":"" green,""},{""end"":214.1,""probability"":0.998047,""start"":213.94,""word"":"" and""},{""end"":214.22,""probability"":0.995605,""start"":214.1,""word"":"" blue""},{""end"":214.58,""probability"":0.966797,""start"":214.22,""word"":"" pixel""},{""end"":214.8,""probability"":0.629395,""start"":214.58,""word"":"" size""},{""end"":215.24,""probability"":0.995117,""start"":214.8,""word"":"" sections.""}]}"
camera-001-asr-0044,camera-001,speech_segment,215.500,219.900,This creates an image coming out of the CCD that's a mosaic of these three colors. The,data_video/processed/camera-001/clips/camera-001-scene-0007.mp4,,871b69bf09dda7c6f7b865bc58cf2d942d802273536877d5d6a1a58fced1d6fb,en,0.883629,camera-001-asr-0044,,"{""compression_ratio"":1.769231,""language_probability"":0.99707,""no_speech_probability"":0.045349,""words"":[{""end"":216.0,""probability"":0.998047,""start"":215.5,""word"":"" This""},{""end"":216.18,""probability"":0.998047,""start"":216.0,""word"":"" creates""},{""end"":216.34,""probability"":0.995117,""start"":216.18,""word"":"" an""},{""end"":216.54,""probability"":0.999512,""start"":216.34,""word"":"" image""},{""end"":216.8,""probability"":0.991699,""start"":216.54,""word"":"" coming""},{""end"":217.0,""probability"":0.95752,""start"":216.8,""word"":"" out""},{""end"":217.14,""probability"":0.994629,""start"":217.0,""word"":"" of""},{""end"":217.2,""probability"":0.993164,""start"":217.14,""word"":"" the""},{""end"":217.62,""probability"":0.998291,""start"":217.2,""word"":"" CCD""},{""end"":217.8,""probability"":0.96582,""start"":217.62,""word"":"" that's""},{""end"":217.88,""probability"":0.988281,""start"":217.8,""word"":"" a""},{""end"":218.26,""probability"":0.996826,""start"":217.88,""word"":"" mosaic""},{""end"":218.52,""probability"":0.999023,""start"":218.26,""word"":"" of""},{""end"":218.66,""probability"":0.989258,""start"":218.52,""word"":"" these""},{""end"":218.86,""probability"":0.992188,""start"":218.66,""word"":"" three""},{""end"":219.2,""probability"":0.999023,""start"":218.86,""word"":"" colors.""},{""end"":219.9,""probability"":0.997559,""start"":219.46,""word"":"" The""}]}"
camera-001-asr-0045,camera-001,speech_segment,219.900,224.160,"camera applies an algorithm to estimate the correct colors for each pixel. For example,",data_video/processed/camera-001/clips/camera-001-scene-0007.mp4,,871b69bf09dda7c6f7b865bc58cf2d942d802273536877d5d6a1a58fced1d6fb,en,0.883629,camera-001-asr-0045,,"{""compression_ratio"":1.769231,""language_probability"":0.99707,""no_speech_probability"":0.045349,""words"":[{""end"":220.16,""probability"":0.997559,""start"":219.9,""word"":"" camera""},{""end"":220.5,""probability"":0.997559,""start"":220.16,""word"":"" applies""},{""end"":220.68,""probability"":0.997559,""start"":220.5,""word"":"" an""},{""end"":221.06,""probability"":0.998535,""start"":220.68,""word"":"" algorithm""},{""end"":221.38,""probability"":0.998535,""start"":221.06,""word"":"" to""},{""end"":221.76,""probability"":0.998535,""start"":221.38,""word"":"" estimate""},{""end"":222.04,""probability"":0.999023,""start"":221.76,""word"":"" the""},{""end"":222.16,""probability"":0.994141,""start"":222.04,""word"":"" correct""},{""end"":222.52,""probability"":0.993164,""start"":222.16,""word"":"" colors""},{""end"":222.68,""probability"":0.997559,""start"":222.52,""word"":"" for""},{""end"":222.84,""probability"":0.999512,""start"":222.68,""word"":"" each""},{""end"":223.22,""probability"":0.999023,""start"":222.84,""word"":"" pixel.""},{""end"":223.9,""probability"":0.997559,""start"":223.4,""word"":"" For""},{""end"":224.16,""probability"":0.999512,""start"":223.9,""word"":"" example,""}]}"
camera-001-asr-0046,camera-001,speech_segment,224.160,227.860,"For example, if a green filter covered a pixel, we would need to estimate the red and blue",data_video/processed/camera-001/clips/camera-001-scene-0007.mp4,,871b69bf09dda7c6f7b865bc58cf2d942d802273536877d5d6a1a58fced1d6fb,en,0.894983,camera-001-asr-0046,,"{""compression_ratio"":1.665635,""language_probability"":0.99707,""no_speech_probability"":0.005219,""words"":[{""end"":224.28,""probability"":0.575195,""start"":224.16,""word"":"" For""},{""end"":224.28,""probability"":0.994629,""start"":224.28,""word"":"" example,""},{""end"":224.4,""probability"":0.98291,""start"":224.28,""word"":"" if""},{""end"":224.5,""probability"":0.975586,""start"":224.4,""word"":"" a""},{""end"":224.7,""probability"":0.986328,""start"":224.5,""word"":"" green""},{""end"":225.08,""probability"":0.989746,""start"":224.7,""word"":"" filter""},{""end"":225.52,""probability"":0.983887,""start"":225.08,""word"":"" covered""},{""end"":225.72,""probability"":0.982422,""start"":225.52,""word"":"" a""},{""end"":226.04,""probability"":0.992676,""start"":225.72,""word"":"" pixel,""},{""end"":226.34,""probability"":0.990234,""start"":226.22,""word"":"" we""},{""end"":226.48,""probability"":0.921875,""start"":226.34,""word"":"" would""},{""end"":226.62,""probability"":0.979492,""start"":226.48,""word"":"" need""},{""end"":226.74,""probability"":0.995117,""start"":226.62,""word"":"" to""},{""end"":227.14,""probability"":0.998047,""start"":226.74,""word"":"" estimate""},{""end"":227.4,""probability"":0.990723,""start"":227.14,""word"":"" the""},{""end"":227.58,""probability"":0.991211,""start"":227.4,""word"":"" red""},{""end"":227.68,""probability"":0.987305,""start"":227.58,""word"":"" and""},{""end"":227.86,""probability"":0.996582,""start"":227.68,""word"":"" blue""}]}"
camera-001-asr-0047,camera-001,speech_segment,227.860,228.780,components of that pixel.,data_video/processed/camera-001/clips/camera-001-scene-0007.mp4,,871b69bf09dda7c6f7b865bc58cf2d942d802273536877d5d6a1a58fced1d6fb,en,0.894983,camera-001-asr-0047,,"{""compression_ratio"":1.665635,""language_probability"":0.99707,""no_speech_probability"":0.005219,""words"":[{""end"":228.3,""probability"":0.985352,""start"":227.86,""word"":"" components""},{""end"":228.4,""probability"":0.986328,""start"":228.3,""word"":"" of""},{""end"":228.48,""probability"":0.949707,""start"":228.4,""word"":"" that""},{""end"":228.78,""probability"":0.998047,""start"":228.48,""word"":"" pixel.""}]}"
camera-001-asr-0048,camera-001,speech_segment,228.940,233.760,"To do this, they'd use the adjacent pixels and average the color intensity for the pixels",data_video/processed/camera-001/clips/camera-001-scene-0007.mp4,,871b69bf09dda7c6f7b865bc58cf2d942d802273536877d5d6a1a58fced1d6fb,en,0.894983,camera-001-asr-0048,,"{""compression_ratio"":1.665635,""language_probability"":0.99707,""no_speech_probability"":0.005219,""words"":[{""end"":229.32,""probability"":0.990723,""start"":228.94,""word"":"" To""},{""end"":229.48,""probability"":0.998535,""start"":229.32,""word"":"" do""},{""end"":229.74,""probability"":0.996094,""start"":229.48,""word"":"" this,""},{""end"":229.92,""probability"":0.89624,""start"":229.74,""word"":"" they'd""},{""end"":230.14,""probability"":0.991699,""start"":229.92,""word"":"" use""},{""end"":230.3,""probability"":0.960938,""start"":230.14,""word"":"" the""},{""end"":230.7,""probability"":0.996582,""start"":230.3,""word"":"" adjacent""},{""end"":231.18,""probability"":0.991699,""start"":230.7,""word"":"" pixels""},{""end"":231.54,""probability"":0.871094,""start"":231.18,""word"":"" and""},{""end"":231.98,""probability"":0.990723,""start"":231.54,""word"":"" average""},{""end"":232.18,""probability"":0.995117,""start"":231.98,""word"":"" the""},{""end"":232.52,""probability"":0.98584,""start"":232.18,""word"":"" color""},{""end"":232.98,""probability"":0.993164,""start"":232.52,""word"":"" intensity""},{""end"":233.36,""probability"":0.973145,""start"":232.98,""word"":"" for""},{""end"":233.46,""probability"":0.995117,""start"":233.36,""word"":"" the""},{""end"":233.76,""probability"":0.990723,""start"":233.46,""word"":"" pixels""}]}"
camera-001-asr-0049,camera-001,speech_segment,233.760,234.240,in question.,data_video/processed/camera-001/clips/camera-001-scene-0007.mp4,,871b69bf09dda7c6f7b865bc58cf2d942d802273536877d5d6a1a58fced1d6fb,en,0.894983,camera-001-asr-0049,,"{""compression_ratio"":1.665635,""language_probability"":0.99707,""no_speech_probability"":0.005219,""words"":[{""end"":233.92,""probability"":0.996582,""start"":233.76,""word"":"" in""},{""end"":234.24,""probability"":0.998535,""start"":233.92,""word"":"" question.""}]}"
camera-001-asr-0050,camera-001,speech_segment,234.560,238.820,It works because the image's significant details are much larger than each pixel.,data_video/processed/camera-001/clips/camera-001-scene-0007.mp4,,871b69bf09dda7c6f7b865bc58cf2d942d802273536877d5d6a1a58fced1d6fb,en,0.894983,camera-001-asr-0050,,"{""compression_ratio"":1.665635,""language_probability"":0.99707,""no_speech_probability"":0.005219,""words"":[{""end"":235.0,""probability"":0.986328,""start"":234.56,""word"":"" It""},{""end"":235.32,""probability"":0.998047,""start"":235.0,""word"":"" works""},{""end"":235.68,""probability"":0.930664,""start"":235.32,""word"":"" because""},{""end"":235.82,""probability"":0.966797,""start"":235.68,""word"":"" the""},{""end"":236.3,""probability"":0.834229,""start"":235.82,""word"":"" image's""},{""end"":236.6,""probability"":0.993652,""start"":236.3,""word"":"" significant""},{""end"":237.24,""probability"":0.996582,""start"":236.6,""word"":"" details""},{""end"":237.48,""probability"":0.999023,""start"":237.24,""word"":"" are""},{""end"":237.66,""probability"":0.996094,""start"":237.48,""word"":"" much""},{""end"":238.1,""probability"":0.998535,""start"":237.66,""word"":"" larger""},{""end"":238.26,""probability"":0.990723,""start"":238.1,""word"":"" than""},{""end"":238.44,""probability"":0.993652,""start"":238.26,""word"":"" each""},{""end"":238.82,""probability"":0.999023,""start"":238.44,""word"":"" pixel.""}]}"
camera-001-asr-0051,camera-001,speech_segment,239.040,241.760,"This sounds implausible, but you've seen the results yourself.",data_video/processed/camera-001/clips/camera-001-scene-0007.mp4,,871b69bf09dda7c6f7b865bc58cf2d942d802273536877d5d6a1a58fced1d6fb,en,0.894983,camera-001-asr-0051,,"{""compression_ratio"":1.665635,""language_probability"":0.99707,""no_speech_probability"":0.005219,""words"":[{""end"":239.36,""probability"":0.981445,""start"":239.04,""word"":"" This""},{""end"":239.68,""probability"":0.984863,""start"":239.36,""word"":"" sounds""},{""end"":240.32,""probability"":0.994954,""start"":239.68,""word"":"" implausible,""},{""end"":240.74,""probability"":0.998535,""start"":240.4,""word"":"" but""},{""end"":240.88,""probability"":0.984863,""start"":240.74,""word"":"" you've""},{""end"":241.1,""probability"":0.993164,""start"":240.88,""word"":"" seen""},{""end"":241.2,""probability"":0.995117,""start"":241.1,""word"":"" the""},{""end"":241.44,""probability"":0.993164,""start"":241.2,""word"":"" results""},{""end"":241.76,""probability"":0.975098,""start"":241.44,""word"":"" yourself.""}]}"
camera-001-asr-0052,camera-001,speech_segment,242.180,243.800,"I'm Bill Hammack, the engineer guy.",data_video/processed/camera-001/clips/camera-001-scene-0007.mp4,,871b69bf09dda7c6f7b865bc58cf2d942d802273536877d5d6a1a58fced1d6fb,en,0.894983,camera-001-asr-0052,,"{""compression_ratio"":1.665635,""language_probability"":0.99707,""no_speech_probability"":0.005219,""words"":[{""end"":242.6,""probability"":0.994385,""start"":242.18,""word"":"" I'm""},{""end"":242.72,""probability"":0.992188,""start"":242.6,""word"":"" Bill""},{""end"":243.0,""probability"":0.689819,""start"":242.72,""word"":"" Hammack,""},{""end"":243.3,""probability"":0.586914,""start"":243.08,""word"":"" the""},{""end"":243.5,""probability"":0.90918,""start"":243.3,""word"":"" engineer""},{""end"":243.8,""probability"":0.983887,""start"":243.5,""word"":"" guy.""}]}"
camera-001-asr-0053,camera-001,speech_segment,244.360,249.040,This video is based on a chapter in the book Eight Amazing Engineering Stories.,data_video/processed/camera-001/clips/camera-001-scene-0007.mp4,,871b69bf09dda7c6f7b865bc58cf2d942d802273536877d5d6a1a58fced1d6fb,en,0.894983,camera-001-asr-0053,,"{""compression_ratio"":1.665635,""language_probability"":0.99707,""no_speech_probability"":0.005219,""words"":[{""end"":244.88,""probability"":0.972168,""start"":244.36,""word"":"" This""},{""end"":245.26,""probability"":0.996094,""start"":244.88,""word"":"" video""},{""end"":245.48,""probability"":0.995605,""start"":245.26,""word"":"" is""},{""end"":245.72,""probability"":0.998047,""start"":245.48,""word"":"" based""},{""end"":245.92,""probability"":0.996094,""start"":245.72,""word"":"" on""},{""end"":246.0,""probability"":0.984375,""start"":245.92,""word"":"" a""},{""end"":246.3,""probability"":0.997559,""start"":246.0,""word"":"" chapter""},{""end"":246.58,""probability"":0.993164,""start"":246.3,""word"":"" in""},{""end"":246.62,""probability"":0.987305,""start"":246.58,""word"":"" the""},{""end"":246.86,""probability"":0.994629,""start"":246.62,""word"":"" book""},{""end"":247.32,""probability"":0.256104,""start"":246.86,""word"":"" Eight""},{""end"":248.06,""probability"":0.995117,""start"":247.32,""word"":"" Amazing""},{""end"":248.54,""probability"":0.994141,""start"":248.06,""word"":"" Engineering""},{""end"":249.04,""probability"":0.995117,""start"":248.54,""word"":"" Stories.""}]}"
camera-001-asr-0054,camera-001,speech_segment,249.360,251.920,The chapter features more information about this subject.,data_video/processed/camera-001/clips/camera-001-scene-0007.mp4,,871b69bf09dda7c6f7b865bc58cf2d942d802273536877d5d6a1a58fced1d6fb,en,0.894983,camera-001-asr-0054,,"{""compression_ratio"":1.665635,""language_probability"":0.99707,""no_speech_probability"":0.005219,""words"":[{""end"":249.68,""probability"":0.965332,""start"":249.36,""word"":"" The""},{""end"":249.92,""probability"":0.99707,""start"":249.68,""word"":"" chapter""},{""end"":250.2,""probability"":0.99707,""start"":249.92,""word"":"" features""},{""end"":250.52,""probability"":0.99707,""start"":250.2,""word"":"" more""},{""end"":250.98,""probability"":0.99707,""start"":250.52,""word"":"" information""},{""end"":251.34,""probability"":0.993164,""start"":250.98,""word"":"" about""},{""end"":251.6,""probability"":0.985352,""start"":251.34,""word"":"" this""},{""end"":251.92,""probability"":0.998047,""start"":251.6,""word"":"" subject.""}]}"
camera-001-asr-0055,camera-001,speech_segment,251.920,254.080,Learn more about the book at the address below.,data_video/processed/camera-001/clips/camera-001-scene-0007.mp4,,871b69bf09dda7c6f7b865bc58cf2d942d802273536877d5d6a1a58fced1d6fb,en,0.720489,camera-001-asr-0055,,"{""compression_ratio"":0.94,""language_probability"":0.99707,""no_speech_probability"":0.106201,""words"":[{""end"":252.38,""probability"":0.606934,""start"":251.92,""word"":"" Learn""},{""end"":252.6,""probability"":0.997559,""start"":252.38,""word"":"" more""},{""end"":252.82,""probability"":0.998047,""start"":252.6,""word"":"" about""},{""end"":252.98,""probability"":0.993164,""start"":252.82,""word"":"" the""},{""end"":253.16,""probability"":0.997559,""start"":252.98,""word"":"" book""},{""end"":253.48,""probability"":0.989258,""start"":253.16,""word"":"" at""},{""end"":253.56,""probability"":0.992676,""start"":253.48,""word"":"" the""},{""end"":253.76,""probability"":0.999512,""start"":253.56,""word"":"" address""},{""end"":254.08,""probability"":0.998535,""start"":253.76,""word"":"" below.""}]}"
camera-001-ocr-00001,camera-001,frame_text,0.000,0.000,4.0,data_video/processed/camera-001/clips/camera-001-scene-0001.mp4,data_video/keyframes/camera-001/frame_000000.jpg,871b69bf09dda7c6f7b865bc58cf2d942d802273536877d5d6a1a58fced1d6fb,de,0.997582,,camera-001-ocr-00001,"{""frame_id"":""frame_000000"",""ocr_version"":""PP-OCRv5"",""polygon"":[[370.0,376.0],[398.0,376.0],[398.0,396.0],[370.0,396.0]]}"
camera-001-ocr-00002,camera-001,frame_text,5.000,5.000,CCD,data_video/processed/camera-001/clips/camera-001-scene-0002.mp4,data_video/keyframes/camera-001/frame_000001.jpg,871b69bf09dda7c6f7b865bc58cf2d942d802273536877d5d6a1a58fced1d6fb,de,0.999606,,camera-001-ocr-00002,"{""frame_id"":""frame_000001"",""ocr_version"":""PP-OCRv5"",""polygon"":[[401.0,62.0],[572.0,62.0],[572.0,123.0],[401.0,123.0]]}"
camera-001-ocr-00003,camera-001,frame_text,5.000,5.000,The heart of a,data_video/processed/camera-001/clips/camera-001-scene-0002.mp4,data_video/keyframes/camera-001/frame_000001.jpg,871b69bf09dda7c6f7b865bc58cf2d942d802273536877d5d6a1a58fced1d6fb,de,0.999879,,camera-001-ocr-00003,"{""frame_id"":""frame_000001"",""ocr_version"":""PP-OCRv5"",""polygon"":[[570.0,67.0],[772.0,67.0],[772.0,94.0],[570.0,94.0]]}"
camera-001-ocr-00004,camera-001,frame_text,5.000,5.000,digital camera,data_video/processed/camera-001/clips/camera-001-scene-0002.mp4,data_video/keyframes/camera-001/frame_000001.jpg,871b69bf09dda7c6f7b865bc58cf2d942d802273536877d5d6a1a58fced1d6fb,de,0.999251,,camera-001-ocr-00004,"{""frame_id"":""frame_000001"",""ocr_version"":""PP-OCRv5"",""polygon"":[[569.0,92.0],[780.0,92.0],[780.0,123.0],[569.0,123.0]]}"
camera-001-ocr-00005,camera-001,frame_text,5.000,5.000,how a charge coupled,data_video/processed/camera-001/clips/camera-001-scene-0002.mp4,data_video/keyframes/camera-001/frame_000001.jpg,871b69bf09dda7c6f7b865bc58cf2d942d802273536877d5d6a1a58fced1d6fb,de,0.983017,,camera-001-ocr-00005,"{""frame_id"":""frame_000001"",""ocr_version"":""PP-OCRv5"",""polygon"":[[424.0,129.0],[756.0,130.0],[756.0,160.0],[424.0,159.0]]}"
camera-001-ocr-00006,camera-001,frame_text,5.000,5.000,device works,data_video/processed/camera-001/clips/camera-001-scene-0002.mp4,data_video/keyframes/camera-001/frame_000001.jpg,871b69bf09dda7c6f7b865bc58cf2d942d802273536877d5d6a1a58fced1d6fb,de,0.998343,,camera-001-ocr-00006,"{""frame_id"":""frame_000001"",""ocr_version"":""PP-OCRv5"",""polygon"":[[498.0,164.0],[693.0,166.0],[693.0,191.0],[498.0,189.0]]}"
camera-001-ocr-00007,camera-001,frame_text,5.000,5.000,engineerguy | series #4,data_video/processed/camera-001/clips/camera-001-scene-0002.mp4,data_video/keyframes/camera-001/frame_000001.jpg,871b69bf09dda7c6f7b865bc58cf2d942d802273536877d5d6a1a58fced1d6fb,de,0.959768,,camera-001-ocr-00007,"{""frame_id"":""frame_000001"",""ocr_version"":""PP-OCRv5"",""polygon"":[[453.0,219.0],[723.0,216.0],[724.0,239.0],[453.0,242.0]]}"
camera-001-ocr-00008,camera-001,frame_text,5.000,5.000,OOMLE,data_video/processed/camera-001/clips/camera-001-scene-0002.mp4,data_video/keyframes/camera-001/frame_000001.jpg,871b69bf09dda7c6f7b865bc58cf2d942d802273536877d5d6a1a58fced1d6fb,de,0.987425,,camera-001-ocr-00008,"{""frame_id"":""frame_000001"",""ocr_version"":""PP-OCRv5"",""polygon"":[[281.0,269.0],[318.0,278.0],[315.0,292.0],[278.0,283.0]]}"
camera-001-ocr-00009,camera-001,frame_text,5.000,5.000,Supported in part by,data_video/processed/camera-001/clips/camera-001-scene-0002.mp4,data_video/keyframes/camera-001/frame_000001.jpg,871b69bf09dda7c6f7b865bc58cf2d942d802273536877d5d6a1a58fced1d6fb,de,0.999005,,camera-001-ocr-00009,"{""frame_id"":""frame_000001"",""ocr_version"":""PP-OCRv5"",""polygon"":[[599.0,329.0],[772.0,330.0],[772.0,350.0],[599.0,349.0]]}"
camera-001-ocr-00010,camera-001,frame_text,5.000,5.000,THE CAMILLE,data_video/processed/camera-001/clips/camera-001-scene-0002.mp4,data_video/keyframes/camera-001/frame_000001.jpg,871b69bf09dda7c6f7b865bc58cf2d942d802273536877d5d6a1a58fced1d6fb,de,0.806349,,camera-001-ocr-00010,"{""frame_id"":""frame_000001"",""ocr_version"":""PP-OCRv5"",""polygon"":[[598.0,351.0],[750.0,353.0],[750.0,374.0],[598.0,372.0]]}"
camera-001-ocr-00011,camera-001,frame_text,5.000,5.000,4.0,data_video/processed/camera-001/clips/camera-001-scene-0002.mp4,data_video/keyframes/camera-001/frame_000001.jpg,871b69bf09dda7c6f7b865bc58cf2d942d802273536877d5d6a1a58fced1d6fb,de,0.999196,,camera-001-ocr-00011,"{""frame_id"":""frame_000001"",""ocr_version"":""PP-OCRv5"",""polygon"":[[372.0,378.0],[396.0,378.0],[396.0,395.0],[372.0,395.0]]}"
camera-001-ocr-00012,camera-001,frame_text,5.000,5.000,& Henry Dreyfus,data_video/processed/camera-001/clips/camera-001-scene-0002.mp4,data_video/keyframes/camera-001/frame_000001.jpg,871b69bf09dda7c6f7b865bc58cf2d942d802273536877d5d6a1a58fced1d6fb,de,0.841897,,camera-001-ocr-00012,"{""frame_id"":""frame_000001"",""ocr_version"":""PP-OCRv5"",""polygon"":[[599.0,380.0],[813.0,382.0],[812.0,403.0],[599.0,401.0]]}"
camera-001-ocr-00013,camera-001,frame_text,5.000,5.000,MEGA PIXELS,data_video/processed/camera-001/clips/camera-001-scene-0002.mp4,data_video/keyframes/camera-001/frame_000001.jpg,871b69bf09dda7c6f7b865bc58cf2d942d802273536877d5d6a1a58fced1d6fb,de,0.994325,,camera-001-ocr-00013,"{""frame_id"":""frame_000001"",""ocr_version"":""PP-OCRv5"",""polygon"":[[352.0,391.0],[396.0,393.0],[395.0,404.0],[352.0,402.0]]}"
camera-001-ocr-00014,camera-001,frame_text,5.000,5.000,"FOUNDaTION, INc.",data_video/processed/camera-001/clips/camera-001-scene-0002.mp4,data_video/keyframes/camera-001/frame_000001.jpg,871b69bf09dda7c6f7b865bc58cf2d942d802273536877d5d6a1a58fced1d6fb,de,0.777648,,camera-001-ocr-00014,"{""frame_id"":""frame_000001"",""ocr_version"":""PP-OCRv5"",""polygon"":[[599.0,410.0],[809.0,411.0],[808.0,432.0],[599.0,431.0]]}"
camera-001-ocr-00015,camera-001,frame_text,5.000,5.000,Special Grant Program,data_video/processed/camera-001/clips/camera-001-scene-0002.mp4,data_video/keyframes/camera-001/frame_000001.jpg,871b69bf09dda7c6f7b865bc58cf2d942d802273536877d5d6a1a58fced1d6fb,de,0.988267,,camera-001-ocr-00015,"{""frame_id"":""frame_000001"",""ocr_version"":""PP-OCRv5"",""polygon"":[[611.0,435.0],[793.0,436.0],[793.0,450.0],[611.0,449.0]]}"
camera-001-ocr-00016,camera-001,frame_text,5.000,5.000,in the Chemical Sciences,data_video/processed/camera-001/clips/camera-001-scene-0002.mp4,data_video/keyframes/camera-001/frame_000001.jpg,871b69bf09dda7c6f7b865bc58cf2d942d802273536877d5d6a1a58fced1d6fb,de,0.983895,,camera-001-ocr-00016,"{""frame_id"":""frame_000001"",""ocr_version"":""PP-OCRv5"",""polygon"":[[606.0,449.0],[804.0,449.0],[804.0,463.0],[606.0,463.0]]}"
camera-001-ocr-00017,camera-001,frame_text,10.000,10.000,Bill Hammack,data_video/processed/camera-001/clips/camera-001-scene-0002.mp4,data_video/keyframes/camera-001/frame_000002.jpg,871b69bf09dda7c6f7b865bc58cf2d942d802273536877d5d6a1a58fced1d6fb,de,0.999822,,camera-001-ocr-00017,"{""frame_id"":""frame_000002"",""ocr_version"":""PP-OCRv5"",""polygon"":[[545.0,95.0],[757.0,95.0],[757.0,119.0],[545.0,119.0]]}"
camera-001-ocr-00018,camera-001,frame_text,10.000,10.000,1,data_video/processed/camera-001/clips/camera-001-scene-0002.mp4,data_video/keyframes/camera-001/frame_000002.jpg,871b69bf09dda7c6f7b865bc58cf2d942d802273536877d5d6a1a58fced1d6fb,de,0.751300,,camera-001-ocr-00018,"{""frame_id"":""frame_000002"",""ocr_version"":""PP-OCRv5"",""polygon"":[[484.0,105.0],[533.0,105.0],[533.0,176.0],[484.0,176.0]]}"
camera-001-ocr-00019,camera-001,frame_text,10.000,10.000,Department of Chemical,data_video/processed/camera-001/clips/camera-001-scene-0002.mp4,data_video/keyframes/camera-001/frame_000002.jpg,871b69bf09dda7c6f7b865bc58cf2d942d802273536877d5d6a1a58fced1d6fb,de,0.998428,,camera-001-ocr-00019,"{""frame_id"":""frame_000002"",""ocr_version"":""PP-OCRv5"",""polygon"":[[545.0,119.0],[736.0,118.0],[736.0,136.0],[545.0,137.0]]}"
camera-001-ocr-00020,camera-001,frame_text,10.000,10.000,& Biomolecular Engineering,data_video/processed/camera-001/clips/camera-001-scene-0002.mp4,data_video/keyframes/camera-001/frame_000002.jpg,871b69bf09dda7c6f7b865bc58cf2d942d802273536877d5d6a1a58fced1d6fb,de,0.996963,,camera-001-ocr-00020,"{""frame_id"":""frame_000002"",""ocr_version"":""PP-OCRv5"",""polygon"":[[554.0,135.0],[773.0,136.0],[773.0,154.0],[553.0,153.0]]}"
camera-001-ocr-00021,camera-001,frame_text,10.000,10.000,University of Illinois,data_video/processed/camera-001/clips/camera-001-scene-0002.mp4,data_video/keyframes/camera-001/frame_000002.jpg,871b69bf09dda7c6f7b865bc58cf2d942d802273536877d5d6a1a58fced1d6fb,de,0.997769,,camera-001-ocr-00021,"{""frame_id"":""frame_000002"",""ocr_version"":""PP-OCRv5"",""polygon"":[[550.0,153.0],[700.0,153.0],[700.0,167.0],[550.0,167.0]]}"
camera-001-ocr-00022,camera-001,frame_text,10.000,10.000,at Urbana-Champaign,data_video/processed/camera-001/clips/camera-001-scene-0002.mp4,data_video/keyframes/camera-001/frame_000002.jpg,871b69bf09dda7c6f7b865bc58cf2d942d802273536877d5d6a1a58fced1d6fb,de,0.998654,,camera-001-ocr-00022,"{""frame_id"":""frame_000002"",""ocr_version"":""PP-OCRv5"",""polygon"":[[582.0,167.0],[748.0,168.0],[748.0,185.0],[582.0,184.0]]}"
camera-001-ocr-00023,camera-001,frame_text,15.000,15.000,PENTAX,data_video/processed/camera-001/clips/camera-001-scene-0002.mp4,data_video/keyframes/camera-001/frame_000003.jpg,871b69bf09dda7c6f7b865bc58cf2d942d802273536877d5d6a1a58fced1d6fb,de,0.998864,,camera-001-ocr-00023,"{""frame_id"":""frame_000003"",""ocr_version"":""PP-OCRv5"",""polygon"":[[529.0,198.0],[610.0,201.0],[609.0,215.0],[529.0,212.0]]}"
camera-001-ocr-00024,camera-001,frame_text,15.000,15.000,HONEYWELL,data_video/processed/camera-001/clips/camera-001-scene-0002.mp4,data_video/keyframes/camera-001/frame_000003.jpg,871b69bf09dda7c6f7b865bc58cf2d942d802273536877d5d6a1a58fced1d6fb,de,0.999481,,camera-001-ocr-00024,"{""frame_id"":""frame_000003"",""ocr_version"":""PP-OCRv5"",""polygon"":[[535.0,189.0],[603.0,191.0],[603.0,201.0],[535.0,199.0]]}"
camera-001-ocr-00025,camera-001,frame_text,15.000,15.000,cLOn,data_video/processed/camera-001/clips/camera-001-scene-0002.mp4,data_video/keyframes/camera-001/frame_000003.jpg,871b69bf09dda7c6f7b865bc58cf2d942d802273536877d5d6a1a58fced1d6fb,de,0.640022,,camera-001-ocr-00025,"{""frame_id"":""frame_000003"",""ocr_version"":""PP-OCRv5"",""polygon"":[[171.0,216.0],[205.0,216.0],[205.0,226.0],[171.0,226.0]]}"
camera-001-ocr-00026,camera-001,frame_text,15.000,15.000,PENTAX,data_video/processed/camera-001/clips/camera-001-scene-0002.mp4,data_video/keyframes/camera-001/frame_000003.jpg,871b69bf09dda7c6f7b865bc58cf2d942d802273536877d5d6a1a58fced1d6fb,de,0.993804,,camera-001-ocr-00026,"{""frame_id"":""frame_000003"",""ocr_version"":""PP-OCRv5"",""polygon"":[[509.0,301.0],[605.0,304.0],[605.0,317.0],[509.0,314.0]]}"
camera-001-ocr-00027,camera-001,frame_text,15.000,15.000,HONEYWELL,data_video/processed/camera-001/clips/camera-001-scene-0002.mp4,data_video/keyframes/camera-001/frame_000003.jpg,871b69bf09dda7c6f7b865bc58cf2d942d802273536877d5d6a1a58fced1d6fb,de,0.999484,,camera-001-ocr-00027,"{""frame_id"":""frame_000003"",""ocr_version"":""PP-OCRv5"",""polygon"":[[513.0,293.0],[598.0,295.0],[598.0,305.0],[513.0,303.0]]}"
camera-001-ocr-00028,camera-001,frame_text,35.000,35.000,Engincering Stories,data_video/processed/camera-001/clips/camera-001-scene-0006.mp4,data_video/keyframes/camera-001/frame_000007.jpg,871b69bf09dda7c6f7b865bc58cf2d942d802273536877d5d6a1a58fced1d6fb,de,0.974826,,camera-001-ocr-00028,"{""frame_id"":""frame_000007"",""ocr_version"":""PP-OCRv5"",""polygon"":[[55.0,354.0],[134.0,354.0],[134.0,361.0],[55.0,361.0]]}"
camera-001-ocr-00029,camera-001,frame_text,35.000,35.000,Eight Amazing,data_video/processed/camera-001/clips/camera-001-scene-0006.mp4,data_video/keyframes/camera-001/frame_000007.jpg,871b69bf09dda7c6f7b865bc58cf2d942d802273536877d5d6a1a58fced1d6fb,de,0.998584,,camera-001-ocr-00029,"{""frame_id"":""frame_000007"",""ocr_version"":""PP-OCRv5"",""polygon"":[[65.0,346.0],[125.0,346.0],[125.0,353.0],[65.0,353.0]]}"
camera-001-ocr-00030,camera-001,frame_text,35.000,35.000,This video is based on a chapter in,data_video/processed/camera-001/clips/camera-001-scene-0006.mp4,data_video/keyframes/camera-001/frame_000007.jpg,871b69bf09dda7c6f7b865bc58cf2d942d802273536877d5d6a1a58fced1d6fb,de,0.992314,,camera-001-ocr-00030,"{""frame_id"":""frame_000007"",""ocr_version"":""PP-OCRv5"",""polygon"":[[164.0,395.0],[469.0,396.0],[468.0,414.0],[164.0,413.0]]}"
camera-001-ocr-00031,camera-001,frame_text,35.000,35.000,Eight Amazing,data_video/processed/camera-001/clips/camera-001-scene-0006.mp4,data_video/keyframes/camera-001/frame_000007.jpg,871b69bf09dda7c6f7b865bc58cf2d942d802273536877d5d6a1a58fced1d6fb,de,0.977732,,camera-001-ocr-00031,"{""frame_id"":""frame_000007"",""ocr_version"":""PP-OCRv5"",""polygon"":[[164.0,418.0],[423.0,418.0],[423.0,448.0],[164.0,448.0]]}"
camera-001-ocr-00032,camera-001,frame_text,35.000,35.000,Engineering,data_video/processed/camera-001/clips/camera-001-scene-0006.mp4,data_video/keyframes/camera-001/frame_000007.jpg,871b69bf09dda7c6f7b865bc58cf2d942d802273536877d5d6a1a58fced1d6fb,de,0.999965,,camera-001-ocr-00032,"{""frame_id"":""frame_000007"",""ocr_version"":""PP-OCRv5"",""polygon"":[[408.0,420.0],[618.0,420.0],[618.0,447.0],[408.0,447.0]]}"
camera-001-ocr-00033,camera-001,frame_text,35.000,35.000,Stories,data_video/processed/camera-001/clips/camera-001-scene-0006.mp4,data_video/keyframes/camera-001/frame_000007.jpg,871b69bf09dda7c6f7b865bc58cf2d942d802273536877d5d6a1a58fced1d6fb,de,0.999892,,camera-001-ocr-00033,"{""frame_id"":""frame_000007"",""ocr_version"":""PP-OCRv5"",""polygon"":[[619.0,420.0],[738.0,420.0],[738.0,445.0],[619.0,445.0]]}"
camera-001-ocr-00034,camera-001,frame_text,35.000,35.000,visit www.engineerguy.com/elements,data_video/processed/camera-001/clips/camera-001-scene-0006.mp4,data_video/keyframes/camera-001/frame_000007.jpg,871b69bf09dda7c6f7b865bc58cf2d942d802273536877d5d6a1a58fced1d6fb,de,0.999772,,camera-001-ocr-00034,"{""frame_id"":""frame_000007"",""ocr_version"":""PP-OCRv5"",""polygon"":[[399.0,450.0],[736.0,451.0],[736.0,472.0],[399.0,471.0]]}"
camera-001-ocr-00035,camera-001,frame_text,40.000,40.000,Eight Amazing,data_video/processed/camera-001/clips/camera-001-scene-0006.mp4,data_video/keyframes/camera-001/frame_000008.jpg,871b69bf09dda7c6f7b865bc58cf2d942d802273536877d5d6a1a58fced1d6fb,de,0.956282,,camera-001-ocr-00035,"{""frame_id"":""frame_000008"",""ocr_version"":""PP-OCRv5"",""polygon"":[[63.0,343.0],[126.0,345.0],[125.0,355.0],[63.0,353.0]]}"
camera-001-ocr-00036,camera-001,frame_text,40.000,40.000,Engincering Stories,data_video/processed/camera-001/clips/camera-001-scene-0006.mp4,data_video/keyframes/camera-001/frame_000008.jpg,871b69bf09dda7c6f7b865bc58cf2d942d802273536877d5d6a1a58fced1d6fb,de,0.968420,,camera-001-ocr-00036,"{""frame_id"":""frame_000008"",""ocr_version"":""PP-OCRv5"",""polygon"":[[56.0,354.0],[134.0,354.0],[134.0,361.0],[56.0,361.0]]}"
camera-001-ocr-00037,camera-001,frame_text,40.000,40.000,This video is based on a chapter in,data_video/processed/camera-001/clips/camera-001-scene-0006.mp4,data_video/keyframes/camera-001/frame_000008.jpg,871b69bf09dda7c6f7b865bc58cf2d942d802273536877d5d6a1a58fced1d6fb,de,0.988968,,camera-001-ocr-00037,"{""frame_id"":""frame_000008"",""ocr_version"":""PP-OCRv5"",""polygon"":[[164.0,395.0],[469.0,397.0],[468.0,414.0],[164.0,412.0]]}"
camera-001-ocr-00038,camera-001,frame_text,40.000,40.000,Eight Amazing,data_video/processed/camera-001/clips/camera-001-scene-0006.mp4,data_video/keyframes/camera-001/frame_000008.jpg,871b69bf09dda7c6f7b865bc58cf2d942d802273536877d5d6a1a58fced1d6fb,de,0.999385,,camera-001-ocr-00038,"{""frame_id"":""frame_000008"",""ocr_version"":""PP-OCRv5"",""polygon"":[[165.0,418.0],[410.0,421.0],[410.0,449.0],[165.0,446.0]]}"
camera-001-ocr-00039,camera-001,frame_text,40.000,40.000,Engineering Stories,data_video/processed/camera-001/clips/camera-001-scene-0006.mp4,data_video/keyframes/camera-001/frame_000008.jpg,871b69bf09dda7c6f7b865bc58cf2d942d802273536877d5d6a1a58fced1d6fb,de,0.999098,,camera-001-ocr-00039,"{""frame_id"":""frame_000008"",""ocr_version"":""PP-OCRv5"",""polygon"":[[412.0,420.0],[740.0,419.0],[740.0,446.0],[412.0,447.0]]}"
camera-001-ocr-00040,camera-001,frame_text,40.000,40.000,visit www.engineerguy.com/elements,data_video/processed/camera-001/clips/camera-001-scene-0006.mp4,data_video/keyframes/camera-001/frame_000008.jpg,871b69bf09dda7c6f7b865bc58cf2d942d802273536877d5d6a1a58fced1d6fb,de,0.992497,,camera-001-ocr-00040,"{""frame_id"":""frame_000008"",""ocr_version"":""PP-OCRv5"",""polygon"":[[399.0,451.0],[736.0,452.0],[736.0,472.0],[399.0,471.0]]}"
camera-001-ocr-00041,camera-001,frame_text,60.000,60.000,8.84,data_video/processed/camera-001/clips/camera-001-scene-0007.mp4,data_video/keyframes/camera-001/frame_000012.jpg,871b69bf09dda7c6f7b865bc58cf2d942d802273536877d5d6a1a58fced1d6fb,de,0.999999,,camera-001-ocr-00041,"{""frame_id"":""frame_000012"",""ocr_version"":""PP-OCRv5"",""polygon"":[[84.0,177.0],[158.0,177.0],[158.0,206.0],[84.0,206.0]]}"
camera-001-ocr-00042,camera-001,frame_text,60.000,60.000,microns,data_video/processed/camera-001/clips/camera-001-scene-0007.mp4,data_video/keyframes/camera-001/frame_000012.jpg,871b69bf09dda7c6f7b865bc58cf2d942d802273536877d5d6a1a58fced1d6fb,de,0.999959,,camera-001-ocr-00042,"{""frame_id"":""frame_000012"",""ocr_version"":""PP-OCRv5"",""polygon"":[[29.0,216.0],[156.0,216.0],[156.0,240.0],[29.0,240.0]]}"
camera-001-ocr-00043,camera-001,frame_text,60.000,60.000,11.79 microns,data_video/processed/camera-001/clips/camera-001-scene-0007.mp4,data_video/keyframes/camera-001/frame_000012.jpg,871b69bf09dda7c6f7b865bc58cf2d942d802273536877d5d6a1a58fced1d6fb,de,0.975683,,camera-001-ocr-00043,"{""frame_id"":""frame_000012"",""ocr_version"":""PP-OCRv5"",""polygon"":[[321.0,443.0],[552.0,443.0],[552.0,470.0],[321.0,470.0]]}"
camera-001-ocr-00044,camera-001,frame_text,65.000,65.000,Would you like to translate the captions/subtitles for this video?,data_video/processed/camera-001/clips/camera-001-scene-0007.mp4,data_video/keyframes/camera-001/frame_000013.jpg,871b69bf09dda7c6f7b865bc58cf2d942d802273536877d5d6a1a58fced1d6fb,de,0.989628,,camera-001-ocr-00044,"{""frame_id"":""frame_000013"",""ocr_version"":""PP-OCRv5"",""polygon"":[[25.0,427.0],[644.0,427.0],[644.0,447.0],[25.0,447.0]]}"
camera-001-ocr-00045,camera-001,frame_text,65.000,65.000,"If so, please go to http://www.engineerguy.com/translate",data_video/processed/camera-001/clips/camera-001-scene-0007.mp4,data_video/keyframes/camera-001/frame_000013.jpg,871b69bf09dda7c6f7b865bc58cf2d942d802273536877d5d6a1a58fced1d6fb,de,0.995373,,camera-001-ocr-00045,"{""frame_id"":""frame_000013"",""ocr_version"":""PP-OCRv5"",""polygon"":[[26.0,451.0],[574.0,451.0],[574.0,471.0],[26.0,471.0]]}"
camera-001-ocr-00046,camera-001,frame_text,70.000,70.000,Would you like to translate the captions/subtitles for this video?,data_video/processed/camera-001/clips/camera-001-scene-0007.mp4,data_video/keyframes/camera-001/frame_000014.jpg,871b69bf09dda7c6f7b865bc58cf2d942d802273536877d5d6a1a58fced1d6fb,de,0.989388,,camera-001-ocr-00046,"{""frame_id"":""frame_000014"",""ocr_version"":""PP-OCRv5"",""polygon"":[[25.0,427.0],[644.0,427.0],[644.0,447.0],[25.0,447.0]]}"
camera-001-ocr-00047,camera-001,frame_text,70.000,70.000,"If so, please go to http://www.engineerguy.com/translate",data_video/processed/camera-001/clips/camera-001-scene-0007.mp4,data_video/keyframes/camera-001/frame_000014.jpg,871b69bf09dda7c6f7b865bc58cf2d942d802273536877d5d6a1a58fced1d6fb,de,0.988450,,camera-001-ocr-00047,"{""frame_id"":""frame_000014"",""ocr_version"":""PP-OCRv5"",""polygon"":[[26.0,451.0],[574.0,451.0],[574.0,471.0],[26.0,471.0]]}"
camera-001-ocr-00048,camera-001,frame_text,100.000,100.000,Distortion from capacitive coupling,data_video/processed/camera-001/clips/camera-001-scene-0007.mp4,data_video/keyframes/camera-001/frame_000020.jpg,871b69bf09dda7c6f7b865bc58cf2d942d802273536877d5d6a1a58fced1d6fb,de,0.993693,,camera-001-ocr-00048,"{""frame_id"":""frame_000020"",""ocr_version"":""PP-OCRv5"",""polygon"":[[146.0,423.0],[571.0,427.0],[571.0,458.0],[145.0,454.0]]}"
camera-001-ocr-00049,camera-001,frame_text,115.000,115.000,Silicon,data_video/processed/camera-001/clips/camera-001-scene-0007.mp4,data_video/keyframes/camera-001/frame_000023.jpg,871b69bf09dda7c6f7b865bc58cf2d942d802273536877d5d6a1a58fced1d6fb,de,0.999614,,camera-001-ocr-00049,"{""frame_id"":""frame_000023"",""ocr_version"":""PP-OCRv5"",""polygon"":[[431.0,172.0],[540.0,175.0],[539.0,211.0],[430.0,208.0]]}"
camera-001-ocr-00050,camera-001,frame_text,115.000,115.000,silicon,data_video/processed/camera-001/clips/camera-001-scene-0007.mp4,data_video/keyframes/camera-001/frame_000023.jpg,871b69bf09dda7c6f7b865bc58cf2d942d802273536877d5d6a1a58fced1d6fb,de,0.998961,,camera-001-ocr-00050,"{""frame_id"":""frame_000023"",""ocr_version"":""PP-OCRv5"",""polygon"":[[56.0,314.0],[133.0,314.0],[133.0,343.0],[56.0,343.0]]}"
camera-001-ocr-00051,camera-001,frame_text,115.000,115.000,S,data_video/processed/camera-001/clips/camera-001-scene-0007.mp4,data_video/keyframes/camera-001/frame_000023.jpg,871b69bf09dda7c6f7b865bc58cf2d942d802273536877d5d6a1a58fced1d6fb,de,0.892164,,camera-001-ocr-00051,"{""frame_id"":""frame_000023"",""ocr_version"":""PP-OCRv5"",""polygon"":[[45.0,336.0],[135.0,336.0],[135.0,432.0],[45.0,432.0]]}"
camera-001-ocr-00052,camera-001,frame_text,115.000,115.000,atomic no 14,data_video/processed/camera-001/clips/camera-001-scene-0007.mp4,data_video/keyframes/camera-001/frame_000023.jpg,871b69bf09dda7c6f7b865bc58cf2d942d802273536877d5d6a1a58fced1d6fb,de,0.980455,,camera-001-ocr-00052,"{""frame_id"":""frame_000023"",""ocr_version"":""PP-OCRv5"",""polygon"":[[55.0,424.0],[135.0,422.0],[136.0,439.0],[56.0,441.0]]}"
camera-001-ocr-00053,camera-001,frame_text,115.000,115.000,atomicwt 28.0855,data_video/processed/camera-001/clips/camera-001-scene-0007.mp4,data_video/keyframes/camera-001/frame_000023.jpg,871b69bf09dda7c6f7b865bc58cf2d942d802273536877d5d6a1a58fced1d6fb,de,0.936089,,camera-001-ocr-00053,"{""frame_id"":""frame_000023"",""ocr_version"":""PP-OCRv5"",""polygon"":[[38.0,438.0],[152.0,436.0],[152.0,453.0],[39.0,455.0]]}"
camera-001-ocr-00054,camera-001,frame_text,120.000,120.000,Silicon,data_video/processed/camera-001/clips/camera-001-scene-0007.mp4,data_video/keyframes/camera-001/frame_000024.jpg,871b69bf09dda7c6f7b865bc58cf2d942d802273536877d5d6a1a58fced1d6fb,de,0.999658,,camera-001-ocr-00054,"{""frame_id"":""frame_000024"",""ocr_version"":""PP-OCRv5"",""polygon"":[[431.0,172.0],[540.0,175.0],[539.0,211.0],[430.0,208.0]]}"
camera-001-ocr-00055,camera-001,frame_text,120.000,120.000,silicon,data_video/processed/camera-001/clips/camera-001-scene-0007.mp4,data_video/keyframes/camera-001/frame_000024.jpg,871b69bf09dda7c6f7b865bc58cf2d942d802273536877d5d6a1a58fced1d6fb,de,0.999465,,camera-001-ocr-00055,"{""frame_id"":""frame_000024"",""ocr_version"":""PP-OCRv5"",""polygon"":[[56.0,314.0],[132.0,314.0],[132.0,343.0],[56.0,343.0]]}"
camera-001-ocr-00056,camera-001,frame_text,120.000,120.000,Si,data_video/processed/camera-001/clips/camera-001-scene-0007.mp4,data_video/keyframes/camera-001/frame_000024.jpg,871b69bf09dda7c6f7b865bc58cf2d942d802273536877d5d6a1a58fced1d6fb,de,0.731608,,camera-001-ocr-00056,"{""frame_id"":""frame_000024"",""ocr_version"":""PP-OCRv5"",""polygon"":[[45.0,336.0],[135.0,336.0],[135.0,432.0],[45.0,432.0]]}"
camera-001-ocr-00057,camera-001,frame_text,120.000,120.000,atomic no 14,data_video/processed/camera-001/clips/camera-001-scene-0007.mp4,data_video/keyframes/camera-001/frame_000024.jpg,871b69bf09dda7c6f7b865bc58cf2d942d802273536877d5d6a1a58fced1d6fb,de,0.989478,,camera-001-ocr-00057,"{""frame_id"":""frame_000024"",""ocr_version"":""PP-OCRv5"",""polygon"":[[56.0,424.0],[135.0,422.0],[136.0,439.0],[57.0,441.0]]}"
camera-001-ocr-00058,camera-001,frame_text,120.000,120.000,atomic wt 28.0855,data_video/processed/camera-001/clips/camera-001-scene-0007.mp4,data_video/keyframes/camera-001/frame_000024.jpg,871b69bf09dda7c6f7b865bc58cf2d942d802273536877d5d6a1a58fced1d6fb,de,0.989558,,camera-001-ocr-00058,"{""frame_id"":""frame_000024"",""ocr_version"":""PP-OCRv5"",""polygon"":[[42.0,439.0],[151.0,439.0],[151.0,453.0],[42.0,453.0]]}"
camera-001-ocr-00059,camera-001,frame_text,140.000,140.000,single pixel,data_video/processed/camera-001/clips/camera-001-scene-0007.mp4,data_video/keyframes/camera-001/frame_000028.jpg,871b69bf09dda7c6f7b865bc58cf2d942d802273536877d5d6a1a58fced1d6fb,de,0.998250,,camera-001-ocr-00059,"{""frame_id"":""frame_000028"",""ocr_version"":""PP-OCRv5"",""polygon"":[[36.0,205.0],[177.0,203.0],[177.0,231.0],[37.0,233.0]]}"
camera-001-ocr-00060,camera-001,frame_text,140.000,140.000,www.engineerguy.com IMbillengineerguy,data_video/processed/camera-001/clips/camera-001-scene-0007.mp4,data_video/keyframes/camera-001/frame_000028.jpg,871b69bf09dda7c6f7b865bc58cf2d942d802273536877d5d6a1a58fced1d6fb,de,0.994725,,camera-001-ocr-00060,"{""frame_id"":""frame_000028"",""ocr_version"":""PP-OCRv5"",""polygon"":[[8.0,442.0],[597.0,441.0],[597.0,469.0],[8.0,470.0]]}"
camera-001-ocr-00061,camera-001,frame_text,140.000,140.000,3,data_video/processed/camera-001/clips/camera-001-scene-0007.mp4,data_video/keyframes/camera-001/frame_000028.jpg,871b69bf09dda7c6f7b865bc58cf2d942d802273536877d5d6a1a58fced1d6fb,de,0.649341,,camera-001-ocr-00061,"{""frame_id"":""frame_000028"",""ocr_version"":""PP-OCRv5"",""polygon"":[[650.0,444.0],[673.0,444.0],[673.0,468.0],[650.0,468.0]]}"
camera-001-ocr-00062,camera-001,frame_text,145.000,145.000,VOUOO,data_video/processed/camera-001/clips/camera-001-scene-0007.mp4,data_video/keyframes/camera-001/frame_000029.jpg,871b69bf09dda7c6f7b865bc58cf2d942d802273536877d5d6a1a58fced1d6fb,de,0.519144,,camera-001-ocr-00062,"{""frame_id"":""frame_000029"",""ocr_version"":""PP-OCRv5"",""polygon"":[[297.0,154.0],[356.0,180.0],[349.0,197.0],[289.0,171.0]]}"
camera-001-ocr-00063,camera-001,frame_text,145.000,145.000,00n0o,data_video/processed/camera-001/clips/camera-001-scene-0007.mp4,data_video/keyframes/camera-001/frame_000029.jpg,871b69bf09dda7c6f7b865bc58cf2d942d802273536877d5d6a1a58fced1d6fb,de,0.524028,,camera-001-ocr-00063,"{""frame_id"":""frame_000029"",""ocr_version"":""PP-OCRv5"",""polygon"":[[259.0,180.0],[317.0,211.0],[306.0,231.0],[248.0,200.0]]}"
camera-001-ocr-00064,camera-001,frame_text,145.000,145.000,voUOU,data_video/processed/camera-001/clips/camera-001-scene-0007.mp4,data_video/keyframes/camera-001/frame_000029.jpg,871b69bf09dda7c6f7b865bc58cf2d942d802273536877d5d6a1a58fced1d6fb,de,0.526507,,camera-001-ocr-00064,"{""frame_id"":""frame_000029"",""ocr_version"":""PP-OCRv5"",""polygon"":[[239.0,199.0],[302.0,232.0],[291.0,252.0],[229.0,219.0]]}"
camera-001-ocr-00065,camera-001,frame_text,145.000,145.000,l0o0,data_video/processed/camera-001/clips/camera-001-scene-0007.mp4,data_video/keyframes/camera-001/frame_000029.jpg,871b69bf09dda7c6f7b865bc58cf2d942d802273536877d5d6a1a58fced1d6fb,de,0.552247,,camera-001-ocr-00065,"{""frame_id"":""frame_000029"",""ocr_version"":""PP-OCRv5"",""polygon"":[[582.0,255.0],[649.0,290.0],[641.0,307.0],[574.0,272.0]]}"
camera-001-ocr-00066,camera-001,frame_text,145.000,145.000,www.engineerguy.com IMbillengineerguy,data_video/processed/camera-001/clips/camera-001-scene-0007.mp4,data_video/keyframes/camera-001/frame_000029.jpg,871b69bf09dda7c6f7b865bc58cf2d942d802273536877d5d6a1a58fced1d6fb,de,0.994216,,camera-001-ocr-00066,"{""frame_id"":""frame_000029"",""ocr_version"":""PP-OCRv5"",""polygon"":[[7.0,441.0],[598.0,439.0],[598.0,470.0],[7.0,472.0]]}"
camera-001-ocr-00067,camera-001,frame_text,150.000,150.000,www.engineerguy.com IMbillengineerguy,data_video/processed/camera-001/clips/camera-001-scene-0007.mp4,data_video/keyframes/camera-001/frame_000030.jpg,871b69bf09dda7c6f7b865bc58cf2d942d802273536877d5d6a1a58fced1d6fb,de,0.996208,,camera-001-ocr-00067,"{""frame_id"":""frame_000030"",""ocr_version"":""PP-OCRv5"",""polygon"":[[6.0,439.0],[599.0,436.0],[599.0,470.0],[6.0,473.0]]}"
camera-001-ocr-00068,camera-001,frame_text,155.000,155.000,DBF,data_video/processed/camera-001/clips/camera-001-scene-0007.mp4,data_video/keyframes/camera-001/frame_000031.jpg,871b69bf09dda7c6f7b865bc58cf2d942d802273536877d5d6a1a58fced1d6fb,de,0.534576,,camera-001-ocr-00068,"{""frame_id"":""frame_000031"",""ocr_version"":""PP-OCRv5"",""polygon"":[[646.0,336.0],[674.0,336.0],[674.0,351.0],[646.0,351.0]]}"
camera-001-ocr-00069,camera-001,frame_text,175.000,175.000,OF,data_video/processed/camera-001/clips/camera-001-scene-0007.mp4,data_video/keyframes/camera-001/frame_000035.jpg,871b69bf09dda7c6f7b865bc58cf2d942d802273536877d5d6a1a58fced1d6fb,de,0.537447,,camera-001-ocr-00069,"{""frame_id"":""frame_000035"",""ocr_version"":""PP-OCRv5"",""polygon"":[[645.0,336.0],[675.0,336.0],[675.0,351.0],[645.0,351.0]]}"
camera-001-ocr-00070,camera-001,frame_text,190.000,190.000,Lens,data_video/processed/camera-001/clips/camera-001-scene-0007.mp4,data_video/keyframes/camera-001/frame_000038.jpg,871b69bf09dda7c6f7b865bc58cf2d942d802273536877d5d6a1a58fced1d6fb,de,0.999992,,camera-001-ocr-00070,"{""frame_id"":""frame_000038"",""ocr_version"":""PP-OCRv5"",""polygon"":[[144.0,53.0],[213.0,55.0],[212.0,84.0],[143.0,82.0]]}"
camera-001-ocr-00071,camera-001,frame_text,190.000,190.000,Mirrors,data_video/processed/camera-001/clips/camera-001-scene-0007.mp4,data_video/keyframes/camera-001/frame_000038.jpg,871b69bf09dda7c6f7b865bc58cf2d942d802273536877d5d6a1a58fced1d6fb,de,0.999940,,camera-001-ocr-00071,"{""frame_id"":""frame_000038"",""ocr_version"":""PP-OCRv5"",""polygon"":[[314.0,52.0],[409.0,55.0],[407.0,86.0],[313.0,83.0]]}"
camera-001-ocr-00072,camera-001,frame_text,190.000,190.000,-,data_video/processed/camera-001/clips/camera-001-scene-0007.mp4,data_video/keyframes/camera-001/frame_000038.jpg,871b69bf09dda7c6f7b865bc58cf2d942d802273536877d5d6a1a58fced1d6fb,de,0.635257,,camera-001-ocr-00072,"{""frame_id"":""frame_000038"",""ocr_version"":""PP-OCRv5"",""polygon"":[[348.0,205.0],[401.0,259.0],[394.0,266.0],[341.0,212.0]]}"
camera-001-ocr-00073,camera-001,frame_text,195.000,195.000,Lens,data_video/processed/camera-001/clips/camera-001-scene-0007.mp4,data_video/keyframes/camera-001/frame_000039.jpg,871b69bf09dda7c6f7b865bc58cf2d942d802273536877d5d6a1a58fced1d6fb,de,0.999995,,camera-001-ocr-00073,"{""frame_id"":""frame_000039"",""ocr_version"":""PP-OCRv5"",""polygon"":[[145.0,56.0],[211.0,56.0],[211.0,82.0],[145.0,82.0]]}"
camera-001-ocr-00074,camera-001,frame_text,195.000,195.000,Mirrors,data_video/processed/camera-001/clips/camera-001-scene-0007.mp4,data_video/keyframes/camera-001/frame_000039.jpg,871b69bf09dda7c6f7b865bc58cf2d942d802273536877d5d6a1a58fced1d6fb,de,0.999958,,camera-001-ocr-00074,"{""frame_id"":""frame_000039"",""ocr_version"":""PP-OCRv5"",""polygon"":[[315.0,53.0],[409.0,57.0],[407.0,86.0],[314.0,82.0]]}"
camera-001-ocr-00075,camera-001,frame_text,195.000,195.000,CCD,data_video/processed/camera-001/clips/camera-001-scene-0007.mp4,data_video/keyframes/camera-001/frame_000039.jpg,871b69bf09dda7c6f7b865bc58cf2d942d802273536877d5d6a1a58fced1d6fb,de,0.999220,,camera-001-ocr-00075,"{""frame_id"":""frame_000039"",""ocr_version"":""PP-OCRv5"",""polygon"":[[630.0,113.0],[687.0,113.0],[687.0,143.0],[630.0,143.0]]}"
camera-001-ocr-00076,camera-001,frame_text,195.000,195.000,CCD,data_video/processed/camera-001/clips/camera-001-scene-0007.mp4,data_video/keyframes/camera-001/frame_000039.jpg,871b69bf09dda7c6f7b865bc58cf2d942d802273536877d5d6a1a58fced1d6fb,de,0.999764,,camera-001-ocr-00076,"{""frame_id"":""frame_000039"",""ocr_version"":""PP-OCRv5"",""polygon"":[[631.0,219.0],[686.0,219.0],[686.0,246.0],[631.0,246.0]]}"
camera-001-ocr-00077,camera-001,frame_text,195.000,195.000,-,data_video/processed/camera-001/clips/camera-001-scene-0007.mp4,data_video/keyframes/camera-001/frame_000039.jpg,871b69bf09dda7c6f7b865bc58cf2d942d802273536877d5d6a1a58fced1d6fb,de,0.549846,,camera-001-ocr-00077,"{""frame_id"":""frame_000039"",""ocr_version"":""PP-OCRv5"",""polygon"":[[348.0,311.0],[402.0,366.0],[395.0,373.0],[341.0,318.0]]}"
camera-001-ocr-00078,camera-001,frame_text,195.000,195.000,CCD,data_video/processed/camera-001/clips/camera-001-scene-0007.mp4,data_video/keyframes/camera-001/frame_000039.jpg,871b69bf09dda7c6f7b865bc58cf2d942d802273536877d5d6a1a58fced1d6fb,de,0.999511,,camera-001-ocr-00078,"{""frame_id"":""frame_000039"",""ocr_version"":""PP-OCRv5"",""polygon"":[[630.0,320.0],[687.0,320.0],[687.0,350.0],[630.0,350.0]]}"
camera-001-ocr-00079,camera-001,frame_text,205.000,205.000,CCD,data_video/processed/camera-001/clips/camera-001-scene-0007.mp4,data_video/keyframes/camera-001/frame_000041.jpg,871b69bf09dda7c6f7b865bc58cf2d942d802273536877d5d6a1a58fced1d6fb,de,0.999658,,camera-001-ocr-00079,"{""frame_id"":""frame_000041"",""ocr_version"":""PP-OCRv5"",""polygon"":[[630.0,320.0],[687.0,320.0],[687.0,350.0],[630.0,350.0]]}"
camera-001-ocr-00080,camera-001,frame_text,210.000,210.000,CCD,data_video/processed/camera-001/clips/camera-001-scene-0007.mp4,data_video/keyframes/camera-001/frame_000042.jpg,871b69bf09dda7c6f7b865bc58cf2d942d802273536877d5d6a1a58fced1d6fb,de,0.992276,,camera-001-ocr-00080,"{""frame_id"":""frame_000042"",""ocr_version"":""PP-OCRv5"",""polygon"":[[640.0,352.0],[708.0,352.0],[708.0,395.0],[640.0,395.0]]}"
camera-001-ocr-00081,camera-001,frame_text,210.000,210.000,Color Filter,data_video/processed/camera-001/clips/camera-001-scene-0007.mp4,data_video/keyframes/camera-001/frame_000042.jpg,871b69bf09dda7c6f7b865bc58cf2d942d802273536877d5d6a1a58fced1d6fb,de,0.999880,,camera-001-ocr-00081,"{""frame_id"":""frame_000042"",""ocr_version"":""PP-OCRv5"",""polygon"":[[363.0,409.0],[486.0,411.0],[486.0,439.0],[363.0,437.0]]}"
camera-001-ocr-00082,camera-001,frame_text,210.000,210.000,Array,data_video/processed/camera-001/clips/camera-001-scene-0007.mp4,data_video/keyframes/camera-001/frame_000042.jpg,871b69bf09dda7c6f7b865bc58cf2d942d802273536877d5d6a1a58fced1d6fb,de,0.999348,,camera-001-ocr-00082,"{""frame_id"":""frame_000042"",""ocr_version"":""PP-OCRv5"",""polygon"":[[394.0,432.0],[457.0,434.0],[456.0,460.0],[393.0,458.0]]}"
camera-001-ocr-00083,camera-001,frame_text,245.000,245.000,Photoelectric effect,data_video/processed/camera-001/clips/camera-001-scene-0007.mp4,data_video/keyframes/camera-001/frame_000049.jpg,871b69bf09dda7c6f7b865bc58cf2d942d802273536877d5d6a1a58fced1d6fb,de,0.999965,,camera-001-ocr-00083,"{""frame_id"":""frame_000049"",""ocr_version"":""PP-OCRv5"",""polygon"":[[75.0,59.0],[321.0,59.0],[321.0,86.0],[75.0,86.0]]}"
camera-001-ocr-00084,camera-001,frame_text,245.000,245.000,Capacitive coupling,data_video/processed/camera-001/clips/camera-001-scene-0007.mp4,data_video/keyframes/camera-001/frame_000049.jpg,871b69bf09dda7c6f7b865bc58cf2d942d802273536877d5d6a1a58fced1d6fb,de,0.986736,,camera-001-ocr-00084,"{""frame_id"":""frame_000049"",""ocr_version"":""PP-OCRv5"",""polygon"":[[74.0,99.0],[322.0,101.0],[322.0,129.0],[74.0,127.0]]}"
camera-001-ocr-00085,camera-001,frame_text,245.000,245.000,Eight Amazing,data_video/processed/camera-001/clips/camera-001-scene-0007.mp4,data_video/keyframes/camera-001/frame_000049.jpg,871b69bf09dda7c6f7b865bc58cf2d942d802273536877d5d6a1a58fced1d6fb,de,0.967800,,camera-001-ocr-00085,"{""frame_id"":""frame_000049"",""ocr_version"":""PP-OCRv5"",""polygon"":[[528.0,107.0],[641.0,98.0],[643.0,117.0],[530.0,126.0]]}"
camera-001-ocr-00086,camera-001,frame_text,245.000,245.000,Engineering Stories,data_video/processed/camera-001/clips/camera-001-scene-0007.mp4,data_video/keyframes/camera-001/frame_000049.jpg,871b69bf09dda7c6f7b865bc58cf2d942d802273536877d5d6a1a58fced1d6fb,de,0.999704,,camera-001-ocr-00086,"{""frame_id"":""frame_000049"",""ocr_version"":""PP-OCRv5"",""polygon"":[[514.0,126.0],[663.0,116.0],[665.0,134.0],[515.0,144.0]]}"
camera-001-ocr-00087,camera-001,frame_text,245.000,245.000,MOS electron traps,data_video/processed/camera-001/clips/camera-001-scene-0007.mp4,data_video/keyframes/camera-001/frame_000049.jpg,871b69bf09dda7c6f7b865bc58cf2d942d802273536877d5d6a1a58fced1d6fb,de,0.998202,,camera-001-ocr-00087,"{""frame_id"":""frame_000049"",""ocr_version"":""PP-OCRv5"",""polygon"":[[73.0,140.0],[315.0,143.0],[315.0,170.0],[73.0,167.0]]}"
camera-001-ocr-00088,camera-001,frame_text,245.000,245.000,Using the Elements to Create,data_video/processed/camera-001/clips/camera-001-scene-0007.mp4,data_video/keyframes/camera-001/frame_000049.jpg,871b69bf09dda7c6f7b865bc58cf2d942d802273536877d5d6a1a58fced1d6fb,de,0.994403,,camera-001-ocr-00088,"{""frame_id"":""frame_000049"",""ocr_version"":""PP-OCRv5"",""polygon"":[[525.0,143.0],[648.0,136.0],[649.0,150.0],[525.0,157.0]]}"
camera-001-ocr-00089,camera-001,frame_text,245.000,245.000,Extraordinary Technologies,data_video/processed/camera-001/clips/camera-001-scene-0007.mp4,data_video/keyframes/camera-001/frame_000049.jpg,871b69bf09dda7c6f7b865bc58cf2d942d802273536877d5d6a1a58fced1d6fb,de,0.998127,,camera-001-ocr-00089,"{""frame_id"":""frame_000049"",""ocr_version"":""PP-OCRv5"",""polygon"":[[528.0,152.0],[646.0,148.0],[647.0,161.0],[528.0,165.0]]}"
camera-001-ocr-00090,camera-001,frame_text,245.000,245.000,MOS=Metal Oxide Semiconductors,data_video/processed/camera-001/clips/camera-001-scene-0007.mp4,data_video/keyframes/camera-001/frame_000049.jpg,871b69bf09dda7c6f7b865bc58cf2d942d802273536877d5d6a1a58fced1d6fb,de,0.994157,,camera-001-ocr-00090,"{""frame_id"":""frame_000049"",""ocr_version"":""PP-OCRv5"",""polygon"":[[90.0,168.0],[433.0,170.0],[433.0,193.0],[90.0,191.0]]}"
camera-001-ocr-00091,camera-001,frame_text,245.000,245.000,"Bill Hammack, Patrick Ryan",data_video/processed/camera-001/clips/camera-001-scene-0007.mp4,data_video/keyframes/camera-001/frame_000049.jpg,871b69bf09dda7c6f7b865bc58cf2d942d802273536877d5d6a1a58fced1d6fb,de,0.979086,,camera-001-ocr-00091,"{""frame_id"":""frame_000049"",""ocr_version"":""PP-OCRv5"",""polygon"":[[534.0,171.0],[636.0,171.0],[636.0,181.0],[534.0,181.0]]}"
camera-001-ocr-00092,camera-001,frame_text,245.000,245.000,&Nick Ziech,data_video/processed/camera-001/clips/camera-001-scene-0007.mp4,data_video/keyframes/camera-001/frame_000049.jpg,871b69bf09dda7c6f7b865bc58cf2d942d802273536877d5d6a1a58fced1d6fb,de,0.985605,,camera-001-ocr-00092,"{""frame_id"":""frame_000049"",""ocr_version"":""PP-OCRv5"",""polygon"":[[557.0,182.0],[609.0,182.0],[609.0,193.0],[557.0,193.0]]}"
camera-001-ocr-00093,camera-001,frame_text,245.000,245.000,Clock cycle of CCD,data_video/processed/camera-001/clips/camera-001-scene-0007.mp4,data_video/keyframes/camera-001/frame_000049.jpg,871b69bf09dda7c6f7b865bc58cf2d942d802273536877d5d6a1a58fced1d6fb,de,0.999167,,camera-001-ocr-00093,"{""frame_id"":""frame_000049"",""ocr_version"":""PP-OCRv5"",""polygon"":[[75.0,207.0],[314.0,207.0],[314.0,234.0],[75.0,234.0]]}"
camera-001-ocr-00094,camera-001,frame_text,245.000,245.000,Color Filter Array,data_video/processed/camera-001/clips/camera-001-scene-0007.mp4,data_video/keyframes/camera-001/frame_000049.jpg,871b69bf09dda7c6f7b865bc58cf2d942d802273536877d5d6a1a58fced1d6fb,de,0.992611,,camera-001-ocr-00094,"{""frame_id"":""frame_000049"",""ocr_version"":""PP-OCRv5"",""polygon"":[[73.0,246.0],[290.0,249.0],[289.0,277.0],[73.0,274.0]]}"
camera-001-ocr-00095,camera-001,frame_text,245.000,245.000,"Twatoring Digital Cameras, Lasers,",data_video/processed/camera-001/clips/camera-001-scene-0007.mp4,data_video/keyframes/camera-001/frame_000049.jpg,871b69bf09dda7c6f7b865bc58cf2d942d802273536877d5d6a1a58fced1d6fb,de,0.877429,,camera-001-ocr-00095,"{""frame_id"":""frame_000049"",""ocr_version"":""PP-OCRv5"",""polygon"":[[570.0,239.0],[665.0,249.0],[664.0,259.0],[569.0,249.0]]}"
camera-001-ocr-00096,camera-001,frame_text,245.000,245.000,"Asowic Cocs. Nuclear Bombi,",data_video/processed/camera-001/clips/camera-001-scene-0007.mp4,data_video/keyframes/camera-001/frame_000049.jpg,871b69bf09dda7c6f7b865bc58cf2d942d802273536877d5d6a1a58fced1d6fb,de,0.777210,,camera-001-ocr-00096,"{""frame_id"":""frame_000049"",""ocr_version"":""PP-OCRv5"",""polygon"":[[575.0,248.0],[658.0,258.0],[656.0,268.0],[574.0,258.0]]}"
camera-001-ocr-00097,camera-001,frame_text,245.000,245.000,Microwivs Ovees A m,data_video/processed/camera-001/clips/camera-001-scene-0007.mp4,data_video/keyframes/camera-001/frame_000049.jpg,871b69bf09dda7c6f7b865bc58cf2d942d802273536877d5d6a1a58fced1d6fb,de,0.779927,,camera-001-ocr-00097,"{""frame_id"":""frame_000049"",""ocr_version"":""PP-OCRv5"",""polygon"":[[582.0,259.0],[643.0,267.0],[642.0,274.0],[581.0,266.0]]}"
camera-001-ocr-00098,camera-001,frame_text,245.000,245.000,Active pixel sensors (APS),data_video/processed/camera-001/clips/camera-001-scene-0007.mp4,data_video/keyframes/camera-001/frame_000049.jpg,871b69bf09dda7c6f7b865bc58cf2d942d802273536877d5d6a1a58fced1d6fb,de,0.996994,,camera-001-ocr-00098,"{""frame_id"":""frame_000049"",""ocr_version"":""PP-OCRv5"",""polygon"":[[75.0,289.0],[403.0,289.0],[403.0,316.0],[75.0,316.0]]}"
camera-001-ocr-00099,camera-001,frame_text,245.000,245.000,CCD and the Nobel Prize,data_video/processed/camera-001/clips/camera-001-scene-0007.mp4,data_video/keyframes/camera-001/frame_000049.jpg,871b69bf09dda7c6f7b865bc58cf2d942d802273536877d5d6a1a58fced1d6fb,de,0.993332,,camera-001-ocr-00099,"{""frame_id"":""frame_000049"",""ocr_version"":""PP-OCRv5"",""polygon"":[[76.0,332.0],[381.0,332.0],[381.0,356.0],[76.0,356.0]]}"
camera-001-ocr-00100,camera-001,frame_text,245.000,245.000,Learn more about the book at,data_video/processed/camera-001/clips/camera-001-scene-0007.mp4,data_video/keyframes/camera-001/frame_000049.jpg,871b69bf09dda7c6f7b865bc58cf2d942d802273536877d5d6a1a58fced1d6fb,de,0.994923,,camera-001-ocr-00100,"{""frame_id"":""frame_000049"",""ocr_version"":""PP-OCRv5"",""polygon"":[[24.0,407.0],[385.0,405.0],[386.0,432.0],[24.0,434.0]]}"
camera-001-ocr-00101,camera-001,frame_text,245.000,245.000,www.engineerguy.com/elements,data_video/processed/camera-001/clips/camera-001-scene-0007.mp4,data_video/keyframes/camera-001/frame_000049.jpg,871b69bf09dda7c6f7b865bc58cf2d942d802273536877d5d6a1a58fced1d6fb,de,0.997971,,camera-001-ocr-00101,"{""frame_id"":""frame_000049"",""ocr_version"":""PP-OCRv5"",""polygon"":[[21.0,433.0],[754.0,427.0],[754.0,467.0],[21.0,473.0]]}"
camera-001-ocr-00102,camera-001,frame_text,250.000,250.000,Photoelectric effect,data_video/processed/camera-001/clips/camera-001-scene-0007.mp4,data_video/keyframes/camera-001/frame_000050.jpg,871b69bf09dda7c6f7b865bc58cf2d942d802273536877d5d6a1a58fced1d6fb,de,0.999966,,camera-001-ocr-00102,"{""frame_id"":""frame_000050"",""ocr_version"":""PP-OCRv5"",""polygon"":[[75.0,59.0],[321.0,59.0],[321.0,86.0],[75.0,86.0]]}"
camera-001-ocr-00103,camera-001,frame_text,250.000,250.000,Capacitive coupling,data_video/processed/camera-001/clips/camera-001-scene-0007.mp4,data_video/keyframes/camera-001/frame_000050.jpg,871b69bf09dda7c6f7b865bc58cf2d942d802273536877d5d6a1a58fced1d6fb,de,0.982082,,camera-001-ocr-00103,"{""frame_id"":""frame_000050"",""ocr_version"":""PP-OCRv5"",""polygon"":[[74.0,99.0],[322.0,101.0],[322.0,129.0],[74.0,127.0]]}"
camera-001-ocr-00104,camera-001,frame_text,250.000,250.000,Eight Amazing,data_video/processed/camera-001/clips/camera-001-scene-0007.mp4,data_video/keyframes/camera-001/frame_000050.jpg,871b69bf09dda7c6f7b865bc58cf2d942d802273536877d5d6a1a58fced1d6fb,de,0.999643,,camera-001-ocr-00104,"{""frame_id"":""frame_000050"",""ocr_version"":""PP-OCRv5"",""polygon"":[[528.0,107.0],[641.0,98.0],[643.0,117.0],[530.0,126.0]]}"
camera-001-ocr-00105,camera-001,frame_text,250.000,250.000,Engineering Stories,data_video/processed/camera-001/clips/camera-001-scene-0007.mp4,data_video/keyframes/camera-001/frame_000050.jpg,871b69bf09dda7c6f7b865bc58cf2d942d802273536877d5d6a1a58fced1d6fb,de,0.999048,,camera-001-ocr-00105,"{""frame_id"":""frame_000050"",""ocr_version"":""PP-OCRv5"",""polygon"":[[515.0,126.0],[663.0,116.0],[665.0,134.0],[516.0,144.0]]}"
camera-001-ocr-00106,camera-001,frame_text,250.000,250.000,MOS electron traps,data_video/processed/camera-001/clips/camera-001-scene-0007.mp4,data_video/keyframes/camera-001/frame_000050.jpg,871b69bf09dda7c6f7b865bc58cf2d942d802273536877d5d6a1a58fced1d6fb,de,0.997472,,camera-001-ocr-00106,"{""frame_id"":""frame_000050"",""ocr_version"":""PP-OCRv5"",""polygon"":[[73.0,140.0],[315.0,143.0],[315.0,170.0],[73.0,167.0]]}"
camera-001-ocr-00107,camera-001,frame_text,250.000,250.000,Using the Elements to Create,data_video/processed/camera-001/clips/camera-001-scene-0007.mp4,data_video/keyframes/camera-001/frame_000050.jpg,871b69bf09dda7c6f7b865bc58cf2d942d802273536877d5d6a1a58fced1d6fb,de,0.982558,,camera-001-ocr-00107,"{""frame_id"":""frame_000050"",""ocr_version"":""PP-OCRv5"",""polygon"":[[525.0,143.0],[648.0,137.0],[649.0,150.0],[525.0,156.0]]}"
camera-001-ocr-00108,camera-001,frame_text,250.000,250.000,Extraordinary Technologies,data_video/processed/camera-001/clips/camera-001-scene-0007.mp4,data_video/keyframes/camera-001/frame_000050.jpg,871b69bf09dda7c6f7b865bc58cf2d942d802273536877d5d6a1a58fced1d6fb,de,0.980476,,camera-001-ocr-00108,"{""frame_id"":""frame_000050"",""ocr_version"":""PP-OCRv5"",""polygon"":[[529.0,152.0],[645.0,148.0],[646.0,161.0],[529.0,165.0]]}"
camera-001-ocr-00109,camera-001,frame_text,250.000,250.000,MOS=Metal Oxide Semiconductors,data_video/processed/camera-001/clips/camera-001-scene-0007.mp4,data_video/keyframes/camera-001/frame_000050.jpg,871b69bf09dda7c6f7b865bc58cf2d942d802273536877d5d6a1a58fced1d6fb,de,0.996222,,camera-001-ocr-00109,"{""frame_id"":""frame_000050"",""ocr_version"":""PP-OCRv5"",""polygon"":[[90.0,168.0],[433.0,170.0],[433.0,193.0],[90.0,191.0]]}"
camera-001-ocr-00110,camera-001,frame_text,250.000,250.000,"Bill Hammack, Patrick Ryan",data_video/processed/camera-001/clips/camera-001-scene-0007.mp4,data_video/keyframes/camera-001/frame_000050.jpg,871b69bf09dda7c6f7b865bc58cf2d942d802273536877d5d6a1a58fced1d6fb,de,0.982624,,camera-001-ocr-00110,"{""frame_id"":""frame_000050"",""ocr_version"":""PP-OCRv5"",""polygon"":[[534.0,171.0],[637.0,171.0],[637.0,181.0],[534.0,181.0]]}"
camera-001-ocr-00111,camera-001,frame_text,250.000,250.000,&Nick Ziech,data_video/processed/camera-001/clips/camera-001-scene-0007.mp4,data_video/keyframes/camera-001/frame_000050.jpg,871b69bf09dda7c6f7b865bc58cf2d942d802273536877d5d6a1a58fced1d6fb,de,0.989215,,camera-001-ocr-00111,"{""frame_id"":""frame_000050"",""ocr_version"":""PP-OCRv5"",""polygon"":[[557.0,182.0],[608.0,182.0],[608.0,193.0],[557.0,193.0]]}"
camera-001-ocr-00112,camera-001,frame_text,250.000,250.000,Clock cycle of CCD,data_video/processed/camera-001/clips/camera-001-scene-0007.mp4,data_video/keyframes/camera-001/frame_000050.jpg,871b69bf09dda7c6f7b865bc58cf2d942d802273536877d5d6a1a58fced1d6fb,de,0.999740,,camera-001-ocr-00112,"{""frame_id"":""frame_000050"",""ocr_version"":""PP-OCRv5"",""polygon"":[[74.0,208.0],[314.0,206.0],[314.0,233.0],[74.0,235.0]]}"
camera-001-ocr-00113,camera-001,frame_text,250.000,250.000,Color Filter Array,data_video/processed/camera-001/clips/camera-001-scene-0007.mp4,data_video/keyframes/camera-001/frame_000050.jpg,871b69bf09dda7c6f7b865bc58cf2d942d802273536877d5d6a1a58fced1d6fb,de,0.993409,,camera-001-ocr-00113,"{""frame_id"":""frame_000050"",""ocr_version"":""PP-OCRv5"",""polygon"":[[73.0,246.0],[290.0,249.0],[289.0,277.0],[73.0,274.0]]}"
camera-001-ocr-00114,camera-001,frame_text,250.000,250.000,"Twathring Digital Cameras, Lasers,",data_video/processed/camera-001/clips/camera-001-scene-0007.mp4,data_video/keyframes/camera-001/frame_000050.jpg,871b69bf09dda7c6f7b865bc58cf2d942d802273536877d5d6a1a58fced1d6fb,de,0.847213,,camera-001-ocr-00114,"{""frame_id"":""frame_000050"",""ocr_version"":""PP-OCRv5"",""polygon"":[[570.0,239.0],[665.0,249.0],[664.0,259.0],[569.0,249.0]]}"
camera-001-ocr-00115,camera-001,frame_text,250.000,250.000,"Alonic Cecs, Nuclear Bombi",data_video/processed/camera-001/clips/camera-001-scene-0007.mp4,data_video/keyframes/camera-001/frame_000050.jpg,871b69bf09dda7c6f7b865bc58cf2d942d802273536877d5d6a1a58fced1d6fb,de,0.762313,,camera-001-ocr-00115,"{""frame_id"":""frame_000050"",""ocr_version"":""PP-OCRv5"",""polygon"":[[575.0,248.0],[658.0,258.0],[656.0,268.0],[574.0,258.0]]}"
camera-001-ocr-00116,camera-001,frame_text,250.000,250.000,Macrowivs Ovees & m,data_video/processed/camera-001/clips/camera-001-scene-0007.mp4,data_video/keyframes/camera-001/frame_000050.jpg,871b69bf09dda7c6f7b865bc58cf2d942d802273536877d5d6a1a58fced1d6fb,de,0.822017,,camera-001-ocr-00116,"{""frame_id"":""frame_000050"",""ocr_version"":""PP-OCRv5"",""polygon"":[[582.0,259.0],[642.0,267.0],[641.0,274.0],[581.0,266.0]]}"
camera-001-ocr-00117,camera-001,frame_text,250.000,250.000,Active pixel sensors (APS),data_video/processed/camera-001/clips/camera-001-scene-0007.mp4,data_video/keyframes/camera-001/frame_000050.jpg,871b69bf09dda7c6f7b865bc58cf2d942d802273536877d5d6a1a58fced1d6fb,de,0.997302,,camera-001-ocr-00117,"{""frame_id"":""frame_000050"",""ocr_version"":""PP-OCRv5"",""polygon"":[[75.0,289.0],[404.0,289.0],[404.0,316.0],[75.0,316.0]]}"
camera-001-ocr-00118,camera-001,frame_text,250.000,250.000,CCD and the Nobel Prize,data_video/processed/camera-001/clips/camera-001-scene-0007.mp4,data_video/keyframes/camera-001/frame_000050.jpg,871b69bf09dda7c6f7b865bc58cf2d942d802273536877d5d6a1a58fced1d6fb,de,0.988167,,camera-001-ocr-00118,"{""frame_id"":""frame_000050"",""ocr_version"":""PP-OCRv5"",""polygon"":[[76.0,332.0],[381.0,332.0],[381.0,356.0],[76.0,356.0]]}"
camera-001-ocr-00119,camera-001,frame_text,250.000,250.000,Learn more about the book at,data_video/processed/camera-001/clips/camera-001-scene-0007.mp4,data_video/keyframes/camera-001/frame_000050.jpg,871b69bf09dda7c6f7b865bc58cf2d942d802273536877d5d6a1a58fced1d6fb,de,0.993935,,camera-001-ocr-00119,"{""frame_id"":""frame_000050"",""ocr_version"":""PP-OCRv5"",""polygon"":[[24.0,407.0],[385.0,405.0],[386.0,432.0],[24.0,434.0]]}"
camera-001-ocr-00120,camera-001,frame_text,250.000,250.000,www.engineerguy.com/elements,data_video/processed/camera-001/clips/camera-001-scene-0007.mp4,data_video/keyframes/camera-001/frame_000050.jpg,871b69bf09dda7c6f7b865bc58cf2d942d802273536877d5d6a1a58fced1d6fb,de,0.999974,,camera-001-ocr-00120,"{""frame_id"":""frame_000050"",""ocr_version"":""PP-OCRv5"",""polygon"":[[21.0,433.0],[755.0,427.0],[755.0,467.0],[21.0,473.0]]}"
camera-001-ocr-00121,camera-001,frame_text,255.000,255.000,I,data_video/processed/camera-001/clips/camera-001-scene-0007.mp4,data_video/keyframes/camera-001/frame_000051.jpg,871b69bf09dda7c6f7b865bc58cf2d942d802273536877d5d6a1a58fced1d6fb,de,0.535160,,camera-001-ocr-00121,"{""frame_id"":""frame_000051"",""ocr_version"":""PP-OCRv5"",""polygon"":[[469.0,27.0],[506.0,24.0],[509.0,82.0],[472.0,84.0]]}"
camera-001-ocr-00122,camera-001,frame_text,255.000,255.000,Department of Chemical,data_video/processed/camera-001/clips/camera-001-scene-0007.mp4,data_video/keyframes/camera-001/frame_000051.jpg,871b69bf09dda7c6f7b865bc58cf2d942d802273536877d5d6a1a58fced1d6fb,de,0.998849,,camera-001-ocr-00122,"{""frame_id"":""frame_000051"",""ocr_version"":""PP-OCRv5"",""polygon"":[[525.0,20.0],[779.0,20.0],[779.0,40.0],[525.0,40.0]]}"
camera-001-ocr-00123,camera-001,frame_text,255.000,255.000,& Biomolecular Engineering,data_video/processed/camera-001/clips/camera-001-scene-0007.mp4,data_video/keyframes/camera-001/frame_000051.jpg,871b69bf09dda7c6f7b865bc58cf2d942d802273536877d5d6a1a58fced1d6fb,de,0.997271,,camera-001-ocr-00123,"{""frame_id"":""frame_000051"",""ocr_version"":""PP-OCRv5"",""polygon"":[[537.0,42.0],[834.0,45.0],[834.0,66.0],[537.0,63.0]]}"
camera-001-ocr-00124,camera-001,frame_text,255.000,255.000,School of Chemical Sciences,data_video/processed/camera-001/clips/camera-001-scene-0007.mp4,data_video/keyframes/camera-001/frame_000051.jpg,871b69bf09dda7c6f7b865bc58cf2d942d802273536877d5d6a1a58fced1d6fb,de,0.984972,,camera-001-ocr-00124,"{""frame_id"":""frame_000051"",""ocr_version"":""PP-OCRv5"",""polygon"":[[525.0,68.0],[815.0,69.0],[815.0,87.0],[525.0,86.0]]}"
camera-001-ocr-00125,camera-001,frame_text,255.000,255.000,University of Illinois - Urbana,data_video/processed/camera-001/clips/camera-001-scene-0007.mp4,data_video/keyframes/camera-001/frame_000051.jpg,871b69bf09dda7c6f7b865bc58cf2d942d802273536877d5d6a1a58fced1d6fb,de,0.998609,,camera-001-ocr-00125,"{""frame_id"":""frame_000051"",""ocr_version"":""PP-OCRv5"",""polygon"":[[524.0,92.0],[837.0,94.0],[837.0,114.0],[524.0,112.0]]}"
camera-001-ocr-00126,camera-001,frame_text,255.000,255.000,Production Team,data_video/processed/camera-001/clips/camera-001-scene-0007.mp4,data_video/keyframes/camera-001/frame_000051.jpg,871b69bf09dda7c6f7b865bc58cf2d942d802273536877d5d6a1a58fced1d6fb,de,0.994469,,camera-001-ocr-00126,"{""frame_id"":""frame_000051"",""ocr_version"":""PP-OCRv5"",""polygon"":[[553.0,134.0],[708.0,134.0],[708.0,151.0],[553.0,151.0]]}"
camera-001-ocr-00127,camera-001,frame_text,255.000,255.000,Bill Hammack,data_video/processed/camera-001/clips/camera-001-scene-0007.mp4,data_video/keyframes/camera-001/frame_000051.jpg,871b69bf09dda7c6f7b865bc58cf2d942d802273536877d5d6a1a58fced1d6fb,de,0.999656,,camera-001-ocr-00127,"{""frame_id"":""frame_000051"",""ocr_version"":""PP-OCRv5"",""polygon"":[[523.0,158.0],[735.0,158.0],[735.0,182.0],[523.0,182.0]]}"
camera-001-ocr-00128,camera-001,frame_text,255.000,255.000,Nick Ziech & Patrick Ryan,data_video/processed/camera-001/clips/camera-001-scene-0007.mp4,data_video/keyframes/camera-001/frame_000051.jpg,871b69bf09dda7c6f7b865bc58cf2d942d802273536877d5d6a1a58fced1d6fb,de,0.990095,,camera-001-ocr-00128,"{""frame_id"":""frame_000051"",""ocr_version"":""PP-OCRv5"",""polygon"":[[432.0,184.0],[825.0,186.0],[825.0,213.0],[432.0,211.0]]}"
camera-001-ocr-00129,camera-001,frame_text,255.000,255.000,BY,data_video/processed/camera-001/clips/camera-001-scene-0007.mp4,data_video/keyframes/camera-001/frame_000051.jpg,871b69bf09dda7c6f7b865bc58cf2d942d802273536877d5d6a1a58fced1d6fb,de,0.999929,,camera-001-ocr-00129,"{""frame_id"":""frame_000051"",""ocr_version"":""PP-OCRv5"",""polygon"":[[661.0,273.0],[677.0,273.0],[677.0,281.0],[661.0,281.0]]}"
camera-001-ocr-00130,camera-001,frame_text,255.000,255.000,SA,data_video/processed/camera-001/clips/camera-001-scene-0007.mp4,data_video/keyframes/camera-001/frame_000051.jpg,871b69bf09dda7c6f7b865bc58cf2d942d802273536877d5d6a1a58fced1d6fb,de,0.999579,,camera-001-ocr-00130,"{""frame_id"":""frame_000051"",""ocr_version"":""PP-OCRv5"",""polygon"":[[683.0,272.0],[700.0,272.0],[700.0,283.0],[683.0,283.0]]}"
camera-001-ocr-00131,camera-001,frame_text,255.000,255.000,Creative Commons,data_video/processed/camera-001/clips/camera-001-scene-0007.mp4,data_video/keyframes/camera-001/frame_000051.jpg,871b69bf09dda7c6f7b865bc58cf2d942d802273536877d5d6a1a58fced1d6fb,de,0.997645,,camera-001-ocr-00131,"{""frame_id"":""frame_000051"",""ocr_version"":""PP-OCRv5"",""polygon"":[[601.0,291.0],[733.0,291.0],[733.0,304.0],[601.0,304.0]]}"
camera-001-ocr-00132,camera-001,frame_text,255.000,255.000,ShareAlike 3.0,data_video/processed/camera-001/clips/camera-001-scene-0007.mp4,data_video/keyframes/camera-001/frame_000051.jpg,871b69bf09dda7c6f7b865bc58cf2d942d802273536877d5d6a1a58fced1d6fb,de,0.999364,,camera-001-ocr-00132,"{""frame_id"":""frame_000051"",""ocr_version"":""PP-OCRv5"",""polygon"":[[618.0,303.0],[717.0,303.0],[717.0,316.0],[618.0,316.0]]}"
camera-001-ocr-00133,camera-001,frame_text,255.000,255.000,ArticulateNoise,data_video/processed/camera-001/clips/camera-001-scene-0007.mp4,data_video/keyframes/camera-001/frame_000051.jpg,871b69bf09dda7c6f7b865bc58cf2d942d802273536877d5d6a1a58fced1d6fb,de,0.999047,,camera-001-ocr-00133,"{""frame_id"":""frame_000051"",""ocr_version"":""PP-OCRv5"",""polygon"":[[269.0,380.0],[651.0,384.0],[650.0,421.0],[269.0,417.0]]}"
camera-001-ocr-00134,camera-001,frame_text,255.000,255.000,Productions,data_video/processed/camera-001/clips/camera-001-scene-0007.mp4,data_video/keyframes/camera-001/frame_000051.jpg,871b69bf09dda7c6f7b865bc58cf2d942d802273536877d5d6a1a58fced1d6fb,de,0.999888,,camera-001-ocr-00134,"{""frame_id"":""frame_000051"",""ocr_version"":""PP-OCRv5"",""polygon"":[[414.0,417.0],[645.0,419.0],[644.0,446.0],[414.0,444.0]]}"
camera-001-ocr-00135,camera-001,frame_text,260.000,260.000,Supported,data_video/processed/camera-001/clips/camera-001-scene-0007.mp4,data_video/keyframes/camera-001/frame_000052.jpg,871b69bf09dda7c6f7b865bc58cf2d942d802273536877d5d6a1a58fced1d6fb,de,0.999961,,camera-001-ocr-00135,"{""frame_id"":""frame_000052"",""ocr_version"":""PP-OCRv5"",""polygon"":[[114.0,32.0],[305.0,30.0],[306.0,76.0],[115.0,78.0]]}"
camera-001-ocr-00136,camera-001,frame_text,260.000,260.000,by,data_video/processed/camera-001/clips/camera-001-scene-0007.mp4,data_video/keyframes/camera-001/frame_000052.jpg,871b69bf09dda7c6f7b865bc58cf2d942d802273536877d5d6a1a58fced1d6fb,de,0.999375,,camera-001-ocr-00136,"{""frame_id"":""frame_000052"",""ocr_version"":""PP-OCRv5"",""polygon"":[[315.0,29.0],[364.0,29.0],[364.0,78.0],[315.0,78.0]]}"
camera-001-ocr-00137,camera-001,frame_text,260.000,260.000,the,data_video/processed/camera-001/clips/camera-001-scene-0007.mp4,data_video/keyframes/camera-001/frame_000052.jpg,871b69bf09dda7c6f7b865bc58cf2d942d802273536877d5d6a1a58fced1d6fb,de,0.999486,,camera-001-ocr-00137,"{""frame_id"":""frame_000052"",""ocr_version"":""PP-OCRv5"",""polygon"":[[372.0,27.0],[435.0,27.0],[435.0,76.0],[372.0,76.0]]}"
camera-001-ocr-00138,camera-001,frame_text,260.000,260.000,Special,data_video/processed/camera-001/clips/camera-001-scene-0007.mp4,data_video/keyframes/camera-001/frame_000052.jpg,871b69bf09dda7c6f7b865bc58cf2d942d802273536877d5d6a1a58fced1d6fb,de,0.999599,,camera-001-ocr-00138,"{""frame_id"":""frame_000052"",""ocr_version"":""PP-OCRv5"",""polygon"":[[435.0,28.0],[576.0,30.0],[575.0,80.0],[434.0,78.0]]}"
camera-001-ocr-00139,camera-001,frame_text,260.000,260.000,Grant,data_video/processed/camera-001/clips/camera-001-scene-0007.mp4,data_video/keyframes/camera-001/frame_000052.jpg,871b69bf09dda7c6f7b865bc58cf2d942d802273536877d5d6a1a58fced1d6fb,de,0.999222,,camera-001-ocr-00139,"{""frame_id"":""frame_000052"",""ocr_version"":""PP-OCRv5"",""polygon"":[[585.0,33.0],[704.0,33.0],[704.0,72.0],[585.0,72.0]]}"
camera-001-ocr-00140,camera-001,frame_text,260.000,260.000,Program,data_video/processed/camera-001/clips/camera-001-scene-0007.mp4,data_video/keyframes/camera-001/frame_000052.jpg,871b69bf09dda7c6f7b865bc58cf2d942d802273536877d5d6a1a58fced1d6fb,de,0.996174,,camera-001-ocr-00140,"{""frame_id"":""frame_000052"",""ocr_version"":""PP-OCRv5"",""polygon"":[[101.0,73.0],[267.0,78.0],[266.0,125.0],[99.0,120.0]]}"
camera-001-ocr-00141,camera-001,frame_text,260.000,260.000,in,data_video/processed/camera-001/clips/camera-001-scene-0007.mp4,data_video/keyframes/camera-001/frame_000052.jpg,871b69bf09dda7c6f7b865bc58cf2d942d802273536877d5d6a1a58fced1d6fb,de,0.999933,,camera-001-ocr-00141,"{""frame_id"":""frame_000052"",""ocr_version"":""PP-OCRv5"",""polygon"":[[276.0,78.0],[317.0,78.0],[317.0,113.0],[276.0,113.0]]}"
camera-001-ocr-00142,camera-001,frame_text,260.000,260.000,the,data_video/processed/camera-001/clips/camera-001-scene-0007.mp4,data_video/keyframes/camera-001/frame_000052.jpg,871b69bf09dda7c6f7b865bc58cf2d942d802273536877d5d6a1a58fced1d6fb,de,0.991337,,camera-001-ocr-00142,"{""frame_id"":""frame_000052"",""ocr_version"":""PP-OCRv5"",""polygon"":[[325.0,72.0],[387.0,72.0],[387.0,114.0],[325.0,114.0]]}"
camera-001-ocr-00143,camera-001,frame_text,260.000,260.000,Chemical,data_video/processed/camera-001/clips/camera-001-scene-0007.mp4,data_video/keyframes/camera-001/frame_000052.jpg,871b69bf09dda7c6f7b865bc58cf2d942d802273536877d5d6a1a58fced1d6fb,de,0.956594,,camera-001-ocr-00143,"{""frame_id"":""frame_000052"",""ocr_version"":""PP-OCRv5"",""polygon"":[[396.0,72.0],[574.0,72.0],[574.0,114.0],[396.0,114.0]]}"
camera-001-ocr-00144,camera-001,frame_text,260.000,260.000,Sciences,data_video/processed/camera-001/clips/camera-001-scene-0007.mp4,data_video/keyframes/camera-001/frame_000052.jpg,871b69bf09dda7c6f7b865bc58cf2d942d802273536877d5d6a1a58fced1d6fb,de,0.999723,,camera-001-ocr-00144,"{""frame_id"":""frame_000052"",""ocr_version"":""PP-OCRv5"",""polygon"":[[580.0,73.0],[730.0,75.0],[729.0,114.0],[579.0,112.0]]}"
camera-001-ocr-00145,camera-001,frame_text,260.000,260.000,@,data_video/processed/camera-001/clips/camera-001-scene-0007.mp4,data_video/keyframes/camera-001/frame_000052.jpg,871b69bf09dda7c6f7b865bc58cf2d942d802273536877d5d6a1a58fced1d6fb,de,0.644451,,camera-001-ocr-00145,"{""frame_id"":""frame_000052"",""ocr_version"":""PP-OCRv5"",""polygon"":[[30.0,134.0],[143.0,134.0],[143.0,229.0],[30.0,229.0]]}"
camera-001-ocr-00146,camera-001,frame_text,260.000,260.000,THE,data_video/processed/camera-001/clips/camera-001-scene-0007.mp4,data_video/keyframes/camera-001/frame_000052.jpg,871b69bf09dda7c6f7b865bc58cf2d942d802273536877d5d6a1a58fced1d6fb,de,0.699702,,camera-001-ocr-00146,"{""frame_id"":""frame_000052"",""ocr_version"":""PP-OCRv5"",""polygon"":[[185.0,128.0],[333.0,128.0],[333.0,194.0],[185.0,194.0]]}"
camera-001-ocr-00147,camera-001,frame_text,260.000,260.000,CAMILLE,data_video/processed/camera-001/clips/camera-001-scene-0007.mp4,data_video/keyframes/camera-001/frame_000052.jpg,871b69bf09dda7c6f7b865bc58cf2d942d802273536877d5d6a1a58fced1d6fb,de,0.995079,,camera-001-ocr-00147,"{""frame_id"":""frame_000052"",""ocr_version"":""PP-OCRv5"",""polygon"":[[346.0,129.0],[645.0,131.0],[644.0,194.0],[346.0,192.0]]}"
camera-001-ocr-00148,camera-001,frame_text,260.000,260.000,&,data_video/processed/camera-001/clips/camera-001-scene-0007.mp4,data_video/keyframes/camera-001/frame_000052.jpg,871b69bf09dda7c6f7b865bc58cf2d942d802273536877d5d6a1a58fced1d6fb,de,0.999917,,camera-001-ocr-00148,"{""frame_id"":""frame_000052"",""ocr_version"":""PP-OCRv5"",""polygon"":[[187.0,216.0],[259.0,216.0],[259.0,284.0],[187.0,284.0]]}"
camera-001-ocr-00149,camera-001,frame_text,260.000,260.000,HENRY,data_video/processed/camera-001/clips/camera-001-scene-0007.mp4,data_video/keyframes/camera-001/frame_000052.jpg,871b69bf09dda7c6f7b865bc58cf2d942d802273536877d5d6a1a58fced1d6fb,de,0.929200,,camera-001-ocr-00149,"{""frame_id"":""frame_000052"",""ocr_version"":""PP-OCRv5"",""polygon"":[[270.0,216.0],[517.0,218.0],[517.0,281.0],[270.0,279.0]]}"
camera-001-ocr-00150,camera-001,frame_text,260.000,260.000,DrEYFUS,data_video/processed/camera-001/clips/camera-001-scene-0007.mp4,data_video/keyframes/camera-001/frame_000052.jpg,871b69bf09dda7c6f7b865bc58cf2d942d802273536877d5d6a1a58fced1d6fb,de,0.826901,,camera-001-ocr-00150,"{""frame_id"":""frame_000052"",""ocr_version"":""PP-OCRv5"",""polygon"":[[525.0,216.0],[837.0,219.0],[837.0,284.0],[525.0,281.0]]}"
camera-001-ocr-00151,camera-001,frame_text,260.000,260.000,"FOUNDATION,",data_video/processed/camera-001/clips/camera-001-scene-0007.mp4,data_video/keyframes/camera-001/frame_000052.jpg,871b69bf09dda7c6f7b865bc58cf2d942d802273536877d5d6a1a58fced1d6fb,de,0.980109,,camera-001-ocr-00151,"{""frame_id"":""frame_000052"",""ocr_version"":""PP-OCRv5"",""polygon"":[[182.0,303.0],[665.0,308.0],[665.0,380.0],[182.0,375.0]]}"
camera-001-ocr-00152,camera-001,frame_text,260.000,260.000,INC.,data_video/processed/camera-001/clips/camera-001-scene-0007.mp4,data_video/keyframes/camera-001/frame_000052.jpg,871b69bf09dda7c6f7b865bc58cf2d942d802273536877d5d6a1a58fced1d6fb,de,0.809278,,camera-001-ocr-00152,"{""frame_id"":""frame_000052"",""ocr_version"":""PP-OCRv5"",""polygon"":[[655.0,307.0],[824.0,307.0],[824.0,372.0],[655.0,372.0]]}"
espresso-001-scene-0001,espresso-001,video_scene,0.000,2.035,,data_video/processed/espresso-001/clips/espresso-001-scene-0001.mp4,data_video/keyframes/espresso-001/frame_000000.jpg,1853f8dce07b802dc9ba4ce8a9e217baf53aed62b55dc53c7f21b07a876c860c,,,,,"{""clip_bytes"":20213,""clip_sha256"":""d2fe4e000f1a30d3f63cf85dda87131b554a34ed00afb3f82464196dc49476e7"",""detector"":""ffmpeg_scene_score"",""threshold"":0.32}"
espresso-001-scene-0002,espresso-001,video_scene,2.035,10.244,ASR: Espresso is a concentrated beverage brewed by forcing a small amount of nearly boiling water under pressure through finely ground coffee beans.,data_video/processed/espresso-001/clips/espresso-001-scene-0002.mp4,data_video/keyframes/espresso-001/frame_000000.jpg,1853f8dce07b802dc9ba4ce8a9e217baf53aed62b55dc53c7f21b07a876c860c,en,0.922862,espresso-001-asr-0001,,"{""clip_bytes"":1412649,""clip_sha256"":""382cd07b82ae3eb2b3d68139f1d6f2a7a66d28dd44511bef48d3a40be185dac2"",""detector"":""ffmpeg_scene_score"",""threshold"":0.32}"
espresso-001-scene-0003,espresso-001,video_scene,10.244,14.214,"ASR: It has more caffeine per unit volume than most beverages, but the usual serving size is smaller than a standard cup of coffee.",data_video/processed/espresso-001/clips/espresso-001-scene-0003.mp4,data_video/keyframes/espresso-001/frame_000002.jpg,1853f8dce07b802dc9ba4ce8a9e217baf53aed62b55dc53c7f21b07a876c860c,en,0.922862,espresso-001-asr-0002,,"{""clip_bytes"":515265,""clip_sha256"":""a3c679f714cef301aa3a8a9b2f95b2ba0763968c08431ebd335c163a3856f956"",""detector"":""ffmpeg_scene_score"",""threshold"":0.32}"
espresso-001-scene-0004,espresso-001,video_scene,14.214,18.685,"ASR: It has more caffeine per unit volume than most beverages, but the usual serving size is smaller than a standard cup of coffee. The act of producing a shot of espresso is often termed pulling a shot.",data_video/processed/espresso-001/clips/espresso-001-scene-0004.mp4,data_video/keyframes/espresso-001/frame_000002.jpg,1853f8dce07b802dc9ba4ce8a9e217baf53aed62b55dc53c7f21b07a876c860c,en,0.922862,espresso-001-asr-0002|espresso-001-asr-0003,,"{""clip_bytes"":712498,""clip_sha256"":""0a6e91ddc4a354cc29eb76c3d44548a8919b5558ede02ad2fc999d3c6b8ef14c"",""detector"":""ffmpeg_scene_score"",""threshold"":0.32}"
espresso-001-scene-0005,espresso-001,video_scene,18.685,23.590,ASR: The act of producing a shot of espresso is often termed pulling a shot. Methods of preparation differ between drinks and between baristas.,data_video/processed/espresso-001/clips/espresso-001-scene-0005.mp4,data_video/keyframes/espresso-001/frame_000003.jpg,1853f8dce07b802dc9ba4ce8a9e217baf53aed62b55dc53c7f21b07a876c860c,en,0.922862,espresso-001-asr-0003|espresso-001-asr-0004,,"{""clip_bytes"":1105640,""clip_sha256"":""da6026f1477c6aa00f185b6a6201bc4e03f88d75e0665b5391179d291febad5c"",""detector"":""ffmpeg_scene_score"",""threshold"":0.32}"
espresso-001-scene-0006,espresso-001,video_scene,23.590,25.759,ASR: Methods of preparation differ between drinks and between baristas.,data_video/processed/espresso-001/clips/espresso-001-scene-0006.mp4,data_video/keyframes/espresso-001/frame_000004.jpg,1853f8dce07b802dc9ba4ce8a9e217baf53aed62b55dc53c7f21b07a876c860c,en,0.922862,espresso-001-asr-0004,,"{""clip_bytes"":567501,""clip_sha256"":""bb6be74228808abedfa988347624d1ef5dd306e23a1d4483b129b56ff06b2483"",""detector"":""ffmpeg_scene_score"",""threshold"":0.32}"
espresso-001-scene-0007,espresso-001,video_scene,25.759,32.666,ASR: Methods of preparation differ between drinks and between baristas. Temping down the coffee promotes the water's even penetration of the grounds.,data_video/processed/espresso-001/clips/espresso-001-scene-0007.mp4,data_video/keyframes/espresso-001/frame_000005.jpg,1853f8dce07b802dc9ba4ce8a9e217baf53aed62b55dc53c7f21b07a876c860c,en,0.906052,espresso-001-asr-0004|espresso-001-asr-0005,,"{""clip_bytes"":2074201,""clip_sha256"":""7c4a86e8c0c928133997c698364ffb28238fdd4e73ac3cdba5fdb8918f93daa6"",""detector"":""ffmpeg_scene_score"",""threshold"":0.32}"
espresso-001-scene-0008,espresso-001,video_scene,32.666,47.014,"ASR: The espresso is made by forcing very hot water under high pressure through finely ground, compacted coffee. The process produces an almost syrupy beverage by extracting both solid and dissolved components.
OCR: sts 7 WIKIPEDIA The Free Encyclopedia",data_video/processed/espresso-001/clips/espresso-001-scene-0008.mp4,data_video/keyframes/espresso-001/frame_000006.jpg,1853f8dce07b802dc9ba4ce8a9e217baf53aed62b55dc53c7f21b07a876c860c,en,0.892106,espresso-001-asr-0006|espresso-001-asr-0007,espresso-001-ocr-00001|espresso-001-ocr-00002|espresso-001-ocr-00003|espresso-001-ocr-00004,"{""clip_bytes"":2100294,""clip_sha256"":""e10e5ad47253da4b9efd77ae0ec1a10174298ed1bdc79d9dc44fdace3cc59618"",""detector"":""ffmpeg_scene_score"",""threshold"":0.32}"
espresso-001-scene-0009,espresso-001,video_scene,47.014,54.340,"OCR: t WIKIPEDIA The Free Encyclopedia Espresso, De Cafe Baristas, California April 10, 2013",data_video/processed/espresso-001/clips/espresso-001-scene-0009.mp4,data_video/keyframes/espresso-001/frame_000009.jpg,1853f8dce07b802dc9ba4ce8a9e217baf53aed62b55dc53c7f21b07a876c860c,,0.958820,,espresso-001-ocr-00005|espresso-001-ocr-00006|espresso-001-ocr-00007|espresso-001-ocr-00008|espresso-001-ocr-00009,"{""clip_bytes"":137853,""clip_sha256"":""f8f658d41a248570e06334513c1326bd2691932fbf18f925adf3b8d5035ba809"",""detector"":""ffmpeg_scene_score"",""threshold"":0.32}"
espresso-001-asr-0001,espresso-001,speech_segment,2.480,10.020,Espresso is a concentrated beverage brewed by forcing a small amount of nearly boiling water under pressure through finely ground coffee beans.,data_video/processed/espresso-001/clips/espresso-001-scene-0002.mp4,,1853f8dce07b802dc9ba4ce8a9e217baf53aed62b55dc53c7f21b07a876c860c,en,0.922862,espresso-001-asr-0001,,"{""compression_ratio"":1.65587,""language_probability"":0.999512,""no_speech_probability"":0.001389,""words"":[{""end"":3.3,""probability"":0.973796,""start"":2.48,""word"":"" Espresso""},{""end"":3.44,""probability"":0.991699,""start"":3.3,""word"":"" is""},{""end"":3.54,""probability"":0.991211,""start"":3.44,""word"":"" a""},{""end"":4.0,""probability"":0.99707,""start"":3.54,""word"":"" concentrated""},{""end"":4.5,""probability"":0.997559,""start"":4.0,""word"":"" beverage""},{""end"":5.16,""probability"":0.985107,""start"":4.5,""word"":"" brewed""},{""end"":5.4,""probability"":0.996582,""start"":5.16,""word"":"" by""},{""end"":5.78,""probability"":0.997559,""start"":5.4,""word"":"" forcing""},{""end"":5.92,""probability"":0.996094,""start"":5.78,""word"":"" a""},{""end"":6.16,""probability"":0.999023,""start"":5.92,""word"":"" small""},{""end"":6.46,""probability"":0.999023,""start"":6.16,""word"":"" amount""},{""end"":6.66,""probability"":0.998535,""start"":6.46,""word"":"" of""},{""end"":6.88,""probability"":0.974121,""start"":6.66,""word"":"" nearly""},{""end"":7.24,""probability"":0.778809,""start"":6.88,""word"":"" boiling""},{""end"":7.64,""probability"":0.998535,""start"":7.24,""word"":"" water""},{""end"":8.12,""probability"":0.976074,""start"":7.64,""word"":"" under""},{""end"":8.5,""probability"":0.990234,""start"":8.12,""word"":"" pressure""},{""end"":8.76,""probability"":0.963867,""start"":8.5,""word"":"" through""},{""end"":9.02,""probability"":0.992188,""start"":8.76,""word"":"" finely""},{""end"":9.36,""probability"":0.946777,""start"":9.02,""word"":"" ground""},{""end"":9.66,""probability"":0.994629,""start"":9.36,""word"":"" coffee""},{""end"":10.02,""probability"":0.99707,""start"":9.66,""word"":"" beans.""}]}"
espresso-001-asr-0002,espresso-001,speech_segment,10.300,17.340,"It has more caffeine per unit volume than most beverages, but the usual serving size is smaller than a standard cup of coffee.",data_video/processed/espresso-001/clips/espresso-001-scene-0003.mp4,,1853f8dce07b802dc9ba4ce8a9e217baf53aed62b55dc53c7f21b07a876c860c,en,0.922862,espresso-001-asr-0002,,"{""compression_ratio"":1.65587,""language_probability"":0.999512,""no_speech_probability"":0.001389,""words"":[{""end"":10.94,""probability"":0.988281,""start"":10.3,""word"":"" It""},{""end"":11.08,""probability"":0.994141,""start"":10.94,""word"":"" has""},{""end"":11.26,""probability"":0.995117,""start"":11.08,""word"":"" more""},{""end"":11.62,""probability"":0.982422,""start"":11.26,""word"":"" caffeine""},{""end"":11.84,""probability"":0.986816,""start"":11.62,""word"":"" per""},{""end"":12.1,""probability"":0.992676,""start"":11.84,""word"":"" unit""},{""end"":12.42,""probability"":0.992676,""start"":12.1,""word"":"" volume""},{""end"":12.76,""probability"":0.995117,""start"":12.42,""word"":"" than""},{""end"":12.98,""probability"":0.999023,""start"":12.76,""word"":"" most""},{""end"":13.36,""probability"":0.994629,""start"":12.98,""word"":"" beverages,""},{""end"":14.2,""probability"":0.992676,""start"":13.68,""word"":"" but""},{""end"":14.32,""probability"":0.996582,""start"":14.2,""word"":"" the""},{""end"":14.6,""probability"":0.996094,""start"":14.32,""word"":"" usual""},{""end"":14.96,""probability"":0.999023,""start"":14.6,""word"":"" serving""},{""end"":15.24,""probability"":0.990723,""start"":14.96,""word"":"" size""},{""end"":15.52,""probability"":0.998047,""start"":15.24,""word"":"" is""},{""end"":15.86,""probability"":0.997559,""start"":15.52,""word"":"" smaller""},{""end"":16.16,""probability"":0.998047,""start"":15.86,""word"":"" than""},{""end"":16.3,""probability"":0.859375,""start"":16.16,""word"":"" a""},{""end"":16.56,""probability"":0.998047,""start"":16.3,""word"":"" standard""},{""end"":16.82,""probability"":0.997559,""start"":16.56,""word"":"" cup""},{""end"":17.0,""probability"":0.998047,""start"":16.82,""word"":"" of""},{""end"":17.34,""probability"":0.999023,""start"":17.0,""word"":"" coffee.""}]}"
espresso-001-asr-0003,espresso-001,speech_segment,18.440,22.820,The act of producing a shot of espresso is often termed pulling a shot.,data_video/processed/espresso-001/clips/espresso-001-scene-0005.mp4,,1853f8dce07b802dc9ba4ce8a9e217baf53aed62b55dc53c7f21b07a876c860c,en,0.922862,espresso-001-asr-0003,,"{""compression_ratio"":1.65587,""language_probability"":0.999512,""no_speech_probability"":0.001389,""words"":[{""end"":19.08,""probability"":0.988281,""start"":18.44,""word"":"" The""},{""end"":19.32,""probability"":0.991699,""start"":19.08,""word"":"" act""},{""end"":19.46,""probability"":0.999023,""start"":19.32,""word"":"" of""},{""end"":19.84,""probability"":0.998047,""start"":19.46,""word"":"" producing""},{""end"":20.14,""probability"":0.98877,""start"":19.84,""word"":"" a""},{""end"":20.32,""probability"":0.995117,""start"":20.14,""word"":"" shot""},{""end"":20.52,""probability"":0.999023,""start"":20.32,""word"":"" of""},{""end"":20.74,""probability"":0.986328,""start"":20.52,""word"":"" espresso""},{""end"":21.18,""probability"":0.995605,""start"":20.74,""word"":"" is""},{""end"":21.5,""probability"":0.997559,""start"":21.18,""word"":"" often""},{""end"":22.0,""probability"":0.998535,""start"":21.5,""word"":"" termed""},{""end"":22.22,""probability"":0.174927,""start"":22.0,""word"":"" pulling""},{""end"":22.6,""probability"":0.981934,""start"":22.22,""word"":"" a""},{""end"":22.82,""probability"":0.998047,""start"":22.6,""word"":"" shot.""}]}"
espresso-001-asr-0004,espresso-001,speech_segment,23.500,27.220,Methods of preparation differ between drinks and between baristas.,data_video/processed/espresso-001/clips/espresso-001-scene-0006.mp4,,1853f8dce07b802dc9ba4ce8a9e217baf53aed62b55dc53c7f21b07a876c860c,en,0.922862,espresso-001-asr-0004,,"{""compression_ratio"":1.65587,""language_probability"":0.999512,""no_speech_probability"":0.001389,""words"":[{""end"":24.14,""probability"":0.997314,""start"":23.5,""word"":"" Methods""},{""end"":24.18,""probability"":0.999023,""start"":24.14,""word"":"" of""},{""end"":24.5,""probability"":0.994141,""start"":24.18,""word"":"" preparation""},{""end"":25.3,""probability"":0.990234,""start"":24.5,""word"":"" differ""},{""end"":25.62,""probability"":0.996582,""start"":25.3,""word"":"" between""},{""end"":26.08,""probability"":0.998047,""start"":25.62,""word"":"" drinks""},{""end"":26.42,""probability"":0.988281,""start"":26.08,""word"":"" and""},{""end"":26.78,""probability"":0.967285,""start"":26.42,""word"":"" between""},{""end"":27.22,""probability"":0.996094,""start"":26.78,""word"":"" baristas.""}]}"
espresso-001-asr-0005,espresso-001,speech_segment,28.300,32.040,Temping down the coffee promotes the water's even penetration of the grounds.,data_video/processed/espresso-001/clips/espresso-001-scene-0007.mp4,,1853f8dce07b802dc9ba4ce8a9e217baf53aed62b55dc53c7f21b07a876c860c,en,0.889242,espresso-001-asr-0005,,"{""compression_ratio"":1.546448,""language_probability"":0.999512,""no_speech_probability"":0.014267,""words"":[{""end"":28.94,""probability"":0.644653,""start"":28.3,""word"":"" Temping""},{""end"":29.1,""probability"":0.98877,""start"":28.94,""word"":"" down""},{""end"":29.28,""probability"":0.983887,""start"":29.1,""word"":"" the""},{""end"":29.58,""probability"":0.99707,""start"":29.28,""word"":"" coffee""},{""end"":29.94,""probability"":0.983887,""start"":29.58,""word"":"" promotes""},{""end"":30.22,""probability"":0.987305,""start"":29.94,""word"":"" the""},{""end"":30.56,""probability"":0.924805,""start"":30.22,""word"":"" water's""},{""end"":30.74,""probability"":0.995117,""start"":30.56,""word"":"" even""},{""end"":31.24,""probability"":0.991699,""start"":30.74,""word"":"" penetration""},{""end"":31.64,""probability"":0.962402,""start"":31.24,""word"":"" of""},{""end"":31.76,""probability"":0.995605,""start"":31.64,""word"":"" the""},{""end"":32.04,""probability"":0.981445,""start"":31.76,""word"":"" grounds.""}]}"
espresso-001-asr-0006,espresso-001,speech_segment,32.860,39.040,"The espresso is made by forcing very hot water under high pressure through finely ground, compacted coffee.",data_video/processed/espresso-001/clips/espresso-001-scene-0008.mp4,,1853f8dce07b802dc9ba4ce8a9e217baf53aed62b55dc53c7f21b07a876c860c,en,0.889242,espresso-001-asr-0006,,"{""compression_ratio"":1.546448,""language_probability"":0.999512,""no_speech_probability"":0.014267,""words"":[{""end"":33.5,""probability"":0.983398,""start"":32.86,""word"":"" The""},{""end"":33.8,""probability"":0.990234,""start"":33.5,""word"":"" espresso""},{""end"":34.04,""probability"":0.996094,""start"":33.8,""word"":"" is""},{""end"":34.28,""probability"":0.997559,""start"":34.04,""word"":"" made""},{""end"":34.42,""probability"":0.995605,""start"":34.28,""word"":"" by""},{""end"":34.74,""probability"":0.994629,""start"":34.42,""word"":"" forcing""},{""end"":35.0,""probability"":0.992188,""start"":34.74,""word"":"" very""},{""end"":35.32,""probability"":0.995605,""start"":35.0,""word"":"" hot""},{""end"":35.66,""probability"":0.998047,""start"":35.32,""word"":"" water""},{""end"":35.96,""probability"":0.959961,""start"":35.66,""word"":"" under""},{""end"":36.2,""probability"":0.986816,""start"":35.96,""word"":"" high""},{""end"":36.64,""probability"":0.983887,""start"":36.2,""word"":"" pressure""},{""end"":37.24,""probability"":0.95166,""start"":36.64,""word"":"" through""},{""end"":37.5,""probability"":0.981934,""start"":37.24,""word"":"" finely""},{""end"":37.92,""probability"":0.942383,""start"":37.5,""word"":"" ground,""},{""end"":38.8,""probability"":0.997314,""start"":38.08,""word"":"" compacted""},{""end"":39.04,""probability"":0.990234,""start"":38.8,""word"":"" coffee.""}]}"
espresso-001-asr-0007,espresso-001,speech_segment,39.780,44.980,The process produces an almost syrupy beverage by extracting both solid and dissolved components.,data_video/processed/espresso-001/clips/espresso-001-scene-0008.mp4,,1853f8dce07b802dc9ba4ce8a9e217baf53aed62b55dc53c7f21b07a876c860c,en,0.889242,espresso-001-asr-0007,,"{""compression_ratio"":1.546448,""language_probability"":0.999512,""no_speech_probability"":0.014267,""words"":[{""end"":40.42,""probability"":0.989746,""start"":39.78,""word"":"" The""},{""end"":40.68,""probability"":0.999023,""start"":40.42,""word"":"" process""},{""end"":41.12,""probability"":0.996582,""start"":40.68,""word"":"" produces""},{""end"":41.44,""probability"":0.98877,""start"":41.12,""word"":"" an""},{""end"":41.72,""probability"":0.999512,""start"":41.44,""word"":"" almost""},{""end"":42.2,""probability"":0.993164,""start"":41.72,""word"":"" syrupy""},{""end"":42.54,""probability"":0.998047,""start"":42.2,""word"":"" beverage""},{""end"":42.86,""probability"":0.987793,""start"":42.54,""word"":"" by""},{""end"":43.26,""probability"":0.995117,""start"":42.86,""word"":"" extracting""},{""end"":43.54,""probability"":0.995117,""start"":43.26,""word"":"" both""},{""end"":43.98,""probability"":0.973145,""start"":43.54,""word"":"" solid""},{""end"":44.3,""probability"":0.992676,""start"":43.98,""word"":"" and""},{""end"":44.56,""probability"":0.990723,""start"":44.3,""word"":"" dissolved""},{""end"":44.98,""probability"":0.987793,""start"":44.56,""word"":"" components.""}]}"
espresso-001-ocr-00001,espresso-001,frame_text,45.000,45.000,sts,data_video/processed/espresso-001/clips/espresso-001-scene-0008.mp4,data_video/keyframes/espresso-001/frame_000009.jpg,1853f8dce07b802dc9ba4ce8a9e217baf53aed62b55dc53c7f21b07a876c860c,de,0.665171,,espresso-001-ocr-00001,"{""frame_id"":""frame_000009"",""ocr_version"":""PP-OCRv5"",""polygon"":[[494.0,207.0],[517.0,207.0],[517.0,242.0],[494.0,242.0]]}"
espresso-001-ocr-00002,espresso-001,frame_text,45.000,45.000,7,data_video/processed/espresso-001/clips/espresso-001-scene-0008.mp4,data_video/keyframes/espresso-001/frame_000009.jpg,1853f8dce07b802dc9ba4ce8a9e217baf53aed62b55dc53c7f21b07a876c860c,de,0.991427,,espresso-001-ocr-00002,"{""frame_id"":""frame_000009"",""ocr_version"":""PP-OCRv5"",""polygon"":[[696.0,298.0],[727.0,298.0],[727.0,335.0],[696.0,335.0]]}"
espresso-001-ocr-00003,espresso-001,frame_text,45.000,45.000,WIKIPEDIA,data_video/processed/espresso-001/clips/espresso-001-scene-0008.mp4,data_video/keyframes/espresso-001/frame_000009.jpg,1853f8dce07b802dc9ba4ce8a9e217baf53aed62b55dc53c7f21b07a876c860c,de,0.924109,,espresso-001-ocr-00003,"{""frame_id"":""frame_000009"",""ocr_version"":""PP-OCRv5"",""polygon"":[[456.0,378.0],[823.0,381.0],[823.0,444.0],[456.0,442.0]]}"
espresso-001-ocr-00004,espresso-001,frame_text,45.000,45.000,The Free Encyclopedia,data_video/processed/espresso-001/clips/espresso-001-scene-0008.mp4,data_video/keyframes/espresso-001/frame_000009.jpg,1853f8dce07b802dc9ba4ce8a9e217baf53aed62b55dc53c7f21b07a876c860c,de,0.993445,,espresso-001-ocr-00004,"{""frame_id"":""frame_000009"",""ocr_version"":""PP-OCRv5"",""polygon"":[[463.0,444.0],[817.0,444.0],[817.0,483.0],[463.0,483.0]]}"
espresso-001-ocr-00005,espresso-001,frame_text,50.000,50.000,t,data_video/processed/espresso-001/clips/espresso-001-scene-0009.mp4,data_video/keyframes/espresso-001/frame_000010.jpg,1853f8dce07b802dc9ba4ce8a9e217baf53aed62b55dc53c7f21b07a876c860c,de,0.828243,,espresso-001-ocr-00005,"{""frame_id"":""frame_000010"",""ocr_version"":""PP-OCRv5"",""polygon"":[[493.0,207.0],[517.0,207.0],[517.0,241.0],[493.0,241.0]]}"
espresso-001-ocr-00006,espresso-001,frame_text,50.000,50.000,WIKIPEDIA,data_video/processed/espresso-001/clips/espresso-001-scene-0009.mp4,data_video/keyframes/espresso-001/frame_000010.jpg,1853f8dce07b802dc9ba4ce8a9e217baf53aed62b55dc53c7f21b07a876c860c,de,0.996216,,espresso-001-ocr-00006,"{""frame_id"":""frame_000010"",""ocr_version"":""PP-OCRv5"",""polygon"":[[457.0,378.0],[822.0,382.0],[822.0,442.0],[457.0,439.0]]}"
espresso-001-ocr-00007,espresso-001,frame_text,50.000,50.000,The Free Encyclopedia,data_video/processed/espresso-001/clips/espresso-001-scene-0009.mp4,data_video/keyframes/espresso-001/frame_000010.jpg,1853f8dce07b802dc9ba4ce8a9e217baf53aed62b55dc53c7f21b07a876c860c,de,0.995842,,espresso-001-ocr-00007,"{""frame_id"":""frame_000010"",""ocr_version"":""PP-OCRv5"",""polygon"":[[463.0,444.0],[817.0,444.0],[817.0,483.0],[463.0,483.0]]}"
espresso-001-ocr-00008,espresso-001,frame_text,50.000,50.000,"Espresso, De Cafe Baristas, California",data_video/processed/espresso-001/clips/espresso-001-scene-0009.mp4,data_video/keyframes/espresso-001/frame_000010.jpg,1853f8dce07b802dc9ba4ce8a9e217baf53aed62b55dc53c7f21b07a876c860c,de,0.979799,,espresso-001-ocr-00008,"{""frame_id"":""frame_000010"",""ocr_version"":""PP-OCRv5"",""polygon"":[[335.0,550.0],[956.0,549.0],[956.0,587.0],[335.0,588.0]]}"
espresso-001-ocr-00009,espresso-001,frame_text,50.000,50.000,"April 10, 2013",data_video/processed/espresso-001/clips/espresso-001-scene-0009.mp4,data_video/keyframes/espresso-001/frame_000010.jpg,1853f8dce07b802dc9ba4ce8a9e217baf53aed62b55dc53c7f21b07a876c860c,de,0.994002,,espresso-001-ocr-00009,"{""frame_id"":""frame_000010"",""ocr_version"":""PP-OCRv5"",""polygon"":[[522.0,588.0],[768.0,585.0],[768.0,627.0],[522.0,630.0]]}"
espresso-002-scene-0001,espresso-002,video_scene,0.000,44.680,,data_video/processed/espresso-002/clips/espresso-002-scene-0001.mp4,data_video/keyframes/espresso-002/frame_000000.jpg,5e3701e9a1d0caa489016d208cc66270048eddbc5bb2d0ccb0a3b26a419ce3b9,,,,,"{""clip_bytes"":2668142,""clip_sha256"":""32e66de5727a7c659286d033bac347510809c3e526a4dc596d9fb66d66e372bc"",""detector"":""ffmpeg_scene_score"",""threshold"":0.32}"
espresso-003-scene-0001,espresso-003,video_scene,0.000,140.950,OCR: UTEONYD IRORENI VORM KALK MOCCAMASTER UPROVID TECIENT MOCCAMASTEE UPROVED TECHENT APROVED TEGINT TEOENX ATROIED TECYENI APPROVED TECENI SMERES ONI TECENT INI TVOEM UTROVED q0e Je he a ECIENT AITRONED N TECIINI IM TEOINI OAM TECIENI ALLA INKEER UPPROVED LETR M UPROSED SEAXTS ATROVED TEOHNI TECEENI APTROVED TEOENT TECHNI,data_video/processed/espresso-003/clips/espresso-003-scene-0001.mp4,data_video/keyframes/espresso-003/frame_000000.jpg,02f11c27554694f09d275df37d7b26e7d9eb7424f97cb07a9cff901c5491efc3,,0.915134,,espresso-003-ocr-00001|espresso-003-ocr-00002|espresso-003-ocr-00003|espresso-003-ocr-00004|espresso-003-ocr-00005|espresso-003-ocr-00006|espresso-003-ocr-00007|espresso-003-ocr-00008|espresso-003-ocr-00009|espresso-003-ocr-00010|espresso-003-ocr-00011|espresso-003-ocr-00012|espresso-003-ocr-00013|espresso-003-ocr-00014|espresso-003-ocr-00015|espresso-003-ocr-00016|espresso-003-ocr-00017|espresso-003-ocr-00018|espresso-003-ocr-00019|espresso-003-ocr-00020|espresso-003-ocr-00021|espresso-003-ocr-00022|espresso-003-ocr-00023|espresso-003-ocr-00024|espresso-003-ocr-00025|espresso-003-ocr-00026|espresso-003-ocr-00027|espresso-003-ocr-00028|espresso-003-ocr-00029|espresso-003-ocr-00030|espresso-003-ocr-00031|espresso-003-ocr-00032|espresso-003-ocr-00033|espresso-003-ocr-00034|espresso-003-ocr-00035|espresso-003-ocr-00036|espresso-003-ocr-00037|espresso-003-ocr-00038|espresso-003-ocr-00039|espresso-003-ocr-00040|espresso-003-ocr-00041|espresso-003-ocr-00042|espresso-003-ocr-00043|espresso-003-ocr-00044|espresso-003-ocr-00045|espresso-003-ocr-00046|espresso-003-ocr-00047|espresso-003-ocr-00048|espresso-003-ocr-00049|espresso-003-ocr-00050|espresso-003-ocr-00051|espresso-003-ocr-00052|espresso-003-ocr-00053|espresso-003-ocr-00054|espresso-003-ocr-00055|espresso-003-ocr-00056|espresso-003-ocr-00057|espresso-003-ocr-00058|espresso-003-ocr-00059|espresso-003-ocr-00060|espresso-003-ocr-00061|espresso-003-ocr-00062|espresso-003-ocr-00063|espresso-003-ocr-00064|espresso-003-ocr-00065|espresso-003-ocr-00066|espresso-003-ocr-00067|espresso-003-ocr-00068|espresso-003-ocr-00069|espresso-003-ocr-00070|espresso-003-ocr-00071|espresso-003-ocr-00072|espresso-003-ocr-00073|espresso-003-ocr-00074|espresso-003-ocr-00075|espresso-003-ocr-00076|espresso-003-ocr-00077|espresso-003-ocr-00078|espresso-003-ocr-00079|espresso-003-ocr-00080|espresso-003-ocr-00081|espresso-003-ocr-00082|espresso-003-ocr-00083|espresso-003-ocr-00084|espresso-003-ocr-00085|espresso-003-ocr-00086|espresso-003-ocr-00087|espresso-003-ocr-00088|espresso-003-ocr-00089|espresso-003-ocr-00090|espresso-003-ocr-00091|espresso-003-ocr-00092|espresso-003-ocr-00093|espresso-003-ocr-00094|espresso-003-ocr-00095|espresso-003-ocr-00096|espresso-003-ocr-00097|espresso-003-ocr-00098|espresso-003-ocr-00099|espresso-003-ocr-00100|espresso-003-ocr-00101|espresso-003-ocr-00102|espresso-003-ocr-00103|espresso-003-ocr-00104|espresso-003-ocr-00105|espresso-003-ocr-00106|espresso-003-ocr-00107|espresso-003-ocr-00108|espresso-003-ocr-00109|espresso-003-ocr-00110|espresso-003-ocr-00111|espresso-003-ocr-00112|espresso-003-ocr-00113|espresso-003-ocr-00114|espresso-003-ocr-00115|espresso-003-ocr-00116|espresso-003-ocr-00117|espresso-003-ocr-00118|espresso-003-ocr-00119|espresso-003-ocr-00120|espresso-003-ocr-00121|espresso-003-ocr-00122|espresso-003-ocr-00123|espresso-003-ocr-00124|espresso-003-ocr-00125|espresso-003-ocr-00126|espresso-003-ocr-00127|espresso-003-ocr-00128|espresso-003-ocr-00129|espresso-003-ocr-00130|espresso-003-ocr-00131|espresso-003-ocr-00132|espresso-003-ocr-00133|espresso-003-ocr-00134|espresso-003-ocr-00135|espresso-003-ocr-00136|espresso-003-ocr-00137|espresso-003-ocr-00138|espresso-003-ocr-00139|espresso-003-ocr-00140|espresso-003-ocr-00141|espresso-003-ocr-00142|espresso-003-ocr-00143|espresso-003-ocr-00144|espresso-003-ocr-00145|espresso-003-ocr-00146|espresso-003-ocr-00147|espresso-003-ocr-00148|espresso-003-ocr-00149|espresso-003-ocr-00150,"{""clip_bytes"":35760086,""clip_sha256"":""fb07d7c9a848fd21cd3e7b68ffeebfc5292cc33f8a94ae1a689fb17552f3f794"",""detector"":""ffmpeg_scene_score"",""threshold"":0.32}"
espresso-003-ocr-00001,espresso-003,frame_text,0.000,0.000,UTEONYD,data_video/processed/espresso-003/clips/espresso-003-scene-0001.mp4,data_video/keyframes/espresso-003/frame_000000.jpg,02f11c27554694f09d275df37d7b26e7d9eb7424f97cb07a9cff901c5491efc3,de,0.604095,,espresso-003-ocr-00001,"{""frame_id"":""frame_000000"",""ocr_version"":""PP-OCRv5"",""polygon"":[[704.0,455.0],[740.0,455.0],[740.0,465.0],[704.0,465.0]]}"
espresso-003-ocr-00002,espresso-003,frame_text,0.000,0.000,IRORENI,data_video/processed/espresso-003/clips/espresso-003-scene-0001.mp4,data_video/keyframes/espresso-003/frame_000000.jpg,02f11c27554694f09d275df37d7b26e7d9eb7424f97cb07a9cff901c5491efc3,de,0.663555,,espresso-003-ocr-00002,"{""frame_id"":""frame_000000"",""ocr_version"":""PP-OCRv5"",""polygon"":[[698.0,693.0],[751.0,693.0],[751.0,704.0],[698.0,704.0]]}"
espresso-003-ocr-00003,espresso-003,frame_text,0.000,0.000,VORM,data_video/processed/espresso-003/clips/espresso-003-scene-0001.mp4,data_video/keyframes/espresso-003/frame_000000.jpg,02f11c27554694f09d275df37d7b26e7d9eb7424f97cb07a9cff901c5491efc3,de,0.929802,,espresso-003-ocr-00003,"{""frame_id"":""frame_000000"",""ocr_version"":""PP-OCRv5"",""polygon"":[[701.0,701.0],[746.0,701.0],[746.0,712.0],[701.0,712.0]]}"
espresso-003-ocr-00004,espresso-003,frame_text,0.000,0.000,KALK,data_video/processed/espresso-003/clips/espresso-003-scene-0001.mp4,data_video/keyframes/espresso-003/frame_000000.jpg,02f11c27554694f09d275df37d7b26e7d9eb7424f97cb07a9cff901c5491efc3,de,0.975391,,espresso-003-ocr-00004,"{""frame_id"":""frame_000000"",""ocr_version"":""PP-OCRv5"",""polygon"":[[923.0,850.0],[953.0,850.0],[953.0,864.0],[923.0,864.0]]}"
espresso-003-ocr-00005,espresso-003,frame_text,0.000,0.000,MOCCAMASTER,data_video/processed/espresso-003/clips/espresso-003-scene-0001.mp4,data_video/keyframes/espresso-003/frame_000000.jpg,02f11c27554694f09d275df37d7b26e7d9eb7424f97cb07a9cff901c5491efc3,de,0.997591,,espresso-003-ocr-00005,"{""frame_id"":""frame_000000"",""ocr_version"":""PP-OCRv5"",""polygon"":[[1003.0,848.0],[1194.0,852.0],[1194.0,869.0],[1003.0,864.0]]}"
espresso-003-ocr-00006,espresso-003,frame_text,5.000,5.000,UPROVID,data_video/processed/espresso-003/clips/espresso-003-scene-0001.mp4,data_video/keyframes/espresso-003/frame_000001.jpg,02f11c27554694f09d275df37d7b26e7d9eb7424f97cb07a9cff901c5491efc3,de,0.881303,,espresso-003-ocr-00006,"{""frame_id"":""frame_000001"",""ocr_version"":""PP-OCRv5"",""polygon"":[[716.0,490.0],[757.0,490.0],[757.0,504.0],[716.0,504.0]]}"
espresso-003-ocr-00007,espresso-003,frame_text,5.000,5.000,TECIENT,data_video/processed/espresso-003/clips/espresso-003-scene-0001.mp4,data_video/keyframes/espresso-003/frame_000001.jpg,02f11c27554694f09d275df37d7b26e7d9eb7424f97cb07a9cff901c5491efc3,de,0.702337,,espresso-003-ocr-00007,"{""frame_id"":""frame_000001"",""ocr_version"":""PP-OCRv5"",""polygon"":[[704.0,749.0],[761.0,749.0],[761.0,760.0],[704.0,760.0]]}"
espresso-003-ocr-00008,espresso-003,frame_text,5.000,5.000,VORM,data_video/processed/espresso-003/clips/espresso-003-scene-0001.mp4,data_video/keyframes/espresso-003/frame_000001.jpg,02f11c27554694f09d275df37d7b26e7d9eb7424f97cb07a9cff901c5491efc3,de,0.912915,,espresso-003-ocr-00008,"{""frame_id"":""frame_000001"",""ocr_version"":""PP-OCRv5"",""polygon"":[[706.0,754.0],[754.0,757.0],[754.0,771.0],[706.0,768.0]]}"
espresso-003-ocr-00009,espresso-003,frame_text,5.000,5.000,KALK,data_video/processed/espresso-003/clips/espresso-003-scene-0001.mp4,data_video/keyframes/espresso-003/frame_000001.jpg,02f11c27554694f09d275df37d7b26e7d9eb7424f97cb07a9cff901c5491efc3,de,0.856252,,espresso-003-ocr-00009,"{""frame_id"":""frame_000001"",""ocr_version"":""PP-OCRv5"",""polygon"":[[945.0,926.0],[973.0,926.0],[973.0,937.0],[945.0,937.0]]}"
espresso-003-ocr-00010,espresso-003,frame_text,5.000,5.000,MOCCAMASTER,data_video/processed/espresso-003/clips/espresso-003-scene-0001.mp4,data_video/keyframes/espresso-003/frame_000001.jpg,02f11c27554694f09d275df37d7b26e7d9eb7424f97cb07a9cff901c5491efc3,de,0.999494,,espresso-003-ocr-00010,"{""frame_id"":""frame_000001"",""ocr_version"":""PP-OCRv5"",""polygon"":[[1030.0,923.0],[1239.0,932.0],[1238.0,952.0],[1029.0,943.0]]}"
espresso-003-ocr-00011,espresso-003,frame_text,10.000,10.000,MOCCAMASTEE,data_video/processed/espresso-003/clips/espresso-003-scene-0001.mp4,data_video/keyframes/espresso-003/frame_000002.jpg,02f11c27554694f09d275df37d7b26e7d9eb7424f97cb07a9cff901c5491efc3,de,0.937390,,espresso-003-ocr-00011,"{""frame_id"":""frame_000002"",""ocr_version"":""PP-OCRv5"",""polygon"":[[1036.0,886.0],[1245.0,899.0],[1244.0,919.0],[1035.0,906.0]]}"
espresso-003-ocr-00012,espresso-003,frame_text,15.000,15.000,UPROVED,data_video/processed/espresso-003/clips/espresso-003-scene-0001.mp4,data_video/keyframes/espresso-003/frame_000003.jpg,02f11c27554694f09d275df37d7b26e7d9eb7424f97cb07a9cff901c5491efc3,de,0.863164,,espresso-003-ocr-00012,"{""frame_id"":""frame_000003"",""ocr_version"":""PP-OCRv5"",""polygon"":[[597.0,455.0],[638.0,455.0],[638.0,466.0],[597.0,466.0]]}"
espresso-003-ocr-00013,espresso-003,frame_text,15.000,15.000,TECHENT,data_video/processed/espresso-003/clips/espresso-003-scene-0001.mp4,data_video/keyframes/espresso-003/frame_000003.jpg,02f11c27554694f09d275df37d7b26e7d9eb7424f97cb07a9cff901c5491efc3,de,0.773489,,espresso-003-ocr-00013,"{""frame_id"":""frame_000003"",""ocr_version"":""PP-OCRv5"",""polygon"":[[582.0,723.0],[645.0,726.0],[645.0,740.0],[582.0,737.0]]}"
espresso-003-ocr-00014,espresso-003,frame_text,15.000,15.000,VORM,data_video/processed/espresso-003/clips/espresso-003-scene-0001.mp4,data_video/keyframes/espresso-003/frame_000003.jpg,02f11c27554694f09d275df37d7b26e7d9eb7424f97cb07a9cff901c5491efc3,de,0.990656,,espresso-003-ocr-00014,"{""frame_id"":""frame_000003"",""ocr_version"":""PP-OCRv5"",""polygon"":[[587.0,735.0],[637.0,735.0],[637.0,748.0],[587.0,748.0]]}"
espresso-003-ocr-00015,espresso-003,frame_text,15.000,15.000,KALK,data_video/processed/espresso-003/clips/espresso-003-scene-0001.mp4,data_video/keyframes/espresso-003/frame_000003.jpg,02f11c27554694f09d275df37d7b26e7d9eb7424f97cb07a9cff901c5491efc3,de,0.998627,,espresso-003-ocr-00015,"{""frame_id"":""frame_000003"",""ocr_version"":""PP-OCRv5"",""polygon"":[[836.0,910.0],[870.0,910.0],[870.0,925.0],[836.0,925.0]]}"
espresso-003-ocr-00016,espresso-003,frame_text,15.000,15.000,MOCCAMASTER,data_video/processed/espresso-003/clips/espresso-003-scene-0001.mp4,data_video/keyframes/espresso-003/frame_000003.jpg,02f11c27554694f09d275df37d7b26e7d9eb7424f97cb07a9cff901c5491efc3,de,0.993777,,espresso-003-ocr-00016,"{""frame_id"":""frame_000003"",""ocr_version"":""PP-OCRv5"",""polygon"":[[928.0,908.0],[1146.0,916.0],[1145.0,936.0],[927.0,928.0]]}"
espresso-003-ocr-00017,espresso-003,frame_text,20.000,20.000,APROVED,data_video/processed/espresso-003/clips/espresso-003-scene-0001.mp4,data_video/keyframes/espresso-003/frame_000004.jpg,02f11c27554694f09d275df37d7b26e7d9eb7424f97cb07a9cff901c5491efc3,de,0.980420,,espresso-003-ocr-00017,"{""frame_id"":""frame_000004"",""ocr_version"":""PP-OCRv5"",""polygon"":[[568.0,468.0],[609.0,468.0],[609.0,478.0],[568.0,478.0]]}"
espresso-003-ocr-00018,espresso-003,frame_text,20.000,20.000,TEGINT,data_video/processed/espresso-003/clips/espresso-003-scene-0001.mp4,data_video/keyframes/espresso-003/frame_000004.jpg,02f11c27554694f09d275df37d7b26e7d9eb7424f97cb07a9cff901c5491efc3,de,0.789890,,espresso-003-ocr-00018,"{""frame_id"":""frame_000004"",""ocr_version"":""PP-OCRv5"",""polygon"":[[554.0,741.0],[618.0,741.0],[618.0,754.0],[554.0,754.0]]}"
espresso-003-ocr-00019,espresso-003,frame_text,20.000,20.000,VORM,data_video/processed/espresso-003/clips/espresso-003-scene-0001.mp4,data_video/keyframes/espresso-003/frame_000004.jpg,02f11c27554694f09d275df37d7b26e7d9eb7424f97cb07a9cff901c5491efc3,de,0.948028,,espresso-003-ocr-00019,"{""frame_id"":""frame_000004"",""ocr_version"":""PP-OCRv5"",""polygon"":[[561.0,750.0],[609.0,750.0],[609.0,761.0],[561.0,761.0]]}"
espresso-003-ocr-00020,espresso-003,frame_text,20.000,20.000,KALK,data_video/processed/espresso-003/clips/espresso-003-scene-0001.mp4,data_video/keyframes/espresso-003/frame_000004.jpg,02f11c27554694f09d275df37d7b26e7d9eb7424f97cb07a9cff901c5491efc3,de,0.998976,,espresso-003-ocr-00020,"{""frame_id"":""frame_000004"",""ocr_version"":""PP-OCRv5"",""polygon"":[[810.0,923.0],[844.0,923.0],[844.0,938.0],[810.0,938.0]]}"
espresso-003-ocr-00021,espresso-003,frame_text,20.000,20.000,MOCCAMASTER,data_video/processed/espresso-003/clips/espresso-003-scene-0001.mp4,data_video/keyframes/espresso-003/frame_000004.jpg,02f11c27554694f09d275df37d7b26e7d9eb7424f97cb07a9cff901c5491efc3,de,0.999654,,espresso-003-ocr-00021,"{""frame_id"":""frame_000004"",""ocr_version"":""PP-OCRv5"",""polygon"":[[901.0,920.0],[1120.0,926.0],[1120.0,947.0],[901.0,941.0]]}"
espresso-003-ocr-00022,espresso-003,frame_text,25.000,25.000,UPROVED,data_video/processed/espresso-003/clips/espresso-003-scene-0001.mp4,data_video/keyframes/espresso-003/frame_000005.jpg,02f11c27554694f09d275df37d7b26e7d9eb7424f97cb07a9cff901c5491efc3,de,0.916206,,espresso-003-ocr-00022,"{""frame_id"":""frame_000005"",""ocr_version"":""PP-OCRv5"",""polygon"":[[574.0,489.0],[617.0,492.0],[616.0,506.0],[573.0,503.0]]}"
espresso-003-ocr-00023,espresso-003,frame_text,25.000,25.000,TEOENX,data_video/processed/espresso-003/clips/espresso-003-scene-0001.mp4,data_video/keyframes/espresso-003/frame_000005.jpg,02f11c27554694f09d275df37d7b26e7d9eb7424f97cb07a9cff901c5491efc3,de,0.860788,,espresso-003-ocr-00023,"{""frame_id"":""frame_000005"",""ocr_version"":""PP-OCRv5"",""polygon"":[[558.0,762.0],[619.0,766.0],[618.0,779.0],[557.0,776.0]]}"
espresso-003-ocr-00024,espresso-003,frame_text,25.000,25.000,VORM,data_video/processed/espresso-003/clips/espresso-003-scene-0001.mp4,data_video/keyframes/espresso-003/frame_000005.jpg,02f11c27554694f09d275df37d7b26e7d9eb7424f97cb07a9cff901c5491efc3,de,0.982067,,espresso-003-ocr-00024,"{""frame_id"":""frame_000005"",""ocr_version"":""PP-OCRv5"",""polygon"":[[561.0,771.0],[612.0,773.0],[612.0,787.0],[561.0,785.0]]}"
espresso-003-ocr-00025,espresso-003,frame_text,25.000,25.000,KALK,data_video/processed/espresso-003/clips/espresso-003-scene-0001.mp4,data_video/keyframes/espresso-003/frame_000005.jpg,02f11c27554694f09d275df37d7b26e7d9eb7424f97cb07a9cff901c5491efc3,de,0.999198,,espresso-003-ocr-00025,"{""frame_id"":""frame_000005"",""ocr_version"":""PP-OCRv5"",""polygon"":[[810.0,951.0],[843.0,951.0],[843.0,966.0],[810.0,966.0]]}"
espresso-003-ocr-00026,espresso-003,frame_text,25.000,25.000,MOCCAMASTER,data_video/processed/espresso-003/clips/espresso-003-scene-0001.mp4,data_video/keyframes/espresso-003/frame_000005.jpg,02f11c27554694f09d275df37d7b26e7d9eb7424f97cb07a9cff901c5491efc3,de,0.999604,,espresso-003-ocr-00026,"{""frame_id"":""frame_000005"",""ocr_version"":""PP-OCRv5"",""polygon"":[[902.0,950.0],[1119.0,958.0],[1118.0,978.0],[901.0,970.0]]}"
espresso-003-ocr-00027,espresso-003,frame_text,30.000,30.000,ATROIED,data_video/processed/espresso-003/clips/espresso-003-scene-0001.mp4,data_video/keyframes/espresso-003/frame_000006.jpg,02f11c27554694f09d275df37d7b26e7d9eb7424f97cb07a9cff901c5491efc3,de,0.889656,,espresso-003-ocr-00027,"{""frame_id"":""frame_000006"",""ocr_version"":""PP-OCRv5"",""polygon"":[[545.0,510.0],[588.0,510.0],[588.0,524.0],[545.0,524.0]]}"
espresso-003-ocr-00028,espresso-003,frame_text,30.000,30.000,KALK,data_video/processed/espresso-003/clips/espresso-003-scene-0001.mp4,data_video/keyframes/espresso-003/frame_000006.jpg,02f11c27554694f09d275df37d7b26e7d9eb7424f97cb07a9cff901c5491efc3,de,0.882358,,espresso-003-ocr-00028,"{""frame_id"":""frame_000006"",""ocr_version"":""PP-OCRv5"",""polygon"":[[785.0,972.0],[818.0,969.0],[819.0,984.0],[786.0,987.0]]}"
espresso-003-ocr-00029,espresso-003,frame_text,30.000,30.000,MOCCAMASTER,data_video/processed/espresso-003/clips/espresso-003-scene-0001.mp4,data_video/keyframes/espresso-003/frame_000006.jpg,02f11c27554694f09d275df37d7b26e7d9eb7424f97cb07a9cff901c5491efc3,de,0.999473,,espresso-003-ocr-00029,"{""frame_id"":""frame_000006"",""ocr_version"":""PP-OCRv5"",""polygon"":[[877.0,970.0],[1096.0,976.0],[1096.0,996.0],[877.0,989.0]]}"
espresso-003-ocr-00030,espresso-003,frame_text,35.000,35.000,TECYENI,data_video/processed/espresso-003/clips/espresso-003-scene-0001.mp4,data_video/keyframes/espresso-003/frame_000007.jpg,02f11c27554694f09d275df37d7b26e7d9eb7424f97cb07a9cff901c5491efc3,de,0.807869,,espresso-003-ocr-00030,"{""frame_id"":""frame_000007"",""ocr_version"":""PP-OCRv5"",""polygon"":[[552.0,777.0],[611.0,777.0],[611.0,791.0],[552.0,791.0]]}"
espresso-003-ocr-00031,espresso-003,frame_text,35.000,35.000,VORM,data_video/processed/espresso-003/clips/espresso-003-scene-0001.mp4,data_video/keyframes/espresso-003/frame_000007.jpg,02f11c27554694f09d275df37d7b26e7d9eb7424f97cb07a9cff901c5491efc3,de,0.907558,,espresso-003-ocr-00031,"{""frame_id"":""frame_000007"",""ocr_version"":""PP-OCRv5"",""polygon"":[[555.0,783.0],[604.0,786.0],[603.0,800.0],[554.0,797.0]]}"
espresso-003-ocr-00032,espresso-003,frame_text,35.000,35.000,KALK,data_video/processed/espresso-003/clips/espresso-003-scene-0001.mp4,data_video/keyframes/espresso-003/frame_000007.jpg,02f11c27554694f09d275df37d7b26e7d9eb7424f97cb07a9cff901c5491efc3,de,0.774772,,espresso-003-ocr-00032,"{""frame_id"":""frame_000007"",""ocr_version"":""PP-OCRv5"",""polygon"":[[801.0,970.0],[832.0,970.0],[832.0,984.0],[801.0,984.0]]}"
espresso-003-ocr-00033,espresso-003,frame_text,35.000,35.000,MOCCAMASTER,data_video/processed/espresso-003/clips/espresso-003-scene-0001.mp4,data_video/keyframes/espresso-003/frame_000007.jpg,02f11c27554694f09d275df37d7b26e7d9eb7424f97cb07a9cff901c5491efc3,de,0.999434,,espresso-003-ocr-00033,"{""frame_id"":""frame_000007"",""ocr_version"":""PP-OCRv5"",""polygon"":[[893.0,969.0],[1109.0,982.0],[1108.0,1002.0],[892.0,989.0]]}"
espresso-003-ocr-00034,espresso-003,frame_text,40.000,40.000,APPROVED,data_video/processed/espresso-003/clips/espresso-003-scene-0001.mp4,data_video/keyframes/espresso-003/frame_000008.jpg,02f11c27554694f09d275df37d7b26e7d9eb7424f97cb07a9cff901c5491efc3,de,0.936779,,espresso-003-ocr-00034,"{""frame_id"":""frame_000008"",""ocr_version"":""PP-OCRv5"",""polygon"":[[820.0,476.0],[862.0,476.0],[862.0,490.0],[820.0,490.0]]}"
espresso-003-ocr-00035,espresso-003,frame_text,40.000,40.000,TECENI,data_video/processed/espresso-003/clips/espresso-003-scene-0001.mp4,data_video/keyframes/espresso-003/frame_000008.jpg,02f11c27554694f09d275df37d7b26e7d9eb7424f97cb07a9cff901c5491efc3,de,0.932422,,espresso-003-ocr-00035,"{""frame_id"":""frame_000008"",""ocr_version"":""PP-OCRv5"",""polygon"":[[806.0,746.0],[865.0,749.0],[865.0,760.0],[806.0,757.0]]}"
espresso-003-ocr-00036,espresso-003,frame_text,40.000,40.000,VORM,data_video/processed/espresso-003/clips/espresso-003-scene-0001.mp4,data_video/keyframes/espresso-003/frame_000008.jpg,02f11c27554694f09d275df37d7b26e7d9eb7424f97cb07a9cff901c5491efc3,de,0.992487,,espresso-003-ocr-00036,"{""frame_id"":""frame_000008"",""ocr_version"":""PP-OCRv5"",""polygon"":[[810.0,753.0],[858.0,756.0],[858.0,770.0],[810.0,767.0]]}"
espresso-003-ocr-00037,espresso-003,frame_text,40.000,40.000,KALK,data_video/processed/espresso-003/clips/espresso-003-scene-0001.mp4,data_video/keyframes/espresso-003/frame_000008.jpg,02f11c27554694f09d275df37d7b26e7d9eb7424f97cb07a9cff901c5491efc3,de,0.993514,,espresso-003-ocr-00037,"{""frame_id"":""frame_000008"",""ocr_version"":""PP-OCRv5"",""polygon"":[[1057.0,940.0],[1090.0,940.0],[1090.0,955.0],[1057.0,955.0]]}"
espresso-003-ocr-00038,espresso-003,frame_text,40.000,40.000,MOCCAMASTER,data_video/processed/espresso-003/clips/espresso-003-scene-0001.mp4,data_video/keyframes/espresso-003/frame_000008.jpg,02f11c27554694f09d275df37d7b26e7d9eb7424f97cb07a9cff901c5491efc3,de,0.999470,,espresso-003-ocr-00038,"{""frame_id"":""frame_000008"",""ocr_version"":""PP-OCRv5"",""polygon"":[[1150.0,941.0],[1375.0,957.0],[1374.0,977.0],[1149.0,960.0]]}"
espresso-003-ocr-00039,espresso-003,frame_text,45.000,45.000,SMERES,data_video/processed/espresso-003/clips/espresso-003-scene-0001.mp4,data_video/keyframes/espresso-003/frame_000009.jpg,02f11c27554694f09d275df37d7b26e7d9eb7424f97cb07a9cff901c5491efc3,de,0.512239,,espresso-003-ocr-00039,"{""frame_id"":""frame_000009"",""ocr_version"":""PP-OCRv5"",""polygon"":[[23.0,63.0],[67.0,67.0],[66.0,80.0],[22.0,76.0]]}"
espresso-003-ocr-00040,espresso-003,frame_text,45.000,45.000,UPROVED,data_video/processed/espresso-003/clips/espresso-003-scene-0001.mp4,data_video/keyframes/espresso-003/frame_000009.jpg,02f11c27554694f09d275df37d7b26e7d9eb7424f97cb07a9cff901c5491efc3,de,0.929323,,espresso-003-ocr-00040,"{""frame_id"":""frame_000009"",""ocr_version"":""PP-OCRv5"",""polygon"":[[809.0,490.0],[852.0,490.0],[852.0,504.0],[809.0,504.0]]}"
espresso-003-ocr-00041,espresso-003,frame_text,45.000,45.000,ONI,data_video/processed/espresso-003/clips/espresso-003-scene-0001.mp4,data_video/keyframes/espresso-003/frame_000009.jpg,02f11c27554694f09d275df37d7b26e7d9eb7424f97cb07a9cff901c5491efc3,de,0.819169,,espresso-003-ocr-00041,"{""frame_id"":""frame_000009"",""ocr_version"":""PP-OCRv5"",""polygon"":[[1186.0,732.0],[1211.0,735.0],[1210.0,746.0],[1185.0,743.0]]}"
espresso-003-ocr-00042,espresso-003,frame_text,45.000,45.000,TECENT,data_video/processed/espresso-003/clips/espresso-003-scene-0001.mp4,data_video/keyframes/espresso-003/frame_000009.jpg,02f11c27554694f09d275df37d7b26e7d9eb7424f97cb07a9cff901c5491efc3,de,0.839980,,espresso-003-ocr-00042,"{""frame_id"":""frame_000009"",""ocr_version"":""PP-OCRv5"",""polygon"":[[798.0,758.0],[858.0,762.0],[857.0,776.0],[797.0,772.0]]}"
espresso-003-ocr-00043,espresso-003,frame_text,45.000,45.000,VORM,data_video/processed/espresso-003/clips/espresso-003-scene-0001.mp4,data_video/keyframes/espresso-003/frame_000009.jpg,02f11c27554694f09d275df37d7b26e7d9eb7424f97cb07a9cff901c5491efc3,de,0.915319,,espresso-003-ocr-00043,"{""frame_id"":""frame_000009"",""ocr_version"":""PP-OCRv5"",""polygon"":[[802.0,767.0],[849.0,772.0],[848.0,787.0],[801.0,782.0]]}"
espresso-003-ocr-00044,espresso-003,frame_text,45.000,45.000,KALK,data_video/processed/espresso-003/clips/espresso-003-scene-0001.mp4,data_video/keyframes/espresso-003/frame_000009.jpg,02f11c27554694f09d275df37d7b26e7d9eb7424f97cb07a9cff901c5491efc3,de,0.993328,,espresso-003-ocr-00044,"{""frame_id"":""frame_000009"",""ocr_version"":""PP-OCRv5"",""polygon"":[[1050.0,949.0],[1086.0,951.0],[1085.0,969.0],[1049.0,966.0]]}"
espresso-003-ocr-00045,espresso-003,frame_text,45.000,45.000,MOCCAMASTER,data_video/processed/espresso-003/clips/espresso-003-scene-0001.mp4,data_video/keyframes/espresso-003/frame_000009.jpg,02f11c27554694f09d275df37d7b26e7d9eb7424f97cb07a9cff901c5491efc3,de,0.999318,,espresso-003-ocr-00045,"{""frame_id"":""frame_000009"",""ocr_version"":""PP-OCRv5"",""polygon"":[[1144.0,953.0],[1369.0,966.0],[1368.0,987.0],[1143.0,973.0]]}"
espresso-003-ocr-00046,espresso-003,frame_text,50.000,50.000,APROVED,data_video/processed/espresso-003/clips/espresso-003-scene-0001.mp4,data_video/keyframes/espresso-003/frame_000010.jpg,02f11c27554694f09d275df37d7b26e7d9eb7424f97cb07a9cff901c5491efc3,de,0.878545,,espresso-003-ocr-00046,"{""frame_id"":""frame_000010"",""ocr_version"":""PP-OCRv5"",""polygon"":[[797.0,479.0],[837.0,479.0],[837.0,490.0],[797.0,490.0]]}"
espresso-003-ocr-00047,espresso-003,frame_text,50.000,50.000,INI,data_video/processed/espresso-003/clips/espresso-003-scene-0001.mp4,data_video/keyframes/espresso-003/frame_000010.jpg,02f11c27554694f09d275df37d7b26e7d9eb7424f97cb07a9cff901c5491efc3,de,0.985579,,espresso-003-ocr-00047,"{""frame_id"":""frame_000010"",""ocr_version"":""PP-OCRv5"",""polygon"":[[1173.0,716.0],[1203.0,716.0],[1203.0,731.0],[1173.0,731.0]]}"
espresso-003-ocr-00048,espresso-003,frame_text,50.000,50.000,TVOEM,data_video/processed/espresso-003/clips/espresso-003-scene-0001.mp4,data_video/keyframes/espresso-003/frame_000010.jpg,02f11c27554694f09d275df37d7b26e7d9eb7424f97cb07a9cff901c5491efc3,de,0.620965,,espresso-003-ocr-00048,"{""frame_id"":""frame_000010"",""ocr_version"":""PP-OCRv5"",""polygon"":[[783.0,746.0],[851.0,746.0],[851.0,776.0],[783.0,776.0]]}"
espresso-003-ocr-00049,espresso-003,frame_text,50.000,50.000,KALK,data_video/processed/espresso-003/clips/espresso-003-scene-0001.mp4,data_video/keyframes/espresso-003/frame_000010.jpg,02f11c27554694f09d275df37d7b26e7d9eb7424f97cb07a9cff901c5491efc3,de,0.998946,,espresso-003-ocr-00049,"{""frame_id"":""frame_000010"",""ocr_version"":""PP-OCRv5"",""polygon"":[[1044.0,936.0],[1077.0,938.0],[1076.0,954.0],[1043.0,952.0]]}"
espresso-003-ocr-00050,espresso-003,frame_text,50.000,50.000,MOCCAMASTER,data_video/processed/espresso-003/clips/espresso-003-scene-0001.mp4,data_video/keyframes/espresso-003/frame_000010.jpg,02f11c27554694f09d275df37d7b26e7d9eb7424f97cb07a9cff901c5491efc3,de,0.999627,,espresso-003-ocr-00050,"{""frame_id"":""frame_000010"",""ocr_version"":""PP-OCRv5"",""polygon"":[[1137.0,938.0],[1362.0,948.0],[1361.0,968.0],[1136.0,958.0]]}"
espresso-003-ocr-00051,espresso-003,frame_text,55.000,55.000,UTROVED,data_video/processed/espresso-003/clips/espresso-003-scene-0001.mp4,data_video/keyframes/espresso-003/frame_000011.jpg,02f11c27554694f09d275df37d7b26e7d9eb7424f97cb07a9cff901c5491efc3,de,0.958899,,espresso-003-ocr-00051,"{""frame_id"":""frame_000011"",""ocr_version"":""PP-OCRv5"",""polygon"":[[784.0,482.0],[824.0,482.0],[824.0,493.0],[784.0,493.0]]}"
espresso-003-ocr-00052,espresso-003,frame_text,55.000,55.000,q0e Je he a,data_video/processed/espresso-003/clips/espresso-003-scene-0001.mp4,data_video/keyframes/espresso-003/frame_000011.jpg,02f11c27554694f09d275df37d7b26e7d9eb7424f97cb07a9cff901c5491efc3,de,0.503886,,espresso-003-ocr-00052,"{""frame_id"":""frame_000011"",""ocr_version"":""PP-OCRv5"",""polygon"":[[3.0,501.0],[48.0,501.0],[48.0,512.0],[3.0,512.0]]}"
espresso-003-ocr-00053,espresso-003,frame_text,55.000,55.000,VORM,data_video/processed/espresso-003/clips/espresso-003-scene-0001.mp4,data_video/keyframes/espresso-003/frame_000011.jpg,02f11c27554694f09d275df37d7b26e7d9eb7424f97cb07a9cff901c5491efc3,de,0.910342,,espresso-003-ocr-00053,"{""frame_id"":""frame_000011"",""ocr_version"":""PP-OCRv5"",""polygon"":[[782.0,761.0],[834.0,761.0],[834.0,775.0],[782.0,775.0]]}"
espresso-003-ocr-00054,espresso-003,frame_text,55.000,55.000,ECIENT,data_video/processed/espresso-003/clips/espresso-003-scene-0001.mp4,data_video/keyframes/espresso-003/frame_000011.jpg,02f11c27554694f09d275df37d7b26e7d9eb7424f97cb07a9cff901c5491efc3,de,0.730185,,espresso-003-ocr-00054,"{""frame_id"":""frame_000011"",""ocr_version"":""PP-OCRv5"",""polygon"":[[785.0,754.0],[837.0,754.0],[837.0,765.0],[785.0,765.0]]}"
espresso-003-ocr-00055,espresso-003,frame_text,55.000,55.000,KALK,data_video/processed/espresso-003/clips/espresso-003-scene-0001.mp4,data_video/keyframes/espresso-003/frame_000011.jpg,02f11c27554694f09d275df37d7b26e7d9eb7424f97cb07a9cff901c5491efc3,de,0.996694,,espresso-003-ocr-00055,"{""frame_id"":""frame_000011"",""ocr_version"":""PP-OCRv5"",""polygon"":[[1037.0,938.0],[1070.0,938.0],[1070.0,953.0],[1037.0,953.0]]}"
espresso-003-ocr-00056,espresso-003,frame_text,55.000,55.000,MOCCAMASTER,data_video/processed/espresso-003/clips/espresso-003-scene-0001.mp4,data_video/keyframes/espresso-003/frame_000011.jpg,02f11c27554694f09d275df37d7b26e7d9eb7424f97cb07a9cff901c5491efc3,de,0.999313,,espresso-003-ocr-00056,"{""frame_id"":""frame_000011"",""ocr_version"":""PP-OCRv5"",""polygon"":[[1129.0,936.0],[1355.0,943.0],[1355.0,963.0],[1129.0,956.0]]}"
espresso-003-ocr-00057,espresso-003,frame_text,60.000,60.000,AITRONED,data_video/processed/espresso-003/clips/espresso-003-scene-0001.mp4,data_video/keyframes/espresso-003/frame_000012.jpg,02f11c27554694f09d275df37d7b26e7d9eb7424f97cb07a9cff901c5491efc3,de,0.885270,,espresso-003-ocr-00057,"{""frame_id"":""frame_000012"",""ocr_version"":""PP-OCRv5"",""polygon"":[[778.0,462.0],[820.0,462.0],[820.0,472.0],[778.0,472.0]]}"
espresso-003-ocr-00058,espresso-003,frame_text,60.000,60.000,N,data_video/processed/espresso-003/clips/espresso-003-scene-0001.mp4,data_video/keyframes/espresso-003/frame_000012.jpg,02f11c27554694f09d275df37d7b26e7d9eb7424f97cb07a9cff901c5491efc3,de,0.885525,,espresso-003-ocr-00058,"{""frame_id"":""frame_000012"",""ocr_version"":""PP-OCRv5"",""polygon"":[[1163.0,699.0],[1182.0,699.0],[1182.0,707.0],[1163.0,707.0]]}"
espresso-003-ocr-00059,espresso-003,frame_text,60.000,60.000,TECIINI,data_video/processed/espresso-003/clips/espresso-003-scene-0001.mp4,data_video/keyframes/espresso-003/frame_000012.jpg,02f11c27554694f09d275df37d7b26e7d9eb7424f97cb07a9cff901c5491efc3,de,0.811711,,espresso-003-ocr-00059,"{""frame_id"":""frame_000012"",""ocr_version"":""PP-OCRv5"",""polygon"":[[772.0,734.0],[830.0,734.0],[830.0,744.0],[772.0,744.0]]}"
espresso-003-ocr-00060,espresso-003,frame_text,60.000,60.000,VORM,data_video/processed/espresso-003/clips/espresso-003-scene-0001.mp4,data_video/keyframes/espresso-003/frame_000012.jpg,02f11c27554694f09d275df37d7b26e7d9eb7424f97cb07a9cff901c5491efc3,de,0.913216,,espresso-003-ocr-00060,"{""frame_id"":""frame_000012"",""ocr_version"":""PP-OCRv5"",""polygon"":[[779.0,742.0],[824.0,742.0],[824.0,753.0],[779.0,753.0]]}"
espresso-003-ocr-00061,espresso-003,frame_text,60.000,60.000,KALK,data_video/processed/espresso-003/clips/espresso-003-scene-0001.mp4,data_video/keyframes/espresso-003/frame_000012.jpg,02f11c27554694f09d275df37d7b26e7d9eb7424f97cb07a9cff901c5491efc3,de,0.996778,,espresso-003-ocr-00061,"{""frame_id"":""frame_000012"",""ocr_version"":""PP-OCRv5"",""polygon"":[[1030.0,918.0],[1064.0,918.0],[1064.0,933.0],[1030.0,933.0]]}"
espresso-003-ocr-00062,espresso-003,frame_text,60.000,60.000,MOCCAMASTER,data_video/processed/espresso-003/clips/espresso-003-scene-0001.mp4,data_video/keyframes/espresso-003/frame_000012.jpg,02f11c27554694f09d275df37d7b26e7d9eb7424f97cb07a9cff901c5491efc3,de,0.999390,,espresso-003-ocr-00062,"{""frame_id"":""frame_000012"",""ocr_version"":""PP-OCRv5"",""polygon"":[[1122.0,917.0],[1349.0,925.0],[1349.0,945.0],[1122.0,937.0]]}"
espresso-003-ocr-00063,espresso-003,frame_text,65.000,65.000,UTROVED,data_video/processed/espresso-003/clips/espresso-003-scene-0001.mp4,data_video/keyframes/espresso-003/frame_000013.jpg,02f11c27554694f09d275df37d7b26e7d9eb7424f97cb07a9cff901c5491efc3,de,0.858638,,espresso-003-ocr-00063,"{""frame_id"":""frame_000013"",""ocr_version"":""PP-OCRv5"",""polygon"":[[762.0,470.0],[806.0,470.0],[806.0,483.0],[762.0,483.0]]}"
espresso-003-ocr-00064,espresso-003,frame_text,65.000,65.000,INI,data_video/processed/espresso-003/clips/espresso-003-scene-0001.mp4,data_video/keyframes/espresso-003/frame_000013.jpg,02f11c27554694f09d275df37d7b26e7d9eb7424f97cb07a9cff901c5491efc3,de,0.986988,,espresso-003-ocr-00064,"{""frame_id"":""frame_000013"",""ocr_version"":""PP-OCRv5"",""polygon"":[[1146.0,705.0],[1176.0,705.0],[1176.0,719.0],[1146.0,719.0]]}"
espresso-003-ocr-00065,espresso-003,frame_text,65.000,65.000,IM,data_video/processed/espresso-003/clips/espresso-003-scene-0001.mp4,data_video/keyframes/espresso-003/frame_000013.jpg,02f11c27554694f09d275df37d7b26e7d9eb7424f97cb07a9cff901c5491efc3,de,0.752095,,espresso-003-ocr-00065,"{""frame_id"":""frame_000013"",""ocr_version"":""PP-OCRv5"",""polygon"":[[1145.0,719.0],[1163.0,719.0],[1163.0,727.0],[1145.0,727.0]]}"
espresso-003-ocr-00066,espresso-003,frame_text,65.000,65.000,TEOINI,data_video/processed/espresso-003/clips/espresso-003-scene-0001.mp4,data_video/keyframes/espresso-003/frame_000013.jpg,02f11c27554694f09d275df37d7b26e7d9eb7424f97cb07a9cff901c5491efc3,de,0.818248,,espresso-003-ocr-00066,"{""frame_id"":""frame_000013"",""ocr_version"":""PP-OCRv5"",""polygon"":[[758.0,744.0],[818.0,744.0],[818.0,755.0],[758.0,755.0]]}"
espresso-003-ocr-00067,espresso-003,frame_text,65.000,65.000,VORM,data_video/processed/espresso-003/clips/espresso-003-scene-0001.mp4,data_video/keyframes/espresso-003/frame_000013.jpg,02f11c27554694f09d275df37d7b26e7d9eb7424f97cb07a9cff901c5491efc3,de,0.927800,,espresso-003-ocr-00067,"{""frame_id"":""frame_000013"",""ocr_version"":""PP-OCRv5"",""polygon"":[[763.0,753.0],[810.0,753.0],[810.0,764.0],[763.0,764.0]]}"
espresso-003-ocr-00068,espresso-003,frame_text,65.000,65.000,KALK,data_video/processed/espresso-003/clips/espresso-003-scene-0001.mp4,data_video/keyframes/espresso-003/frame_000013.jpg,02f11c27554694f09d275df37d7b26e7d9eb7424f97cb07a9cff901c5491efc3,de,0.999063,,espresso-003-ocr-00068,"{""frame_id"":""frame_000013"",""ocr_version"":""PP-OCRv5"",""polygon"":[[1018.0,929.0],[1051.0,929.0],[1051.0,944.0],[1018.0,944.0]]}"
espresso-003-ocr-00069,espresso-003,frame_text,65.000,65.000,MOCCAMASTER,data_video/processed/espresso-003/clips/espresso-003-scene-0001.mp4,data_video/keyframes/espresso-003/frame_000013.jpg,02f11c27554694f09d275df37d7b26e7d9eb7424f97cb07a9cff901c5491efc3,de,0.999230,,espresso-003-ocr-00069,"{""frame_id"":""frame_000013"",""ocr_version"":""PP-OCRv5"",""polygon"":[[1110.0,927.0],[1337.0,935.0],[1337.0,955.0],[1110.0,947.0]]}"
espresso-003-ocr-00070,espresso-003,frame_text,70.000,70.000,APROVED,data_video/processed/espresso-003/clips/espresso-003-scene-0001.mp4,data_video/keyframes/espresso-003/frame_000014.jpg,02f11c27554694f09d275df37d7b26e7d9eb7424f97cb07a9cff901c5491efc3,de,0.862531,,espresso-003-ocr-00070,"{""frame_id"":""frame_000014"",""ocr_version"":""PP-OCRv5"",""polygon"":[[762.0,477.0],[804.0,477.0],[804.0,488.0],[762.0,488.0]]}"
espresso-003-ocr-00071,espresso-003,frame_text,70.000,70.000,INI,data_video/processed/espresso-003/clips/espresso-003-scene-0001.mp4,data_video/keyframes/espresso-003/frame_000014.jpg,02f11c27554694f09d275df37d7b26e7d9eb7424f97cb07a9cff901c5491efc3,de,0.988170,,espresso-003-ocr-00071,"{""frame_id"":""frame_000014"",""ocr_version"":""PP-OCRv5"",""polygon"":[[1144.0,713.0],[1175.0,713.0],[1175.0,728.0],[1144.0,728.0]]}"
espresso-003-ocr-00072,espresso-003,frame_text,70.000,70.000,OAM,data_video/processed/espresso-003/clips/espresso-003-scene-0001.mp4,data_video/keyframes/espresso-003/frame_000014.jpg,02f11c27554694f09d275df37d7b26e7d9eb7424f97cb07a9cff901c5491efc3,de,0.759381,,espresso-003-ocr-00072,"{""frame_id"":""frame_000014"",""ocr_version"":""PP-OCRv5"",""polygon"":[[1126.0,727.0],[1163.0,727.0],[1163.0,737.0],[1126.0,737.0]]}"
espresso-003-ocr-00073,espresso-003,frame_text,70.000,70.000,TECENT,data_video/processed/espresso-003/clips/espresso-003-scene-0001.mp4,data_video/keyframes/espresso-003/frame_000014.jpg,02f11c27554694f09d275df37d7b26e7d9eb7424f97cb07a9cff901c5491efc3,de,0.842641,,espresso-003-ocr-00073,"{""frame_id"":""frame_000014"",""ocr_version"":""PP-OCRv5"",""polygon"":[[754.0,752.0],[814.0,752.0],[814.0,763.0],[754.0,763.0]]}"
espresso-003-ocr-00074,espresso-003,frame_text,70.000,70.000,VORM,data_video/processed/espresso-003/clips/espresso-003-scene-0001.mp4,data_video/keyframes/espresso-003/frame_000014.jpg,02f11c27554694f09d275df37d7b26e7d9eb7424f97cb07a9cff901c5491efc3,de,0.997449,,espresso-003-ocr-00074,"{""frame_id"":""frame_000014"",""ocr_version"":""PP-OCRv5"",""polygon"":[[760.0,761.0],[807.0,761.0],[807.0,772.0],[760.0,772.0]]}"
espresso-003-ocr-00075,espresso-003,frame_text,70.000,70.000,KALK,data_video/processed/espresso-003/clips/espresso-003-scene-0001.mp4,data_video/keyframes/espresso-003/frame_000014.jpg,02f11c27554694f09d275df37d7b26e7d9eb7424f97cb07a9cff901c5491efc3,de,0.995147,,espresso-003-ocr-00075,"{""frame_id"":""frame_000014"",""ocr_version"":""PP-OCRv5"",""polygon"":[[1015.0,937.0],[1049.0,939.0],[1048.0,954.0],[1014.0,952.0]]}"
espresso-003-ocr-00076,espresso-003,frame_text,70.000,70.000,MOCCAMASTER,data_video/processed/espresso-003/clips/espresso-003-scene-0001.mp4,data_video/keyframes/espresso-003/frame_000014.jpg,02f11c27554694f09d275df37d7b26e7d9eb7424f97cb07a9cff901c5491efc3,de,0.999405,,espresso-003-ocr-00076,"{""frame_id"":""frame_000014"",""ocr_version"":""PP-OCRv5"",""polygon"":[[1108.0,937.0],[1336.0,945.0],[1336.0,965.0],[1108.0,957.0]]}"
espresso-003-ocr-00077,espresso-003,frame_text,75.000,75.000,APROVED,data_video/processed/espresso-003/clips/espresso-003-scene-0001.mp4,data_video/keyframes/espresso-003/frame_000015.jpg,02f11c27554694f09d275df37d7b26e7d9eb7424f97cb07a9cff901c5491efc3,de,0.925907,,espresso-003-ocr-00077,"{""frame_id"":""frame_000015"",""ocr_version"":""PP-OCRv5"",""polygon"":[[853.0,458.0],[894.0,458.0],[894.0,469.0],[853.0,469.0]]}"
espresso-003-ocr-00078,espresso-003,frame_text,75.000,75.000,INI,data_video/processed/espresso-003/clips/espresso-003-scene-0001.mp4,data_video/keyframes/espresso-003/frame_000015.jpg,02f11c27554694f09d275df37d7b26e7d9eb7424f97cb07a9cff901c5491efc3,de,0.871941,,espresso-003-ocr-00078,"{""frame_id"":""frame_000015"",""ocr_version"":""PP-OCRv5"",""polygon"":[[1240.0,701.0],[1272.0,701.0],[1272.0,715.0],[1240.0,715.0]]}"
espresso-003-ocr-00079,espresso-003,frame_text,75.000,75.000,TECIENI,data_video/processed/espresso-003/clips/espresso-003-scene-0001.mp4,data_video/keyframes/espresso-003/frame_000015.jpg,02f11c27554694f09d275df37d7b26e7d9eb7424f97cb07a9cff901c5491efc3,de,0.799770,,espresso-003-ocr-00079,"{""frame_id"":""frame_000015"",""ocr_version"":""PP-OCRv5"",""polygon"":[[843.0,737.0],[904.0,737.0],[904.0,750.0],[843.0,750.0]]}"
espresso-003-ocr-00080,espresso-003,frame_text,75.000,75.000,VORM,data_video/processed/espresso-003/clips/espresso-003-scene-0001.mp4,data_video/keyframes/espresso-003/frame_000015.jpg,02f11c27554694f09d275df37d7b26e7d9eb7424f97cb07a9cff901c5491efc3,de,0.982406,,espresso-003-ocr-00080,"{""frame_id"":""frame_000015"",""ocr_version"":""PP-OCRv5"",""polygon"":[[847.0,743.0],[897.0,747.0],[896.0,761.0],[846.0,757.0]]}"
espresso-003-ocr-00081,espresso-003,frame_text,75.000,75.000,KALK,data_video/processed/espresso-003/clips/espresso-003-scene-0001.mp4,data_video/keyframes/espresso-003/frame_000015.jpg,02f11c27554694f09d275df37d7b26e7d9eb7424f97cb07a9cff901c5491efc3,de,0.999159,,espresso-003-ocr-00081,"{""frame_id"":""frame_000015"",""ocr_version"":""PP-OCRv5"",""polygon"":[[1111.0,927.0],[1145.0,929.0],[1144.0,947.0],[1110.0,945.0]]}"
espresso-003-ocr-00082,espresso-003,frame_text,75.000,75.000,MOCCAMASTER,data_video/processed/espresso-003/clips/espresso-003-scene-0001.mp4,data_video/keyframes/espresso-003/frame_000015.jpg,02f11c27554694f09d275df37d7b26e7d9eb7424f97cb07a9cff901c5491efc3,de,0.999170,,espresso-003-ocr-00082,"{""frame_id"":""frame_000015"",""ocr_version"":""PP-OCRv5"",""polygon"":[[1207.0,930.0],[1443.0,941.0],[1442.0,962.0],[1206.0,951.0]]}"
espresso-003-ocr-00083,espresso-003,frame_text,80.000,80.000,ALLA INKEER,data_video/processed/espresso-003/clips/espresso-003-scene-0001.mp4,data_video/keyframes/espresso-003/frame_000016.jpg,02f11c27554694f09d275df37d7b26e7d9eb7424f97cb07a9cff901c5491efc3,de,0.845758,,espresso-003-ocr-00083,"{""frame_id"":""frame_000016"",""ocr_version"":""PP-OCRv5"",""polygon"":[[3.0,24.0],[74.0,28.0],[73.0,42.0],[2.0,37.0]]}"
espresso-003-ocr-00084,espresso-003,frame_text,80.000,80.000,UPPROVED,data_video/processed/espresso-003/clips/espresso-003-scene-0001.mp4,data_video/keyframes/espresso-003/frame_000016.jpg,02f11c27554694f09d275df37d7b26e7d9eb7424f97cb07a9cff901c5491efc3,de,0.838417,,espresso-003-ocr-00084,"{""frame_id"":""frame_000016"",""ocr_version"":""PP-OCRv5"",""polygon"":[[847.0,455.0],[889.0,455.0],[889.0,466.0],[847.0,466.0]]}"
espresso-003-ocr-00085,espresso-003,frame_text,80.000,80.000,TECENT,data_video/processed/espresso-003/clips/espresso-003-scene-0001.mp4,data_video/keyframes/espresso-003/frame_000016.jpg,02f11c27554694f09d275df37d7b26e7d9eb7424f97cb07a9cff901c5491efc3,de,0.879944,,espresso-003-ocr-00085,"{""frame_id"":""frame_000016"",""ocr_version"":""PP-OCRv5"",""polygon"":[[838.0,730.0],[901.0,733.0],[901.0,748.0],[838.0,745.0]]}"
espresso-003-ocr-00086,espresso-003,frame_text,80.000,80.000,VORM,data_video/processed/espresso-003/clips/espresso-003-scene-0001.mp4,data_video/keyframes/espresso-003/frame_000016.jpg,02f11c27554694f09d275df37d7b26e7d9eb7424f97cb07a9cff901c5491efc3,de,0.988197,,espresso-003-ocr-00086,"{""frame_id"":""frame_000016"",""ocr_version"":""PP-OCRv5"",""polygon"":[[843.0,740.0],[894.0,743.0],[894.0,757.0],[843.0,754.0]]}"
espresso-003-ocr-00087,espresso-003,frame_text,80.000,80.000,KALK,data_video/processed/espresso-003/clips/espresso-003-scene-0001.mp4,data_video/keyframes/espresso-003/frame_000016.jpg,02f11c27554694f09d275df37d7b26e7d9eb7424f97cb07a9cff901c5491efc3,de,0.998547,,espresso-003-ocr-00087,"{""frame_id"":""frame_000016"",""ocr_version"":""PP-OCRv5"",""polygon"":[[1107.0,925.0],[1143.0,925.0],[1143.0,940.0],[1107.0,940.0]]}"
espresso-003-ocr-00088,espresso-003,frame_text,80.000,80.000,MOCCAMASTER,data_video/processed/espresso-003/clips/espresso-003-scene-0001.mp4,data_video/keyframes/espresso-003/frame_000016.jpg,02f11c27554694f09d275df37d7b26e7d9eb7424f97cb07a9cff901c5491efc3,de,0.999155,,espresso-003-ocr-00088,"{""frame_id"":""frame_000016"",""ocr_version"":""PP-OCRv5"",""polygon"":[[1205.0,923.0],[1441.0,932.0],[1440.0,953.0],[1204.0,944.0]]}"
espresso-003-ocr-00089,espresso-003,frame_text,85.000,85.000,LETR,data_video/processed/espresso-003/clips/espresso-003-scene-0001.mp4,data_video/keyframes/espresso-003/frame_000017.jpg,02f11c27554694f09d275df37d7b26e7d9eb7424f97cb07a9cff901c5491efc3,de,0.733432,,espresso-003-ocr-00089,"{""frame_id"":""frame_000017"",""ocr_version"":""PP-OCRv5"",""polygon"":[[24.0,7.0],[47.0,7.0],[47.0,15.0],[24.0,15.0]]}"
espresso-003-ocr-00090,espresso-003,frame_text,85.000,85.000,M,data_video/processed/espresso-003/clips/espresso-003-scene-0001.mp4,data_video/keyframes/espresso-003/frame_000017.jpg,02f11c27554694f09d275df37d7b26e7d9eb7424f97cb07a9cff901c5491efc3,de,0.541368,,espresso-003-ocr-00090,"{""frame_id"":""frame_000017"",""ocr_version"":""PP-OCRv5"",""polygon"":[[1506.0,330.0],[1815.0,218.0],[1920.0,507.0],[1613.0,619.0]]}"
espresso-003-ocr-00091,espresso-003,frame_text,85.000,85.000,UPROSED,data_video/processed/espresso-003/clips/espresso-003-scene-0001.mp4,data_video/keyframes/espresso-003/frame_000017.jpg,02f11c27554694f09d275df37d7b26e7d9eb7424f97cb07a9cff901c5491efc3,de,0.839745,,espresso-003-ocr-00091,"{""frame_id"":""frame_000017"",""ocr_version"":""PP-OCRv5"",""polygon"":[[823.0,445.0],[867.0,445.0],[867.0,459.0],[823.0,459.0]]}"
espresso-003-ocr-00092,espresso-003,frame_text,85.000,85.000,INI,data_video/processed/espresso-003/clips/espresso-003-scene-0001.mp4,data_video/keyframes/espresso-003/frame_000017.jpg,02f11c27554694f09d275df37d7b26e7d9eb7424f97cb07a9cff901c5491efc3,de,0.979129,,espresso-003-ocr-00092,"{""frame_id"":""frame_000017"",""ocr_version"":""PP-OCRv5"",""polygon"":[[1216.0,694.0],[1242.0,694.0],[1242.0,705.0],[1216.0,705.0]]}"
espresso-003-ocr-00093,espresso-003,frame_text,85.000,85.000,TECENT,data_video/processed/espresso-003/clips/espresso-003-scene-0001.mp4,data_video/keyframes/espresso-003/frame_000017.jpg,02f11c27554694f09d275df37d7b26e7d9eb7424f97cb07a9cff901c5491efc3,de,0.809518,,espresso-003-ocr-00093,"{""frame_id"":""frame_000017"",""ocr_version"":""PP-OCRv5"",""polygon"":[[811.0,721.0],[874.0,725.0],[873.0,740.0],[810.0,736.0]]}"
espresso-003-ocr-00094,espresso-003,frame_text,85.000,85.000,VORM,data_video/processed/espresso-003/clips/espresso-003-scene-0001.mp4,data_video/keyframes/espresso-003/frame_000017.jpg,02f11c27554694f09d275df37d7b26e7d9eb7424f97cb07a9cff901c5491efc3,de,0.924381,,espresso-003-ocr-00094,"{""frame_id"":""frame_000017"",""ocr_version"":""PP-OCRv5"",""polygon"":[[815.0,732.0],[867.0,735.0],[867.0,749.0],[815.0,746.0]]}"
espresso-003-ocr-00095,espresso-003,frame_text,85.000,85.000,KALK,data_video/processed/espresso-003/clips/espresso-003-scene-0001.mp4,data_video/keyframes/espresso-003/frame_000017.jpg,02f11c27554694f09d275df37d7b26e7d9eb7424f97cb07a9cff901c5491efc3,de,0.998078,,espresso-003-ocr-00095,"{""frame_id"":""frame_000017"",""ocr_version"":""PP-OCRv5"",""polygon"":[[1076.0,917.0],[1113.0,920.0],[1112.0,937.0],[1075.0,935.0]]}"
espresso-003-ocr-00096,espresso-003,frame_text,85.000,85.000,MOCCAMASTER,data_video/processed/espresso-003/clips/espresso-003-scene-0001.mp4,data_video/keyframes/espresso-003/frame_000017.jpg,02f11c27554694f09d275df37d7b26e7d9eb7424f97cb07a9cff901c5491efc3,de,0.999579,,espresso-003-ocr-00096,"{""frame_id"":""frame_000017"",""ocr_version"":""PP-OCRv5"",""polygon"":[[1174.0,920.0],[1408.0,932.0],[1407.0,952.0],[1173.0,940.0]]}"
espresso-003-ocr-00097,espresso-003,frame_text,90.000,90.000,APPROVED,data_video/processed/espresso-003/clips/espresso-003-scene-0001.mp4,data_video/keyframes/espresso-003/frame_000018.jpg,02f11c27554694f09d275df37d7b26e7d9eb7424f97cb07a9cff901c5491efc3,de,0.883286,,espresso-003-ocr-00097,"{""frame_id"":""frame_000018"",""ocr_version"":""PP-OCRv5"",""polygon"":[[837.0,431.0],[880.0,433.0],[879.0,447.0],[836.0,444.0]]}"
espresso-003-ocr-00098,espresso-003,frame_text,90.000,90.000,INI,data_video/processed/espresso-003/clips/espresso-003-scene-0001.mp4,data_video/keyframes/espresso-003/frame_000018.jpg,02f11c27554694f09d275df37d7b26e7d9eb7424f97cb07a9cff901c5491efc3,de,0.836293,,espresso-003-ocr-00098,"{""frame_id"":""frame_000018"",""ocr_version"":""PP-OCRv5"",""polygon"":[[1232.0,681.0],[1257.0,681.0],[1257.0,692.0],[1232.0,692.0]]}"
espresso-003-ocr-00099,espresso-003,frame_text,90.000,90.000,TECENI,data_video/processed/espresso-003/clips/espresso-003-scene-0001.mp4,data_video/keyframes/espresso-003/frame_000018.jpg,02f11c27554694f09d275df37d7b26e7d9eb7424f97cb07a9cff901c5491efc3,de,0.912408,,espresso-003-ocr-00099,"{""frame_id"":""frame_000018"",""ocr_version"":""PP-OCRv5"",""polygon"":[[825.0,712.0],[888.0,714.0],[888.0,728.0],[825.0,725.0]]}"
espresso-003-ocr-00100,espresso-003,frame_text,90.000,90.000,VORM,data_video/processed/espresso-003/clips/espresso-003-scene-0001.mp4,data_video/keyframes/espresso-003/frame_000018.jpg,02f11c27554694f09d275df37d7b26e7d9eb7424f97cb07a9cff901c5491efc3,de,0.995360,,espresso-003-ocr-00100,"{""frame_id"":""frame_000018"",""ocr_version"":""PP-OCRv5"",""polygon"":[[830.0,721.0],[881.0,724.0],[881.0,738.0],[830.0,735.0]]}"
espresso-003-ocr-00101,espresso-003,frame_text,90.000,90.000,KALK,data_video/processed/espresso-003/clips/espresso-003-scene-0001.mp4,data_video/keyframes/espresso-003/frame_000018.jpg,02f11c27554694f09d275df37d7b26e7d9eb7424f97cb07a9cff901c5491efc3,de,0.998145,,espresso-003-ocr-00101,"{""frame_id"":""frame_000018"",""ocr_version"":""PP-OCRv5"",""polygon"":[[1094.0,909.0],[1129.0,909.0],[1129.0,924.0],[1094.0,924.0]]}"
espresso-003-ocr-00102,espresso-003,frame_text,90.000,90.000,MOCCAMASTER,data_video/processed/espresso-003/clips/espresso-003-scene-0001.mp4,data_video/keyframes/espresso-003/frame_000018.jpg,02f11c27554694f09d275df37d7b26e7d9eb7424f97cb07a9cff901c5491efc3,de,0.999293,,espresso-003-ocr-00102,"{""frame_id"":""frame_000018"",""ocr_version"":""PP-OCRv5"",""polygon"":[[1192.0,909.0],[1427.0,920.0],[1426.0,940.0],[1191.0,929.0]]}"
espresso-003-ocr-00103,espresso-003,frame_text,95.000,95.000,SEAXTS,data_video/processed/espresso-003/clips/espresso-003-scene-0001.mp4,data_video/keyframes/espresso-003/frame_000019.jpg,02f11c27554694f09d275df37d7b26e7d9eb7424f97cb07a9cff901c5491efc3,de,0.634782,,espresso-003-ocr-00103,"{""frame_id"":""frame_000019"",""ocr_version"":""PP-OCRv5"",""polygon"":[[1.0,0.0],[42.0,1.0],[41.0,15.0],[0.0,12.0]]}"
espresso-003-ocr-00104,espresso-003,frame_text,95.000,95.000,ATROVED,data_video/processed/espresso-003/clips/espresso-003-scene-0001.mp4,data_video/keyframes/espresso-003/frame_000019.jpg,02f11c27554694f09d275df37d7b26e7d9eb7424f97cb07a9cff901c5491efc3,de,0.947580,,espresso-003-ocr-00104,"{""frame_id"":""frame_000019"",""ocr_version"":""PP-OCRv5"",""polygon"":[[822.0,441.0],[866.0,441.0],[866.0,455.0],[822.0,455.0]]}"
espresso-003-ocr-00105,espresso-003,frame_text,95.000,95.000,TEOHNI,data_video/processed/espresso-003/clips/espresso-003-scene-0001.mp4,data_video/keyframes/espresso-003/frame_000019.jpg,02f11c27554694f09d275df37d7b26e7d9eb7424f97cb07a9cff901c5491efc3,de,0.850180,,espresso-003-ocr-00105,"{""frame_id"":""frame_000019"",""ocr_version"":""PP-OCRv5"",""polygon"":[[812.0,722.0],[874.0,722.0],[874.0,736.0],[812.0,736.0]]}"
espresso-003-ocr-00106,espresso-003,frame_text,95.000,95.000,VORM,data_video/processed/espresso-003/clips/espresso-003-scene-0001.mp4,data_video/keyframes/espresso-003/frame_000019.jpg,02f11c27554694f09d275df37d7b26e7d9eb7424f97cb07a9cff901c5491efc3,de,0.996226,,espresso-003-ocr-00106,"{""frame_id"":""frame_000019"",""ocr_version"":""PP-OCRv5"",""polygon"":[[818.0,731.0],[867.0,731.0],[867.0,744.0],[818.0,744.0]]}"
espresso-003-ocr-00107,espresso-003,frame_text,95.000,95.000,KALK,data_video/processed/espresso-003/clips/espresso-003-scene-0001.mp4,data_video/keyframes/espresso-003/frame_000019.jpg,02f11c27554694f09d275df37d7b26e7d9eb7424f97cb07a9cff901c5491efc3,de,0.995577,,espresso-003-ocr-00107,"{""frame_id"":""frame_000019"",""ocr_version"":""PP-OCRv5"",""polygon"":[[1080.0,916.0],[1115.0,916.0],[1115.0,931.0],[1080.0,931.0]]}"
espresso-003-ocr-00108,espresso-003,frame_text,95.000,95.000,MOCCAMASTER,data_video/processed/espresso-003/clips/espresso-003-scene-0001.mp4,data_video/keyframes/espresso-003/frame_000019.jpg,02f11c27554694f09d275df37d7b26e7d9eb7424f97cb07a9cff901c5491efc3,de,0.999642,,espresso-003-ocr-00108,"{""frame_id"":""frame_000019"",""ocr_version"":""PP-OCRv5"",""polygon"":[[1176.0,915.0],[1411.0,926.0],[1410.0,947.0],[1175.0,936.0]]}"
espresso-003-ocr-00109,espresso-003,frame_text,100.000,100.000,APROVED,data_video/processed/espresso-003/clips/espresso-003-scene-0001.mp4,data_video/keyframes/espresso-003/frame_000020.jpg,02f11c27554694f09d275df37d7b26e7d9eb7424f97cb07a9cff901c5491efc3,de,0.947312,,espresso-003-ocr-00109,"{""frame_id"":""frame_000020"",""ocr_version"":""PP-OCRv5"",""polygon"":[[809.0,426.0],[853.0,428.0],[852.0,442.0],[808.0,440.0]]}"
espresso-003-ocr-00110,espresso-003,frame_text,100.000,100.000,INI,data_video/processed/espresso-003/clips/espresso-003-scene-0001.mp4,data_video/keyframes/espresso-003/frame_000020.jpg,02f11c27554694f09d275df37d7b26e7d9eb7424f97cb07a9cff901c5491efc3,de,0.996859,,espresso-003-ocr-00110,"{""frame_id"":""frame_000020"",""ocr_version"":""PP-OCRv5"",""polygon"":[[1202.0,673.0],[1235.0,673.0],[1235.0,688.0],[1202.0,688.0]]}"
espresso-003-ocr-00111,espresso-003,frame_text,100.000,100.000,M,data_video/processed/espresso-003/clips/espresso-003-scene-0001.mp4,data_video/keyframes/espresso-003/frame_000020.jpg,02f11c27554694f09d275df37d7b26e7d9eb7424f97cb07a9cff901c5491efc3,de,0.998991,,espresso-003-ocr-00111,"{""frame_id"":""frame_000020"",""ocr_version"":""PP-OCRv5"",""polygon"":[[1202.0,686.0],[1225.0,686.0],[1225.0,698.0],[1202.0,698.0]]}"
espresso-003-ocr-00112,espresso-003,frame_text,100.000,100.000,TECENI,data_video/processed/espresso-003/clips/espresso-003-scene-0001.mp4,data_video/keyframes/espresso-003/frame_000020.jpg,02f11c27554694f09d275df37d7b26e7d9eb7424f97cb07a9cff901c5491efc3,de,0.855081,,espresso-003-ocr-00112,"{""frame_id"":""frame_000020"",""ocr_version"":""PP-OCRv5"",""polygon"":[[800.0,710.0],[862.0,710.0],[862.0,724.0],[800.0,724.0]]}"
espresso-003-ocr-00113,espresso-003,frame_text,100.000,100.000,VORM,data_video/processed/espresso-003/clips/espresso-003-scene-0001.mp4,data_video/keyframes/espresso-003/frame_000020.jpg,02f11c27554694f09d275df37d7b26e7d9eb7424f97cb07a9cff901c5491efc3,de,0.989203,,espresso-003-ocr-00113,"{""frame_id"":""frame_000020"",""ocr_version"":""PP-OCRv5"",""polygon"":[[802.0,716.0],[855.0,719.0],[855.0,733.0],[802.0,730.0]]}"
espresso-003-ocr-00114,espresso-003,frame_text,100.000,100.000,KALK,data_video/processed/espresso-003/clips/espresso-003-scene-0001.mp4,data_video/keyframes/espresso-003/frame_000020.jpg,02f11c27554694f09d275df37d7b26e7d9eb7424f97cb07a9cff901c5491efc3,de,0.999230,,espresso-003-ocr-00114,"{""frame_id"":""frame_000020"",""ocr_version"":""PP-OCRv5"",""polygon"":[[1067.0,902.0],[1104.0,902.0],[1104.0,920.0],[1067.0,920.0]]}"
espresso-003-ocr-00115,espresso-003,frame_text,100.000,100.000,MOCCAMASTER,data_video/processed/espresso-003/clips/espresso-003-scene-0001.mp4,data_video/keyframes/espresso-003/frame_000020.jpg,02f11c27554694f09d275df37d7b26e7d9eb7424f97cb07a9cff901c5491efc3,de,0.999480,,espresso-003-ocr-00115,"{""frame_id"":""frame_000020"",""ocr_version"":""PP-OCRv5"",""polygon"":[[1166.0,902.0],[1401.0,913.0],[1400.0,933.0],[1165.0,923.0]]}"
espresso-003-ocr-00116,espresso-003,frame_text,105.000,105.000,ATROVED,data_video/processed/espresso-003/clips/espresso-003-scene-0001.mp4,data_video/keyframes/espresso-003/frame_000021.jpg,02f11c27554694f09d275df37d7b26e7d9eb7424f97cb07a9cff901c5491efc3,de,0.907794,,espresso-003-ocr-00116,"{""frame_id"":""frame_000021"",""ocr_version"":""PP-OCRv5"",""polygon"":[[783.0,447.0],[826.0,447.0],[826.0,458.0],[783.0,458.0]]}"
espresso-003-ocr-00117,espresso-003,frame_text,105.000,105.000,TECENI,data_video/processed/espresso-003/clips/espresso-003-scene-0001.mp4,data_video/keyframes/espresso-003/frame_000021.jpg,02f11c27554694f09d275df37d7b26e7d9eb7424f97cb07a9cff901c5491efc3,de,0.851275,,espresso-003-ocr-00117,"{""frame_id"":""frame_000021"",""ocr_version"":""PP-OCRv5"",""polygon"":[[770.0,725.0],[835.0,728.0],[835.0,742.0],[770.0,739.0]]}"
espresso-003-ocr-00118,espresso-003,frame_text,105.000,105.000,VORM,data_video/processed/espresso-003/clips/espresso-003-scene-0001.mp4,data_video/keyframes/espresso-003/frame_000021.jpg,02f11c27554694f09d275df37d7b26e7d9eb7424f97cb07a9cff901c5491efc3,de,0.993741,,espresso-003-ocr-00118,"{""frame_id"":""frame_000021"",""ocr_version"":""PP-OCRv5"",""polygon"":[[775.0,735.0],[826.0,738.0],[826.0,752.0],[775.0,749.0]]}"
espresso-003-ocr-00119,espresso-003,frame_text,105.000,105.000,KALK,data_video/processed/espresso-003/clips/espresso-003-scene-0001.mp4,data_video/keyframes/espresso-003/frame_000021.jpg,02f11c27554694f09d275df37d7b26e7d9eb7424f97cb07a9cff901c5491efc3,de,0.999255,,espresso-003-ocr-00119,"{""frame_id"":""frame_000021"",""ocr_version"":""PP-OCRv5"",""polygon"":[[1040.0,921.0],[1074.0,923.0],[1073.0,938.0],[1039.0,936.0]]}"
espresso-003-ocr-00120,espresso-003,frame_text,105.000,105.000,MOCCAMASTER,data_video/processed/espresso-003/clips/espresso-003-scene-0001.mp4,data_video/keyframes/espresso-003/frame_000021.jpg,02f11c27554694f09d275df37d7b26e7d9eb7424f97cb07a9cff901c5491efc3,de,0.999372,,espresso-003-ocr-00120,"{""frame_id"":""frame_000021"",""ocr_version"":""PP-OCRv5"",""polygon"":[[1136.0,923.0],[1370.0,933.0],[1369.0,953.0],[1135.0,943.0]]}"
espresso-003-ocr-00121,espresso-003,frame_text,110.000,110.000,APPROVED,data_video/processed/espresso-003/clips/espresso-003-scene-0001.mp4,data_video/keyframes/espresso-003/frame_000022.jpg,02f11c27554694f09d275df37d7b26e7d9eb7424f97cb07a9cff901c5491efc3,de,0.922167,,espresso-003-ocr-00121,"{""frame_id"":""frame_000022"",""ocr_version"":""PP-OCRv5"",""polygon"":[[769.0,486.0],[813.0,483.0],[814.0,498.0],[770.0,501.0]]}"
espresso-003-ocr-00122,espresso-003,frame_text,110.000,110.000,TECEENI,data_video/processed/espresso-003/clips/espresso-003-scene-0001.mp4,data_video/keyframes/espresso-003/frame_000022.jpg,02f11c27554694f09d275df37d7b26e7d9eb7424f97cb07a9cff901c5491efc3,de,0.593177,,espresso-003-ocr-00122,"{""frame_id"":""frame_000022"",""ocr_version"":""PP-OCRv5"",""polygon"":[[772.0,768.0],[831.0,764.0],[832.0,778.0],[773.0,781.0]]}"
espresso-003-ocr-00123,espresso-003,frame_text,110.000,110.000,VORM,data_video/processed/espresso-003/clips/espresso-003-scene-0001.mp4,data_video/keyframes/espresso-003/frame_000022.jpg,02f11c27554694f09d275df37d7b26e7d9eb7424f97cb07a9cff901c5491efc3,de,0.963791,,espresso-003-ocr-00123,"{""frame_id"":""frame_000022"",""ocr_version"":""PP-OCRv5"",""polygon"":[[774.0,775.0],[826.0,775.0],[826.0,789.0],[774.0,789.0]]}"
espresso-003-ocr-00124,espresso-003,frame_text,110.000,110.000,KALK,data_video/processed/espresso-003/clips/espresso-003-scene-0001.mp4,data_video/keyframes/espresso-003/frame_000022.jpg,02f11c27554694f09d275df37d7b26e7d9eb7424f97cb07a9cff901c5491efc3,de,0.985602,,espresso-003-ocr-00124,"{""frame_id"":""frame_000022"",""ocr_version"":""PP-OCRv5"",""polygon"":[[1043.0,951.0],[1076.0,951.0],[1076.0,966.0],[1043.0,966.0]]}"
espresso-003-ocr-00125,espresso-003,frame_text,110.000,110.000,MOCCAMASTER,data_video/processed/espresso-003/clips/espresso-003-scene-0001.mp4,data_video/keyframes/espresso-003/frame_000022.jpg,02f11c27554694f09d275df37d7b26e7d9eb7424f97cb07a9cff901c5491efc3,de,0.999490,,espresso-003-ocr-00125,"{""frame_id"":""frame_000022"",""ocr_version"":""PP-OCRv5"",""polygon"":[[1140.0,950.0],[1371.0,950.0],[1371.0,967.0],[1140.0,967.0]]}"
espresso-003-ocr-00126,espresso-003,frame_text,115.000,115.000,APTROVED,data_video/processed/espresso-003/clips/espresso-003-scene-0001.mp4,data_video/keyframes/espresso-003/frame_000023.jpg,02f11c27554694f09d275df37d7b26e7d9eb7424f97cb07a9cff901c5491efc3,de,0.947516,,espresso-003-ocr-00126,"{""frame_id"":""frame_000023"",""ocr_version"":""PP-OCRv5"",""polygon"":[[666.0,435.0],[711.0,435.0],[711.0,449.0],[666.0,449.0]]}"
espresso-003-ocr-00127,espresso-003,frame_text,115.000,115.000,TEOENT,data_video/processed/espresso-003/clips/espresso-003-scene-0001.mp4,data_video/keyframes/espresso-003/frame_000023.jpg,02f11c27554694f09d275df37d7b26e7d9eb7424f97cb07a9cff901c5491efc3,de,0.786414,,espresso-003-ocr-00127,"{""frame_id"":""frame_000023"",""ocr_version"":""PP-OCRv5"",""polygon"":[[659.0,721.0],[722.0,721.0],[722.0,732.0],[659.0,732.0]]}"
espresso-003-ocr-00128,espresso-003,frame_text,115.000,115.000,VORM,data_video/processed/espresso-003/clips/espresso-003-scene-0001.mp4,data_video/keyframes/espresso-003/frame_000023.jpg,02f11c27554694f09d275df37d7b26e7d9eb7424f97cb07a9cff901c5491efc3,de,0.980561,,espresso-003-ocr-00128,"{""frame_id"":""frame_000023"",""ocr_version"":""PP-OCRv5"",""polygon"":[[664.0,729.0],[714.0,729.0],[714.0,742.0],[664.0,742.0]]}"
espresso-003-ocr-00129,espresso-003,frame_text,115.000,115.000,KALK,data_video/processed/espresso-003/clips/espresso-003-scene-0001.mp4,data_video/keyframes/espresso-003/frame_000023.jpg,02f11c27554694f09d275df37d7b26e7d9eb7424f97cb07a9cff901c5491efc3,de,0.995870,,espresso-003-ocr-00129,"{""frame_id"":""frame_000023"",""ocr_version"":""PP-OCRv5"",""polygon"":[[929.0,907.0],[963.0,910.0],[962.0,924.0],[928.0,922.0]]}"
espresso-003-ocr-00130,espresso-003,frame_text,115.000,115.000,MOCCAMASTER,data_video/processed/espresso-003/clips/espresso-003-scene-0001.mp4,data_video/keyframes/espresso-003/frame_000023.jpg,02f11c27554694f09d275df37d7b26e7d9eb7424f97cb07a9cff901c5491efc3,de,0.974019,,espresso-003-ocr-00130,"{""frame_id"":""frame_000023"",""ocr_version"":""PP-OCRv5"",""polygon"":[[1024.0,905.0],[1255.0,910.0],[1255.0,931.0],[1024.0,926.0]]}"
espresso-003-ocr-00131,espresso-003,frame_text,120.000,120.000,APPROVED,data_video/processed/espresso-003/clips/espresso-003-scene-0001.mp4,data_video/keyframes/espresso-003/frame_000024.jpg,02f11c27554694f09d275df37d7b26e7d9eb7424f97cb07a9cff901c5491efc3,de,0.920793,,espresso-003-ocr-00131,"{""frame_id"":""frame_000024"",""ocr_version"":""PP-OCRv5"",""polygon"":[[594.0,459.0],[640.0,459.0],[640.0,472.0],[594.0,472.0]]}"
espresso-003-ocr-00132,espresso-003,frame_text,120.000,120.000,TEOENT,data_video/processed/espresso-003/clips/espresso-003-scene-0001.mp4,data_video/keyframes/espresso-003/frame_000024.jpg,02f11c27554694f09d275df37d7b26e7d9eb7424f97cb07a9cff901c5491efc3,de,0.847483,,espresso-003-ocr-00132,"{""frame_id"":""frame_000024"",""ocr_version"":""PP-OCRv5"",""polygon"":[[579.0,747.0],[644.0,747.0],[644.0,761.0],[579.0,761.0]]}"
espresso-003-ocr-00133,espresso-003,frame_text,120.000,120.000,VORM,data_video/processed/espresso-003/clips/espresso-003-scene-0001.mp4,data_video/keyframes/espresso-003/frame_000024.jpg,02f11c27554694f09d275df37d7b26e7d9eb7424f97cb07a9cff901c5491efc3,de,0.994877,,espresso-003-ocr-00133,"{""frame_id"":""frame_000024"",""ocr_version"":""PP-OCRv5"",""polygon"":[[583.0,755.0],[636.0,758.0],[636.0,771.0],[583.0,769.0]]}"
espresso-003-ocr-00134,espresso-003,frame_text,120.000,120.000,KALK,data_video/processed/espresso-003/clips/espresso-003-scene-0001.mp4,data_video/keyframes/espresso-003/frame_000024.jpg,02f11c27554694f09d275df37d7b26e7d9eb7424f97cb07a9cff901c5491efc3,de,0.999615,,espresso-003-ocr-00134,"{""frame_id"":""frame_000024"",""ocr_version"":""PP-OCRv5"",""polygon"":[[848.0,944.0],[882.0,944.0],[882.0,959.0],[848.0,959.0]]}"
espresso-003-ocr-00135,espresso-003,frame_text,120.000,120.000,MOCCAMASTER,data_video/processed/espresso-003/clips/espresso-003-scene-0001.mp4,data_video/keyframes/espresso-003/frame_000024.jpg,02f11c27554694f09d275df37d7b26e7d9eb7424f97cb07a9cff901c5491efc3,de,0.999509,,espresso-003-ocr-00135,"{""frame_id"":""frame_000024"",""ocr_version"":""PP-OCRv5"",""polygon"":[[945.0,943.0],[1176.0,952.0],[1175.0,973.0],[944.0,964.0]]}"
espresso-003-ocr-00136,espresso-003,frame_text,125.000,125.000,APROVED,data_video/processed/espresso-003/clips/espresso-003-scene-0001.mp4,data_video/keyframes/espresso-003/frame_000025.jpg,02f11c27554694f09d275df37d7b26e7d9eb7424f97cb07a9cff901c5491efc3,de,0.960574,,espresso-003-ocr-00136,"{""frame_id"":""frame_000025"",""ocr_version"":""PP-OCRv5"",""polygon"":[[551.0,442.0],[598.0,442.0],[598.0,456.0],[551.0,456.0]]}"
espresso-003-ocr-00137,espresso-003,frame_text,125.000,125.000,TECHNI,data_video/processed/espresso-003/clips/espresso-003-scene-0001.mp4,data_video/keyframes/espresso-003/frame_000025.jpg,02f11c27554694f09d275df37d7b26e7d9eb7424f97cb07a9cff901c5491efc3,de,0.942992,,espresso-003-ocr-00137,"{""frame_id"":""frame_000025"",""ocr_version"":""PP-OCRv5"",""polygon"":[[539.0,733.0],[606.0,733.0],[606.0,746.0],[539.0,746.0]]}"
espresso-003-ocr-00138,espresso-003,frame_text,125.000,125.000,VORM,data_video/processed/espresso-003/clips/espresso-003-scene-0001.mp4,data_video/keyframes/espresso-003/frame_000025.jpg,02f11c27554694f09d275df37d7b26e7d9eb7424f97cb07a9cff901c5491efc3,de,0.993036,,espresso-003-ocr-00138,"{""frame_id"":""frame_000025"",""ocr_version"":""PP-OCRv5"",""polygon"":[[546.0,740.0],[597.0,743.0],[597.0,757.0],[546.0,754.0]]}"
espresso-003-ocr-00139,espresso-003,frame_text,125.000,125.000,KALK,data_video/processed/espresso-003/clips/espresso-003-scene-0001.mp4,data_video/keyframes/espresso-003/frame_000025.jpg,02f11c27554694f09d275df37d7b26e7d9eb7424f97cb07a9cff901c5491efc3,de,0.999344,,espresso-003-ocr-00139,"{""frame_id"":""frame_000025"",""ocr_version"":""PP-OCRv5"",""polygon"":[[813.0,926.0],[848.0,926.0],[848.0,941.0],[813.0,941.0]]}"
espresso-003-ocr-00140,espresso-003,frame_text,125.000,125.000,MOCCAMASTER,data_video/processed/espresso-003/clips/espresso-003-scene-0001.mp4,data_video/keyframes/espresso-003/frame_000025.jpg,02f11c27554694f09d275df37d7b26e7d9eb7424f97cb07a9cff901c5491efc3,de,0.999624,,espresso-003-ocr-00140,"{""frame_id"":""frame_000025"",""ocr_version"":""PP-OCRv5"",""polygon"":[[909.0,923.0],[1140.0,929.0],[1140.0,950.0],[909.0,944.0]]}"
espresso-003-ocr-00141,espresso-003,frame_text,130.000,130.000,APPROVED,data_video/processed/espresso-003/clips/espresso-003-scene-0001.mp4,data_video/keyframes/espresso-003/frame_000026.jpg,02f11c27554694f09d275df37d7b26e7d9eb7424f97cb07a9cff901c5491efc3,de,0.884513,,espresso-003-ocr-00141,"{""frame_id"":""frame_000026"",""ocr_version"":""PP-OCRv5"",""polygon"":[[596.0,418.0],[641.0,418.0],[641.0,432.0],[596.0,432.0]]}"
espresso-003-ocr-00142,espresso-003,frame_text,130.000,130.000,TECHNI,data_video/processed/espresso-003/clips/espresso-003-scene-0001.mp4,data_video/keyframes/espresso-003/frame_000026.jpg,02f11c27554694f09d275df37d7b26e7d9eb7424f97cb07a9cff901c5491efc3,de,0.785739,,espresso-003-ocr-00142,"{""frame_id"":""frame_000026"",""ocr_version"":""PP-OCRv5"",""polygon"":[[586.0,709.0],[650.0,709.0],[650.0,720.0],[586.0,720.0]]}"
espresso-003-ocr-00143,espresso-003,frame_text,130.000,130.000,VORM,data_video/processed/espresso-003/clips/espresso-003-scene-0001.mp4,data_video/keyframes/espresso-003/frame_000026.jpg,02f11c27554694f09d275df37d7b26e7d9eb7424f97cb07a9cff901c5491efc3,de,0.991272,,espresso-003-ocr-00143,"{""frame_id"":""frame_000026"",""ocr_version"":""PP-OCRv5"",""polygon"":[[590.0,717.0],[642.0,717.0],[642.0,731.0],[590.0,731.0]]}"
espresso-003-ocr-00144,espresso-003,frame_text,130.000,130.000,KALK,data_video/processed/espresso-003/clips/espresso-003-scene-0001.mp4,data_video/keyframes/espresso-003/frame_000026.jpg,02f11c27554694f09d275df37d7b26e7d9eb7424f97cb07a9cff901c5491efc3,de,0.998857,,espresso-003-ocr-00144,"{""frame_id"":""frame_000026"",""ocr_version"":""PP-OCRv5"",""polygon"":[[859.0,899.0],[894.0,899.0],[894.0,914.0],[859.0,914.0]]}"
espresso-003-ocr-00145,espresso-003,frame_text,130.000,130.000,MOCCAMASTER,data_video/processed/espresso-003/clips/espresso-003-scene-0001.mp4,data_video/keyframes/espresso-003/frame_000026.jpg,02f11c27554694f09d275df37d7b26e7d9eb7424f97cb07a9cff901c5491efc3,de,0.999604,,espresso-003-ocr-00145,"{""frame_id"":""frame_000026"",""ocr_version"":""PP-OCRv5"",""polygon"":[[956.0,896.0],[1187.0,900.0],[1187.0,921.0],[956.0,917.0]]}"
espresso-003-ocr-00146,espresso-003,frame_text,135.000,135.000,UTROVED,data_video/processed/espresso-003/clips/espresso-003-scene-0001.mp4,data_video/keyframes/espresso-003/frame_000027.jpg,02f11c27554694f09d275df37d7b26e7d9eb7424f97cb07a9cff901c5491efc3,de,0.924567,,espresso-003-ocr-00146,"{""frame_id"":""frame_000027"",""ocr_version"":""PP-OCRv5"",""polygon"":[[552.0,474.0],[596.0,474.0],[596.0,485.0],[552.0,485.0]]}"
espresso-003-ocr-00147,espresso-003,frame_text,135.000,135.000,TECENT,data_video/processed/espresso-003/clips/espresso-003-scene-0001.mp4,data_video/keyframes/espresso-003/frame_000027.jpg,02f11c27554694f09d275df37d7b26e7d9eb7424f97cb07a9cff901c5491efc3,de,0.888595,,espresso-003-ocr-00147,"{""frame_id"":""frame_000027"",""ocr_version"":""PP-OCRv5"",""polygon"":[[542.0,762.0],[609.0,760.0],[609.0,774.0],[542.0,776.0]]}"
espresso-003-ocr-00148,espresso-003,frame_text,135.000,135.000,VORM,data_video/processed/espresso-003/clips/espresso-003-scene-0001.mp4,data_video/keyframes/espresso-003/frame_000027.jpg,02f11c27554694f09d275df37d7b26e7d9eb7424f97cb07a9cff901c5491efc3,de,0.991179,,espresso-003-ocr-00148,"{""frame_id"":""frame_000027"",""ocr_version"":""PP-OCRv5"",""polygon"":[[549.0,772.0],[601.0,772.0],[601.0,786.0],[549.0,786.0]]}"
espresso-003-ocr-00149,espresso-003,frame_text,135.000,135.000,KALK,data_video/processed/espresso-003/clips/espresso-003-scene-0001.mp4,data_video/keyframes/espresso-003/frame_000027.jpg,02f11c27554694f09d275df37d7b26e7d9eb7424f97cb07a9cff901c5491efc3,de,0.918951,,espresso-003-ocr-00149,"{""frame_id"":""frame_000027"",""ocr_version"":""PP-OCRv5"",""polygon"":[[818.0,950.0],[855.0,950.0],[855.0,968.0],[818.0,968.0]]}"
espresso-003-ocr-00150,espresso-003,frame_text,135.000,135.000,MOCCAMASTER,data_video/processed/espresso-003/clips/espresso-003-scene-0001.mp4,data_video/keyframes/espresso-003/frame_000027.jpg,02f11c27554694f09d275df37d7b26e7d9eb7424f97cb07a9cff901c5491efc3,de,0.999637,,espresso-003-ocr-00150,"{""frame_id"":""frame_000027"",""ocr_version"":""PP-OCRv5"",""polygon"":[[917.0,949.0],[1145.0,949.0],[1145.0,969.0],[917.0,969.0]]}"
pressure-001-scene-0001,pressure-001,video_scene,0.000,120.650,,data_video/processed/pressure-001/clips/pressure-001-scene-0001.mp4,data_video/keyframes/pressure-001/frame_000000.jpg,1fb991b801931f1b4ad9922e7f58edea0b3940f4f6364b700817e44d8ded5005,,,,,"{""clip_bytes"":6883322,""clip_sha256"":""e965ee90bfa1722ec02077e9f1f19abcd062c337ec8e2669dffab0479a21d4f3"",""detector"":""ffmpeg_scene_score"",""threshold"":0.32}"
printer-001-scene-0001,printer-001,video_scene,0.000,33.810,,data_video/processed/printer-001/clips/printer-001-scene-0001.mp4,data_video/keyframes/printer-001/frame_000000.jpg,763150ad2fddda905dec386ac2db3e9e4279edf882b2629e623f927009d3dda7,,,,,"{""clip_bytes"":1112945,""clip_sha256"":""e581dce950efdb98bb704cdf114572d02d03c613082f621ee9883fa603836096"",""detector"":""ffmpeg_scene_score"",""threshold"":0.32}"
vacuum-001-scene-0001,vacuum-001,video_scene,0.000,26.510,,data_video/processed/vacuum-001/clips/vacuum-001-scene-0001.mp4,data_video/keyframes/vacuum-001/frame_000000.jpg,4b5708d5a23a322951f76962a871bf0b761ab005619d4df874dec30df85fb244,,,,,"{""clip_bytes"":2436567,""clip_sha256"":""d7b383d0860233e9e1e94d8472a6667e9b99557e68b13922b1b6697e704f600c"",""detector"":""ffmpeg_scene_score"",""threshold"":0.32}"
vacuum-002-scene-0001,vacuum-002,video_scene,0.000,30.940,OCR: BOE,data_video/processed/vacuum-002/clips/vacuum-002-scene-0001.mp4,data_video/keyframes/vacuum-002/frame_000000.jpg,3973dc88640c9bce9abf181d9652107bd4e3a0148a11d6e74c89d47f4940f10a,,0.603368,,vacuum-002-ocr-00001,"{""clip_bytes"":768708,""clip_sha256"":""7e85c5d153b030eb3497e488fa21bbf6e5700a50ea0b45672449d15757040e0f"",""detector"":""ffmpeg_scene_score"",""threshold"":0.32}"
vacuum-002-ocr-00001,vacuum-002,frame_text,15.000,15.000,BOE,data_video/processed/vacuum-002/clips/vacuum-002-scene-0001.mp4,data_video/keyframes/vacuum-002/frame_000003.jpg,3973dc88640c9bce9abf181d9652107bd4e3a0148a11d6e74c89d47f4940f10a,de,0.603368,,vacuum-002-ocr-00001,"{""frame_id"":""frame_000003"",""ocr_version"":""PP-OCRv5"",""polygon"":[[105.0,308.0],[115.0,306.0],[121.0,332.0],[110.0,334.0]]}"
washing-001-scene-0001,washing-001,video_scene,0.000,15.780,OCR: DR NOR PUSH SUOS LEVEL SUDS LEVEL PEN DOOR UN TE RACHNE FOTIS DIO ND EN SUDS LEVE,data_video/processed/washing-001/clips/washing-001-scene-0001.mp4,data_video/keyframes/washing-001/frame_000000.jpg,821d29e952ea63170d1d645e6c7390aee3d887bb4817e8135ebb2e1946d9468c,,0.868329,,washing-001-ocr-00001|washing-001-ocr-00002|washing-001-ocr-00003|washing-001-ocr-00004|washing-001-ocr-00005|washing-001-ocr-00006|washing-001-ocr-00007|washing-001-ocr-00008|washing-001-ocr-00009|washing-001-ocr-00010|washing-001-ocr-00011|washing-001-ocr-00012|washing-001-ocr-00013|washing-001-ocr-00014,"{""clip_bytes"":894897,""clip_sha256"":""1a98edb5e690a60014da5be6bb6324e24240598aa239f9289b4d223254b0dedf"",""detector"":""ffmpeg_scene_score"",""threshold"":0.32}"
washing-001-ocr-00001,washing-001,frame_text,0.000,0.000,DR,data_video/processed/washing-001/clips/washing-001-scene-0001.mp4,data_video/keyframes/washing-001/frame_000000.jpg,821d29e952ea63170d1d645e6c7390aee3d887bb4817e8135ebb2e1946d9468c,de,0.872286,,washing-001-ocr-00001,"{""frame_id"":""frame_000000"",""ocr_version"":""PP-OCRv5"",""polygon"":[[0.0,118.0],[14.0,118.0],[14.0,132.0],[0.0,132.0]]}"
washing-001-ocr-00002,washing-001,frame_text,0.000,0.000,NOR,data_video/processed/washing-001/clips/washing-001-scene-0001.mp4,data_video/keyframes/washing-001/frame_000000.jpg,821d29e952ea63170d1d645e6c7390aee3d887bb4817e8135ebb2e1946d9468c,de,0.833837,,washing-001-ocr-00002,"{""frame_id"":""frame_000000"",""ocr_version"":""PP-OCRv5"",""polygon"":[[636.0,264.0],[664.0,264.0],[664.0,284.0],[636.0,284.0]]}"
washing-001-ocr-00003,washing-001,frame_text,0.000,0.000,PUSH,data_video/processed/washing-001/clips/washing-001-scene-0001.mp4,data_video/keyframes/washing-001/frame_000000.jpg,821d29e952ea63170d1d645e6c7390aee3d887bb4817e8135ebb2e1946d9468c,de,0.998167,,washing-001-ocr-00003,"{""frame_id"":""frame_000000"",""ocr_version"":""PP-OCRv5"",""polygon"":[[758.0,274.0],[779.0,274.0],[779.0,281.0],[758.0,281.0]]}"
washing-001-ocr-00004,washing-001,frame_text,0.000,0.000,SUOS LEVEL,data_video/processed/washing-001/clips/washing-001-scene-0001.mp4,data_video/keyframes/washing-001/frame_000000.jpg,821d29e952ea63170d1d645e6c7390aee3d887bb4817e8135ebb2e1946d9468c,de,0.970916,,washing-001-ocr-00004,"{""frame_id"":""frame_000000"",""ocr_version"":""PP-OCRv5"",""polygon"":[[615.0,300.0],[656.0,298.0],[657.0,308.0],[615.0,310.0]]}"
washing-001-ocr-00005,washing-001,frame_text,0.000,0.000,SUDS LEVEL,data_video/processed/washing-001/clips/washing-001-scene-0001.mp4,data_video/keyframes/washing-001/frame_000000.jpg,821d29e952ea63170d1d645e6c7390aee3d887bb4817e8135ebb2e1946d9468c,de,0.995279,,washing-001-ocr-00005,"{""frame_id"":""frame_000000"",""ocr_version"":""PP-OCRv5"",""polygon"":[[207.0,310.0],[253.0,308.0],[253.0,318.0],[208.0,320.0]]}"
washing-001-ocr-00006,washing-001,frame_text,0.000,0.000,PEN DOOR UN TE RACHNE,data_video/processed/washing-001/clips/washing-001-scene-0001.mp4,data_video/keyframes/washing-001/frame_000000.jpg,821d29e952ea63170d1d645e6c7390aee3d887bb4817e8135ebb2e1946d9468c,de,0.503486,,washing-001-ocr-00006,"{""frame_id"":""frame_000000"",""ocr_version"":""PP-OCRv5"",""polygon"":[[210.0,324.0],[276.0,321.0],[277.0,335.0],[211.0,338.0]]}"
washing-001-ocr-00007,washing-001,frame_text,5.000,5.000,FOTIS,data_video/processed/washing-001/clips/washing-001-scene-0001.mp4,data_video/keyframes/washing-001/frame_000001.jpg,821d29e952ea63170d1d645e6c7390aee3d887bb4817e8135ebb2e1946d9468c,de,0.686841,,washing-001-ocr-00007,"{""frame_id"":""frame_000001"",""ocr_version"":""PP-OCRv5"",""polygon"":[[454.0,112.0],[511.0,112.0],[511.0,130.0],[454.0,130.0]]}"
washing-001-ocr-00008,washing-001,frame_text,5.000,5.000,PUSH,data_video/processed/washing-001/clips/washing-001-scene-0001.mp4,data_video/keyframes/washing-001/frame_000001.jpg,821d29e952ea63170d1d645e6c7390aee3d887bb4817e8135ebb2e1946d9468c,de,0.989552,,washing-001-ocr-00008,"{""frame_id"":""frame_000001"",""ocr_version"":""PP-OCRv5"",""polygon"":[[757.0,272.0],[779.0,272.0],[779.0,280.0],[757.0,280.0]]}"
washing-001-ocr-00009,washing-001,frame_text,5.000,5.000,SUOS LEVEL,data_video/processed/washing-001/clips/washing-001-scene-0001.mp4,data_video/keyframes/washing-001/frame_000001.jpg,821d29e952ea63170d1d645e6c7390aee3d887bb4817e8135ebb2e1946d9468c,de,0.927916,,washing-001-ocr-00009,"{""frame_id"":""frame_000001"",""ocr_version"":""PP-OCRv5"",""polygon"":[[616.0,297.0],[656.0,295.0],[657.0,306.0],[616.0,308.0]]}"
washing-001-ocr-00010,washing-001,frame_text,5.000,5.000,DIO ND EN,data_video/processed/washing-001/clips/washing-001-scene-0001.mp4,data_video/keyframes/washing-001/frame_000001.jpg,821d29e952ea63170d1d645e6c7390aee3d887bb4817e8135ebb2e1946d9468c,de,0.580039,,washing-001-ocr-00010,"{""frame_id"":""frame_000001"",""ocr_version"":""PP-OCRv5"",""polygon"":[[181.0,323.0],[227.0,320.0],[228.0,335.0],[182.0,338.0]]}"
washing-001-ocr-00011,washing-001,frame_text,10.000,10.000,DR,data_video/processed/washing-001/clips/washing-001-scene-0001.mp4,data_video/keyframes/washing-001/frame_000002.jpg,821d29e952ea63170d1d645e6c7390aee3d887bb4817e8135ebb2e1946d9468c,de,0.857506,,washing-001-ocr-00011,"{""frame_id"":""frame_000002"",""ocr_version"":""PP-OCRv5"",""polygon"":[[0.0,118.0],[14.0,118.0],[14.0,130.0],[0.0,130.0]]}"
washing-001-ocr-00012,washing-001,frame_text,10.000,10.000,PUSH,data_video/processed/washing-001/clips/washing-001-scene-0001.mp4,data_video/keyframes/washing-001/frame_000002.jpg,821d29e952ea63170d1d645e6c7390aee3d887bb4817e8135ebb2e1946d9468c,de,0.995488,,washing-001-ocr-00012,"{""frame_id"":""frame_000002"",""ocr_version"":""PP-OCRv5"",""polygon"":[[757.0,274.0],[777.0,272.0],[778.0,280.0],[758.0,282.0]]}"
washing-001-ocr-00013,washing-001,frame_text,10.000,10.000,SUDS LEVE,data_video/processed/washing-001/clips/washing-001-scene-0001.mp4,data_video/keyframes/washing-001/frame_000002.jpg,821d29e952ea63170d1d645e6c7390aee3d887bb4817e8135ebb2e1946d9468c,de,0.962419,,washing-001-ocr-00013,"{""frame_id"":""frame_000002"",""ocr_version"":""PP-OCRv5"",""polygon"":[[617.0,299.0],[655.0,299.0],[655.0,309.0],[617.0,309.0]]}"
washing-001-ocr-00014,washing-001,frame_text,10.000,10.000,SUDS LEVEL,data_video/processed/washing-001/clips/washing-001-scene-0001.mp4,data_video/keyframes/washing-001/frame_000002.jpg,821d29e952ea63170d1d645e6c7390aee3d887bb4817e8135ebb2e1946d9468c,de,0.982873,,washing-001-ocr-00014,"{""frame_id"":""frame_000002"",""ocr_version"":""PP-OCRv5"",""polygon"":[[206.0,310.0],[252.0,308.0],[252.0,318.0],[207.0,320.0]]}"
washing-002-scene-0001,washing-002,video_scene,0.000,23.610,OCR: OR beko,data_video/processed/washing-002/clips/washing-002-scene-0001.mp4,data_video/keyframes/washing-002/frame_000000.jpg,cf060289b3fbfd4a3ce824797ad7ae80ead4f2bab43ce2d93d60d2c7a7768ffd,,0.706366,,washing-002-ocr-00001|washing-002-ocr-00002,"{""clip_bytes"":13836037,""clip_sha256"":""c5bb6ad172d833198ed92696c2379b44bd07418539971f34cc12e7043e88bf4a"",""detector"":""ffmpeg_scene_score"",""threshold"":0.32}"
washing-002-ocr-00001,washing-002,frame_text,5.000,5.000,OR,data_video/processed/washing-002/clips/washing-002-scene-0001.mp4,data_video/keyframes/washing-002/frame_000001.jpg,cf060289b3fbfd4a3ce824797ad7ae80ead4f2bab43ce2d93d60d2c7a7768ffd,de,0.504307,,washing-002-ocr-00001,"{""frame_id"":""frame_000001"",""ocr_version"":""PP-OCRv5"",""polygon"":[[782.0,266.0],[1153.0,232.0],[1167.0,386.0],[796.0,420.0]]}"
washing-002-ocr-00002,washing-002,frame_text,5.000,5.000,beko,data_video/processed/washing-002/clips/washing-002-scene-0001.mp4,data_video/keyframes/washing-002/frame_000001.jpg,cf060289b3fbfd4a3ce824797ad7ae80ead4f2bab43ce2d93d60d2c7a7768ffd,de,0.908426,,washing-002-ocr-00002,"{""frame_id"":""frame_000001"",""ocr_version"":""PP-OCRv5"",""polygon"":[[534.0,294.0],[597.0,290.0],[600.0,323.0],[537.0,327.0]]}"
washing-003-scene-0001,washing-003,video_scene,0.000,26.940,OCR: AEG Wäschen kurze Zelt! Nur für 100 NOO kurze Zelt 00 kurze Zeit! MOO kurze Zeltl 100 Wäschen kurze Zeit Wur f Wäscher kurze Zeiti,data_video/processed/washing-003/clips/washing-003-scene-0001.mp4,data_video/keyframes/washing-003/frame_000000.jpg,cd015c23369406a214cddc0248be1dcdb188c4a71b38958cfd642ba9bc9a4580,,0.942571,,washing-003-ocr-00001|washing-003-ocr-00002|washing-003-ocr-00003|washing-003-ocr-00004|washing-003-ocr-00005|washing-003-ocr-00006|washing-003-ocr-00007|washing-003-ocr-00008|washing-003-ocr-00009|washing-003-ocr-00010|washing-003-ocr-00011|washing-003-ocr-00012|washing-003-ocr-00013|washing-003-ocr-00014|washing-003-ocr-00015|washing-003-ocr-00016|washing-003-ocr-00017|washing-003-ocr-00018|washing-003-ocr-00019|washing-003-ocr-00020|washing-003-ocr-00021|washing-003-ocr-00022|washing-003-ocr-00023|washing-003-ocr-00024|washing-003-ocr-00025|washing-003-ocr-00026|washing-003-ocr-00027|washing-003-ocr-00028|washing-003-ocr-00029|washing-003-ocr-00030|washing-003-ocr-00031|washing-003-ocr-00032|washing-003-ocr-00033,"{""clip_bytes"":2455591,""clip_sha256"":""905b6a65526c1af87d0f98bf06398c56d5c63bc47b68087efac21b903ffdf852"",""detector"":""ffmpeg_scene_score"",""threshold"":0.32}"
washing-003-ocr-00001,washing-003,frame_text,0.000,0.000,AEG,data_video/processed/washing-003/clips/washing-003-scene-0001.mp4,data_video/keyframes/washing-003/frame_000000.jpg,cd015c23369406a214cddc0248be1dcdb188c4a71b38958cfd642ba9bc9a4580,de,0.999799,,washing-003-ocr-00001,"{""frame_id"":""frame_000000"",""ocr_version"":""PP-OCRv5"",""polygon"":[[221.0,45.0],[243.0,45.0],[243.0,57.0],[221.0,57.0]]}"
washing-003-ocr-00002,washing-003,frame_text,0.000,0.000,Wäschen,data_video/processed/washing-003/clips/washing-003-scene-0001.mp4,data_video/keyframes/washing-003/frame_000000.jpg,cd015c23369406a214cddc0248be1dcdb188c4a71b38958cfd642ba9bc9a4580,de,0.999567,,washing-003-ocr-00002,"{""frame_id"":""frame_000000"",""ocr_version"":""PP-OCRv5"",""polygon"":[[690.0,295.0],[711.0,297.0],[705.0,363.0],[684.0,361.0]]}"
washing-003-ocr-00003,washing-003,frame_text,0.000,0.000,kurze Zelt!,data_video/processed/washing-003/clips/washing-003-scene-0001.mp4,data_video/keyframes/washing-003/frame_000000.jpg,cd015c23369406a214cddc0248be1dcdb188c4a71b38958cfd642ba9bc9a4580,de,0.884565,,washing-003-ocr-00003,"{""frame_id"":""frame_000000"",""ocr_version"":""PP-OCRv5"",""polygon"":[[684.0,359.0],[698.0,360.0],[696.0,397.0],[682.0,396.0]]}"
washing-003-ocr-00004,washing-003,frame_text,0.000,0.000,Nur für,data_video/processed/washing-003/clips/washing-003-scene-0001.mp4,data_video/keyframes/washing-003/frame_000000.jpg,cd015c23369406a214cddc0248be1dcdb188c4a71b38958cfd642ba9bc9a4580,de,0.987670,,washing-003-ocr-00004,"{""frame_id"":""frame_000000"",""ocr_version"":""PP-OCRv5"",""polygon"":[[697.0,363.0],[708.0,363.0],[708.0,386.0],[697.0,386.0]]}"
washing-003-ocr-00005,washing-003,frame_text,0.000,0.000,100,data_video/processed/washing-003/clips/washing-003-scene-0001.mp4,data_video/keyframes/washing-003/frame_000000.jpg,cd015c23369406a214cddc0248be1dcdb188c4a71b38958cfd642ba9bc9a4580,de,0.994370,,washing-003-ocr-00005,"{""frame_id"":""frame_000000"",""ocr_version"":""PP-OCRv5"",""polygon"":[[620.0,386.0],[652.0,394.0],[647.0,413.0],[615.0,405.0]]}"
washing-003-ocr-00006,washing-003,frame_text,0.000,0.000,Wäschen,data_video/processed/washing-003/clips/washing-003-scene-0001.mp4,data_video/keyframes/washing-003/frame_000000.jpg,cd015c23369406a214cddc0248be1dcdb188c4a71b38958cfd642ba9bc9a4580,de,0.998934,,washing-003-ocr-00006,"{""frame_id"":""frame_000000"",""ocr_version"":""PP-OCRv5"",""polygon"":[[655.0,399.0],[708.0,410.0],[705.0,424.0],[652.0,413.0]]}"
washing-003-ocr-00007,washing-003,frame_text,5.000,5.000,AEG,data_video/processed/washing-003/clips/washing-003-scene-0001.mp4,data_video/keyframes/washing-003/frame_000001.jpg,cd015c23369406a214cddc0248be1dcdb188c4a71b38958cfd642ba9bc9a4580,de,0.979347,,washing-003-ocr-00007,"{""frame_id"":""frame_000001"",""ocr_version"":""PP-OCRv5"",""polygon"":[[218.0,0.0],[238.0,0.0],[238.0,8.0],[218.0,8.0]]}"
washing-003-ocr-00008,washing-003,frame_text,5.000,5.000,NOO,data_video/processed/washing-003/clips/washing-003-scene-0001.mp4,data_video/keyframes/washing-003/frame_000001.jpg,cd015c23369406a214cddc0248be1dcdb188c4a71b38958cfd642ba9bc9a4580,de,0.782139,,washing-003-ocr-00008,"{""frame_id"":""frame_000001"",""ocr_version"":""PP-OCRv5"",""polygon"":[[530.0,25.0],[550.0,25.0],[550.0,36.0],[530.0,36.0]]}"
washing-003-ocr-00009,washing-003,frame_text,5.000,5.000,Wäschen,data_video/processed/washing-003/clips/washing-003-scene-0001.mp4,data_video/keyframes/washing-003/frame_000001.jpg,cd015c23369406a214cddc0248be1dcdb188c4a71b38958cfd642ba9bc9a4580,de,0.999056,,washing-003-ocr-00009,"{""frame_id"":""frame_000001"",""ocr_version"":""PP-OCRv5"",""polygon"":[[690.0,275.0],[712.0,278.0],[706.0,339.0],[684.0,337.0]]}"
washing-003-ocr-00010,washing-003,frame_text,5.000,5.000,kurze Zelt,data_video/processed/washing-003/clips/washing-003-scene-0001.mp4,data_video/keyframes/washing-003/frame_000001.jpg,cd015c23369406a214cddc0248be1dcdb188c4a71b38958cfd642ba9bc9a4580,de,0.931873,,washing-003-ocr-00010,"{""frame_id"":""frame_000001"",""ocr_version"":""PP-OCRv5"",""polygon"":[[685.0,330.0],[698.0,331.0],[695.0,369.0],[682.0,368.0]]}"
washing-003-ocr-00011,washing-003,frame_text,5.000,5.000,00,data_video/processed/washing-003/clips/washing-003-scene-0001.mp4,data_video/keyframes/washing-003/frame_000001.jpg,cd015c23369406a214cddc0248be1dcdb188c4a71b38958cfd642ba9bc9a4580,de,0.970698,,washing-003-ocr-00011,"{""frame_id"":""frame_000001"",""ocr_version"":""PP-OCRv5"",""polygon"":[[622.0,360.0],[652.0,366.0],[647.0,387.0],[618.0,381.0]]}"
washing-003-ocr-00012,washing-003,frame_text,5.000,5.000,Wäschen,data_video/processed/washing-003/clips/washing-003-scene-0001.mp4,data_video/keyframes/washing-003/frame_000001.jpg,cd015c23369406a214cddc0248be1dcdb188c4a71b38958cfd642ba9bc9a4580,de,0.996945,,washing-003-ocr-00012,"{""frame_id"":""frame_000001"",""ocr_version"":""PP-OCRv5"",""polygon"":[[655.0,373.0],[707.0,384.0],[704.0,398.0],[652.0,387.0]]}"
washing-003-ocr-00013,washing-003,frame_text,5.000,5.000,kurze Zeit!,data_video/processed/washing-003/clips/washing-003-scene-0001.mp4,data_video/keyframes/washing-003/frame_000001.jpg,cd015c23369406a214cddc0248be1dcdb188c4a71b38958cfd642ba9bc9a4580,de,0.921613,,washing-003-ocr-00013,"{""frame_id"":""frame_000001"",""ocr_version"":""PP-OCRv5"",""polygon"":[[645.0,396.0],[700.0,408.0],[697.0,419.0],[643.0,407.0]]}"
washing-003-ocr-00014,washing-003,frame_text,10.000,10.000,AEG,data_video/processed/washing-003/clips/washing-003-scene-0001.mp4,data_video/keyframes/washing-003/frame_000002.jpg,cd015c23369406a214cddc0248be1dcdb188c4a71b38958cfd642ba9bc9a4580,de,0.999803,,washing-003-ocr-00014,"{""frame_id"":""frame_000002"",""ocr_version"":""PP-OCRv5"",""polygon"":[[213.0,40.0],[236.0,40.0],[236.0,55.0],[213.0,55.0]]}"
washing-003-ocr-00015,washing-003,frame_text,10.000,10.000,MOO,data_video/processed/washing-003/clips/washing-003-scene-0001.mp4,data_video/keyframes/washing-003/frame_000002.jpg,cd015c23369406a214cddc0248be1dcdb188c4a71b38958cfd642ba9bc9a4580,de,0.673776,,washing-003-ocr-00015,"{""frame_id"":""frame_000002"",""ocr_version"":""PP-OCRv5"",""polygon"":[[522.0,63.0],[541.0,63.0],[541.0,74.0],[522.0,74.0]]}"
washing-003-ocr-00016,washing-003,frame_text,10.000,10.000,Wäschen,data_video/processed/washing-003/clips/washing-003-scene-0001.mp4,data_video/keyframes/washing-003/frame_000002.jpg,cd015c23369406a214cddc0248be1dcdb188c4a71b38958cfd642ba9bc9a4580,de,0.999584,,washing-003-ocr-00016,"{""frame_id"":""frame_000002"",""ocr_version"":""PP-OCRv5"",""polygon"":[[691.0,306.0],[712.0,307.0],[708.0,368.0],[688.0,367.0]]}"
washing-003-ocr-00017,washing-003,frame_text,10.000,10.000,kurze Zeltl,data_video/processed/washing-003/clips/washing-003-scene-0001.mp4,data_video/keyframes/washing-003/frame_000002.jpg,cd015c23369406a214cddc0248be1dcdb188c4a71b38958cfd642ba9bc9a4580,de,0.871231,,washing-003-ocr-00017,"{""frame_id"":""frame_000002"",""ocr_version"":""PP-OCRv5"",""polygon"":[[688.0,365.0],[702.0,366.0],[700.0,403.0],[686.0,402.0]]}"
washing-003-ocr-00018,washing-003,frame_text,10.000,10.000,Nur für,data_video/processed/washing-003/clips/washing-003-scene-0001.mp4,data_video/keyframes/washing-003/frame_000002.jpg,cd015c23369406a214cddc0248be1dcdb188c4a71b38958cfd642ba9bc9a4580,de,0.991273,,washing-003-ocr-00018,"{""frame_id"":""frame_000002"",""ocr_version"":""PP-OCRv5"",""polygon"":[[701.0,369.0],[712.0,369.0],[712.0,393.0],[701.0,393.0]]}"
washing-003-ocr-00019,washing-003,frame_text,10.000,10.000,100,data_video/processed/washing-003/clips/washing-003-scene-0001.mp4,data_video/keyframes/washing-003/frame_000002.jpg,cd015c23369406a214cddc0248be1dcdb188c4a71b38958cfd642ba9bc9a4580,de,0.937253,,washing-003-ocr-00019,"{""frame_id"":""frame_000002"",""ocr_version"":""PP-OCRv5"",""polygon"":[[616.0,391.0],[656.0,399.0],[651.0,422.0],[612.0,414.0]]}"
washing-003-ocr-00020,washing-003,frame_text,10.000,10.000,Wäschen,data_video/processed/washing-003/clips/washing-003-scene-0001.mp4,data_video/keyframes/washing-003/frame_000002.jpg,cd015c23369406a214cddc0248be1dcdb188c4a71b38958cfd642ba9bc9a4580,de,0.995809,,washing-003-ocr-00020,"{""frame_id"":""frame_000002"",""ocr_version"":""PP-OCRv5"",""polygon"":[[657.0,407.0],[714.0,419.0],[711.0,433.0],[654.0,421.0]]}"
washing-003-ocr-00021,washing-003,frame_text,15.000,15.000,AEG,data_video/processed/washing-003/clips/washing-003-scene-0001.mp4,data_video/keyframes/washing-003/frame_000003.jpg,cd015c23369406a214cddc0248be1dcdb188c4a71b38958cfd642ba9bc9a4580,de,0.995892,,washing-003-ocr-00021,"{""frame_id"":""frame_000003"",""ocr_version"":""PP-OCRv5"",""polygon"":[[205.0,36.0],[229.0,36.0],[229.0,51.0],[205.0,51.0]]}"
washing-003-ocr-00022,washing-003,frame_text,15.000,15.000,100 Wäschen,data_video/processed/washing-003/clips/washing-003-scene-0001.mp4,data_video/keyframes/washing-003/frame_000003.jpg,cd015c23369406a214cddc0248be1dcdb188c4a71b38958cfd642ba9bc9a4580,de,0.975173,,washing-003-ocr-00022,"{""frame_id"":""frame_000003"",""ocr_version"":""PP-OCRv5"",""polygon"":[[688.0,276.0],[713.0,277.0],[708.0,358.0],[684.0,357.0]]}"
washing-003-ocr-00023,washing-003,frame_text,15.000,15.000,kurze Zeit,data_video/processed/washing-003/clips/washing-003-scene-0001.mp4,data_video/keyframes/washing-003/frame_000003.jpg,cd015c23369406a214cddc0248be1dcdb188c4a71b38958cfd642ba9bc9a4580,de,0.976183,,washing-003-ocr-00023,"{""frame_id"":""frame_000003"",""ocr_version"":""PP-OCRv5"",""polygon"":[[687.0,357.0],[698.0,357.0],[698.0,391.0],[687.0,391.0]]}"
washing-003-ocr-00024,washing-003,frame_text,15.000,15.000,Wur f,data_video/processed/washing-003/clips/washing-003-scene-0001.mp4,data_video/keyframes/washing-003/frame_000003.jpg,cd015c23369406a214cddc0248be1dcdb188c4a71b38958cfd642ba9bc9a4580,de,0.613122,,washing-003-ocr-00024,"{""frame_id"":""frame_000003"",""ocr_version"":""PP-OCRv5"",""polygon"":[[701.0,361.0],[709.0,361.0],[709.0,381.0],[701.0,381.0]]}"
washing-003-ocr-00025,washing-003,frame_text,15.000,15.000,100,data_video/processed/washing-003/clips/washing-003-scene-0001.mp4,data_video/keyframes/washing-003/frame_000003.jpg,cd015c23369406a214cddc0248be1dcdb188c4a71b38958cfd642ba9bc9a4580,de,0.946575,,washing-003-ocr-00025,"{""frame_id"":""frame_000003"",""ocr_version"":""PP-OCRv5"",""polygon"":[[617.0,382.0],[653.0,391.0],[648.0,410.0],[613.0,401.0]]}"
washing-003-ocr-00026,washing-003,frame_text,15.000,15.000,Wäschen,data_video/processed/washing-003/clips/washing-003-scene-0001.mp4,data_video/keyframes/washing-003/frame_000003.jpg,cd015c23369406a214cddc0248be1dcdb188c4a71b38958cfd642ba9bc9a4580,de,0.998559,,washing-003-ocr-00026,"{""frame_id"":""frame_000003"",""ocr_version"":""PP-OCRv5"",""polygon"":[[658.0,397.0],[711.0,407.0],[709.0,421.0],[656.0,411.0]]}"
washing-003-ocr-00027,washing-003,frame_text,15.000,15.000,kurze Zeit!,data_video/processed/washing-003/clips/washing-003-scene-0001.mp4,data_video/keyframes/washing-003/frame_000003.jpg,cd015c23369406a214cddc0248be1dcdb188c4a71b38958cfd642ba9bc9a4580,de,0.929489,,washing-003-ocr-00027,"{""frame_id"":""frame_000003"",""ocr_version"":""PP-OCRv5"",""polygon"":[[650.0,421.0],[706.0,433.0],[704.0,443.0],[648.0,431.0]]}"
washing-003-ocr-00028,washing-003,frame_text,20.000,20.000,AEG,data_video/processed/washing-003/clips/washing-003-scene-0001.mp4,data_video/keyframes/washing-003/frame_000004.jpg,cd015c23369406a214cddc0248be1dcdb188c4a71b38958cfd642ba9bc9a4580,de,0.999806,,washing-003-ocr-00028,"{""frame_id"":""frame_000004"",""ocr_version"":""PP-OCRv5"",""polygon"":[[208.0,32.0],[232.0,32.0],[232.0,47.0],[208.0,47.0]]}"
washing-003-ocr-00029,washing-003,frame_text,20.000,20.000,Wäscher,data_video/processed/washing-003/clips/washing-003-scene-0001.mp4,data_video/keyframes/washing-003/frame_000004.jpg,cd015c23369406a214cddc0248be1dcdb188c4a71b38958cfd642ba9bc9a4580,de,0.983768,,washing-003-ocr-00029,"{""frame_id"":""frame_000004"",""ocr_version"":""PP-OCRv5"",""polygon"":[[690.0,302.0],[709.0,302.0],[709.0,350.0],[690.0,350.0]]}"
washing-003-ocr-00030,washing-003,frame_text,20.000,20.000,kurze Zeiti,data_video/processed/washing-003/clips/washing-003-scene-0001.mp4,data_video/keyframes/washing-003/frame_000004.jpg,cd015c23369406a214cddc0248be1dcdb188c4a71b38958cfd642ba9bc9a4580,de,0.930311,,washing-003-ocr-00030,"{""frame_id"":""frame_000004"",""ocr_version"":""PP-OCRv5"",""polygon"":[[688.0,358.0],[699.0,358.0],[699.0,391.0],[688.0,391.0]]}"
washing-003-ocr-00031,washing-003,frame_text,20.000,20.000,100,data_video/processed/washing-003/clips/washing-003-scene-0001.mp4,data_video/keyframes/washing-003/frame_000004.jpg,cd015c23369406a214cddc0248be1dcdb188c4a71b38958cfd642ba9bc9a4580,de,0.876340,,washing-003-ocr-00031,"{""frame_id"":""frame_000004"",""ocr_version"":""PP-OCRv5"",""polygon"":[[616.0,379.0],[655.0,390.0],[650.0,411.0],[611.0,401.0]]}"
washing-003-ocr-00032,washing-003,frame_text,20.000,20.000,Wäschen,data_video/processed/washing-003/clips/washing-003-scene-0001.mp4,data_video/keyframes/washing-003/frame_000004.jpg,cd015c23369406a214cddc0248be1dcdb188c4a71b38958cfd642ba9bc9a4580,de,0.998874,,washing-003-ocr-00032,"{""frame_id"":""frame_000004"",""ocr_version"":""PP-OCRv5"",""polygon"":[[657.0,396.0],[712.0,406.0],[710.0,420.0],[655.0,410.0]]}"
washing-003-ocr-00033,washing-003,frame_text,20.000,20.000,kurze Zeit!,data_video/processed/washing-003/clips/washing-003-scene-0001.mp4,data_video/keyframes/washing-003/frame_000004.jpg,cd015c23369406a214cddc0248be1dcdb188c4a71b38958cfd642ba9bc9a4580,de,0.965447,,washing-003-ocr-00033,"{""frame_id"":""frame_000004"",""ocr_version"":""PP-OCRv5"",""polygon"":[[650.0,419.0],[707.0,432.0],[704.0,443.0],[648.0,430.0]]}"
