id,ret
1,"您好，支持的。请您放心，平台内大多数商品在符合条件的情况下，一般都支持“7天无理由退换货”。不过不同商品类目、商品状态以及商家承诺可能会有差异，建议您以商品详情页、订单页展示的售后政策为准。下面为您详细说明：

一、7天无理由退换货的基本规则
1. 申请时间
通常是从您签收商品的次日0点开始计算，7天内可以发起无理由退货或换货申请。
例如：您1日签收，一般从2日0点开始计算，最晚可在8日内按页面规则提交申请。
2. 商品状态要求
申请7天无理由退换货时，商品通常需要保持不影响二次销售的状态，包括但不限于：
商品本身完好，无明显使用痕迹、污渍、磨损、损坏；
商品吊牌、包装、配件、说明书、赠品、发票等齐全；
防伪标识、一次性封签、密封包装未被破坏；
不影响商家再次销售。
3. 退货和换货的区别
退货：您将商品寄回，商家确认无误后为您退款。
换货：您将商品寄回，商家确认符合换货条件后，为您重新寄出同款或可换规格的商品。
是否支持换货、可换哪些规格，需要以售后页面可选择的服务类型为准。

二、哪些商品通常不支持7天无理由退换货

以下商品由于其特殊属性，通常不适用7天无理由退换货，具体以商品页面标注为准：
1. 定制类商品
如个性刻字、定制尺寸、定制服装、定制家具、专属配置商品等。
2. 鲜活易腐类商品
如生鲜食品、鲜花绿植、短保食品等。
3. 个人护理及贴身类商品
如内衣裤、袜子、泳衣、贴身用品、部分母婴用品等，若拆封或试用后可能影响卫生安全，通常不支持无理由退换。
4. 数字化或虚拟商品
如会员服务、充值卡、电子券、软件授权、在线课程等，一经使用或发放后一般不支持无理由退款。
5. 拆封后影响安全或二次销售的商品
如部分食品、保健品、化妆品、耳机、剃须刀、牙刷、医疗器械等，若外包装密封被拆或已使用，可能无法按无理由办理。
6. 页面明确标注不支持的商品
若商品详情页、下单页或订单售后页明确提示“不支持7天无理由退换货”，则需按页面规则执行。

三、退换货运费如何承担
1. 商品质量问题、错发、漏发、破损等商家责任
如果是商品存在质量问题、商家发错货、少发配件、运输破损且责任明确，一般由商家承担退换货相关运费。您可以在申请售后时上传照片、视频等凭证，便于商家核实处理。
2. 个人原因申请7天无理由
如果商品本身没有质量问题，是因为不喜欢、不合适、拍错、颜色尺寸不满意等个人原因申请退换，通常退回运费由买家承担。
若订单购买了运费险或商家赠送运费险，符合规则时可按运费险标准理赔，实际理赔金额以保险规则为准，可能不一定覆盖全部运费。
3. 发出运费是否退还
无理由退货时，如商品包邮，一般仅退商品实际支付金额；如订单中有单独支付的发货运费，是否退还需结合商品规则、责任归属及商家售后政策判断。
若是商家责任导致退货，一般会优先保障您的合理运费权益。

四、申请7天无理由退换货的操作流程
1. 进入订单售后页面
找到对应订单，选择“申请售后”或“退换/售后”。
2. 选择服务类型
根据页面提供的选项选择“退货退款”“换货”或其他售后类型。
3. 填写申请原因
如果是无理由退换，可以选择对应原因；如果是质量问题，建议详细描述问题，并上传清晰照片或视频。
4. 等待商家审核
商家一般会在48小时内审核您的售后申请。若商家超时未处理，系统可能会根据平台规则自动推进，具体以页面提示为准。
5. 按要求寄回商品
审核通过后，请按照页面显示的退货地址寄回商品，并及时填写物流单号。
建议您使用可查询物流轨迹的快递，并妥善保留寄件凭证，避免后续核实时无法确认。
6. 商家收货验收
商家收到退回商品后，会检查商品是否符合退换货条件。一般会在签收后的3至5个工作日内完成验收处理，具体时效可能受商品类目、仓库处理进度、节假日等影响。
7. 退款或换货发出
退货退款：验收通过后，退款通常会原路退回至您的支付账户，到账时间以支付渠道为准。
换货：验收通过后，商家会安排重新发货，您可在订单售后页面查看新物流信息。

五、申请前建议您注意的事项
1. 不要影响商品二次销售
在确认是否保留商品前，建议您尽量保持商品、包装、配件、赠品完整，不要剪吊牌、丢弃包装或长时间使用。
2. 赠品也需要一并退回
如果订单包含赠品、套装配件、发票等，退货时通常需要一起寄回。若赠品缺失，可能会影响退款金额或售后审核。
3. 换货库存可能会变化
如果您申请换货，目标颜色、尺码或型号需要以商家当前库存为准。若无库存，可能需要改为退货退款或协商其他处理方式。
4. 超过7天后的处理
如果超过7天无理由期限，一般不能再按无理由退换处理。但如果商品存在质量问题，仍可根据商品质保政策、三包规则或商家售后承诺申请维修、换货或其他售后服务。
5. 签收时发现异常要及时反馈
如外包装明显破损、商品漏液、少件、错件等，建议尽快拍照留存，并在售后页面提交凭证。越早反馈越有利于责任判定和快速处理。

六、总结说明

您好，整体来说，我们家的商品大多数是支持7天无理由退换货的，但需要满足“签收后7天内申请、商品完好、不影响二次销售、配件包装齐全”等条件。若是个人原因退换，退回运费通常由您承担；若是质量问题或商家发错、漏发等情况，一般由商家承担相应运费。申请后商家通常会在48小时内审核，寄回后一般3至5个工作日内完成验收并安排退款或换货。

您可以先进入订单售后页面查看该商品是否支持7天无理由退换货，以及页面展示的具体规则。请您放心，只要符合售后条件，平台会按规则协助您处理。

您好，是否需要您自己承担运费，主要看退换货原因和责任归属。请您放心，平台会按照实际情况和售后规则来处理，不会让您承担不应由您承担的费用。

一、个人原因退换货：通常需要您承担寄回运费

如果商品本身没有质量问题，是因为以下原因申请7天无理由退换货，一般退回运费需要由您承担：
1. 不喜欢、效果不符合个人预期
2. 拍错商品、选错颜色、尺码、型号
3. 临时不想要了
4. 商品无质量问题，但个人觉得不合适
5. 重复购买或计划变更

这种情况下，商家发货没有过错，商品也没有质量问题，所以退回商品产生的快递费通常由买家承担。

二、商家或商品问题：一般由商家承担运费

如果是以下情况导致退货或换货，一般不需要您承担合理运费：
1. 商品存在质量问题
例如无法正常使用、明显瑕疵、功能故障、破损、做工问题等。
2. 商家发错货
例如颜色、尺码、型号、数量与订单不一致。
3. 商品漏发、少发配件
例如套装缺少部件、赠品或必要配件未随货发出。
4. 运输途中破损
如果签收后发现商品因运输造成破损，并能提供外包装和商品破损照片，一般会按责任情况处理。
5. 商品与页面描述明显不符
如规格、材质、功能、版本等与商品页面承诺存在明显差异。

这类情况建议您在售后申请中上传清晰照片或视频，说明问题点。商家一般会在48小时内审核。审核通过后，如确认属于商家责任，退换货产生的合理运费通常由商家承担，具体承担方式以售后页面或商家处理结果为准。

三、有运费险时：可按规则进行理赔

如果您的订单购买了运费险，或商家赠送了运费险，符合条件时可以申请理赔。需要注意：
1. 运费险通常是在退货完成后触发理赔
一般需要您先寄回商品并填写正确物流单号，商家确认收货后，系统再按规则发起理赔。
2. 理赔金额不一定等于实际运费
运费险通常按买卖双方地址距离、保险规则等计算固定赔付金额，可能覆盖全部运费，也可能只覆盖部分运费。
3. 换货是否赔付要看页面规则
部分运费险只支持退货场景，换货是否支持理赔，需要以订单或售后页面显示为准。
4. 物流单号要准确填写
如果物流单号填写错误、未填写，或使用了不支持查询轨迹的寄件方式，可能影响运费险理赔。

四、退货时原订单运费是否退还

这里分两种情况：
1. 商品包邮订单
如果您申请的是个人原因7天无理由退货，一般会退还您实际支付的商品金额。因为您没有单独支付发货运费，所以通常不存在额外退还原发货运费的问题。
2. 商品不包邮且您支付了发货运费
如果是个人原因退货，原发货运费是否退还，需要以商品规则和订单页面显示为准。
如果是商品质量问题、错发漏发等商家责任导致退货，一般会优先保障您的合理运费权益，原发货运费和退回运费通常会结合责任判定处理。

五、建议您这样操作，避免运费争议
1. 先提交售后申请，不要直接寄回
建议您先在订单页面申请售后，等待商家审核通过并提供退货地址后再寄回。直接寄回可能导致地址不准确、无法识别包裹或影响退款进度。
2. 质量问题请先留证
如果您认为商品有问题，建议拍摄商品问题照片、视频、外包装照片、快递面单等，并在售后申请中上传。
3. 使用可查询物流的快递
退货时建议选择有物流轨迹的快递，并保留寄件凭证。这样商家收货、运费报销或运费险理赔都会更顺利。
4. 填写正确物流单号
寄出后请及时在售后页面填写物流公司和单号，避免系统无法追踪退货进度。
5. 与商家确认运费承担方式
如果属于商家责任，建议在售后沟通中确认是到付、垫付后报销，还是通过售后退款补偿。一般不建议未经确认直接选择到付，因为部分商家仓库可能无法签收到付件。

六、简单总结

您好，如果是因为不喜欢、拍错、尺码不合适等个人原因申请7天无理由退换货，退回运费通常需要您自己承担；如果是商品质量问题、商家发错货、漏发、破损或描述不符等商家责任，一般由商家承担合理运费。若订单有运费险，符合条件时可按规则理赔，但理赔金额可能与实际运费不完全一致。

请您放心，建议您先在订单售后页面提交申请，并根据页面提示选择原因。系统和商家会根据责任归属为您处理运费问题。"
2,"您好，请您放心，我们平台支持对符合条件的商品提供售后维修服务。维修服务范围通常会根据商品品类、品牌政策、保修期限、故障原因以及商品实际检测结果来确定。下面为您详细说明，方便您判断自己的商品是否可以申请维修。

一、售后维修服务主要适用范围

售后维修一般适用于商品在正常使用过程中出现的质量问题、性能故障或功能异常。常见可申请维修的情况包括：
1. 商品无法正常开机、启动或运行
例如电子产品、家用电器、智能设备等，在正常使用条件下出现无法开机、反复重启、无法连接、系统异常等情况。
2. 商品功能失效或部分功能异常
例如按键失灵、屏幕显示异常、充电异常、声音异常、感应不灵敏、制冷制热异常、转动或运行异常等。
3. 商品出现非人为原因导致的性能问题
如内部零部件故障、电路问题、机械结构异常、原厂配件损坏等，经检测确认属于商品本身质量问题的，通常可按保修政策处理。
4. 保修期内的质量维修
如果商品仍在品牌或商家承诺的保修期限内，并且故障属于保修范围，一般可以申请免费维修。具体是否免费，以品牌售后或商家检测结果为准。
5. 保修期外的有偿维修
如果商品已超过保修期限，或故障不属于免费保修范围，通常也可以申请有偿维修。维修前一般会告知您检测结果、维修方案和预计费用，您确认后再进行维修。

二、常见支持维修的商品类型

不同商品的售后政策会有所差异，但一般以下品类更常涉及维修服务：
1. 数码电子类
如手机、平板、电脑、耳机、智能手表、摄像设备、路由器、游戏设备等。
2. 家用电器类
如冰箱、洗衣机、空调、电视机、热水器、厨房电器、清洁电器、小家电等。
3. 家居智能设备类
如智能门锁、智能音箱、扫地机、监控设备、智能照明设备等。
4. 运动户外及工具类
如电动工具、健身器材、骑行设备、户外电源等，具体是否支持维修需看商品详情页、品牌政策或商家售后说明。
5. 部分家具、家装、卫浴类商品
如因五金件、功能件、结构件出现质量问题，部分商品可提供配件更换、上门检修或返厂维修，具体以商品售后政策为准。

三、通常不属于免费维修范围的情况

为了避免您产生误解，以下情况通常不属于免费维修范围，但部分商品可能仍可申请有偿维修：
1. 人为损坏
例如摔落、进水、挤压、私自拆修、错误安装、使用不当、外力破坏等导致的故障。
2. 超出保修期限
商品已超过国家规定、品牌承诺或商家说明的保修期，一般不能享受免费保修，但可咨询是否支持付费维修。
3. 非正常使用环境导致损坏
例如高温、高湿、腐蚀性环境、电压不稳、违规改装、未按说明书使用等导致的问题。
4. 易耗品或消耗类配件损耗
如电池自然衰减、滤芯、刷头、刀头、灯泡、密封圈、耗材、保护膜等，通常不属于免费维修范围，除非商品页面或品牌政策另有说明。
5. 外观磨损不影响正常使用
例如划痕、掉漆、轻微磨损、包装破损等，如果不影响商品功能，通常不作为免费维修依据。
6. 非平台订单或无法核实购买凭证
如果商品不是通过平台购买，或无法提供有效订单信息、发票、保修凭证等，可能无法通过平台售后申请维修。您可以尝试联系品牌官方售后咨询。

四、维修服务的处理流程

您可以按照以下流程申请售后维修：
1. 提交售后申请
进入订单页面，找到对应商品，选择“申请售后”或类似入口，根据页面提示选择“维修”服务类型，并填写故障描述。
2. 上传凭证材料
建议您上传清晰的故障照片、视频、商品序列号、外包装标签、发票或保修卡等材料。描述越完整，售后判断会越高效。
3. 商家或售后审核
提交后，商家或平台售后一般会在一定时效内进行审核，常见审核时效为48小时内。若需要补充材料，页面或客服会提示您进一步提交。
4. 确认维修方式
审核通过后，可能会根据商品类型安排寄修、上门维修、网点维修、换配件或返厂检测。大型家电、家具等商品可能更常见上门服务；小件数码或配件类商品多为寄修或返厂检测。
5. 商品检测与维修
售后收到商品后会进行检测。若确认属于保修范围内质量问题，一般按免费维修处理；若检测为人为损坏、进水、私拆、过保等情况，可能需要您确认有偿维修费用。
6. 维修完成寄回或上门交付
维修完成后，商品会按约定方式寄回或由服务人员完成交付。建议您收到商品后及时检查维修结果，如仍有异常，可尽快反馈。

五、维修服务时效说明

维修时效会受到商品品类、故障复杂程度、配件库存、检测周期、物流距离、是否返厂等因素影响。一般情况下：
1. 售后审核时效
通常为提交申请后的48小时内完成初步审核。如遇节假日、活动高峰或资料不完整，可能会有所延长。
2. 寄修检测时效
商品寄达维修点后，常见检测时效为1-3个工作日左右。复杂故障可能需要更长时间。
3. 普通维修时效
常见维修周期一般为3-7个工作日左右，具体取决于故障类型和配件情况。
4. 返厂或复杂维修时效
如需要返厂检测、主板维修、核心零件更换、特殊配件调拨等，可能需要7-15个工作日或更久。售后会尽量同步处理进展。
5. 上门维修时效
如商品支持上门维修，通常会在审核通过后由服务人员与您预约时间。具体上门时间受服务区域、工程师排班、天气和交通等因素影响。

六、关于维修运费和费用

维修过程中可能涉及运费、检测费、配件费或人工费，具体承担方式一般按以下原则处理：
1. 保修期内质量问题
经检测确认属于商品本身质量问题，通常可享受免费维修。符合条件的情况下，往返运费一般由商家、品牌或平台售后按规则承担。
2. 人为损坏或非保修范围
如果检测结果显示故障属于人为原因、使用不当、进水、摔坏、私拆、过保等情况，维修费用和往返运费可能需要由您承担。
3. 检测后不维修
如果商品经检测后需要有偿维修，但您选择不维修，可能会产生检测费或寄回运费，具体以售后页面提示或商家说明为准。
4. 大件商品上门费用
部分大件商品若超出免费服务范围，可能涉及上门费、远程费、拆装费、材料费等。费用会在维修前告知，建议您确认后再安排服务。

七、申请维修前建议您准备的信息

为了提高处理效率，建议您提前准备以下内容：
1. 订单编号或购买记录
便于核实购买时间、商品型号、保修状态和售后政策。
2. 故障说明
请尽量写清楚故障出现的时间、表现、频率、是否影响使用、是否尝试过重启或恢复设置等。
3. 图片或视频凭证
例如无法开机的视频、异常声音视频、屏幕显示问题照片、故障提示页面等。
4. 商品完整配件
如需寄修，建议按售后要求寄回主机、适配器、配件、保修卡等。若不确定是否需要寄回全部配件，可以先咨询售后确认。
5. 包装保护
寄修时请做好防震、防压、防潮包装，避免运输途中造成二次损坏。贵重或易碎商品建议保留寄件凭证。

八、需要特别注意的事项
1. 不建议自行拆修
如果商品仍在保修期内，自行拆机、改装或找非授权维修点处理，可能影响后续保修资格。
2. 先申请售后再寄回
请您不要在未提交售后申请、未确认收件地址和维修方式前自行寄出商品，以免影响售后识别和处理效率。
3. 保留维修记录
维修完成后建议保留维修单、检测报告、物流单号等信息，方便后续查询。
4. 数据类商品请提前备份
如手机、电脑、平板、存储设备等涉及个人数据的商品，维修前建议您自行备份并退出账号、解除密码或按要求处理隐私信息。维修检测过程中可能需要恢复系统或更换部件，数据存在丢失风险。

九、如何判断您的商品是否支持维修

您可以通过以下方式确认：
1. 查看订单售后入口是否有“维修”选项。
2. 查看商品详情页、售后政策、保修说明。
3. 联系订单对应商家客服，提供商品型号和故障情况核实。
4. 如为品牌商品，也可根据保修卡或说明书中的品牌政策确认维修范围。

总体来说，只要您的商品是在平台购买、仍符合售后政策，并且故障属于正常使用下产生的质量问题，通常都可以申请售后维修。请您放心，提交申请后售后会根据商品情况进行审核，并为您提供相应的维修、检测或处理方案。

您好，请您放心，人为损坏一般也可以申请维修，但通常不属于免费保修范围，多数情况下会按“有偿维修”处理。能否维修、费用多少，需要以售后检测结果和商品实际损坏程度为准。

一、人为损坏是否可以维修

可以先提交售后维修申请，由商家、品牌售后或维修点检测后确认是否具备维修条件。常见人为损坏包括：
1. 摔落、磕碰、挤压导致屏幕碎裂、外壳变形、内部零件损坏。
2. 进水、受潮、腐蚀导致无法开机、短路、功能异常。
3. 使用不当导致烧坏、电压异常、误操作损坏。
4. 私自拆机、改装、非官方维修导致故障扩大。
5. 未按说明书安装、保养或使用造成的损坏。

如果检测后确认仍可修复，一般会给您提供维修方案和报价；如果损坏严重、无配件、维修成本过高或不具备修复条件，可能会告知无法维修，或建议更换部件、整机换新等方案。

二、维修费用一般怎么算

人为损坏的维修费用通常由以下几部分组成，具体以售后报价为准：
1. 配件费
如果需要更换屏幕、主板、电池、外壳、电机、传感器、五金件等部件，会按对应配件价格收取。
2. 人工服务费
维修人员检测、拆装、更换、调试等可能产生人工费用。
3. 检测费
部分商品在过保、人为损坏或检测后不维修的情况下，可能会产生检测费。若您同意维修，有些售后会将检测费抵扣或免除，具体以页面提示或售后说明为准。
4. 运费
如果需要寄修，人为损坏通常需要您承担寄出和寄回运费；如果检测后不维修，也可能需要承担寄回运费。
5. 上门服务相关费用
大件商品如家电、家具、卫浴、健身器材等，如需上门处理，可能涉及上门费、远程费、拆装费、材料费等。售后一般会在维修前告知费用，您确认后再安排。

三、收费处理流程
1. 提交售后申请
在订单中选择申请售后，选择维修服务，并如实填写损坏原因、故障表现，上传照片或视频。
2. 售后初步审核
商家或售后一般会在48小时内进行初步审核。如资料不完整，可能会要求您补充凭证。
3. 寄修或上门检测
审核通过后，会根据商品类型安排寄修、返厂检测、上门检修或到指定服务点处理。
4. 出具检测结果和报价
售后检测后会判断是否属于人为损坏、是否可维修、需要更换哪些部件，并给出费用明细。
5. 您确认是否维修
如果您接受报价，售后会安排维修；如果不接受报价，可以选择不维修并按规则取回商品。若涉及检测费或返程运费，需要按实际规则承担。
6. 维修完成后返还
维修完成后会进行基础检测，确认功能恢复后寄回或交付给您。您收到后建议及时检查维修效果。

四、关于时效
1. 初审时效：通常为提交申请后48小时内。
2. 检测时效：商品到达维修点后，一般约1-3个工作日。
3. 普通维修时效：一般约3-7个工作日。
4. 复杂维修或返厂维修：如涉及主板、压缩机、电机、屏幕总成、特殊配件调拨等，可能需要7-15个工作日或更久。
5. 上门维修：审核通过后通常会与您预约上门时间，具体以服务区域和工程师排班为准。

五、温馨提醒
1. 维修前建议先确认报价，不确认费用一般不会直接为您进行有偿维修。
2. 如果商品内有个人数据，如手机、电脑、平板、存储设备，请先备份并清除隐私信息。
3. 请不要自行拆修或继续使用有安全风险的商品，例如进水、电池鼓包、冒烟、异响严重等情况。
4. 寄修前请按售后要求包装好商品，避免运输过程中二次损坏。
5. 建议保留检测单、维修报价、付款凭证和物流单号，方便后续查询。

总的来说，人为损坏通常可以申请有偿维修，费用会根据检测结果、配件价格、人工费、运费及是否上门等因素综合计算。您提交售后后，平台或商家会先给出检测和报价方案，您确认后再继续维修。"
3,"您好，可以的，请您放心。平台内大多数正常销售的商品都支持开具发票，具体可开票类型、开票主体和申请方式会根据商品类型、店铺资质、订单状态以及您选择的发票信息有所不同。下面为您详细说明。

一、是否可以开发票

一般情况下，只要您购买的是平台正常销售商品，并且订单已实际支付成功，商家或平台会按照订单实际交易金额为您开具发票。

需要注意的是，以下情况可能会影响开票：
1. 订单尚未支付成功、已取消或交易关闭，通常无法开票。
2. 订单发生退款、退货或部分退款，发票金额可能需要按最终实际支付金额开具，已开的发票可能需要冲红或作废后重新开具。
3. 使用优惠券、红包、积分、满减等优惠后，发票金额一般以您实际支付金额为准，不一定是商品原价。
4. 部分特殊商品、虚拟商品、跨境商品、预售商品或第三方商家商品，开票规则可能会略有差异，建议您以下单页或订单页显示的发票入口为准。
5. 若订单中包含多个商家商品，可能需要由不同商家分别开票，无法合并为一张发票。

二、发票类型有哪些

平台常见支持的发票类型主要包括以下几类：
1. 电子普通发票

这是最常见的发票类型。电子普通发票一般会以电子文件形式开具，开具成功后可在订单详情、发票管理页面或通过系统通知查看和下载。

适用场景包括：

个人购物报销；
企业普通报销；
日常消费凭证；
售后、质保等交易凭证辅助材料。

电子普通发票与纸质普通发票具有同等法律效力，通常可用于报销和入账，具体是否符合贵单位报销要求，建议您提前与单位财务确认。
2. 纸质普通发票

部分商品或商家可能支持纸质普通发票。纸质发票通常需要随商品一起寄出，或在订单完成后单独寄送。

需要注意的是，纸质发票是否支持、是否需要额外邮寄时间、邮寄费用由商家或订单规则决定。若页面没有纸质发票选项，一般表示该订单暂不支持纸质发票。
3. 增值税专用发票

部分订单可能支持开具增值税专用发票，通常适用于企业采购、单位入账抵扣等场景。

申请增值税专用发票时，通常需要填写较完整的企业开票资料，例如：

公司名称；
纳税人识别号；
注册地址；
注册电话；
开户银行；
银行账号；
收票人信息及收票地址。

请您务必确认信息准确无误，尤其是公司名称和纳税人识别号。增值税专用发票对信息准确性要求较高，若资料填写错误，可能会影响开票、认证或后续报销。
4. 个人抬头发票

如果您是个人购买，一般可以选择个人抬头的普通发票。个人发票通常不需要填写纳税人识别号，只需填写个人姓名或选择“个人”作为抬头即可，具体以页面要求为准。
5. 企业抬头发票

如果您需要单位报销，建议选择企业抬头发票。企业抬头通常需要填写：

企业名称；
纳税人识别号；
发票内容；
接收邮箱或手机号。

企业名称和税号请尽量与营业执照、单位财务提供的信息保持一致，避免因信息错误导致无法报销。

三、发票内容可以开什么

发票内容一般根据您购买的商品类别自动生成，例如“商品明细”“办公用品”“日用品”“数码产品”等，具体以订单页面或开票页面可选项为准。

通常情况下，发票内容需要与实际购买商品相符，不能随意更改为与商品无关的内容，也不能开具虚假品类。若您有单位报销要求，建议下单前先确认页面是否支持您需要的发票内容。

四、如何申请开票

您可以按以下流程操作：
1. 下单时申请

在提交订单页面查看是否有“发票信息”“开具发票”或类似选项；
选择发票类型，例如电子普通发票、纸质普通发票或增值税专用发票；
选择发票抬头，个人或企业；
填写纳税人识别号、邮箱、手机号等信息；
确认无误后提交订单。

这种方式比较方便，商家会根据订单状态安排开票。
2. 下单后申请

如果您下单时没有选择发票，也可以在订单完成后尝试申请：

进入订单页面；
找到对应订单；
点击“申请发票”“发票服务”或“发票信息”；
按页面提示填写开票资料；
提交申请后等待商家或平台处理。

一般订单完成后仍可在一定期限内申请补开发票，但不同商品、店铺和订单类型规则可能不同，建议您尽早申请，避免超过可申请时限。

五、开票时效说明

通常情况下，电子发票提交申请后会在48小时内处理完成；如遇节假日、促销高峰、商家审核量较大或开票资料需要人工核验，可能会有所延迟。

纸质发票或增值税专用发票的处理时间可能相对更长，一般可能需要3-5个工作日开具并安排寄送，具体送达时间还会受到物流时效影响。

如果您提交开票申请后长时间未收到发票，建议您先检查：

订单是否已完成或已发货；
开票信息是否填写完整；
接收邮箱是否正确；
是否进入垃圾邮件或拦截邮箱；
订单是否发生退款或售后；
是否为多个商家订单，需要分别开具。

六、发票金额如何计算

发票金额通常按照订单实际支付金额开具，也就是扣除优惠券、满减、红包、积分抵扣等优惠后的实付金额。

举例说明：

商品标价为500元；
使用优惠券50元；
实际支付450元；
通常发票金额为450元。

如果订单中包含运费，运费是否开入发票，需要以商家和订单页面规则为准。有些订单会将运费合并在发票金额中，有些则可能单独体现或不支持单独开票。

如果订单发生部分退款，发票金额通常需要根据退款后的实际成交金额调整。若发票已经开具，可能需要先冲红原发票，再按新的实际金额重新开具。

七、发票信息填错了怎么办

如果发票尚未开具，您可以尝试在订单发票页面修改信息，或联系商家协助处理。

如果发票已经开具：
1. 电子普通发票

通常需要申请作废或红冲后重新开具，是否支持重开需根据发票状态和商家规则确认。请您提供正确的发票抬头、税号、邮箱等信息。
2. 增值税专用发票

专票信息错误处理相对严格，可能需要退回原票、红冲或按税务规则重新开具。建议您发现错误后尽快申请处理，以免影响认证和报销。
3. 已发生退款或售后

如果订单已有退款，发票可能无法直接修改，需按最终交易金额重新处理。

八、退货退款后发票如何处理

如果您已经开具发票后又申请退货退款，一般需要根据售后结果处理发票：
1. 全额退款

通常需要将原发票作废或红冲。如果是纸质发票，可能需要您寄回原发票；如果是电子发票，商家或平台会按规则进行红冲处理。
2. 部分退款

一般需要根据最终实际支付金额重新开具或调整发票金额。已开具的原发票可能需要先红冲，再重新开具正确金额的发票。
3. 换货

若只是同价换货，通常不影响原发票；若换货后产生差价，可能需要根据差价重新调整发票金额。

请您在办理售后时留意页面提示，避免因发票未处理导致退款进度延迟。

九、温馨提示
1. 下单前建议先确认商品页面或结算页面是否支持您需要的发票类型。
2. 企业报销建议提前准备准确的公司名称和纳税人识别号。
3. 增值税专用发票请务必填写完整企业资质信息，避免因资料不符影响开具。
4. 电子发票开具后建议及时下载保存，以免后续查找不便。
5. 多商家订单可能无法合并开票，需要分别向对应商家申请。
6. 若订单发生退款、退货、改价或补差价，发票金额通常以最终实际成交金额为准。

十、建议您这样操作

如果您还未下单，建议在提交订单页面查看“发票信息”选项，选择需要的发票类型并填写抬头信息后再付款。

如果您已经下单，可以进入订单详情页查看是否有“申请发票”入口，按页面提示提交。一般电子发票会在48小时内处理，纸质发票或增值税专用发票通常需要3-5个工作日左右，请您耐心等待。

您好，请您放心，发票收到时间主要取决于您申请的发票类型，以及订单、开票信息是否已经满足开具条件。一般来说，电子发票最快，纸质发票和增值税专用发票会相对慢一些。

一、电子普通发票多久能收到

电子普通发票通常在您提交开票申请后48小时内开具完成。

开具成功后，一般可以通过以下方式查看或接收：
1. 在订单详情页或发票管理页面查看、下载。
2. 发送到您填写的接收邮箱。
3. 通过平台消息、订单通知等方式提醒您查看。

如果超过48小时仍未收到，建议您先检查邮箱地址是否填写正确，也可以查看垃圾邮件、广告邮件或拦截邮件中是否有发票邮件。同时进入订单详情页查看是否已经生成电子发票下载入口。

二、纸质普通发票多久能收到

纸质普通发票一般需要先完成开票，再安排寄送，整体时间通常会比电子发票长。

一般处理时效为：
1. 开票处理：通常约3-5个工作日。
2. 发票寄送：开具后再按物流配送时效送达，具体时间会受收件地址、快递情况、节假日等因素影响。

如果纸质发票是随商品一起寄出，您可能会在收到商品时一并收到；如果是单独寄送，则会在开票完成后另行寄出。是否随商品寄出，以订单页面或商家处理方式为准。

三、增值税专用发票多久能收到

增值税专用发票通常需要核验企业开票资料，因此处理时间一般也会长于电子普通发票。

通常情况下：
1. 资料审核和开票约需3-5个工作日。
2. 若为纸质专票，还需要加上物流寄送时间。
3. 若资料不完整或信息有误，处理时间可能延长，需要您补充或修改开票资料后重新审核。

增值税专用发票对公司名称、纳税人识别号、注册地址、注册电话、开户行及账号等信息要求较高，建议您提前确认信息准确，以免影响收票时间。

四、哪些情况会导致发票延迟

以下情况可能会影响您收到发票的时间：
1. 订单尚未支付成功、尚未发货或尚未完成。
2. 订单发生退款、退货、改价、补差价等情况，需要按最终实付金额重新确认。
3. 开票抬头、税号、邮箱、收件地址等信息填写错误或不完整。
4. 申请的是增值税专用发票，需要人工审核企业资料。
5. 订单包含多个商家商品，需要分别开票。
6. 遇到大型促销、节假日或商家开票量较大，处理可能顺延。
7. 纸质发票寄送过程中受物流时效影响。

五、如果一直没收到怎么办

如果您申请的是电子发票，超过48小时仍未收到，建议您：
1. 进入订单详情页查看是否已有发票下载入口。
2. 检查接收邮箱是否填写正确。
3. 查看垃圾邮件或被拦截邮件。
4. 确认订单是否发生退款或售后。
5. 若页面显示仍在处理中，可继续等待或联系订单对应商家协助核实。

如果您申请的是纸质发票或增值税专用发票，超过3-5个工作日仍未开具或未显示寄送信息，建议您在订单详情页查看处理状态，并联系商家确认是否需要补充资料、是否已寄出以及物流信息。

六、简要时效参考

电子普通发票：通常提交申请后48小时内可查看或下载。

纸质普通发票：通常3-5个工作日开具，寄送时间另计。

增值税专用发票：通常3-5个工作日审核并开具，如需邮寄则再加物流配送时间。

如果您着急报销，建议优先选择电子普通发票，并确认发票抬头、税号和接收邮箱填写无误，这样通常能更快收到。"
4,"您好，请您放心，收到商品后发现外包装破损，一般都可以通过售后流程处理。建议您先不要着急丢弃包装，也不要自行维修或继续使用存在安全隐患的商品，先按下面步骤操作，平台会根据破损程度、商品是否受损以及物流责任情况为您处理。

一、先确认商品状态

收到包裹后，建议您先区分两种情况：
1. 仅外包装破损，商品本身完好
如果只是快递纸箱、外层塑封、缓冲材料破损，但商品本身没有划痕、变形、缺件、漏液、功能异常等问题，一般不影响正常使用。您仍可以保留相关凭证，联系商家或平台客服反馈，视情况申请补偿、补发包装配件，或由商家登记物流异常。
2. 包装破损且商品受损
如果商品出现破裂、划伤、变形、漏液、受潮、缺少配件、无法开机、功能异常等情况，建议您尽快申请售后。此类情况通常会按“物流破损”或“商品破损/质量问题”处理，可根据商品实际情况申请退货、换货、补发、维修或退款。

二、如果快递员还在现场，建议这样处理

如果您是在签收当场发现包装明显破损，建议优先进行当面验货：
1. 包装破损严重、商品疑似受损
您可以先拍照或录像留证，并向快递员说明包裹外包装破损。若商品已经明显损坏，建议您可以选择拒收，并让快递员备注“外包装破损”“商品疑似损坏”等异常情况。拒收后，包裹会由物流退回，您再联系商家或平台客服申请退款、补发或换货。
2. 已经签收但现场发现异常
如果已经签收，也请尽量让快递员在物流系统或面单上备注异常，并保留现场照片、视频。签收不代表一定无法处理，只要能提供有效凭证，平台仍会根据实际情况协助售后。
3. 包装轻微破损但商品暂时看不出问题
您可以先拍摄外包装破损位置、快递面单、商品外观及开箱过程，后续如发现商品异常，也方便判断责任和提高处理效率。

三、如果已经签收并带回家，请按以下流程处理

如果您已经签收后才发现包装破损，请您尽快完成以下操作：
1. 保留完整包装
请保留快递外箱、商品原包装、填充物、面单、封口胶带等，不建议立即丢弃。物流破损类售后经常需要核实包装状态，保留越完整，越有利于判断问题原因。
2. 拍照或录制视频
建议拍摄以下内容：
外包装破损处、快递面单信息、内包装情况、商品受损部位、配件是否齐全、商品整体外观、开箱过程视频。
如果商品是液体、易碎品、电器、食品、生鲜、数码产品等，建议重点拍摄漏液、碎裂、变形、受潮、无法开机或功能异常的证据。
3. 尽快提交售后申请
请您在订单页面找到对应商品，选择售后类型，例如“退货退款”“换货”“仅退款”“补发”“维修”等，售后原因可选择“物流破损”“包装破损”“商品损坏”“收到商品有问题”等相近选项，并上传照片或视频凭证。
4. 等待商家或平台审核
一般情况下，商家会在48小时内进行审核或联系您补充凭证。若商家超时未处理，您可以继续联系平台客服介入。平台会结合订单信息、物流轨迹、签收情况、凭证材料和商品状态进行核实。

四、可以申请哪些处理方式

具体处理方式会根据商品情况和商家售后规则确定，常见方案如下：
1. 退货退款
如果商品因运输导致破损，且影响正常使用，您可以申请退货退款。审核通过后，通常需要您按系统提示寄回商品。商家收到退货并验收后，一般会在3-5个工作日内完成退款处理，具体到账时间还会受支付渠道影响。
2. 换货
如果您仍需要该商品，可以申请换货。审核通过后，通常需要先寄回破损商品，商家收到并确认后安排重新发出。换货发出时效一般为1-3个工作日左右，具体以库存和物流情况为准。
3. 补发配件或补发商品
如果只是部分配件损坏、缺失，或商家判断无需整单退换，可以为您补发配件或补发对应商品部件。补发通常会在审核通过后1-3个工作日安排，物流时效以承运方运输情况为准。
4. 维修
部分电器、数码、家具等商品，如果破损可以维修且不影响主要权益，可能会提供维修方案。维修时效通常视商品类型、检测情况和配件情况而定，一般会先由商家或售后点检测，再给出维修处理时间。
5. 适当补偿
如果只是外包装破损、商品本体完好，且您愿意保留商品，商家可能会根据实际情况提供优惠券、差价补偿、补寄包装或其他协商方案。是否支持补偿以及补偿金额，需要以商家审核结果为准。

五、运费由谁承担

关于运费，请您放心，通常会按责任归属处理：
1. 因物流运输导致包装破损、商品损坏
如果经核实属于运输破损或非您个人原因造成的问题，退换货产生的合理运费一般由商家或物流责任方承担。您可按售后页面提示使用上门取件、寄回地址或指定物流方式处理。
2. 商家要求您先垫付运费
部分售后可能需要您先行寄回并垫付运费。建议您保留寄件凭证、运费支付记录和物流单号。商家确认责任后，一般会为您退还合理运费，常见处理时效为审核通过后3-5个工作日内。
3. 商品仅外包装轻微破损，商品无异常
如果商品本身完好且不影响使用，是否支持退换货以及运费承担方式，可能需要结合商品是否支持7天无理由、是否影响二次销售、商家规则等判断。若属于您个人原因退货，运费可能需要由您承担；若能确认是物流或商家包装不当导致，一般会按责任方承担处理。

六、是否可以按7天无理由退货处理

如果商品支持7天无理由退货，且您在规定时间内申请，通常可以按无理由退货处理。但需要注意以下前提：
1. 商品需保持完好，不影响二次销售。
2. 商品原包装、配件、赠品、发票或相关凭证尽量齐全。
3. 部分特殊商品可能不支持7天无理由，例如定制类、鲜活易腐类、拆封后影响安全或卫生的商品、虚拟商品等，具体以商品页面和售后规则为准。
4. 如果包装破损是物流原因造成，并且商品本身也受损，建议优先选择“物流破损”或“收到商品有问题”，不要简单按个人无理由退货提交，以免影响运费责任判断。

七、处理时效一般多久

为了方便您预估时间，常见时效如下：
1. 售后申请审核：一般48小时内处理。
2. 退货寄回后商家验收：一般签收后1-3个工作日内完成验收。
3. 退款处理：商家确认退款后一般3-5个工作日内退回，实际到账以支付渠道为准。
4. 换货或补发：审核通过后一般1-3个工作日安排发出，具体到货时间以物流运输为准。
5. 平台介入：如商家与您协商不一致，平台会根据凭证进行核实，通常会在规定时效内给出处理意见；如需补充材料，建议您按提示及时上传。

八、建议您现在这样做

请您先拍摄外包装破损情况、快递面单、商品外观和开箱视频，并保留全部包装材料。然后进入订单售后页面提交申请，说明“收到时外包装破损”，如果商品也有损坏，请详细写明损坏位置、是否影响使用、是否需要退货或换货，并上传凭证。

请您放心，只要能提供清晰凭证，平台会协助核实责任并推进处理。若确认为运输或商家原因导致，通常不会让您承担不合理损失。

您好，请您放心，包装破损不一定会影响退换货，关键要看“破损的是外包装还是商品本身”“是否影响二次销售”“破损责任是谁造成的”。一般会按实际情况判断处理。

一、仅快递外包装破损

如果只是快递纸箱、快递袋、外层封膜、缓冲材料破损，商品本身完好，配件、赠品、说明书等齐全，一般不影响售后申请。

这种情况下：
1. 商品如支持7天无理由退货，通常仍可申请退货，但商品本身需保持完好，不影响二次销售。
2. 如果是物流运输导致外包装破损，建议上传照片说明情况，平台或商家会结合凭证判断责任。
3. 如果商品没有受损，您也可以选择正常保留使用，并向商家反馈物流包装问题。

二、商品原包装破损

如果破损的是商品原包装，例如品牌彩盒、密封盒、礼盒、塑封膜、防拆封条等，是否影响退换货要看商品类别和破损程度。

通常有以下几种情况：
1. 不影响二次销售
如果只是边角轻微压痕、外盒轻微变形，商品未使用、配件齐全，一般仍有机会办理退换货。建议提交售后时说明是收货时已破损，并上传照片或视频。
2. 影响二次销售
如果原包装严重破损、缺失，或者防拆封条、密封膜已经损坏，可能会影响7天无理由退货。尤其是数码产品、家电、化妆品、食品、母婴用品、贴身用品等，包装完整性往往会影响商家验收。
3. 物流或商家原因导致
如果您能提供收货时包装已破损的凭证，且经核实属于物流运输、商家包装不当或发货前问题，通常不会按您个人原因处理。可申请退货、换货、补发或补偿，合理运费一般由责任方承担。

三、商品本身受损

如果包装破损同时导致商品破裂、变形、漏液、受潮、划伤、缺件、无法正常使用等，一般可以按“收到商品有问题”“物流破损”或“商品损坏”申请售后。

建议您尽快在订单售后页面提交申请，并上传：
1. 快递外包装破损照片。
2. 商品原包装破损照片。
3. 商品受损部位照片。
4. 快递面单照片。
5. 开箱视频或收货后发现问题的视频。
6. 配件、赠品是否齐全的说明。

商家通常会在48小时内审核。审核通过后，可根据情况办理退货退款、换货、补发配件、补偿或维修。

四、对退货的影响

如果您想退货，包装破损是否影响退货主要看退货原因：
1. 因物流破损或商品问题退货
如果确认是物流运输、商家包装不当、发货瑕疵导致，一般可以申请退货退款。您需要保留商品、包装、配件和凭证，等待商家审核。退回后商家一般会在签收验收后的1-3个工作日内处理，退款通常在确认后3-5个工作日内原路退回，具体到账以支付渠道为准。
2. 因个人原因申请7天无理由退货
如果商品支持7天无理由，且商品未使用、配件赠品齐全、不影响二次销售，通常可以申请。但如果原包装严重破损，商家可能会因影响二次销售而拒绝无理由退货，或与您协商折损费用。建议您提交申请时如实说明包装是收货时已破损，并提供凭证。
3. 特殊商品退货
部分商品即使包装完好，也可能不支持7天无理由退货，例如定制商品、鲜活易腐商品、拆封后影响安全或卫生的商品、虚拟商品等。若这类商品因包装破损导致商品受损，仍可按质量问题或物流破损申请售后，但需要凭证支持。

五、对换货的影响

如果您想换货，包装破损一般不会直接导致无法换货，重点是确认责任和商品状态。
1. 商品因运输受损
可以申请换货，商家审核通过后一般会要求您寄回原商品，收到并确认后安排换新。换货发出通常需要1-3个工作日，具体以库存和物流时效为准。
2. 商品本身完好，仅包装影响美观
如果您是因为包装破损影响送礼、收藏或使用体验而想换货，可以联系商家协商。是否支持换货，需要看商品类目、库存和商家规则。若确认为物流或商家原因，通常更容易获得支持。
3. 商品已使用后再发现包装破损
如果商品已经使用且无质量问题，仅因包装破损申请换货，可能会影响审核。建议您在发现破损后尽早申请，不要继续拆封或使用，以免责任难以判断。

六、运费是否会受影响

包装破损相关退换货的运费一般按责任归属处理：
1. 物流或商家原因
如果确认是物流破损、商家包装不当或发货前包装已损坏，退换货产生的合理运费一般由商家或物流责任方承担。若需要您先垫付，请保留运费凭证，审核通过后通常会在3-5个工作日内处理退还。
2. 个人原因退货
如果商品无问题，仅因个人原因申请7天无理由退货，运费通常由您承担，具体以页面规则为准。
3. 责任暂未确认
建议先不要自行寄回，优先通过售后页面提交申请，等商家给出退回地址、寄回方式和运费说明后再处理，以免影响后续运费报销。

七、建议您这样操作
1. 先不要丢弃外包装、原包装、填充物、面单、配件和赠品。
2. 拍清楚包装破损位置、商品状态、快递面单和开箱情况。
3. 如果商品未使用，建议暂时不要继续拆封或使用。
4. 在订单页面提交售后申请，选择与实际情况相符的原因，例如“包装破损”“物流破损”“收到商品有问题”。
5. 在问题描述中写明：收到时包装已破损、商品是否受损、是否影响使用、希望退货还是换货。
6. 等待商家审核，一般48小时内会有处理结果。若商家拒绝但您有凭证，可申请平台介入协助核实。

总结

包装破损不一定影响退换货。若只是快递外包装破损、商品完好，通常影响较小；若商品原包装严重破损，可能影响7天无理由退货；若破损是物流或商家原因造成，并且您能提供收货凭证，一般可按物流破损或商品问题处理，退换货权益通常不会因此受影响。"
6,"您好，请您放心，我为您详细说明平台常见的退款政策和到账时效。不同订单状态、支付方式、商品类型和退款原因会影响处理流程，但整体规则是：商家或平台审核通过后，退款会按原支付路径退回，具体到账时间以支付机构或银行处理为准。

一、退款适用的常见场景
1. 未发货订单退款
如果您的订单还未发货，通常可以直接申请取消订单或退款。商家确认后，系统会原路退回款项。未发货退款一般处理较快，若订单尚未进入拣货、打包、出库流程，审核通过的概率和速度都会更高。
2. 已发货但未签收订单退款
如果商品已经发出但您还没有签收，您可以申请退款或拒收。通常需要等待物流显示拒收退回，或商家确认包裹已退回后再处理退款。此类退款时效会受到物流退回时间影响，一般需要先完成退回确认。
3. 已签收订单退货退款
如果商品已签收，您需要先发起退货退款申请，并按照页面提示寄回商品。商家收到退货并验收无误后，会为您办理退款。一般情况下，商家签收退货后会在48小时内完成验收处理；如遇商品检测、核对配件、核实使用痕迹等情况，可能需要3-5个工作日。
4. 仅退款
如果商品存在未收到货、少件、错发、破损、质量问题等情况，部分订单可申请仅退款。是否支持仅退款，需要根据订单状态、商品性质、售后凭证和商家审核结果判断。建议您在申请时上传清晰凭证，例如物流异常截图、商品照片、包装照片、问题视频等，这样有助于加快审核。

二、退款到账时间一般是多久

退款到账时间通常从“退款成功”或“售后完成”后开始计算，而不是从您提交申请的时间开始计算。常见时效如下：
1. 支付账户余额或平台钱包支付
一般退款成功后较快到账，通常为即时到账至24小时内到账。部分情况下系统处理有延迟，请以账户明细显示为准。
2. 第三方支付账户支付
如果您使用第三方支付方式付款，退款一般会原路退回对应支付账户。通常在1-3个工作日内到账，部分交易可能会更快。
3. 银行卡支付
银行卡退款需要经过银行清算流程，一般为3-7个工作日到账。不同银行处理速度不同，节假日或银行系统维护期间可能会顺延。
4. 信用卡支付
信用卡退款一般会退回至原信用卡账户，常见到账时间为3-7个工作日，也可能体现在下一期账单中。若您已还款，退款可能显示为信用卡溢缴款或抵扣后续账单，具体展示方式以发卡银行账单为准。
5. 分期付款订单
分期订单退款一般按支付渠道和金融机构规则处理。若全额退款，通常会取消或冲正对应分期；若部分退款，可能会抵扣剩余账单或退回部分金额。具体到账和账单变化以支付机构或银行处理结果为准。

三、退款处理流程

您可以按照以下步骤操作：
1. 进入订单页面
找到需要退款的订单，点击“申请退款”或“申请售后”。
2. 选择退款类型
根据实际情况选择“仅退款”“退货退款”或“取消订单”。如果商品已收到且需要退回，一般选择退货退款。
3. 填写退款原因并上传凭证
请尽量选择准确的退款原因，并上传清晰凭证。涉及质量问题、破损、少件、错发等情况时，凭证越完整，处理越顺利。
4. 等待商家审核
商家通常会在48小时内处理您的申请。若商家同意，系统会进入下一步；若商家拒绝，您可以根据页面提示补充凭证、修改申请或申请平台介入。
5. 按要求寄回商品
如需退货，请按照售后页面提供的退货地址寄回，并及时填写物流单号。建议保留快递面单、物流凭证和商品包装照片，以便后续核实。
6. 商家验收并退款
商家收到退货后会进行验收。商品、配件、赠品、发票、包装等符合退货条件的，一般会在48小时内处理退款；涉及检测的商品可能需要3-5个工作日。
7. 款项原路退回
退款完成后，款项会按原支付路径退回。您可以在订单售后详情、支付账户账单或银行卡交易明细中查看。

四、关于7天无理由退货

如果商品支持7天无理由退货，一般需要满足以下条件：
1. 自您签收商品次日起7天内发起申请。
2. 商品保持完好，不影响二次销售。
3. 商品配件、赠品、说明书、发票、包装等齐全。
4. 定制类、鲜活易腐类、贴身用品、拆封后影响安全或卫生的商品、数字化商品等，可能不支持7天无理由，具体以商品页面和售后规则为准。
5. 若因个人原因退货，商品本身无质量问题，退回运费通常由买家承担；若商家承诺运费险或包退服务，则按页面展示和服务规则执行。

五、运费由谁承担

运费责任通常根据退款原因判断：
1. 商品质量问题、错发、漏发、破损
如经核实属于商家或物流责任，退货运费一般由商家承担。您可以上传照片、视频、物流证明等凭证，便于确认责任。
2. 买家个人原因退货
例如不喜欢、拍错、尺寸不合适、颜色不满意等，在商品支持7天无理由且不影响二次销售的前提下，退回运费通常由买家承担。
3. 有运费险的订单
如果订单包含运费险，您按规则完成退货后，保险服务通常会根据实际情况赔付一定金额。运费险赔付不一定等于实际运费，具体以保险规则和页面显示为准。
4. 拒收产生的运费
如果因个人原因拒收，可能需要承担往返运费；如果因商品破损、错发、物流异常等合理原因拒收，建议及时保留凭证并联系商家处理，责任确认后按规则承担费用。

六、退款金额如何计算

退款金额一般根据订单实际支付金额计算，包括商品实付款、优惠分摊、积分、红包、优惠券等因素。
1. 使用优惠券的订单
退款时会按订单实际支付金额和优惠分摊规则计算。部分优惠券可能退回，部分可能因过期、活动规则限制而不退回，具体以页面显示为准。
2. 部分退款
如果一个订单中只退部分商品，系统会按照商品金额、活动优惠、满减分摊等规则计算可退金额。
3. 赠品和套装商品
如果订单包含赠品或套装，退货时通常需要一并退回。若赠品未退回或影响二次销售，商家可能会扣除相应金额。

七、退款迟迟未到账怎么办

如果页面显示“退款成功”，但您还没有看到到账记录，建议您按以下顺序核对：
1. 先确认退款是否已经成功
请查看订单售后详情，确认状态是“退款成功”还是仍在“审核中”“退货中”“商家处理中”。
2. 核对原支付渠道
退款会原路退回，请查看您当时使用的支付账户、银行卡、信用卡或分期账单，不一定会退到平台余额。
3. 留意银行处理时间
银行卡和信用卡退款可能需要3-7个工作日，节假日可能顺延。信用卡退款也可能不是以“入账收入”的形式展示，而是抵扣账单。
4. 超过时效后再反馈
如果超过预计到账时间仍未收到，建议您准备订单编号、退款成功截图、支付凭证和银行账单记录，通过订单售后页面联系商家或申请平台协助核查。

八、温馨提醒

退款到账时间通常分为两个阶段：第一阶段是商家或平台审核处理，常见为48小时内；第二阶段是支付机构或银行入账，常见为1-7个工作日。只要售后页面显示退款成功，款项一般已经进入原路退回流程，请您放心等待。

如果您目前已经提交退款申请，建议您重点查看售后页面的状态提示：若仍在审核中，请等待商家处理；若需要退货，请及时填写退货物流单号；若已显示退款成功，请根据原支付方式核对到账时间。

您好，会的，请您放心。

信用卡退款是否原路返回

一般情况下，如果您下单时使用的是信用卡支付，退款会按原支付路径退回到您付款时使用的那张信用卡账户，不会退到其他银行卡、平台余额或现金账户。

信用卡退款多久到账

信用卡退款通常在退款成功后由支付机构和发卡银行处理，常见到账时间为：
1. 一般情况：3-7个工作日内退回信用卡账户。
2. 节假日或银行系统处理延迟：可能会顺延。
3. 境外卡、联名卡、分期交易等特殊情况：到账时间可能更长，具体以发卡银行账单显示为准。

需要注意的是，退款到账时间是从平台或商家显示“退款成功”后开始计算，不是从您提交退款申请时开始计算。

信用卡退款会怎么显示

信用卡退款到账后，常见有几种展示方式：
1. 抵扣当前账单
如果您的账单还未还款，退款金额通常会抵扣本期应还金额。
2. 形成溢缴款
如果您已经还清了该笔消费对应账单，退款可能会显示为信用卡账户内的溢缴款。
3. 体现在下一期账单
部分银行不会马上以普通入账形式展示，而是体现在后续账单明细中。
4. 分期订单退款
如果信用卡订单办理了分期，退款可能涉及分期取消、账单冲正或部分金额抵扣，具体以银行和支付机构规则为准。

如果没看到退款怎么办

您可以先按以下顺序核对：
1. 查看订单售后页面是否已显示“退款成功”。
2. 确认查看的是当时付款使用的那张信用卡。
3. 查看信用卡未出账单、已出账单、退款/冲正记录或交易明细。
4. 若已超过7个工作日仍未显示，建议您准备订单编号、退款成功页面截图和信用卡账单记录，通过订单售后页面联系商家或申请平台协助核查。

总的来说，信用卡支付的订单退款原则上会原路退回至原信用卡账户，到账后可能表现为账单抵扣、冲正记录或溢缴款，具体展示方式以发卡银行账单为准。"
7,"您好，非常抱歉给您带来了不好的购物体验。您反馈“收到的商品和图片不一样，颜色偏差很大，并且希望投诉”，这个情况我们会认真处理，请您放心。商品展示与实物存在明显差异，确实会影响您的正常判断和使用感受，我们会协助您尽快核实原因，并根据核实结果为您提供退货、换货、补偿或投诉跟进等处理方案。

一、关于颜色偏差和图片不一致的处理原则

一般来说，商品页面图片可能会因为拍摄光线、显示器色差、批次差异等原因存在轻微色差，但如果您收到的商品与页面展示差异明显，例如颜色完全不符、色调偏差严重、实物效果与宣传图片明显不一致，或影响您购买时的核心选择，我们会优先按“商品描述不符”方向协助核实处理。

平台会重点核查以下内容：
1. 页面主图、详情图、颜色选项图是否与实物一致
2. 您下单时选择的颜色、规格、型号是否与发货商品一致
3. 商家是否存在图片误导、描述不准确或发错颜色的情况
4. 商品是否存在批次差异但页面未明确说明
5. 色差是否超出合理范围，是否影响正常使用或购买目的

如果经核实属于商家发错货、页面描述不符、图片展示明显误导等情况，通常会由商家承担相应责任，包括退换货运费、退款处理或其他合理补偿。

二、建议您先提交凭证，便于尽快判定责任

为了更快帮您处理投诉和售后，建议您在订单售后或投诉入口上传以下材料：
1. 商品实物照片
请在自然光下拍摄商品整体图、局部细节图，尽量避免滤镜、强光、暗光环境，以便准确判断颜色差异。
2. 商品页面截图
包括商品主图、详情页颜色展示图、颜色选项图，以及您购买时选择的颜色规格信息。
3. 外包装和标签照片
如果包装、吊牌、标签、型号或色号上有颜色信息，也请一并拍摄，这有助于判断是否发错货或规格不符。
4. 订单信息截图
包括订单编号、购买规格、下单时间等页面信息。您不需要公开敏感信息，只需在平台售后页面按要求提交即可。
5. 对比照片
如果方便，您可以把商品实物与商品页面图片放在同一张截图或同一组凭证中进行对比，这样客服和商家更容易判断差异程度。

凭证越完整，平台介入时越容易快速判定，避免商家以“轻微色差”为由拖延处理。

三、您可以选择的处理方式

根据您的诉求，通常有以下几种处理方式，您可以根据实际情况选择：
1. 申请退货退款
如果您不想继续保留该商品，可以申请退货退款。若核实属于商品描述不符、发错颜色或图片差异明显，一般会支持退货退款，并要求责任方承担相应运费。
2. 申请换货
如果您仍然需要该商品，但希望换成页面展示一致的颜色，可以申请换货。建议在换货前让商家确认实际库存颜色，并要求商家提供真实拍摄图，避免再次收到不符商品。
3. 申请仅退款或补偿
如果商品您可以勉强接受，但认为颜色差异影响价值或使用体验，可以与商家协商部分退款或补偿。是否支持以及补偿金额，需要结合商品差异程度、商品价格、使用影响和商家责任来判断。
4. 发起投诉
如果商家拒绝处理、态度不好、拖延回复，或坚持称“色差正常”但您认为明显不符，您可以发起投诉并申请平台介入。平台会根据双方提交的图片、订单信息、商品页面描述等材料进行判定。

四、具体处理流程

建议您按以下步骤操作：
1. 进入订单页面
找到对应订单，点击“申请售后”或“投诉商家”等相关入口。
2. 选择售后原因
建议选择“商品与描述不符”“颜色/规格不符”“商家发错货”等与实际情况最接近的原因。
3. 填写问题说明
您可以写明：收到商品颜色与页面图片差异明显，购买时是基于页面图片颜色下单，现商品实物与展示不一致，影响使用或不符合预期，要求退货退款、换货或投诉处理。
4. 上传凭证
上传实物图、页面截图、规格截图、包装标签图和对比图。
5. 等待商家处理
一般情况下，商家需要在规定时间内响应售后申请，常见处理时效为24小时至48小时内回复。若商家超时未处理，系统或平台通常会进一步跟进。
6. 协商不一致时申请平台介入
如果商家拒绝承担责任，或双方无法达成一致，您可以申请平台客服介入。平台介入后通常会在48小时左右完成初步审核，复杂情况可能需要3至5个工作日进一步核实。
7. 按判定结果退回商品或获得处理
如果平台判定支持退货退款，您按页面提示寄回商品即可。退货寄出后，请及时填写物流单号。商家收到退货并确认无误后，一般会在1至3个工作日内处理退款，具体到账时间还会受支付渠道影响。

五、关于运费由谁承担

您特别提到商品与图片不一样、颜色偏差很大，这类情况的运费责任通常要看最终核实结果：
1. 如果属于商家责任
例如发错颜色、页面图片与实物严重不符、详情描述存在误导、颜色选项标注错误等，一般应由商家承担退换货运费。您可以要求商家提供退货地址，并说明运费承担方式，例如到付、垫付后报销，或通过平台运费补偿处理。
2. 如果属于合理轻微色差
如果平台核实认为只是拍摄光线、显示设备造成的轻微色差，且商品页面已有明确提示“实物颜色以收到为准”或类似说明，可能会按普通无理由退货处理。此时若商品支持7天无理由退货，退货运费可能需要您自行承担，具体以订单页面和平台规则为准。
3. 如果商品不支持无理由退货
定制类、拆封后影响二次销售的商品、特殊品类商品等，可能不适用7天无理由。但如果确实存在描述不符或发错货，即使不适用无理由，也可以按商品问题申请售后。
4. 建议不要先自行寄回
在责任未确认前，建议您先通过售后页面提交申请，不要私下寄回商品。否则可能出现退货地址不一致、物流无法识别、运费责任难以确认等问题。

六、关于投诉处理时效

您现在希望投诉，我们会建议您保留完整凭证并尽快提交。一般时效可以参考以下情况：
1. 商家响应时效
通常为24至48小时内处理您的售后或投诉申请。
2. 平台介入时效
申请平台介入后，平台一般会在48小时左右进行初步审核。如果涉及图片比对、商家举证、商品页面历史信息核实等，可能需要3至5个工作日。
3. 退款时效
若退货退款通过，商家收到退回商品并确认无误后，通常会在1至3个工作日内处理退款。退款到账时间会根据您使用的支付方式有所不同。
4. 运费补偿时效
如果判定商家承担运费，运费补偿一般需要您提供寄回物流单号和运费凭证。平台或商家审核通过后，会按相应流程退还或补偿，通常需要1至5个工作日。

七、投诉时建议这样表述

您可以在投诉说明中写：

“我收到的商品颜色与商品页面图片展示差异明显，购买时是根据页面颜色展示下单，实物颜色与图片不一致，已影响我的购买目的和使用体验。请商家说明原因并提供处理方案。我要求按商品描述不符处理，支持退货退款或换货，并由责任方承担退换货运费。如商家拒绝处理，请平台介入核实。”

这样的描述比较清晰，有利于平台快速判断您的诉求和责任点。

八、请您注意保留商品状态

在售后处理完成前，建议您注意以下几点：
1. 暂时不要继续使用商品
如果商品被使用、清洗、剪标、拆封到影响二次销售，可能会影响退货处理。
2. 保留原包装、配件、赠品、吊牌
退货时通常需要商品、包装、配件、赠品齐全。
3. 保留沟通记录
如果商家承认发错货、承认图片不一致、承诺承担运费，请保留聊天记录，后续平台介入时可以作为凭证。
4. 不要私下交易或线下转账
所有退款、补偿、运费报销尽量通过平台售后流程完成，这样更有保障。

九、我们会如何保障您的权益

请您放心，您反馈的问题并不是简单按“个人不喜欢”处理，而是会重点核实是否存在“实物与描述不符”。如果确实是商家页面展示不准确、发货错误或存在明显误导，平台会支持您合理维权，包括退货退款、换货、运费承担以及投诉记录处理。

您现在可以先提交售后申请并上传对比凭证。如果商家在48小时内没有给出合理方案，或者拒绝承认明显差异，建议您直接申请平台介入。平台会结合您提供的图片、商品页面展示、订单规格和商家举证进行判断，尽量为您推动一个公平、明确的处理结果。"
8,"您好，非常抱歉给您带来了不好的购物体验。您反馈“商品宣传功能与实际不一致，涉嫌虚假宣传”，这类问题我们会按投诉类问题优先处理。请您放心，平台会根据商品页面宣传内容、订单信息、实物情况、商家说明及您提供的证据进行核实，不会简单要求您自行承担结果。

一、您的投诉我们可以受理

如果商品存在以下情况，您都可以发起投诉或申请售后：
1. 商品详情页、标题、主图、视频、直播讲解、客服承诺中宣传了某项功能，但实际商品不具备。
2. 宣传效果明显夸大，例如承诺特定性能、适用场景、材质、容量、规格、版本、配件等，但实物与描述不符。
3. 商家在咨询过程中作出明确承诺，但收到商品后无法实现。
4. 商品页面存在容易误导消费者的表述，导致您基于该宣传下单。
5. 商品实际参数、功能、型号、包装、说明书与页面标注不一致。

如果核实确实存在宣传不实、描述不符或商家承诺未履行，平台会根据实际情况支持退货退款、退款不退货、补发配件、差价补偿、商家整改、投诉处罚等处理方式。

二、建议您先准备这些材料，便于快速核实

为了更准确判断责任归属，建议您尽量保留并提交以下证据：
1. 订单信息
包括订单编号、购买时间、商品名称、购买数量、支付金额等。您在订单详情页一般可以查看到相关信息。
2. 宣传页面截图或录屏
建议截取商品标题、主图、详情页、参数说明、功能介绍、宣传承诺等内容。如果商品页面已经修改，您之前保存的截图会非常关键。
3. 与商家的沟通记录
如果商家客服曾承诺过某项功能、效果、材质、规格、适配范围等，请保留聊天记录截图。平台核实时会结合商家承诺判断。
4. 实物问题证明
可以拍摄商品外观、铭牌、标签、说明书、包装、实际操作过程、功能无法实现的视频等。若是功能差异，视频通常比单张图片更有证明力。
5. 对比说明
建议您简单写明：“页面宣传了什么功能”“实际收到后哪里不一致”“您希望如何处理”。这样售后专员可以更快定位争议点。

三、处理流程如下
1. 提交投诉或售后申请
请您在订单详情中选择对应商品，发起“退货退款”“仅退款”或“投诉商家/商品描述不符”等入口，并上传相关凭证。若您已经发起过售后，也可以在原售后单中补充证据。
2. 平台初步审核
平台通常会在48小时内对您提交的投诉内容和凭证进行初步核实。如果证据较完整，处理效率会更高。若材料不足，可能会要求您补充截图、视频或说明。
3. 商家举证与说明
平台会要求商家针对宣传内容、商品功能、页面描述、发货商品是否一致等进行说明。商家需要提供有效证明，例如商品资质、检测说明、页面配置依据、发货记录等。
4. 平台判责
平台会综合商品页面宣传、商家承诺、实物证据、物流签收情况、售后沟通记录等判断责任。如果确认商品与宣传不符，通常会判定为商家责任。
5. 处理结果执行
根据问题严重程度和您的诉求，平台可能支持退货退款、仅退款、补偿、补发、换货或其他方案。若涉及退货，商家责任导致的退货运费原则上不应由您承担，具体以平台审核结果为准。

四、关于退货退款和时效

如果您希望退货退款，一般处理方式如下：
1. 未影响二次销售的普通商品
若商品支持7天无理由退货，并且商品完好、配件齐全、包装及赠品完整，您可以按7天无理由申请退货退款。若是因为虚假宣传或描述不符导致退货，即使不属于普通无理由场景，也可以按商品问题类售后提交。
2. 商品确实存在宣传不符
如果平台核实为商家责任，通常会支持退货退款。您退回商品后，商家签收并确认无误，一般会在1至3个工作日内完成退款审核；若商家未及时处理，平台会根据售后规则介入推进。
3. 仅退款情况
如果商品无法正常使用、价值较低、退回成本过高，或商家认可问题，平台可能根据实际情况支持仅退款、部分退款或补偿方案。但是否支持需要结合商品类别、问题程度和证据情况审核。
4. 换货或补发
如果您仍希望保留商品，但缺少配件、功能模块发错、版本发错，平台可能协调商家换货或补发。换货通常需要您寄回原商品，商家收到后安排重新发出；补发时效一般取决于商家库存和物流，一般会在商家确认后1至3天内安排。

五、关于运费由谁承担

您关心的运费问题，平台会重点核实责任归属：
1. 若核实为商家责任
例如商品功能与宣传不符、发错型号、参数虚标、商家承诺未履行等，退货运费原则上应由商家承担。您可以优先在售后页面选择平台认可的退货方式，或按页面提示上传退货凭证。
2. 若责任暂未明确
平台会先要求双方举证。建议您不要私下自行处理运费补偿问题，尽量通过售后页面提交材料，这样后续平台才能更好地判断和追踪。
3. 若属于7天无理由且商品本身无问题
一般情况下，非质量或非商家责任导致的退货，运费可能需要由消费者承担。但您当前反馈的是“宣传与实际不一致”，如果证据成立，就会按商品问题或商家责任方向处理。
4. 关于运费险
如果订单包含运费险，您可以按页面提示退货。运费险赔付金额以保险规则为准；若赔付不足且最终判定为商家责任，您可以继续申请商家承担合理差额。

六、关于责任归属和可能结果

平台核实后一般会出现以下几种结果：
1. 确认宣传不实或描述不符
平台会支持您的合理售后诉求，并要求商家承担相应责任，包括退货退款、补偿运费、商品页面整改等。情节严重的，平台会根据规则对商家采取处理措施。
2. 商家页面表达不清，容易引起误解
如果宣传内容存在歧义，平台会结合消费者理解、商品实际功能、商家解释进行判断。若确实对购买决策造成影响，平台会推动商家给出合理解决方案。
3. 商品功能需要特定条件才能实现
如果商家宣传的功能需要搭配设备、特定环境、特定版本、额外配件或安装条件，但页面未清楚说明，也可能构成信息披露不足。平台会进一步核实是否属于商家说明不充分。
4. 未能证明宣传与实物不一致
如果现有证据不足，平台可能会要求补充材料。建议您尽量提供页面截图、实物视频和沟通记录，以免影响判责。

七、您现在可以这样操作

请您按以下步骤处理，会更稳妥：
1. 进入订单详情，找到对应商品，发起售后或投诉。
2. 在问题描述中写清楚：商品宣传的具体功能、实际无法实现的情况、您希望退货退款还是要求赔偿或整改。
3. 上传商品宣传截图、实物照片或视频、与商家的聊天记录。
4. 如商家拒绝处理或答复不合理，请在售后页面申请平台介入。
5. 平台介入后通常会在48小时内进行审核，并根据双方证据推进处理。复杂情况可能需要商家补充材料，处理时间可能延长至3至5个工作日，请您留意页面通知。

八、投诉诉求可以这样填写

为了让处理人员快速理解，您可以在投诉描述中这样写：

“商品页面宣传具备某某功能，但我收到商品后实际无法实现该功能。该功能是我购买商品的重要原因，商家宣传内容与实物不一致，涉嫌虚假宣传或商品描述不符。现要求平台核实商家宣传内容，并支持退货退款，相关退货运费由商家承担；如平台核实属实，请对商家页面进行整改并按规则处理。”

您也可以根据自己的实际诉求改成“仅退款”“补偿差价”“换货”“补发配件”等。

九、请您放心

您提出投诉是合理的维权方式。只要商品宣传内容与实际存在明显不一致，并且您能提供相应凭证，平台会根据规则保护您的合法权益。建议您尽快提交售后或投诉申请，并保留商品、包装、配件、说明书及相关聊天记录，在处理完成前尽量不要丢弃或自行拆改商品，以免影响后续举证和判责。

我们会重视您反馈的虚假宣传问题，并推动商家给出明确说明和处理方案。"
9,"您好，非常抱歉让您遇到“少发一件且承诺补发后一周仍未发出”的情况。请您放心，这类问题平台会以订单记录、包裹重量、仓库出库记录、客服承诺记录等为依据协助核实处理；如果确认为少发或补发超时未处理，一般会继续安排补发、改为退款，或给出其他可执行的解决方案。

一、您现在可以先这样处理
1. 再次联系平台客服，要求升级处理

您可以明确说明：“订单少发一件，之前客服已承诺补发，但已经超过一周仍未发出，请帮我升级专员核实补发进度，并给出明确处理时效。”

建议您要求客服提供以下信息：
是否已经创建补发单
补发单是否有单号或内部处理记录
补发商品是否有库存
预计什么时候发出
如果无法补发，是否可以直接退款
本次延误是否可以申请补偿或优惠券，具体以平台规则为准
2. 提交或补充凭证

为了加快处理，建议您准备好以下材料：
订单编号
收到包裹的商品实拍图
包裹外包装照片，包括面单、箱体、封口处
商品清单或订单截图
与客服沟通中“承诺补发”的聊天记录截图
如有开箱视频，也可以一并提交

如果您已经提供过凭证，可以提醒客服：“相关凭证之前已经提交，请不要重复让我等待，请核实补发进度或给出退款方案。”

二、关于补发时效，一周未补发是否正常

一般情况下，如果商家或平台客服已经确认少发并承诺补发，常见处理节奏通常是：
1. 核实阶段

通常会在24至48小时内核实仓库出库记录、包裹重量、物流揽收信息以及商品库存情况。
2. 创建补发单

确认可以补发后，一般会在1至3个工作日内生成补发安排。
3. 实际发货

若商品有库存，通常会在3至5个工作日内发出；如果遇到缺货、仓库盘点、节假日、促销高峰、偏远地区调拨等情况，可能会延长。

但您现在的情况是：客服已承诺补发，却过了一周仍未补发。这个时间已经比较久了，建议不要继续单纯等待，而是要求客服明确给出“最晚发出时间”或“无法补发则退款”的处理结果。

三、可以要求哪些解决方案

您可以根据自己的需求选择以下方案：
1. 继续补发

如果您仍然需要这件商品，可以要求客服尽快安排补发，并提供补发物流单号。建议您要求客服承诺一个明确时限，例如“请在48小时内反馈补发单号或处理结果”。
2. 改为退款

如果您已经不想再等，或者商品长时间没有库存，可以要求对少发的那一件进行退款。退款金额一般应按照少发商品的实际支付金额处理。如果订单使用了优惠券、满减、积分、红包等，退款金额可能会按照平台规则进行分摊计算。
3. 整单售后或部分售后

如果少发商品影响整套商品使用，例如套装少了一件关键配件、组合商品缺少核心件，您可以说明“缺少该商品导致整体无法正常使用”，申请更合理的售后方案，比如补齐、部分退款、整套退货退款等，具体要看商品属性和平台售后规则。
4. 申请催促和投诉

如果客服一直只回复“再等等”“帮您催促”，但没有实际进展，您可以要求升级投诉或平台介入。投诉时请重点说明：
商品实际少发
客服已承诺补发
已等待一周仍未补发
未给出明确补发单号或退款方案
诉求是48小时内补发并提供单号，或直接退款

四、运费和责任归属怎么处理

如果确认为商家或仓库少发，一般责任不应由您承担。通常处理原则如下：
1. 补发运费

少发商品的补发运费一般应由商家或平台承担，您不应再次支付运费。
2. 退款费用

如果改为退款，退款应针对少发商品对应的实际支付金额。若涉及运费，需结合订单是否包邮、是否部分发货、是否影响整单使用等规则核算。
3. 退货运费

如果因为少发导致您需要退回已收到商品，且责任确认为商家少发，通常可申请商家承担退货运费或按平台规则报销。但如果是您个人原因不想要，运费责任可能会按普通退货规则处理。
4. 责任认定

少发问题一般会核对仓库发货重量、拣货记录、打包监控、物流称重、商品清单、您的收货凭证等。只要凭证完整、情况属实，平台通常会推动商家处理。

五、建议您和客服这样表达，效率会更高

您可以直接复制以下内容进行沟通：

“您好，我的订单收到后少了一件商品，之前已经联系过客服，并被告知会补发，但现在已经过去一周仍未补发，也没有收到补发物流单号。请帮我升级处理并核实补发单是否已创建、商品是否有库存、预计何时发出。我的诉求是：请在48小时内安排补发并提供物流单号；如果无法补发，请直接为少发的商品办理退款。补发运费应由商家承担，请不要让我继续无明确时限地等待。”

如果客服仍然没有实质进展，您可以继续补充：

“该问题已超过承诺处理时间，请升级专员或平台介入处理。我可以提供包裹照片、订单截图、商品实拍图和之前客服承诺补发的聊天记录。请给出明确处理结果，而不是仅做催促。”

六、如果商家一直拖延，建议按这个时间线推进
1. 现在立即联系客服

要求客服查询补发单状态，并明确48小时内给出补发单号或退款处理结果。
2. 48小时内仍无进展

申请平台介入或发起投诉，上传少发凭证和承诺补发的聊天记录。
3. 3至5天仍未解决

要求改为退款，或根据平台规则申请售后升级处理。
4. 超过售后有效期前

请务必在订单售后期限内提交正式售后申请，不要只停留在聊天沟通中。聊天承诺虽然可以作为凭证，但正式售后单更有利于保障您的处理时效和权益。

七、需要特别注意的事项
1. 不要撤销售后申请

如果您已经发起售后，在问题没有实际解决前，不建议随意撤销。部分订单撤销后可能无法再次发起，或会增加处理难度。
2. 保留所有证据

包括聊天记录、订单截图、包裹照片、商品照片、物流信息等，尤其是客服承诺补发的记录，非常关键。
3. 确认补发是否有物流单号

仅客服口头说“已经催了”不等于已经补发。真正补发通常应能查询到补发单、物流单号或发货记录。
4. 注意库存原因

如果客服表示缺货，您可以要求给出预计到货时间。如果无法确认到货时间，建议直接申请退款，避免继续等待。
5. 区分“补发中”和“已发货”

“补发处理中”只是内部流程状态，不代表商品已经发出。您可以要求客服提供具体发货时间或物流编号。

八、总结处理建议

您这个情况不建议继续无限期等待。既然已经超过一周，建议您马上要求客服升级处理，并明确提出两个可执行选项：
1. 48小时内补发并提供物流单号；
2. 如果无法补发，立即办理少发商品退款。

请您放心，只要确认为少发，且您能提供订单、包裹、商品和客服承诺记录，通常可以继续推动补发或退款处理。重点是不要只接受“帮您催促”的模糊回复，一定要让客服给出明确时效、明确方案和可查询的处理记录。"
10,"您好，非常抱歉让您有这么不好的售后维修体验。您已经送修半个月还没有修好，这个等待时间确实会让人着急，也会影响您正常使用商品。请您放心，我们会优先协助您跟进维修进度，并根据商品实际情况、维修超时原因以及售后政策，为您推动尽快处理。

一、关于维修时间过长的问题

正常情况下，商品送修后的处理会经历以下几个环节：
1. 售后受理与检测
商品到达售后点或维修中心后，一般会先进行签收、登记、外观检查、故障检测。通常检测时间约为1至3个工作日，部分复杂故障可能需要更长时间确认。
2. 维修方案确认
检测完成后，售后会判断是否属于保修范围、是否需要更换配件、是否需要返厂维修。如果涉及人为损坏、进液、摔坏、私拆等情况，可能需要先与您确认维修费用后再继续处理。
3. 配件调拨或返厂维修
如果需要更换配件，维修时间会受到配件库存、调拨时效、厂家排期影响。一般常规维修约需3至7个工作日；若涉及返厂、缺件、复杂故障、多次检测，整体周期可能延长至7至15个工作日甚至更久。
4. 维修完成与寄回
维修完成后会安排质检、出库和物流寄回。寄回物流一般约需2至5天，具体以收货地区和物流情况为准。

您反馈已经超过半个月仍未修好，建议立即升级跟进，不应只是让您继续等待。

二、我们建议您这样处理

为了尽快解决，请您准备好以下信息，通过订单售后页面或平台客服入口提交：
1. 订单编号或售后服务单号
用于查询您的商品目前处于检测、维修、待配件、返厂、待寄回中的哪一个环节。
2. 商品送修时间和物流签收时间
如果商品已经被售后签收超过15天，可以重点要求客服核实是否存在维修超时、配件延迟或流程停滞。
3. 当前售后页面显示状态
例如“维修中”“待检测”“返厂中”“等待配件”“已完成待寄回”等，不同状态对应的处理方式不同。
4. 您的具体诉求
您可以明确提出：要求尽快维修完成、给出准确完成时间、维修超时改为换货、无法维修则退款或按政策补偿。

三、关于您可以要求平台处理的方向

针对“半个月还没修好”的情况，建议您可以要求客服为您做以下升级处理：
1. 要求48小时内给出明确答复
您可以要求售后在48小时内反馈具体原因，包括是否缺配件、是否返厂、是否检测异常、预计什么时候修好。不能只回复“请耐心等待”，应给出相对明确的处理节点。
2. 要求提供预计完成时间
如果商品还在维修中，售后应尽量给出预计完成时间。例如预计3至5个工作日内完成维修、预计配件到货后安排维修等。若无法给出时间，您可以要求进一步升级专员或厂家核实。
3. 要求判断是否可以换货或退款
如果维修周期明显过长，或者商品维修后仍无法正常使用，您可以要求平台根据售后政策判断是否支持换货、退货或其他处理方案。一般需要结合商品类目、购买时间、保修政策、故障原因以及检测结果来确定。
4. 要求补偿或运费处理
如果是商品本身质量问题且在保修范围内，通常检测、维修、返寄费用应按售后政策由商家或平台承担。若因售后原因导致严重延误，您也可以要求客服登记补偿诉求，平台会根据实际责任、延误天数、商品金额及服务规则进行核实处理。

四、关于运费和责任归属

如果检测结果显示是商品质量问题，并且仍在保修期内，一般处理原则如下：
1. 维修费用
符合保修条件的质量问题，通常不收取维修费用。
2. 往返运费
在保修范围内的质量问题，平台或商家一般会按规则承担寄修或返寄费用。部分情况下可能需要您先垫付寄出运费，后续凭物流凭证申请报销，具体以售后页面规则为准。
3. 非质量问题
如果检测为人为损坏、进水、摔坏、挤压变形、私自拆修、超过保修期等，可能需要您自行承担维修费和相关运费。若您对检测结果不认可，可以要求提供检测说明或申请复核。
4. 延误责任
如果延误是因为商家未及时送检、维修中心长期无反馈、配件调拨异常但未主动通知，您可以要求平台介入核实责任，并登记投诉或补偿申请。

五、关于时效，您可以参考这些节点

为了让您更清楚地判断是否超时，可以参考以下常见售后时效：
1. 售后受理：通常1至3个工作日内完成初步审核。
2. 商品检测：通常1至3个工作日内完成，复杂问题可能延长。
3. 常规维修：通常3至7个工作日。
4. 返厂或缺配件维修：可能需要7至15个工作日或更久，但应主动告知原因。
5. 维修超时跟进：建议要求客服在48小时内反馈明确进展。
6. 维修完成寄回：一般2至5天左右送达，偏远地区或特殊物流情况可能延长。

您目前已经等待半个月，建议不要再单纯等待，可以直接要求“升级专员处理，并在48小时内给出维修完成时间或替代方案”。

六、建议您提交投诉时这样描述

您可以在售后页面或客服入口这样表达：

“我的商品已送修超过半个月，目前仍未维修完成，也没有明确完成时间。请核实商品当前维修状态、延误原因、是否缺配件或返厂，并在48小时内给出明确处理结果。如果短期内无法修好，请按售后政策协助换货、退款或提供合理补偿。同时请确认维修及往返运费由谁承担。”

这样描述会更便于客服快速定位您的诉求，也有利于平台升级处理。

七、后续您需要重点关注
1. 售后单状态是否更新
如果长时间停留在同一状态，建议及时催办。
2. 是否有明确预计完成时间
如果客服无法给出预计时间，可以要求升级处理。
3. 是否产生费用
如产生维修费或运费，请先确认责任归属和收费依据，不建议在未确认清楚前直接付款。
4. 维修后是否仍存在故障
收到商品后建议尽快验收测试。如维修后仍有同样问题，应立即在售后页面反馈，申请重新处理、换货或其他方案。

八、给您的处理建议总结

请您放心，您这种“送修半个月仍未完成”的情况，可以要求平台重点催办和升级处理。建议您立即通过订单售后入口联系在线客服，提供售后单号、送修时间、物流签收记录和当前页面状态，要求客服在48小时内反馈明确结果。如果确实存在维修超时或售后未及时处理，您可以进一步申请平台介入、投诉商家服务、要求换货退款或补偿。

再次为这次维修等待给您带来的不便向您道歉。您的诉求是合理的，建议您不要只接受笼统等待回复，而是明确要求给出维修进度、预计完成时间以及超时后的替代处理方案。"
11,"您好，非常抱歉给您带来了不好的购物体验。您收到的商品仅剩约1个月保质期，这种情况我们非常重视。请您放心，我们会协助您核实商品批次、剩余保质期以及是否符合平台销售标准，并根据核实结果为您处理退货、换货、退款或补偿等方案。

一、关于“临期商品”的处理原则

一般情况下，食品、保健品、个护、母婴、宠物食品等有保质期的商品，平台和商家都应确保商品在发出时仍处于可正常使用或食用的合理期限内。如果商品页面未明确标注“临期”“清仓”“短保质期”“特价临期”等信息，而您收到后发现仅剩1个月保质期，您可以申请售后处理。

如果商品本身属于页面明确说明的临期商品、折扣临期商品或特殊批次商品，则需要结合页面标注、购买时提示、商品类别及剩余保质期进行判断。但即便如此，商品也必须在保质期内，且不得存在变质、破损、胀包、漏液、异味、霉变等质量问题。

二、建议您先保留以下凭证

为了更快帮您处理，请您先不要丢弃商品、外包装和快递包装，并尽量拍照留存：
1. 商品正面照片：能看清商品名称、规格、品牌。
2. 生产日期和保质期照片：请拍清楚喷码、标签或包装上的日期信息。
3. 商品批号照片：如包装上有批次号、追溯码，也建议一并拍摄。
4. 快递面单或外箱照片：用于核实发货批次和仓库信息。
5. 订单截图：包含订单编号、购买时间、商品名称即可。
6. 如商品已开封，请拍摄开封状态及剩余商品情况。

这些凭证主要用于判断是否为发错批次、仓库先进先出异常、商品页面未充分提示，或商家存在临期未告知的情况。

三、您可以申请的售后方案

根据商品情况不同，通常可以按以下方式处理：
1. 申请退货退款
如果您不接受剩余保质期较短的商品，可以在订单售后入口提交退货退款申请。平台或商家审核通过后，您按系统提示寄回商品，仓库签收并核验无误后，会为您办理退款。一般退款会在商家确认收货后1至3个工作日内原路退回，具体到账时间以支付渠道处理为准。
2. 申请换货
如果您仍需要该商品，可以申请换货，并在申请中备注“收到商品仅剩1个月保质期，希望更换新日期批次”。商家审核后会根据库存情况安排换新。换货时效通常为商家收到退回商品后3至5个工作日内重新发出，具体以仓库处理和物流情况为准。
3. 申请仅退款或部分补偿
如果商品金额较低、退回不便，或商品属于不适合二次销售的品类，您可以在售后申请中说明情况并上传凭证，平台或商家会结合商品性质、剩余保质期、是否已开封、页面是否有提示等因素评估是否支持仅退款或补偿。最终方案以售后审核结果为准。
4. 如商品存在质量问题
如果商品不仅临期，还出现破损、胀包、漏液、异味、变色、霉变、结块、包装污染等情况，请您立即停止使用或食用，并优先申请“商品质量问题”售后。此类情况通常会优先核实处理，商家一般需要在48小时内响应售后申请；如超时未处理，您可以申请平台介入。

四、关于运费由谁承担

请您放心，如果经核实商品确实存在以下情况，通常不应由您承担退回运费：
1. 页面未明确说明临期或短保质期，但实际收到商品剩余期限明显偏短。
2. 商品生产日期、保质期与页面宣传或客服承诺不一致。
3. 商家发错批次、发错商品，或仓储发货存在异常。
4. 商品存在质量问题、包装破损、污染、变质等情况。
5. 商品不符合平台关于有效期商品销售的相关要求。

如果系统页面暂时需要您先行垫付运费，请您保留寄件单号和运费支付凭证。售后判定为商家责任后，运费一般会通过售后补偿、退运费或其他平台支持方式退还给您。若您使用的是平台提供的上门取件或运费险服务，具体抵扣和赔付以页面显示为准。

如果经核实商品页面已明确标注临期、清仓、短保等信息，且商品仍在可使用期限内，同时不存在质量问题，则运费责任可能需要根据商品页面说明、售后规则及订单实际情况判断。

五、处理流程和预计时效

您可以按以下步骤操作：
1. 进入订单页面，找到对应商品，点击“申请售后”。
2. 选择“退货退款”“换货”或“仅退款”等适合的类型。
3. 在问题描述中写明：“收到商品仅剩约1个月保质期，购买时未注意到或页面未明确提示，申请售后处理。”
4. 上传商品生产日期、保质期、批号、外包装、快递包装等照片。
5. 提交后等待商家审核。一般商家会在48小时内处理。
6. 如商家同意退货或换货，请按系统提示寄回或预约取件。
7. 商家收到商品并核验后，一般会在1至3个工作日内完成退款，换货通常在3至5个工作日内安排重新发出。
8. 如果商家拒绝处理、处理方案不合理，或超过48小时未响应，您可以在售后页面申请平台介入，平台会根据凭证和规则进一步核实。

六、是否适用7天无理由退货

如果商品属于支持7天无理由退货的品类，并且您未拆封、未使用、不影响二次销售，可以按7天无理由申请退货。但您这个情况更建议优先选择“商品保质期异常”或“商品与描述不符”等原因提交，因为如果核实为商家责任，退货运费和处理责任会更有利于您。

需要注意的是，部分食品、生鲜、贴身用品、定制商品、已拆封后影响二次销售的商品，可能不支持普通7天无理由退货。但如果存在保质期异常、质量问题或页面未如实告知，仍可以按售后问题申请处理。

七、请您放心，我们会协助跟进

您遇到这种情况是可以申请售后核实的。建议您尽快提交售后申请，并完整上传日期凭证。只要核实商品剩余保质期明显不合理、页面未充分提示，或属于商家发货责任，平台会支持您依法依规处理，包括退货退款、换货、运费承担或相应补偿。

请您先保留商品和包装，不要自行丢弃，也尽量不要继续使用或食用。提交售后后，如商家处理不及时或方案无法接受，您可以继续申请平台介入，我们会根据订单、商品页面信息、照片凭证和商家发货记录进行判断，尽快给您一个明确处理结果。"
12,"您好，非常抱歉让您遇到这样的送货体验。快递员在配送过程中态度恶劣，甚至出现辱骂行为，这是不能被接受的。请您放心，我们会按投诉流程严肃跟进，不会因为是配送环节就简单带过，也不会要求您自行与快递员反复沟通。

一、我们会如何处理您的投诉

针对您反馈的“快递员态度差、送货时辱骂”的情况，建议您尽快提交投诉信息，我们会协助核实并推动快递公司处理。一般处理流程如下：
1. 登记投诉
请您提供订单号、运单号、收货手机号、配送时间、配送地址所在区域，以及快递员辱骂或态度恶劣的大致经过。信息越完整，核实越快。
2. 平台受理并转交核查
投诉提交后，平台会将问题反馈给对应物流服务商或配送站点，要求其核查配送记录、快递员信息、通话记录、站点派件记录等。
3. 核实责任
如确认为快递员存在辱骂、威胁、恶意拒送、故意刁难等不当行为，物流方通常会对相关人员进行内部处理，包括但不限于批评教育、服务考核扣罚、调岗、停派或进一步纪律处理。具体处理结果会根据核实情况和物流方管理规则执行。
4. 反馈处理结果
一般情况下，投诉会在 48小时内 有初步反馈；如果需要调取录音、核查站点或联系多方确认，可能需要 3至5个工作日。我们会尽量催促加快处理，并将结果反馈给您。

二、建议您保留这些证据，方便更快核实

为了保障您的权益，建议您尽量保留以下材料：
1. 通话录音或短信、聊天记录
如果快递员通过电话、短信、平台消息联系您，相关内容可以作为重要凭证。
2. 配送时间和地点
请尽量回忆辱骂发生的大概时间、地点，例如小区门口、楼下、电话沟通中、取件点等。
3. 快递员信息
如果您知道快递员姓名、手机号尾号、工牌信息、站点名称或车辆信息，也可以一并提供。
4. 现场证人或监控线索
如果当时有家人、物业、邻居在场，或小区有监控，也可以说明情况。平台不会强制您提供这些，但有助于更快确认事实。

即使您暂时没有录音，也可以先提交投诉。我们会根据订单和物流轨迹核查对应派件人员及站点，不会因为您没有完整证据就不受理。

三、关于后续配送和安全问题

请您放心，如果您担心该快递员再次联系或继续派送，可以在投诉时明确备注：
1. 要求更换配送人员；
2. 要求站点负责人回访处理；
3. 要求后续不要由该快递员再次配送；
4. 如包裹尚未签收，可要求改派、放置指定地点或按您的意愿重新安排配送。

如果包裹还在配送中，建议您不要与对方发生进一步争执，也不需要单独与快递员协商。您可以通过平台或物流客服渠道处理，由我们协助沟通会更稳妥。

四、如果因此影响了收货，可以这样处理

如果快递员的不当行为导致您没有正常收到商品、包裹被拒送、延误、私自签收、放错位置或出现破损遗失，请您一并说明，我们会按具体情况协助处理：
1. 未收到货但显示签收
请尽快反馈。平台会核查签收凭证、配送轨迹和站点记录。若确认为虚假签收或配送异常，会要求物流方查找包裹或给出处理方案。
2. 包裹被快递员故意拒送或拖延
可要求物流方重新派送或更换配送人员。一般会在 24至48小时内 安排进一步处理，偏远地区或特殊天气可能略有延迟。
3. 商品破损或丢失
请保留外包装、商品照片、物流面单等材料。经核实属于运输责任的，会根据订单情况协助补发、退款、退货退款或赔付处理。
4. 您已不想继续收货
如果商品符合平台退货规则，且未影响二次销售，可按退货退款流程申请。若是因为物流服务严重问题导致的拒收或退回，运费责任会结合订单类型、商家承诺及物流责任核实后处理。

五、关于运费和补偿问题

如果只是服务态度投诉，通常会先由物流方进行服务整改和回访道歉；如果该行为同时造成了实际损失，例如包裹延误、商品损坏、丢失、退回、额外运费等，可以进一步申请责任核定。

常见处理原则如下：
1. 因物流方原因导致退回或重新配送
一般不应由您承担不合理的重复运费，具体以订单规则和核实结果为准。
2. 因辱骂、拒送等服务问题导致您拒收
建议您先提交投诉并说明拒收原因，平台会结合物流记录判断是否属于物流服务责任。
3. 造成实际经济损失
请提供相关凭证，例如额外支付的运费、商品损坏照片、未收到货证明等。核实后会按平台规则协助处理。
4. 精神感受和服务体验问题
平台会督促物流方进行道歉、整改和人员管理，但具体补偿形式需根据平台规则、物流方处理政策及核实结果确定。

六、您现在可以这样提交投诉

为了尽快处理，建议您按以下内容整理后提交：
1. 订单号或运单号；
2. 收货人手机号后四位；
3. 事发日期和大概时间；
4. 快递公司名称；
5. 快递员手机号或姓名，如有；
6. 辱骂发生的方式，是电话中、当面、短信还是其他方式；
7. 事情经过，尽量按时间顺序描述；
8. 是否影响签收，包裹目前是否收到；
9. 是否有录音、截图、监控、证人等证明材料；
10. 您希望的处理诉求，例如道歉、处罚、更换快递员、重新派送、核查虚假签收、赔偿损失等。

如果您已经在平台内提交过投诉，也建议您补充这些信息，这样处理人员能更准确地判断责任并推进物流方尽快反馈。

七、请您放心的几点
1. 您反馈的问题属于严重服务态度投诉，会按正式投诉流程处理。
2. 您不需要私下与快递员争执或反复沟通，平台会协助对接。
3. 投诉后一般 48小时内 会有初步处理进展，复杂情况通常 3至5个工作日 内进一步反馈。
4. 如果涉及包裹异常、运费损失或商品损坏，可以与服务态度投诉合并处理，不需要分开重复说明。
5. 您的个人信息会仅用于订单核实和投诉处理，不会无关扩散。

再次向您道歉。配送人员辱骂用户这种情况确实会让人非常不舒服，也会影响您对平台和物流服务的信任。请您尽快提交订单和事发信息，我们会协助严肃核查，并推动物流方给出明确处理结果。"
13,"您好，非常抱歉给您带来了这么不好的购物和售后体验。您反馈“商品使用一次就坏了、联系客服没人处理”，这确实会让人很着急也很失望。请您放心，涉及疑似质量问题的商品，我们会按照平台售后规则协助您核实处理，不会让您一直无人跟进。

一、关于商品使用一次就损坏的处理原则

如果商品在正常使用情况下，短时间内出现无法使用、功能失效、破损、异常故障等情况，通常会优先按“疑似质量问题”受理。平台会根据商品类型、购买时间、使用情况、售后政策以及凭证材料进行判断。

一般处理方向包括：
1. 退货退款
如果商品符合退货条件，且经核实属于质量问题或无法正常使用，可为您申请退货退款。
2. 换货
如果您仍需要该商品，且商家有库存，可申请换货处理。换货一般需要先寄回问题商品，商家核验后安排重新发出。
3. 维修
部分商品如家电、数码、工具类、设备类等，可能适用保修或维修政策。若仍在保修期内，且故障属于质量问题范围，可协助安排维修或提供维修方案。
4. 补偿或配件补发
如果问题属于配件缺失、局部损坏、非核心部件故障等情况，经协商也可能通过补发配件、部分退款等方式处理。

具体采用哪种方案，需要结合商品页面售后规则、订单状态以及您提供的故障凭证来确认。

二、建议您尽快准备以下凭证，便于加快处理

为了避免售后反复沟通，建议您一次性提交完整材料，这样平台或商家审核会更快：
1. 订单信息
包括订单编号、购买时间、商品名称、规格型号等。
2. 商品故障照片或视频
建议拍摄一段清晰视频，内容包括：
商品外观；
商品正常操作过程；
故障出现的具体表现；
如有报错、断裂、无法启动、漏液、异响、冒烟、屏幕异常等情况，请尽量拍清楚。
3. 包装及配件情况
如果外包装、说明书、配件、赠品还在，请一并保留。退换货时通常需要尽量保持商品、配件、赠品、包装齐全。
4. 使用说明
简单说明您是如何使用的、使用了多久、第一次出现问题的时间点。比如“收到后当天使用一次，正常操作后无法启动”。
5. 与客服沟通记录
如果您已经联系过客服但无人处理，建议保留聊天截图或记录，后续可以作为平台介入时的辅助凭证。

三、关于售后处理流程

您可以按照以下流程操作：
1. 在订单页面提交售后申请
进入对应订单，选择“申请售后”或“退换/售后”，售后原因建议选择“质量问题”“商品故障”“无法正常使用”等与实际情况一致的选项，并上传照片、视频及文字说明。
2. 等待商家审核
一般情况下，商家会在约48小时内处理售后申请。如果商家未及时响应、拒绝处理但理由不充分，或处理方案您不认可，您可以申请平台介入。
3. 商家同意后按要求寄回
如果需要退货、换货或检测，商家会提供退货地址或寄回方式。请您按照售后页面要求寄回，并保留快递单号。
4. 商家收货检测
商家收到商品后，一般会在3-5个工作日内完成核验。若确认属于质量问题，会继续办理退款、换货、维修或其他约定方案。
5. 平台介入处理
如果商家超过约48小时未处理，或您认为商家的处理不合理，可以在售后页面发起平台介入。平台会结合订单、商品问题凭证、物流信息、双方沟通记录等进行判断，并给出处理结果。

四、关于运费由谁承担

针对质量问题产生的退换货运费，一般原则如下：
1. 若核实为商品质量问题
通常应由商家承担合理的退换货运费。您可以在售后申请中备注“商品使用一次即损坏，疑似质量问题，请商家承担退换货运费”。
2. 若需要您先行垫付运费
部分售后流程可能需要买家先寄回商品并垫付运费。建议您务必保留快递面单、支付凭证和物流单号。商家核实质量问题后，可按规则为您退还合理运费。
3. 若经检测不属于质量问题
如果检测结果显示商品损坏是人为原因、使用不当、进水摔损、私自拆修、超出保修范围等，运费承担方式可能会发生变化，具体以平台规则和检测结果为准。
4. 不建议使用到付
除非售后页面或商家明确同意到付，否则不建议直接寄到付件，以免商家拒收影响处理进度。

五、关于“联系客服没人管”的处理方式

您遇到客服联系不上或无人处理的情况，可以按以下方式升级：
1. 先在订单售后入口提交正式申请
聊天沟通有时无法形成正式售后流程，建议一定通过订单页面发起售后，这样系统会记录处理时效。
2. 等待商家规定时限
商家一般需在约48小时内响应售后申请。若超过时限未处理，系统可能自动推进或允许您申请平台介入。
3. 申请平台介入
如果商家长时间不回复、拖延处理、要求不合理、拒绝售后但没有充分依据，您可以申请平台介入。平台客服会根据凭证进行判定。
4. 提交投诉
若确实存在售后敷衍、无人响应、拒不履责等情况，您也可以通过订单投诉入口提交投诉，说明“商品疑似质量问题，使用一次损坏，多次联系未获有效处理”，并上传聊天记录截图。

六、关于7天无理由和质量问题售后的区别

如果您的商品仍在签收后7天内，并且属于支持7天无理由退货的品类，您可以选择7天无理由退货。但需要注意：
1. 7天无理由通常要求商品不影响二次销售；
2. 部分特殊商品可能不支持7天无理由，例如定制类、拆封后不宜退货的商品、部分个人护理类商品等；
3. 如果商品已经出现质量问题，建议优先选择“质量问题”作为售后原因，而不是简单选择“7天无理由”，这样更有利于明确责任归属和运费承担。

如果已经超过7天，但商品仍在质保期或平台售后保障期内，仍可以按质量问题、保修或维修流程申请处理。

七、请您现在可以这样做

建议您立即操作以下几步：
1. 打开订单详情，提交售后申请；
2. 售后原因选择“质量问题”或“商品故障”；
3. 上传清晰故障视频、照片和问题说明；
4. 在说明中写明“商品仅使用一次即损坏，已联系客服但未得到有效处理，要求退货退款/换货/维修，并请商家承担质量问题产生的合理运费”；
5. 若商家48小时内未处理或处理不合理，申请平台介入；
6. 保留商品、包装、配件、赠品、快递凭证和聊天记录。

八、给您的处理建议

如果您只使用了一次就坏了，且没有摔碰、进水、私自拆修、超负荷使用等情况，建议优先申请“质量问题退货退款”或“换货”。如果商品金额较高，或属于需要检测的品类，建议上传完整视频证据，并等待平台介入或商家检测结果，这样更有利于保障您的权益。

请您放心，您反馈的问题属于售后重点处理场景。只要凭证能够证明商品在正常使用下出现故障，平台会协助您推动商家承担相应责任，包括退换货、维修以及合理运费处理。您目前最重要的是尽快通过订单售后入口提交正式申请，并保留好所有证据，避免仅停留在聊天沟通中导致处理进度被耽误。"
14,"您好，非常抱歉给您带来这么糟糕的收货体验。您反馈“商品被拆封过、里面有污渍、疑似二手商品”，这属于比较严重的商品品质和履约问题。请您放心，我们会优先按售后投诉流程为您处理，并协助您申请退货退款、换货或进一步核查商家责任。

一、建议您先保留证据，避免影响投诉处理

为了更快核实问题并保护您的权益，建议您先不要继续使用该商品，也不要自行清洗、维修或丢弃包装。请您尽量保留以下材料：
1. 商品外包装照片
包括快递面单、外箱封口、胶带、破损或二次封装痕迹等。
2. 商品拆封状态照片
例如封口被打开、保护膜缺失、吊牌异常、配件袋被拆、说明书折痕等。
3. 污渍或使用痕迹照片
请拍清楚污渍位置、范围、颜色、磨损、划痕、异味来源等。如果能和商品整体一起拍，会更方便判断。
4. 开箱视频或收货过程记录
如果您有开箱视频，请务必保留，这类证据对判定“收货时已存在问题”很有帮助。
5. 订单信息与沟通记录
包括订单编号、购买时间、商家页面承诺、客服聊天记录等。

这些材料并不是为了增加您的操作负担，而是为了让平台能更快速地判断责任归属，避免商家以“买家使用后造成”为由推脱。

二、您可以申请退货退款或换货，平台会按问题商品处理

如果商品确实存在拆封、污渍、疑似二次销售等情况，通常可以按“商品质量问题”“实物与描述不符”“收到疑似二手/非全新商品”等原因发起售后。

您可以根据自己的诉求选择：
1. 退货退款
如果您已经不想要该商品，可以申请退货退款。平台核实后，一般会要求您寄回商品，商家收到退货并验收后为您退款。若责任在商家，退货运费通常应由商家承担。
2. 换货
如果您仍需要该商品，可以申请换货，要求商家重新发出全新、未拆封、无污渍的商品。换货前建议明确要求商家保证新发商品为全新正品，并保留后续发货凭证。
3. 仅退款或补偿
如果商品问题严重、影响正常使用，或存在明显卫生风险、无法继续使用，您可以在售后页面选择相应诉求。是否支持仅退款或额外补偿，需要结合商品品类、问题严重程度、证据完整度以及平台规则核定。

三、处理流程一般如下
1. 在订单页面发起售后
进入对应订单，选择“申请售后”或“退换/售后”，原因建议选择“商品质量问题”“收到商品有污渍”“疑似二手商品”“商品与描述不符”等相近选项，并上传照片或视频。
2. 等待商家处理
商家一般需要在规定时间内响应，常见处理时效为48小时左右。若商家逾期未处理，系统可能会自动进入下一步，或您可以申请平台介入。
3. 与商家协商方案
您可以明确表达诉求，例如“要求退货退款并由商家承担运费”“要求换全新未拆封商品”“要求平台核查商家是否存在二次销售”。建议沟通时保持文字记录，便于后续投诉举证。
4. 寄回商品
如需退货，请按售后页面提供的地址寄回，不建议私下寄到商家临时提供的非系统地址。寄出后请上传物流单号。若责任判定为商家问题，您可以申请退货运费由商家承担或由平台按规则处理。
5. 商家签收验货并退款
商家收到退货后，一般会在1至3个工作日内完成验收；退款通常会在验收通过后原路退回，到账时间可能因支付方式不同有所差异，一般为1至7个工作日。
6. 平台介入投诉
如果商家拒绝承认、拖延处理、要求您自行承担运费，或提出不合理要求，您可以申请平台介入。平台介入后通常会在3至5个工作日内根据双方证据进行判断；复杂情况可能需要更长时间，但平台会以页面进度为准持续推进。

四、关于运费责任，请您重点关注

您这类情况如果经核实属于商家发出的商品存在拆封、污渍、二次销售嫌疑或质量异常，原则上不应由您承担退换货产生的合理运费。

建议您注意以下几点：
1. 不要选择“七天无理由”作为主要原因
如果选择“七天无理由”，部分场景下运费可能默认由买家承担。您反馈的是疑似二手和污渍问题，更建议按“商品问题”或“质量问题”提交。
2. 寄回前确认运费承担方式
如果页面支持上门取件或平台运费险，请优先按页面流程操作。若需要您先行垫付运费，请保留运费支付凭证，后续可向商家或平台申请退还。
3. 不要接受不合理扣费
如果商家以“包装拆了”“影响二次销售”等理由拒绝退款，但您收到时商品本身就已被拆封或有污渍，您可以提交证据要求平台介入核查。

五、关于投诉商家，您可以这样处理

除了售后退款或换货，您也可以同步发起投诉，要求平台核查商家是否存在以旧充新、二次销售、发出污染商品等问题。

投诉时建议写清楚以下内容：
1. 收货时间和发现问题的时间
例如“签收后开箱即发现包装被拆、商品内有污渍”。
2. 问题表现
例如“封口已开、商品表面有明显污渍、配件袋非完整密封、疑似被他人使用过”。
3. 您的明确诉求
例如“要求退货退款并由商家承担运费”“要求平台核查商家售卖疑似二手商品行为”“要求商家给出解释并承担相应责任”。
4. 上传完整证据
照片、视频、快递包装、商品细节、聊天记录都建议一并提交。

平台收到投诉后，会根据证据、商品类目、商家发货记录、售后处理情况进行核查。如确认商家存在违规行为，平台会按规则对商家采取相应处理；对您的订单，也会尽量推动合理售后方案落地。

六、如果商品涉及卫生、安全或贴身使用，更应优先退货处理

如果该商品属于食品、母婴、个护、美妆、贴身衣物、医疗健康用品、厨房用品等，出现拆封和污渍会涉及卫生风险。建议您不要继续使用，并在售后说明中强调“存在卫生安全隐患”。这类情况平台通常会更加重视证据核验和商家责任。

七、您现在可以直接这样操作

请您先在订单售后页面提交申请，选择与“商品质量问题/收到污损商品/疑似二手商品”最接近的原因，上传清晰照片或视频，并在备注中写明：

“收到商品时发现包装已被拆封，商品内部存在明显污渍，疑似非全新商品。本人未使用该商品，要求退货退款，并由商家承担退货运费；同时要求平台核查商家是否存在二次销售或发出污损商品的问题。”

如果商家在48小时内没有合理处理，或拒绝承担责任，您可以继续申请平台介入。请您放心，只要证据能够证明问题是在收货时已存在，平台会优先保护消费者的合理权益，并推动商家承担应承担的责任。"
15,"您好，非常抱歉让您遇到这样的购物体验。您反馈“商品宣传为正品，但收到后验证为假货”属于非常严肃的问题，平台会按投诉和售后争议流程优先处理。请您放心，我们不会要求您自行承担不合理损失，也不会忽视商家涉嫌虚假宣传、售假的情况。您可以按以下流程提交投诉，我们会协助核实商品真伪、交易责任以及退款退货等处理方案。

一、请您先保留好相关证据

为了让平台能够更快判断责任，请您先不要丢弃商品、包装、吊牌、发票、物流面单等材料，也建议暂时不要自行寄回，避免影响后续举证。建议您准备以下资料：
1. 订单信息
包括订单编号、商品名称、商家名称、购买时间、付款金额、收货时间等。
2. 商品实物照片
请拍摄商品整体、细节、标识、防伪码、序列号、吊牌、包装盒、说明书、外包装、封签、生产批号等位置。照片尽量清晰，能够看出商品特征。
3. 宣传页面证据
请保存商品详情页中关于“正品”“官方”“授权”“原装”“防伪”“品牌保证”等宣传内容的截图。如页面已变更，也可以提供购买时的页面截图、聊天记录或商家承诺内容。
4. 验证为假货的依据
如果您已经通过品牌方、防伪系统、鉴定机构、专柜或其他渠道验证为假货，请提供验证结果截图、鉴定说明、检测报告、品牌方回复、查询失败页面或相关凭证。
如果目前只是初步怀疑，也可以先提交投诉，平台会根据商品品类和证据情况协助核查。
5. 与商家的沟通记录
如果您已经联系过商家，请保留聊天记录，特别是商家承诺正品、拒绝处理、推诿、要求私下处理等内容。

二、投诉和售后处理流程

您可以在订单页面发起售后或投诉，选择与“假冒商品”“商品与描述不符”“虚假宣传”“质量问题”等相关的原因，并上传证据。一般处理流程如下：
1. 提交投诉或售后申请
您在订单中提交问题说明和凭证后，平台会生成售后或投诉工单。请尽量一次性说明清楚：您购买时看到的正品宣传、收到商品后的异常点、验证假货的方式、您希望的处理结果，例如退款、退货退款、投诉商家、赔偿等。
2. 平台初步审核
平台通常会在48小时内对您提交的材料进行初步审核，包括订单状态、商品宣传内容、您上传的验证依据、商家资质和历史经营情况等。若证据需要补充，平台可能会提醒您继续上传材料。
3. 商家举证和平台核实
平台会要求商家对商品来源、授权资质、进货凭证、报关或采购证明、品牌授权链路等进行说明和举证。商家需要在规定时间内响应。若商家无法提供有效凭证，或凭证与商品、订单不匹配，平台会结合您的证据进一步判定责任。
4. 处理结果
核实后，平台会根据实际情况给出处理方案，可能包括退货退款、仅退款、商家补偿、平台介入判责、限制商家经营、下架相关商品等。若确认存在售假或严重虚假宣传，平台会按平台规则对商家进行处理。
5. 退款时效
如果售后申请通过，退款一般会按原支付路径退回。具体到账时间会受到支付渠道影响，通常在审核通过后1至7个工作日内完成。若涉及退货退款，一般需要商品寄回并完成签收验收后再退款；若平台判定无需退货，也会按平台结果直接处理退款。

三、关于是否需要退货

是否需要退货，要看平台核实结果和售后类型：
1. 若商品涉嫌假货且平台需要进一步核验
平台可能会要求您保留商品，或按指定方式寄回进行核验。请您不要私下寄给商家或自行销毁，以免后续无法举证。
2. 若平台判定支持退货退款
请按售后页面提供的退货地址和要求寄回，并保留寄件单号。建议使用可查询物流轨迹的快递方式，避免出现无法证明寄回的问题。
3. 若商品存在明显售假证据
平台可能会根据证据情况支持仅退款、退货退款或其他处理。具体以平台审核结果为准。

四、关于运费由谁承担

如果经平台核实，商品确实存在假冒、虚假宣传、商品与描述严重不符等商家责任问题，退货运费原则上应由商家承担，您不应为商家的责任问题承担额外费用。

处理方式一般有以下几种：
1. 商家提供退货运费承担方式
例如商家提供退货运费报销、退货运费险、指定寄回方式等。
2. 您先行垫付后申请补偿
如果页面要求您先垫付运费，请务必保留快递单号、运费支付凭证、物流截图。平台核实为商家责任后，可协助您申请运费补偿。
3. 平台介入判定
如果商家拒绝承担运费，您可以申请平台介入。平台会根据商品问题责任归属、证据材料、商家举证情况来判定运费承担方。

五、关于赔偿和责任处理

您提出投诉是合理诉求。针对“宣传正品但验证为假货”的情况，平台会重点核实以下方面：
1. 商家是否存在虚假宣传
包括商品标题、详情页、客服承诺、资质展示等是否明确宣传正品、官方、授权等内容。
2. 商品是否与宣传不一致
包括防伪验证失败、品牌方否认、鉴定结果为假、商品标识异常、来源凭证不完整等情况。
3. 商家是否能提供有效来源证明
如果商家无法提供合法有效的进货凭证、授权证明或其他可核验资料，将对商家责任认定产生重要影响。
4. 是否符合平台赔付规则
若经核实构成售假或严重虚假宣传，平台会根据平台规则和相关法律法规，协助处理退款、退货、补偿或赔付申请。具体赔付标准需要结合商品类别、订单情况、证据完整度和平台规则判定。

六、建议您现在这样操作

为了尽快推进处理，建议您按以下顺序操作：
1. 先进入订单页面，提交售后申请，原因选择与假货、描述不符或虚假宣传相关的选项。
2. 在问题描述中写清楚：“商品页面宣传为正品，收到后经验证疑似或确认为假货，要求平台介入核实并处理退款、运费及投诉商家。”
3. 上传商品照片、宣传截图、验证结果、聊天记录等证据。
4. 若商家拒绝处理、拖延处理或要求私下解决，请不要线下转账或私下协商，直接申请平台介入。
5. 在平台给出处理要求前，暂时保留商品和全部包装材料，不要自行寄回或丢弃。

七、处理时效说明

一般情况下：
1. 平台初审通常会在48小时内完成。
2. 若需要商家举证，处理时间可能延长至3至5个工作日。
3. 若涉及品牌方、鉴定机构或复杂凭证核验，可能需要更长时间，平台会根据工单进展通知您。
4. 售后通过后，退款通常按原支付方式退回，到账时间一般为1至7个工作日，具体以支付渠道为准。
5. 运费补偿如需单独审核，通常会在您提交有效运费凭证后继续处理。

八、请您放心

您反馈的问题平台会严肃对待。若商品确实存在假冒、虚假宣传或商家无法提供有效正品来源证明，平台会依法依规协助您维护权益，包括退款、退货运费处理、投诉商家以及对违规商品和商家采取相应措施。

建议您尽快在订单内提交投诉和证据，并保持售后页面通知畅通。提交后如商家未积极处理，您可以申请平台介入，由平台根据双方证据进行判定。"
16,"您好，可以申请换货的，请您放心。商品收到后发现有轻微划痕，即使暂时不影响正常使用，只要划痕属于签收前已存在、运输或仓储过程中造成，且商品仍符合平台及商家的售后条件，一般都可以发起换货申请。建议您尽快在订单售后入口提交申请，并保留好商品、包装和相关凭证，平台会根据实际情况协助处理。

一、是否支持换货

通常情况下，以下情形可以申请换货：
1. 商品存在外观瑕疵
例如轻微划痕、磕碰、掉漆、磨损、压痕等，尤其是新商品到手即存在的外观问题。
2. 商品不影响使用但影响外观或体验
虽然功能正常，但如果划痕影响商品成色、观感、收藏价值或您对新商品的合理期待，也可以提交售后说明。
3. 在售后有效期内申请
一般商品支持签收后7天无理由退换货，部分商品还支持质量问题换货。若属于外观瑕疵，建议您在签收后48小时内尽快反馈并上传凭证，这样更便于核实责任和处理。
4. 商品及配件基本齐全
申请换货时，请尽量保持商品主机、配件、说明书、保修卡、赠品、发票、包装盒等齐全，避免影响售后审核。

需要注意的是，如果商品属于特殊品类，例如定制商品、贴身使用商品、易耗品、一次性密封商品、食品、生鲜、虚拟商品等，可能不支持无理由换货，具体要以商品页面售后规则和商家审核结果为准。但如果能证明属于发货前或运输过程造成的瑕疵，仍可以申请售后处理。

二、建议您先确认划痕情况

为了提高售后通过率，建议您先做以下确认：
1. 拍摄划痕照片
请拍清楚划痕位置、整体商品外观、商品标签或序列号位置，以及外包装是否有破损。照片尽量清晰，能看出划痕确实存在。
2. 保留外包装
如果外箱有挤压、破损、开裂、受潮等情况，也请一并拍照。外包装情况有助于判断是否为运输损伤。
3. 不要继续深度使用
如果您已经决定换货，建议暂时停止使用商品，避免后续产生新的磨损，影响商家判断划痕是否为收货前存在。
4. 保留配件和赠品
换货通常需要寄回原商品及随商品发出的全部配件、赠品、包装材料等。如赠品缺失，可能会影响换货或需要折价处理。

三、申请换货的操作流程

您可以按照以下流程处理：
1. 进入订单售后
打开订单详情，选择对应商品，点击“申请售后”或“退换/售后”。
2. 选择“换货”
售后类型建议选择“换货”。原因可以选择“商品有瑕疵”“外观划痕”“商品破损/损坏”等相近选项。
3. 填写问题说明
建议说明清楚：
“收到商品后发现某位置有轻微划痕，商品未正常使用或仅开箱检查发现，不影响功能但影响外观，希望申请换货。”
4. 上传凭证
上传商品划痕近景图、商品整体图、外包装图、快递面单图等。凭证越完整，审核越顺畅。
5. 等待审核
商家一般会在48小时内处理售后申请。若超时未处理，平台通常会介入或提供进一步协助入口。
6. 按要求寄回商品
审核通过后，请按页面提示寄回商品。建议使用可查询物流轨迹的快递，并妥善包装，避免寄回途中产生二次损坏。
7. 商家验收并补发
商家收到退回商品后，一般会在3-5个工作日内完成验收。验收通过后，会为您安排换新发出。具体补发时效会受库存、地区、物流等因素影响。

四、运费一般如何承担

运费承担主要取决于责任归属：
1. 若属于商品本身瑕疵或运输造成
如果能通过照片、外包装、签收记录等证明划痕是收货时已存在，一般属于商家或物流责任，换货产生的合理运费通常由商家承担。部分订单可使用上门取件或运费险，具体以售后页面显示为准。
2. 若无法判断责任或凭证不足
如果商品已经使用较久，或没有保留包装、照片不清晰，商家可能需要先验货确认。责任未明确前，可能需要您先垫付寄回运费，后续如确认非您原因造成，通常可申请退还合理运费。
3. 若属于个人原因换货
如果划痕并非收货时存在，或是使用过程中产生，商家可能无法按质量问题换货处理。若商品支持7天无理由且符合二次销售条件，可能可以按无理由退换处理，但往返运费一般由买家承担。

五、关于7天无理由和质量问题换货的区别
1. 7天无理由退换货
适用于您不想要、外观不满意等情况，但前提通常是商品不影响二次销售，包装、配件、赠品齐全。如果商品表面已有划痕，商家可能会判断是否影响二次销售。
2. 商品瑕疵或质量问题换货
如果划痕是到货时就有，属于商品瑕疵，即使不影响使用，也可以按售后质量/瑕疵问题申请。此类情况更建议您选择“商品瑕疵”原因，而不是简单选择“无理由换货”。

六、哪些情况可能影响换货

以下情况可能导致审核变慢或无法换货：
1. 超出售后期限较久才反馈，难以判断划痕产生时间。
2. 商品已经明显使用，产生新的磨损、污渍、磕碰。
3. 原包装、配件、赠品、吊牌、防伪标识等缺失。
4. 商品为特殊类目，不支持无理由退换，且无法证明属于到货瑕疵。
5. 上传照片不清楚，无法看出划痕位置和程度。
6. 私自维修、拆机、改装或影响商品原状。

如果您确实是刚收到就发现划痕，建议尽快提交申请，并把“开箱即发现、未正常使用、划痕位置、希望换货”写清楚，这样更有利于审核。

七、如果不想换货，也可以尝试协商其他方案

如果划痕很轻微，您也可以根据自己的接受程度选择其他处理方式：
1. 申请换货
适合您比较在意外观，希望收到完好商品的情况。
2. 申请退货退款
若不想继续等待换货，也可以在符合售后规则的前提下申请退货退款。
3. 协商补偿
如果商品功能正常、划痕很轻，您愿意保留商品，也可以联系商家协商适当补偿、优惠券或部分退款。是否支持以及金额需以商家处理结果为准。

八、建议您现在这样处理

请您尽快在订单内提交“换货”售后申请，原因选择商品瑕疵或外观划痕，并上传清晰照片。一般商家会在48小时内审核；审核通过后按页面提示寄回，商家收到并验收后通常会在3-5个工作日内安排换新。若确认划痕属于到货即有或运输导致，合理运费一般由商家承担；若责任暂时无法确认，可能需要先按售后页面要求处理，后续再根据验收结果确认运费承担。

总体来说，轻微划痕不影响使用，并不代表不能申请换货。只要您在售后期内及时反馈、凭证清楚、商品和配件保持完整，平台和商家都会按照售后规则为您处理。"
17,"您好，请您放心，商品包装盒丢了不一定就完全不能换货，能否办理主要取决于商品类型、换货原因、商品当前状态，以及是否影响二次销售。您可以先按下面的情况对照判断，我们也建议您尽快在订单售后入口提交换货申请，由售后人员根据商品实物情况进一步核实。

一、包装盒丢了是否还能换货

一般分为以下几种情况：
1. 商品本身存在质量问题、错发、漏发、破损等情况
如果是商品存在质量问题，或者商家发错型号、颜色、规格，或者运输过程中造成破损，即使原包装盒已经丢失，通常仍可以申请售后处理。平台和商家会重点核实问题是否属实、是否在售后时效内、商品及配件是否齐全。
但需要说明的是，如果包装盒属于商品的重要组成部分，例如带序列号、防伪码、保修标签、成套礼盒包装、收藏类外盒等，包装缺失可能会影响后续鉴定、退换处理方式或赔付金额。
2. 非质量问题想换颜色、尺码、规格
如果商品没有质量问题，只是您想更换尺码、颜色、型号或规格，包装盒丢失后能否换货会更严格。因为很多商品换货要求商品保持完好、不影响二次销售，原包装通常也属于“完好”的一部分。
如果商品未使用、吊牌/标签/配件齐全，只是外包装盒丢失，部分普通商品仍可能酌情办理换货；但如果包装缺失会明显影响商品再次销售，商家可能无法支持换货，或需要您承担一定折损费用，具体以售后审核结果为准。
3. 商品已经使用或有明显痕迹
如果商品已经使用过，且并非质量问题，包装盒又丢失，通常不符合普通换货条件。尤其是服饰鞋包、数码产品、小家电、美妆个护、母婴用品、食品、贴身衣物等品类，对于商品完整性、卫生安全和二次销售要求较高。
如果是质量问题，即使使用过，也建议您提交售后申请并上传问题凭证，由商家或平台判断是否支持换货、维修、退货退款或其他补偿方案。

二、通常需要满足的换货前提条件

为了提高换货通过率，建议您确认以下内容：
1. 在售后时效内
多数普通商品支持签收后7天无理由退换货，但前提一般是商品完好、不影响二次销售。部分商品可能支持更长时间的质量问题售后，例如15天换货、保修期内维修等，具体以商品页面、订单售后政策和相关规定为准。
如果已经超过7天无理由期限，但商品存在质量问题，您仍可以申请质量售后，平台会根据商品保修政策和实际情况处理。
2. 商品主体完好
商品本身应保持完整，没有人为损坏、明显污渍、划痕、拆改、缺件等情况。
如果是鞋服类商品，建议保持未洗涤、未穿着出门、吊牌完整；如果是数码家电类商品，建议保持机身、配件、发票或保修凭证完整；如果是套装类商品，套装内所有单品都要一并寄回。
3. 配件和赠品齐全
包装盒丢失后，配件和赠品更要尽量保持完整，例如说明书、充电线、遥控器、安装件、保修卡、吊牌、备用扣、收纳袋、赠品等。
如果赠品已经使用、丢失或损坏，商家可能会要求补回赠品，或从退款/换货处理中扣除相应价值；如果只是换货，可能会影响审核通过。
4. 不属于特殊不支持无理由换货的商品
部分商品因性质特殊，可能不支持7天无理由退换，例如定制商品、鲜活易腐商品、拆封后影响卫生安全的商品、数字化商品、报刊类商品等。
这类商品如果没有质量问题，包装盒丢失后通常更难办理换货；但如果确实存在质量问题，仍可提交售后申请并提供凭证。

三、建议您这样申请换货

您可以按照以下流程处理：
1. 进入订单售后入口
找到对应订单，选择“申请售后”或“换货”，选择换货原因。建议如实选择原因，例如“商品质量问题”“尺寸不合适”“颜色/规格需更换”“收到商品破损”等。
2. 在问题描述中说明包装盒丢失
请您在售后说明里明确写清楚：“原商品外包装盒已丢失，商品主体完好，配件/吊牌/赠品情况如下……”
如实说明会更有利于售后判断，避免商家收到货后因包装情况与申请描述不一致而延长处理时间。
3. 上传清晰凭证
建议上传以下照片或视频：
商品整体照片；
商品细节照片；
配件、吊牌、说明书、赠品等照片；
如有质量问题，请上传问题位置的近景照片或视频；
如是错发、少发，请拍摄商品标签、规格信息、订单信息对应处。

照片越清楚，审核越快。尤其在没有包装盒的情况下，售后更需要通过实物状态判断是否影响二次销售。
4. 等待商家审核
提交申请后，商家一般会在48小时内处理您的售后申请。若商家需要补充凭证，建议您及时按要求上传。若超时未处理，您可以在售后页面查看是否可申请平台介入或催促处理。
5. 审核通过后寄回商品
如果商家同意换货，请按售后页面显示的退回地址寄回，不建议自行寄到其他地址。寄回时请将商品和配件妥善包好，虽然原包装盒丢失，也可以使用其他干净牢固的纸箱或防护材料包装，避免运输途中再次损坏。
寄出后请及时填写物流单号，以便商家跟进收货和换货进度。
6. 商家验收后安排换货发出
商家收到退回商品后，一般会在3-5个工作日内完成验收处理。验收通过后，会为您安排新商品发出。实际发货时效可能受库存、地区、节假日、物流等影响。如果换货商品暂时缺货，商家通常会与您沟通等待、退款或更换其他方案。

四、关于运费由谁承担

运费承担通常按换货原因区分：
1. 商品质量问题、错发、漏发、运输破损
如果经核实属于商家或物流责任，一般由商家承担合理运费。您可以优先查看售后页面是否提供上门取件、运费险、商家承担运费等选项。
如果需要您先行垫付运费，请保留寄件凭证和运费支付记录，后续按商家或平台规则申请退还运费。
2. 非质量问题换尺码、颜色、规格
如果商品没有质量问题，只是您个人原因需要换货，往返运费通常需要由您承担。若订单购买时带有运费险，且符合运费险理赔条件，可能可抵扣部分退回运费，具体以售后页面展示为准。
3. 包装盒丢失导致额外费用
如果商家同意换货，但包装盒缺失确实影响商品二次销售，部分情况下可能会产生折损费用或影响换货结果。是否收取、收取多少，需要商家根据商品类别、包装重要程度和实际验收情况判断。建议您在寄回前先通过售后沟通确认，避免产生不必要的争议。

五、包装盒丢失时的寄回注意事项

为了避免商品在寄回途中损坏，建议您这样处理：
1. 使用结实的替代外箱
可以使用其他纸箱或快递箱，但要保证大小合适，不要让商品在箱内晃动。易碎、易压、带屏幕、带尖角的商品要额外加缓冲材料。
2. 配件集中放好
配件、说明书、赠品等建议单独装袋，再与商品一起放入箱内。避免小配件散落或遗失。
3. 不要只用塑料袋简单包装
如果商品在运输途中因包装不当造成损坏，可能会影响售后验收，责任也可能需要由寄件方承担。
4. 保留寄件凭证
请保留快递单号、寄件凭证、运费支付记录，以及寄出前商品状态照片。若后续出现物流破损、丢件或运费争议，这些凭证会很重要。

六、可能出现的处理结果

包装盒丢失后，售后一般可能有以下几种结果：
1. 审核通过，正常换货
如果商品主体完好，配件齐全，包装盒不是关键组成部分，商家可能会正常为您办理换货。
2. 审核通过，但需补充说明或承担部分费用
如果包装盒对二次销售有一定影响，商家可能会要求您确认折损费用、补寄缺失配件，或提供更多凭证。
3. 无法换货，但可提供维修或其他售后方案
如果商品存在质量问题，但因缺少包装或其他原因不适合直接换新，商家可能会提供维修、检测、补偿、退货退款等替代方案。
4. 无法支持无理由换货
如果是非质量问题，并且商品包装缺失影响二次销售，商家可能会拒绝换货。您可以查看拒绝原因，如对结果有异议，可补充凭证后再次沟通，或按售后页面提示申请平台介入。

七、建议您现在先做这几步

请您先确认商品是否在售后期内、是否有使用痕迹、配件和赠品是否齐全。然后尽快在订单中提交换货申请，并在说明里如实备注包装盒已丢失，同时上传商品现状照片。如果是质量问题，请重点拍清楚问题位置；如果是换尺码或规格，请确认商品未影响二次销售。

总体来说，包装盒丢了并不代表一定不能换，但会影响审核结果。请您放心，只要商品符合售后条件，且问题和凭证清楚，平台和商家都会根据实际情况尽量为您提供合适的处理方案。

您好，请您放心，是否需要额外支付包装费，主要看换货原因、商品包装盒是否属于商品价值的一部分，以及商家验收后是否认定影响二次销售。一般不会在您提交换货申请时直接要求单独支付“包装费”，但在部分情况下可能会涉及包装折损、补包装成本或影响换货审核。

一、通常情况下不需要额外支付包装费

如果您只是原来的外包装盒丢了，但商品主体完好、配件齐全、吊牌/标签完整，也没有使用痕迹，很多普通商品在商家同意换货后，一般不会单独向您收取包装费。

尤其是以下情况，通常不需要您额外承担包装费：
1. 商品本身存在质量问题；
2. 商家发错颜色、尺码、规格、型号；
3. 商品运输途中破损且责任不在您；
4. 包装盒只是普通快递外箱或普通外包装，不影响商品再次销售；
5. 商家售后审核时明确同意“无包装可寄回”或未要求补包装费用。

如果属于商家责任或物流责任，经核实后一般由商家承担合理售后成本，包括换货处理、重新发货等相关费用。您需要做的是按售后页面要求寄回商品，并尽量用其他牢固纸箱做好保护，避免寄回途中损坏。

二、哪些情况下可能需要您承担费用

虽然多数情况下不会单独收取包装费，但以下情况可能会产生费用或影响换货结果：
1. 非质量问题换货，且包装盒影响二次销售
如果商品没有质量问题，只是您个人原因想换尺码、颜色、规格等，而原包装盒丢失后导致商品无法按原状态再次销售，商家可能会认为商品不符合“完好、不影响二次销售”的条件。
这种情况下，商家可能不会叫“包装费”，但可能会要求承担一定折损费用，或者直接无法支持换货。
2. 包装盒是商品重要组成部分
有些商品的包装并不是普通外盒，而是商品价值的一部分，例如礼盒装商品、收藏品、限量款、数码产品原厂包装、带序列号或防伪码的包装、套装外盒、品牌鞋盒、化妆品礼盒等。
如果这类包装丢失，商家可能需要根据实际情况判断是否可以换货。即使可以换，也可能会产生包装缺失折损，或要求您承担相应补偿费用。
3. 寄回时需要额外包装保护
如果您没有原包装盒，寄回时需要自己准备替代纸箱、气泡膜、填充物等，这部分包装材料费用通常需要您自行承担。
平台或商家一般不会强制您购买指定包装，但会要求寄回商品包装牢固，确保运输途中不受损。如果因包装不当导致商品寄回途中损坏，可能会影响验收，甚至影响换货责任认定。
4. 商品退回后验收发现缺件或损坏
如果商家收到商品后发现除包装盒外，还存在配件缺失、赠品缺失、商品污损、划痕、使用痕迹等情况，可能会要求补寄缺失物品、承担折损费用，或无法继续办理换货。
这类费用不一定叫包装费，但都属于售后验收中可能产生的责任费用。

三、质量问题和个人原因的费用区别

费用责任一般按原因区分：
1. 如果是质量问题、错发、漏发、运输破损
经核实属于商家或物流责任的，通常不应由您承担额外包装费。即使原包装盒丢了，只要不影响问题核实和商品寄回，商家一般会优先按质量售后处理。
但建议您在寄回前拍照留存商品现状，并在售后申请里说明“原包装盒已丢失，商品及配件情况如下”，避免后续争议。
2. 如果是个人原因换货
例如尺码不合适、颜色不喜欢、下错规格等，且商品无质量问题，那么换货要求通常更强调商品完整性。此时包装盒丢失可能影响二次销售，商家可能要求您承担折损，或者不支持换货。
往返运费一般也可能需要由您承担，是否有运费险抵扣，要以订单售后页面展示为准。

四、建议您先这样确认，避免产生额外费用

为了避免后续被要求支付包装相关费用，建议您在寄回前先完成以下几步：
1. 在售后申请中如实备注
请写明“原商品包装盒已丢失，商品主体完好，配件/吊牌/赠品齐全，现申请换货”。如果有质量问题，也请说明具体问题。
2. 先询问商家是否接受无原包装换货
在寄回前，通过订单售后沟通确认：包装盒丢失是否影响换货、是否需要承担包装折损或其他费用、是否可以用其他纸箱寄回。
这样可以避免您寄回后才发现不符合换货条件。
3. 拍照留证
建议拍摄商品正面、背面、细节、吊牌、配件、赠品，以及寄出前整体包装状态。若后续出现“包装不完整”“配件缺少”“运输损坏”等争议，这些照片可以作为凭证。
4. 使用牢固替代包装
原包装盒丢了也没关系，寄回时请使用干净、结实的纸箱，并加入缓冲材料。不要只用塑料袋简单包裹，特别是数码、电器、玻璃、陶瓷、鞋类、礼盒类商品，避免运输挤压变形或损坏。

五、处理时效说明

您提交换货申请后，商家一般会在48小时内审核。若需要补充凭证，请您尽快上传照片或说明。审核通过后，您按页面提示寄回商品并填写物流单号。商家收到退回商品后，一般会在3-5个工作日内完成验收，验收通过后安排换货发出。

如果商家要求您承担包装折损或其他费用，建议您先核对原因是否合理：是否因个人原因换货、包装是否确实属于商品组成部分、是否影响二次销售、费用说明是否清楚。若您对费用有异议，可以在售后页面补充凭证并申请平台介入核实。

六、简单结论

一般普通商品换货，包装盒丢失不一定需要额外支付包装费；如果是质量问题或商家责任，通常也不应由您承担包装相关费用。但如果是个人原因换货，且包装盒属于商品重要组成部分或影响二次销售，商家可能会要求承担折损费用，或无法支持换货。

建议您在寄回前先通过售后页面确认商家是否接受无原包装换货，并保存沟通记录和商品照片。这样处理会更稳妥，也能尽量避免产生额外费用。"
18,"您好，请您放心，超过“7天无理由退换货”期限后，并不代表一定不能退货，具体能否办理需要根据商品状态、退货原因、平台规则以及商家售后政策综合判断。一般来说，超出7天后，“无理由退货”通常无法直接适用，但如果商品存在质量问题、描述不符、错发漏发、运输损坏等情况，仍然可以申请售后处理。

一、超过7天后还能退货的常见情况
1. 商品存在质量问题
如果商品在正常使用或验收过程中发现质量问题，例如无法正常使用、功能故障、破损、开裂、严重瑕疵、性能不符合说明等，即使超过7天，也可以申请售后。平台一般会根据商品类目、质保政策和检测结果，支持退货、换货、维修或补偿等处理方式。
2. 商品与页面描述明显不符
如果收到的商品与订单页面展示的信息明显不一致，例如规格、型号、颜色、尺寸、材质、配置、数量等不符，您可以提交相关凭证申请售后。平台或商家会核实订单信息、商品页面信息和您提供的凭证后给出处理方案。
3. 商家错发、漏发或少发
如果商家发错商品、少发配件、漏发赠品或主商品不完整，您可以申请售后。此类情况通常不完全受7天无理由期限限制，关键是要能提供开箱照片、商品实拍、物流面单、订单截图等证明材料。
4. 物流运输导致损坏
如果商品在运输过程中破损、变形、渗漏或无法使用，建议您尽快保留外包装、快递面单、破损部位照片或视频，并提交售后申请。若经核实属于运输责任或发货包装问题，一般会协助您退换或补发。
5. 商品仍在质保期内
部分商品即使无法退货，也可能享受维修、换新或保修服务。例如家电、数码、家具、汽车用品等类目，通常会有不同期限的质保规则。超过7天后，如果商品出现非人为质量问题，优先按保修政策处理。

二、哪些情况可能无法退货
1. 单纯不想要、买错、后悔购买
如果只是个人原因想退，例如不喜欢、不合适、买多了、暂时不需要，并且已经超过7天无理由期限，商家通常有权拒绝退货申请。但您仍可以尝试与商家协商，看是否支持特殊处理。
2. 商品影响二次销售
如果商品已经使用、清洗、安装、拆封后无法恢复原状，或吊牌、包装、配件、赠品、说明书、发票等缺失，可能会影响退货结果。尤其是服饰、个护、食品、母婴、数码、家电等商品，平台会重点核实商品是否完好。
3. 特殊类目不支持无理由退货
部分商品本身可能不适用7天无理由，例如定制商品、鲜活易腐商品、拆封后影响安全或卫生的商品、在线下载或数字化商品、报纸期刊、部分贴身用品等。若商品属于这类，即使在7天内也可能无法无理由退货，超过期限后更需要依据质量问题或商家承诺处理。
4. 人为损坏或使用不当
如果商品问题是因自行拆修、摔落、进水、错误安装、违规使用、保管不当等原因造成，一般不支持退货。部分商品可能可以付费维修，具体以售后检测结果为准。

三、建议您按以下流程申请售后
1. 先进入订单售后入口
请您在订单详情页查看是否仍有“申请售后”“退换/售后”“联系客服”等入口。如果系统仍支持提交申请，建议选择最符合实际情况的原因，例如质量问题、商品破损、商品与描述不符、错发漏发等，并按要求上传凭证。
2. 准备完整凭证
为了提高处理效率，建议您准备以下材料：

订单截图，包括订单编号、购买时间、商品信息；
商品实物照片，需拍清整体和问题部位；
问题视频，如功能异常、无法启动、漏液、异响等，视频会更直观；
外包装和快递面单照片，适用于运输破损、错发漏发等情况；
沟通记录或商家承诺截图，如商家曾承诺可延长退换或特殊保障。
3. 等待商家审核
提交申请后，商家一般会在48小时内处理或回复。若需要补充凭证，请您按提示及时补充，避免售后单因材料不足被关闭。
4. 需要检测的商品
如果商品涉及质量问题，商家可能要求寄回检测，或由官方售后/指定维修点检测。检测周期通常约3-5个工作日，部分大件、家电、数码类商品可能更久，具体以实际检测进度为准。
5. 平台介入处理
如果您与商家协商不一致，例如商家拒绝处理、长时间不回复、处理方案不合理，您可以在售后页面申请平台介入。平台会结合订单信息、商品类目、凭证材料、商家说明和售后规则进行判定。

四、关于运费由谁承担
1. 若属于商品质量问题、错发漏发、描述不符或运输破损
一般情况下，退回或换货产生的合理运费应由责任方承担。您可以先与商家确认退货方式、寄回地址、是否到付、是否提供运费补贴等，避免自行寄出后产生争议。
2. 若属于个人原因且商家同意特殊退货
如果已经超过7天无理由期限，且退货原因是个人原因，商家愿意协商退货的，运费通常需要由买家承担。若商品包邮，商家也可能根据规则扣除发货运费，具体以双方协商和平台规则为准。
3. 不建议直接到付寄回
除非商家明确同意到付，否则建议不要直接使用到付寄回。未经确认的到付件可能被拒收，影响退款时效。

五、退款时效一般多久
1. 商家同意退货后
您按要求寄回商品，并在售后页面填写物流单号。商家收到退回商品后，一般会在48小时内验收处理。
2. 验收通过后
退款通常会按原支付路径退回。到账时间会因支付方式不同而有所差异，一般为1-7个工作日左右，具体以支付机构处理时间为准。
3. 需要检测的情况
如果涉及质量检测，需要等检测结果确认责任后再退款、换货或维修。检测完成后，商家会根据结果继续处理。

六、您现在可以怎么做

建议您先判断退货原因：如果是商品质量问题、描述不符、错发漏发、运输损坏等，请尽快提交售后申请并上传清晰凭证；如果只是个人原因超过7天想退，建议先联系商家说明情况，保持商品、包装、配件完整，争取协商处理。

请您放心，只要商品确实存在售后责任范围内的问题，即使超过7天，也仍然可以按质量保障、质保或平台售后规则申请处理。建议您尽快在订单页面发起售后或联系商家，避免超过更长的售后保障期限，影响后续判断和处理。"
19,"您好，请您放心，我们会尽量协助您获取商品说明资料。关于“是否能提供纸质版说明书”，一般需要根据商品类型、品牌包装配置以及仓库实际随货情况来判断，具体说明如下。

一、商品是否默认配有纸质说明书

通常情况下，以下几类商品较可能随箱配有纸质版说明书：
1. 家用电器类
如厨房电器、生活电器、个护电器等，很多品牌会随商品附带纸质说明书、保修卡或快速使用指南。
2. 数码电子类
如耳机、音箱、智能设备、摄影设备等，部分商品会附带纸质简易说明书，但也有品牌只提供电子版说明书或二维码说明页。
3. 家具、家装、安装类商品
如需要组装或安装的商品，一般会配有安装说明、配件清单或注意事项说明。
4. 母婴、玩具、运动器械等商品
部分涉及安全使用、组装步骤或保养要求的商品，通常会提供纸质说明或安全提示卡。

但也需要说明的是，随着环保包装和电子化说明的普及，部分品牌商品目前可能不再提供完整纸质版说明书，而是改为包装内二维码、电子说明书、品牌说明、说明页面等形式。此类情况属于品牌出厂配置，平台一般无法额外保证每件商品都一定随附纸质说明书。

二、如果您需要纸质版说明书，可以这样处理

如果您购买前就需要确认是否有纸质说明书，建议您按以下方式处理：
1. 下单前咨询商品页面客服
您可以在商品页面联系在线客服，提供您关注的商品名称、规格、型号或颜色版本，请客服协助核实该商品出厂包装内是否包含纸质说明书。
2. 重点确认“完整说明书”还是“简易指南”
有些商品随箱附带的可能只是简易版快速指南，而不是完整纸质说明书。建议您明确说明需求，例如：
“我需要完整纸质版中文说明书”
“我需要安装步骤纸质说明”
“我需要老人使用，最好有纸质版操作说明”
这样客服可以更准确地帮您确认。
3. 如商品页面写明配件清单，以页面说明为准
如果商品详情页或规格参数中明确写有“说明书”“保修卡”“合格证”等，通常会按页面展示配置发出。若页面未写明，则需要以品牌实际包装为准。
4. 特殊需求可在下单备注中说明
如果平台订单支持备注，您可以备注“如有纸质说明书请随箱放置”之类的内容。但需要提醒您，备注不等同于承诺，是否能随箱提供仍取决于商品原包装及仓库可操作情况。

三、如果收到商品后没有纸质说明书怎么办

如果您已经收到商品，但包装内没有纸质版说明书，请您先不要着急，可以按以下步骤处理：
1. 先检查包装内全部夹层和配件袋
部分说明书可能放在泡沫夹层、配件袋、底部纸板、内包装袋或保修卡一起的位置，建议您完整检查一次，避免遗漏。
2. 查看包装或机身是否有二维码
很多品牌会把电子说明书二维码印在外包装、合格证、保修卡、机身贴纸或快速指南上。扫描后通常可以查看完整操作说明、安装视频、保养方式和常见问题。
3. 联系在线客服申请电子版说明书
如果确实没有纸质版，您可以联系订单客服，提供订单信息和商品型号，我们会尽力协助您获取电子版说明书、操作指引或品牌提供的说明资料。
4. 如确需纸质版，可申请协助反馈
如果您因老人使用、安装需要、单位入账留档、售后维修留存等原因确实需要纸质版，请向客服说明具体用途。客服可为您反馈商家或品牌方，看是否可以补寄纸质说明书。一般核实处理会在48小时内给出反馈；如品牌方支持补寄，具体寄出和送达时间通常会根据仓库、快递和地区情况而定，一般可能需要3-5天或更久。

四、纸质说明书是否可以单独补寄

纸质说明书能否补寄，需要看以下几个前提条件：
1. 品牌或商家是否有单独库存
有些说明书是随商品整套包装入库的，仓库没有单独说明书库存，这种情况下可能无法单独补寄纸质版。
2. 商品是否为原厂密封包装
如果商品为原厂封装，仓库一般不会拆开其他商品包装取出说明书单独寄送，以免影响其他商品完整性。
3. 是否有电子版替代资料
若品牌方已全面改为电子说明书，可能只能提供电子版下载、二维码页面或在线操作指引，无法提供纸质版。
4. 是否影响正常使用
如果说明书缺失导致您无法安装、无法开机、无法正确使用，建议您及时联系客服说明情况，我们会优先协助您确认使用方法或安排相应售后处理。

五、运费及费用说明

关于纸质版说明书补寄是否收费，一般会根据责任情况判断：
1. 如果页面或商品清单明确承诺包含纸质说明书，但您收到时确实缺失
经核实属漏放、少发的，通常会协助补寄或提供其他合理处理方案。若支持补寄，相关费用一般会按商家或平台售后规则处理，您可在售后沟通中确认。
2. 如果商品本身出厂配置不含纸质说明书
这种情况下通常不属于少发或漏发，平台可尽力协助您获取电子版资料；如您额外要求纸质版，是否支持以及是否产生费用，需要以商家或品牌方反馈为准。
3. 如果是特殊定制、海外版、简包装或环保包装商品
这类商品可能本身就不配纸质中文说明书，购买前建议重点确认。购买后如需纸质资料，通常只能协助申请，无法保证一定可以提供。

六、建议您提供的信息

为了更快帮您确认是否能提供纸质版说明书，建议您联系订单客服时准备以下信息：
1. 商品名称、型号、规格或颜色版本
2. 是否已经下单或已经收到货
3. 是否需要中文纸质说明书
4. 您需要说明书的用途，比如安装、操作、维修、给老人使用、单位留档等
5. 如果已经收到货，可提供包装内配件照片或缺少说明书的情况说明

信息越完整，客服核实会越快，一般会在48小时内为您反馈初步结果。如需商家或品牌进一步确认，处理时间可能会根据品牌回复速度适当延长。

七、温馨提示

您好，整体来说，是否能提供纸质版说明书，主要取决于商品原厂包装配置和商家是否有单独说明书库存。如果商品随箱自带，我们会按正常包装发出；如果没有随箱配置，我们也会尽量协助您获取电子版说明书或向商家申请纸质版补寄。请您放心，只要您提供具体商品信息，我们会尽快帮您核实并给出可行方案。

您好，请您放心，电子版说明书一般都可以通过商品页面、订单售后入口、包装二维码或在线客服协助获取。不同品牌和商品的提供方式会有差异，您可以按下面的路径逐一查看。

一、在商品详情页查找

您可以先进入购买商品的详情页，重点查看以下位置：
1. 商品详情介绍
部分商品会在详情页中展示“使用说明”“安装说明”“操作指南”“注意事项”等内容，有些还会放置电子说明书的图片或下载提示。
2. 规格参数或包装清单
如果商品支持电子说明书，页面上可能会标注“电子说明书”“扫码查看说明书”“说明书以电子版为准”等信息。
3. 商品问答或客服咨询区
有些常见型号的说明书获取方式会在问答区出现，您也可以直接在商品页面联系在线客服，让客服根据商品型号帮您发送电子版资料或查看路径。

二、在订单页面联系售后客服获取

如果您已经下单或已经收到商品，建议优先通过订单入口咨询，这样客服能更快识别具体商品型号和订单信息：
1. 打开您的订单列表
2. 找到对应商品订单
3. 进入订单详情
4. 选择“联系卖家”“联系商家客服”或“售后服务”等入口
5. 向客服说明您需要该商品的电子版说明书

您可以这样描述：
“您好，我想要这款商品的电子版中文说明书，请帮我根据订单商品型号发送一下。”
如果商品有不同型号、批次或版本，客服可能会请您提供外包装型号、机身铭牌、条形码或商品照片，以便匹配正确版本。

一般情况下，客服会在48小时内协助反馈；如果需要联系品牌方或仓库确认，可能会稍有延长，请您耐心等待。

三、查看商品包装或机身二维码

很多商品的电子说明书不会单独放在平台页面，而是通过二维码提供。您可以检查这些位置：
1. 外包装盒侧面或背面
2. 包装内的合格证、保修卡、快速指南
3. 商品机身标签或铭牌附近
4. 配件袋、安装包、纸质卡片
5. 包装底部或内衬纸板位置

二维码对应的内容可能包括电子说明书、安装视频、保养指引、常见故障处理、质保说明等。如果扫码后需要选择型号，请尽量按照商品包装上的完整型号选择，避免选错版本。

四、通过品牌官方渠道获取

部分品牌会在官方渠道提供电子说明书查询服务。您可以根据商品包装、保修卡或品牌标识上的提示，进入品牌官方说明书查询入口，按商品型号搜索。

查询时建议准备以下信息：
1. 品牌名称
2. 商品完整型号
3. 生产批次或版本号
4. 购买渠道和订单信息
5. 商品照片或铭牌照片

请注意，不同型号即使外观相似，按键、配件、安装方式或功能菜单也可能不同，建议不要随意下载相近型号的说明书，以免影响使用。

五、如果找不到电子版怎么办

如果您在商品详情页、订单页、包装二维码都没有找到电子版说明书，可以直接联系平台或商家客服协助处理。处理流程一般如下：
1. 您提供订单编号或商品信息
客服会先确认您购买的具体商品、型号、规格和版本。
2. 客服核实说明书来源
客服会查看商品资料库、商家后台资料或联系品牌方确认是否有电子版。
3. 发送电子版或提供查看方式
如有电子版，通常会通过客服会话、订单留言或可查看的文件形式提供。
4. 如暂时没有电子版
客服会继续反馈商家或品牌方确认。一般初步反馈时效为48小时内；如涉及品牌方补充资料，可能需要3-5天左右。
5. 如说明书缺失影响正常使用
如果您因为没有说明书导致无法安装、无法开机、无法操作或存在安全使用疑问，请在咨询时明确说明，客服会优先帮您确认关键操作步骤或安排售后支持。

六、电子版说明书常见形式

电子版不一定都是单独的PDF文件，可能包括以下几种形式：
1. PDF说明书
适合保存、打印、查看完整功能说明。
2. 图片版说明书
有些商家会发送说明书拍照图或页面截图。
3. 在线说明页面
通过扫码或链接查看，内容可能会随品牌更新。
4. 安装视频或操作视频
适合家具、家电、运动器材等需要步骤演示的商品。
5. 快速使用指南
只包含开机、安装、基础操作和注意事项，不一定包含完整维修或参数信息。

如果您需要打印使用，建议向客服说明“需要可打印的电子版说明书”，客服会尽量帮您申请PDF或清晰图片版。

七、温馨提示

您好，您可以先从“商品详情页”“订单详情里的联系客服入口”“包装或机身二维码”这三处查找，这是最常见也最快的方式。如果仍找不到，请直接联系订单客服并提供商品型号，我们会尽量在48小时内为您核实电子版说明书的获取方式。请您放心，只要品牌或商家有对应资料，我们都会尽力协助您获取。"
20,"您好，可以的，部分商品支持寄送到国外，但是否能发国际件，需要根据商品类型、收货国家或地区、物流渠道、海关限制以及店铺当前配送服务范围来确认。请您放心，我们会尽量协助您判断能否发货、预计费用和时效，并在下单前把需要注意的事项说明清楚。

一、是否支持寄到国外

一般情况下，商品能否寄往国外主要看以下几个条件：
1. 商品是否适合国际运输
普通服饰、鞋包、家居小件、部分日用品等，通常更容易安排国际物流。
但如果商品属于液体、粉末、膏状、食品、药品、带电池产品、磁性产品、易碎品、贵重物品、品牌授权限制商品，或者涉及当地海关管制的商品，就可能无法寄送，或需要特殊渠道审核。
2. 收货国家或地区是否在可配送范围内
不同国家和地区的物流政策、清关要求、派送覆盖范围不同。有些地区可以直达，有些地区可能只能发到主要城市，也有部分地区暂不支持配送。
3. 商品尺寸和重量是否符合国际物流要求
国际运输对包裹重量、体积、长宽高通常会有限制。若商品体积较大、重量较重，可能运费较高，也可能需要分箱发货，甚至因超出渠道限制无法寄送。
4. 是否能提供完整英文或当地语言地址
国际件通常需要填写收件人姓名、国家、城市、详细地址、邮编、联系电话等信息。地址不完整或格式不规范，可能导致无法发出、清关延误或派送失败。

二、下单前建议您先确认的信息

为了帮您更准确判断是否可以寄送，建议您在下单前准备以下信息：
1. 想购买的商品名称、规格、数量
不同规格可能重量、尺寸或运输限制不同，例如同一款商品中，带电版本和不带电版本的寄送要求可能不同。
2. 收货国家或地区
请提供具体国家或地区名称，如果是偏远地区，也建议提供城市名称，方便判断是否可派送。
3. 收货地址和邮编
国际物流通常对邮编要求较高，邮编错误可能导致派送异常。
4. 是否接受可能产生的关税或清关费用
国际件在目的国清关时，可能产生关税、增值税、清关服务费或其他当地费用，具体金额通常由目的国海关或当地物流方判定。

三、国际运费如何计算

国际运费一般不是固定金额，通常会根据以下因素综合计算：
1. 商品重量
实际重量越重，运费通常越高。
2. 包裹体积
部分物流渠道会按体积重量计费。如果商品比较轻但体积较大，例如抱枕、收纳箱、大件家居用品，可能会按体积重量收费。
3. 收货国家或地区
不同目的地的运输成本差异较大。距离、航线、清关难度、当地派送成本都会影响费用。
4. 物流渠道
经济渠道通常费用较低，但时效较慢；标准渠道费用和时效较均衡；加急渠道费用较高，但运输速度更快。
5. 是否需要特殊包装
易碎、贵重或需防压的商品，可能需要加固包装。加固后包裹重量和体积可能增加，因此运费也可能变化。

请您注意，国际运费一般需要在确认商品、数量、目的地和包装方式后才能准确核算。若页面已有国际运费显示，以页面结算信息为准；若页面没有显示国际配送选项，建议先联系店铺客服确认后再下单。

四、国际配送时效大概多久

国际物流时效会受航班、海关清关、当地派送、节假日、天气和政策变化影响。一般可参考以下范围：
1. 经济类国际物流
通常约 15-30 个工作日左右，适合不着急收货、希望控制运费的情况。
2. 标准类国际物流
通常约 7-15 个工作日左右，时效相对稳定，是比较常见的选择。
3. 加急类国际物流
通常约 3-7 个工作日左右，但费用会更高，且仍需以实际清关和派送情况为准。

以上时效为常见参考，不代表绝对送达时间。国际件一旦进入目的国海关，清关速度由当地海关和物流方处理，可能出现延误。若遇到资料补充、关税缴纳、地址不完整、收件人电话无法接通等情况，派送时间也会顺延。

五、关税和清关费用由谁承担

国际包裹到达目的国后，可能会被当地海关征收关税、增值税、消费税、清关手续费或其他费用。一般情况下：
1. 目的国产生的税费通常由收件人承担
因为税费是由当地海关或当地政策决定，商家通常无法提前准确承诺最终金额。
2. 是否产生税费取决于当地政策
不同国家、不同商品类别、不同申报金额，税费标准都可能不同。有些包裹可能不产生税费，有些则需要缴纳。
3. 收件人需配合清关
若当地海关或物流方要求提供身份证明、购买凭证、税号、清关授权或缴纳税费，建议及时配合，以免包裹滞留、退回或销毁。
4. 因拒付税费导致退回或无法派送
如果包裹因收件人拒绝缴纳目的国税费、拒绝清关、地址错误或联系不上而无法派送，可能会产生退运费、仓储费或处理费，相关费用通常需要由责任方承担。

六、哪些商品可能不能寄到国外

以下类型商品较容易受到国际运输或海关限制，是否能发出需要单独确认：
1. 食品、保健品、药品、植物种子类商品
多数国家对此类商品管制较严格，可能需要检疫或进口许可。
2. 液体、粉末、膏体、喷雾类商品
如香水、化妆水、洗护用品、清洁剂、油漆等，部分渠道不承运。
3. 带电池或含电产品
如充电宝、蓝牙耳机、电子设备、内置锂电池产品，可能需要符合航空运输要求。
4. 易燃、易爆、腐蚀性、压缩气体类商品
这类商品通常无法通过普通国际物流寄送。
5. 品牌、仿牌或涉及知识产权限制的商品
目的国海关可能会查验品牌授权，存在扣关风险。
6. 超大、超重、易碎或高价值商品
这类商品可能需要特殊包装、保险或专线渠道，也可能不支持运输。

七、下单和发货流程

如果您想购买并寄往国外，建议按以下流程处理：
1. 先确认商品是否支持国际配送
请在商品页面查看是否有海外配送、国际运费或目的地选择。如果页面没有明确显示，建议先咨询确认。
2. 提供收货国家、城市、邮编和商品信息
客服会根据商品属性和目的地初步判断是否可发货，以及是否需要补充信息。
3. 核算运费和预计时效
一般会根据商品重量、体积、目的地和渠道给出参考运费及预计到达时间。
4. 确认费用和风险说明
包括国际运费、可能产生的关税、清关要求、退换货成本等。确认无误后再下单会更稳妥。
5. 安排打包发货
发货后一般会提供物流单号，您可以根据物流轨迹查看运输进度。
6. 到达目的国后配合清关和派送
如当地物流方联系您补充资料或缴纳税费，请及时处理，避免包裹滞留。

八、国际件退换货说明

国际订单也可以按照商品情况申请售后，但由于跨境运输成本较高、时效较长，处理方式会和国内订单有所不同：
1. 商品质量问题
若收到商品后发现破损、错发、漏发、明显质量问题，请尽量在签收后 48 小时内联系反馈，并提供外包装照片、商品照片、物流面单照片、问题细节说明等。经核实属于商品或发货责任的，会协助处理补发、退款、部分退款或其他售后方案。
2. 非质量问题退换货
如果是尺码不合适、不喜欢、拍错、买多了等个人原因，是否支持退换需要看商品是否适用相关退换政策，以及国际往返运费是否可接受。通常国际退回运费较高，且可能产生关税、清关费、退运费等费用。
3. 7天无理由的适用前提
若商品支持 7 天无理由，一般需要保持商品完好、不影响二次销售，吊牌、配件、包装、赠品齐全。但跨境订单是否适用、退回地址和退回费用承担方式，需要以下单页面规则或客服确认结果为准。部分定制类、贴身类、食品类、易耗品、拆封后影响销售的商品，通常不支持无理由退换。
4. 售后处理时效
售后申请提交后，一般会在 48 小时内进行初步处理。若涉及商品检测、物流责任核实、跨境退回或补发，整体处理时间可能需要 3-5 个工作日或更久，具体以实际物流和审核进度为准。

九、收货时需要注意什么
1. 签收前检查外包装
如果外包装明显破损、变形、受潮，建议先拍照留存，并根据当地物流规则选择验货或备注异常。
2. 签收后尽快检查商品
建议在收到后 48 小时内检查商品数量、规格、颜色、功能和外观，发现问题及时反馈。
3. 保留包装和物流面单
如后续需要申请售后，外包装、面单、商品照片会有助于核实责任。
4. 保持电话畅通
国际派送过程中，当地物流方可能会联系收件人确认地址、预约派送或处理清关事项。

十、给您的建议

如果您准备寄到国外，建议先不要直接下单大量商品，可以先确认商品是否能发、运费是否合适、是否有清关限制，再决定购买。尤其是带电、液体、食品、化妆品、较大件或高价值商品，最好先确认清楚后再付款，这样可以避免后续因无法发货、清关受阻或运费过高造成不便。

总体来说，我们家部分商品是可以寄到国外的，但需要根据商品和目的地具体确认。请您放心，只要商品符合运输和海关要求，我们会尽量为您安排合适的物流方式，并在发货前说明运费、时效、清关和售后注意事项。

您好，国际寄送的运费和时效一般需要根据“商品重量/体积、收货国家或地区、物流渠道、是否需要特殊包装”等因素综合计算。请您放心，您下单前可以先确认费用和预计到达时间，避免后续产生不必要的误会。

一、运费一般怎么算

国际运费通常不是固定金额，主要按以下方式核算：
1. 按实际重量或体积重量计费
物流方一般会比较包裹的实际重量和体积重量，取较高的一项作为计费重量。
例如商品本身不重，但体积比较大，像抱枕、收纳箱、大件家居用品等，可能会按体积重量收费，运费会比单看重量更高。
2. 按目的地国家或地区计费
不同国家和地区的运费差异比较大。通常距离较远、清关要求更复杂、当地派送成本较高或属于偏远地区的地址，费用会更高。
3. 按物流渠道计费
常见会有经济、标准、加急等不同渠道：
经济渠道费用相对低，但时间较长；标准渠道费用和时效较均衡；加急渠道费用较高，但运输速度更快。
4. 按商品属性计费
如果商品含电池、液体、粉末、膏体、易碎、磁性、贵重或需要加固包装，可能只能走特定渠道，费用也可能不同。部分敏感商品还可能无法承运。
5. 是否产生额外费用
国际包裹到目的国后，可能会产生关税、增值税、清关费、偏远地区派送费、仓储费等。这类费用通常由目的国海关或当地物流方按当地政策收取，具体金额无法在发货前完全确定，一般由收件人承担。

二、运费确认流程

建议您按以下流程确认运费：
1. 提供商品信息
包括商品名称、规格、数量。如果您购买多件商品，建议一起提供，方便核算合箱后的重量和体积。
2. 提供收货国家或地区
最好同时提供城市和邮编，因为同一个国家内，不同城市或偏远地区的费用可能不同。
3. 确认可选物流渠道
客服会根据商品属性和目的地判断是否能发，以及可选择经济、标准或加急渠道。
4. 核算参考运费
运费一般会根据最终打包后的重量和体积确认。若发货前只是预估，实际费用可能会因包装重量、箱规变化略有调整。
5. 确认后再付款或补运费
如果商品页面已显示国际运费，结算页金额通常可作为下单依据；如果页面未显示国际配送费用，则需要先核实后再下单，或按客服确认的方式补差价。

三、大概多久能到

国际物流时效受航班安排、海关清关、当地派送、节假日、天气、政策变化等影响，以下是常见参考范围：
1. 经济渠道
一般约 15-30 个工作日左右到达。
适合不着急收货、希望运费更低的情况，但运输和更新速度会慢一些。
2. 标准渠道
一般约 7-15 个工作日左右到达。
这是比较常见的选择，费用和时效相对均衡，适合大多数普通商品。
3. 加急渠道
一般约 3-7 个工作日左右到达。
适合比较着急收货的情况，但费用会明显高一些，并且仍需以实际清关和当地派送进度为准。

四、哪些情况可能导致延迟

即使选择了较快的渠道，国际件也可能因为以下原因延迟：
1. 海关查验
包裹进入目的国后，如果被海关抽查，可能需要额外等待。部分国家清关速度不稳定，时效会顺延。
2. 需要补充清关资料
如果当地海关或物流方要求收件人提供身份证明、税号、购买凭证、清关授权等资料，需及时配合，否则可能滞留。
3. 关税或清关费用未及时缴纳
若目的国要求缴纳关税、增值税或清关服务费，收件人未及时处理，会影响派送进度。
4. 地址、邮编或电话不完整
国际件对地址格式要求较高，信息不完整可能导致派送失败、退回或长时间无法更新。
5. 节假日、航班调整或极端天气
国内外节假日、航班舱位紧张、天气影响等，都可能造成运输时间延长。
6. 偏远地区派送
如果收货地址属于当地物流方认定的偏远地区，可能会增加派送时间，也可能产生额外派送费用。

五、关税是否包含在运费里

一般情况下，国际运费只包含从发货地到目的地的运输费用，不一定包含目的国关税、增值税、清关服务费或其他当地费用。是否产生税费、金额多少，通常由目的国海关根据商品类别、申报金额和当地政策决定。

如果包裹到达后当地物流方通知缴税，通常需要收件人配合缴纳。若因拒缴税费、拒绝清关、地址错误或联系不上导致包裹退回、销毁或产生仓储费，相关费用可能需要由责任方承担。

六、建议您这样操作

为了更准确地确认运费和时效，建议您提供以下信息后再下单：
1. 商品名称、规格、数量
2. 收货国家或地区
3. 城市和邮编
4. 是否需要加急
5. 是否能接受目的国可能产生的关税或清关费用

收到这些信息后，通常可以先为您预估运费和时效；如果需要最终准确费用，一般要以商品实际打包后的重量、体积以及物流方报价为准。

总结一下：国际运费通常按实际重量或体积重量中较高者，并结合目的地、渠道和商品属性计算；到货时间一般为加急 3-7 个工作日、标准 7-15 个工作日、经济 15-30 个工作日。具体费用和时效需要根据您购买的商品及收货地址进一步确认。"
21,"您好，请您放心，购买商品后如需开具公司抬头发票，一般是可以支持的。为避免发票信息填写错误、影响报销或后续使用，建议您重点注意以下事项：

一、公司抬头发票需要填写的信息

开具公司发票时，请您尽量按照公司财务要求准确填写，常见信息包括：
1. 发票抬头
请填写公司营业执照上的完整公司名称，不能使用简称、门店名、品牌名或个人姓名代替。
例如应填写“某某科技有限公司”，不要填写“某某科技”“某某公司”等不完整名称。
2. 纳税人识别号
公司抬头发票通常需要填写统一社会信用代码，也就是纳税人识别号。
请务必核对字母和数字是否正确，尤其注意“O”和“0”、“I”和“1”等容易混淆的字符。
3. 发票类型
常见发票类型包括普通发票和增值税专用发票。
普通发票一般用于日常报销；增值税专用发票通常涉及抵扣，开具要求更严格，可能需要提供公司注册地址、电话、开户行及账号等信息。具体是否支持专票，以商品页面、订单开票入口或商家规则为准。
4. 发票内容
发票内容一般会根据您购买的商品类别、订单实际交易内容开具，通常不能随意更改为与实际商品不符的项目。
例如购买办公用品，一般不能开成服务费、咨询费等不相关内容。
5. 发票金额
发票金额通常以订单实际支付金额为准。若订单使用了优惠券、平台红包、积分、礼品卡、商家优惠等，发票金额可能按实际现金支付部分或订单可开票金额开具，具体以系统显示为准。
运费是否可开票，也要看订单实际支付情况和商家开票规则。

二、下单前需要注意什么
1. 下单时优先填写发票信息
如果商品支持下单时申请发票，建议您在提交订单前进入发票信息页面，选择“公司”抬头，并完整填写公司名称和纳税人识别号。
这样可以减少后续补开发票时的信息核对时间。
2. 确认商品是否支持开票
不同商品、不同商家、不同交易类型的开票规则可能不同。部分特殊商品、虚拟商品、跨境商品、拍卖商品、预售商品或第三方商家商品，开票方式和时效可能会有所差异。
建议您在下单前查看商品详情页、订单结算页或发票申请入口的提示。
3. 确认公司财务要求
如果您是用于公司报销，建议提前向公司财务确认需要普通发票还是增值税专用发票，是否需要填写注册地址、电话、开户行、银行账号等信息。
因为发票一旦开出，部分信息修改会比较麻烦，甚至可能需要冲红后重开。
4. 注意个人订单和公司发票的匹配
部分公司报销可能要求购买人、收货人、支付方式、商品用途等与公司业务相关。平台一般只负责按订单交易信息开具发票，是否符合贵司报销制度，需要您提前与公司财务确认。

三、下单后如何申请公司抬头发票

如果您已经完成购买，一般可以按以下流程操作：
1. 进入订单页面
找到对应订单，查看是否有“申请发票”“开具发票”“发票服务”等入口。
2. 选择发票抬头类型
选择“公司”或“单位”抬头。
3. 填写开票信息
按页面要求填写公司全称、纳税人识别号等信息；如申请增值税专用发票，还可能需要补充注册地址、注册电话、开户银行、银行账号等。
4. 确认发票内容和金额
核对系统展示的开票内容、金额、订单号等信息，确认无误后提交申请。
5. 等待开具
一般电子发票会在申请后较快开具，常见处理时效为提交后24至48小时内完成；如遇商家审核、信息核验、活动高峰、订单完成状态限制等情况，可能需要3至5个工作日。
纸质发票如需邮寄，通常还会增加寄送时间，具体以页面提示为准。

四、电子发票和纸质发票的区别
1. 电子发票
电子发票一般会发送至订单发票入口、账号绑定信息或您填写的接收方式中。电子发票通常与纸质发票具有同等法律效力，可用于报销和入账，具体以您公司财务要求为准。
您可以下载后自行打印，打印件是否可报销建议以贵司财务规定为准。
2. 纸质发票
如商家支持纸质发票，可能需要填写收票地址、收件人和联系电话。纸质发票一般随商品寄出或后续单独寄出。
若为单独寄送，邮寄时效通常为开票完成后3至7天左右，具体会受到地区、快递、商家处理进度影响。是否收取邮寄费用，需要以订单页面或商家规则为准。

五、发票信息填写错误怎么办

如果提交后发现公司名称、税号或其他信息填写错误，请您尽快处理：
1. 发票尚未开具
一般可以尝试在订单发票页面撤回或修改申请；如果页面不支持修改，可联系平台或商家协助处理。
2. 发票已经开具
通常需要先作废或冲红原发票，再按正确信息重新开具。
处理时效一般为提交修改申请后3至5个工作日左右，具体取决于发票类型、商家审核和税务处理进度。
3. 增值税专用发票错误
专票处理要求通常更严格。如果已认证、已抵扣或已入账，可能需要按照税务规则配合提供相关说明或资料。建议您先与公司财务确认处理方式，再提交修改申请。

六、退货、退款后发票如何处理

如果订单后续发生退货或退款，发票也需要同步处理：
1. 全额退款
一般需要作废或冲红已开具发票。若发票未处理完成，可能会影响退款完成或后续重新开票。
2. 部分退款
发票金额可能需要按实际成交金额重新调整，通常需要先对原发票进行冲红，再按实际保留商品金额重新开具。
3. 已收到纸质发票
如涉及纸质发票退回，可能需要您按平台或商家要求寄回原发票。寄回方式、寄回地址和运费承担规则，请以售后页面或商家审核结果为准。
4. 时效说明
发票冲红、重开一般需要3至5个工作日；如遇税务系统处理、跨月订单、专票认证等情况，时间可能会延长。请您放心，正常按流程提交后会有对应记录，您可在订单售后或发票页面查看进度。

七、关于运费是否可以开票

运费能否开票，主要看以下几种情况：
1. 如果订单中实际支付了运费
部分商家可将运费与商品金额合并开具，或单独体现为运输、配送相关费用，具体以商家开票规则和系统可选项为准。
2. 如果订单免运费
未实际支付运费的情况下，通常无法单独开具运费发票。
3. 如果使用优惠抵扣运费
发票金额一般以实际支付金额为准，优惠抵扣部分是否可开票，需要以订单可开票金额显示为准。

八、建议您提交前重点核对

为确保发票顺利开具，建议提交前再次核对以下内容：
1. 公司名称是否与营业执照完全一致。
2. 纳税人识别号是否准确无误。
3. 发票类型是否符合公司报销要求。
4. 发票金额是否与实际可开票金额一致。
5. 发票内容是否符合订单实际商品。
6. 电子邮箱、手机号或收票地址是否正确。
7. 是否存在退款、退货、换货、订单未完成等可能影响开票的情况。

九、温馨提示

发票属于重要财务凭证，请您尽量在订单完成后及时申请，并保留好电子发票文件或纸质发票。若您不确定公司需要哪种发票，建议先咨询公司财务后再提交开票申请，以免后续修改耽误报销。一般情况下，只要订单符合开票条件、信息填写准确，公司抬头发票都可以正常申请开具，请您放心。

您好，请您放心，发票抬头写错后一般是可以申请重新开具的，但需要根据“发票是否已经开具”“发票类型”“订单状态”“是否发生退款/退货”等情况来处理。建议您尽快在订单发票页面查看当前发票状态，并按页面指引提交修改或重开申请。

一、如果发票还没有开具

如果您只是提交了开票申请，但发票还在审核中、开具中，通常处理会比较简单：
1. 您可以进入对应订单，找到“发票服务”“申请发票”“发票详情”等入口。
2. 查看是否有“修改发票信息”“撤回申请”“重新填写”等按钮。
3. 将公司抬头、纳税人识别号等信息修改为正确内容后重新提交。
4. 如果页面暂时不支持自行修改，可以通过订单售后或在线客服入口申请协助处理。

这种情况一般不需要冲红或作废，处理速度相对较快，常见会在24至48小时内更新，具体以页面显示进度为准。

二、如果发票已经开具

如果发票已经生成，抬头写错后通常不能直接在原发票上修改，需要先对原发票进行作废或冲红，再按正确抬头重新开具。

常见流程如下：
1. 进入订单发票详情页，查看发票状态和发票类型。
2. 选择“发票有误”“申请重开”“冲红重开”等相关入口。
3. 填写正确的发票抬头、纳税人识别号等信息。
4. 按要求提交原发票信息，等待商家或平台审核。
5. 原发票作废或冲红完成后，系统或商家会按新信息重新开具。

一般情况下，发票重开处理时效约为3至5个工作日；如果涉及增值税专用发票、跨月发票、已认证抵扣、订单退款等情况，处理时间可能会更长，请您以实际审核结果和页面提示为准。

三、电子发票抬头写错如何处理

如果是电子发票抬头错误，通常不需要您寄回纸质票据，但仍需要按规则处理原发票：
1. 未入账、未报销的电子发票
一般可申请冲红或作废后重新开具。您提交正确抬头信息后，等待审核即可。
2. 已提交公司报销或已入账
建议您先联系公司财务确认是否已经入账。如果财务尚未处理，通常可按普通重开流程申请；如果已经入账，可能需要配合财务进行红冲处理。
3. 已开具的新电子发票
重开完成后，您可以在订单发票页面下载新的电子发票。旧发票如已冲红或作废，一般不建议继续用于报销或入账。

四、纸质发票抬头写错如何处理

如果您收到的是纸质发票，抬头写错后通常需要先确认是否需要寄回原发票：
1. 纸质发票尚未寄出
如果发现及时，建议立即申请修改。商家未寄出前通常可以直接调整信息。
2. 纸质发票已经寄出或已收到
多数情况下需要您按页面要求寄回原纸质发票，商家收到并确认后，再进行作废或冲红及重开。
3. 运费问题
因买家填写错误导致抬头错误的，寄回原发票或重新寄送产生的运费，通常可能需要由买家承担；如果是商家或平台原因导致开错，则一般应由责任方承担。具体以售后审核结果为准。

纸质发票重开时间通常包括审核、寄回、重新开票和再次寄送，整体可能需要5至10个工作日左右，偏远地区或特殊情况会更久。

五、增值税专用发票抬头写错要特别注意

如果您申请的是增值税专用发票，处理要求会比普通发票更严格。除了公司抬头外，还需要核对：
1. 纳税人识别号是否正确。
2. 注册地址和注册电话是否正确。
3. 开户银行和银行账号是否正确。
4. 发票是否已经认证、抵扣或入账。
5. 是否跨月或跨税期。

如果专票已经认证或抵扣，通常不能简单作废，可能需要按税务规则进行红冲处理，并可能需要您配合提供相关说明或资料。建议您先与公司财务确认当前发票状态，再提交重开申请，避免影响公司抵扣或账务处理。

六、哪些情况可能无法直接重开

以下情况可能会影响重新开具，请您提前了解：
1. 订单已发生全额退款
通常不能再按原订单金额重新开具发票，已开票的还需要先冲红或作废。
2. 订单发生部分退款
发票金额可能需要调整为实际成交金额，通常不能按退款前金额重开。
3. 超过商家或平台规定的开票修改期限
部分商家对发票修改有时间限制，超过后可能需要人工审核，能否重开以审核结果为准。
4. 发票已经用于报销、入账、认证或抵扣
需要根据财务和税务要求处理，不能直接重复开具。
5. 修改后的发票内容与实际购买商品不一致
发票内容必须与订单实际交易内容相符，一般不能改成与商品无关的项目。

七、建议您现在这样处理

您可以按以下顺序操作，会比较稳妥：
1. 先确认发票类型
查看是电子普通发票、纸质普通发票，还是增值税专用发票。
2. 再确认发票状态
看是否已开具、是否已寄出、是否已被公司财务入账或认证。
3. 准备正确开票信息
公司全称、纳税人识别号务必与营业执照保持一致；如是专票，还要准备注册地址、电话、开户行及账号。
4. 在订单发票页面提交重开申请
选择发票信息有误或抬头错误原因，并填写正确信息。
5. 关注审核进度
普通电子发票一般约3至5个工作日处理；纸质发票或专票可能需要更久。

八、温馨提示

发票抬头写错后，请不要继续使用错误发票报销或入账，以免后续财务审核不通过。只要订单符合开票条件，且原发票可以按规则作废或冲红，通常都可以重新开具。建议您尽快提交申请，并确保新抬头、税号等信息准确无误，这样处理会更顺利。"
22,"您好，可以的，请您放心。商品收到后发现存在瑕疵，即使已经使用过，也不代表一定不能申请售后。平台通常会根据商品瑕疵情况、使用程度、签收时间、商品品类以及责任归属来综合判断，若确认为商品本身质量问题或发货前已存在的瑕疵，一般可以为您提供退货、换货、维修、补偿等售后方案。

一、已使用过还能不能售后

可以申请售后，但需要区分以下几种情况：
1. 商品本身存在质量问题
如果瑕疵属于商品质量问题，例如开裂、掉漆、功能异常、缺件、破损、明显做工缺陷、材质瑕疵、与页面描述不符等，即使您已经正常使用过，也可以提交售后申请。平台会根据您提供的凭证进行核实，确认属实后会按售后规则处理。
2. 使用后才发现的隐性瑕疵
有些问题并不是拆开包装时马上能发现，比如电器使用后才发现功能异常，服饰清洗或穿着后才发现严重开线，家具安装后才发现结构问题等。这类情况通常也可以申请售后，建议您尽快提交申请，并说明“使用后才发现问题”的原因和发现时间。
3. 因人为使用不当造成的问题
如果商品瑕疵是由于摔落、进水、私自拆修、错误安装、超范围使用、洗护不当、外力损坏等人为原因导致，可能无法支持退换货，但部分商品仍可能支持付费维修或保修服务，具体以商品售后政策和检测结果为准。
4. 影响二次销售但确认为质量问题
一般来说，已使用商品可能会影响二次销售，但如果问题确认为商品本身质量瑕疵，是否影响二次销售通常不会成为拒绝售后的唯一理由。平台会重点判断责任是否在商家或商品本身。

二、建议您先确认是否还在售后时效内

不同售后类型会有不同的时效要求，您可以参考以下规则：
1. 7天无理由退货
如果商品没有质量问题，只是个人原因想退货，一般需要满足签收后7天内、商品完好、不影响二次销售等条件。由于您已使用过，若只是个人原因退货，可能不符合7天无理由退货要求。
2. 质量问题退换货
如果是商品瑕疵、质量问题或与描述不符，通常不完全受“未使用、不影响二次销售”的限制。建议您在发现问题后尽快提交售后，越早申请越有利于核实。常见处理时效为商家在您提交申请后约48小时内审核，具体以订单页面显示为准。
3. 保修或维修服务
部分商品有保修期，例如家电、数码、家具、运动器械等。如果已超过退换货周期，但仍在保修期内，通常可以申请维修或售后检测。若检测确认为非人为质量问题，一般可按保修政策处理；若为人为损坏，可能需要您承担维修费用。

三、您需要准备哪些凭证

为了提高售后通过效率，建议您尽量准备清晰、完整的凭证：
1. 商品瑕疵照片或视频
请拍摄瑕疵部位的近景和整体图，最好能清楚展示问题位置、严重程度以及商品整体状态。如果是功能异常，建议录制视频说明操作过程和异常表现。
2. 外包装和快递包装照片
如果怀疑是运输造成破损，请保留外包装、快递面单、填充物、破损位置照片。物流破损类问题通常需要这些材料来判断责任。
3. 使用过程说明
请简单说明商品是什么时候签收、什么时候开始使用、什么时候发现瑕疵、使用过程中是否有异常操作。说明越清楚，商家和平台越容易判断问题原因。
4. 订单信息和商品配件
申请售后时请确认订单号、购买商品、规格型号等信息准确，并尽量保留配件、赠品、发票、说明书等。如需退货或换货，通常需要一并寄回。

四、具体售后处理流程

您可以按以下步骤操作：
1. 进入订单售后入口
在订单页面找到对应商品，选择“申请售后”或类似入口，根据实际情况选择“退货退款”“换货”“维修”或“仅退款”等服务类型。
2. 填写问题说明
请在售后原因中选择“质量问题”“商品瑕疵”“破损/功能异常”等相近选项，并详细描述问题。例如：签收后正常使用，发现某处开裂、掉漆、无法正常运作等。
3. 上传凭证
上传照片或视频，建议至少包含瑕疵特写、商品整体图、包装图以及能证明问题的视频。凭证越完整，审核越顺畅。
4. 等待商家审核
一般商家会在48小时左右处理您的售后申请。若商家需要补充凭证，建议您按提示及时补充，避免售后超时或被驳回。
5. 按审核结果处理
如果商家同意退货或换货，您按照页面提示寄回商品；如果需要检测，可能会先寄回检测后再确认责任；如果商家提供维修方案，您可根据页面提示选择是否接受。
6. 平台介入
如果您认为商品确实存在质量问题，但商家拒绝处理，您可以在售后页面申请平台介入。平台通常会结合订单信息、双方说明、照片视频、检测结果等材料进行判断。

五、运费由谁承担

关于运费，主要看责任归属：
1. 确认为商品质量问题
如果经核实属于商品本身瑕疵、发错货、漏发、描述不符或非您原因导致的问题，退换货运费一般应由商家承担。部分订单可能支持上门取件或运费补贴，具体以售后页面显示为准。
2. 需要先垫付运费的情况
有些售后流程可能需要您先寄回商品并垫付运费。若后续确认是商家责任，通常可申请退还合理运费。请您保留寄件凭证、物流单号和运费支付凭证。
3. 人为损坏或个人原因
如果检测结果显示为人为损坏、使用不当或个人原因退换，运费和维修费用可能需要由您承担。若是个人原因且商品已使用，通常退换成功率会受到影响。

六、售后结果可能有哪些

根据瑕疵情况和商品状态，可能有以下处理方式：
1. 退货退款
适用于质量问题较明显、无法正常使用、严重影响商品价值或商家同意退货的情况。商品寄回并验收通过后，退款一般会按支付路径退回，到账时效通常为1至7个工作日，具体以支付渠道为准。
2. 换货
适用于商品有瑕疵但您仍需要同款商品的情况。商家收到退回商品并确认后，会安排重新发货。换货整体时效通常受物流和库存影响，一般可能需要3至5天或更久，具体以页面显示和商家处理为准。
3. 维修
适用于在保修范围内、可通过维修恢复正常使用的商品。维修时效会根据商品品类、配件情况和检测进度不同而不同，常见为7至15天左右，部分特殊商品可能更长。
4. 部分补偿
如果瑕疵不影响主要使用，且您愿意继续保留商品，商家可能会协商补偿、优惠券、部分退款等方案。是否接受由您自行决定。

七、特别提醒
1. 请尽快申请售后
发现瑕疵后建议第一时间提交，不要继续长时间使用，以免后续难以判断瑕疵是原本存在还是使用过程中产生。
2. 不要自行维修或改装
在售后处理前，请尽量保持商品现状，不建议自行拆机、修补、改装或丢弃包装，否则可能影响责任判断。
3. 如实描述使用情况
已使用并不一定影响质量问题售后，但建议您如实说明使用时间和发现问题的过程。平台更看重问题是否真实、凭证是否充分、责任是否清晰。
4. 注意特殊品类规则
食品、个护、贴身衣物、定制商品、虚拟商品、生鲜商品等可能有特殊售后限制。如果商品属于特殊品类，售后会结合商品性质、是否拆封、是否影响安全卫生等因素判断。

八、给您的处理建议

建议您现在就通过订单页面提交售后申请，选择与“质量问题/商品瑕疵”相关的原因，并上传清晰照片或视频。请在说明中写明：商品已正常使用、使用后发现瑕疵、瑕疵具体表现、是否影响使用。提交后一般会在48小时左右收到审核结果。若商家拒绝但您认为确属商品问题，可以继续补充凭证并申请平台介入。

请您放心，只要瑕疵属于商品本身问题，并且您能提供有效凭证，即使商品已经使用过，也仍然有机会获得相应售后处理。

您好，不一定只能维修，是否可以换货要看商品瑕疵的性质、发现时间、使用程度、商品品类以及商家/平台核实结果。请您放心，只要确认是商品本身质量问题，一般会优先按照售后规则为您匹配退货、换货或维修方案。

一、什么情况下可以申请换货

通常符合以下情况，更容易支持换货：
1. 在退换货时效内
如果您签收商品时间不久，仍在平台支持的退换货周期内，并且瑕疵属于商品本身质量问题，例如破损、开裂、功能异常、明显做工缺陷、配件缺失、与描述不符等，一般可以申请换货。
2. 瑕疵影响正常使用
如果商品问题会影响核心功能或正常使用，比如电器无法启动、鞋服严重开线、箱包五金损坏、家具结构异常等，确认非人为原因后，通常可以优先申请换货或退货。
3. 商品问题在使用前已存在，或属于隐性质量问题
即使您已经使用过，如果问题属于出厂瑕疵、材料缺陷、安装后才发现的结构问题、通电后才出现的功能异常等，也可以提交换货申请。关键是需要提供照片、视频等凭证证明问题情况。
4. 商品有库存且符合换货条件
换货还需要看同款商品是否有库存。如果同款同规格缺货，商家可能会与您协商退款、维修或其他补偿方案。

二、什么情况下可能只能维修

以下情况更可能被安排维修，而不是直接换货：
1. 已超过退换货周期，但仍在保修期内
如果已经过了支持退货、换货的时间，但商品仍在保修期内，一般会优先走维修服务。比如家电、数码、家具等耐用品，超过退换周期后通常按保修政策处理。
2. 商品已经使用较久
如果商品已经使用了一段时间，平台和商家会判断瑕疵是原本存在，还是使用过程中产生。若难以确认属于到货质量问题，可能需要先检测；检测确认为非人为质量问题后，通常按保修维修处理。
3. 问题可以通过维修恢复
如果瑕疵不影响整体商品价值，或通过更换零件、修复部件即可恢复正常，商家可能会提供维修方案。常见于电器、数码、家具、运动器材等商品。
4. 商品属于特殊品类
部分商品因卫生、安全、定制属性等原因，即使存在问题，也可能无法直接换新，而是根据实际情况提供维修、补发配件、补偿或退款处理。

三、您可以优先申请换货

如果您更希望换货，建议您在售后申请中直接选择“换货”，并在问题说明里写清楚以下内容：
1. 商品已正常使用后发现瑕疵；
2. 瑕疵的具体位置和表现；
3. 是否影响正常使用；
4. 您希望更换同款同规格商品；
5. 该问题并非人为造成。

同时上传清晰照片或视频，包括商品整体图、瑕疵特写、使用异常视频、包装照片等。商家一般会在48小时左右审核。若需要检测，可能会要求您先寄回商品，检测后再确认是换货还是维修。

四、换货和维修的判断顺序

一般会按这个思路判断：
1. 先看是否在退换货周期内
在时效内且质量问题明确，通常更有机会换货。
2. 再看是否为商品本身质量问题
如果凭证能证明是非人为瑕疵，换货成功率会更高。
3. 再看商品使用程度
正常试用或短时间使用后发现问题，通常不等于失去换货资格；但如果使用痕迹较重，可能需要检测后决定。
4. 最后看商品品类和库存
有些商品规则特殊，或同款缺货，会影响是否能换货。

五、关于运费和时效

如果确认是商品质量问题，换货产生的合理运费一般应由商家承担。部分情况可能需要您先垫付寄回运费，后续凭物流单号和运费凭证申请退还。

换货时效一般包括商家审核、寄回商品、验收或检测、重新发货几个环节。商家审核通常约48小时内完成；寄回和重新发货时效受物流影响；整体换货时间一般可能需要3至5天，若需要检测或商品调货，时间可能更长。

六、如果商家只同意维修，您可以这样处理

如果您认为商品问题明显属于到货瑕疵，且仍在换货时效内，但商家只给维修方案，您可以先补充凭证并说明希望换货的理由。比如“商品签收后正常使用即发现质量瑕疵，问题影响正常使用，希望按质量问题换货处理”。

如果协商不一致，您可以在售后页面申请平台介入。平台会结合订单时间、商品状态、问题凭证、检测结果和商家说明来判断最终方案。

总的来说，已使用过不代表只能维修。若您还在退换货时效内，并且瑕疵确认为商品本身质量问题，通常可以优先申请换货；若已超过退换货周期或需要检测确认，可能会先按维修或保修流程处理。"
23,"您好，请您放心，订单已经付款后一般也是可以申请取消并退款的。能否全额退款，主要取决于订单当前所处的状态、商品是否已经发出、是否属于特殊商品或特殊服务类订单。下面为您详细说明。

一、已付款订单是否可以全额退款

通常情况下，如果订单还没有发货，您申请取消订单后，平台会优先为您办理全额退款，退款金额一般包括您实际支付的商品金额、已支付运费以及使用后可退回的部分优惠金额等。

但如果订单已经进入发货、配送或已签收阶段，是否可以全额退款需要根据具体情况判断：
1. 订单未发货
一般可以申请取消订单，审核通过后通常可全额退款。
如果商家尚未打包、出库或交给物流，处理会比较快。
2. 订单已打包但未正式发出
您仍可以提交取消申请，但需要商家或仓库确认是否能拦截。
如果拦截成功，通常可全额退款；如果拦截失败，订单可能会继续发出，后续需要按退货退款流程处理。
3. 订单已发货
此时取消订单可能无法直接完成，需要先尝试物流拦截。
如果拦截成功，商品退回仓库后可按规则退款；如果拦截失败，您可以在收到商品后申请退货退款。商品符合退货条件的，一般可退商品实付金额，运费是否退还需结合责任归属判断。
4. 订单已签收
已签收订单通常不能直接取消，需要申请退货退款。
如果商品支持“7天无理由退货”，且商品保持完好、配件齐全、不影响二次销售，通常可以申请退货退款。若商品存在质量问题、错发漏发等情况，平台会根据凭证和责任判定处理。
5. 特殊商品或服务类订单
部分商品可能不支持无理由退款或取消后全额退款，例如定制商品、鲜活易腐商品、虚拟商品、已激活或已使用的服务、部分预售或预约类商品等。具体需要以商品页面规则、订单说明及平台售后规则为准。

二、退款金额会不会少

如果订单未发货并且取消成功，一般会按您的实际支付金额原路退回，通常不会扣除费用。

但以下情况可能会影响退款金额：
1. 订单已发货产生运费
如果是您个人原因取消或退货，例如不想要了、拍错了、地址填错但商家已正常发货，退回运费可能需要您承担，具体以平台规则和商家责任判定为准。
2. 商品存在质量问题或商家原因
如果是商品质量问题、错发、漏发、描述不符、商家超时未发货等原因，一般会优先保障您的权益。经核实属于商家责任的，通常可退商品款，并按规则处理相关运费。
3. 使用优惠券、红包、积分或满减
退款时会根据实际支付金额、优惠分摊规则进行退回。
部分优惠券可能会退回账户，部分可能因有效期、活动规则等原因无法退回，具体以退款页面显示为准。
4. 分期、银行卡、余额等支付方式
退款一般原路退回。若使用分期支付，可能涉及分期手续费、账单恢复或银行处理周期，最终以支付机构或银行入账为准。

三、您可以这样操作取消订单

建议您按照以下流程处理：
1. 进入平台订单页面，找到需要取消的订单。
2. 点击“取消订单”或“申请退款”。
3. 选择取消原因，例如“不想要了”“拍错了”“地址信息有误”等。
4. 提交申请后等待系统或商家审核。
5. 如果订单未发货，通常会较快进入退款流程。
6. 如果订单已发货，建议您同时关注物流状态，并等待商家或平台确认是否可以拦截。

如果页面没有“取消订单”按钮，通常说明订单状态已经不支持直接取消，您可以查看是否有“申请售后”“退货退款”或“联系商家”等入口。

四、处理时效一般多久

不同订单状态下，处理时效会有差异，您可以参考以下情况：
1. 未发货订单取消
一般提交后会在较短时间内处理，部分订单可能即时取消；如需商家确认，通常会在24至48小时内完成审核。
2. 已发货订单拦截
物流拦截需要根据快递流转情况确认，通常可能需要1至3天左右。若商品已接近派送或已经签收，拦截成功率会降低。
3. 退货退款
如果需要您寄回商品，商家一般会在收到退货并验收无误后处理退款，常见时效为3至5个工作日左右。遇到节假日、促销高峰或物流异常，可能会适当延长。
4. 退款到账
平台退款审核完成后，款项通常会原路退回。余额类支付可能较快到账；银行卡、信用卡、分期或第三方支付渠道可能需要1至7个工作日不等，具体以支付机构处理时间为准。

五、关于运费是否退还

运费能否退还，主要看取消或退货原因：
1. 未发货取消订单
通常商品款和已支付运费都会一起退回。
2. 商家原因或商品问题
如未按约定发货、商品质量问题、错发漏发、破损等，经核实后通常由商家承担相应费用。
3. 个人原因退货
如不喜欢、拍错、买多了、临时不需要等，若商品已发货，退货运费通常需要您自行承担；若订单享有运费险，可按运费险规则进行理赔。

六、建议您先确认订单状态

为了尽量保障您能全额退款，建议您尽快进入订单详情查看当前状态：
1. 如果显示“待发货”，请立即申请取消，一般全额退款成功率较高。
2. 如果显示“已发货”，请尽快申请退款或联系商家尝试拦截物流。
3. 如果显示“派送中”或“已签收”，建议按退货退款流程处理，并保留商品完好、包装配件齐全。
4. 如果商品有质量问题或商家发错货，请及时拍照或录视频留存凭证，便于平台核实处理。

七、温馨提醒

请您放心，已付款并不代表不能退款。只要订单符合取消或售后规则，平台会按照订单状态和责任归属为您处理。若订单尚未发货，通常可以申请全额退款；若已经发货或签收，则可能需要先拦截或退货，退款金额和运费承担会根据实际情况判断。

建议您现在尽快提交取消申请，越早处理，成功拦截和全额退款的可能性越高。"
24,"您好，请您放心，平台销售的商品一般都会提供相应的售后保障凭证，但具体是否随商品附带“售后保障卡”或“保修卡”，会因商品品类、品牌、供应商及发货批次不同而有所差异。即使部分商品包装内没有纸质售后保障卡，也不影响您依法享受平台及商家提供的售后服务。

一、商品是否都有售后保障卡

通常情况下，以下几类商品较常见会随箱附带纸质售后凭证：
1. 家用电器类
例如小家电、大家电、厨房电器、生活电器等，包装内可能会有保修卡、说明书、合格证等资料。
2. 数码电子类
例如手机、耳机、电脑配件、智能设备等，部分品牌会提供保修卡或电子保修服务，部分商品则以订单记录、发票或电子凭证作为售后依据。
3. 家具、家装、灯具、五金类
部分商品可能会有安装说明、质保说明或售后服务卡，质保范围和期限一般以商品页面、品牌政策或商家承诺为准。
4. 美妆、服饰、食品、日用品等
这类商品通常不一定有单独的售后保障卡，但仍会根据平台规则支持退换货、质量问题售后、破损漏发处理等服务。

也就是说，“有没有纸质卡片”不是判断是否有售后的唯一标准。只要您是在平台正规渠道下单购买，订单记录本身就是重要的售后凭证。

二、没有售后保障卡是否还能售后

可以的，请您放心。多数情况下，售后处理主要依据以下信息：
1. 平台订单记录
包括订单编号、购买时间、商品信息、付款记录等，这是申请售后的核心凭证。
2. 商品发票或电子发票
如商品涉及保修、维修、单位报销或品牌售后，发票通常会作为重要依据。若您需要发票，可在订单页面查看是否支持申请或联系商家协助开具。
3. 商品页面售后说明
商品详情页、订单页中的售后服务承诺，例如“7天无理由退货”“质量问题包退换”“质保一年”等，都会作为处理参考。
4. 商品实物及包装附件
如商品本体、外包装、配件、说明书、防伪码、序列号等。部分品牌售后可能会核验序列号或机身码。

因此，即使您没有收到纸质售后保障卡，只要订单真实有效，且商品符合售后条件，一般仍可以正常申请售后。

三、常见售后保障包括哪些内容

根据商品类型和商家承诺不同，售后保障通常包括以下几种：
1. 7天无理由退货
部分商品支持签收后7天内无理由退货。一般需要商品不影响二次销售，例如商品完好、配件齐全、吊牌或包装未损坏、未使用或未激活等。
需要注意的是，定制类商品、鲜活易腐商品、拆封后影响安全或卫生的商品、虚拟商品等，通常不适用7天无理由，具体以商品页面说明和平台规则为准。
2. 质量问题退换货
如果商品存在性能故障、破损、缺件、描述不符等问题，您可以在订单售后入口提交申请，并上传照片、视频等凭证。商家一般会在48小时内进行审核处理。审核通过后，会根据实际情况为您安排退货、换货、补发配件、维修或退款。
3. 保修或维修服务
对于电器、数码、家具等有质保期的商品，通常会提供一定期限的保修服务。保修期限可能是3个月、6个月、1年或更长，具体以商品页面、品牌政策或随箱资料说明为准。若商品在质保期内出现非人为质量问题，一般可申请维修或换新处理。
4. 破损、漏发、错发处理
如果您收到商品时发现外包装严重破损、商品损坏、少件、发错规格或颜色，建议您尽快在订单售后页面提交申请，并保留外包装、快递面单、商品照片和开箱视频。商家通常会在48小时内核实，并视情况补发、换货或退款。

四、如果您想确认某件商品是否有售后保障卡，可以这样查看
1. 查看商品详情页
您可以在商品页面查看“售后服务”“服务保障”“包装清单”“质保说明”等栏目，里面通常会说明是否附带保修卡、说明书、合格证等资料。
2. 查看订单页面
下单后可进入订单详情页，查看该商品支持的售后类型、申请售后的入口、退换货期限等信息。
3. 查看商品包装内资料
收到货后，建议您检查包装内是否有说明书、合格证、保修卡、售后服务卡等。若没有发现，也可以先确认包装清单是否标注包含该项。
4. 联系商家确认
如果商品页面没有明确说明，您可以通过订单联系商家，询问是否随货附带纸质售后保障卡，以及售后是凭纸质卡、电子保修还是订单记录办理。

五、售后保障卡遗失怎么办

如果您已经收到过售后保障卡，但后续不慎遗失，一般也不会直接导致无法售后。建议您保留以下凭证：
1. 订单截图或订单编号
2. 发票或电子发票
3. 商品序列号、机身码、外包装条码
4. 商品实物照片及问题说明
5. 与商家的沟通记录

多数商品可以凭平台订单记录和发票申请售后。但部分品牌官方维修可能会要求提供特定凭证，建议您在申请前先通过订单售后入口咨询确认。

六、关于售后处理时效

一般情况下，售后时效可参考以下流程：
1. 提交申请
您可在订单页面选择“申请售后”，填写退货、换货、维修、补发等诉求，并上传相关凭证。
2. 商家审核
商家通常会在48小时内处理审核。若需要补充凭证，建议您及时补充照片、视频、检测报告或问题说明，以免影响进度。
3. 寄回商品
若需要退换货或维修，审核通过后请按页面提示寄回商品。建议使用可查询物流轨迹的快递，并妥善包装，避免运输途中再次损坏。
4. 验收处理
商家收到退回商品后，一般会在3至5天内完成验收。确认符合售后条件后，会为您办理退款、换货发出、维修处理或补发配件。
5. 退款到账
退款发起后，实际到账时间会根据您的支付方式和银行处理进度有所不同，通常会在系统显示的预计时间内完成。

七、需要您特别注意的事项
1. 收到商品后建议尽快检查
请您在签收后及时核对商品外观、配件、型号、数量及发票信息，如发现问题尽早申请售后，处理会更顺畅。
2. 保留包装和凭证
在确认商品无问题前，建议暂时保留外包装、配件、说明书、合格证、保修卡等资料。部分商品退换货时需要保持附件齐全。
3. 不同商品售后条件不同
例如食品、美妆、贴身衣物、定制商品、已激活数码产品等，退换货规则可能更严格。具体以商品页面展示的售后政策及平台规则为准。
4. 人为损坏通常不属于免费售后
如摔落、进水、私自拆修、使用不当、超过质保期等情况，可能无法享受免费退换或免费维修，但可咨询是否支持有偿维修。

八、总结说明

您好，平台商品一般都有售后保障，但不一定每件商品都会附带纸质“售后保障卡”。是否有纸质卡需要以商品品牌、品类和包装清单为准。即使没有纸质售后保障卡，您也可以凭平台订单记录、发票、商品序列号及相关凭证申请售后。若商品支持7天无理由、质量问题退换、保修维修等服务，均可按订单页面的售后入口提交申请，商家一般会在48小时内审核，退换货或维修验收通常需3至5天左右。

请您放心，只要商品符合售后条件，平台会协助您按规则处理售后问题。

您好，请您放心，售后保障卡丢了，一般仍然可以享受售后服务，不会因为没有纸质卡片就直接失去售后资格。多数商品的售后主要以平台订单记录、购买凭证、发票、商品序列号或机身码等信息为依据。

一、卡丢了是否还能售后

通常可以。您可以优先准备以下凭证：
1. 平台订单记录
订单编号、购买时间、商品名称、规格型号、付款记录等都可以作为重要购买凭证。
2. 发票或电子发票
如果商品涉及保修、维修或品牌售后，发票通常是较重要的凭证。若当时未开票，可在订单页面查看是否支持补开发票。
3. 商品序列号或机身码
数码、电器、家电、智能设备等商品，品牌售后可能会通过序列号、SN码、IMEI码、机身铭牌等核验保修状态。
4. 商品实物及问题凭证
如商品照片、故障视频、外包装条码、检测说明等，有助于商家判断是否符合售后条件。

二、建议您按以下流程申请
1. 进入订单页面
找到对应商品订单，选择“申请售后”或联系商家说明“售后卡遗失，需要售后服务”。
2. 提交问题说明
写清楚商品目前的问题、出现时间、使用情况，以及售后诉求，例如维修、换货、退货或补发配件。
3. 上传凭证
建议上传订单截图、发票、商品照片、故障视频、序列号照片等。凭证越完整，审核越顺利。
4. 等待审核
商家一般会在48小时内审核处理。如需补充资料，请您按页面提示及时补充。
5. 后续处理
审核通过后，如需寄回检测、维修或换货，请按页面地址和要求寄回。商家收到商品后通常会在3至5天内完成验收或给出处理方案。

三、哪些情况可能会影响售后

虽然售后卡丢失通常不影响申请，但以下情况可能会影响是否能免费售后：
1. 商品已超过退换货或质保期限。
2. 无法核实购买记录或商品来源。
3. 商品存在人为损坏，例如摔坏、进水、私自拆修、使用不当等。
4. 商品序列号、铭牌、外包装条码被涂改、损毁或无法识别。
5. 部分品牌官方售后有特殊要求，需要以品牌或商品页面规则为准。

四、关于退换货和维修时效

如果是7天无理由退货，一般需在签收后7天内申请，并保持商品完好、不影响二次销售，配件、包装、赠品等尽量齐全。售后卡遗失是否影响无理由退货，要看该卡是否属于商品必要附件，建议以商家审核为准。

如果是质量问题售后，您可在售后期限内提交照片、视频等凭证。商家通常会在48小时内审核，若需要寄回检测，收到商品后一般会在3至5天内完成验收，并根据结果安排维修、换货、退款或补发。

如果是保修维修，售后卡丢失时，一般可凭订单记录、发票和商品序列号申请。若确认为质保期内非人为质量问题，通常可按规则享受免费维修；若属于人为损坏或超出质保期，可能需要有偿维修。

五、建议您现在这样做

请您先找到该商品的订单记录，并检查是否有电子发票或可补开发票；同时拍摄商品整体照片、故障部位照片、序列号或铭牌照片。然后通过订单售后入口提交申请，并备注“售后保障卡已遗失，希望凭订单和发票办理售后”。

请您放心，纸质售后保障卡只是辅助凭证之一，平台订单记录通常就是非常关键的售后依据。只要商品符合售后规则，且能够核实购买信息和商品状态，一般都可以继续为您处理售后服务。"
25,"您好，支持的。请您放心，平台内部分商品和部分店铺是可以提供“以旧换新”服务的，但是否支持、补贴金额、旧机回收方式以及适用范围，会根据商品类目、活动规则、旧商品成色和所在地区有所不同。建议您以下单页面或商品详情页展示的信息为准。

一、如何确认是否支持以旧换新

您可以通过以下方式查看：
1. 查看商品详情页
进入您想购买的商品页面，留意是否有“以旧换新”“旧机抵扣”“回收补贴”“换新补贴”等入口或标识。若页面有相关入口，通常说明该商品当前支持以旧换新服务。
2. 查看下单结算页
部分商品会在提交订单前展示可选择的以旧换新方案，包括旧商品估价、补贴金额、回收方式、是否需要先回收后发新等信息。
3. 咨询店铺客服
如果页面没有明确显示，您也可以联系对应店铺客服确认。因为以旧换新服务通常与具体商品、品牌、店铺活动、配送区域有关，不同商品之间可能不完全一致。

二、以旧换新一般适用哪些商品

常见支持以旧换新的商品包括手机、电脑、平板、家电、数码设备等。部分大家电、厨电、生活电器也可能支持旧机回收或换新补贴。

但以下情况通常可能无法参与：
1. 商品页面未展示以旧换新入口或活动标识。
2. 您所在地区暂不支持上门回收或相关服务。
3. 旧商品型号、品牌、品类不在回收范围内。
4. 旧商品存在严重损坏、无法识别型号、无法正常估价等情况。
5. 活动已结束、名额已满，或补贴规则发生变化。

三、以旧换新的基本流程

一般流程如下，具体以页面展示为准：
1. 选择新商品
在商品详情页选择需要购买的新商品规格，如颜色、型号、容量、尺寸等。
2. 进入以旧换新入口
如果商品支持，页面通常会显示以旧换新入口。您可以点击进入，选择旧商品的品牌、型号、使用情况、外观成色、功能状态等信息。
3. 获取旧商品预估价
系统会根据您填写的旧商品情况给出预估回收价格。请您尽量如实填写，例如屏幕是否破损、是否进水、功能是否正常、配件是否齐全等，以免后续质检价格与预估价格存在差异。
4. 提交订单并选择回收方式
常见方式包括上门回收、寄送回收、配送新商品时同步回收旧商品等。不同品类和地区支持的方式可能不同。
5. 旧商品质检
回收方收到旧商品后会进行检测。若实际情况与您填写的信息一致，一般会按预估金额完成抵扣或返款；若存在差异，可能会重新报价，届时需要您确认是否继续回收。
6. 完成抵扣或返款
以旧换新的优惠形式可能是直接抵扣新商品金额，也可能是旧商品回收款、平台补贴、店铺补贴等组合形式。具体到账方式和时间请以订单页面规则为准。

四、关于补贴和抵扣金额

以旧换新的金额通常包含两部分：
1. 旧商品回收估价
由旧商品品牌、型号、配置、成色、功能状态、市场行情等因素决定。
2. 平台或商家换新补贴
部分活动会额外提供换新补贴，但补贴通常有使用门槛、适用品类、活动时间、名额限制或订单金额要求。

需要提醒您的是，页面显示的旧商品估价一般属于预估价，最终金额可能会以实际检测结果为准。如果检测结果与您填写情况不一致，回收方可能会调整报价。若您不接受调整后的价格，一般可以取消回收，旧商品会按规则退回，具体是否产生寄回费用需以活动页面说明为准。

五、关于旧商品回收和新商品配送

以旧换新的回收方式通常有几种：
1. 先下单购买新商品，再回收旧商品。
2. 新商品送达时同步回收旧商品。
3. 先提交旧商品回收，检测完成后再享受抵扣或补贴。
4. 通过快递寄出旧商品，回收方检测后完成款项处理。

如果是大家电类商品，部分服务可能涉及上门拆旧、搬运、回收等环节。请您提前确认旧商品是否已断电、断水、清空个人物品，并保留必要配件。若涉及安装、拆卸、搬运上楼等增值服务，是否收费需要以页面展示或服务人员说明为准。

六、处理时效参考

不同商品和地区会有差异，一般可参考以下时效：
1. 旧商品估价：通常在您填写信息后即时显示。
2. 上门回收预约：一般可在提交申请后选择可预约时间，部分地区可能需要1至3天安排。
3. 寄送回收质检：回收方收到旧商品后，一般会在1至3个工作日内完成检测。
4. 价格确认和款项处理：确认最终价格后，一般会在1至7个工作日内完成返款或补贴处理。
5. 如遇节假日、偏远地区、活动高峰或质检异常，处理时间可能适当延长。

以上为常见参考时效，实际请以订单页面、回收服务页面或商家说明为准。

七、参与前需要注意的事项
1. 请如实填写旧商品信息
如果旧商品存在屏幕碎裂、功能异常、维修记录、进水、账号锁、无法开机等情况，建议提前如实选择，避免后续检测改价。
2. 请提前清除个人信息
手机、电脑、平板等数码产品回收前，请您务必备份资料、退出账号、解除锁屏密码、恢复出厂设置，并取出SIM卡、存储卡等个人物品。
3. 请确认活动规则
不同商品的以旧换新规则不同，建议重点查看补贴是否可与优惠券叠加、是否限制支付方式、是否限制收货地区、是否需要在指定时间内寄出旧商品。
4. 请保留订单和回收凭证
包括新商品订单、回收单号、快递单号、质检报价记录等，后续如需查询进度或处理争议，会更方便。
5. 请注意退货影响
如果您购买的新商品后续发生退货，以旧换新补贴、回收款、优惠抵扣等可能会按规则同步调整。若旧商品已完成回收，一般无法直接退回旧商品，具体以回收协议和订单规则为准。

八、如果页面没有以旧换新入口怎么办

如果您看中的商品页面暂时没有以旧换新入口，可能是该商品未参与活动、当前地区不支持、活动已结束，或该店铺未开通相关服务。您可以换一个同类商品查看，或联系店铺客服确认是否有其他回收、补贴或换新活动。

总体来说，我们家是有以旧换新服务的，但需要以具体商品页面展示为准。您可以先进入想购买的商品详情页查看是否有“以旧换新”入口；如果有，按照页面提示填写旧商品信息并提交即可。"
26,"您好，请您放心，我们的智能客服可以为您解答电商购物过程中大多数常见问题，并协助您完成查询、指引和基础售后处理。下面为您详细说明可支持的服务范围。

一、购物咨询类问题

智能客服可以帮助您了解商品购买前的相关信息，例如：
1. 商品基础信息
包括商品规格、型号、颜色、尺码、材质、功能、适用场景、包装清单、保质期、生产日期、使用方法等。
2. 商品选择建议
如果您不确定买哪一款，可以根据您的需求、预算、使用场景等，协助您对比商品差异，提供选购参考。
3. 库存与限购说明
可解答商品是否有货、是否支持预售、是否限购、缺货后如何关注补货等问题。具体库存以您下单页面显示为准。
4. 价格与活动说明
可说明优惠券、满减、秒杀、预售、定金膨胀、会员价、跨店满减等常见活动规则，并帮助您理解为什么实付金额与页面标价不同。

二、订单相关问题

下单后，智能客服可以协助您处理订单查询和订单操作问题，包括：
1. 订单状态查询
例如待付款、待发货、已发货、运输中、派送中、已签收、交易关闭等状态分别代表什么。
2. 修改订单信息
如订单尚未发货，通常可以尝试修改收货地址、联系电话、发票信息等；但如果订单已进入仓库打包或已发货，可能无法直接修改，需要根据页面提示或联系人工客服进一步处理。
3. 取消订单
未付款订单一般可直接取消；已付款但未发货订单通常可申请取消，系统会根据商家处理进度确认是否可以拦截。若已发货，一般需要等商品送达后按退货流程处理。
4. 合并发货与拆单问题
如果您购买了多个商品，智能客服可以解释为什么订单可能分包裹发出、不同仓库发货、不同时间送达等情况。

三、物流配送类问题

关于物流时效和配送异常，智能客服可以提供常见处理方式：
1. 发货时效
普通现货商品通常会在付款后一定时间内安排发货，常见为24至48小时内，具体以商品页面、订单页面或商家承诺为准。预售商品会按照预售页面显示的时间发货。
2. 配送进度
可以帮助您理解物流节点，例如揽收、运输中、到达分拨中心、派件中、签收等。
3. 物流停滞
如果物流信息长时间未更新，通常建议先等待24至48小时，因为运输节点可能存在延迟同步。如果超过合理时间仍无更新，可申请催促物流或联系人工客服核实。
4. 未收到但显示签收
请您先确认是否由家人、门卫、前台、代收点或快递柜代收。如果仍未找到，建议尽快反馈，平台或商家通常会协助联系物流核查。一般核查时效为1至3个工作日，复杂情况可能需要更久。
5. 运费问题
智能客服可以说明包邮条件、退货运费承担规则、偏远地区运费、拒收运费、换货运费等常见情况。通常情况下，商品质量问题或商家原因导致的退换货，运费由商家承担；非质量问题退货，若商品支持7天无理由，退回运费一般由消费者承担，具体以订单页面和平台规则为准。

四、退换货与退款问题

智能客服可以协助您了解售后规则和申请流程：
1. 7天无理由退货
多数普通商品在签收后7天内，如不影响二次销售，可申请7天无理由退货。商品需保持完好，配件、赠品、包装、吊牌、发票等尽量齐全。部分商品可能不支持7天无理由，例如定制商品、生鲜食品、拆封后影响安全或卫生的商品、虚拟商品等，具体以商品页面说明为准。
2. 质量问题退换货
如果商品存在破损、少件、错发、功能异常、与描述不符等情况，建议您保留商品照片、视频、外包装、物流面单等凭证，并在售后页面提交申请。平台或商家通常会在48小时内处理审核，具体以页面显示为准。
3. 退款时效
退货退款一般需要您寄回商品，商家确认收货并验货后处理退款。常见退款到账时间为1至7个工作日，实际到账时间还会受到支付渠道、银行处理速度影响。
4. 换货流程
如支持换货，您可在售后页面选择换货原因并提交申请。审核通过后按页面提示寄回商品，商家收到并确认后安排补发。换货整体时效通常取决于寄回物流和补发物流，一般可能需要3至7天或更久。
5. 拒收处理
如果商品已发货但您不想要了，可根据实际情况选择拒收或签收后申请退货。拒收后退款需等待物流返回商家并确认，时效通常比未发货取消更长。

五、发票与支付问题

智能客服也可以协助解答支付和发票相关问题：
1. 支付失败
可说明余额不足、支付渠道异常、银行卡限额、网络延迟、优惠失效等常见原因，并建议您重新支付或更换支付方式。
2. 重复扣款
如果出现疑似重复扣款，一般建议先查看订单是否生成、支付渠道账单是否实际扣款。系统通常会自动核对，多扣款项一般会原路退回，具体到账时间以支付渠道为准。
3. 发票申请
可解答电子发票、纸质发票、个人发票、企业发票、抬头修改、税号填写、发票重开等问题。若订单已完成开票，是否能修改需以平台规则和商家处理结果为准。

六、售后维修与保修问题

如果您购买的是家电、数码、家具、运动器械等可能涉及保修的商品，智能客服可以说明：
1. 保修条件
通常需要商品在保修期内，且故障属于非人为损坏。人为摔坏、进水、私自拆修、超过保修期等情况，可能需要付费维修。
2. 维修申请流程
一般需要您提交订单信息、故障描述、照片或视频凭证。平台或商家会在一定时间内审核，常见处理时效为48小时内响应，后续维修时间需根据商品类型、检测结果和配件情况确定。
3. 维修费用
保修范围内通常不收取维修费用；超出保修范围的，可能产生检测费、配件费、人工费或运费，需以售后确认结果为准。

七、投诉与纠纷处理

如果您对商品、物流、商家服务或售后结果不满意，智能客服可以提供投诉入口和处理建议：
1. 可投诉的问题
包括商家不发货、虚假发货、商品质量问题、售后拒绝不合理、物流异常、服务态度问题、退款迟迟未处理等。
2. 投诉处理流程
建议您先通过订单售后或客服沟通解决；如协商无果，可提交平台介入或投诉申请。提交时请尽量提供订单编号、沟通记录、商品照片、物流截图等凭证。
3. 处理时效
平台通常会在48小时内受理或给出初步反馈，复杂纠纷可能需要3至5个工作日或更长时间核实。具体处理进度以页面显示为准。

八、账户与会员问题

智能客服还可以解答账户使用方面的问题，例如：
1. 登录异常、验证码收不到、账号风险提示等；
2. 收货地址管理、实名认证、绑定手机号修改等；
3. 会员等级、积分、成长值、权益使用规则；
4. 优惠券领取失败、过期、不可用原因；
5. 账户安全提醒和基础处理建议。

九、智能客服无法直接处理的情况

部分问题可能需要人工客服进一步核实，例如：
1. 涉及订单金额较高、责任认定复杂的售后纠纷；
2. 需要人工判断的质量争议、维修检测、赔付申请；
3. 商家承诺与页面规则不一致的情况；
4. 系统异常、账户安全风险、异常扣款等需要后台核查的问题；
5. 您要求特殊处理、加急处理、补偿协商等情况。

遇到这类问题时，智能客服会尽量先帮您梳理材料、说明流程，并引导您转接人工或提交对应申请。

十、为了更快帮您解决问题，建议您提供这些信息

如果您咨询的是订单或售后问题，建议您说明：
1. 商品名称或订单类型；
2. 当前订单状态；
3. 您遇到的具体问题；
4. 是否已申请售后或联系过商家；
5. 是否有照片、视频、物流截图等凭证；
6. 您希望解决的方式，例如退款、换货、补发、维修、催发货、投诉等。

您好，简单来说，智能客服可以覆盖从购物前咨询、下单支付、物流配送，到退换货、退款、维修、投诉的大部分问题。请您放心，您可以直接把遇到的具体情况告诉我，我会根据您的问题逐项说明规则、流程、时效和注意事项，尽量帮您快速找到合适的处理方式。

您好，请您放心，如果智能客服暂时解答不了您的问题，您可以通过以下方式继续处理。一般来说，智能客服无法解决并不代表问题不能处理，通常只是需要人工进一步核实订单、售后、物流、支付或商家责任等信息。

一、可以转接人工客服处理

如果您的问题比较复杂，建议优先申请转接人工客服。常见需要人工处理的情况包括：
1. 订单金额、退款金额、运费责任存在争议；
2. 商家拒绝退货、退款、换货，但您认为不合理；
3. 商品存在质量问题，需要人工判断责任；
4. 物流显示签收但您没有收到商品；
5. 商品少件、错发、破损，需要核实凭证；
6. 售后申请被关闭或审核不通过；
7. 优惠券、活动价、支付金额异常；
8. 账户、支付、发票等涉及后台核查的问题；
9. 您需要加急、补偿、协商等特殊处理。

通常您可以在订单详情、售后详情或客服会话页面找到“转人工”“联系人工客服”“平台介入”等入口。不同页面展示可能会略有差异，建议您优先从对应订单进入，这样人工客服能更快看到相关订单信息。

二、提交问题工单或平台介入

如果人工客服暂时无法在线处理，或问题需要进一步核实，您可以提交问题工单、售后申请或平台介入申请。

处理流程一般如下：
1. 进入订单详情或售后详情页面；
2. 选择对应问题类型，例如退款、退货、换货、物流异常、商品质量、发票、投诉等；
3. 按页面提示填写问题描述；
4. 上传相关凭证，例如商品照片、开箱视频、物流截图、聊天记录、支付凭证等；
5. 提交后等待平台、商家或物流方核实处理。

一般情况下，平台或商家会在48小时内给出初步回复或处理意见；如果涉及物流核查、质量检测、责任判定等复杂情况，可能需要3至5个工作日，个别复杂问题可能需要更长时间。您可以在订单详情或售后进度中查看处理状态。

三、根据问题类型准备对应凭证

为了提高处理效率，建议您提前准备好材料。不同问题需要的凭证可能不同：
1. 商品质量问题
建议提供商品实拍照片、故障视频、包装照片、商品序列号或标签照片，以及问题出现的时间和具体表现。
2. 破损、少件、错发
建议提供外包装照片、快递面单照片、商品整体照片、缺失或错误商品照片。如果有开箱视频，也建议一并提交。
3. 物流异常
如物流停滞、未收到却显示签收、派送异常等，建议提供物流截图、签收信息截图，并说明是否已联系快递员、驿站、门卫或代收点核实。
4. 退款或退货争议
建议提供售后申请截图、商家回复截图、商品状态照片、寄回物流单号、退货签收截图等。
5. 支付或金额异常
建议提供订单金额截图、支付记录截图、优惠券使用情况截图。请注意保护个人敏感信息，避免上传完整银行卡号、支付密码等内容。
6. 发票问题
建议提供订单信息、发票抬头、税号、开票状态截图，以及您希望修改或补开的具体内容。

凭证越完整，人工客服或平台审核时越容易判断责任，处理速度通常也会更快。

四、如果是售后问题，可以按售后流程继续处理

如果智能客服无法直接判断退换货、维修、补发、退款等问题，建议您走正式售后流程。常见规则如下：
1. 7天无理由退货
如果商品支持7天无理由，且您在签收后7天内申请，商品保持完好、不影响二次销售，通常可以申请退货退款。部分商品如定制类、生鲜类、虚拟类、拆封后影响安全或卫生的商品，可能不支持7天无理由，具体以商品页面规则为准。
2. 质量问题退换货
如果商品存在质量问题、损坏、功能异常等情况，建议您在发现问题后尽快提交售后，并上传照片或视频。商家一般会在48小时内审核，审核通过后会根据情况提供退货、换货、维修、补发配件等方案。
3. 退货运费责任
如果是商品质量问题、错发、少发、商家原因或物流原因导致的售后，运费通常应由责任方承担；如果是个人原因申请7天无理由退货，退回运费一般由消费者承担。具体承担方式需要以售后审核结果和平台规则为准。
4. 退款到账时效
退货退款通常需要商家收到退回商品并验收后处理。退款提交后，常见到账时间为1至7个工作日，实际时间可能受支付渠道和银行处理速度影响。

五、如果是物流问题，可以申请核查或催促

如果问题涉及发货慢、物流不更新、派送异常、签收未收到等，您可以申请物流核查或催促处理。

常见情况如下：
1. 未发货
如果订单仍处于待发货状态，建议先查看商品页面或订单页面承诺的发货时间。现货商品常见发货时效为24至48小时内；预售商品会按预售约定时间发货。超过承诺时间未发货的，可以申请催发货或联系人工客服。
2. 物流长时间不更新
物流信息有时会因为中转、扫描延迟等原因暂时不更新。一般建议先等待24至48小时；如果仍无进展，可以申请物流核查。
3. 显示签收但未收到
请您先确认是否由家人、同事、门卫、前台、快递柜、驿站或代收点代收。如仍未找到，建议尽快联系人工客服发起物流核查。核查通常需要1至3个工作日，复杂情况可能需要更长时间。

六、如果对处理结果不满意，可以申请升级投诉

如果您已经联系商家或人工客服，但对处理结果仍不满意，可以申请平台介入或升级投诉。

建议您这样处理：
1. 先保留完整沟通记录和处理结果截图；
2. 明确说明您不认可的原因，例如规则适用不合理、责任认定不清、承诺未履行等；
3. 提供能支持您诉求的证据；
4. 在售后详情或投诉页面申请平台介入；
5. 等待平台根据订单、规则、凭证和双方沟通记录进行判断。

平台介入后，一般会在48小时内受理或给出初步反馈；涉及商品检测、物流核查、商家举证的，可能需要3至5个工作日或更长时间。请您在处理期间保持订单、商品、包装和凭证完整，避免影响判断。

七、处理期间请注意这些事项

为了避免影响您的权益，建议您注意以下几点：
1. 不要随意丢弃商品、包装、配件、赠品、发票或物流面单；
2. 不要在未获得退货地址或售后同意前自行寄回商品，以免影响退款或造成包裹无法识别；
3. 不要通过非平台渠道私下转账、退款或交易；
4. 不要上传支付密码、完整银行卡号、验证码等敏感信息；
5. 尽量在售后有效期内及时提交申请，避免超过处理期限；
6. 如需退货，请保留寄回单号和物流凭证，直到退款完成。

八、您可以直接告诉我具体问题

您好，如果智能客服当前没有直接解答到您的问题，您可以继续补充订单状态、商品问题、物流情况或售后进度，我会尽量帮您判断下一步该选择“转人工”“申请售后”“平台介入”“物流核查”还是“升级投诉”。

请您放心，智能客服无法直接处理的问题，一般都可以通过人工客服、售后工单、平台介入或投诉升级继续推进。"
33,"您好，支持的。请您放心，平台大多数商品一般支持“7天无理由退货”，但是否适用还需要以您购买商品页面展示、订单详情页标识以及商家售后规则为准。不同品类商品会因商品属性、卫生安全、定制属性、激活使用状态等原因存在差异。

一、7天无理由退货的基本规则
1. 申请时间
通常需要在您签收商品后的7天内发起退货申请。这里的“7天”一般从物流显示签收后的次日零点开始计算，具体以订单售后入口展示为准。
2. 商品状态要求
申请7天无理由退货时，商品需保持不影响二次销售。一般包括：
商品本身完好，无明显使用痕迹、污渍、划痕、破损、变形等；
外包装、配件、说明书、保修卡、吊牌、赠品、发票等尽量保持齐全；
商品未被激活、注册、绑定账号或产生不可恢复的使用记录；
不影响商家再次销售。
3. 退货理由
“7天无理由”通常不需要您提供质量问题证明，但仍需要选择售后原因并按页面提示提交退货申请。若商品存在质量问题、错发漏发、破损等情况，建议您如实选择对应原因，并上传照片或视频，这样更有利于责任判定和运费处理。

二、哪些商品可能不支持7天无理由退货

以下类型商品通常可能不适用7天无理由退货，具体以商品页面说明为准：
1. 定制类商品
如按个人需求定制、刻字、定做尺寸、专属图案等商品，通常不支持无理由退货。
2. 鲜活易腐类商品
如生鲜食品、鲜花绿植、短保食品等，因保质期和运输条件限制，一般不支持无理由退货。
3. 拆封后影响卫生或安全的商品
如贴身衣物、内衣裤、袜子、个人护理用品、部分母婴用品、化妆品、耳机耳塞类商品等，拆封或使用后可能不支持无理由退货。
4. 数字化、虚拟类商品
如充值卡、会员权益、电子券、软件授权、在线下载或拆封后可复制的音像制品等，一般不支持无理由退货。
5. 已激活或已使用后价值明显贬损的商品
如部分手机、电脑、智能设备、家电等，一旦激活、联网注册、绑定账户或产生使用记录，可能会影响无理由退货。
6. 页面明确标注不支持的特殊商品
如果商品详情页、下单页或售后政策中已明确提示“不支持7天无理由退货”，一般需要按页面规则执行。

三、退货运费由谁承担

关于运费，需要根据退货原因判断：
1. 买家个人原因退货
如果商品本身没有质量问题，只是因为不喜欢、拍错、尺码不合适、颜色不满意、临时不想要等个人原因申请7天无理由退货，退回运费通常由买家承担。
2. 商家或商品问题退货
如果存在商品质量问题、破损、少发漏发、错发、描述严重不符等情况，建议您申请售后时选择对应原因并上传凭证。经核实属于商家责任的，退货运费通常由商家承担或按平台规则处理。
3. 是否有运费险
如果订单购买或赠送了运费险，退货完成后，系统通常会按保险规则赔付一定金额。需要注意的是，运费险赔付金额不一定等于您实际支付的全部运费，具体以页面展示为准。
4. 到付问题
建议不要直接使用到付寄回，除非商家或平台售后页面明确同意。未经同意的到付件，商家可能拒收，影响退款进度。

四、申请7天无理由退货的操作流程

您可以按照以下步骤处理：
1. 进入订单页面
找到对应订单，点击“申请售后”或“退货退款”。
2. 选择售后类型
如果您已收到货，一般选择“退货退款”；如果未收到货，一般选择“仅退款”。
3. 选择退货原因
如果是无理由退货，可选择“不喜欢/不想要/拍错”等个人原因；如果是质量、错发、破损等问题，请选择对应问题原因并上传照片或视频。
4. 等待商家审核
商家通常会在一定时间内审核您的申请，常见处理时效为24至48小时左右，具体以页面提示为准。
5. 按退货地址寄回
商家同意退货后，系统会显示退货地址。请按页面地址寄回，并保留快递单号和寄件凭证。
6. 填写物流单号
寄出后请及时在售后页面填写退货物流单号，避免因超时未填写导致售后关闭。
7. 商家验收并退款
商家收到退货商品后，会进行验收。确认商品符合退货条件后，一般会在1至3个工作日内处理退款；退款到账时间还会受到支付渠道影响，通常为1至7个工作日不等，具体以支付平台实际到账为准。

五、退货时需要注意的事项
1. 保持商品完整
请尽量将商品、外包装、配件、赠品、说明书、吊牌、发票等一起寄回。如果赠品未退回，商家可能会要求补寄，或按赠品价值从退款中扣除。
2. 注意包装保护
退回时请妥善包装，尤其是易碎品、家电、数码产品、鞋盒、礼盒包装等，避免运输途中二次损坏。若因退回包装不当造成损坏，可能会影响退款。
3. 不要自行寄到非系统地址
请以售后页面提供的退货地址为准，不建议私下寄到聊天中未确认的地址，以免包裹丢失或无法核实。
4. 保留凭证
建议保留商品照片、寄件底单、物流单号、快递费用凭证等，若后续出现物流异常或责任争议，可以用于核实处理。
5. 关注售后倒计时
售后申请通过后，页面通常会要求您在规定时间内寄回并填写单号。若超时未处理，售后可能自动关闭，需要重新申请或联系平台客服协助。

六、如果商家拒绝7天无理由退货怎么办

如果您的商品页面标注支持7天无理由，且您在签收后7天内申请、商品也保持完好不影响二次销售，但商家仍拒绝处理，您可以：
1. 先查看拒绝原因
确认是否因为商品类目特殊、超过申请时间、商品影响二次销售、配件赠品不完整等原因。
2. 补充凭证重新提交
您可以上传商品完好照片、包装照片、吊牌配件照片、物流签收时间截图等材料，说明商品符合7天无理由退货条件。
3. 申请平台介入
若与商家沟通后仍无法达成一致，可以在售后页面申请平台介入。平台一般会根据订单信息、商品页面规则、双方凭证和售后政策进行判定，常见处理周期为48小时左右，复杂情况可能需要更长时间。

七、简单总结

一般情况下，只要商品支持7天无理由、您在签收后7天内申请、商品完好且不影响二次销售，就可以申请退货。若是个人原因退货，退回运费通常由您承担；若是商品质量、错发、破损等商家责任，核实后通常由商家承担相应费用。

建议您先打开订单详情页查看该商品是否显示“支持7天无理由退货”。如果页面支持，您可以直接从订单售后入口提交“退货退款”申请，按系统提示操作即可。

您好，需要满足的条件主要看商品是否适用“7天无理由退货”，以及商品退回时是否保持完好。请您放心，只要符合平台和商家页面展示的退货规则，一般都可以正常申请处理。

一、时间条件
1. 需要在规定时间内申请
通常需要在您签收商品后的7天内发起申请。一般以物流显示“签收”的时间为准，具体倒计时以订单售后页面显示为准。
2. 超过时间可能无法按无理由退货处理
如果已经超过7天，通常就不再适用7天无理由退货。但如果商品存在质量问题、错发漏发、破损等情况，仍可以按售后保障或质量问题申请处理，具体以商品类目和售后规则为准。

二、商品条件
1. 商品需保持完好
商品本身不能有明显使用痕迹，不能有污渍、破损、变形、划痕、缺件等情况，需保持不影响二次销售。
2. 包装和配件尽量齐全
建议将商品原包装、吊牌、说明书、保修卡、配件、赠品、发票等一并保留并退回。若配件或赠品缺失，可能会影响退款金额或导致商家要求补寄。
3. 不能影响二次销售
如果商品已经被使用、清洗、改装、损坏，或产生不可恢复的使用痕迹，商家可能会拒绝无理由退货。
4. 特殊商品需保持未拆封或未激活
部分数码、家电、个护、食品、母婴、贴身用品等商品，拆封、激活、注册、绑定账号、联网使用后，可能不再支持无理由退货，具体以商品页面说明为准。

三、商品范围条件

以下商品通常可能不支持7天无理由退货，您需要特别留意商品详情页或下单页提示：
1. 定制类商品
例如定做尺寸、刻字、定制图案、专属配置等商品。
2. 鲜活易腐类商品
例如生鲜、鲜花、短保食品等。
3. 拆封后影响卫生或安全的商品
例如内衣、袜子、贴身用品、个人护理用品、部分母婴用品、部分化妆品等。
4. 虚拟或数字类商品
例如充值服务、会员权益、电子券、软件授权、在线下载内容等。
5. 已激活或使用后价值明显贬损的商品
例如部分手机、电脑、智能设备、大家电等，激活或绑定后可能无法无理由退货。
6. 商品页面明确标注不支持的商品
如果购买页面已说明“不支持7天无理由退货”，一般需按页面规则执行。

四、退回条件
1. 需要按售后页面地址退回
商家同意退货后，请按系统展示的退货地址寄回，不建议私下寄到其他地址，以免影响签收和退款。
2. 需要在规定时间内填写物流单号
退货申请通过后，页面通常会要求您在限定时间内寄出并填写单号。若超时未填写，售后申请可能自动关闭。
3. 建议不要使用到付
除非商家或平台售后页面明确同意，否则不建议到付寄回。未经同意的到付件可能被拒收。
4. 退回途中需妥善包装
如果因包装不当导致商品在退回途中损坏，可能会影响退款。因此建议使用牢固包装，并保留寄件凭证。

五、运费条件
1. 个人原因退货
如果是因为不喜欢、拍错、尺码不合适、颜色不满意等个人原因申请7天无理由退货，退回运费通常由买家承担。
2. 商家责任退货
如果是质量问题、错发、漏发、破损、与描述明显不符等原因，经核实属于商家责任的，退货运费通常由商家承担。
3. 有运费险的订单
如果订单含运费险，退货完成后通常会按保险规则赔付一定金额。赔付金额可能与实际运费不完全一致，具体以页面显示为准。

六、凭证条件

为了提高处理效率，建议您保留以下材料：
1. 商品完好照片
包括商品正面、背面、细节、包装、吊牌、配件等。
2. 物流凭证
包括寄件单号、快递费用凭证、寄件底单等。
3. 问题凭证
如果不是无理由退货，而是质量、破损、错发等问题，建议提供清晰照片或视频，方便平台和商家核实责任。

七、退款条件和时效
1. 商家审核
您提交申请后，商家通常会在24至48小时左右审核，具体以售后页面提示为准。
2. 商家收货验收
您寄回商品后，商家收到并确认商品符合退货条件，一般会在1至3个工作日内处理退款。
3. 退款到账
退款发起后，到账时间会受支付渠道影响，通常为1至7个工作日不等，具体以实际到账为准。

八、简单来说，需要同时满足这些核心条件
1. 商品页面支持7天无理由退货。
2. 在签收后7天内发起申请。
3. 商品保持完好，不影响二次销售。
4. 包装、配件、赠品、吊牌等尽量齐全。
5. 未拆封、未激活、未绑定、未使用到影响退货的程度。
6. 按售后页面要求寄回并填写物流单号。
7. 非特殊类目或页面明确不支持退货的商品。

如果您不确定自己的商品是否符合条件，建议您先查看订单详情页是否有“7天无理由”标识，再进入“申请售后”页面查看可选的退货原因和系统提示。通常系统能发起申请，就说明该订单具备售后处理入口，后续再由商家按商品状态进行审核。"
34,"您好，非常抱歉给您带来不便。请您放心，如果您收到商品后确认少发了一件，平台会根据订单、包裹重量、出库记录、物流签收信息等进行核实；一旦确认属于商家漏发或仓配漏发，会为您安排补发、退款或其他合理处理方案，相关费用一般由责任方承担，您无需为商家漏发问题额外承担运费。

一、请您先做这几项核对
1. 核对订单明细
请您先进入订单详情页，查看本次购买的商品数量、规格、颜色、套装内容等信息，确认是否确实应发多件。部分商品可能存在以下情况：
多件商品分包裹发出，不一定同一时间送达；
同一订单内不同商品由不同仓库或不同商家发货；
套装商品页面展示较多，但实际发货清单以订单规格和商品详情说明为准；
赠品、配件、耗材等可能有单独发货或满足特定活动条件才发放。
2. 查看物流是否分包裹
请您在订单物流详情中查看是否有多个包裹、多个运单号或“部分商品已发出”的提示。如果订单被拆分发货，少的那一件可能还在运输中。
一般情况下，分包裹商品会在1至3天内陆续更新物流；如超过预计送达时间仍未收到，建议您及时申请售后或联系商家核实。
3. 检查外包装和内包装
收到后建议您检查快递外箱、缓冲材料、商品内盒、包装夹层等位置，避免小件配件或赠品被包在填充物中遗漏。
如果外包装有破损、二次封箱、胶带异常、明显挤压、重量异常等情况，请尽量保留外包装，这对后续核实责任很重要。

二、建议您准备的凭证

为了更快处理，请您尽量准备以下材料：
1. 商品实拍图
拍摄已收到商品的整体照片，能看清商品数量、规格、包装情况。
2. 外包装照片
拍摄快递面单、外箱六面、封口胶带、破损位置或异常位置。面单信息可适当遮挡个人隐私，但建议保留订单号、运单号等关键信息以便核实。
3. 开箱视频或签收时照片
如果您有开箱视频，会更便于判断是否漏发、少发或运输途中异常。没有开箱视频也不用太担心，仍可以提交售后申请，平台和商家会结合仓库出库记录、包裹重量、物流记录等综合核实。
4. 订单截图或问题说明
请说明“应收到几件、实际收到几件、缺少哪一件、缺少商品的规格/颜色/数量”，描述越清楚，处理越快。

三、处理方式有哪些

核实后一般会根据商品状态和您的诉求提供以下处理方案：
1. 补发缺少商品
如果商品有库存，且确认属于漏发，通常会优先安排补发。补发后会提供新的物流信息，您可以在订单售后进度或消息通知中查看。
补发时效一般为：商家确认后1至3天内安排发出，物流配送通常需要3至5天，偏远地区或特殊品类可能会更久，具体以实际物流为准。
2. 退还缺少商品对应金额
如果缺少的商品暂时无货、无法补发，或您不想继续等待，可以申请退还缺少商品对应金额。
退款一般会在商家或平台审核通过后按原支付路径退回，到账时间通常为1至7个工作日，具体以支付渠道处理时效为准。
3. 整单退货退款
如果少发影响您正常使用，例如套装缺少关键部件、主件无法单独使用，您也可以根据商品情况申请整单退货退款。
符合7天无理由条件的商品，一般在签收后7天内可申请无理由退货；但生鲜食品、定制商品、贴身用品、已拆封影响二次销售的商品等，可能不适用7天无理由，需以商品页面规则和平台售后政策为准。
如果少发属于商家责任，即使商品不适用无理由，也可以按“商品少件/漏发”问题申请售后，由平台或商家核实处理。

四、您可以这样提交售后申请

建议您按以下流程操作：
1. 进入订单详情
找到对应订单，点击“申请售后”“联系客服”或“联系商家”等入口。
2. 选择问题类型
选择“少件/漏发”“商品数量不符”“收到商品与订单不符”等相近原因。
3. 填写问题说明
建议写清楚：
订单购买数量；
实际收到数量；
缺少的商品名称、规格、颜色、数量；
是否有多个包裹；
外包装是否破损或异常；
您希望补发还是退款。
4. 上传凭证
上传实拍图、外包装图、面单图、开箱视频等。凭证越完整，审核越顺利。
5. 等待商家处理
商家通常会在24至48小时内响应您的售后申请。若超时未处理，您可以继续通过订单售后页面催促，或申请平台介入。

五、运费由谁承担

请您放心，如果核实为商家漏发、仓库少发、发错数量等商家或平台履约责任导致的问题，一般由责任方承担补发运费或退货运费，您不应承担因此产生的额外费用。

如果需要您先行寄回商品或配件，请注意：
1. 先与商家或平台确认退回方式，不建议自行寄回后再沟通；
2. 保留寄回运单号和支付凭证；
3. 若属于商家责任，符合规则的运费一般可申请报销或由商家提供运费险、上门取件、到付等方式处理；
4. 若是您个人原因更换方案，例如不想要整单商品而申请无理由退货，则运费承担方式可能按店铺规则、运费险状态和平台政策执行。

六、处理时效一般多久

不同情况会略有差异，通常可以参考以下时效：
1. 商家响应时效
提交售后后，商家一般会在24至48小时内处理或回复。
2. 核实时效
涉及仓库复核、打包监控、称重记录、物流交接记录的，通常需要1至3个工作日。复杂情况可能略有延长。
3. 补发时效
确认漏发且有库存后，一般1至3天内安排补发；物流配送通常为3至5天，具体以实际物流为准。
4. 退款时效
审核通过后，退款一般按原支付路径退回，通常1至7个工作日到账。不同银行、支付渠道或促销支付方式可能存在差异。
5. 平台介入时效
如果商家超时未处理、处理方案不合理，您可以申请平台介入。平台通常会根据您和商家提交的凭证进行判断，常见处理周期为1至3个工作日，复杂争议可能需要更长时间。

七、如果商家不承认少发怎么办

如果您确认少发，但商家未给出合理处理方案，建议您不要着急，可以按以下方式继续处理：
1. 补充凭证
继续上传外包装、面单、已收到商品数量照片、开箱视频、物流重量异常说明等材料。
2. 要求商家核对出库记录
可以请商家核实仓库拣货记录、打包记录、包裹重量、发货清单、监控记录等。
3. 申请平台介入
如果商家拒绝处理、长时间不回复，或提出的方案无法解决问题，您可以在售后页面申请平台介入。平台会综合订单信息、物流信息、商品属性、双方凭证进行判断。
4. 保留包装和商品
在问题未处理完前，请尽量不要丢弃外包装、面单、填充物，也不要自行拆除关键标签或改变商品状态，以免影响责任认定。

八、给您的建议

建议您尽快在订单页面提交“少件/漏发”售后申请，并优先选择您希望的处理方式，例如“补发缺少商品”或“退还缺少商品金额”。如果缺少的是主件、关键配件或影响整套商品使用，请在说明中明确写出“缺少该件导致无法正常使用”，这样商家和平台能更准确判断处理方案。

请您放心，只要核实确实存在少发、漏发情况，平台会协助您维护权益。您现在可以先检查订单是否分包裹发货，并准备好商品、外包装和面单照片，然后提交售后申请等待商家在24至48小时内处理。

您好，请您放心，如果核实确实是商家少发、漏发导致需要补寄，通常会由商家为您安排补发，补寄运费一般由商家承担，您不需要额外支付。

一、什么时候能补寄

一般处理时效如下：
1. 商家核实时间
您提交少发/漏发售后申请并上传凭证后，商家通常会在24至48小时内响应并核实。
2. 补寄发货时间
确认属于漏发且商品有库存的情况下，商家一般会在确认后1至3天内安排补寄发出。
3. 补寄物流时间
补寄发出后，配送时效通常为3至5天左右；偏远地区、预售商品、定制商品、大件商品或特殊品类可能会更久，具体以补寄运单物流更新为准。

如果商品暂时缺货，商家可能会与您协商等待到货后补寄，或改为退还缺少商品对应金额。

二、需要您承担运费吗

通常不需要。

如果确认是以下情况，一般由商家承担补寄运费：
1. 商家漏发、少发；
2. 仓库打包遗漏；
3. 发货数量与订单数量不一致；
4. 套装、配件、赠品在满足条件的情况下未随货发出；
5. 因商家履约原因导致您未收到完整商品。

也就是说，只要是商家责任造成的少发，补寄产生的运费一般由商家承担，您无需另行支付。

三、什么情况下可能需要进一步确认

以下情况需要先核实后确定处理方式：
1. 订单存在多个包裹
部分订单会拆分发货，缺少的商品可能还在另一个包裹中。建议先查看订单物流详情是否有多个运单号。
2. 赠品或配件有发放条件
如果缺少的是赠品、活动品或配件，需要核实是否符合活动条件、是否标注单独发货。
3. 外包装破损或疑似运输途中丢失
如果外包装有破损、二次封箱、重量异常等情况，建议保留包装和面单，并上传照片。平台会结合物流记录和包裹重量判断责任。

四、建议您现在这样操作
1. 在订单详情页提交“少件/漏发”售后申请；
2. 写清楚应收到几件、实际收到几件、缺少哪一件；
3. 上传已收到商品照片、外包装照片、快递面单照片，如有开箱视频也一并上传；
4. 在诉求中选择或注明“希望补寄缺少商品”；
5. 提交后等待商家在24至48小时内处理。

如果商家超时未回复，或要求您承担不合理运费，您可以在售后页面申请平台介入。平台会根据订单、物流、出库记录和您提交的凭证协助处理。"
35,"您好，可以的，请您放心。一般情况下，如果商品支持退换货服务，且仍在售后有效期内，想换成其他款式是可以申请处理的。不过具体能否直接“换货”，还需要看商品类目、店铺规则、库存情况以及新旧款式之间是否存在差价。下面为您详细说明。

一、是否可以换成其他款式

通常分为以下几种情况：
1. 同款不同规格、颜色、尺码
如果您是想更换同一商品下的其他颜色、尺码、规格，一般更容易支持换货。只要商品不影响二次销售，且商家有库存，通常可以直接申请换货。
2. 更换为不同款式
如果您想换成完全不同的款式，有些商家支持“换款”，有些商家则需要您先申请退货退款，再重新下单购买新款。
这是因为不同款式可能存在价格、库存、商品编码、活动优惠、赠品规则等差异，系统不一定支持直接换货。
3. 新款价格不同
如果要换的款式价格更高，可能需要补差价；如果价格更低，差额可能需要通过退款方式处理。具体是否支持补差价或退差价，要以商家售后页面或客服确认为准。
4. 商品已下架或无库存
如果您想换的款式暂时无货、已下架或不参与当前售后换货，可能无法直接换成该款，建议您选择退货退款后重新选购其他商品。

二、申请换货需要满足的基本条件

一般需要同时满足以下条件，换货会更顺利：
1. 在售后有效期内
多数商品支持签收后7天无理由退换货，部分商品可能支持更长时间的售后服务。建议您尽快在订单页面提交申请，避免超过售后时效。
2. 商品保持完好
商品本身、包装、吊牌、配件、说明书、赠品、发票等需尽量保持完整，不影响二次销售。
如果商品已经明显使用、洗涤、拆改、损坏、污染，可能会影响换货审核。
3. 非特殊类目或特殊商品
部分商品可能不支持7天无理由退换，例如定制类、贴身衣物、食品生鲜、数字商品、已拆封影响安全或卫生的商品等。具体以商品页面和订单售后规则为准。
4. 非人为损坏
如果商品是因个人使用不当、保管不当造成损坏，商家可能无法按普通换货处理。如果是商品质量问题，则可以按质量售后流程申请处理。

三、具体操作流程

您可以按以下步骤申请：
1. 打开订单页面
进入“我的订单”，找到需要换货的商品。
2. 点击申请售后
选择“换货”或“退货退款”。
如果页面中有“换货”选项，您可以优先选择换货；如果没有换货选项，通常说明该商品或该订单暂不支持系统直接换货，建议选择退货退款后重新下单。
3. 填写换货原因
可以选择“不喜欢/款式不合适/想换其他款式/尺码颜色不合适”等原因，并在备注里写清楚您想更换的具体款式、颜色、尺码或规格。
4. 等待商家审核
商家一般会在48小时内审核您的售后申请。审核通过后，页面会显示退回地址或寄回方式。
5. 寄回商品
请按照售后页面提供的地址寄回商品，并及时填写物流单号。建议您保留寄件凭证，方便后续查询。
6. 商家验收并发出新商品
商家收到退回商品后，一般会在3-5个工作日内完成验收。确认商品符合换货条件后，会为您安排换货发出。新商品发出后，您可以在订单售后页面查看物流信息。

四、关于运费由谁承担

运费一般按照换货原因来判断责任归属：
1. 因个人原因换款
例如不喜欢、拍错款式、想换颜色、想换尺码、风格不合适等，通常寄回运费需要由买家承担。换出商品再次寄送的运费是否由商家承担，需要看店铺规则，部分商家可承担一次换货寄出运费，部分则需买家承担。
2. 因商品质量问题或商家原因
如果是发错货、漏发配件、商品破损、质量瑕疵、描述不符等情况，一般由商家承担相应运费。建议您申请售后时上传清晰照片或视频作为凭证，便于商家快速审核。
3. 是否有运费险
如果订单购买或赠送了运费险，符合赔付条件时，退回运费可能由保险按规则理赔。需要注意的是，运费险通常是按首重和系统规则赔付，不一定覆盖全部实际运费，超出部分可能需要自行承担。

五、关于处理时效

一般售后时效可参考以下范围：
1. 商家审核：通常48小时内完成。
2. 买家寄回：审核通过后，请尽快按页面要求寄出，避免售后申请超时关闭。
3. 商家验收：商家签收退回商品后，一般3-5个工作日内完成验收。
4. 换货发出：验收通过且新款有库存的情况下，通常会尽快安排发出。
5. 重新配送：发出后的物流时效以快递运输情况为准，一般同普通订单配送时效相近。

如果遇到活动大促、节假日、偏远地区配送、仓库盘点等情况，处理时间可能会适当延长，您可以在售后页面关注进度。

六、建议您申请前先确认这几件事

为了避免来回寄送耽误时间，建议您在申请前确认：
1. 想换的款式是否有库存。
2. 想换的款式与原商品是否存在差价。
3. 商家是否支持直接换款。
4. 商品包装、吊牌、配件、赠品是否齐全。
5. 是否已经超过7天无理由或店铺规定的换货期限。
6. 运费由谁承担，是否可使用运费险。

七、如果系统不支持换款怎么办

如果订单售后页面没有“换货”选项，或者商家无法直接更换为其他款式，您可以选择以下方式：
1. 先申请退货退款
在售后页面选择退货退款，商品寄回并验收通过后，退款会按原支付方式退回。
2. 重新下单新款
您可以重新选择想要的款式下单购买。这样处理通常更清晰，也能避免因差价、库存、活动规则不同造成售后延迟。
3. 关注价格和优惠变化
重新下单时，商品价格、优惠券、满减活动、赠品可能与原订单不同，建议以下单页面显示为准。

八、温馨提醒

请您在寄回前不要自行寄到非售后页面提供的地址，以免影响商家签收和售后处理。寄回时建议选择可查询物流轨迹的快递，并保留快递单号。若商品有质量问题或商家发错款，请在申请售后时上传照片、视频、外包装面单等凭证，这样审核会更快。

总体来说，想换成其他款式是有机会处理的，但是否能直接换货，要以商品售后规则、商家库存和差价情况为准。您可以先在订单页面提交“换货”申请并备注想换的款式；如果页面不支持换货，建议申请退货退款后重新下单购买新款。"
36,"您好，请您放心，商品的生产日期一般会以实物包装、瓶身/罐身/盒身标签、合格证、外箱喷码或商品详情页批次信息为准。由于同一商品可能存在不同批次、不同仓库发货的情况，具体生产日期需要结合您收到的商品实物或订单批次来确认。

一、生产日期以哪里显示为准

您可以优先查看以下位置：
1. 商品外包装
常见位置包括包装盒底部、侧面、封口处、标签贴纸、条形码附近等。部分商品会标注为“生产日期”“制造日期”“生产批号”“批次号”“MFG”等。
2. 商品本体
如果是食品、日化、母婴、美妆、保健类等商品，生产日期可能印在瓶底、瓶身、罐底、袋身封边、喷码区域或标签背面。
3. 外箱或独立小包装
部分商品外层运输箱和商品内包装日期可能不同，建议以商品最小销售包装上的标注为准。如果内外包装均有日期，以商品实际可使用包装上的生产日期和保质期信息为主要参考。
4. 商品详情页说明
有些商品详情页会展示“近期批次”“效期说明”“发货效期范围”等信息，但页面展示通常是参考范围，最终仍以您收到的实物标注为准。

二、为什么客服无法直接给出固定生产日期

同一款商品通常会分多个生产批次入仓，不同地区仓库、不同下单时间、不同发货批次对应的生产日期可能不完全一致。因此在没有看到您的订单信息或商品实物批号前，无法准确判断您这件商品的具体生产日期。

请您放心，平台发出的商品通常会按照商品类目要求进行效期管理，不会随意发出明显不符合销售要求的商品。若商品属于有保质期或有效期要求的品类，一般会确保在可售期限内发出。

三、您可以这样确认生产日期
1. 先查看实物包装
请检查商品外包装和商品本体是否有生产日期、有效期、保质期、批号等字样。
2. 核对日期格式
常见格式包括：
“生产日期：2024-XX-XX”
“MFG：YYYY/MM/DD”
“EXP：YYYY/MM/DD”
“有效期至：YYYY-MM-DD”
“批号：XXXXXX”
其中 MFG 通常表示生产日期，EXP 通常表示到期日期或有效期截止日期。
3. 如果只看到批号
有些品牌不会直接印完整生产日期，而是通过批号对应生产批次。您可以将批号提供给店铺客服，由商家根据品牌规则协助核实。
4. 如果日期喷码模糊
若生产日期存在看不清、被遮挡、喷码脱落、疑似涂改等情况，建议您先拍照保留凭证，并联系订单页面客服处理。

四、如果您已经下单或已收到商品

如果您想确认自己这件商品的生产日期，建议您准备以下信息：
1. 订单编号或下单账号中的订单记录；
2. 商品外包装正反面照片；
3. 生产日期、有效期或批号位置的清晰照片；
4. 如有外箱，也可提供外箱标签照片；
5. 您关注的问题，例如“想确认是否临期”“日期看不清”“只看到批号”等。

提交后，客服一般会根据商品批次、仓库记录或商家反馈为您核实。普通核实通常会在 24-48小时内 给到初步答复；如需品牌方或仓库进一步确认，可能需要 3-5个工作日，具体以实际处理进度为准。

五、如果商品临期或日期异常怎么办

如果您收到商品后发现存在以下情况，可以及时申请售后：
1. 商品已过期；
2. 商品生产日期或有效期标识缺失；
3. 日期喷码模糊无法辨认；
4. 商品疑似被涂改日期；
5. 商品效期明显不符合页面承诺；
6. 商品包装破损并影响日期识别或正常使用。

您可以在订单页面发起售后申请，选择“退货退款”“换货”或“仅退款”等合适类型，并上传实物照片作为凭证。平台或商家会根据商品情况、页面承诺、实物凭证和售后规则进行判断。

一般情况下，如确认属于商品质量问题、效期异常、标识不清或商家发错批次等非消费者原因，退换货产生的合理运费通常由商家承担；如商品本身无质量问题，仅因个人原因不想要，则需按照商品类目和平台规则判断是否支持 7天无理由退货，以及运费由哪一方承担。

六、关于7天无理由和特殊商品说明

并不是所有商品都适用7天无理由退货。以下类型商品通常会有特殊限制，具体以页面说明和平台规则为准：
1. 食品、生鲜、保健品等涉及安全和效期的商品；
2. 已拆封、已使用、影响二次销售的商品；
3. 个人护理、贴身用品、美妆类开封后可能不支持无理由退货；
4. 定制类、虚拟类或特殊属性商品；
5. 页面明确标注不支持无理由退货的商品。

但如果商品确实存在过期、效期不符、日期缺失、质量问题等情况，即使不支持无理由退货，也可以按质量问题或商品描述不符申请售后，请您放心。

七、建议您下一步这样操作

如果您只是想了解商品通常的生产日期范围，可以先查看商品详情页是否有“效期说明”或咨询店铺客服确认近期发货批次。

如果您已经收到商品，建议直接查看包装上的生产日期或有效期；若看不清或不确定含义，可以把日期区域和批号拍清楚后提交给客服核实。

如果您担心商品临期、过期或日期异常，请先不要拆封或使用，保留完整包装、快递面单、外箱和商品照片，再通过订单页面发起售后，这样处理会更顺畅。"
37,"您好，可以的。部分商品是可以提供上门安装服务的，请您放心。是否支持上门安装，主要取决于商品品类、配送地址、服务覆盖范围以及您下单时是否选择了安装服务。不同商品的安装方式和收费标准可能会有所不同，建议您以商品页面、订单页面或下单时展示的服务信息为准。

一、哪些商品通常可以提供上门安装

一般来说，以下类型商品较常见支持上门安装服务：
1. 大家电类
例如空调、热水器、油烟机、燃气灶、洗衣机、电视、冰箱等，部分商品会由品牌方或平台合作服务商提供安装。
2. 家具家装类
例如床、衣柜、书桌、餐桌椅、沙发、浴室柜、灯具、智能门锁等，部分商品支持配送到家后预约安装。
3. 健身器材、办公设备等大件商品
例如跑步机、按摩椅、升降桌等，部分商品可能支持送装一体或单独预约安装。
4. 需要专业操作的商品
例如涉及打孔、接线、调试、固定、管路连接的商品，一般建议由专业人员安装，以免影响使用效果或售后保障。

需要说明的是，并不是所有商品都默认包含安装服务。有些商品页面会标注“免费安装”“付费安装”“送装一体”“需自行安装”或“联系售后预约安装”等信息，请您下单前重点查看。

二、如何确认商品是否支持上门安装

您可以通过以下方式确认：
1. 查看商品详情页
在商品详情页中，一般会有“服务说明”“安装服务”“售后保障”“配送与安装”等相关说明。如果商品支持安装，通常会展示安装范围、是否收费、预约方式等信息。
2. 查看下单页面
部分商品在提交订单前会出现安装服务选项，您可以勾选对应服务。如果页面没有安装选项，可能表示该商品不支持平台预约安装，或需要收货后联系品牌售后预约。
3. 查看订单服务信息
下单后，您可以进入订单详情查看是否有“预约安装”“安装服务单”“联系安装师傅”等入口。若有相关入口，通常可以根据页面提示选择安装时间。
4. 咨询在线客服
如果页面说明不够清楚，您也可以提供商品名称、订单编号或收货城市，我们可以帮您核实该商品是否支持安装、安装是否收费以及服务覆盖情况。

三、上门安装一般如何预约

如果商品支持上门安装，常见流程如下：
1. 下单时选择安装服务
部分商品在购买时可直接选择安装服务，安装费用会在订单金额中展示。若标注免费安装，则通常无需额外支付基础安装费。
2. 等待商品送达
多数商品需要先完成签收，确认包装和商品主体无明显破损后，再进行安装预约。部分大件商品支持送装一体，师傅配送到家后会直接安装。
3. 提交安装预约
您可在订单详情页预约安装时间，或根据商品说明联系品牌售后、平台服务商进行预约。
4. 等待师傅联系
预约提交后，安装师傅或服务商通常会在24至48小时内与您联系，确认上门时间、安装环境和所需辅材。
5. 上门安装与验收
师傅到达后会根据商品标准流程安装。安装完成后，建议您现场检查商品是否安装牢固、功能是否正常、外观是否完好，并保留好相关安装凭证。

四、安装服务是否收费

安装费用需要根据商品页面说明和实际安装情况判断，通常分为以下几种情况：
1. 免费基础安装
部分商品包含免费基础安装服务，例如品牌活动、平台服务承诺或商品本身标注“免费安装”。免费安装一般指标准安装，不包含特殊施工或额外材料费用。
2. 付费安装
部分商品本身不含安装，需要您额外购买安装服务。费用会在下单页面或预约页面展示，请您以页面显示为准。
3. 额外辅材费用
即使商品支持免费安装，如果实际安装过程中需要额外辅材或特殊施工，可能会产生额外费用。例如加长管线、支架、打孔、拆旧、改造线路、加固墙体、特殊吊装、高空作业等。师傅应在施工前向您说明收费项目和金额，您确认后再施工。
4. 不符合安装条件导致的费用
如果安装环境不符合要求，例如墙体承重不足、水电位置不合适、预留空间不足、无法正常连接管路等，可能需要整改后再安装，相关整改费用通常不属于基础安装范围。

建议您在师傅上门前先确认安装位置、尺寸、水电接口、墙体条件等，避免因现场条件不符合而影响安装进度。

五、安装时效一般多久

不同品类、地区和服务商安排会有差异，常见时效如下：
1. 预约联系时效
提交安装预约后，服务商或安装师傅一般会在24至48小时内联系您确认上门安排。
2. 上门安装时效
在服务覆盖地区且安装条件正常的情况下，一般可在预约成功后的1至3天内安排上门。旺季、节假日、偏远地区或特殊天气情况下，可能会有所延迟。
3. 送装一体商品
如果商品支持送装一体，通常会在配送当天完成安装，但仍需以物流和安装师傅实际排班为准。
4. 特殊商品或复杂安装
空调、热水器、灯具、智能门锁、定制家具等商品，可能需要先确认安装环境，复杂场景可能需要二次上门或延长处理时间。

六、哪些情况可能暂不支持上门安装

以下情况可能无法提供上门安装或需要另行确认：
1. 收货地址不在服务覆盖范围内
部分偏远地区、乡镇、山区或特殊区域，安装服务可能暂未覆盖。
2. 商品页面未标注安装服务
如果商品为自行安装类商品，可能仅提供说明书或安装配件，不安排师傅上门。
3. 安装环境不满足要求
例如无预留电源、水源、燃气接口，墙面无法承重，安装空间不足等，师傅可能无法直接安装。
4. 特殊施工需求
如高空作业、复杂打孔、吊装、改造线路、拆旧搬运等，可能需要额外收费或由用户自行安排专业施工。
5. 商品非平台指定服务范围
若商品由第三方商家销售，安装政策可能以商家或品牌售后规则为准。

七、安装前建议您准备什么

为了让安装更顺利，建议您提前做好以下准备：
1. 确认商品尺寸和安装空间是否匹配
尤其是家具、家电、卫浴、灯具等商品，请提前测量门宽、电梯、楼道、摆放位置和安装位置。
2. 保留完整包装和配件
安装前请不要丢弃包装、说明书、螺丝、遥控器、支架、管件等配件，以免影响安装。
3. 检查商品外包装
收货时如发现外包装严重破损、变形、受潮，建议先拍照留存，并及时反馈处理。
4. 确认水、电、燃气等基础条件
涉及水电燃气连接的商品，请提前确认接口是否可用。燃气类商品还需符合当地安全安装规范。
5. 现场有人配合
安装当天请保持电话畅通，并安排成年人在家配合师傅上门、确认收费项目及验收安装结果。

八、如果安装后出现问题怎么办

如果安装后出现松动、无法正常使用、漏水、异响、调试异常、配件缺失等情况，您可以及时申请售后处理。一般建议您在发现问题后尽快反馈，并提供以下信息：
1. 订单编号或商品信息
便于核实购买记录和服务内容。
2. 问题照片或视频
例如安装位置、异常现象、破损情况、师傅施工结果等。
3. 安装时间和服务人员信息
如有安装单、收费凭证、服务记录，也建议一并保留。

平台或商家核实后，一般会根据实际情况安排重新上门检查、补装、维修、换件或其他售后方案。若属于安装服务导致的问题，通常会按服务责任协助处理；若属于使用环境、额外施工或人为原因造成，则可能需要根据实际情况判断费用承担。

九、温馨提示

请您下单前重点查看商品页面是否明确写有安装服务，以及是否为免费安装。如果已经下单，也可以在订单详情中查看是否有预约入口。若页面未显示安装服务，建议先不要自行拆改商品或安排非官方人员施工，以免影响后续售后判断。

总体来说，平台上部分商品支持上门安装，具体是否支持、是否收费、预约方式和上门时效，需要以商品页面、订单页面及服务覆盖范围为准。请您放心，只要商品支持安装服务，我们会尽力协助您完成预约和后续处理。"
38,"您好，可以的，部分商品是有机会提供试用装、小样或体验装的，请您放心。不过是否支持试用装，需要根据商品品类、品牌活动、库存情况以及店铺当前政策来确认，并不是所有商品都会固定配备。

一、哪些商品可能提供试用装

一般来说，以下类型商品更常见提供试用装或小样：
1. 美妆护肤类
例如面霜、精华、洁面、香水、彩妆等，部分品牌会在新品推广、套装活动或会员活动中提供小样。
2. 母婴、个护、日化类
如洗护用品、纸尿裤、清洁用品等，部分商品可能会有体验装、旅行装或试用规格。
3. 食品、保健类
这类商品通常受食品安全、包装完整性和批次管理影响，是否提供试用装会更严格，一般以页面活动说明为准。
4. 服饰、家居、数码等商品
这类商品通常不提供“试用装”，但部分商品可能支持正常购买后的退换货服务，具体需看商品页面标注和售后规则。

二、如何确认某件商品是否有试用装

您可以通过以下方式查看或申请：
1. 查看商品详情页
请您进入商品页面，重点查看“促销活动”“赠品说明”“规格选择”“套装内容”“购买须知”等位置。如果有试用装、小样、体验装，通常会在这些位置标明。
2. 查看下单页面
部分试用装是随正装订单赠送的，可能需要满足指定条件，例如购买指定商品、达到一定金额、选择指定套装、参与限时活动等。请以下单结算页实际展示为准。
3. 咨询店铺客服
如果商品页面没有明确说明，建议您在下单前联系对应店铺客服确认，询问是否有试用装、是否需要备注、是否限量、是否随单发出。这样可以避免下单后因赠品库存变化产生误会。
4. 关注平台活动
部分试用装会通过新品试用、会员试用、品牌活动、限量领取等形式发放，通常有申请条件、审核规则或数量限制，建议您以活动页面说明为准。

三、试用装是否免费

试用装是否免费，要看具体活动规则：
1. 随单赠送
有些试用装是购买正装商品后随单赠送，一般不单独收费，但可能要求购买指定商品或满足指定金额。
2. 付邮试用
部分活动可能是商品本身免费，但需要您承担配送费用，具体运费会在领取或下单页面展示。
3. 单独售卖体验装
有些品牌会将小规格商品作为体验装单独售卖，这种情况需要按页面价格正常购买。
4. 限量免费领取
少数活动可能支持免费领取，但通常有数量限制、会员等级要求、申请审核或领取时间限制。

请您放心，所有费用信息都会以下单页、活动页或商品页展示为准。如果页面没有显示免费赠送或领取入口，一般不能默认认为会附带试用装。

四、试用装的发货和时效

如果试用装是随正装订单赠送，通常会和主商品一起发出；如果是单独申请的试用活动，发货时效一般以活动规则为准。

常见情况如下：
1. 随单赠品
通常随主订单一起发货，物流时效与主商品一致。
2. 单独试用活动
可能需要先申请或审核，审核通过后再安排发货。审核及发货时间通常会在活动页面说明，常见处理周期可能为48小时左右，实际以页面展示为准。
3. 分开发货
如果试用装和主商品不在同一仓库，可能会分开发出，您可以在订单物流中查看是否有多个包裹。
4. 库存不足
试用装一般数量有限，如活动结束、库存发完或不满足赠送条件，可能无法补发。建议您在付款前确认订单页是否显示赠品信息。

五、关于试用装的退换货说明

试用装、小样、赠品类商品的售后规则通常和正装商品略有不同，建议您注意以下几点：
1. 随单赠送的试用装
如果主商品发生退货，平台或商家可能要求赠品一并退回；如赠品已使用、损坏或无法退回，可能会影响退款金额，具体以售后审核为准。
2. 单独购买的体验装
如果是您单独购买的体验装，一般按普通商品售后规则处理。若商品支持7天无理由退货，需要保证商品未拆封、不影响二次销售，并符合页面售后说明。
3. 食品、个护、美妆等特殊品类
若涉及食品安全、个人卫生或密封包装，一旦拆封使用，通常不支持无理由退换；若存在质量问题、破损漏液、错发漏发等情况，建议您在签收后尽快拍照留证并提交售后。
4. 赠品漏发或破损
如果订单页明确显示有试用装赠品，但您收到后发现漏发、破损或与页面不符，建议您在签收后48小时内联系商家或平台客服，并提供订单号、包裹照片、开箱照片等凭证，商家会根据库存和规则处理补发、补偿或其他方案。

六、申请或咨询时建议您提供的信息

为了更快帮您确认，建议您咨询时提供以下信息：
1. 想购买的商品名称或商品链接
2. 想了解的是免费试用装、付邮试用，还是随单小样
3. 是否已经下单
4. 如果已下单，请说明订单中是否显示赠品
5. 是否有指定试用需求，例如色号、香型、肤质、尺码或规格

这样商家客服可以更准确地帮您核实是否有对应试用装、是否还有库存、是否需要备注以及预计发货方式。

七、温馨提示

试用装通常属于限量或活动类权益，能否提供主要以商品页面、活动页面和下单结算页展示为准。建议您在付款前确认订单中是否显示试用装或赠品信息；如果页面没有明确展示，建议先咨询店铺客服确认后再下单。

您好，您可以把想购买的商品页面发给店铺客服确认是否有试用装。若当前商品支持试用装，客服会告知领取方式、是否收费、发货时效以及是否需要随正装一起购买。"
39,"您好，可以申请售后的，请您放心。商品使用一段时间后出现质量问题，一般不影响您发起售后申请，平台会根据商品品类、购买时间、质保规则、问题原因以及检测结果，为您提供退货、换货、维修、补偿或其他合理处理方案。

一、是否还能售后，主要看这几个条件
1. 是否仍在售后保障期内
如果商品还在平台或商家承诺的售后期、质保期、保修期内，且问题属于非人为原因导致的质量故障，通常可以申请售后。不同商品的售后时效可能不同，例如部分商品支持7天无理由退货，部分商品支持较长时间的质量问题换修或保修服务，具体以订单页面、商品详情页、商家承诺及相关售后规则为准。
2. 是否属于质量问题
如果商品在正常使用过程中出现功能异常、无法正常使用、部件损坏、性能明显不符合描述、材质或做工存在明显缺陷等情况，通常可以按质量问题提交售后。建议您尽量提供清晰的照片、视频、故障说明，便于平台或商家快速判断。
3. 是否为人为或外部原因造成
如果问题是因摔碰、进水、私自拆修、改装、未按说明书使用、保管不当、耗材自然损耗等原因导致，可能无法按质量问题免费处理，但仍可咨询是否支持付费维修、配件更换或其他协商方案。
4. 是否保留必要凭证
建议您保留订单记录、发票或购买凭证、商品包装、配件、保修卡、检测报告等材料。即使包装已丢失，也不代表一定不能售后，但完整的商品、配件和凭证会更有利于售后处理。

二、建议您这样申请售后
1. 进入订单页面
请您在平台内找到对应订单，查看是否有“申请售后”“退换/售后”“联系客服”等入口。若订单售后入口仍可使用，建议直接在线提交申请。
2. 选择售后类型
根据商品情况选择“质量问题退货”“换货”“维修”或“其他售后”。如果您不确定该选哪一项，可以先选择最接近的问题类型，并在说明中写清楚实际情况。
3. 填写问题说明
建议您说明以下内容：
购买时间、开始使用时间、出现问题的时间、具体故障表现、是否影响正常使用、是否曾维修或拆解、希望的处理方式，例如换货、维修或退款。
4. 上传凭证材料
请尽量上传清晰的照片或视频，例如商品整体图、故障部位特写、无法正常使用的视频、外包装标签、商品序列号或保修凭证等。视频最好能完整展示操作过程和异常现象，这样审核效率会更高。
5. 等待商家或平台审核
一般提交申请后，商家会在约48小时内处理或给出初步意见。若需要补充材料，建议您按页面提示及时上传。若商家未及时响应或处理结果您不认可，可以继续申请平台介入。

三、可能的处理结果
1. 换货
如果商品确认为质量问题，且仍有库存、符合换货条件，商家通常会安排换货。您寄回问题商品后，商家验收确认无误，会为您寄出新商品。整体时效通常受寄回物流、检测验收、重新发货影响，一般约3至7天，偏远地区或特殊商品可能更久。
2. 维修
对于超过退换货期限但仍在保修期内的商品，常见处理方式是维修。商家或品牌售后收到商品后会进行检测，确认属于保修范围内的质量问题，一般会安排免费维修。维修周期通常约7至15天，复杂故障、需要返厂或等待配件的商品可能需要更长时间。
3. 退款
如果商品问题较严重、无法维修、无法换货，或经检测确认属于质量问题且符合退款条件，可能支持退款处理。退款一般会按原支付路径退回，到账时间以支付渠道处理为准，通常在退款发起后1至7个工作日内到账。
4. 付费维修或协商处理
如果检测结果显示问题不属于质量问题，或已超出免费保修范围，商家可能提供付费维修、配件更换、折价处理等方案。相关费用应在维修前向您说明，您确认后再继续处理。

四、关于运费由谁承担
1. 确认为质量问题
如果经商家或平台确认属于商品质量问题，通常应由商家承担合理的售后运费。具体方式可能是商家提供寄回地址、上门取件、运费险抵扣、退款时补偿运费等，建议您按售后页面指引操作。
2. 未确认前的寄回运费
部分订单需要您先垫付寄回运费，待检测确认属于质量问题后再退还。请您务必保留寄件单号、运费支付凭证，以便后续申请补偿。
3. 非质量问题或人为损坏
如果检测后确认并非质量问题，或属于人为原因造成，来回运费及维修费用可能需要由您承担，具体以售后协商结果为准。
4. 不建议自行寄回
在商家或平台未提供退货地址、未同意售后方案前，不建议您自行寄回商品，以免出现包裹无法签收、责任难以认定、运费无法报销等情况。

五、申请售后时需要注意的事项
1. 不要继续扩大损坏
发现商品异常后，建议先停止使用，避免问题加重影响责任判断。尤其是电器、数码、家电、母婴、安全类商品，如存在安全隐患，请立即停止使用。
2. 不要自行拆修
如果商品仍在质保期内，自行拆机、维修、改装可能影响保修资格。建议先通过订单售后入口提交申请，等待商家或平台处理。
3. 描述要尽量具体
例如不要只写“坏了”，可以写“开机后无法启动”“充电无反应”“使用10分钟后自动断电”“接口松动导致无法连接”等。描述越具体，审核越快。
4. 注意商品特殊规则
食品、生鲜、贴身用品、定制商品、虚拟商品、耗材类商品等，售后规则可能与普通商品不同。如果是特殊品类，平台会结合商品属性、问题原因和凭证进行判断。

六、如果商家不同意售后怎么办

如果您确认是在正常使用中出现质量问题，但商家拒绝处理，您可以在售后页面补充凭证并申请平台介入。平台一般会根据订单信息、商品规则、聊天记录、凭证材料、检测结果等进行判断。建议您保持沟通记录完整，不要在线下私下转账或脱离平台处理，以便平台更好地保障您的权益。

七、建议您现在先做这几步
1. 打开订单，查看是否还有售后入口。
2. 拍摄商品问题照片和视频，保留故障证据。
3. 在售后申请中写清楚购买时间、使用时长、故障表现和诉求。
4. 等待商家约48小时内审核，如超时或结果不合理，再申请平台介入。
5. 在未获得售后地址和处理方案前，先不要自行寄回商品。

总的来说，只要商品是在正常使用过程中出现质量问题，并且仍符合订单售后或质保规则，即使已经使用了一段时间，通常也是可以申请售后的。请您放心提交申请，平台会根据实际情况协助核实并推动处理。"
40,"您好，可以的。请您放心，如果您购买的商品支持退换货，并且目前仍在售后有效期内，一般是可以申请更换更大尺寸的。具体能否换货、是否需要承担运费、多久能换好，主要取决于商品类目、商品状态、库存情况以及您申请售后的时间。下面为您详细说明。

一、是否可以更换更大尺寸

一般情况下，符合以下条件的商品可以申请换尺码：
1. 商品支持退换货服务
如果商品页面、订单售后页面或平台规则中显示支持“7天无理由退换货”或支持换货服务，通常可以申请更换其他尺码。
2. 仍在售后有效期内
多数商品需在签收后7天内申请无理由退换货；部分商品可能支持更长时间的售后服务，具体以订单页面可申请的售后入口为准。
如果已超过售后期限，系统可能无法直接申请换货，建议您先联系商家客服说明情况，看是否可以协商处理。
3. 商品保持完好
换尺码通常要求商品不影响二次销售，包括但不限于：
商品未穿着使用、未清洗、未改动；
吊牌、包装、配件、赠品、说明书等齐全；
商品无污渍、破损、异味、明显折痕或人为损坏；
鞋服类商品试穿建议在干净环境下进行，避免鞋底磨损、衣物沾染污渍或香水味。
4. 更大尺码有库存
换货需要目标尺码仍有库存。如果您想更换的更大尺寸暂时缺货，可能无法直接换货。此时一般有两种处理方式：
申请退货退款后重新购买有货尺码；
与商家协商等待补货，但补货时间需以商家实际安排为准。

二、建议您优先确认的事项

为了避免来回寄送耽误时间，建议您申请前先确认以下信息：
1. 确认想换的具体尺码
比如从M换L、从37换38、从XL换XXL等。不同品牌尺码可能存在差异，建议您对照商品详情页的尺码表，并结合自己的身高、体重、肩宽、胸围、腰围、脚长等信息选择。
2. 确认商品是否有库存
您可以在订单对应商品页面查看更大尺码是否还能下单。如果页面显示无货，即使提交换货申请，也可能因为无法调货而被建议改为退货退款。
3. 确认是否影响二次销售
如果商品已经拆封但未使用，一般不一定影响换货；但如果已经穿着外出、洗过、剪吊牌、包装严重破损，可能会影响售后审核。
4. 确认商品类目是否特殊
部分特殊商品可能不支持无理由退换，例如：
贴身衣物、内衣裤、袜类等已拆封商品；
定制类商品；
生鲜、食品、个护消耗品等特殊类目；
页面明确标注不支持7天无理由的商品。
如果您的商品属于特殊类目，需要以商品页面说明和平台规则为准。

三、换货申请流程

您可以按以下流程操作：
1. 进入订单页面
打开平台内“我的订单”，找到需要换尺码的订单。
2. 选择售后服务
点击“申请售后”或“退换/售后”，选择“换货”或“更换尺码”。如果页面没有“换货”选项，可能该商品暂不支持在线换货，您可以选择联系商家客服协商，或按页面支持的售后方式处理。
3. 填写换货原因
换货原因可以选择“尺码不合适”“拍大/拍小了”等，并备注您希望更换的更大尺寸，例如“希望由M码更换为L码”。
4. 上传凭证
如系统要求，您可以上传商品实拍图、吊牌图、包装图等，方便商家确认商品完好。建议拍清楚商品整体、吊牌、配件、包装以及未使用状态。
5. 等待商家审核
提交后，商家一般会在48小时内处理审核。审核通过后，页面会显示退回地址、寄回要求以及后续换货说明。
6. 按要求寄回商品
审核通过后，请按照页面提供的退货地址寄回商品，并在售后页面填写物流单号。建议使用可查询物流轨迹的快递方式，并妥善保留寄件凭证。
7. 商家验收并寄出新尺码
商家收到退回商品后，会检查商品是否符合换货条件。确认无误后，一般会在1-3个工作日内为您寄出更大尺码商品。
整体换货时效通常为3-7天左右，具体会受到寄回物流、商家验货、新尺码库存、发货地距离等因素影响。

四、运费由谁承担

关于换大尺寸的运费，一般按以下情况判断：
1. 因个人原因换尺码
如果商品本身没有质量问题，只是您觉得尺码偏小、想换大一码，通常属于个人原因换货。
在这种情况下，寄回商品的运费一般由您承担；商家重新寄出新尺码的运费，可能由商家承担，也可能按店铺规则处理，具体以商品页面、售后页面或商家说明为准。
2. 商品存在质量问题或商家发错尺码
如果是商家发错尺码、发错款式，或者商品本身存在质量问题导致无法正常穿着使用，一般应由商家承担相应售后运费。
建议您在申请售后时上传清晰凭证，例如商品尺码标、订单尺码截图、商品问题照片等，便于商家核实责任。
3. 购买了运费险
如果订单包含运费险，符合赔付条件时，寄回运费可能会由运费险按规则赔付。
需要注意的是，运费险通常是在售后完成后按规则赔付一定金额，不一定完全覆盖实际寄件费用，具体赔付金额以页面显示为准。
4. 拒收到付件的情况
多数商家不支持到付件。如果您未经确认直接使用到付寄回，商家可能会拒收，导致售后延误。建议您按照售后页面提示寄回，并优先选择普通寄付快递。

五、换货时效大概多久

换货通常分为几个阶段：
1. 售后审核
您提交换货申请后，商家一般会在48小时内审核。
2. 您寄回商品
审核通过后，您需要尽快寄回。快递时效通常为1-5天，具体取决于寄件地和商家收货地距离。
3. 商家验货
商家签收退回商品后，一般会在1-3个工作日内完成验货。若商品完好且符合换货条件，会安排换发。
4. 新尺码发出
验货通过且目标尺码有库存的情况下，一般会在1-3个工作日内发出新商品。
整体来看，从提交申请到收到换好的商品，通常约为3-7天，部分地区或特殊商品可能需要更久。

六、什么情况下可能无法换货

以下情况可能会影响换货成功：
1. 超出售后有效期
如果超过平台规定的退换货时间，系统可能不支持申请。
2. 商品影响二次销售
如已穿着使用、洗涤、剪吊牌、包装配件缺失、有人为损坏、明显污渍或异味等，商家可能无法为您换货。
3. 更大尺码无库存
如果您想换的尺码缺货，商家可能无法安排换货，只能建议您退货退款后重新选择其他商品。
4. 商品属于特殊类目
部分商品因卫生、安全、定制属性等原因，可能不支持无理由换货。
5. 未按售后地址寄回
如果您自行寄到非售后指定地址，可能导致商家无法及时签收或核实，影响换货进度。

七、建议您这样操作更稳妥

为了更快完成换货，建议您按以下方式处理：
1. 先不要剪吊牌、清洗或继续使用商品，保持商品和包装完整。
2. 在订单页面查看是否有“换货”入口，有的话直接提交换大尺码申请。
3. 在备注中写清楚需要更换的尺码，例如“申请更换为L码”。
4. 如果不确定尺码是否有货，可以先联系商家客服确认库存，再提交售后申请。
5. 审核通过后再寄回，不建议未申请售后就自行寄出。
6. 寄回后及时在售后页面填写物流单号，方便商家跟进处理。

八、如果没有换货入口怎么办

如果订单页面没有显示换货入口，可能有以下原因：
1. 商品不支持在线换货；
2. 已超过可申请换货的时间；
3. 商品类目只支持退货退款，不支持直接换货；
4. 当前订单状态暂不支持售后操作。

这种情况下，您可以先联系商家客服说明“尺码偏小，希望更换更大尺码”，让商家确认是否能协助换货。如果商家无法直接换货，您也可以在符合条件的情况下申请退货退款，再重新下单购买合适尺码。

九、温馨提醒

如果您只是想换大一码，且商品仍符合退换货条件，通常处理起来并不复杂。请您放心，建议您尽快在售后有效期内提交申请，并保持商品完好。只要商品支持换货、未影响二次销售且目标尺码有库存，一般都可以为您更换。

您可以现在进入订单售后页面查看是否有“换货”选项；若有，直接选择更换尺码并填写想换的大尺码即可。

您好，关于“更换更大尺寸后有尺寸差价怎么处理”，请您放心，一般会根据新旧尺码的实际售价、商家换货规则以及订单售后页面提示来处理。常见情况如下：

一、同款不同尺码价格一样

如果您要更换的是同一款商品，只是尺码从小换大，且两个尺码价格一致，一般不需要补差价，也不会产生退款差价。

例如：
原订单购买M码，价格为199元；想换L码，L码页面价格也是199元。
这种情况通常按正常换货流程处理即可。

二、更大尺码价格更高

如果更大尺码售价更高，通常需要补差价后才能换货。常见处理方式有几种：
1. 商家提供补差价方式
售后审核时，商家可能会告知您需要补多少差价，并通过平台允许的方式完成补差。请以订单售后页面或商家客服说明为准。
2. 无法在线补差时，可能建议退货重拍
有些订单系统不支持换货时直接补差价，商家可能会建议您先申请退货退款，再重新下单购买正确尺码。
这种方式的好处是价格、优惠、发票、售后记录都更清晰；但是否还能享受原订单优惠，需要以重新下单时页面价格为准。
3. 差价计算通常以商品实际成交价为参考
如果原订单使用了优惠券、满减、红包等，差价不一定简单按页面标价计算，通常会参考原商品实付金额和更换尺码的实际售价。具体金额以商家核算和售后页面为准。

三、更大尺码价格更低

如果您换的更大尺码价格反而更低，一般可能有以下处理方式：
1. 商家退还差价
如果平台和商家规则支持换货退差，商家可能会在换货完成后退还差价。
2. 改为退货退款后重新购买
如果系统不支持换货退差价，商家可能建议您申请退货退款，然后重新下单价格更低的尺码。
3. 以原订单成交价换货
部分商家同款换尺码可能按原订单价格处理，不另退差价。是否退差，需要以商品规则、商家说明和售后页面结果为准。

四、活动价、优惠券、满减对差价的影响

如果您的订单购买时用了优惠，差价处理会更复杂一些，主要看以下几点：
1. 原订单优惠是否可延续
有些换货属于同一订单售后，原订单优惠可以继续保留；但如果需要退货重拍，原优惠券、限时活动价、满减活动可能已经结束，重新下单时不一定还能享受原价。
2. 差价通常按实付金额核算
平台或商家一般会参考您的原订单实际支付金额，而不是单纯看商品标价。例如商品标价199元，但您使用优惠后实付179元，那么差价核算可能以179元作为参考基础。
3. 赠品和满减门槛可能会受影响
如果换货或退货导致订单金额变化，可能会影响赠品、满减、包邮门槛等权益。比如原订单满足满赠条件，换货后金额不满足，商家可能要求一并退回赠品，或按规则处理。

五、运费和差价是分开计算的

尺寸差价和换货运费通常是两件事：
1. 尺寸差价
指原尺码和新尺码之间的商品价格差额。
2. 换货运费
如果是个人原因换尺码，例如尺码买小了想换大，一般寄回运费可能需要您承担；商家重新寄出的运费按店铺规则处理。
如果是商家发错尺码或商品质量问题，一般由商家承担相应售后运费。
3. 运费险
如果订单有运费险，寄回运费可能按规则赔付，但运费险通常不处理商品尺寸差价，只处理符合条件的退换货寄回运费。

六、建议您按这个流程处理
1. 先查看目标尺码当前价格
进入商品详情页，确认您想换的更大尺码是否有库存，以及当前售价是否和原尺码一致。
2. 在售后申请中备注清楚
提交换货申请时，备注“希望更换为更大尺码，若有差价请告知补差方式”。
3. 等待商家核算差价
商家一般会在48小时内审核售后申请，并告知是否需要补差价、补多少、如何处理。
4. 确认差价后再寄回
建议您先确认差价和换货方式，再按售后页面要求寄回商品，避免因为无法补差或尺码无货导致来回处理时间变长。
5. 如果系统不支持补差，选择退货重拍
若商家明确表示无法在换货流程中补差价，您可以在符合退货条件的情况下申请退货退款，再重新购买合适尺码。

七、哪些情况需要特别注意
1. 不建议私下转账补差
为了保障您的资金安全和售后权益，差价处理建议通过平台订单、售后页面或平台认可的方式完成。不要轻易通过非平台渠道转账，以免后续无法核实。
2. 先确认库存再补差
如果更大尺码库存紧张，建议商家确认可换后再进行补差或寄回。
3. 退货重拍可能影响原优惠
如果原订单是活动价购买，退货后重新下单可能会按当前页面价格计算，可能高于原购买价格，也可能无法再使用原优惠券。
4. 已开发票的订单可能需要重开或调整
如果订单涉及发票，换货后金额发生变化，可能需要按平台和商家规则重新开具或冲红处理，具体以商家说明为准。

八、简单总结

如果更大尺寸和原尺寸同价，一般直接换货，不需要处理差价。
如果更大尺寸更贵，一般需要补差价，或退货退款后重新下单。
如果更大尺寸更便宜，可能退差价，也可能建议退货重拍，具体看商家和系统是否支持。
如果原订单用了优惠券、满减、活动价，差价通常会参考实际支付金额和当前换货规则核算。

建议您在提交换货申请时备注清楚想换的尺码，并让商家先确认库存和差价处理方式。一般售后审核会在48小时内给出处理结果。"
41,"您好，请您放心，如果快递在运输途中丢失，平台会协助您核实物流情况，并根据核实结果为您处理补发、退款或赔付等事宜。您可以按以下流程操作。

一、先确认是否属于“快递丢失”

建议您先查看订单物流详情，重点确认以下几种情况：
1. 物流长时间停滞
如果物流信息连续48小时以上没有更新，或一直停留在中转站、派送站点，可能存在异常，需要进一步核实。
2. 显示已签收但您未收到
如果物流显示“已签收”“已放驿站”“已代收”，但您本人没有收到，也没有授权他人代收，需要尽快反馈。
3. 快递员联系不上或无法说明包裹去向
如果派送员无法确认包裹位置，或告知可能遗失，建议保留沟通记录，便于后续处理。
4. 驿站、快递柜、门卫处未找到
如果物流显示放在驿站、快递柜、门卫、前台等位置，但您实际查询后没有找到，也可以按物流异常处理。

二、您可以这样处理
1. 先联系快递派送方核实
您可以根据物流页面显示的信息，联系派送员或快递网点核实包裹位置。一般情况下，快递方会在24小时内协助查找，常见结果包括：包裹仍在网点、误投他人、暂未派送、信息录入错误或确认遗失。
2. 同时联系商家或平台客服
建议您不要只等待快递方回复，也可以同步在订单页面联系商家或平台客服，说明“快递疑似丢失”或“显示签收但未收到”。平台会根据订单状态、物流轨迹、签收凭证等信息协助核实。
3. 提交必要信息
为了加快处理，请您准备好以下信息：
订单编号、收货人姓名、收货手机号、收货地址、物流单号、异常情况说明、与快递员或网点的沟通记录、驿站或快递柜查询结果等。
如果是“显示签收但未收到”，请尽量说明您是否授权他人代收、是否到驿站或门卫处查找过、是否收到取件码或签收通知。
4. 等待物流核查结果
平台或商家通常会向物流公司发起核查。一般核查时效为48小时左右；如果涉及跨区域中转、签收争议、需要调取监控或签收凭证，可能需要3-5个工作日。请您放心，核查期间您可以随时关注订单售后进度。

三、核实后一般会如何处理
1. 确认运输途中丢失
如果核实为快递在运输途中丢失，通常由商家或物流方承担相应责任，您不需要承担商品损失。处理方式一般为：
补发商品：如果商品仍有库存，商家可为您重新发出；
退款处理：如果您不想继续等待，或商品无货，可申请退款；
赔付处理：如平台规则或商家承诺支持赔付，会按实际情况处理。
2. 显示签收但您未收到
这种情况会重点核实签收凭证、派送轨迹、代收信息、快递柜或驿站记录。
如果确认不是您本人签收，且无有效授权代收记录，一般会按物流异常处理，商家或平台会协助您补发、退款或协调物流赔付。
如果核实为家人、同事、门卫、前台、驿站等已代收，建议您先向代收方确认；如代收后遗失，则需要根据实际代收场景进一步判断责任。
3. 快递误投他人
如果快递员将包裹投递到错误地址或错误收件人，快递方一般会尝试追回。若无法追回，通常会按物流责任处理，您可以继续申请补发或退款。
4. 包裹找回但已经延误
如果包裹最终找回并可以继续派送，您可以选择继续收货。若商品因延误影响使用，或属于生鲜、易腐、时效性较强的商品，建议您及时联系商家或平台说明情况，平台会根据商品性质和实际损失协助处理。

四、运费和责任怎么判定
1. 商品未送达且确认为物流丢失
一般情况下，您不需要承担商品费用和发货运费。若您申请退款，通常会退还您实际支付的商品金额及符合条件的运费金额。
2. 商家补发
如果确认是物流运输责任导致丢件，补发产生的运费一般不应由您承担，通常由商家或物流方承担。
3. 买家填写地址错误导致无法送达
如果是因为您填写的收货地址、手机号、收件人信息错误，导致快递无法正常派送或被他人签收，责任可能需要根据实际情况判断。建议您尽快联系商家和快递方拦截或更正地址，越早处理越容易追回。
4. 已授权代收后遗失
如果您明确授权放门口、放指定位置、交给某人代收，且物流方按授权完成投递，后续遗失的责任可能需要结合授权记录和实际投递情况判断。

五、建议您尽快申请售后或反馈异常

如果物流已经异常，建议您在订单页面发起“未收到货”“物流异常”“申请退款”或联系商家客服，不建议长时间等待。尤其是显示签收但未收到的情况，建议在发现后24小时内反馈，这样更便于快递方调取派送记录、签收凭证或监控信息。

一般处理时效可以参考：
1. 初步核实：通常24-48小时内会有反馈。
2. 物流查件：通常48小时左右。
3. 复杂签收争议：可能需要3-5个工作日。
4. 退款到账：退款审核通过后，通常会按原支付路径退回，到账时间以支付渠道处理为准，一般为1-7个工作日不等。
5. 补发时效：补发后会生成新的物流信息，配送时间以新的物流轨迹为准。

六、您现在可以按这个顺序操作
1. 打开订单详情，查看最新物流状态。
2. 如果物流停滞超过48小时，或显示签收但未收到，立即联系商家或平台客服。
3. 同步联系快递派送员或网点核实包裹位置。
4. 保留物流截图、签收截图、沟通记录、驿站查询结果。
5. 在售后页面选择“未收到货”或“物流异常”，按页面要求提交说明。
6. 等待平台、商家和物流方核实，核实丢失后选择补发或退款。

请您放心，只要核实确实是运输途中丢失、误投或无有效签收导致您未收到商品，平台会协助您推进处理，不会让您无故承担损失。建议您尽快在订单页面发起反馈，这样处理效率会更高。

您好，请您放心，快递丢失这类物流异常，平台会先协助核实包裹状态和责任归属，再根据核实结果为您处理补发、退款或相应赔付。一般不会让您在未收到商品且非您原因造成丢件的情况下自行承担损失。

一、会怎么赔偿或处理
1. 确认快递运输途中丢失
如果核实包裹是在商家发货后、配送完成前的运输环节丢失，通常属于物流责任或商家与物流方之间的履约责任。对您这边一般会优先提供以下处理方式：

补发商品：如果商品仍有库存，且您仍需要该商品，商家可为您重新发货。补发产生的运费通常不需要您承担。
退款处理：如果您不想继续等待，或商品已无库存，可以申请退款。退款一般会退回您实际支付的商品金额；如订单中有您实际承担且符合退还条件的运费，也会一并处理。
平台协助赔付：如果订单符合平台保障规则，或商家、物流方确认应承担赔偿责任，平台会协助推进赔付。具体金额通常以订单实际支付金额、商品价值、平台规则及责任核实结果为准。
2. 显示已签收但您实际未收到
这种情况需要核实签收凭证、派送记录、取件码记录、代收信息、驿站或快递柜记录等。处理结果一般分为几类：

如果确认不是您本人签收，也没有您授权他人代收，且快递方无法提供有效投递凭证，通常会按物流异常处理，可申请补发、退款或赔付。
如果确认快递误投他人，快递方会先尝试追回；如无法追回，一般按物流责任处理。
如果确认已由家人、同事、门卫、前台、驿站等代收，需要进一步确认您是否授权代收，以及代收后遗失的具体情况。责任归属会结合实际凭证判断。
3. 商品特殊情况的处理
如果商品属于生鲜、易腐、临期、定制类、限时使用类商品，处理时会更加关注时效影响。比如包裹虽找回但已经变质、损坏或错过使用时间，您可以提交照片、物流延误记录、商品状态说明，平台会结合商品属性和实际损失协助判断是否退款、补发或赔付。
4. 关于运费
若核实为物流丢失或非您原因导致未收到货，补发运费一般由商家或物流方承担，您通常不需要额外支付。
若您选择退款，符合条件的商品金额和实际支付的运费会按订单规则退回。
如果是因收货地址、手机号填写错误，或您明确授权放置后导致遗失，责任和费用可能需要结合实际情况重新判断。

二、赔偿金额一般按什么标准

赔偿通常不会直接按“快递公司内部赔付标准”简单套用给您，而是先保障您的订单权益。常见标准如下：
1. 未收到货且责任不在您
通常以您订单实际支付金额为基础处理退款，或安排同款商品补发。也就是说，重点是保障您收到商品或拿回货款。
2. 使用了优惠券、红包、积分等
退款金额通常以您实际支付金额为准。优惠券、红包、积分是否退回，需要根据平台对应规则判断：有的会原路退回，有的因有效期或使用规则限制无法恢复，页面处理结果会展示具体情况。
3. 商品涨价或无货
如果商品无货，通常优先退款；如商品涨价后需要重新购买，是否能按原订单权益处理，需要看商家库存、活动规则及平台保障政策。您可以在售后中说明诉求，平台会协助与商家沟通。
4. 额外损失
如您主张除商品金额以外的额外损失，例如误工、误事、赠礼延误等，一般需要提供充分证明，并且是否支持需依据平台规则、商家承诺和责任核实结果判断。建议您在提交售后时把相关情况说明清楚，便于平台综合评估。

三、多久能解决

处理时效主要取决于当前物流状态、是否显示签收、快递方能否提供凭证，以及是否需要调取记录。一般可以参考以下时间：
1. 初步响应
您提交售后或联系平台客服后，一般会先进行订单和物流信息核对，通常在24小时内会有初步处理方向或受理结果。
2. 物流核查
如果物流长时间未更新、疑似丢件，平台或商家会向物流方发起查件。常规核查一般需要48小时左右。
3. 签收争议核实
如果物流显示已签收但您未收到，需要核实签收人、取件码、快递柜记录、驿站入库记录、派送员反馈或相关凭证，通常需要3-5个工作日。若涉及调取监控、跨网点协查、误投追回，时间可能略有延长。
4. 确认丢失后的处理
一旦确认包裹丢失或无法追回，补发或退款一般会尽快推进。
选择补发：商家处理后会重新生成物流单号，后续配送时效以新物流轨迹为准。
选择退款：审核通过后会按原支付路径退回，到账通常需要1-7个工作日，具体以支付渠道处理时间为准。
5. 复杂情况
如果存在地址填写错误、授权代收、第三方代收点遗失、签收凭证争议等情况，平台需要进一步判定责任，整体处理可能超过3-5个工作日。请您放心，只要您及时提交材料，平台会持续跟进并推动处理。

四、您需要提供哪些材料，能更快解决

为了提高核实效率，建议您准备以下信息：
1. 订单编号和物流单号。
2. 物流页面截图，尤其是停滞、签收或异常节点截图。
3. 您未收到货的说明，例如是否查询过驿站、快递柜、门卫、前台、家人或同事。
4. 与快递员、快递网点、商家沟通的记录。
5. 如果显示签收但未收到，请说明是否收到取件码、是否授权代收、是否同意放指定地点。
6. 如果商品找回但损坏、变质或影响使用，请提供商品照片、外包装照片和物流延误记录。

材料越完整，责任判定和售后处理通常越快。

五、建议您现在这样操作
1. 在订单页面发起售后，选择“未收到货”“物流异常”或相近原因。
2. 在问题描述中写明：快递疑似丢失、物流停滞或显示签收但本人未收到。
3. 上传物流截图和沟通记录。
4. 明确您的诉求：希望补发、退款，或要求平台协助赔付。
5. 提交后关注售后进度，若48小时内仍无明确反馈，可以继续通过订单售后入口补充说明并催促核查。

六、简单总结

如果确认是快递丢失且责任不在您，通常可以为您安排补发或退款，补发运费一般不需要您承担；符合平台保障或责任确认条件的，也会协助赔付。一般物流核查需要48小时左右，显示签收但未收到等争议情况通常需要3-5个工作日；退款审核通过后，到账一般还需要1-7个工作日。

请您放心，您尽快提交售后后，平台会根据物流核实结果推进处理，优先保障您“收到商品”或“拿回相应款项”的权益。"
42,"您好，请您放心，商品已经使用过并不代表一定不能申请退款，关键要看商品是否影响二次销售、是否存在质量问题、是否属于特殊品类，以及您申请的是“仅退款”还是“退货退款”。您可以先按平台流程提交申请，商家会根据商品状态和售后规则进行审核。

一、已经使用过的商品能否退款，主要分以下几种情况
1. 商品存在质量问题、功能故障或与描述不符

如果商品在正常使用过程中出现质量问题，例如无法正常使用、功能异常、明显瑕疵、破损、漏发配件，或收到的商品与页面描述、规格型号不一致，即使已经使用过，通常也可以申请售后。

这种情况下，建议您申请“退货退款”或“维修/换货”，具体以商品售后类型和商家审核结果为准。您需要提供清晰的凭证，例如商品问题照片、视频、检测结果、故障现象说明、外包装和配件照片等。凭证越完整，审核会越顺利。
2. 商品没有质量问题，只是个人原因想退

如果商品本身没有问题，只是您不想要了、不喜欢、买错了、尺寸不合适、颜色不满意等，是否能退要看是否符合“7天无理由退货”条件。

一般来说，7天无理由退货需要商品保持完好，不影响二次销售。若商品已经明显使用、磨损、清洗、安装、激活、拆封后影响价值，或包装、吊牌、配件、赠品不完整，商家可能会拒绝无理由退货，或与您协商折价退款、补偿差价等处理方式。
3. 商品轻微试用但不影响二次销售

部分商品允许合理检查或试用，例如服饰类仅试穿、鞋类仅在室内试穿、普通商品仅拆封检查外观且配件齐全。如果商品没有污渍、磨损、划痕、异味、洗涤痕迹，包装和配件完整，通常仍有机会申请退货退款。

建议您在申请时如实说明商品状态，并上传商品整体、细节、包装、吊牌、配件等照片，便于商家判断是否符合退货条件。

二、哪些已使用商品通常不支持无理由退货

以下情况一般较难按无理由退货处理，但如果存在质量问题仍可继续申请售后：
1. 已经明显使用、磨损、损坏、污染，影响二次销售的商品。
2. 食品、生鲜、个人护理、贴身衣物、化妆品等因卫生安全原因，拆封或使用后通常不支持无理由退货。
3. 定制类商品，例如定制尺寸、刻字、专属图案、个人化配置等，非质量问题一般不支持退货。
4. 数字内容、虚拟商品、充值服务、会员服务等，一旦发放、使用或激活，通常无法按普通商品退货。
5. 已安装、激活、绑定账号、录入个人信息或产生使用记录的电子产品，若无质量问题，可能不支持无理由退货。
6. 商品配件、赠品、说明书、包装、防伪标、吊牌缺失，导致无法恢复原销售状态的商品。

三、建议您这样申请退款或售后
1. 进入订单页面提交申请

请您在订单详情中找到对应商品，选择“申请售后”或“退款/退货退款”。如果商品还没有发货，一般可直接申请退款；如果已经签收并使用过，通常需要选择“退货退款”或对应的售后原因。
2. 选择真实准确的退款原因

如果是质量问题，请选择质量问题、商品破损、功能异常、描述不符等相近原因；如果是个人原因，请选择不想要了、买错了、尺寸不合适等相近原因。原因选择准确，有助于商家快速判断责任和处理方式。
3. 上传有效凭证

建议上传以下材料：

商品整体照片、问题部位特写、使用痕迹说明、外包装照片、配件和赠品照片、故障视频、与商家沟通记录等。
如果是电子产品或电器类，故障视频最好能完整展示开机、操作、异常提示或无法使用的过程。
4. 等待商家审核

商家一般会在您提交申请后48小时内处理审核。若商家同意退货，系统会提供退货地址或退货方式；若商家拒绝，您可以根据拒绝原因补充凭证后再次协商，必要时申请平台介入。
5. 按要求寄回商品

退货时请尽量保持商品、包装、配件、赠品、发票或赠送物完整。寄回前建议拍照留存，保留物流单号，避免后续因商品状态或包裹丢失产生争议。
6. 退款到账

商家收到退货并验收无误后，一般会在3到5个工作日内完成退款处理。具体到账时间还会受支付方式和银行处理速度影响。若是仅退款且审核通过，退款通常会更快原路退回。

四、运费由谁承担
1. 质量问题或商家责任

如果商品确实存在质量问题、发错货、漏发、描述不符、运输前已破损等情况，通常由商家承担退货运费。您可以在申请中说明问题，并上传证据。若需要您先行垫付退货运费，建议保留运费凭证，后续可与商家协商退回。
2. 个人原因退货

如果商品没有质量问题，只是个人原因退货，一般退货运费由买家承担。若订单购买了运费险或符合平台运费险规则，退货完成后可能会按规则赔付部分运费，具体赔付金额以系统显示为准。
3. 商品已使用影响二次销售

如果商品已使用且影响二次销售，商家可能会拒绝退货，或与您协商折价退款。此类情况下，运费承担方式也需要以协商结果和平台判责为准。

五、如果商家不同意退款怎么办

请您不要着急，可以先查看商家拒绝原因。如果是凭证不足，建议补充照片、视频、检测说明等材料后重新提交或继续协商。如果您认为商品确实存在质量问题，且商家处理不合理，可以在售后页面申请平台介入。

平台介入后，会根据订单信息、商品类目、售后规则、双方凭证、物流记录等进行综合判断。为了提高处理效率，建议您在申请介入前准备好完整证据，尤其是商品问题视频、清晰照片、沟通记录和物流凭证。

六、给您的处理建议

如果商品只是轻微试用，且外观、包装、吊牌、配件、赠品都完整，建议您尽快提交退货退款申请，并说明商品状态，上传完整照片。
如果商品已经有明显使用痕迹，但存在质量问题，建议您重点选择质量问题类售后原因，并提供问题证据。
如果商品没有质量问题且已经明显使用，可能无法直接退货退款，但您仍可以尝试与商家协商，看是否可以折价退款、换货、维修或其他补偿方案。

总的来说，已经使用过的商品是否能退，需要以商品实际状态、是否存在质量问题、是否影响二次销售以及平台和商家的售后规则为准。请您先在订单中提交售后申请，商家通常会在48小时内审核处理；如协商不一致，您可以补充凭证后申请平台介入。"
43,"您好，请您放心，如果快递送达时您不在家，一般是可以通过改约派送、暂存代收、自提或联系快递员协商处理的，不会因为一次不在家就直接影响您的商品权益。您可以根据当前包裹状态按下面方式处理。

一、快递员正在派送中，您临时不在家怎么办

如果物流显示“派送中”或快递员已经联系您，但您不方便当场收件，建议您优先这样处理：
1. 及时接听快递员电话或回复短信

请您告知快递员您暂时不在家，并说明希望如何处理，例如：
“请晚一点再派送”
“请明天再派送”
“请放在指定代收点”
“请放到快递柜”
“请联系家人或同事代收”

多数快递员会根据当天派送路线和站点规则，为您安排再次派送或临时暂存。
2. 与快递员约定二次派送时间

一般情况下，快递公司可提供再次派送服务，常见为当天稍晚时间或次日再次派送，具体以快递员实际路线和当地网点安排为准。若您有明确在家时间，建议直接告知快递员，例如“晚上6点后有人”或“明天上午有人收件”，这样更便于安排。
3. 选择安全的代收方式

如果您短时间内无法回家，可以请快递员放至小区门卫、物业、驿站、快递柜，或由家人、邻居、同事代收。但请您注意，若选择放门口、楼道、消防通道等无人看管位置，可能存在丢失、雨淋、误拿等风险，建议尽量选择有记录、可查询的正规代收点或快递柜。

二、已经显示“未妥投”“收件人不在”怎么办

如果物流轨迹显示“收件人不在”“电话无人接听”“未妥投”“派送失败”等，一般表示快递员当天没有成功送达。您可以按以下步骤处理：
1. 查看物流详情

先在订单物流页面查看最新状态，确认包裹目前是在派送员手中、快递网点、驿站，还是快递柜。不同状态对应的处理方式会不同。
2. 主动联系快递员或快递网点

如果物流页面有快递员联系方式，建议您尽快联系，说明您希望再次派送或自提。若页面没有显示电话，也可以通过订单页面的物流服务入口发起催派、改约或联系平台客服协助处理。
3. 申请再次派送

多数情况下，快递会在1至2天内再次尝试派送。若您长时间不联系或连续多次无法派送，包裹可能会被暂存在网点，超过保管期限后存在退回商家的可能，所以建议您在看到“派送失败”后尽量在24小时内处理。

三、可以要求改地址或改时间吗

一般可以尝试申请，但是否成功要看包裹当前状态和快递公司规则。
1. 改派送时间

如果包裹还在本地派送阶段，通常可以与快递员协商改到当天晚些时候或次日派送。建议您提供一个较明确的时间段，避免再次错过。
2. 改收货地址

如果只是同城、同一区域内变更地址，部分快递可以协助改派；如果跨区、跨城或包裹已经进入末端派送，可能无法修改，或需要转运产生额外时效。具体是否支持，以快递公司和订单页面规则为准。
3. 改为驿站或快递柜

如果您不确定什么时候在家，建议优先改为驿站或快递柜。这样包裹有固定存放位置，您也可以在方便时领取。需要注意的是，快递柜可能有免费保管时长，超时后可能产生保管费用，具体以快递柜提示为准。

四、可以让别人帮忙代收吗

可以。您可以让家人、同事、门卫、物业或驿站代收，但建议注意以下几点：
1. 贵重商品建议本人验收

如果商品价值较高、易碎、带安装服务，或外包装已经明显破损，建议您尽量本人签收并当场验货。如果必须代收，请提前提醒代收人查看外包装是否完好。
2. 外包装异常不要随意签收

如果代收人发现外箱破损、变形、受潮、封口异常、重量明显不对，建议先拍照留证，并联系您或快递员确认。必要时可拒收，并在订单页面申请售后或联系平台客服处理。
3. 代收后尽快取回并检查

包裹被代收后，建议您尽快取回检查商品。如果发现少件、破损、错发等问题，请保留外包装、面单、商品照片和开箱凭证，并尽快发起售后申请。

五、如果放在门口丢了，责任怎么算

这个问题要看包裹放置方式和是否经过您同意：
1. 未经您同意擅自放门口

如果快递员未联系您、未征得您同意，就将包裹放在门口、楼道等非安全位置，之后发生丢失，建议您及时联系平台客服或快递公司核实。平台会根据物流记录、通话记录、签收凭证、监控等情况协助判责处理。
2. 您明确要求放门口

如果是您主动要求快递员放在门口或指定无人看管位置，后续丢失风险通常会更高，处理时可能需要结合具体证据判断。因此为了保障权益，不建议选择无看管位置存放，尤其是高价值、易损或隐私类商品。
3. 已放驿站、快递柜或物业

如果包裹显示已由正规代收点、快递柜、物业签收，建议您先到对应地点查找或核实取件记录。如确认无法找到，可联系平台客服协助核查签收凭证和监控信息。

六、会不会被退回商家

如果您只是一次不在家，一般不会立即退回。但如果出现以下情况，包裹可能会被退回：
1. 快递员多次联系不上收件人；
2. 连续多次派送失败；
3. 包裹在网点、驿站或快递柜超出保管期限；
4. 收货地址不详、电话错误或无法联系；
5. 收件人明确表示拒收。

通常建议您在物流显示派送失败后，尽量在24小时内联系快递员或通过订单页面处理。若包裹已经被退回，您可以在订单页面查看退回状态，并根据实际情况联系商家或平台客服，确认是否可以重新发货、退款或重新下单。

七、如果因此延误收货怎么办

如果延误是因为您不在家、电话未接通、地址不便派送等个人原因导致，一般需要您与快递员协商重新派送，平台会尽量协助，但时效可能会顺延。

如果是快递公司未按约派送、虚假签收、未经同意代签、无故滞留等原因导致，您可以在订单页面发起物流投诉或联系平台客服。平台通常会在受理后尽快核实，常见处理时效为24至48小时内反馈初步结果；如涉及丢件、破损、赔付等复杂情况，可能需要3至5个工作日进一步核查。

八、建议您现在这样操作
1. 打开订单详情，查看最新物流状态；
2. 如果显示“派送中”，尽快联系快递员，约定二次派送或指定代收点；
3. 如果显示“未妥投”或“派送失败”，请在24小时内联系快递员或通过订单页面申请再次派送；
4. 如果已经放到驿站或快递柜，请留意取件码和保管期限，尽快取件；
5. 如果显示已签收但您没收到，请先确认是否被家人、物业、门卫、驿站代收，再联系平台客服核实签收凭证；
6. 如果商品贵重、易碎或外包装异常，建议本人签收并验货，发现问题及时拍照留证并申请售后。

九、温馨提示

请您保持收货电话畅通，并尽量在订单地址中填写清楚门牌号、楼栋、单元、公司名称等信息。如果近期经常不在家，建议下单时选择工作地址、驿站、快递柜或方便收货的地址，可以减少派送失败的情况。

请您放心，只要及时联系快递员或通过订单页面处理，一般都可以安排再次派送或妥善暂存；如遇到已签收未收到、未经同意放置、包裹丢失或破损等情况，也可以及时申请平台介入核实处理。"
44,"您好，优惠券一般不是所有商品都能通用的，请您放心，我这边给您详细说明一下常见规则，您下单前也可以在结算页直接确认是否可用。

一、优惠券是否适用于所有商品

通常情况下，优惠券会根据券的类型、使用门槛、适用商品范围、活动规则等设置不同限制，因此不一定能用于平台内所有商品。一般会分为以下几类：
1. 全平台通用券
这类优惠券适用范围较广，通常可用于大部分普通商品，但也可能排除部分特殊类目、特殊活动商品、虚拟商品、定制商品等。是否能使用，以优惠券详情页和结算页显示为准。
2. 店铺券
店铺券一般只能在指定店铺内使用，不能跨店铺使用。即使商品在同一平台售卖，如果不是该店铺的商品，也无法使用该店铺券。
3. 品类券
品类券通常只适用于指定类目，例如家电、服饰、美妆、母婴、食品等。若商品不属于优惠券指定类目，结算时不会抵扣。
4. 指定商品券
这类优惠券只能用于券面或活动页面标明的指定商品。其他商品即使价格满足门槛，也无法使用。
5. 新人券、会员券、活动券
这类券通常会有身份限制或活动时间限制，例如仅限新用户、会员用户、特定活动期间、指定会场商品可用。

二、哪些商品可能无法使用优惠券

以下商品或订单场景比较常见地会被限制使用优惠券，具体仍以页面展示为准：
1. 秒杀、限时抢购、特价清仓等活动商品
部分活动商品本身已经享受较大优惠，可能不再叠加优惠券。
2. 预售商品
有些预售商品可用券，有些只能在尾款阶段使用，或完全不支持用券，需要看活动说明。
3. 虚拟商品或服务类商品
例如充值、卡券、会员服务、部分数字内容等，通常可能不支持使用普通优惠券。
4. 定制类、特殊类商品
定制商品、特殊规格商品、部分跨境商品等，可能因规则限制无法用券。
5. 运费、包装费、服务费等费用
多数优惠券只抵扣商品金额，不抵扣运费、安装费、保价费、服务费等非商品金额。
6. 已使用其他不可叠加优惠的订单
如果订单已经享受某些活动价、满减、补贴或特殊折扣，优惠券可能无法同时叠加使用。

三、如何查看优惠券的具体可用范围

您可以通过以下方式确认优惠券能否用于某个商品：
1. 查看优惠券详情
在“我的优惠券”中找到对应优惠券，点击查看使用规则。一般会显示使用门槛、有效期、适用范围、不可用商品说明等信息。
2. 进入商品详情页查看
部分商品详情页会展示“可领券”或“可用券”信息，如果商品页面没有显示对应优惠券，可能说明该商品不支持使用该券。
3. 提交订单前在结算页确认
这是最准确的方式。您把商品加入购物车并进入结算页后，系统会自动匹配可用优惠券。若优惠券符合条件，通常可直接勾选使用；若不符合条件，页面会显示不可用或不展示该券。
4. 查看不可用原因
如果优惠券不能使用，您可以在结算页或优惠券列表中查看原因，常见原因包括未达到使用门槛、商品不在适用范围、优惠券已过期、账号不符合使用条件、不可与当前活动叠加等。

四、使用优惠券时需要注意的规则
1. 注意有效期
优惠券需在有效期内使用，过期后通常无法恢复或补发。建议您在有效期内尽早使用。
2. 注意满减门槛
如果优惠券标注“满一定金额可用”，一般是指商品实付金额或参与优惠后的金额达到门槛后才可使用。部分订单如果扣除其他优惠后金额低于门槛，优惠券可能无法使用。
3. 注意是否可叠加
不同优惠之间是否能叠加，以活动规则为准。常见情况是平台券、店铺券、满减活动可能部分可叠加，但有些券会明确限制不可与其他优惠同用。
4. 注意订单拆分
如果购物车内包含多个店铺或多个仓库商品，系统可能会拆分订单。优惠券是否能覆盖全部商品，要看每个子订单是否符合券的使用条件。
5. 注意退款后的优惠券处理
如订单取消或退款，优惠券是否退回通常取决于券的状态、有效期和订单处理进度。若优惠券仍在有效期内，部分场景可能会退回；若已过期或活动结束，可能无法再次使用。

五、如果结算时优惠券无法使用怎么办

您可以按以下步骤排查：
1. 确认优惠券是否还在有效期内。
2. 确认商品是否属于优惠券指定范围。
3. 确认订单金额是否达到使用门槛。
4. 确认该券是否限制新用户、会员、指定店铺或指定活动。
5. 确认当前商品活动是否支持与优惠券叠加。
6. 尝试进入结算页查看系统提示的不可用原因。

如果您仍不确定，也可以在订单提交前联系平台客服，并提供优惠券名称、商品名称、结算页提示信息等，客服会协助您核实具体原因。通常优惠券能否使用以订单结算页实际展示为准，请您以下单前页面显示为准，避免提交订单后产生误解。"
45,"您好，关于“商品是否能提供终身维修服务”，这需要根据您购买的商品品类、品牌售后政策、商品保修条款以及故障原因来判断。请您放心，只要商品符合售后服务条件，平台会协助您联系商家或品牌售后进行处理；如果商品已超过免费保修期，也通常可以根据实际情况申请付费维修或售后检测。

一、是否支持终身维修

一般情况下，平台商品并不是统一承诺“所有商品都支持终身免费维修”。常见情况如下：
1. 部分品牌或商品支持终身维修
有些品牌会在商品详情页、保修卡、说明书或官方售后政策中明确写明“终身维修”“终身保养”“终身维护”等服务。此类服务通常是品牌提供，平台会协助您对接处理。
2. 终身维修通常不等于终身免费维修
即使商品支持终身维修，也可能区分免费维修和付费维修。比如在保修期内，符合非人为质量问题的，通常可享受免费维修；超过保修期后，可能需要支付配件费、人工费、检测费或往返运费，具体以品牌或商家售后检测结果为准。
3. 不同商品品类差异较大
家电、数码、家具、箱包、钟表、珠宝、运动器材等商品的维修政策可能完全不同。有些商品有明确保修年限，有些商品仅支持一定周期内的维修，有些低值易耗品、消耗品、贴身用品、一次性用品等可能不支持长期维修服务。
4. 以购买时页面展示和品牌售后政策为准
建议您优先查看订单商品详情页、售后说明、保修卡、说明书或随货凭证。如果页面或凭证明确承诺终身维修，一般会按照对应承诺执行；如果没有明确说明，则通常按照国家相关规定、平台规则及商家/品牌保修政策处理。

二、免费维修通常需要满足的条件

如果商品仍在保修期内，且属于质量问题，通常可以申请免费维修。一般需要满足以下前提：
1. 商品为正常使用过程中出现故障
例如非人为损坏、非擅自拆修、非进水摔碰、非错误安装或违规操作导致的问题。
2. 商品仍在有效保修期内
不同商品保修期不同，常见可能为几个月、1年、2年或更长，具体以商品页面、保修卡、发票或品牌政策为准。
3. 能提供有效购买凭证
通常包括订单记录、发票、保修卡、商品序列号等。通过平台购买的商品，一般可通过订单信息作为售后凭证之一。
4. 商品问题经商家或品牌售后检测确认
维修前通常需要检测确认故障原因。如果检测结果属于产品质量问题，一般按保修政策处理；如果属于人为损坏或超过保修范围，则可能转为付费维修。

三、哪些情况可能不支持免费维修

请您留意，以下情况即使商品支持维修，也可能无法免费处理：
1. 已超过免费保修期
超过保修期后，通常可咨询是否支持付费维修，费用以售后检测和报价为准。
2. 人为损坏
例如摔坏、挤压变形、进水、烧毁、私自改装、错误安装、非正常使用、外力破损等。
3. 私自拆机或非授权维修
部分商品一旦私自拆修、改装或由非授权渠道维修，可能影响原有保修权益。
4. 易损件、耗材或外观磨损
电池、滤芯、刀头、刷头、密封圈、遥控器电池、包装配件、外壳划痕、自然磨损等，可能不在免费保修范围内，具体以商品售后政策为准。
5. 无法提供有效购买凭证
如果无法核实购买信息、保修起始时间或商品来源，可能影响保修判断。

四、如果需要申请维修，您可以这样操作

您可以按照以下流程申请售后维修：
1. 进入订单页面
找到对应商品订单，查看是否有“申请售后”“维修/保修”“联系商家”等入口。
2. 描述故障情况
建议您尽量详细说明问题，例如故障出现时间、使用场景、是否有异常声音、是否无法开机、是否间歇性故障等。
3. 上传相关凭证
可以上传商品照片、故障视频、外包装照片、保修卡、发票或其他能说明问题的材料。故障视频越清晰，越有助于售后快速判断。
4. 等待商家或平台审核
提交后，一般会在48小时内处理或回复。如果需要进一步检测，商家或售后可能会告知寄修地址、寄修方式、注意事项及是否需要先报价。
5. 寄回检测或上门服务
部分商品支持寄修，部分大件商品或特定品类可能支持上门检测。是否支持上门，以商品品类、服务范围及品牌售后政策为准。
6. 检测后给出处理方案
售后会根据检测结果判断是免费维修、付费维修、更换配件、退回商品，还是其他处理方式。若涉及付费维修，一般会先告知费用，征得您确认后再维修。

五、维修时效一般多久

维修时效会受商品品类、故障复杂程度、配件库存、寄送距离、品牌售后排期等因素影响。通常可参考以下时间：
1. 售后初审
一般在48小时内给出回复或处理意见。
2. 寄修检测
商品寄达售后点后，通常需要1至3个工作日完成初步检测，复杂故障可能需要更长时间。
3. 普通维修
常见维修一般约3至7个工作日完成。
4. 需要调配配件或返厂维修
如涉及特殊配件、返厂检测、大件商品或品牌排期，可能需要7至15个工作日或更久，具体以售后实际反馈为准。
5. 物流时间
寄修和返还商品的物流时间需另行计算，偏远地区、节假日或天气原因可能会延长。

六、维修运费由谁承担

运费承担通常需要结合保修期、故障原因和商家政策判断：
1. 保修期内且确认质量问题
通常由商家或品牌按售后政策承担相关维修费用，运费也可能按规则由商家承担或补贴，具体以页面承诺和售后处理结果为准。
2. 超过保修期申请付费维修
一般可能需要您承担维修费用及往返运费，具体费用以售后报价为准。
3. 人为损坏或非质量问题
通常需要您承担检测费、维修费、配件费及相关运费。
4. 检测后无故障或问题不属实
如果售后检测未发现故障，或故障与描述不一致，可能会涉及退回运费或检测相关费用，具体以商家售后规则为准。

七、建议您先确认这些信息

为了更准确判断是否支持终身维修，建议您查看或准备以下信息：
1. 商品订单编号及购买时间
用于判断是否仍在保修期内。
2. 商品品牌、型号和品类
不同品牌和型号的售后政策可能不同。
3. 商品详情页或保修凭证
重点查看是否明确写有“终身维修”“全国联保”“保修期限”“售后服务说明”等内容。
4. 当前故障情况
包括故障表现、是否影响正常使用、是否有外观损坏、是否曾维修或拆卸。
5. 是否有人为因素
如摔碰、进水、私自拆修、使用环境异常等，会影响免费维修判断。

八、温馨提示

请您放心，如果商品页面或品牌承诺中明确提供终身维修服务，平台会协助您按照对应规则申请处理；如果没有明确终身维修承诺，也可以先提交售后申请或联系商家确认是否支持付费维修。建议您保留好订单记录、发票、保修卡、商品包装及故障凭证，这些材料会更有利于后续售后判断和维修处理。

简单来说：商品是否支持终身维修不能一概而论，需要以商品页面、品牌政策和保修凭证为准；终身维修也通常不代表终身免费维修。您可以先在订单中发起售后申请，平台和商家一般会在48小时内为您核实并给出具体处理方案。"
46,"您好，非常理解您现在的心情。家电购买后使用不到一个月就故障，寄回维修已经 15 天还未收到，同时您又发现商品疑似翻新机而非全新机，这种情况确实会影响正常使用体验，也涉及商品品质、售后时效以及商家是否如实销售的问题。请您放心，建议您不要只按普通维修流程继续等待，可以同时发起售后升级处理，明确提出“退货退款、核查是否翻新机、依法依规赔付”的诉求。

下面我按处理方式、需要准备的材料、平台介入流程、运费责任、处理时效和赔偿问题为您说明。

一、您目前可以主张的核心诉求

根据您描述的情况，建议您在售后申请或投诉中明确写清楚以下诉求：
1. 要求停止继续维修流程，改为退货退款处理
商品在购买后不到一个月即出现故障，且已寄回维修 15 天未完成，已经明显影响您的正常使用。您可以要求商家说明维修进度、故障原因、是否更换核心部件，并申请将售后方案由维修变更为退货退款。
2. 要求商家核实商品是否为翻新机
如果商品页面、订单、发票或宣传中标注为“全新”“正品”“官方正品”“原装未拆封”等，但您收到的商品存在使用痕迹、维修记录、激活时间异常、序列号异常、包装二次封装、配件不完整等情况，您可以要求平台介入核查。若确认商家以翻新机冒充全新机销售，性质会比普通质量问题更严重。
3. 要求退还商品实付款
如核实存在质量问题、虚假宣传、以旧充新、翻新机冒充新机等情形，您可以要求退还实际支付货款。若有使用优惠券、红包、积分等，平台一般会按订单实际支付规则处理，具体以订单结算明细为准。
4. 要求商家承担往返运费
如果故障经检测属于商品本身质量问题，或商品存在非全新、翻新、描述不符等问题，寄回检测、维修、退货产生的合理运费一般应由责任方承担。您可以保留寄件单号、运费支付凭证，要求商家或平台核实后承担。
5. 要求赔偿
如果最终确认商家存在“以翻新机冒充全新机”“虚假宣传”“欺诈销售”等情形，您可以提出赔偿诉求。赔偿是否支持、支持多少，需要结合检测结果、商家承诺、商品页面描述、证据完整性以及平台规则来判断。建议您在投诉中明确提出“要求依法依规赔偿”，由平台根据证据进行判定。

二、建议您立即这样操作

您可以按以下步骤处理，尽量把问题从普通售后升级为平台纠纷处理。
1. 进入订单售后页面，补充或重新发起售后申请
如果当前售后状态仍是“维修中”，建议您在售后留言中明确说明：

“商品购买后使用不到一个月即发生故障，已寄回维修 15 天仍未收到，严重影响使用。现发现商品疑似翻新机，并非全新商品。本人不再接受继续维修，要求商家退货退款，承担往返运费，并对疑似翻新机问题进行核查及赔偿。”

如果页面支持修改售后类型，您可以尝试将“维修”改为“退货退款”或“仅退款/退货退款”；如果不支持修改，建议通过订单投诉或申请平台介入处理。
2. 要求商家提供检测报告和维修进度
您可以要求商家提供以下内容：

商品检测报告
故障原因说明
维修开始时间和预计完成时间
是否更换过零部件
维修后是否重新计算保修
商品是否为全新机的证明
序列号、生产日期、激活日期或出厂信息说明
寄回商品当前物流状态

如果商家无法提供合理说明，或者一直拖延，您可以把聊天记录作为后续平台介入证据。
3. 申请平台介入
如果商家超过约定时间未处理、维修 15 天仍无明确结果、拒绝退货退款、无法解释商品是否为翻新机，建议您申请平台客服介入。平台介入后通常会要求双方提交凭证，并在一定时效内审核。

一般情况下，平台介入后会先在 48 小时左右进行初步响应或要求补充材料；复杂情况如涉及检测报告、物流核实、商品真伪或翻新争议，可能需要 3 至 5 个工作日，部分需要第三方检测或品牌方核验的会更久。您可以持续在售后页面关注处理进度，并按要求补充证据。
4. 如果售后入口关闭，也可以发起订单投诉
即使普通售后入口无法再次申请，您仍可以通过订单投诉、平台客服入口或消费者纠纷处理入口提交材料，说明“售后维修拖延、商品疑似翻新、要求退货退款及赔偿”。重点是把问题定位为“商品描述不符/疑似翻新机/质量问题/售后超时未解决”。

三、您需要准备哪些证据

这类问题证据越完整，平台越容易支持您的诉求。建议您整理以下材料：
1. 订单凭证
包括订单编号、购买时间、付款金额、商品名称、商品页面截图、下单时页面对“全新”“正品”“官方”“未拆封”等描述的截图。如果商品页面后来修改了，您已有截图会更有利。
2. 故障证据
包括故障视频、照片、报错提示、无法正常使用的过程记录、首次发现故障时间。如果有和商家沟通故障的聊天记录，也请保存。
3. 寄回维修凭证
包括寄件单号、物流轨迹、签收时间、运费支付凭证、商家确认收货记录、维修受理记录。您提到已经维修 15 天，这个时间点很关键，建议截图保存“商家签收日期”和“当前仍未寄回”的状态。
4. 疑似翻新机证据
例如外观有划痕、磨损、灰尘、螺丝拆卸痕迹、包装二次封装、封签破损、配件不完整、说明书或保修卡异常、序列号不一致、生产日期过早、激活时间早于购买时间、系统记录显示曾维修或使用过等。
如果能通过品牌官方渠道查询到激活时间、保修起算时间或维修记录，请保存查询截图。注意不要自行拆机取证，以免商家以“人为拆修”作为拒绝售后的理由。
5. 沟通记录
保存您与商家、售后、维修方沟通的所有聊天记录，包括商家承诺维修时间、承认故障、拒绝退货、拖延处理、无法提供全新证明等内容。

四、关于维修 15 天未收到，是否合理

家电售后维修时效通常要看商品类型、故障程度、配件供应、商家承诺和平台规则。一般来说，普通维修应在合理期限内完成，并向消费者同步进度。如果已寄回 15 天仍没有明确维修结果、没有寄回时间、没有检测报告，您可以认为商家的售后处理存在明显拖延。

您可以要求商家在 48 小时内给出明确处理方案，包括：

是否已检测
故障是否属于质量问题
是否已经维修完成
预计何时寄回
如果无法维修，是否换新或退款
为什么 15 天仍未完成

如果商家不能在合理时间内给出结果，建议您直接申请平台介入，要求终止维修并退货退款。

五、关于“翻新机并非全新”的处理

如果只是您个人怀疑，平台一般会要求您提供初步证据，再由商家举证或由平台核验。若证据显示商品确实存在二次销售、翻新、维修后再售、激活时间早于购买时间等情况，而商家销售时承诺为全新商品，您可以主张商品与描述不符，要求退货退款。

如果进一步确认商家存在故意隐瞒、以翻新机冒充全新机销售等问题，您可以提出赔偿请求。平台通常会结合以下因素判断：

商品页面是否明确承诺全新
商家是否有“翻新机”“展示机”“官翻机”“二手机”等说明
商品实际状态是否与页面描述一致
是否有品牌方或检测机构证明
商家是否存在故意隐瞒或虚假宣传
您是否已经正常保留商品及证据

建议您在表达时使用“疑似翻新机，要求商家举证证明为全新机，并请平台核查”，这样更利于平台按证据流程推进。

六、关于退货退款和运费责任

如果商品存在质量问题、描述不符、疑似翻新机属实，通常不应由您承担因此产生的售后运费。您可以要求：

退还商品实付款
退还您垫付的寄回运费
如商家要求退回商品，应提供退货地址或上门取件方式
商家收到退货并核验后，在规定时效内退款
如商品目前仍在商家或维修点，要求商家直接处理退款，不应要求您再承担额外操作成本

如果商家提出“已经维修不能退”，您可以说明：您寄修是基于商品故障进行售后处理，并不代表放弃对商品质量问题、描述不符、翻新机争议的退货退款权利。尤其是商品购买不到一个月即故障，且维修 15 天仍未完成，您有理由要求平台重新判定售后方案。

七、关于赔偿，建议这样主张

赔偿诉求需要分情况：
1. 如果只是普通质量故障
通常优先支持维修、换货、退货退款，赔偿金额需看平台规则和商家承诺。若商家售后超时造成损失，可以要求平台协调补偿，但是否支持需要审核。
2. 如果确认商品为翻新机冒充全新机
您可以明确要求平台按商品描述不符、虚假宣传或欺诈销售方向处理，并要求商家依法依规赔偿。赔偿标准不是简单由商家单方面决定，建议您提供完整证据后由平台介入判定。
3. 如果商家页面有额外承诺
例如“假一赔几”“非全新赔付”“正品保障”“官方质保”等，您可以截图并要求商家按承诺履行。商家的公开承诺、订单页面说明、售后政策都可以作为维权依据。

八、您可以直接复制使用的沟通内容

您可以给商家或平台发送以下说明：

“您好，我于上个月购买该家电，使用不到一个月即出现故障，已按售后要求寄回维修。目前商品已维修 15 天仍未寄回，也未向我提供明确检测报告、维修完成时间及故障责任说明，已严重影响正常使用。与此同时，我发现商品存在疑似翻新机情况，并非下单时承诺的全新商品。现本人不接受继续拖延维修，要求商家提供商品全新证明、检测报告、维修记录和物流状态，并申请平台介入处理。我的诉求是退货退款，商家承担往返运费，并就疑似翻新机/描述不符问题依法依规进行赔偿。请在 48 小时内给出明确处理方案。”

九、处理过程中请注意

请不要自行拆机、改装或继续维修，以免影响责任判定。
请不要删除订单、聊天记录、物流记录和商品页面截图。
如果商品还在维修方，请要求商家确认商品保管状态，避免出现丢件、换件、无法退回等问题。
如果商家要求您撤销售后或私下转账处理，建议谨慎，尽量在平台售后流程内完成。
如果平台要求补充证据，请尽量在规定时间内提交，避免因超时影响判定。

十、建议您的优先处理顺序

第一步，保存订单、商品页面、故障、物流、维修、疑似翻新证据。
第二步，在售后页面要求停止维修，改为退货退款，并要求商家 48 小时内提供检测报告和全新证明。
第三步，若商家拒绝或拖延，立即申请平台介入。
第四步，平台介入后按要求补充证据，重点说明“购买不到一个月故障”“维修 15 天未完成”“疑似翻新机”“要求退货退款、运费承担和赔偿”。
第五步，如确认商品非全新或商家无法合理举证，继续要求按描述不符或虚假宣传处理。

总体来说，您现在不建议继续被动等待维修结果，而是应当把问题升级为“质量问题加疑似翻新机纠纷”。只要您能提供购买时间、故障时间、寄修时长、维修未完成证据，以及疑似翻新机的初步证据，平台一般会要求商家举证并给出处理方案。您的合理诉求可以明确写为：退货退款、商家承担往返运费、核查翻新机问题并依法依规赔偿。"
47,"您好，非常抱歉给您的企业采购带来不便。请您放心，您这笔订单同时涉及“质量问题换货、少发补寄、发票抬头重开”三类售后事项，平台可以协助您分项处理。建议您尽快在订单售后页面提交申请，并一次性上传完整凭证，便于客服和商家核实后加快处理。

一、整体处理思路

您本次采购共100件，已发现：
1. 20件存在质量问题：可申请换货，若符合质量问题售后条件，相关退回及重新寄出的合理运费一般由责任方承担。
2. 15件少发：可申请补寄，核实确为少发后由商家安排补发，一般不需要您承担补寄运费。
3. 发票抬头开错：可申请发票重开，需提供正确抬头及税务信息；原发票如已开具并可作废或冲红，将按平台和开票方规则处理。

由于您是企业批量采购，建议您将三类问题在同一个订单售后沟通中说明清楚，同时分别提交对应凭证，避免只处理其中一项而影响整体时效。

二、质量问题20件商品换货流程

请您按以下步骤申请：
1. 进入订单售后页面
找到该批量采购订单，选择“申请售后”或“退换/维修”相关入口。若系统支持按数量申请，请选择存在质量问题的20件，并选择“换货”或“质量问题换货”。
2. 填写问题说明
建议说明内容包括：
“企业采购订单共100件，其中20件存在质量问题，需申请换货。问题表现为……，涉及商品数量20件，要求更换同型号、同规格、完好商品。”
3. 上传凭证
为提高审核通过率，请尽量上传以下资料：
商品外包装照片、商品本体照片、质量问题细节照片或视频、批量商品摆放照片、收货外箱照片、快递面单照片、装箱清单照片、质检或使用异常说明等。
如果20件商品问题类型不完全一致，建议按问题类型分组拍摄，并在备注中标明数量。
4. 等待审核
售后申请提交后，平台或商家一般会在48小时内完成初步审核。若凭证不完整，可能会要求您补充照片、视频或检测说明。请您留意订单售后页面和平台消息，避免因超时未补充影响处理。
5. 退回问题商品
审核通过后，您会收到退回地址或取件方式。请按要求将20件质量问题商品及必要配件、包装、赠品等一并寄回。
如确认属于商品质量问题，退回运费及换货发出运费通常由商家或责任方承担；若需要您先行垫付运费，建议保留运费凭证，后续按平台规则申请补偿。
6. 商家换货发出
商家收到退回商品并核验无误后，一般会在3至5个工作日内安排换货发出。若商品库存紧张、需调货或批量采购商品需重新备货，时效可能会延长，客服会根据实际库存情况与您确认。
7. 换货收货确认
收到换货商品后，请您尽快清点数量、规格、外观和功能状态。如仍有异常，请在售后页面继续反馈，不建议先确认全部无误后再补充问题。

三、少发15件商品补寄流程

少发问题建议与质量问题分开说明，避免审核时混淆数量。
1. 提交少发反馈
在订单售后或联系商家页面说明：
“订单购买100件，实际收到85件，其中20件存在质量问题，另有15件未随货发出，申请补寄15件。”
2. 提供清点凭证
请上传以下材料：
外箱整体照片、快递面单照片、开箱视频、所有已收到商品的合照、装箱清单、仓库收货清点记录、称重记录或签收记录等。
如果您企业内部有入库单、收货差异单，也建议一并上传，有助于确认少发数量。
3. 平台或商家核实
商家通常会核对出库记录、打包监控、称重记录、物流揽收重量、装箱明细等。一般情况下，初步核实会在48小时内完成；涉及仓库复核或物流核查的，可能需要3至5个工作日。
4. 补寄安排
核实确认为少发后，商家会为您补寄15件商品。补寄运费一般由商家承担，您无需重复支付商品费用或补寄运费。
补寄发出后，您可在订单售后页面或平台消息中查看补寄物流信息。普通物流一般3至7天左右送达，具体以发货地、收货地及物流实际运输情况为准。
5. 补寄到货后再次清点
收到补寄商品后，请您第一时间清点15件数量是否齐全，型号规格是否与原订单一致，外观和包装是否完好。如有问题，请继续在原售后记录中反馈，便于形成完整处理链路。

四、发票抬头开错的重开流程

发票问题可以与售后同时提交，但通常由发票/财务流程单独处理。
1. 准备正确开票信息
请您准备以下信息：
正确企业名称、纳税人识别号、注册地址、注册电话、开户行、银行账号、发票类型、发票内容、订单号、开票金额等。
如果是增值税专用发票，信息要求会更严格，请务必与贵司财务确认后再提交，避免二次开错。
2. 提交发票重开申请
进入订单的“发票管理”“申请发票”“发票售后”或联系在线客服，说明原发票抬头错误，需要作废或冲红后重新开具。
3. 原发票处理
如果原发票尚未入账、未认证、未抵扣，通常处理会更快。
如果原发票已经认证、抵扣或入账，可能需要按税务规则办理红冲或提供相关证明，具体以开票方要求为准。
电子发票一般可在线作废或冲红后重开；纸质发票可能需要您寄回原票或按要求提供票面照片及说明。
4. 重开时效
资料齐全且符合重开条件的情况下，发票重开一般会在3至7个工作日内处理完成。若涉及专票红冲、跨月发票、财务审核或税控系统处理，时效可能会延长，请您预留一定时间。
5. 注意事项
发票重开一般要求订单金额、商品内容、开票主体与实际交易一致，不能随意变更为与交易不符的信息。抬头更正通常可以申请，但需符合平台发票规则及税务规定。

五、关于运费和责任归属

请您放心，如果经核实：
1. 20件确属商品质量问题
换货产生的合理往返运费一般由商家或责任方承担。若平台要求您先垫付退货运费，请保留寄件单号、运费支付凭证和发票或截图，后续可按售后规则申请退还。
2. 15件确属商家少发
补寄商品费用和补寄运费一般由商家承担，您不需要额外付款。
3. 如需上门取件
部分订单支持上门取件，您可以在售后申请中选择可用的取件方式。若系统没有上门取件选项，可先按客服提供的地址寄回，并保留物流凭证。
4. 若核实存在物流破损或丢件
平台会结合签收记录、外包装照片、物流称重和承运方反馈进行判断。请您务必保留外箱、填充物、面单和签收记录，不建议在问题未处理前丢弃包装材料。

六、建议您提交售后时这样写

您可以在售后说明中按以下方式填写：

“本订单为企业批量采购，共购买100件。收货清点后发现：1. 实际少发15件，申请补寄15件；2. 已收到商品中有20件存在质量问题，申请换货20件；3. 订单发票抬头开具错误，需按我司正确开票信息重新开具。已上传收货清点照片、外箱照片、面单照片、问题商品照片/视频、装箱清单及企业收货记录，请协助尽快审核处理。”

这样写可以让客服和商家快速识别您的诉求，减少反复沟通。

七、处理时效参考

一般情况下，时效可参考如下：
1. 售后申请初审：通常48小时内处理。
2. 少发核实：通常48小时内初步反馈，复杂情况约3至5个工作日。
3. 少发补寄发出：核实无误后一般3至5个工作日内安排，具体看库存和仓库处理进度。
4. 质量问题换货：退回商品签收并核验后，一般3至5个工作日内安排换货发出。
5. 发票重开：资料齐全后一般3至7个工作日，涉及专票红冲、跨月或财务审核的可能延长。
6. 物流运输：发出后通常3至7天左右送达，具体以物流实际信息为准。

八、需要您特别注意的事项
1. 请尽快提交售后申请
多数商品售后都有时间限制，例如签收后一定期限内可申请质量问题售后，部分商品支持7天无理由，但企业采购、定制类、易耗类、特殊品类可能不完全适用。质量问题不受普通无理由条件完全限制，但仍建议尽早反馈。
2. 请保留全部包装和凭证
尤其是批量采购订单，仓库核查会比较依赖外箱、面单、装箱清单、称重记录、开箱视频和清点记录。
3. 请不要自行丢弃或拆解问题商品
质量问题商品如需换货，通常需要退回原商品进行核验。若商品缺少配件、序列号不一致或人为损坏，可能影响换货审核。
4. 请分清“少发”和“质量问题”数量
您的情况是100件中少发15件，另有20件质量问题。建议在所有沟通中保持这个口径一致，避免被误解为“收到85件，其中20件有问题”之外还需进一步确认总差异。
5. 发票信息请由贵司财务确认
企业抬头、税号、开户行账号等一旦再次开错，会增加作废或红冲流程，影响报销和入账进度。

九、后续建议

建议您现在先在订单售后页面提交申请，并同时联系在线客服备注“企业批量采购订单，涉及质量换货、少发补寄、发票重开三项问题，需合并跟进”。提交后请关注48小时内的审核反馈；如超过时效未处理，您可以继续通过订单售后页面催促平台介入，平台会根据您提供的凭证、商家出库记录和物流信息协助判责并推进处理。"
48,"您好，非常抱歉让您收到生产日期临近、包装破损且部分受潮无法食用的食品商品。请您放心，食品类商品如存在包装破损、受潮变质、无法正常食用等质量或履约问题，平台会优先保障您的售后权益，并根据实际情况协助您办理退货退款、赔付申请及健康风险反馈处理。

一、关于退货退款：可以申请售后处理

针对您描述的情况，商品存在以下问题：
1. 生产日期临近过期，影响正常食用周期；
2. 外包装破损，可能影响食品密封性和安全性；
3. 部分商品受潮，已经无法食用；
4. 您已对食品安全和健康影响产生合理担忧。

这类情况通常不属于普通“不想要”退货，而是偏向商品质量问题、运输破损或商家履约问题。您可以在订单页面提交售后申请，选择“退货退款”或“仅退款”，并在问题原因中选择类似“商品破损”“商品变质/受潮”“临期商品”“质量问题”等选项。

建议您提交以下凭证，以便平台更快判断责任并推进处理：
1. 商品外包装破损照片，包含破损位置；
2. 商品受潮、结块、变形、渗漏、霉变或无法食用的照片；
3. 商品生产日期、保质期、批次号照片；
4. 快递外包装照片，包括运单面单和外箱破损情况；
5. 如已拆封，请拍摄内包装状态和受影响商品数量；
6. 如已食用后出现不适，可保留就医记录、检查单、诊断说明、费用凭证等材料。

一般情况下，您提交售后申请后，商家需在规定时间内响应。若商家超时未处理、拒绝处理或处理方案无法满足合理诉求，您可以申请平台介入。平台会结合商品性质、破损程度、证据材料、物流签收情况、商品页面承诺等信息进行核实。

二、关于运费承担：质量问题通常不应由您承担

如果核实属于商品质量问题、包装破损、运输导致受潮、商家发出临期商品但未明确告知等情况，退货产生的合理运费原则上应由责任方承担，您不应因为商品本身存在问题而额外承担损失。

常见处理方式包括：
1. 商家提供退货地址并承担退回运费；
2. 平台或商家提供上门取件服务；
3. 您先行垫付运费，后续凭运费凭证申请补退；
4. 对于明显无法二次销售、食品安全风险较高或退回无实际意义的商品，平台可能根据核实情况支持仅退款或部分退款，无需您寄回。

由于食品类商品涉及安全和保质条件，是否需要退回需以售后页面或平台介入后的处理结果为准。请您在未收到明确处理意见前，尽量不要自行丢弃全部商品和包装，以免影响责任认定。若商品已严重受潮、发霉或存在异味，建议您先拍照、录像留证，并做好隔离存放。

三、关于赔偿诉求：会根据责任和损失情况核实处理

您提出“要求退货退款并赔偿”，这是可以提交的合理诉求。平台会根据具体情况判断是否支持赔付以及赔付范围。一般会重点核实以下内容：
1. 商品是否确实存在破损、受潮、变质、临近过期等问题；
2. 商品页面是否明确标注为临期商品、折扣临期商品或特殊处理商品；
3. 商家是否在购买前充分告知生产日期、保质期、储存条件等关键信息；
4. 破损受潮是商家包装不当、仓储问题，还是物流运输造成；
5. 您实际无法食用的商品数量和金额；
6. 是否产生了额外损失，例如就医费用、检测费用等；
7. 您是否保留了必要证据。

如果商品页面未明确提示临期，且您收到后发现剩余保质期明显偏短，影响正常食用，平台会结合食品品类、保质期总时长、收货时剩余时间、购买数量等因素判断是否属于不合理履约。若同时存在包装破损、受潮无法食用，您的退款和赔付申请会更有依据。

赔偿通常需要以平台规则、商品实际问题、责任归属和有效凭证为基础进行处理。若您有身体不适或产生医疗费用，请务必保留完整凭证，平台会协助您提交给商家或相关责任方进一步核实。

四、关于健康保障：建议立即停止食用并保留证据

食品受潮后可能存在口感变质、微生物滋生、霉变污染等风险，尤其是糕点、坚果、米面制品、奶粉、冲调饮品、膨化食品、干货、调味品等对湿度较敏感的食品。请您先不要继续食用该批次商品，已经打开的商品也建议停止食用。

如果您或家人已经食用了受潮商品，请留意身体状况，例如：
1. 腹痛、腹泻、恶心、呕吐；
2. 发热、头晕、乏力；
3. 皮疹、过敏、喉咙不适；
4. 儿童、老人、孕妇或基础病人群出现异常反应。

如出现明显不适，建议您及时就医，并保留以下材料：
1. 就医记录或病历；
2. 检查结果；
3. 医生诊断说明；
4. 药品及治疗费用票据；
5. 已食用商品的照片、包装、批次信息；
6. 食用时间、食用数量、出现症状的时间记录。

这些材料有助于后续判断商品问题与健康损害之间的关联。平台无法替代医疗机构作出健康诊断，但会基于您提供的凭证协助推动商家或责任方处理相关售后和赔付事宜。

五、建议您现在这样操作

为了尽快保障您的权益，建议您按以下步骤处理：
1. 立即停止食用该商品

请先将受潮、破损、临期的商品单独放置，避免继续食用或与其他食品混放。若商品有异味、发霉、渗漏等情况，请不要再次打开闻嗅或试吃。
2. 拍照和录像留证

请拍摄外包装、内包装、受潮商品、生产日期、保质期、订单信息、快递包装和运单面单。拍摄时尽量保证清晰完整，能看出问题位置、商品数量和批次信息。
3. 在订单中提交售后申请

进入订单页面，选择对应商品发起“退货退款”或“仅退款”申请。问题描述中建议写明：

“收到商品后发现生产日期临近保质期，外包装破损，部分商品受潮无法食用，担心存在食品安全风险，要求退货退款并根据平台规则处理赔付。”
4. 等待商家处理

商家通常需要在平台规定时效内响应。若商家同意退款或退货，请按页面提示操作。若需要退货，请确认退货方式和运费承担方式后再寄回。
5. 商家拒绝或久未处理时申请平台介入

如果商家不同意处理、只给不合理补偿、要求您自行承担运费，或超时未响应，您可以在售后页面申请平台介入。平台会根据您提交的证据进行核实，并协调退款、退货、运费和赔付事项。
6. 如已出现身体不适，优先就医

健康问题请优先处理。就医后保留相关凭证，再补充上传到售后或投诉材料中，便于平台进一步核查。

六、处理时效参考

不同订单、商品类目和售后类型会有差异，但一般可参考以下时效：
1. 售后申请提交后，商家通常需在48小时左右内响应；
2. 商家同意退货后，您按页面要求寄回，退款一般会在商家签收并确认后处理；
3. 平台介入后，通常会在3至5个工作日内根据双方凭证给出处理意见；
4. 如涉及食品安全、健康损害、检测或医疗凭证核实，处理周期可能会延长，平台会根据材料完整度和责任方反馈推进；
5. 如果符合平台售后规则，退款会按原支付路径退回，实际到账时间还会受支付渠道处理速度影响。

食品类商品通常受保质期、储存条件和安全风险影响，建议您尽早提交售后。若商品存在明显质量问题或破损受潮，即使食品类商品一般不适合无理由退货，也不影响您基于质量问题申请售后保障。

七、关于责任归属的判断

您关心的责任问题，一般会从以下几个方向判断：
1. 如果发货时商品已经临近过期且页面未明确告知，可能属于商家履约不当；
2. 如果包装材料不足、防潮措施不当导致受潮，可能属于商家包装责任；
3. 如果快递外箱明显破损、运输途中挤压渗水，可能涉及物流运输责任；
4. 如果商品本身密封失效、内包装破损、出现变质受潮，可能属于商品质量问题；
5. 如果商家已明确标注临期特价且您购买时页面清楚提示，则临期本身需结合页面说明判断，但包装破损和受潮无法食用仍可作为质量问题处理。

无论最终责任由商家、物流还是其他责任方承担，您作为消费者不应承担因商品破损、受潮、无法食用而产生的不合理损失。平台会以订单证据和售后规则为基础，协助您推进处理。

八、您可以获得的保障方向

结合您目前描述的情况，您可以主张以下保障：
1. 对受潮、破损、无法食用的商品申请退款；
2. 对整单食品安全风险较高、无法确认其余商品是否受影响的情况，申请整单退货退款或相应比例退款；
3. 要求责任方承担合理退货运费；
4. 对临期但未明确告知的情况，要求商家说明并按平台规则处理；
5. 如已食用并产生身体不适，提交医疗凭证后申请进一步核实和赔付；
6. 如商家处理不积极，可申请平台介入或投诉商家服务与商品质量问题。

请您放心，您提出的“退货退款、赔偿、健康保障”这几个诉求都可以通过售后申请和平台介入流程逐项处理。建议您尽快在订单中提交售后，并把包装破损、受潮无法食用、生产日期和保质期等证据一次性上传完整，这样更有利于平台快速判断并维护您的权益。"
49,"您好，请您放心，您这种情况即使已经签收，通常仍然可以申请售后处理。包装破损、商品损坏、快递员不承认运输责任，并不代表您就无法维权。平台一般会根据商品破损情况、签收时间、举证材料、商品类型以及物流核实结果来判断责任，并协助您申请退款、退货退款、补发、换货或维修等售后方案。

一、已经签收还能不能申请售后

可以申请。签收只是表示您已收到包裹，并不等于您认可商品完好无损，也不等于放弃售后权利。

尤其是以下情况，建议您尽快提交售后：
1. 外包装有明显破损、挤压、浸湿、开裂、二次封装痕迹。
2. 商品本体出现破裂、变形、漏液、无法正常使用等问题。
3. 配件缺失、内包装破损、保护材料明显受损。
4. 快递员拒绝承认运输问题，或未配合做异常登记。
5. 您签收后才发现商品损坏。

一般建议您在发现问题后尽快申请，最好在签收后24小时内提交凭证；如超过24小时，也仍可申请，但证据越完整，平台核实和处理会越顺利。若商品支持7天无理由退货，也可以在符合条件的情况下申请；如果商品已损坏且疑似运输导致，通常会按“商品破损/物流损坏/收到商品有问题”等售后原因处理。

二、快递员不承认运输问题怎么办

快递员是否承认，不是最终判断依据。平台通常会结合以下材料综合判断：
1. 包裹外包装照片：包括快递面单、箱体四周、破损位置、胶带封口处。
2. 商品损坏照片：尽量拍清楚损坏部位、整体外观、细节特写。
3. 开箱过程证据：如果有开箱视频，会非常有帮助；没有视频，也可以补充连续照片。
4. 包裹与商品同框照片：能证明该损坏商品来自对应订单包裹。
5. 与快递员沟通记录：如电话录音、短信、平台聊天记录、快递员拒绝登记的说明等。
6. 签收时间和发现问题时间：说明您是在签收后何时发现破损的。

如果快递员拒绝承认或拒绝配合，您可以在售后申请中如实备注：“签收后发现包装破损及商品损坏，已联系快递员，但快递员拒绝承认运输异常/拒绝处理。”平台或商家后续可根据情况联系物流公司核实，不需要您单独承担全部沟通压力。

三、建议您立即这样处理
1. 保留所有包装和商品
请先不要丢弃外箱、内衬、泡沫、气泡膜、快递面单、商品配件等。物流破损类售后经常需要核对包装状态，如果包装已丢弃，可能会影响责任判断。
2. 暂停使用商品
如果商品已经损坏，请尽量不要继续安装、使用、清洗、拆修或自行处理。继续使用可能导致损坏扩大，也可能影响售后判断。
3. 拍摄清晰凭证
请拍摄以下内容：
订单商品整体图、损坏细节图、外包装破损图、快递面单图、商品和外箱同框图、内包装受损图。如商品通电异常、漏液、无法使用，也可以拍摄短视频说明问题。
4. 尽快发起售后申请
进入订单页面，选择对应商品，点击“申请售后”或“退款/售后”，售后原因建议选择“商品破损”“收到商品损坏”“物流运输破损”“商品质量问题”等最接近实际情况的选项。问题描述中建议写清楚：签收时间、发现破损时间、外包装情况、商品损坏情况、快递员拒绝承认的情况，以及您的诉求，例如退款、换货、补发或维修。
5. 等待商家或平台审核
一般商家会在您提交售后后的48小时内处理或给出初步意见。若商家未及时处理、拒绝处理或处理方案不合理，您可以继续申请平台介入。平台介入后通常会在3至5个工作日内根据凭证、物流记录和双方说明进行核实处理，复杂情况可能需要更长时间，但会有明确进度反馈。

四、可能的处理结果有哪些

根据商品状态和责任判断，常见处理方式包括：
1. 退货退款
如果商品损坏影响使用，且需要退回，商家或平台可能同意退货退款。请您按照售后页面提供的退货地址和要求寄回，避免私自寄送导致无法识别订单。
2. 仅退款或部分退款
如果商品损坏轻微、不影响主要使用，或者部分配件/外观受损，商家可能与您协商部分退款、补偿或补发配件。是否接受由您根据实际情况判断。
3. 换货或补发
如果商品仍有库存，且您希望继续购买该商品，可以申请换货或补发。换货一般需要先退回损坏商品，商家验收后再发出新商品；补发则可能针对配件缺失、局部损坏等情况。
4. 维修处理
如果商品属于可维修品类，且问题适合维修，商家可能提供维修方案。维修通常需要一定周期，具体以售后审核结果为准。若属于运输导致的新机损坏，您也可以优先提出换货或退货退款诉求。
5. 平台介入判责
如果商家、物流方和您之间对责任存在争议，平台会依据凭证进行判断。快递员口头不承认，不会直接决定结果；关键还是看您提交的证据是否能证明签收时或收货后短时间内发现包装和商品异常。

五、运费由谁承担

运费责任通常要看最终判定原因：
1. 如果核实为物流运输破损、商家包装不当、商品本身质量问题，一般不应由您承担退回运费。您可以申请商家承担运费、提供退货运费补偿，或按照售后页面的寄回方式操作。
2. 如果商品支持运费险，且符合运费险理赔条件，退货完成后可能由运费险赔付部分或全部首重运费。具体赔付金额以实际规则为准。
3. 如果平台或商家要求您先垫付退货运费，请务必保留寄件单号和运费支付凭证，后续可在售后中上传申请补偿。
4. 如果最终判定为买家原因导致损坏，例如签收后人为摔坏、拆装不当、使用不当等，退货运费及损失责任可能需要由买家承担。

您目前描述的是“包装破损且商品损坏”，更倾向于物流或包装环节异常，建议您在申请售后时重点提交外包装破损和商品损坏之间的关联证据。

六、已经签收会不会影响责任判断

会有一定影响，但不是不能处理。因为未签收前发现破损，通常可以直接拒收，物流责任更容易核实；签收后再反馈，平台需要更多证据确认损坏不是签收后人为造成的。

所以请您注意以下几点：
1. 越早申请越好，建议发现后立即提交。
2. 不要丢弃包装，不要自行维修。
3. 尽量提供连续、完整、清晰的图片或视频。
4. 在售后说明中如实写明“签收后发现”，不要隐瞒签收情况。
5. 如快递员拒绝承认，也请写明沟通过程。

只要证据充分，即使已签收，也有机会获得合理售后处理。

七、如果商家拒绝售后怎么办

如果商家以“已签收”“快递不承认”“无法证明运输损坏”为由直接拒绝，您可以这样处理：
1. 在售后页面补充证据，并要求商家说明拒绝依据。
2. 与商家沟通时明确您的诉求，例如“商品到货即损坏，外包装破损，请协助退货退款/换货，并承担运费”。
3. 如果商家仍不处理或处理不合理，您可以申请平台介入。
4. 平台介入后，请按要求补充凭证，保持包装和商品原状，等待核实。
5. 如平台需要物流红章证明、异常证明或快递核实记录，您可以配合提交，但快递员不配合时，也可以向平台说明实际情况，由平台协助核实。

八、给您的申请描述参考

您可以在售后说明中这样写：

“本人已收到该订单商品，签收后开箱发现外包装存在破损/挤压痕迹，商品本体出现损坏，影响正常使用。已联系配送快递员反馈运输异常，但快递员拒绝承认运输问题。现保留完整外包装、快递面单、内包装及损坏商品，并已上传相关照片/视频凭证。请商家协助按物流破损/到货损坏处理，申请退货退款/换货/补发，并请承担因此产生的退回运费。”

您可以根据自己的实际诉求，把最后一句改成“申请退款”“申请换货”或“申请补发”。

九、温馨提醒

请您尽快在订单售后入口提交申请，并把包装破损、商品损坏、快递面单和沟通情况一次性上传完整。请您放心，快递员单方面拒绝承认并不会直接导致售后失败，平台会结合凭证和物流信息进行综合判断。只要您能证明商品是在收货时或收货后短时间内发现异常，并且保留了原包装和损坏商品，仍然可以正常申请售后并争取合理处理。"
50,"您好，请您放心，这种情况可以按“收费争议”和“安装造成损坏”两个问题一起处理。您可以先保留证据，再通过订单售后或平台客服发起投诉/售后申请，平台会根据商品页面承诺、安装服务规则、收费标准和现场情况协助核实，并要求商家、安装服务商或责任方给出处理方案。

一、关于额外配件费是否合理

大家电安装通常会分为“基础安装免费”和“额外材料收费”两部分。也就是说，安装服务本身如果承诺免费，安装人员一般不能再收取上门费、人工费、基础安装费；但如果现场确实需要额外配件、加长管线、支架、阀门、插座改造、打孔、辅材等，可能会产生材料费或特殊施工费。

您可以重点核对以下几点：
1. 查看商品页面、订单详情、安装服务说明
看是否写明“免费安装”“基础安装免费”“材料费另计”“以安装收费标准为准”等内容。如果页面明确承诺免费安装，但没有说明该项配件需要收费，可以作为申诉依据。
2. 要求安装人员出示收费标准
合规收费通常应有明确的价目表或平台/品牌官方收费标准。安装人员不能口头随意报价，也不能以不付款就不安装、私下转账等方式强制收费。
3. 核实配件是否确实必要
如果配件是安装必需且您家现场条件确实超出免费安装范围，费用可能需要您承担；但如果属于基础安装应包含的材料，或安装人员未说明用途、未征得同意就收费，您可以要求退还或重新核实。
4. 保留付款凭证
如果您已经支付了配件费，请保留支付记录、收据、聊天记录、收费清单、配件照片。若是私下收款，也请截图保留收款方信息和金额，便于平台核查。

二、关于安装不规范导致家电轻微损坏

安装人员在上门服务过程中操作不规范并造成商品损坏的，建议您尽快发起售后或投诉，由平台协调商家、品牌售后或安装服务商判断责任。若核实确为安装服务原因导致，通常可以要求维修、换新、补偿、退还相关费用，具体以损坏程度、商品状态和责任认定结果为准。

建议您立即做好以下证据留存：
1. 拍摄损坏部位
拍清楚家电整体、损坏位置、近距离细节、安装后的状态，最好从多个角度拍摄。如果有划痕、变形、破损、松动、漏水、异响等，也要尽量拍摄视频。
2. 保留安装前后对比
如果您有安装前照片、开箱视频、验货记录，可以一并提交，用于证明损坏是在安装过程中或安装后出现的。
3. 记录安装人员信息
包括上门时间、人员姓名或工号、联系电话、服务单号、安装单据、沟通记录等。请不要自行与安装人员争执，后续交由平台或商家核实更稳妥。
4. 暂停继续使用或自行拆修
如果损坏可能影响使用安全，例如电器外壳破损、线路异常、固定不稳、漏水漏电等，建议先停止使用，等待官方售后检测。自行拆修可能影响责任认定。

三、建议您按以下流程处理
1. 第一步：进入订单申请售后或联系平台客服
在对应订单中选择“申请售后”“安装服务问题”“投诉商家/服务商”等入口，说明两个核心问题：安装人员要求额外收费、安装操作不规范导致家电损坏。
2. 第二步：提交完整证据
建议提交商品页面免费安装承诺截图、收费截图或收据、付款凭证、安装人员沟通记录、损坏照片或视频、安装服务单、现场收费标准照片等。证据越完整，平台核实越快。
3. 第三步：明确您的诉求
您可以同时提出以下诉求：
退还不合理收取的配件费或人工费；
对损坏部位进行免费维修或更换；
如影响正常使用，要求换货或退货；
对安装人员不规范操作进行投诉处理；
如因二次上门产生等待或误工影响，可申请合理补偿，由平台核实后协调。
4. 第四步：等待平台核实
一般情况下，平台或商家会在48小时内受理并联系您补充材料或安排核查。涉及安装责任、损坏鉴定、品牌售后检测的，可能需要3-5个工作日给出初步方案；如需上门检测或配件维修，处理周期可能会根据当地服务能力、配件库存和预约时间有所延长。
5. 第五步：必要时申请平台介入
如果商家、安装服务商或安装人员拒绝处理，或一直要求您自行承担费用，您可以在售后单中申请平台介入。平台会根据订单承诺、安装收费规则、付款凭证、检测结果和双方举证情况进行协调处理。

四、关于运费、上门费和二次安装费用

请您放心，如果经核实是安装人员操作不规范造成损坏，通常不应由您承担因此产生的维修费、检测费、二次上门费、重新安装费等合理费用。若需要换货或退货，因责任方原因产生的物流费用，一般也应由商家、品牌方或安装服务方承担。

但如果经核实配件费属于您家现场环境导致的必要增项，例如安装位置特殊、管线需要加长、需要额外支架或耗材，并且收费符合公开标准且已提前告知，这部分费用可能需要您承担。关键在于是否有明确收费依据、是否事先征得您同意、收费项目是否真实使用、金额是否符合标准。

五、关于7天无理由和大家电特殊情况

如果商品本身支持7天无理由退货，且商品、包装、附件、赠品等符合退货条件，您可以在规定时效内申请。但大家电通常涉及安装、使用、拆卸、运输和二次销售影响，是否支持无理由退货需要以商品页面和平台规则为准。

如果是因为安装不规范导致损坏，不建议仅按“7天无理由”处理，而应优先选择“安装服务问题”或“商品损坏/质量问题”售后原因。这样更有利于厘清责任，并避免因商品已安装、外观受损而影响无理由退货判断。

六、您现在可以这样描述问题

您可以在售后申请中写明：

“该订单购买的大家电页面承诺免费安装，但安装人员上门后要求额外收取配件费/安装相关费用，未能提供清晰收费依据或收费标准。同时安装过程中操作不规范，导致商品出现轻微损坏。现申请平台核实收费是否合理，并要求对损坏进行免费维修/换新/补偿，同时处理安装人员不规范服务问题。”

同时上传相关照片、视频和支付凭证即可。

七、处理期间的注意事项
1. 不建议继续私下付款
后续如有任何费用，请先要求对方提供官方收费标准和明细，并尽量通过平台认可的方式支付，避免维权困难。
2. 不建议自行找第三方维修
在责任未确认前，自行维修可能导致损坏原因难以认定。建议等待平台或品牌官方售后检测。
3. 注意售后时效
请尽快在订单售后期限内提交申请。一般越早提交，越容易核实现场情况。若已超过普通售后入口时效，也可以通过平台客服发起服务投诉或争议处理。
4. 保持电话畅通
后续可能会有商家、品牌售后、安装服务商或平台客服联系您核实情况、预约二次上门或安排检测，请留意接听并保存沟通记录。

总的来说，您的情况应当同时处理“疑似不合理收费”和“安装造成损坏”两个问题。只要您能提供页面承诺、收费凭证、损坏照片视频和安装沟通记录，平台一般会协助核实责任。若确认安装人员违规收费或操作不当，您可以要求退还不合理费用，并由责任方承担维修、换货、二次上门或相应补偿。"
51,"您好，请您放心，质保期内商品出现质量问题，一般应按照商品质保政策提供免费检测、免费维修服务；如果确认为非人为损坏、非使用不当、非私自拆修等原因导致的质量故障，维修过程中必须更换的配件通常也应包含在质保维修范围内，不应另行收取配件费。您目前遇到的情况涉及两个问题：一是质保期内被要求支付配件费，二是维修时间已超过承诺的7天。建议您按以下方式处理。

一、先确认是否符合免费质保条件

您可以先核对以下几个关键条件，方便后续与商家或平台沟通时更清楚：
1. 商品是否仍在质保期内
以订单购买时间、签收时间、发票或保修凭证上的保修起算时间为准。若页面、保修卡或售后政策承诺质保期限，您可以截图保存。
2. 故障是否属于质量问题
如果检测结果显示是产品本身质量问题、正常使用下发生故障，通常应按质保免费处理。
3. 是否存在可能影响免费质保的情形
例如人为损坏、进水、摔裂、私自拆修、使用不当、超过质保期、配件属于耗材且售后政策明确不保等。
如果维修人员仅口头说“需要收费”，但没有明确检测报告或收费依据，您可以要求其提供书面或系统内的检测结论。
4. 配件是否属于质保范围
如果该配件是因质量故障必须更换的核心部件，且未在售后政策中明确列为不保配件，您可以要求免费更换。
如果商家认为该配件不属于免费保修范围，应当说明具体依据，例如售后条款、检测结果、故障原因，而不能只简单告知“要收费”。

二、关于质保期内收取配件费，您可以这样处理

建议您先不要急于支付配件费，除非商家已经提供了明确、合理、可核验的收费依据。您可以按以下步骤沟通：
1. 要求维修方提供检测报告
您可以要求维修人员或商家说明：
故障原因是什么；
是否属于人为损坏；
为什么质保期内仍需收费；
需要更换的配件名称、价格、收费依据；
是否有平台订单对应的售后记录或检测凭证。
2. 要求商家按质保政策免费维修
您可以明确告知商家：商品仍在质保期内，故障是在正常使用中出现的质量问题，如无证据证明属于人为损坏或不在保修范围内，请按质保承诺免费维修并免费更换必要配件。
3. 保存所有沟通证据
建议保存以下材料：
订单截图；
商品页面或售后政策截图；
质保说明、保修卡、发票或购买凭证；
寄回维修的物流单号和签收时间；
售后申请记录；
维修人员要求收费的聊天记录、短信、电话录音摘要或系统通知；
承诺7天完成维修的页面截图或客服承诺记录。
4. 不认可收费时，可以申请平台介入
如果商家坚持收费但无法提供合理依据，您可以在订单售后页面发起或补充售后说明，选择“商家要求不合理收费”“质保期内拒绝免费维修”等相关原因，提交证据后申请平台客服介入处理。

三、关于维修超过承诺7天，您可以要求商家给出明确处理时限

维修时间已经超过承诺的7天，您可以要求商家说明延迟原因，并给出新的明确完成时间。一般建议这样处理：
1. 要求商家明确当前维修进度
包括是否已检测、是否等待配件、是否已经维修、预计何时寄回。
2. 要求商家按承诺时效履约
如果售后页面、商家客服或维修承诺明确写明“7天内完成维修”，超过时效后，商家应给出合理解释，并尽快处理。您可以要求其在48小时内给出明确方案，例如免费维修完成并寄回、换新、退货退款或其他合理补救方式。
3. 若商家长期拖延，可申请升级处理
如果商家超过7天后仍无法确认完成时间，或反复要求您付费才继续维修，您可以申请平台介入，要求平台督促商家在限定时间内处理。平台通常会根据订单、售后记录、物流签收时间、维修承诺和双方举证来判断责任。
4. 如因商家原因造成延误，可要求合理补救
如果延误是商家或维修方原因导致，例如未及时检测、配件调配不及时、处理流程拖延等，您可以要求其优先维修、加急寄回，或根据平台规则和售后政策申请相应补偿、换货或退款处理。具体能否补偿、补偿形式和金额，需要以平台规则及实际责任认定为准。

四、建议您按这个流程操作
1. 先联系商家售后，要求书面说明
请商家在售后页面或聊天记录中明确回复：为什么质保期内要收配件费、故障原因是什么、是否有人为损坏证据、维修预计何时完成。
2. 要求暂停收费维修确认
在争议未明确前，建议您告知商家不要在未经您确认的情况下进行收费维修，也不要擅自退回商品，以免后续责任不清。
3. 补充售后凭证
在售后申请中上传订单凭证、质保说明、寄修物流、维修超时记录、收费通知等证据。
4. 申请平台客服介入
如果商家在48小时内仍未给出合理解释，或仍坚持收费，建议您直接申请平台介入。平台会根据质保政策、检测结果、沟通记录和物流时间判断是否应免费维修，以及是否存在超时处理责任。
5. 要求明确最终方案
您可以向平台提出清晰诉求：
质保期内质量问题免费维修；
不承担不合理配件费；
因维修超过承诺7天，要求商家尽快完成维修并寄回；
如无法在合理时间内修复，申请换货、退货退款或其他平台认可的补救方案。

五、沟通时可以这样表述

您可以复制或参考以下内容发送给商家或平台客服：

“您好，我购买的商品仍在质保期内，正常使用过程中出现质量问题，已按要求寄回维修。目前维修人员告知需要更换配件并收取配件费，但未提供明确检测报告或说明该故障属于人为损坏/不在保修范围内。根据质保承诺，质保期内质量问题应免费维修并更换必要配件。同时，维修处理时间已超过此前承诺的7天，请尽快核实并给出处理方案。我要求：1. 提供完整检测结果和收费依据；2. 如属于质量问题，请免费维修并免收配件费；3. 对已超时维修给出明确完成时间，并尽快寄回；4. 如无法及时修复，请按平台售后规则安排换货、退款或其他合理解决方案。”

六、可能的处理结果

根据实际核实情况，通常会有以下几种处理结果：
1. 确认为质量问题且在质保范围内
商家应免费维修，必要配件免费更换，并尽快寄回商品。
2. 商家能证明属于人为损坏或不在保修范围
商家可以提供收费维修方案，但应提前告知费用明细，经您同意后再维修。您也可以选择不维修并要求寄回。
3. 商家无法提供收费依据却坚持收费
您可以申请平台介入，要求平台依据质保规则判定，通常会重点看商家是否有检测报告、照片、视频、条款依据等证据。
4. 维修明显超时且仍无法完成
您可以要求商家给出新的履约期限；若仍无法处理，可申请平台协助换货、退款或其他补救，具体以商品状态、售后政策及平台判责为准。

七、特别提醒

请您尽量在平台订单售后入口内沟通，避免只通过电话或外部渠道沟通。平台内的聊天记录、售后记录和物流记录更容易作为处理依据。对于配件费，在责任未明确前不建议直接付款；如果已经付款，也请保留付款凭证、收费明细和对方说明，后续可以一并提交平台核查是否应退还。

总的来说，您的核心处理方向是：要求商家提供收费依据和检测结论；如果确认为质保期内质量问题，坚持要求免费维修及免费更换必要配件；针对超过7天承诺时效的问题，要求商家在48小时内给出明确进度和解决方案；若沟通无果，及时申请平台客服介入处理。请您放心，只要证据完整、商品确实符合质保条件，平台一般会依据售后规则协助您维护合理权益。"
52,"您好，请您放心，这种情况建议先不要直接让检修人员把设备拉走，而是按平台售后流程做好“故障确认、返仓维修授权、运输责任确认、交接留痕、维修时效跟进”几个关键步骤。大型设备价值较高、搬运风险也更大，您可以按以下方式处理，最大程度保障您的权益。

一、先确认是否必须返仓维修

检修人员上门后判断无法现场修复时，您可以要求对方当场说明并记录以下内容：
1. 设备当前故障现象
例如无法启动、异响、漏液、报错、功能失效、部件损坏等。
2. 无法现场修复的原因
例如需要专用检测设备、需要拆机检修、需要更换大型部件、现场不具备维修条件、存在安全风险等。
3. 是否属于保修范围
请确认设备是否仍在保修期内，故障是否属于非人为质量问题。如果是保修期内的质量问题，一般应按售后政策免费维修；如果涉及人为损坏、进水、私自拆修、超保等情况，可能会产生检测费、维修费或运输费，需平台或售后方提前告知并经您确认。
4. 返仓维修的必要性
建议让检修人员在售后工单中写明“需返仓检测/维修”的原因，并上传现场照片、检测结论或视频凭证。您也可以自行拍照录像留存，避免后续对故障状态产生争议。

如果检修人员只是口头说明，您可以要求其通过平台售后工单补充说明后再安排拉回，避免后续无法追溯。

二、不要私下交付设备，务必走平台售后流程

大型设备返仓维修建议通过您购买订单中的售后入口申请或继续补充售后工单，不建议私下交给个人处理。正确流程一般为：
1. 在订单售后页面选择维修或售后服务
说明“上门检修后无法现场修复，需要返仓维修”，并上传现场检修记录、故障照片、视频等材料。
2. 等待平台或商家确认返仓方案
包括由谁安排搬运、使用什么物流或服务商、运输费用由谁承担、维修点或仓库如何接收、是否需要拆卸包装等。
3. 确认费用责任
如果属于保修期内非人为质量问题，通常维修费用应由商家或售后方承担；运输费用也应按售后政策由责任方承担。
如果经检测属于人为损坏、超保或非质量问题，可能需要您承担部分或全部费用，但相关费用应先告知您，不能在您未确认的情况下直接维修收费。
4. 确认返仓交接时间
大型设备通常需要预约搬运人员或物流上门，建议您要求平台或商家明确预计上门取件时间，一般售后审核或方案确认可能需要24至48小时，具体以订单售后页面通知为准。
5. 设备返仓后检测维修
设备到仓后，售后方一般会进行检测并给出维修方案。常见检测反馈时间为收货后3至5个工作日内；若需要订购配件或复杂维修，时间可能延长，但应向您说明原因和预计完成时间。

三、关于“维修时间不确定”，您可以要求明确阶段性时效

检修人员说维修时间不确定时，您可以要求售后方给出至少以下几个时间节点，而不是只接受笼统说法：
1. 取件或搬运时间
例如售后方案确认后多久安排上门拉回，一般可要求在24至48小时内给出安排。
2. 到仓检测时间
设备被拉回后，应有物流或交接记录。到仓后通常应在3至5个工作日内完成初步检测并反馈结果。
3. 维修方案确认时间
如果检测后需要更换配件或产生费用，应先向您说明故障原因、维修项目、费用明细、预计维修周期，并取得您的确认。
4. 配件等待时间
如果需要订购配件，售后方应说明配件预计到货时间。若长期缺件，您可以要求平台介入协调，例如更换同等配件、提供替代方案、延长保修说明，或根据售后政策协商换货、退货、补偿等方案。
5. 完成维修及返还时间
维修完成后应安排测试、打包、发回和安装调试。大型设备返还可能比普通商品更慢，建议要求售后方在工单中写明预计维修完成时间和返还安排。

如果对方一直无法给出任何节点，您可以在平台售后工单中申请客服介入，要求商家或售后方提供明确处理方案。

四、关于拉回过程中损坏，建议提前做好交接和责任确认

您担心运输途中损坏是非常合理的。大型设备返仓前，请重点做好以下保护措施：
1. 拍照录像留证
在设备被搬走前，请拍摄设备整体外观、铭牌序列号、各角度细节、已有划痕或损伤位置、配件数量、包装状态、搬运过程等。建议视频连续拍摄，能清楚展示设备被交接前的状态。
2. 填写交接单或在工单备注
交接时应确认设备名称、型号、序列号、外观状态、随机器件、附件数量、是否带电源线、遥控器、工具、说明书等。
如果没有纸质交接单，也建议要求检修人员或物流人员在平台工单、短信记录或聊天记录中确认“设备由售后安排取回，取回时外观状态如图，后续运输及仓储过程中造成的新增损坏由承运方或责任方承担”。
3. 明确运输责任
如果是平台、商家或官方售后安排的取件运输，且您按要求完成交接，运输途中产生的新损坏一般不应由您承担。
如果是您自行找物流寄回，运输风险和举证难度会更高，因此大型设备不建议自行寄送，除非平台明确要求且提供包装、保价、运输方式等指引。
4. 要求专业包装和搬运
大型设备返仓应使用合适的包装、固定、防震、防倾倒措施。若原包装还在，建议优先使用原包装；如果原包装已丢失，应要求售后或物流方提供适合大型设备运输的保护方案。搬运时如需拆卸部件，也应记录拆卸前后状态。
5. 保留物流或取件凭证
包括取件单号、交接单、搬运人员信息、取件时间、平台工单编号、聊天记录等。后续如果发生磕碰、变形、部件丢失，可以作为责任认定依据。

五、如果返仓后发现新增损坏，应如何处理

如果设备返仓维修或返还时出现了新的外观损伤、功能异常、配件缺失，建议您按以下步骤处理：
1. 第一时间拍照录像
收到返还设备时不要急于签收确认正常。先检查外包装是否破损、设备是否有新增划痕、凹陷、断裂、变形，配件是否齐全，开机测试是否正常。
2. 在签收或验收时注明异常
如果现场可备注，请注明“外包装破损”“设备有新增损伤”“需进一步售后确认”等，不建议直接确认完好。
3. 立即联系平台客服或售后工单
提交返仓前照片、交接记录、返还时照片、物流信息等，要求核实损坏发生环节并承担相应维修、更换或赔偿责任。
4. 要求平台介入判责
如果商家、维修方、物流方互相推诿，您可以申请平台介入。平台通常会根据取件前证据、交接记录、物流轨迹、仓库检测记录、返还验收证据综合判断责任。

六、关于费用承担，您可以这样理解
1. 保修期内非人为质量问题
通常维修费用应由商家或售后方承担。若返仓维修是因质量问题且由官方售后安排，运输、检测、维修相关费用一般也应按售后政策由责任方承担。
2. 超出保修期或人为原因
如果经检测为人为损坏、使用不当、私自拆修、外力撞击、进水、耗材磨损等，可能需要您承担维修费、配件费、运输费或检测费。但售后方应先出具检测结果和报价，经您确认后再维修。
3. 运输途中新增损坏
如果运输由平台、商家或其指定服务商安排，并且您交接前设备状态证据完整，运输途中新增损坏通常应由对应责任方处理，您不应无故承担。
4. 未经确认的收费
对于未提前告知、未经您确认的费用，您可以要求暂停处理并申请平台介入核实。

七、建议您现在可以这样做

您可以先在售后工单或与客服沟通时明确提出以下诉求：
1. 要求上门检修人员补充书面检测结论，说明为何无法现场修复。
2. 要求平台或商家确认返仓维修方案，包括取件方式、运输责任、费用承担和预计时效。
3. 要求在设备拉回前完成外观、配件、序列号、故障状态的拍照录像及交接确认。
4. 要求给出维修阶段节点，例如取件时间、到仓检测时间、维修方案反馈时间、预计修复时间。
5. 如果维修时间长期无法明确，要求平台介入协调，给出继续维修、换货、退货或其他合理补偿方案。
6. 明确说明如运输、仓储、维修过程中出现新增损坏或配件缺失，应由对应责任方承担。

八、沟通话术参考

您可以这样向平台客服或商家说明：

“您好，我的设备已安排上门检修，但检修人员表示无法现场修复，需要拉回仓库维修。由于设备属于大型设备，价值较高，我需要先确认返仓维修的正式方案。请协助在售后工单中明确故障检测结论、无法现场维修的原因、取件搬运方式、运输责任、费用承担、到仓检测时效、预计维修周期和返还安排。设备取走前我会拍照录像并确认外观、配件和序列号，如运输或维修过程中出现新增损坏、配件缺失，请由责任方承担处理。若暂时无法确认维修周期，也请给出阶段性反馈时间，并协助平台介入跟进。”

请您放心，只要您全程通过平台售后流程处理，并在设备拉回前做好证据留存和交接确认，后续无论是维修时效、费用争议，还是运输损坏责任，都会更容易核实和维护您的权益。建议您不要接受口头承诺，关键内容尽量都让对方写入平台工单或聊天记录中。"
53,"您好，请您放心，如果您在试用期间发现商品出现故障，且经判断并非人为操作、外力损坏或使用不当导致，一般可以申请售后处理；至于是否可以延长试用期限，需要结合商品试用规则、故障处理进度以及商家或平台审核结果来确认。下面为您详细说明。

一、试用期间商品出现非人为故障，可以申请售后吗

可以的。试用商品在试用期内如果出现质量问题、功能故障、无法正常使用等情况，您可以及时发起售后申请，并提供相关凭证。平台或商家会根据商品状态、故障原因、试用规则以及售后政策进行审核。

一般需要满足以下前提：
1. 商品仍在试用期或售后保障期内。
2. 故障并非人为造成，例如未发生摔落、进水、私自拆修、改装、错误安装、超范围使用等情况。
3. 商品主体、配件、包装、赠品等尽量保持完整，便于售后判断。
4. 您能提供故障说明、照片、视频或检测结果等凭证。
5. 商品本身支持试用期售后，且未违反试用活动规则。

建议您发现故障后尽快申请处理，不要继续长时间使用故障商品，以免故障扩大后影响责任判断。

二、故障商品能否更换

如果确认属于商品本身质量问题，通常可以申请更换、维修或退货，具体以商品类目、试用活动规则和售后审核结果为准。

常见处理方式如下：
1. 支持换货的情况
如果商品经核实存在非人为质量故障，且商品仍有库存、符合换货条件，一般可以为您安排更换同款或同规格商品。换货通常需要您先寄回故障商品，商家或平台收到并核验后再寄出 replacement 商品。
2. 无法换货的情况
如果商品缺货、停产、试用商品不支持换货，或经检测不符合换货条件，可能会为您提供维修、退回试用资格、取消试用订单、退款或其他补偿方案，具体以审核结果为准。
3. 需要检测确认的情况
部分数码、电器、家居设备、个护电器等商品，故障原因可能需要检测确认。商家或平台可能会要求您寄回检测，或提供更清晰的视频凭证。检测后如果确认非人为故障，会按质量问题处理；如果检测为人为损坏或不符合售后条件，则可能无法免费更换。

三、是否可以延长试用期限

试用期限是否可以延长，通常不能直接保证，需要提交申请后由平台或商家审核。因为试用活动一般会有固定的开始时间、结束时间、报告提交时间或归还时间。但如果商品在试用期间发生非人为故障，导致您无法正常体验商品，平台或商家通常会结合实际情况酌情处理。

可能出现以下几种结果：
1. 同意延长试用期
如果故障确实影响您正常试用，且责任不在您，平台或商家可能会根据维修、换货、物流往返等耗时，为您适当延长试用期限。延长期限通常会从新商品签收、维修完成返还、或售后处理完成后重新计算，具体以审核通知为准。
2. 不延长但调整考核或提交时间
有些试用活动的系统期限固定，无法直接修改试用结束日期，但平台可能会备注异常情况，调整试用报告提交要求、归还时间或审核标准，避免因故障影响您的试用权益。
3. 不支持延长
如果活动规则明确不支持延期，或商品故障经核实与使用方式有关，或者您未在规定时间内反馈问题，则可能无法延长试用期。

所以，您可以申请延长，但是否通过需要以平台或商家审核为准。建议您在申请售后时同步说明：“商品试用期间出现非人为故障，影响正常体验，希望根据售后处理时间延长试用期限。”这样便于客服一次性记录您的两个诉求。

四、运费由谁承担

如果最终确认是商品本身质量问题、非人为故障，一般退换货或检测产生的合理运费应由商家或平台承担，具体可能有以下方式：
1. 提供上门取件或寄回方式。
2. 您先行垫付寄回运费，审核通过后退还合理运费。
3. 使用平台指定退货物流方式，避免因运费标准不一致影响报销。

如果检测后认定为人为损坏、使用不当、配件缺失、超出售后范围等情况，运费可能需要由您承担。因此建议您在寄回前先与客服确认退回地址、物流方式、是否需要保价、是否支持到付等事项。请不要自行寄到不确定地址，以免影响处理时效。

五、建议您按以下流程处理
1. 先保留故障证据
请拍摄商品外观、故障现象、开机或使用过程、报错提示、配件状态等照片或视频。视频尽量连续清晰，能体现商品无法正常使用的情况。
2. 查看试用规则
进入订单或试用活动页面，查看试用期限、售后条件、是否支持换货、是否支持延期、报告提交要求等说明。
3. 发起售后申请
在订单页面选择售后服务，按照页面提示选择“质量问题”“商品故障”“换货”或相近原因，并上传凭证。若页面没有合适选项，可以先选择最接近的售后类型，并在说明中写清楚故障原因和延期诉求。
4. 同步联系在线客服
建议您同时联系平台或商家客服，说明以下信息：商品在试用期间出现故障、故障不是人为造成、希望更换商品、希望因故障影响试用而延长试用期限。
5. 等待审核
售后申请提交后，一般会在48小时内完成初步审核或给出处理意见。若需要补充凭证，请您按要求及时上传，以免影响审核进度。
6. 寄回检测或换货
如需寄回商品，请按客服或售后页面提供的要求操作。商家收到商品后，通常会在3-5个工作日内完成核验；如涉及专业检测，时效可能会适当延长。
7. 确认换货和延期结果
审核通过后，若支持换货，会安排补发或更换；若支持延期，会以售后页面、客服记录或系统通知为准。建议您保留客服沟通记录，后续如试用报告或归还期限受影响，可作为说明依据。

六、需要注意的事项
1. 请尽快反馈故障，不建议等到试用期快结束再申请，以免影响延期或换货判断。
2. 在售后处理期间，请妥善保管商品、配件、包装、说明书、赠品等。
3. 不建议自行拆修、找第三方维修或改装商品，否则可能影响非人为故障的认定。
4. 如果商品存在安全隐患，例如发热异常、冒烟、异味、漏电、无法关机等，请立即停止使用，并尽快申请售后。
5. 如果平台要求提交试用报告，而商品故障导致无法完整体验，建议在报告或沟通中如实说明故障发生时间、影响范围和售后进度。

七、给您的结论

综合来看，您这种情况可以申请售后处理，也可以同时申请延长试用期限。若经核实商品故障确实不是人为造成，故障商品通常可以按规则申请更换、维修或其他售后方案；试用期限是否延长则需要平台或商家根据活动规则和故障处理情况审核确认。建议您尽快在订单售后页面提交申请，并上传清晰故障凭证，同时在售后说明中明确写上“申请更换故障商品”和“因非人为故障影响试用，申请延长试用期限”这两项诉求。"
54,"您好，非常理解您的感受。您购买商品后才发现只剩15天过期，且下单页面没有标注“临期”、商品包装上也没有明显临期提示，这种情况确实会影响正常使用预期。请您放心，您可以申请退货退款；至于是否可以获得赔偿，需要结合商品类型、页面宣传、实际保质期、商家是否尽到提示义务、是否存在误导销售等情况进一步核实处理。

一、是否可以退货退款

一般情况下，如果商品收到时已属于临期商品，但商家在销售页面未明确标注临期信息，也未在商品包装或发货前以显著方式告知，消费者有权要求平台或商家核实并处理退货退款。

尤其是以下情况，通常更支持退货退款：
1. 下单页面未写明“临期”“特价临期”“短保质期”“清仓不退”等提示。
2. 商品详情页、规格页、结算页、订单备注中均未明确告知剩余保质期。
3. 商品包装外部没有明显临期提示，消费者收货前无法合理判断。
4. 剩余保质期明显偏短，已影响正常使用、食用、储存或赠送需求。
5. 商品属于食品、保健食品、化妆品、母婴用品、宠物食品等对有效期较敏感的品类。

您描述的“还有15天过期”属于剩余有效期较短的情况，如果商家确实没有提前明示，您申请退货退款是有合理依据的。建议您尽快在订单售后入口提交申请，避免超过平台售后时效。

二、是否可以要求赔偿

您可以提出赔偿诉求，但赔偿是否成立以及赔付金额，需要平台根据证据进行判定。

通常会从以下几个方面判断：
1. 商家是否存在未如实告知
如果商品实际为临期商品，但页面未标注，且商家以普通商品价格或普通商品形式销售，可能构成未充分履行告知义务。平台核实后，可能支持退货退款、补偿优惠券、差价补偿或其他形式的处理。
2. 商品是否影响安全或正常使用
如果商品虽未过期，但仅剩15天，且商品本身无法在合理时间内正常使用完，例如大包装食品、保健品、日化用品等，您的退款诉求更容易获得支持。
3. 是否存在虚假宣传或误导
如果页面宣传为“新鲜”“近期生产”“长效期”“保质期充足”等，但实际收到临期商品，商家责任会更明确。您可以截图保存商品详情页相关描述，作为售后依据。
4. 是否造成实际损失
如果您只是收到临期商品，通常优先处理退货退款。如果您已经食用或使用后产生质量问题、身体不适、财产损失等，需要提供相应证明，平台会进一步升级核实。涉及食品安全或人身损害的，处理标准会更严格。

需要说明的是，“赔偿”并不是所有临期商品都会自动按固定倍数赔付，平台通常会先核实商家是否违规、商品是否存在质量问题、是否对消费者造成实际损失。建议您在售后申请中同时写明“因页面未标注临期，收到后仅剩15天过期，要求退货退款并根据平台规则处理商家责任及赔偿”。

三、运费由谁承担

如果核实属于商家未提前告知临期、发出不符合页面描述的商品，一般退货运费应由商家承担，您不应因此额外承担退货成本。

常见处理方式包括：
1. 平台提供退货运费险或上门取件抵扣。
2. 您先行垫付退货运费，商家在退款完成后补偿运费。
3. 平台判定商家责任后，由商家承担退回运费。
4. 如果商品不适宜退回，例如食品已拆封、存在安全风险或退回成本不合理，平台可能根据情况协商仅退款、部分退款或其他方案。

建议您在申请售后时选择接近实际情况的原因，例如“商品与描述不符”“商家未标注临期”“保质期不符合预期”等，并在说明中明确要求商家承担退货运费。

四、建议您准备的证据

为了提高处理效率，建议您先保留以下材料：
1. 商品外包装照片
重点拍清楚生产日期、保质期、有效期至、批号等信息。
2. 商品整体照片
拍摄商品未拆封状态、包装完整情况、数量、外观。
3. 订单截图
包括订单编号、购买时间、商品名称、规格、价格等。
4. 商品详情页截图
重点保存页面是否有临期说明、保质期说明、发货说明、售后规则等。如果页面没有标注，也建议完整截图留存。
5. 包裹或快递面单照片
用于证明收货商品与订单对应。
6. 与商家沟通记录
如果您已经联系过商家，请保留商家承认临期、拒绝退货、要求您承担运费等聊天记录。

这些证据可以帮助平台判断该商品是否存在“未明示临期销售”“与页面描述不符”或“售后处理不当”等问题。

五、处理流程建议

您可以按以下步骤操作：
1. 进入订单售后页面
找到对应订单，选择“申请售后”或“退货退款”。
2. 选择合适的售后原因
建议选择“商品与描述不符”“商品临期未标注”“质量问题”或平台页面中最接近的选项。
3. 填写问题说明
可以写明：
“收到商品后发现仅剩15天过期，下单页面未标注临期，商品包装也无明显临期提示，影响正常使用。现要求退货退款，并请平台核实商家未明示临期销售问题，退货运费由商家承担，同时申请相应赔偿或补偿。”
4. 上传证据图片
上传生产日期、保质期、订单信息、详情页截图、商品包装照片。
5. 等待商家处理
一般商家会在48小时左右进行响应。若商家同意，您按页面提示退回商品或等待退款。
6. 商家拒绝或逾期未处理
如果商家拒绝退货退款、只同意部分退款、要求您自行承担运费，或超过处理时效未响应，您可以申请平台介入。平台通常会根据证据在一定时效内核实，常见处理周期为3至5个工作日，复杂情况可能需要更长时间。
7. 退款到账
退货退款通常在商家确认收货后处理。若平台判定商家责任明确，也可能在审核通过后直接退款。退款到账时间还会受到原支付方式影响，一般为1至7个工作日不等。

六、需要注意的前提条件

为了避免影响售后结果，请您注意以下几点：
1. 尽量不要拆封或继续使用
如果商品还未拆封，建议保持原状。已经拆封的商品也可以申请售后，但处理方式可能会根据商品属性和拆封情况判断。
2. 尽快发起售后
如商品支持7天无理由退货，也建议不要只按“无理由退货”处理，而是明确说明“临期未标注”。因为如果按无理由退货，运费可能会被默认为买家承担；而商家责任导致的退货，运费通常应由商家承担。
3. 食品类商品要特别保留证据
食品、保健品、母婴食品等，如果临期但未明示，平台通常会比较重视。请务必拍清日期信息，不要丢弃包装。
4. 不要私下寄回
请按照平台售后页面生成的退货地址和流程操作，避免商家以“未按流程退货”“无法核实商品”为由影响退款。
5. 如商品已经过期
如果您收到时已经过期，性质会更严重，应选择“质量问题”或“过期商品”，并要求平台优先介入处理。

七、关于“临期商品”的合理告知

临期商品不是绝对不能销售，但商家应当在销售前明确、醒目地告知消费者，例如在商品标题、详情页、规格说明、购买页面或发货前提示中标明“临期”“剩余保质期”“介意慎拍”等。如果商家没有明确提示，却让消费者按普通商品理解并购买，容易构成信息披露不足。

您提到页面未标注、包装也没有提示，这一点是您申请售后的关键。平台核实时，会重点看商家在您下单当时是否已经明示。如果商家事后修改页面，您保留的下单时页面截图就非常重要。

八、可以如何表达赔偿诉求

您可以在售后说明中提出赔偿，但建议表达得清晰、客观，便于平台审核。例如：

“本人购买时页面未标注临期，收到后发现商品仅剩15天过期，且包装无明显临期提示。该情况影响正常使用，属于商家未充分告知或商品与描述不符。现申请退货退款，退货运费由商家承担，并请平台根据规则核实商家责任，给予相应赔偿或补偿。”

这样的表述既说明了事实，也明确了诉求，包括退货退款、运费承担和赔偿处理。

九、综合判断

根据您描述的情况，您可以申请退货退款，而且如果核实商家未提前标注临期，退货运费通常应由商家承担。至于赔偿，您也可以一并提出，平台会结合商品类别、页面描述、剩余保质期、是否影响使用、商家是否存在未明示销售等因素进行判定。

建议您现在尽快提交售后申请，并上传完整证据。如果商家拒绝处理或只同意您自费退货，您可以申请平台介入，请平台核实“临期未标注”和“商品与描述不符”的问题。请您放心，只要证据完整、情况属实，平台会按照售后规则协助您维护合理权益。"
55,"您好，非常抱歉给您带来了不好的购物体验。您反馈的两个问题我们都很重视：一是商品实际颜色为浅红色，与详情页描述的深红色不一致；二是商品存在轻微异味。请您放心，这类情况可以申请售后换货，我们会根据您提供的凭证和商品实际情况协助处理。

一、关于是否可以申请换货

根据您描述的情况，商品存在“实物与详情页描述不一致”的可能，同时还伴随轻微异味。一般来说，只要商品保持基本完好，不影响二次核验，并且仍在售后有效期内，您可以提交换货申请。

建议您优先选择“商品与描述不符”或“质量/气味问题”等相近原因申请售后，并在申请说明中写清楚：
1. 详情页描述为深红色；
2. 实际收到商品为浅红色；
3. 商品有轻微异味；
4. 您希望处理方式为换货，而不是退款。

平台或商家会根据您提交的图片、订单信息、商品状态进行核实。若确认属于发错颜色、页面描述不符、批次差异明显或商品本身存在异常气味，通常会支持换货处理。

二、建议您准备的凭证

为了提高审核效率，建议您在申请换货时上传以下材料：
1. 商品实拍图
请在自然光下拍摄商品整体颜色，尽量避免滤镜、美颜、强光或偏色环境。可以拍摄多张，包括正面、侧面、细节图。
2. 商品与详情页对比图
建议截取详情页中显示“深红色”或展示深红色商品的位置，再上传您收到的浅红色实物照片，方便客服核对差异。
3. 外包装、吊牌、标签照片
如果商品包装、标签、颜色编码、规格型号等信息还在，请一并拍照上传，有助于判断是否发错货或批次差异。
4. 异味情况说明
由于气味无法通过图片直接判断，您可以在售后说明里描述异味类型、是否刚拆封就存在、通风后是否仍明显等情况。若气味较轻，建议先不要清洗、喷香水或自行处理，以免影响售后判断。

三、换货申请流程

您可以按以下流程操作：
1. 进入订单页面
找到对应订单，点击“申请售后”或“退换/售后”。
2. 选择售后类型
选择“换货”。如果页面没有直接的换货入口，可以选择“退货退款”后备注希望换货，或联系平台在线客服协助转为换货处理。
3. 选择原因
建议选择“商品与描述不符”“颜色/规格不符”“质量问题”或与您情况最接近的选项。
4. 填写问题说明
可填写类似内容：
“详情页显示商品为深红色，实际收到为浅红色，与描述不一致；同时拆封后商品有轻微异味。商品未使用，包装及配件保留，现申请换货，请协助处理。”
5. 上传凭证
上传实物照片、详情页截图、包装标签照片等。
6. 等待审核
一般商家会在48小时内处理您的售后申请。若超时未处理，平台通常会介入或提醒商家处理，您也可以通过订单售后页面催促处理。
7. 寄回商品
审核通过后，按照页面提示寄回商品。请注意保留快递单号，方便后续查询。
8. 商家收货并核验
商家收到退回商品后，一般会在3-5个工作日内完成核验。核验通过后，会安排补发换货商品。
9. 等待新商品发出
换货商品发出后，您可以在售后页面查看物流信息。具体到货时间会受收发地址、快递时效和库存情况影响。

四、关于运费由谁承担

您这个情况涉及颜色与详情页描述不一致，同时商品有异味。如果经核实确实属于商家原因，例如发错颜色、商品与页面描述明显不符、商品存在质量或异常气味问题，通常换货产生的合理运费应由商家承担。

常见处理方式有以下几种：
1. 商家提供寄回地址，并承诺收到货后补贴运费；
2. 平台提供上门取件或寄件服务，费用由责任方承担；
3. 您先行垫付寄回运费，售后完成后由商家按规则退还；
4. 若订单本身有运费险，可能优先通过运费险赔付部分或全部退回运费。

建议您在寄回前先确认售后页面的运费承担说明，不要在未确认地址和方式的情况下自行寄回，以免影响运费报销或售后进度。

如果核实后属于非质量问题、非描述不符问题，例如因拍摄光线、显示器色差导致轻微差异，且商品本身无明显异常，运费承担可能会按平台规则或商家售后政策处理。但您目前描述的是“详情页深红色、实物浅红色”且“有异味”，建议按描述不符/质量问题提交，平台会结合凭证判断责任。

五、关于轻微异味的处理说明

商品有轻微异味需要区分具体原因。有些商品由于材质、包装密封、仓储运输等原因，刚拆封时可能会有轻微气味，通风后会减弱；但如果气味明显刺鼻、长时间不散、影响正常使用，或与商品材质不应出现的气味不符，则可能属于商品质量或储存问题。

为了保障您的售后权益，建议您注意以下几点：
1. 不要清洗商品；
2. 不要喷洒香水、除味剂或其他化学用品；
3. 不要长时间使用后再申请；
4. 尽量保持原包装、配件、吊牌、赠品完整；
5. 如有明显气味，可在售后说明中写明“拆封即有异味”。

这样更有利于商家或平台进行核验，也能避免因商品状态变化影响售后判断。

六、换货需要满足的基本条件

一般换货需要满足以下前提：
1. 商品仍在售后有效期内；
2. 商品未明显使用、未人为损坏；
3. 商品主体、配件、赠品、包装、标签等尽量保持完整；
4. 不影响商家对问题进行核验；
5. 定制类、贴身类、易耗类、特殊类商品可能会有额外售后限制，但若确认存在质量问题或描述不符，仍可按平台规则申请处理。

如果您的商品已经使用过，也可以如实提交申请，但审核时会结合使用程度、问题性质和商品类目判断是否支持换货。

七、处理时效说明

通常情况下，售后时效可以参考以下节点：
1. 售后申请审核：一般48小时内处理；
2. 审核通过后寄回：建议您尽快按页面要求寄出；
3. 商家签收后核验：一般3-5个工作日内完成；
4. 换货发出：核验通过且有库存时，通常会尽快安排补发；
5. 若商家超时未处理：您可以在售后页面申请平台介入或联系平台客服协助。

具体时效可能会受到节假日、物流速度、商家仓库处理进度、换货商品库存等因素影响，但您提交售后后，页面一般会显示每个环节的处理期限，请以售后页面展示为准。

八、如果商家拒绝换货怎么办

如果您提交了清晰凭证，但商家认为颜色属于正常色差或不认可异味问题，您可以继续补充证据并申请平台介入。建议您重点补充：
1. 详情页深红色描述或图片截图；
2. 实物浅红色照片；
3. 商品标签、颜色编码或规格信息；
4. 未使用、包装完整的证明；
5. 异味问题的详细文字说明。

平台介入后，会综合订单信息、商品页面描述、双方凭证、售后规则进行判断。若确认属于商家责任，会协助您推进换货、退款或运费处理。

九、给您的建议

建议您现在尽快在订单售后页面提交“换货”申请，并在说明中明确写明“颜色与详情页描述不一致”和“商品有轻微异味”两个问题。同时上传实物图和详情页截图，保留好原包装、吊牌、配件、赠品及快递面单。

请您放心，只要核实属于商品描述不符、发错颜色或商品异常问题，平台会协助您按售后规则处理换货，并对责任方应承担的运费进行相应处理。"
57,"您好，请您放心，这种情况通常仍然可以申请售后。虽然快递员已经离开、没有当场验货，但只要您能提供商品损坏的相关凭证，平台和商家一般都会根据商品损坏原因、签收时间、物流情况、商品类型及售后规则进行核实处理。

一、没有当场验货，还能不能申请售后

可以申请。未当场验货并不代表一定无法售后，但会影响责任核实的效率和证据判断。因此建议您尽快在订单售后入口提交申请，并补充清晰完整的图片或视频材料。

一般情况下，如果您收到商品后发现存在以下情况，都可以发起售后：
1. 商品本身破损、变形、碎裂、漏液、无法正常使用。
2. 外包装有明显挤压、破洞、受潮、污染等物流异常痕迹。
3. 商品与包装内缓冲材料不匹配，疑似运输途中受损。
4. 商品未使用，仅拆箱检查时发现损坏。
5. 商品属于易碎品、家电、家具、数码产品等，收货后发现外观或功能异常。

建议您在签收后尽量于48小时内提交售后申请。越早提交，越有利于平台核实物流和商品状态，也更容易判断是否属于运输损坏或发货前质量问题。

二、建议您先准备这些凭证

为了提高售后通过率，建议您尽快拍摄并保存以下材料：
1. 商品损坏照片
请拍摄商品损坏部位的清晰照片，尽量从多个角度展示破损、裂痕、凹陷、漏液、变形等问题。
2. 外包装照片
包括快递箱、快递袋、包装破损位置、受压痕迹、封口情况、运单面单等。如果外包装已经丢弃，建议您尽快找回；如果确实无法提供，也可以先提交商品损坏凭证，但核实可能会更严格。
3. 内部包装照片
例如泡沫、气泡膜、纸托、固定带、防震材料等，平台会通过这些信息判断是否包装不足或运输途中受损。
4. 拆箱后整体照片
建议拍摄商品、外包装、内包装、快递面单同框照片，便于证明该商品与订单、快递包裹对应。
5. 拆箱视频或使用异常视频
如果您有拆箱视频，请一并上传；如果没有，也可以补拍商品当前状态视频。对于电器、数码、家居等商品，若存在无法开机、功能异常、部件断裂等情况，可以录制短视频说明问题。
6. 快递面单信息
请保留带有物流单号的快递面单，不要随意撕毁或丢弃。后续可能需要核对物流轨迹和包裹信息。

三、您可以按这个流程申请售后
1. 进入订单页面
找到对应订单，点击“申请售后”或“退款/退货退款”等入口。
2. 选择售后原因
可以选择“商品破损”“收到商品损坏”“质量问题”“物流破损”等与实际情况最接近的原因。
3. 填写问题说明
建议说明清楚：收到快递后拆包发现商品损坏，快递员已离开，未能当场验货；商品尚未使用；目前外包装和商品损坏情况如何；希望申请退货退款、换货或补发配件。
4. 上传凭证
按系统提示上传商品损坏照片、外包装照片、内包装照片、视频等。图片越清晰、信息越完整，处理越快。
5. 等待商家审核
商家通常会在48小时左右进行初步审核。若需要进一步核实，可能会要求您补充凭证、提供物流单号照片，或联系快递核查。
6. 平台介入
如果商家拒绝处理，或双方对责任有争议，您可以在售后页面申请平台介入。平台会根据订单、物流轨迹、凭证材料、商品类型和售后规则进行综合判断。

四、关于责任归属怎么判断

这类问题一般会从以下几个方面判断责任：
1. 如果商品未使用且收货后短时间内反馈
通常更容易被认定为到货异常或运输损坏。
2. 如果外包装有明显破损
可能会进一步核实物流运输责任。部分情况下，商家或平台会联系快递公司进行理赔，但这通常不影响您先提交售后申请。
3. 如果外包装完好但商品内部损坏
可能会判断为包装防护不足、商品出库前异常或运输震动造成，需要商家结合发货包装、商品属性和凭证核实。
4. 如果商品已经使用较久后才反馈破损
可能会被要求进一步证明不是人为损坏。因此建议您发现问题后尽快提交，不要继续使用或自行维修。
5. 如果缺少外包装、面单或损坏照片
仍可尝试申请，但审核可能会更依赖现有证据，处理时效也可能延长。

五、关于退换货、补发和运费

处理方式一般有以下几种，具体以售后审核结果为准：
1. 退货退款
如果商品损坏严重、无法正常使用，且符合售后条件，通常可申请退货退款。审核通过后，按页面提示寄回商品，商家验收无误后办理退款。
2. 换货
如果您仍需要该商品，可以申请换货。商家审核通过后，您按要求寄回损坏商品，商家收到并确认后重新发出新商品。一般换货时效会受退回物流和重新发货时间影响，常见处理周期约为3-7天，偏远地区或大件商品可能更久。
3. 补发配件
如果只是某个配件、外壳、零件损坏，不影响主体商品，商家可能会安排补发配件。补发时效通常以商家发货和物流配送时间为准。
4. 运费承担
如果经核实属于商品质量问题、发货问题或运输破损，通常不应由您承担合理退换货运费。若系统要求您先垫付运费，请您保留寄回单号和运费凭证，后续可在售后页面申请退运费或由商家按规则处理。
如果经核实属于人为损坏、使用不当、超过售后期限或不符合退换条件，则可能需要您自行承担相关费用。

六、需要注意的事项
1. 请先不要丢弃商品、包装、配件和快递面单。
这些都是售后核实的重要依据，尤其是物流破损类问题。
2. 请不要自行维修、拆机或改装。
如果擅自维修或拆卸，可能会影响责任判断，也可能影响退换货处理。
3. 请不要继续使用损坏商品。
继续使用可能导致损坏扩大，后续更难判断原始问题状态。
4. 请尽快提交申请。
建议您在发现问题后立即申请售后，最好在签收后48小时内提交凭证。部分商品支持7天无理由退货，但商品损坏问题通常建议按“质量问题”或“到货破损”提交，更利于明确责任和运费承担。
5. 大件、易碎、贵重商品建议保留完整拆箱记录。
如果商品属于家电、家具、陶瓷、玻璃制品、数码产品等，凭证完整度会更重要。

七、如果商家说没有当场验货所以不处理怎么办

请您不要着急。您可以先补充完整凭证，并在售后说明中明确写明：

“收到快递后拆开包装发现商品损坏，快递员已离开，商品未使用，现提供商品损坏照片、外包装照片、快递面单及相关视频，请协助核实处理。”

如果商家仍拒绝，您可以申请平台介入。平台通常不会仅因“未当场验货”就直接否定售后，而是会结合证据、物流情况、商品属性和售后规则综合判断。

八、建议您现在这样做
1. 立即拍照或录像，保留商品、包装、面单和所有配件。
2. 在订单页面尽快申请售后，优先选择“商品破损/到货损坏/质量问题”等原因。
3. 上传多角度凭证，并详细说明快递员已离开、未当场验货的情况。
4. 等待商家在约48小时内审核。
5. 如商家拒绝或处理不合理，申请平台介入。

请您放心，只要商品确实是在收到后发现损坏，并且您能及时提交清晰凭证，通常都是可以进入售后核实流程的。建议您尽快操作，避免因时间过长影响判断和处理效率。"
58,"您好，请您放心，您反馈的“商品功能与详情页描述不一致、详情页标称支持无线充电但实际不支持、续航时间明显短于描述，并要求退货退款及赔偿”的情况，平台会按照商品描述、实际检测结果、交易凭证和相关售后规则来处理。若经核实确实存在商品与页面宣传不符、功能缺失或性能严重不达标的情况，通常可以支持退货退款；如商家存在虚假宣传、误导性描述等责任情形，也可以进一步申请相应赔偿或平台介入处理。

一、关于是否可以退货退款

根据您描述的情况，商品存在两个核心问题：
1. 详情页说明支持无线充电，但实际商品不支持。
2. 商品续航时间比详情页描述短很多，影响正常使用体验。

这类情况不属于单纯“不喜欢、不想要”的普通退货，而是可能涉及“商品描述不符”“功能与宣传不一致”“商品性能不符合约定”等问题。一般处理原则如下：
1. 若商品仍在签收后的7天无理由退货期限内，且商品不影响二次销售，您可以优先申请7天无理由退货退款。
2. 若商品已经拆封、使用，或超过7天无理由期限，但问题属于功能与描述不符，仍可按“商品质量问题/描述不符”申请售后。
3. 若经平台或商家核实商品确实不支持详情页承诺的无线充电功能，通常可以支持退货退款。
4. 若续航严重低于宣传值，建议提供实际使用记录、充电记录、耗电情况截图或视频，平台会结合商品类型、使用环境、检测结果等进行判断。

请您放心，只要您能提供清晰有效的证据，平台会协助核实并推动商家处理，不会让您自行承担不合理损失。

二、关于退货运费由谁承担

如果最终核实是商品本身问题或商家描述不符，一般由责任方承担退货运费。常见处理方式如下：
1. 商品确实与详情页描述不一致，例如页面明确写明支持无线充电，但实际不支持，退货运费通常应由商家承担。
2. 商品存在质量问题或性能不符合宣传，例如续航明显不达标且经核实成立，退货运费通常也应由商家承担。
3. 如果商家要求您先垫付退货运费，建议您保留快递面单、运费支付凭证、物流单号，后续可申请商家补偿运费。
4. 如果双方对责任存在争议，您可以申请平台介入，由平台根据证据判断责任归属。

建议您在退货前不要自行寄回至非系统显示地址，也不要私下转账处理运费，以免影响后续维权。请尽量通过订单售后页面发起申请，并按照系统提示退货。

三、关于是否可以要求赔偿

关于“赔偿”部分，需要根据核实结果和平台规则来判断。一般分为以下几种情况：
1. 若只是普通商品描述错误，但商家积极配合退货退款，平台通常会优先保障您退货退款、运费承担等基础权益。
2. 若商家详情页明确宣传支持无线充电，但实物完全不支持，且该功能影响购买决策，属于较典型的描述不符，您可以在售后中提出赔偿诉求。
3. 若商家存在明显虚假宣传、误导消费、拒不处理、拖延处理等情况，您可以申请平台介入，平台会结合页面描述、聊天记录、商品实物、检测情况等进行判断。
4. 赔偿金额、赔偿形式需以平台规则、商家责任认定及相关法律法规为准，常见处理可能包括退货退款、补偿优惠、运费赔付、差价补偿或其他形式的协商赔付。

需要提醒您的是，赔偿不是只要提出就一定能直接通过，关键在于证据是否能证明商品确实存在描述不符或商家存在过错。建议您把“支持无线充电”的详情页截图、商品实际无法无线充电的视频、续航测试记录等材料准备齐全，这样更有利于平台判断。

四、建议您准备的证据材料

为了提高处理效率，建议您尽快整理以下材料：
1. 商品详情页截图
请截图保留页面中关于“支持无线充电”“续航时间”的描述位置，最好包含商品标题、规格参数、宣传图、详情说明等信息。
2. 订单信息截图
保留订单编号、购买时间、商品规格、付款金额、收货时间等信息，便于核实商品是否与购买页面一致。
3. 无线充电无法使用的视频
建议拍摄完整过程，例如将商品放在正常可用的无线充电设备上，展示无法充电的状态；同时可以拍摄无线充电器给其他支持无线充电设备充电正常的情况，用于证明充电器本身没有问题。
4. 续航异常的记录
可以记录充满电时间、使用开始时间、使用场景、耗电速度、自动关机或电量下降情况。若商品有电量显示、App记录或系统电池记录，也建议截图保存。
5. 与商家的沟通记录
如果您已经联系商家，请保留商家承认页面描述错误、承认不支持无线充电、拒绝处理或处理不合理的聊天记录。
6. 商品外包装及配件照片
拍摄商品整体、型号、序列号、包装参数、说明书、配件等，有助于判断是否发错货、版本不一致或页面参数错误。

五、具体处理流程

您可以按照以下流程操作：
1. 进入订单售后页面
找到对应订单，选择“申请售后”或“退货退款”。
2. 选择售后原因
建议选择“商品与描述不符”“商品功能不符”“质量问题”等更贴合实际情况的原因，不建议简单选择“不想要了”，以免影响责任判断和运费承担。
3. 填写问题说明
可以简明写清楚：详情页标明支持无线充电，但实物不支持；详情页宣传续航时间较长，但实际续航明显偏短；因此要求退货退款，并要求商家承担退货运费及按规则赔偿。
4. 上传证据
上传详情页截图、测试视频、续航记录、聊天记录等。证据越完整，处理越快。
5. 等待商家审核
商家通常会在48小时内处理售后申请。若商家同意，您按系统地址退货即可。
6. 按系统地址寄回商品
请按照售后页面显示的地址寄回，并填写物流单号。建议使用可追踪物流，不要使用无法查询轨迹的寄送方式。
7. 商家收货验收
商家收到退货后，一般会在3至5天内完成验收并处理退款。若验收无误，退款会按原支付路径退回。
8. 如商家拒绝或拖延，可申请平台介入
如果商家拒绝退货退款、不同意承担运费，或不认可描述不符，您可以在售后页面申请平台介入。平台会根据双方证据进行判断，并在一定处理周期内给出结果。

六、关于时效说明

一般售后处理时效可参考以下情况：
1. 售后申请审核：商家通常需在48小时内响应。
2. 退货寄回：建议您在商家同意退货后尽快寄出，并及时填写物流单号。
3. 商家收货验收：通常在签收后3至5天内处理退款。
4. 平台介入处理：如双方争议较大，平台会根据证据复杂程度进行审核，处理时间可能会相对延长。
5. 退款到账：商家确认退款后，一般会按原支付方式退回，具体到账时间以支付渠道处理为准。

如果您的订单仍在7天无理由范围内，但问题又属于描述不符，建议仍按“描述不符/质量问题”提交，这样更便于争取退货运费和相关赔偿。

七、处理期间的注意事项
1. 请先不要自行拆修商品
如果自行拆机、维修或改装，可能会影响商家和平台对问题原因的判断。
2. 请保留商品完整性
建议保留商品本体、包装、配件、说明书、赠品、发票或购买凭证等。退货时通常需要一并寄回。
3. 请不要私下寄回或线下协商
尽量通过平台售后系统操作，避免出现商家不认收、不退款、运费争议等情况。
4. 请重点保存详情页证据
因为详情页内容可能会修改，建议您尽快截图或录屏保存，尤其是涉及无线充电和续航时间的宣传内容。
5. 续航问题需说明使用条件
续航时间往往与使用频率、功能开启情况、环境温度、网络连接、亮度或负载等因素有关。您可以说明自己的实际使用环境，若与详情页宣传场景相近但差距仍然明显，会更有利于判断。

八、建议您提交的售后说明模板

您可以在申请售后时参考以下表述：

“商品详情页明确描述支持无线充电，并宣传续航时间为较长时长。但我收到并实际使用后发现，该商品无法使用无线充电功能，且在正常使用情况下续航时间明显低于详情页描述，已影响正常使用。现认为商品存在功能与描述不符、宣传参数不一致的问题，申请退货退款，并要求商家承担退货运费；同时因商品描述不符影响购买决策，申请按平台规则进行赔偿处理。相关详情页截图、实际测试视频和续航记录已上传，请核实处理。”

九、最终能否支持的判断标准

平台通常会重点看以下几点：
1. 详情页是否明确承诺支持无线充电。
2. 您购买的规格型号是否应包含无线充电功能。
3. 实物是否确实不支持该功能。
4. 续航宣传是否存在明确数值或容易误导的表达。
5. 实际续航差距是否达到明显不合理程度。
6. 是否因使用环境、设置方式或配件不匹配导致续航异常。
7. 商家是否存在页面误导、发错型号、宣传错误或拒不履责等情况。

如果核实结果支持您的描述，退货退款通常是可以争取的；退货运费一般应由商家承担；赔偿部分也可以同步提出，由平台根据责任认定和规则进一步处理。

十、给您的建议

建议您现在尽快在订单页面提交“退货退款”申请，原因选择“商品与描述不符”或“质量问题”，并上传完整证据。若商家在48小时内未处理、拒绝处理，或只同意退款但不承担运费及赔偿，您可以继续申请平台介入。请您放心，只要问题属实且证据充分，平台会协助您维护合理权益。"
64,"使用吹风机的人员需佩戴以下防护装备：
1. 合格的听力防护装备
2. 合格的眼部防护装备。
3. 在多尘环境中操作时佩戴面罩。
4. 防滑鞋底的工作靴或工作鞋
5. 急救箱。

下图展示了使用吹风机时所需的个人防护装备，包括听力防护、眼部防护、多尘环境用面罩、防滑工作靴或工作鞋，以及急救箱。<PIC>,[""Manual04_3""]"
65,"操作吹风机时，人员需要注意这些安全要点：
1. 禁止无关人员及动物进入作业区域，即距操作人员 10 米范围内。
2. 吹风机可能高速喷射物体，物体反弹后可能击中操作人员，易造成严重眼部损伤。
3. 严禁将吹风机喷口对准人或动物。
4. 安装或拆卸配件及其他部件前，必须先关闭发动机。
5. 任何防护装置缺失时，严禁操作吹风机。
6. 严禁在通风不良的空间操作吹风机，避免吸入废气。
7. 加油前必须关闭发动机。
8. 吹风机运行中、停机后及怠速状态下，催化消音器均异常滚烫。注意火灾危险，尤其在易燃材料附近或存在易燃气体环境中操作时。
9. 操作时需小心，尤其是左手操作时。避免身体直接接触排气口区域。
10. 站在梯子或支架上时严禁操作吹风机。"
66,"化油器有三处调节装置：H 为高速油针，L 为低速油针，T 为怠速调节螺钉。下图展示 H、L、T 三个化油器调节位置。
<PIC>
调节时，顺时针旋入 L、H 油针会使空燃比变稀、燃油减少；逆时针旋出会使空燃比变浓、燃油增多。T 螺钉顺时针旋入会提高怠速，逆时针旋出会降低怠速。

基础设置

吹风机出厂测试时，化油器已预设基础参数：H 油针逆时针旋至限位终点，L 油针逆时针旋至限位终点。推荐怠速转速为 3000 转 / 分钟。

注意！请勿拆除 H、L 油针限位装置，拆除后吹风机将不再符合加州空气资源委员会制定的环保要求。

低速油针 L 调节
1. 检查吹风管（15）与喷口（14）已安装到位。
2. 将 H、L 调节螺钉逆时针旋至限位终点。
3. 启动吹风机发动机，怠速与半油门交替运转 1-2 分钟预热。若发动机无法怠速运转，顺时针旋动 T 螺钉直至正常怠速。
4. 调节 T 螺钉，使发动机精准维持怠速，转速不偏高。
5. 微调 L 螺钉，使发动机达到最大怠速转速，然后将 L 螺钉逆时针旋出最多 1/4 圈。
6. 必要时旋动 T 螺钉提升发动机转速。注意！调节 H 油针时，全油门持续时间最长 10 秒，之后需怠速运转至少 10 秒。

高速油针 H 调节
1. 启动吹风机，怠速与半油门交替运转 1-2 分钟预热。
2. 发动机全开油门，调节 H 螺钉直至发动机达到最大转速。
3. 将 H 螺钉逆时针旋 1/8 圈；若限位限制，则小于 1/8 圈。,[""Manual04_42""]"
67,"冷机启动时，先确认检修盖已关闭、未损坏且能正常闭合；装有吸尘管时除外。检修盖未关闭、损坏或无法关闭时，切勿启动吹风机。

这张图展示启动前关于检修盖的安全警告。
<PIC>
1. 点火：将停机开关调至启动位置。
2. 阻风门：将阻风门控制器调至阻风门位置（A），该位置同时为自动启动油门位置。
3. 泵油：反复按压泵油膜片，直到燃油进入膜片；无需完全充满。

这张图展示冷机启动时停机开关、阻风门位置 A 和泵油膜片的操作位置。
<PIC>
4. 左手将设备机身按压在地面；注意，切勿用脚踩压。
5. 右手握紧启动手柄，缓慢拉动启动绳至感受到阻力（启动钩啮合），然后快速用力拉动。
6. 发动机点火后，立即按下阻风门控制器，并重复操作，直到发动机启动。
7. 发动机启动后，迅速全开油门，启动油门会自动解除。

这张图展示将设备按压在地面并拉动启动绳的操作姿势。
<PIC>

注意：切勿完全拉出启动绳；也不要在启动绳完全拉出时松手，以免损坏设备。,[""Manual04_24"", ""Manual04_25"", ""Manual04_28""]"
68,"热机启动时，先按以下步骤操作：
1. 点火：将停机开关调至启动位置。
2. 阻风门：先将阻风门控制器调至阻风门位置，再转回原位（B），仅启用启动油门，不使用阻风门。

下图展示热机启动前阻风门控制器回到原位（B）以及泵油膜片的操作位置。
<PIC>
3. 泵油：反复按压泵油膜片，直到燃油进入膜片；不需要完全充满。
4. 左手将设备机身按压在地面，注意不要用脚踩压。右手握紧启动手柄，缓慢拉动启动绳，直到感受到阻力（启动钩啮合），然后快速用力拉动。

下图展示将设备按压在地面并拉动启动绳的启动姿势。
<PIC>
5. 发动机点火后，立即按下阻风门控制器，并重复操作，直到发动机启动。
6. 发动机启动后，迅速全开油门，启动油门会自动解除。

注意：切勿完全拉出启动绳，也不要在启动绳完全拉出时松手，否则会损坏设备。,[""Manual04_27"", ""Manual04_28""]"
69,"关闭吹风机时，使用停机开关切断点火电源，即可关闭发动机。

停机开关的位置/按下方式如下所示。<PIC>,[""Manual04_29""]"
70,"空调的重要组成部件包括室内机和室外机；具体功能会根据机型有所调整。

室内机包括进风、前格栅、滤网、出风和导风相关部件；操作指示灯的数量及位置可能因空调型号而异。下方图片展示室内机的主要部件位置。
<PIC>

室外机包括进风、出风、底座以及连接管线相关部件。下方图片展示室外机的主要部件位置。
<PIC>,[""Manual01_0"", ""Manual01_1""]"
71,"空调遥控器的主要按键在遥控器的控制面板区域；附加功能的按键位于遥控器盖板下方。部分功能可能因机型不同而不支持。

这张图展示了无线遥控器的显示屏、控制面板以及各按键位置，可按图上的遥控器布局查找对应按键。
<PIC>,[""air_conditioner_01""]"
72,"使用遥控器前，请先安装 7 号电池。
1. 取下电池盖。遥控器背面取下电池盖的操作如下。
<PIC>
2. 装入新电池，确保电池正、负极安装正确。电池仓内按正负极方向装入 7 号电池的方式如下。
<PIC>
3. 重新装上电池盖。

注：若遥控器显示屏开始变暗，请更换电池。,[""Manual01_2"", ""Manual01_3""]"
73,"将支架安装在无阳光直射的位置，以保护遥控器。
1. 选择安全且便于取用的位置。
2. 用螺丝刀将两颗螺丝拧紧，固定支架。下图展示用螺丝刀固定遥控器支架的方式。
<PIC>
3. 将遥控器滑入支架中。下图展示遥控器沿方向滑入墙面支架。
<PIC>,[""Manual01_4"", ""Manual01_5""]"
74,"快速调节室内温度可使用“极速制冷 / 制热模式”：夏季可快速冷却室内空气，冬季可快速提升室内温度。
1. 按下开 / 关键开启电源。
2. 按下极速键。

开启后，显示界面会出现强风风量条、温度计图标和“Po”标识。
<PIC>
该画面表示已进入极速模式。

• 极速制冷模式下，空调将以 18 摄氏度的温度强风出风 30 分钟。

• 极速制热模式下，空调将以 30 摄氏度的温度强风出风 30 分钟。

注：循环、自动或自动转换模式下，无法使用此功能。部分机型不支持此功能。,[""Manual01_16""]"
75,"自清洁运行可在制冷和除湿运行时，用于去除室内机内部产生的水汽。
1. 按下自清洁键，显示屏上会显示自清洁标识。

遥控器显示屏会出现自清洁相关标识，表示该功能已启动。<PIC>

如果关闭电源，风扇将继续运行 30 分钟，对室内机内部进行清洁。

注：自清洁功能运行时，部分按键无法使用。,[""Manual01_17""]"
76,"等离子净化运行可通过等离子滤网去除吸入空气中的微小污染物，输送洁净清新的空气。
1. 按下开 / 关键开启电源。
2. 按下等离子键，显示屏上会显示等离子标识。

显示屏出现等离子标识时，表示等离子净化功能已开启。<PIC>

注：
・无需开启空调，直接按下等离子键即可使用该功能。
・等离子净化功能运行时，等离子灯和制冷灯将同时亮起。
・部分机型不支持此功能。,[""Manual01_18""]"
77,"自动运行（人工智能模式）下，单冷型空调会根据室内温度自动调节风扇转速和温度。
1. 按下开 / 关键开启电源。
2. 反复按下模式键，选择自动运行模式。
3. 如果当前温度高于或低于所需温度，按下上升 / 下降键选择所需的运行代码。

遥控器显示 AI 和运行代码，用于确认已进入自动运行模式并选择对应代码。
<PIC>

注：此模式下无法调节风扇转速，但可以设置导风板自动摆风。部分机型不支持此功能。,[""Manual01_19""]"
78,"自动转换运行会自动切换运行模式，并将设定温度的波动控制在 2 摄氏度以内。
1. 按下开 / 关键开启电源。
2. 反复按下模式键，选择自动转换运行模式，显示屏上会显示对应标识。显示屏会显示自动转换运行的标识和设定温度。<PIC>
3. 按下上升 / 下降键设置所需温度，温度调节范围为 18 摄氏度（64 华氏度）-30 摄氏度（86 华氏度）。
4. 反复按下风速键选择风扇转速。

注：部分机型不支持此功能。,[""Manual01_20""]"
79,"节能制冷模式可最大限度降低制冷时的耗电量，并将设定温度调节至最适宜的水平，打造更舒适的环境。
1. 按下开 / 关键开启电源。
2. 反复按下模式键，选择制冷模式。
3. 按下节能键，显示屏上会显示节能标识。

屏幕会显示制冷模式下已开启节能功能的状态。<PIC>

注：部分机型不支持此功能。,[""Manual01_21""]"
80,"遥控器无法使用时，可通过室内机上的开 / 关键操作空调，此时风扇转速默认设为高速。
1. 打开前盖板，轻轻掀起盖板两侧即可。下方画面展示从两侧掀起室内机前盖板的位置和方向。<PIC>

功能会根据机型有所调整。
2. 按下开 / 关键。下方画面标出打开前盖后，机身上的 ON/OFF 开 / 关键位置。<PIC>

功能会根据机型有所调整。

冷暖型机型的运行模式会根据室内温度自动切换。下方画面展示不同室内温度对应的自动运行模式和设定温度。<PIC>

单冷型机型的温度将默认设为 22 摄氏度（71.6 华氏度）。,[""Manual01_22"", ""Manual01_23"", ""Manual01_24""]"
81,"空调自动重启功能为工厂默认设置。停电后再次开启空调时，该功能可恢复之前的运行设置。

如需重新开启自动重启功能：
1. 打开前盖板，轻轻掀起盖板两侧即可。下图展示从两侧掀起室内机前盖板的操作。
<PIC>
功能会根据机型有所调整。
2. 按住开 / 关键 6 秒钟，设备会发出两声蜂鸣，蓝色指示灯闪烁 4 次，即表示自动重启功能重新开启。下图展示打开前盖后按住机身开 / 关键的位置。
<PIC>
功能会根据机型有所调整。

注意：若按住开 / 关键 3-5 秒而不是 6 秒，空调会进入测试运行模式；该模式下空调会以强风制冷 18 分钟，之后恢复为工厂默认设置。,[""Manual01_25"", ""Manual01_26""]"
82,"不同型号可能配备的滤网不同，部分配件可能因机型不同而未配备。清洁周期表展示了空气滤网、3M 多重防护滤网和等离子滤网的清洁间隔。<PIC>

空气滤网：建议每两周清洁一次，必要时可增加清洁频率。

3M 多重防护滤网：清洁周期为 1 个月。

等离子滤网：清洁周期为 3 个月；部分机型可能未配备等离子滤网。

进行任何维护操作前，请关闭电源并拔下电源线，否则可能导致触电。清洁滤网时，切勿使用 40 摄氏度以上的热水，以免造成滤网变形或变色；也切勿使用挥发性物质，以免损坏产品表面。,[""Manual01_28""]"
83,"清洁前先关闭电源并拔下电源线，否则可能导致触电。清洁滤网时，切勿使用 40 摄氏度以上的热水，以免造成滤网变形或变色；也切勿使用挥发性物质，以免损坏产品表面。

空气滤网建议每两周清洁一次，必要时可增加清洁频率。下面这张图展示空气滤网的清洁周期位置说明。
<PIC>
1. 关闭电源并拔下电源线。
2. 打开前盖板，轻轻掀起盖板两侧即可。下面这张图展示前盖板从两侧掀起打开的方式。
<PIC>

功能会根据机型有所调整。
3. 握住空气滤网的把手，轻轻向上提起，将其从机身中取出。下面这张图展示握住滤网把手并向上提起、取出空气滤网的方向。
<PIC>

功能会根据机型有所调整。
4. 用吸尘器清理滤网，或用温水冲洗；若滤网污垢较难清理，可在温水中加入洗涤剂清洗。
5. 将滤网置于阴凉处晾干。,[""Manual01_28"", ""Manual01_29"", ""Manual01_30""]"
84,"清洁 3M 多重防护滤网

功能会根据机型有所调整。滤网位置和形状可能因机型不同而有所差异。

这张示意展示了 3M 多重防护滤网、等离子滤网和空气滤网在室内机内的大致位置。
<PIC>
1. 关闭电源并拔下电源线。
2. 打开前盖板，取出空气滤网（详见“清洁空气滤网”）。
3. 抽出 3M 多重防护滤网。

这张示意展示了打开前盖后抽出 3M 多重防护滤网的操作。
<PIC>
4. 用吸尘器清理滤网污垢，切勿用水清洗 3M 多重防护滤网，以免造成滤网损坏。,[""Manual01_27"", ""Manual01_31""]"
85,"清洁等离子滤网：
1. 关闭电源并拔下电源线。
2. 打开前盖板，取出空气滤网（详见“清洁空气滤网”）。
3. 在 10 秒内取下等离子滤网。

这张图展示打开前盖后取下等离子滤网的操作位置。
<PIC>
功能会根据机型有所调整。
4. 用吸尘器清理滤网污垢；若污垢较难清理，可用温水冲洗。
5. 将滤网置于阴凉处晾干。

注：滤网的位置可能因机型不同而有所差异。部分机型可能未配备等离子滤网。,[""Manual01_32""]"
86,"快速组装无需专用工具。
1. 将主机身固定扣（部件 15）从主机身（部件 7）背部取下。
2. 将主机身底部滑入旋转拖头（部件 18）颈部。

下图展示主机身底部插入旋转拖头颈部时的对位位置。
<PIC>

图中主机身与旋转拖头背部的孔位已用白色标注以便识别。
3. 确保旋转拖头颈部背部的孔位与主机身孔位对齐。
4. 将主机身固定扣（部件 15）插入主机身背部孔位，将两部分锁紧。

下图展示固定扣插入孔位后锁紧主机身与旋转拖头。
<PIC>
5. 将手柄杆（部件 4）插入主机身（部件 7），直至听到咔嗒声到位。

下图展示手柄杆插入主机身的方向和位置。
<PIC>,[""Manual05_3"", ""Manual05_4"", ""Manual05_5""]"
87,"实用产品功能

水箱（部件 9）：位于手持蒸汽器（部件 13）顶部。可使用蒸馏水或去离子水替代自来水。

警告：蒸汽清洁机不可添加任何化学药剂。水箱无水时切勿使用。

水过滤器：位于水箱（部件 9）后方，可过滤自来水中的矿物质及杂质，防止水垢损坏机器。为延长过滤器寿命，建议使用蒸馏水。

就绪指示灯：位于手持蒸汽器（部件 13）手柄处。水转化为蒸汽、机器可使用时，指示灯亮起。

开关（部件 2 与部件 11）：按下即可出蒸汽。

旋转拖头（部件 18）：可清洁狭小空间及橱柜下方。

拖布（部件 16）：吸水纤维拖布可吸附蒸汽松动的污垢。拖布可重复使用、机洗。

快速上手使用
1. 安装拖布：按下拖布释放扣（部件 17）拉开挡板，再装入拖布（部件 16）。

下方示意按下拖布释放扣、打开挡板并装入拖布的操作。
<PIC>
2. 加水：可使用配套量杯向水箱加水；也可按下水箱解锁扣（部件 10），取下水箱后在水槽加水。

下方示意使用量杯加水，以及取下水箱后加水的两种方式。
<PIC>
3. 展开并接通电源：顺时针旋转快速收线扣，将电源线完全展开，然后插入 120V 接地插座。
4. 等待就绪：蒸汽拖把就绪后，就绪指示灯亮起。
5. 清洁硬质地面前，先扫地或吸尘。清洁时缓慢移动机器，同时按下开关出蒸汽。
6. 如需对区域消毒，将蒸汽拖把置于该区域至少 15 秒，但不超过 20 秒。
7. 不出蒸汽时，拔掉电源、取下水箱加水后继续清洁。

警告：水箱无水时机器会发出异常声响。此时请关闭机器、拔掉电源并加水。水箱长期无水使用会损坏机器。为保护机器，内置温控器会在过热时自动停机。切勿加入除垢剂、芳香剂、酒精或洗涤剂，以免损坏机器或造成危险。

注：首次使用时，机器可能需数秒才出蒸汽。水需通过过滤器流入加热器。该延迟仅首次使用出现。,[""Manual05_6"", ""Manual05_7""]"
88,"硬质地面清洁适用于瓷砖、Vinyl 地板、复合地板、大理石、石材及封边木地板。打蜡或部分未打蜡地板使用后可能降低光泽度；不可用于未封边木地板。为达到最佳效果，先在不显眼处测试，或查阅地板厂家保养说明。
1. 蒸汽清洁前，请先扫地或吸尘。
2. 清洁时缓慢移动机器，同时按下开关出蒸汽。
3. 如需对某一区域消毒，将蒸汽拖把置于该区域至少 15 秒，但不要超过 20 秒。
4. 如果不出蒸汽，先拔掉电源，取下水箱加水，然后继续清洁。

注：首次使用时，机器可能需要数秒才会出蒸汽，因为水需要通过过滤器流入加热器；这种延迟仅首次使用时出现。"
89,"组装前需要检查各类配件。配件清单集中展示了椅背、座垫、底座、扶手、气杆、底盘、脚踏、连接件、脚轮等组装用部件，以及对应螺丝配件。

这张图展示了人体工学椅的配件与螺丝清单，用于组装前核对部件是否齐全。<PIC>,[""Manual02_0""]"
90,"大多数情况下，扶手使用一段时间后变松，是因为扶手和椅背的螺丝在使用过程中松动了。

重新拧紧相关螺丝即可解决问题。"
91,"这款椅子支持三项功能：高度调节、椅背后仰锁定、腰枕按摩。

高度调节

向上拉起 “升降” 拉杆即可调节椅子高度，到达所需高度后松开 “升降” 拉杆。

这张图展示椅子通过升降拉杆调节座椅高度的效果。
<PIC>

调节高度时请将身体微微抬离座椅。

这张图展示向上拉起椅座下方 “升降” 拉杆的操作。
<PIC>

椅背后仰功能

向上拉起 “后仰” 拉杆，椅背角度可随人体动作独立倾斜。

这张图展示椅背随人体动作后仰的状态。
<PIC>

向下按下 “后仰” 拉杆，椅背角度即可锁定。将椅背复位至正常位置时请靠在椅背上，否则椅背可能会快速回弹。

这张图展示 “后仰” 拉杆向上拉起或向下按下的操作。
<PIC>

按摩功能

插入 USB 即可启用腰枕的按摩功能。

这张图展示腰枕按摩功能通过连接 USB 电源启用。
<PIC>,[""Manual02_11"", ""Manual02_12"", ""Manual02_13"", ""Manual02_14"", ""Manual02_15""]"
92,"洗碗机的部件包括：
1. 台式（视型号而定）
2. 上层喷淋臂
3. 下层碗篮
4. 下层喷淋臂
5. 过滤器
6. 控制面板
7. 机门
8. 洗涤剂盒
9. 下层喷淋臂槽
10. 餐具篮
11. 专用盐箱盖
12. 上层篮导轨
13. 带支架的上层碗篮
14. 风扇烘干系统（视型号而定）

这张图展示了洗碗机打开机门后的整体部件位置和编号标注。
<PIC>,[""Dish_washer_08""]"
93,"首次连接排水口时，将排水管直接接到排水孔或水槽排水口。

排水连接高度应保持在距地面最小 50 厘米、最大 100 厘米的范围内。下图展示排水管连接高度和接口位置要求。
<PIC>

排水管长度超过 4 米会导致洗涤不干净。连接时要将排水管平直接入排水管，不得弯折，并牢固固定排水管，防止洗碗机工作时脱落。

排水管必须连接到污水系统，不得连接到地表水。,[""Manual06_2""]"
94,"使用前请添加洗碗机专用软化盐，建议使用颗粒或粉末状软化盐。不要使用食盐等含不溶物的盐，否则软水系统性能会逐渐下降。启动产品时盐箱会进水，因此应在启动机器前添加软化盐。
1. 先取出下层碗篮，以便添加软化盐。
2. 逆时针旋转盐箱盖打开（A、B）。

下图展示盐箱盖的逆时针打开方式。
<PIC>
打开盐箱盖后即可进行首次注水或加盐。
3. 首次使用前，向软水系统注入 1 升水（C）。

下图展示首次使用前向盐箱注入水的位置。
<PIC>
首次加盐前需要先完成这一步注水。
4. 使用盐斗向盐箱加盐（D）。为加速盐的溶解，可用勺子搅拌。

下图展示使用盐斗向盐箱加入专用软化盐的方式。
<PIC>
加盐时注意将盐倒入盐箱内。
5. 盐箱约可装入 2 公斤软化盐。盐箱加满后，盖上盖子并拧紧。
6. 若加盐后不立即启动洗涤程序，请空载运行最短程序，溶解并冲散机器内散落的盐。

由于不同品牌盐的颗粒大小不同，且水硬度可能存在差异，盐在水中的溶解可能需要数小时。因此，加盐后盐量指示灯可能仍会亮一段时间。,[""Dish_washer_01"", ""Dish_washer_02"", ""Dish_washer_03""]"
95,"只能使用洗碗机专用洗涤剂；可使用粉末或块状洗涤剂。请参考程序表按所选程序确定用量，不要向洗涤剂盒中加入溶剂，以免发生爆炸危险。应在即将运行机器前加入洗涤剂。
1. 向右推动卡扣，打开洗涤剂盒盖（A）。

下图展示向右推动洗涤剂盒卡扣（A）打开盒盖的操作位置。
<PIC>
2. 向洗涤剂盒中加入建议量的粉末洗涤剂。洗涤剂盒内有刻度标记，装满容量为 40cm³。根据机器装载量和 / 或餐具脏污程度，将洗涤剂加至 15cm³ 或 25cm³ 刻度线（1）。如果餐具放置时间较长且残渣已干涸，可同时加满 5cm³ 小格（5）。

下图展示洗涤剂盒内的 15cm³、25cm³ 刻度以及 5cm³ 小格位置。
<PIC>
3. 轻轻按下关闭洗涤剂盒盖，听到咔嗒声表示已关紧。

使用块状洗涤剂时，如果选择带预洗的高温程序，请确保洗涤剂盒盖紧闭。无预洗的短程序建议使用粉末洗涤剂，因为块状洗涤剂的溶解度会随温度和时间变化。粉末洗涤剂用量过多可能无法完全溶解，并在玻璃器皿上留下划痕。,[""Manual06_4"", ""Manual06_5""]"
96,"使用块状洗涤剂时，可将洗涤块放入洗涤剂盒。

这张图展示的是把块状洗涤剂放入洗涤剂盒的位置和方式。
<PIC>

使用洗涤块时，请遵守洗涤剂生产商包装上的说明；包装说明会注明洗涤块在洗碗机中的合适放置位置，例如洗涤剂盒或碗篮等。

洗涤块仅在特定使用条件下效果理想。洗碗机的最佳洗涤效果需单独使用洗涤剂、亮碟剂和软水盐。,[""Manual06_6""]"
97,"亮碟剂可提高烘干效率，并防止洗涤后的餐具上留下水渍或水垢。请确保亮碟剂盒中有亮碟剂，并且只使用洗碗机专用亮碟剂。

先查看亮碟剂指示灯（3）：指示灯常亮表示亮碟剂盒内充足；如果指示灯熄灭，就需要添加亮碟剂。
1. 按下卡扣打开亮碟剂盒盖（B）。

这张图展示了亮碟剂指示灯位置以及按下卡扣打开亮碟剂盒盖（B）的操作。
<PIC>
2. 向盒内加注亮碟剂，直到 MAX 刻度线。
3. 轻轻按下并关闭盒盖。擦净溢出的亮碟剂。意外溢出的亮碟剂会产生泡沫，最终降低洗涤效果。
4. 将亮碟剂剂量调节旋钮手动调到 1-6 之间的位置（4）。若洗涤后餐具上有污渍，需调高剂量；若用手擦后有蓝色痕迹，则调低剂量。出厂默认设置为 4。

这张图展示了将亮碟剂剂量调节旋钮调至 1-6 档位的操作。
<PIC>,[""Manual06_7"", ""Manual06_8""]"
98,"不适合在洗碗机中清洗的物品：
1. 沾有烟灰、蜡烛残渣、抛光剂、染料、化学品等的餐具，切勿放入洗碗机清洗。
2. 铁制器具请勿放入洗碗机清洗，以免生锈或在其他物品上留下污渍。
3. 带有木质或骨质手柄、黏合部件、不耐热部件的银质餐具和刀具，不适合放入洗碗机清洗。
4. 铜制容器和镀锡容器请勿放入洗碗机清洗。
5. 带装饰花纹的瓷器、铝制器具和银质器具，在洗碗机中清洗后可能会褪色或失去光泽。
6. 某些精致玻璃和水晶可能会逐渐失去光泽，也不建议放入洗碗机清洗。

购买餐具时，建议确认该餐具是否适合洗碗机清洗。"
99,"餐具篮属于“视型号而定”的配置；如果您的洗碗机型号配有餐具篮，它用于更干净地清洗叉、勺等餐具。

下图展示餐具篮本体及上部网格件在篮体上的位置。<PIC>

手册未给出更详细的分型号安装步骤。,[""Manual06_12""]"
100,"可折叠下层篮架丝为视型号而定的功能。下层碗篮上有两根可折叠架丝，可更方便地放置锅、碗等大件物品。

您可以单独折叠其中一根，也可以同时折叠两根，以腾出更大的摆放空间。操作时，按下卡扣（A），即可放下折叠架丝。

下图展示了下层碗篮中的两根可折叠架丝（1、2）以及用于放下架丝的卡扣（A）。
<PIC>,[""Manual06_13""]"
101,"满载时可通过上层篮的碗篮调节机构上下调节高度，无需将碗篮取出；这样可按需要在机器上层或下层创造更大空间。该功能视型号而定。

升高碗篮：
1. 抓住上层篮一侧架丝（左或右）向上提起（A）。

这张图展示抓住上层篮一侧架丝并向上提起的位置与动作。
<PIC>
2. 在另一侧重复相同操作。
3. 确保碗篮高度调节机构两侧处于同一水平（高或低）。

降低碗篮：
1. 按下碗篮调节机构上的卡扣降低碗篮（B）。

这张图展示按下碗篮调节机构卡扣以降低上层篮的位置与动作。
<PIC>
2. 在另一侧重复相同操作。
3. 确保碗篮高度调节机构两侧处于同一水平（高或低）。,[""Manual06_14"", ""Manual06_15""]"
102,"进水管上的滤网用于防止市政供水或自备水系统中的杂质（沙、污垢、铁锈等）损坏机器。应定期检查滤网和水管，必要时清洁。
1. 关闭水龙头并拆下水管。
2. 取出滤网后，在自来水下清洁。
3. 将清洁后的滤网装回水管原位。
4. 将水管装回水龙头。"
103,"为保证机器高效运行，至少每周清洁一次喷淋臂。
1. 检查上层喷淋臂（2）上的孔是否堵塞。
2. 如果孔堵塞，需要拆下并清洁喷淋臂。
3. 拆卸时，向左旋转螺母，取下上层喷淋臂（C、D）。

这张图展示了上层喷淋臂（2）的位置，以及向左旋转螺母后拆下喷淋臂的动作。
<PIC>
4. 清洁后重新安装上层喷淋臂，安装时确保螺母拧紧。,[""Manual06_24""]"
104,"拆除滤网塑料包装前，务必先拔下设备插头。新产品内置一体式滤网，使用前必须拆除滤网上的塑料包装。滤网塑料包装拆除后无法退货；请将塑料包装远离儿童，以防窒息。
1. 双手握住设备上盖并向上拉起。

这张图展示双手向上拉起空气净化器上盖的操作位置。
<PIC>
2. 握住背部滤网盖把手并向前拉出。

这张图展示从设备背部滤网盖位置向前拉出滤网盖。
<PIC>
3. 拆除滤网上的塑料包装。未拆除包装会产生异响，滤网无法正常工作，且可能引发火灾或损坏设备。

这张图展示圆筒形滤网上的透明塑料包装正在被揭开拆除。
<PIC>
4. 将滤网上下推入设备，确保滤网贴合紧密。

这张图展示双手将滤网推入设备内部的安装方向。
<PIC>
5. 装回滤网盖。先将盖子插入设备底部固定卡槽。向前滑动盖子，使其卡入顶部卡槽。

这张图展示滤网盖底部固定卡槽和顶部卡槽的安装位置。
<PIC>
6. 双手握住设备上盖并滑回原位，确保标识朝前。

这张图展示将设备上盖滑回原位的操作。
<PIC>
7. 滤网安装完成后，长按控制面板上的睡眠 + 自动键 5 秒以上进行初始化。重置后红色滤网指示灯将熄灭。,[""Manual03_0"", ""Manual03_1"", ""Manual03_2"", ""Manual03_3"", ""Manual03_4"", ""Manual03_5""]"
105,"脚轮安装（可选）
1. 空气净化器包装盒内有一小盒，内含 4 个脚轮和 8 颗螺丝。若滤盒内无脚轮盒，请联系客服。
2. 用螺丝刀拆下空气净化器底部四个底座。
3. 每个脚轮用两颗螺丝替换原底座。
4. 保留拆下的底座和螺丝以备后续使用。"
106,"空气净化器的运行模式主要包括常规运行、自动运行、涡轮风扇运行和睡眠运行。开机时传感器会初始化，初始化期间显示屏会显示相应状态。

常规运行

按下启动键开机，显示屏会显示上次选择的运行模式。然后按控制面板上的上键或下键选择所需风速，风速可在 1 档（F1）至 18 档（F18）之间调节。

这张图展示常规运行时显示屏显示 PM2.5 数值的状态。
<PIC>

自动运行

自动模式会根据室内空气质量自动调节风速。按下开机键启动后，显示屏会显示上次选择的运行模式；按下自动键选择自动模式。每次按下自动键，可在自动运行和常规运行之间切换。

智能自动运行期间无法手动调节风速。VOC 传感器会检测室内空气质量，设备会自动调节风速，以提供更洁净的空气。

这张图展示自动模式下显示屏出现 AUTO 状态的界面。
<PIC>

涡轮风扇运行

涡轮模式用于更快净化室内空气。先按下相应按键开机并选择常规运行模式，然后同时长按控制面板上的上键和下键 3 秒，即可设置涡轮风扇运行。

这张图展示涡轮风扇运行时的显示状态。
<PIC>

按下控制面板下键后，风速会调至 18 档，涡轮风扇运行停止。即使切换至其他运行模式或停止当前运行，返回常规运行后仍可再次启动涡轮风扇运行。

睡眠运行
1. 睡眠模式下设备正常运行，但显示屏会熄灭，避免干扰睡眠。先按下开机键开机。
2. 按下控制面板上的睡眠键选择睡眠模式。睡眠模式下，除月亮图标外，整个显示屏熄灭；默认风速设为 1 档。
3. 按控制面板上的上键或下键选择风速，风速可在 1 档（F1）至 18 档（F18）之间调节。
4. 睡眠模式下再次按下睡眠键，会恢复之前的运行模式。关机后睡眠模式将取消。

这张图展示睡眠模式下显示屏熄灭、仅保留月亮图标的状态。
<PIC>,[""Manual03_14"", ""Manual03_15"", ""Manual03_16"", ""Manual03_17""]"
107,"室内空气质量（IAQ）指示灯用于实时查看室内空气质量。它以灯光形式环绕显示屏外缘，设备会根据检测到的细颗粒物浓度显示空气质量；传感器检测室内空气质量后，通过四种不同颜色显示空气状态。

空气质量状态如下图所示，用颜色区分不同空气质量等级。
<PIC>

在室外空气可进入的环境，例如门口、通风口、窗户等，室内空气质量可能显示为更清洁的等级。室内空气质量指示灯可能对部分颗粒物无反应，读数也可能与其他空气质量检测设备不同。,[""Manual03_20""]"
108,"清洁设备内外前，务必先拔下电源插头。请勿在通电状态下清洁，以免导致触电或故障。清洁时使用柔软干布及温和清洁剂。
1. 清洁外壳：用温水或温和清洁剂浸湿的布擦拭净化器外壳，再用软布擦干。
2. 清洁内部滤网仓：打开背部滤网盖并取出滤网。用吸尘器和湿毛巾清洁滤网仓内部。
3. 清洁频率：为保证最佳效果，每月清洁 1-2 次净化器及预过滤网；灰尘较多的地区建议增加清洁频率。"
109,"滤网清洁：
1. 若滤网过脏，请直接更换。滤网污染程度会因使用环境和运行时长而异，清洁时间也应相应调整。
2. 更换滤网期间，可用吸尘器或软刷清洁预过滤网。切勿用水清洗滤网。"
110,"更换滤网
1. 需更换滤网时，滤网更换指示灯会亮起红色。滤网一般每 6-12 个月更换一次，寿命取决于使用环境。

控制面板上的小网格状位置是滤网更换指示灯。
<PIC>
2. 操作前拔下设备插头。双手握住设备上盖并向上拉起。

这张示意显示双手向上拉起设备上盖。
<PIC>
3. 握住背部滤网盖把手并向前拉出。

这张示意显示从背部滤网盖孔位向前拉出滤网盖。
<PIC>
4. 取出需要更换的滤网。装入新滤网前，拆除滤网上的塑料包装。未拆除包装会产生异响，滤网无法正常工作，且可能引发火灾或损坏设备。

这张示意显示拆除圆筒滤网上的塑料包装。
<PIC>
5. 将滤网上下推入设备，确保滤网贴合紧密。

这张示意显示双手将滤网推入设备内部。
<PIC>
6. 装回滤网盖。先将盖子插入设备底部固定卡槽，再向前滑动盖子，使其卡入顶部卡槽。

这张示意显示滤网盖底部固定卡槽和顶部卡槽的装回方向。
<PIC>
7. 双手握住设备上盖并滑回原位，确保标识朝前。

这张示意显示将设备上盖滑回原位。
<PIC>
8. 更换滤网后，长按控制面板上的睡眠 + 自动键 5 秒以上重置指示灯。重置后红色滤网指示灯将熄灭。

更换期间可用吸尘器或软刷清洁预过滤网。切勿用水清洗滤网。,[""Manual03_21"", ""Manual03_0"", ""Manual03_1"", ""Manual03_2"", ""Manual03_3"", ""Manual03_4"", ""Manual03_5""]"
111,"1. 双手握住设备上盖并向上拉起。

这张图展示了双手向上取下设备上盖的操作。
<PIC>
2. 握住背部滤网盖把手并向前拉出。

这张图展示了从设备背部的滤网盖孔位置向前拉出滤网盖。
<PIC>
3. 拆下设备右侧灰尘传感器盖。

这张图展示了设备右侧灰尘传感器盖的位置。
<PIC>
4. 用蘸少量水的棉签擦拭灰尘传感器镜头和进风口，再用干净干棉签彻底擦干。

这张图展示了用棉签清洁灰尘传感器镜头的位置。
<PIC>
5. 装回灰尘传感器盖。装回滤网盖。将设备上盖标识朝前装回。

请勿使用丙酮、酒精等强腐蚀性化学试剂擦拭传感器部件，以免损坏镜头。,[""Manual03_22"", ""Manual03_23"", ""Manual03_24"", ""Manual03_25""]"
112,"长期存放：
1. 晴天运行设备 1 小时，然后拔下电源插头，晾干设备内部。
2. 遮盖设备，并存放在干燥、无阳光直射的地方。"
113,"技术规格

机身上的序列号位置和产品规格标签位置可通过整机标注查看。
<PIC>

设备外形尺寸示意显示：高度 141 cm（55.6”）、长度 105 cm（41.3”）、宽度 54 cm（21.4”）。
<PIC>

最大使用者重量：136 千克（300 磅）

设备总占地面积：5670 平方厘米

机器重量：26.5 千克（58.4 磅）

电源要求：工作电压 220V–240V 交流电，50Hz；工作电流 0.4A。

认证标准：交流电源适配器符合 CE 认证。本产品符合固定式健身器材 EN ISO 20957 国际标准，S 级。
<PIC>,[""Manual14_0"", ""Manual14_1"", ""Manual14_2""]"
114,"启动前先穿橡胶底运动鞋，并穿适合运动、活动自如的衣物。

座椅调节

正确的座椅位置可提升运动效率与舒适度，并降低受伤风险。
1. 将脚踏板转到前位，脚掌中心对准脚踏板中心。膝盖应保持微弯。
2. 如果腿部过直或脚无法踩到脚踏板，将立式单车座椅调低；如果膝盖弯曲过度，将座椅调高。调节座椅前请先下车。松开并拉出座管上的调节旋钮，将座椅调至所需高度，松开旋钮使锁销卡入。确保锁销完全卡入并拧紧旋钮。

下图展示座管调节旋钮的位置，以及调节座椅高度的方式。
<PIC>
请勿将座管调节到高于管上的限位标记（STOP）。

脚部姿势/脚踏绑带调节

带绑带的脚踏板可提供稳固支撑。
1. 将脚掌中心放在脚踏板上。
2. 转动脚踏板至可触及位置。
3. 将绑带固定在鞋面上。

下图展示脚掌放在脚踏板上并固定脚踏绑带的方式。
<PIC>
4. 另一侧脚重复操作。确保脚尖和膝盖朝前，以保证最佳踩踏效率。脚踏绑带可保持原位以备下次使用。,[""Manual14_24"", ""Manual14_25""]"
115,"这款健身单车的控制台可提供运动重要信息，并可在运动时控制阻力等级；它配有带触控按键的显示屏，用于浏览运动程序。

控制台正面包含上显示屏、下显示屏、阻力等级快捷按钮、成就指示灯、风扇以及快速启动、暂停/结束、程序、目标追踪、方向键与确认键等按键区域。
<PIC>
主要按键功能包括：

阻力增加（♠）按钮：提高运动阻力等级。

阻力减小（▼）按钮：降低运动阻力等级。

快速启动按钮：开始快速启动运动模式。

程序按钮：选择类别和运动程序。

暂停/结束按钮：暂停当前运动、结束暂停运动或返回上一界面。

目标追踪按钮：显示所选用户档案的运动总量与成就。

增加（♠）按钮：增加数值（年龄、时间、距离或卡路里）或浏览选项。

左（◀）按钮：运动中显示不同运动数据，浏览选项。

确认按钮：启动程序运动、确认信息或恢复暂停运动。

右（▶）按钮：运动中显示不同运动数据，浏览选项。

减小（▼）按钮：减少数值（年龄、时间、距离或卡路里）或浏览选项。

风扇按钮：控制三速风扇。

阻力等级快捷按钮：运动中快速切换阻力等级。

成就指示灯：查看运动结果时，成就指示灯将点亮。

上部显示数据

上部显示区用于显示程序运动曲线、强度、心率区间、目标、用户档案和成就等信息。
<PIC>

程序显示：程序显示区向使用者展示信息，网格区域显示程序运动曲线。曲线中每一列代表一个运动区间（运动段）。列越高，阻力等级越高。闪烁列表示当前运动区间。

强度显示：强度显示区根据当前阻力等级显示实时运动强度。

心率区间显示：心率区间显示当前使用者心率所属区间。可将这些心率区间作为特定目标区间（无氧、有氧或燃脂）的运动指导。开始运动计划前请咨询医生。如运动中出现胸部疼痛、胸闷、呼吸急促或头晕，请立即停止运动。再次使用前请咨询医生。显示屏显示的心率为近似值，仅供参考。注：如未检测到心率，显示屏将空白。

目标显示：目标显示区显示当前所选目标类型（距离、时间或卡路里）、当前目标完成值及目标完成百分比。

用户显示：用户显示区显示当前所选用户档案。

成就显示：达到运动目标或超过历史运动里程碑时，成就显示区将激活。控制台显示屏将提示祝贺信息并播放提示音。

下部显示数据

下部显示区显示速度、时间、距离、等级、转速、心率和卡路里等运动数值，可按用户自定义设置。
<PIC>

速度：速度显示区以英里/小时（mph）或公里/小时（km/h）显示机器速度。

时间：时间显示区显示运动总时长、用户档案平均时间或机器总运行时间。注：如快速启动模式运动超过 99 分 59 秒（99:59），时间单位将自动切换为小时和分钟（如 1 小时 40 分钟）。

距离：距离显示区显示运动距离（英里或公里）。注：如需切换英制或公制单位，请查阅“控制台设置模式”部分。

等级：等级显示区显示运动中当前阻力等级。

转速：转速显示区显示机器每分钟转数（RPM）。

心率（脉搏）：心率显示区显示心率监测仪的每分钟心跳次数（BPM）。控制台接收到心率信号时，图标将闪烁。开始运动计划前请咨询医生。如运动中出现胸部疼痛、胸闷、呼吸急促或头晕，请立即停止运动。再次使用前请咨询医生。显示屏显示的心率为近似值，仅供参考。

卡路里：卡路里显示区显示运动中估算消耗的卡路里。,[""Manual14_21"", ""Manual14_22"", ""exercise_bikes_02""]"
116,"运动前主要需要调整座椅位置和脚踏绑带，并穿合适的运动服鞋。

穿着建议：穿着橡胶底运动鞋；穿着适合运动、活动自如的衣物。

座椅调节：正确的座椅位置可提升运动效率与舒适度，并降低受伤风险。
1. 将脚踏板转到前位，脚掌中心对准脚踏板中心，膝盖应保持微弯。
2. 如果腿部过直或脚无法踩到脚踏板，将座椅调低；如果膝盖弯曲过度，将座椅调高。调节座椅前请先下车。松开并拉出座管上的调节旋钮，将座椅调至所需高度，松开旋钮使锁销卡入。确保锁销完全卡入并拧紧旋钮。

下图展示座管调节旋钮的位置和座椅高度调节方式。
<PIC>
请勿将座管调节到高于管上的限位标记（STOP）。

脚部姿势/脚踏绑带调节：带绑带的脚踏板可提供稳固支撑。
1. 将脚掌中心放在脚踏板上。
2. 转动脚踏板至可触及位置。
3. 将绑带固定在鞋面上。

下图展示脚掌放在脚踏板上并固定脚踏绑带的方式。
<PIC>
4. 另一侧脚重复操作。确保脚尖和膝盖朝前，以保证最佳踩踏效率。脚踏绑带可保持原位以备下次使用。,[""Manual14_24"", ""Manual14_25""]"
117,"轻松骑行类别下有 3 个预设运动程序：

起伏山丘，展示起伏山丘预设程序的阻力/强度曲线。
<PIC>

公园骑行，展示公园骑行预设程序的阻力/强度曲线。
<PIC>

轻松之旅，展示轻松之旅预设程序的阻力/强度曲线。
<PIC>,[""Manual14_27"", ""Manual14_28"", ""Manual14_29""]"
118,"山地类别包含 3 个预设运动程序：

派克峰
这张图展示派克峰预设程序的运动曲线。
<PIC>

胡德山
这张图展示胡德山预设程序的山形点阵曲线。
<PIC>

金字塔
这张图展示金字塔预设程序的坡度/强度变化曲线。
<PIC>,[""Manual14_30"", ""Manual14_31"", ""Manual14_32""]"
119,"挑战类别包含 3 个预设运动程序：

上坡冲刺，强度曲线会逐步升高并在末段保持较高强度。
<PIC>

交叉训练，对应交叉训练的训练强度曲线。
<PIC>

间歇训练。
<PIC>

预设程序会自动控制不同阻力和运动等级；查看所有类别后，会展开显示每个类别中的程序。,[""Manual14_33"", ""Manual14_34"", ""Manual14_35""]"
120,"编辑用户档案前，先在开机模式界面选择要编辑的用户档案。控制台可存储和使用 2 个用户档案，编辑后可自定义姓名、年龄、体重、身高、性别和运动数据显示方式。
1. 在开机模式界面，按增加（♠）或减少（▼）按钮选择一个用户档案。
2. 按确认按钮选择用户档案。
3. 控制台显示编辑提示和当前用户档案名称。按确认键开始编辑用户档案选项。如需退出编辑用户档案选项，按暂停/结束按钮，控制台返回开机模式界面。
4. 控制台显示姓名提示和当前用户档案名称。首次编辑时用户姓名为空。用户档案名称限制为 10 个字符。当前激活段会闪烁。使用增加/减少按钮浏览字母和空格（位于 A 和 Z 之间），按左（◀）或右（▶）按钮切换段，按确认按钮接受显示的用户名。
5. 继续编辑其他用户数据：编辑年龄、编辑体重、编辑身高、编辑性别。每项都使用增加/减少按钮调节，设置完成后按确认键。
6. 控制台显示扫描提示。此选项控制运动中运动数据的显示方式：“关闭”允许用户按需按左（◀）或右（▶）按钮查看其他运动数据通道；“开启”允许控制台每 6 秒自动切换显示运动数据通道。默认设置为“关闭”。按确认按钮设置运动数据显示方式。
7. 控制台显示编辑下部显示提示。此选项用于自定义运动中显示的运动数据：下部显示区会显示所有运动数据，激活数据闪烁；上部显示区显示激活值设置“开启”或“关闭”。按增加（♠）或减少（▼）按钮隐藏激活运动数据，按左（◀）或右（▶）按钮切换激活值。如需重新显示隐藏的运动数据，重复操作并将上部显示区数值改为“开启”。自定义下部显示完成后，按确认键设置。

这张图展示控制台下部显示区的运动数据窗口位置，用于对应自定义下部显示的设置。
<PIC>
设置完成后，控制台会返回已选择用户的开机模式界面。
8. 控制台返回已选择用户的开机模式界面。,[""Manual14_26""]"
121,"可以，但需要先知道你的年龄；控制台的目标心率程序会使用你的年龄和其他用户信息来设置心率区间值。用于燃脂和改善心血管系统的心率区间只是估算值，个人身体状况不同，实际适合你的心率区间可能会与通用数值相差数次。

燃脂目标心率可参考这张按年龄给出的通用目标心率表。
<PIC>
你的最佳目标心率可能更高或更低，建议咨询医生获取个人目标心率区间。

如果目标是燃脂，运动时应慢速起步，逐渐增加强度，直到心率达到最大心率的 50–70%，并将心率维持在目标区间 20 分钟以上。维持目标心率的时间越长，身体燃脂越多。

在心率控制（HRC）运动程序中设置时：
1. 选择心率控制运动等级：初级（BEG）或高级（ADV），然后按确认键。
2. 按增加（♠）或减少（▼）按钮选择最大心率百分比：50–60%、60–70%、70–80%、80–90%。选择 80–90% 心率区间运动前请咨询医生。
3. 按增加（♠）或减少（▼）按钮选择目标类型，然后按确认键。
4. 按增加（♠）或减少（▼）按钮设置运动目标值。设置目标时请留出时间让心率达到目标区间。
5. 按确认键开始运动。

心率控制程序需要控制台能从接触式心率（CHR）传感器读取心率信息，才能正常工作。与所有运动和健身计划一样，增加运动时间或强度时请谨慎判断。,[""Manual14_23""]"
122,"体能测试程序用于评估你的体能水平是否提升。它会把功率输出（瓦特）与心率进行对比；如果体能提升，在相同心率下，你的功率输出会增加。

使用这个功能时，控制台必须能从接触式心率（CHR）传感器或心率监测仪（HRM）读取心率信息，否则无法正常工作。体能测试可从反馈类别开始。

程序开始后，会先提示你选择体能水平：初级（BEG）或高级（ADV）。控制台会使用当前所选用户档案中的年龄和体重来计算体能得分。

开始运动后，需要握住心率传感器。测试启动后，运动强度会逐渐增加，心率也会随之上升；强度会持续自动增加，直到心率达到“测试区间”。这个区间会按用户档案最大心率的 75% 单独计算。

达到测试区间后，机器会保持强度稳定 3 分钟，让你进入稳定状态，也就是心率平稳。3 分钟结束时，控制台会测量心率和功率输出，并结合年龄、体重信息计算出“体能得分”。

体能测试得分只用于和你自己的历史得分对比，不用于和其他用户档案对比；通过对比自己的得分变化来查看体能是否提升。"
123,"给电钻充电前，先使用专业充电器，并在使用充电器前阅读所有安全说明；还要确认充电器与电池组兼容。
1. 插入电池组前，先将充电器插入合适的插座。
2. 将电池组（K）插入充电器，确保电池组完全就位。红色（充电）指示灯持续闪烁，表示充电过程已开始。

这张图展示电池组（K）插入充电器并完全就位的方向与位置。
<PIC>
3. 当红色指示灯常亮时，表示充电完成。电池组已充满电，此时可以使用，也可以继续留在充电器中。,[""Manual11_2""]"
124,"DCB101 指示灯工作状态：

电池组充电中，对应充电中的指示标识。<PIC>

电池组已充满，对应充满电的指示标识。<PIC>

过热/过冷延迟，对应温度延迟的指示标识；此状态下红色指示灯长闪后短闪。<PIC>

电池组或充电器故障，对应电池组或充电器故障的指示标识。<PIC>

电源故障，对应电源故障的指示标识；与发电机等便携式电源或直流转交流电源配合使用时，红色指示灯可能快速闪烁两次后暂停，表示电源超出允许范围。<PIC>,[""drill0_08"", ""drill0_09"", ""drill0_10"", ""drill0_11"", ""drill0_12""]"
126,"警告：不要通过握住夹头前部并启动工具来拧紧钻头或任何其他附件，否则可能损坏夹头并导致人身伤害。更换附件时，务必锁定扳机开关并断开工具电源。启动工具前务必确保附件紧固，松动的附件可能弹出并造成人身伤害。

单套无键夹头（F）可单手操作。安装钻头或其他附件时：
1. 关闭工具并断开工具电源。

这张示意展示单套无键夹头位于工具前端，操作前应先让工具处于断电状态。
<PIC>
2. 一只手握住夹头黑色套筒，另一只手固定工具。逆时针旋转套筒，直到开口足够大，可以装入所需附件。

这张示意展示一手握住夹头套筒、准备插入钻头或附件的操作位置。
<PIC>
3. 将附件插入夹头约 3/4 英寸（19 毫米），一只手顺时针旋转夹头套筒将其紧固，另一只手握住工具。该工具配有自动主轴锁定机构，可单手开合夹头。务必一只手握住夹头套筒、另一只手握住工具，以达到最大紧固度。

这张示意展示附件插入后，通过旋转夹头套筒将其旋紧。
<PIC>

拆卸附件时，重复步骤 1 和步骤 2。,[""drill0_01"", ""drill0_02"", ""drill0_03""]"
127,"安装前，为获得最佳效果，确保电池组已充满电。

安装电池组：
将电池组（K）对准工具手柄内的导轨，滑入手柄，直到电池组牢固就位且不会松脱。

拆卸电池组：
按下释放按钮（J），将电池组从工具手柄中平稳拔出。拆下后，按照充电器部分所述将电池组插入充电器。

这张图展示电池组（K）与工具手柄导轨的安装、拔出方向，以及释放按钮（J）的位置。<PIC>

操作时重点确认两点：安装时电池组要滑到牢固就位；拆卸时先按下释放按钮（J），再平稳拔出电池组。,[""Manual11_8""]"
128,"使用腰带挂钩和批头夹前，先关闭工具并取下电池组；调整、拆卸或安装附件时若意外启动，可能导致人身伤害。

这张部件标注展示腰带挂钩（G）、固定螺钉（H）和批头夹（I）在工具上的位置。
<PIC>

特别注意：
1. 不要将工具悬挂在高处，也不要在腰带挂钩上悬挂其他物体；腰带挂钩只能挂在工作腰带上。
2. 确保固定腰带挂钩的螺钉已紧固。
3. 安装或更换腰带挂钩、批头夹时，批头夹（I）为另售件；只能使用随附的螺钉（H），并且务必拧紧螺钉。
4. 腰带挂钩（G）和批头夹（I）可用随附螺钉（H）安装在工具任意一侧，适合左手或右手用户使用。
5. 如果不需要腰带挂钩或批头夹，可以从工具上取下；如果要移动到另一侧，先取下固定螺钉（H），再重新安装到另一侧，并务必拧紧螺钉。

这张局部图展示批头夹（I）和固定螺钉（H）在工具底部侧面的安装位置。
<PIC>,[""Manual11_7"", ""drill0_14""]"
129,"购买电钻后，附件应只配备制造商推荐的附件；不要使用未经本产品测试的其他附件，因为可能存在危险。为降低受伤风险，本工具仅应使用制造商推荐的附件。

下图为本工具附件相关的最大推荐容量参考信息。
<PIC>

已检索到的内容未列出具体“应购买哪些附件”的清单，只明确要求使用制造商推荐附件。,[""Manual11_9""]"
130,"电钻的三年有限保修相关内容包括：

1年免费服务：购买后第一年内，制造商将免费维护工具，更换正常使用造成的磨损部件。

2年免费服务：适用于电池组 DC9071、DC9091、DC9096、DC9280、DC9360、DC9180、DCB120、DCB127、DCB201、DCB203、DCB207。

3年免费服务：适用于其他电池组。

如果电池组被擅自改装，产品保修失效。制造商对任何改装导致的伤害不承担责任，并将在法律允许范围内追究保修欺诈责任。"
131,"包装盒内应包含：

配有小号表带的手表（颜色和材质仅供参考）。这张图展示手表以及已安装的小号表带。<PIC>

充电线。这张图展示随盒附带的充电线。<PIC>

额外大号表带。这张图展示随盒附带的可拆卸大号表带。<PIC>

健身追踪器的可拆卸表带另有多种颜色和材质，但需要单独购买。,[""fitness_trackers_01"", ""fitness_trackers_02"", ""fitness_trackers_03""]"
132,"为健身追踪器充电：
1. 将充电线插入电脑的 USB 端口、UL 认证的 USB 墙充充电器，或其他低功耗充电设备。
2. 将充电线的另一端靠近手表背面的充电接口，直至磁吸吸附。确保充电线上的金属触点与手表背面的接口对齐。

这张图展示磁吸充电线对准并吸附到手表背面的充电接口。
<PIC>

为健身追踪器充电 12 分钟即可续航 24 小时。手表充电时，轻点屏幕两次或按下按钮即可点亮屏幕查看状态。完全充满电大约需要 1-2 小时。

这张图展示手表充电时的屏幕进度显示。
<PIC>

充满电后，健身追踪器续航时间可达 6 天以上；电池续航和充电周期会随使用情况及其他因素而异，实际结果可能有所不同。,[""Manual16_1"", ""Manual16_2""]"
133,"日常不运动时，将健身追踪器佩戴在手腕上，位置在腕骨上方一指宽处。

这张示意展示了日常佩戴时应位于腕骨上方约一指宽的位置。
<PIC>
长时间佩戴后，应定期取下手表，让手腕休息约一小时；洗澡时也建议取下，以减少肥皂、洗发水和护发素接触手表及皮肤的可能。

运动时，为优化心率监测，可将表带向上移动，让佩戴更贴合。

这张示意展示了运动时将表带向上移动、使手表更贴合手腕的位置。
<PIC>
如果感到不适，请松开表带；若不适持续，请取下手表让手腕休息。运动时还要将手表戴在手腕正面，并确保设备背面与皮肤接触。,[""Manual16_4"", ""Manual16_5""]"
134,"扣紧表带时不要勒得太紧，应留有空隙，让健身追踪器可以在手腕上轻微移动。
1. 将健身追踪器戴在手腕上。
2. 将底部表带穿入顶部表带的第一个环扣。
这张图展示底部表带穿入第一个环扣的位置。
<PIC>
3. 收紧表带至舒适贴合，将表扣钉按入表带上的其中一个孔。
这张图展示表扣钉按入表带孔中的方式。
<PIC>

如果你使用的是小号表带的最后两个孔，建议更换为大号表带，以获得更稳固的佩戴效果。
4. 将表带的松散端穿入第二个环扣，使其平整贴在手腕上。确保表带不要过紧。
这张图展示扣紧后把松散端穿入第二个环扣的状态。
<PIC>,[""Manual16_6"", ""Manual16_7"", ""Manual16_8""]"
135,"拆卸表带：
1. 将健身追踪器翻面，找到表带卡扣。

下图展示翻面后表带卡扣的位置与操作方向。
<PIC>
2. 松开卡扣，将扁平按钮向表带方向滑动。
3. 轻轻将表带从手表上拔下，使表带松开。

下图展示表带从手表末端拔下的方式。
<PIC>
4. 另一侧表带重复相同操作。,[""Manual16_9"", ""Manual16_10""]"
136,"健身追踪器配备彩色 AMOLED 触摸屏和 1 个按钮，可通过轻点屏幕、上下左右滑动，或按下按钮来操作。为节省电量，不使用时手表屏幕会熄灭，除非你开启了常亮显示。

主屏幕是时钟界面。

在时钟界面向下滑动，可查看快捷设置。

在时钟界面向上滑动，可查看通知。

在时钟界面左右滑动，可查看功能卡片。

这张图展示了在时钟界面通过上下左右滑动进入快捷设置、通知和功能卡片的操作方向。<PIC>

按下按钮可打开应用菜单，或返回时钟界面。

长按时钟界面可切换已保存的表盘。

按钮还可用于快速访问非接触式支付、语音助手、快捷设置或你喜爱的应用。

这张图展示了健身追踪器侧面的按钮位置。<PIC>

按下按钮：返回时钟界面；如果已经在时钟界面，按下按钮会打开手表上已安装的应用列表。

长按按钮：长按按钮 1 秒可激活你选择的功能。首次使用按钮快捷操作时，需要选择它要激活的功能。如需更改长按按钮激活的功能，请打开手表上的设置应用，然后点击快捷方式；确认长按快捷方式已开启，再点击长按，选择你想要的应用。

双击按钮：可打开语音助手、快捷设置、通知和非接触式支付的快捷入口；点击相应快捷方式即可打开。,[""Manual16_12"", ""Manual16_13""]"
137,"健身追踪器可显示手机的来电、短信、日历和应用通知；手表与手机保持在 30 英尺以内即可接收通知。

通知到达时，手表会震动。未及时查看的通知，可稍后在时钟界面向上滑动，或双击按钮并点击通知图标查看。下面这张图展示了手表上的通知示例。
<PIC>
健身追踪器最多可存储 30 条通知，超过后新通知会替换最早的通知。

在手表上可对通知进行这些操作：在时钟界面向上滑动查看通知，点击任意通知展开；删除单条通知时，点击展开后滑动至底部并点击清除；一次性删除所有通知时，向上滑动至通知底部并点击全部清除；退出通知界面时，按下按钮或向下滑动。

也可以关闭通知：在手机健身追踪器应用的今日页面，点击左上角图标 > 健身追踪器卡片 > 通知，然后关闭不希望再在手表上接收的通知。若要关闭所有通知，在时钟界面向下滑动进入快捷设置，点击勿扰图标；所有通知，包括目标庆祝和提醒，都会关闭。下面这张图展示了勿扰图标处于开启状态的快捷设置界面。
<PIC>
注意：如果手机开启了勿扰设置，关闭该设置前手表不会接收通知。

与 iPhone 或安卓手机配对后，健身追踪器还可让你接听或拒接来电：点击手表屏幕上的绿色电话图标接听来电，点击红色电话图标拒接并转语音信箱。来电者在联系人列表中会显示姓名，否则显示电话号码。下面这张图展示了来电接听界面，底部有拒接和接听图标。
<PIC>,[""Manual16_28"", ""Manual16_29"", ""Manual16_30""]"
138,"健身追踪器会在你佩戴它睡觉时，每晚记录皮肤温度，并显示它与你个人基准之间的差异，帮助你识别身体变化；了解夜间皮肤温度变化有助于掌握身体状况、发现趋势。

查看夜间睡眠皮肤温度变化：打开手机上的健身追踪器应用。在今日页面，点击温度卡片。

温度卡片会显示昨晚相对个人基准的变化，例如“昨晚比基准低 -0.2°F”。
<PIC>

你会看到皮肤温度变化图表，以及你手动记录的任何核心温度读数。
<PIC>

注意：必须佩戴健身追踪器睡觉 3 晚，才能看到个人皮肤温度基准。此功能并非在所有地区都可用。,[""Manual16_35"", ""Manual16_36""]"
139,"健身追踪器可通过运动应用追踪特定运动，并在运动中查看实时数据，包括心率、消耗卡路里、耗时；运动结束后，会在手腕上显示运动摘要。
1. 在健身追踪器上，打开运动应用。最近使用的运动会显示在顶部；点击其他运动可查看完整列表。也可以让 Alexa 打开运动应用或开始追踪运动。滑动找到运动类型。
2. 点击选择运动。如果该运动使用 GPS，可以等待信号连接，或直接开始运动，GPS 会在信号可用时自动连接。注意：GPS 连接可能需要几分钟。
3. 点击播放图标开始运动；也可以向上滑动，选择运动目标或调整设置。
4. 运动期间，点击或滑动大数值数据，可滚动查看实时数据。需要暂停时，按下按钮，或向上滑动并点击暂停图标；再次按下按钮或点击继续图标即可恢复运动。
5. 运动结束后，向上滑动并点击结束，设备会显示运动摘要。
6. 摘要界面中，点击继续可恢复运动，点击新运动可开始新运动，点击完成可关闭摘要界面。要查看完整运动数据；如果使用了 GPS，还可查看运动强度地图，请在健身追踪器应用中点击运动卡片。

如果设置了运动目标，手表会在达到目标一半和完成目标时提醒你。

使用 GPS 的运动会显示 GPS 状态：屏幕顶部显示“GPS连接中…”；当屏幕显示“GPS已连接”且健身追踪器震动时，表示 GPS 已连接成功。运动期间，GPS 图标旋转表示正在搜索 GPS 信号；静止的 GPS 图标表示 GPS 已连接；红色 GPS 图标表示未找到 GPS 信号。

下面的界面展示 GPS 已连接后的运动追踪状态。
<PIC>

健身追踪器的动态 GPS 功能会在运动开始时自动设置 GPS 类型。为节省电量，它会尝试连接手机上的 GPS 传感器；如果手机不在附近或正在移动，健身追踪器会使用内置 GPS。

你也可以在手表上自定义每种运动类型的设置。

下面的界面展示运动设置项目。
<PIC>

调整每种运动设置的方法：
1. 在健身追踪器上，打开运动应用。
2. 点击要调整的运动。
3. 向上滑动浏览设置列表。
4. 点击设置项进行调整。
5. 完成后，向下滑动直至看到播放图标。运动结束后，健身追踪器会显示数据摘要。,[""Manual16_42"", ""Manual16_43""]"
140,"健身追踪器通过手腕上的心率传感器，在运动期间以及全天持续追踪你的心率。

它还会使用心率储备来个性化设置你的心率区间；心率储备是最大心率与静息心率之间的差值。运动时，你可以在手表上查看当前心率和所处心率区间，用来帮助达到目标训练强度。

这张图展示了运动时心率区间的显示与区间说明。
<PIC>,[""Manual16_44""]"
141,"使用前，先确认商店的支付终端支持非接触式支付，可查看终端上是否有非接触式支付标志。

这个标志表示该终端支持将设备靠近感应付款。
<PIC>

澳大利亚以外的用户：
1. 打开手表上的钱包或健身追踪器支付应用。也可以双击手表按钮快速访问支付应用。
2. 如有提示，输入 4 位手表 PIN 码。屏幕会显示默认卡。

手表屏幕显示默认卡时，可将手表靠近读取器付款。
<PIC>
3. 使用默认卡支付：将手腕靠近支付终端。使用其他卡支付：滑动找到要使用的卡，然后将手腕靠近支付终端。

澳大利亚用户：
4. 如果持有澳大利亚银行的信用卡或借记卡，将手表靠近支付终端即可支付。如果卡来自澳大利亚以外的银行，或想使用非默认卡支付，请完成上面步骤 1-3。
5. 如有提示，输入 4 位手表 PIN 码。
6. 如果消费金额超过 100 澳元，请按照支付终端上的说明操作。提示输入 PIN 码时，输入卡片的 PIN 码，不是手表 PIN 码。

如果支付终端未识别健身追踪器，请确保表盘靠近读取器，并告知收银员你使用的是非接触式支付。支付成功时，手表会震动，并在屏幕上显示确认信息。为增加安全性，使用非接触式支付时必须将健身追踪器戴在手腕上。,[""Manual16_46"", ""Manual16_47""]"
142,"使用中可能遇到的主要问题和处理方式如下：

心率读数丢失

如果健身追踪器无法检测到心率信号，手表会显示虚线。

心率位置显示为虚线，表示当前未检测到心率信号。<PIC>

如手表未检测到心率信号，请确保佩戴正确：可在手腕上上下移动手表，或收紧/松开表带。健身追踪器应与皮肤接触。保持手臂静止伸直片刻后，应能再次看到心率。

GPS 信号问题

环境因素（包括高楼、茂密森林、陡峭山坡和厚云层）可能干扰手表连接 GPS 卫星的能力。运动期间手表搜索 GPS 信号时，屏幕顶部会显示旋转的 GPS 图标。

屏幕顶部的 GPS 图标表示手表正在搜索 GPS 信号。<PIC>

为获得最佳效果，开始运动前等待健身追踪器找到信号。如运动期间健身追踪器丢失 GPS 信号，GPS 图标会显示红色。手表会尝试重新连接。

红色 GPS 图标表示运动期间 GPS 信号丢失，手表会尝试重新连接。<PIC>

需要重启手表的情况

如遇到以下任何问题，请重启手表：

无法同步

无法响应轻点、滑动或按钮操作

无法追踪步数或其他数据

无法显示通知

操作说明请参阅“重启 Sense 2”。,[""Manual16_48"", ""Manual16_49"", ""Manual16_50""]"
144,"为健身追踪器设置锁屏，需要在健身追踪器应用中开启“设备锁”。开启后，解锁手表时需要输入个人 4 位 PIN 码。

操作路径：

在健身追踪器应用的“今日”页面，点击左上角图标 > 健身追踪器卡片 > 设备锁。

如果需要重置 PIN 码，也是在同一路径进入“设备锁”进行操作。

如果你在手表上设置了非接触式支付，设备锁会自动开启，并且必须设置密码；如果不使用非接触式支付，设备锁是可选设置。"
145,"1. 请勿在冰箱顶部放置重物或装液体的物品。开关门时重物可能坠落导致受伤；装液体的物品可能泄漏、掉落破损，导致受伤或触电。上方示意的是冰箱顶部放置重物可能坠落的风险。<PIC>
2. 请勿倚靠或悬挂在冰箱门体及搁架上。可能损坏冰箱门体或搁架，或导致冰箱倾倒，造成受伤及损坏。儿童靠近冰箱时请务必有人看管。上方示意的是禁止攀挂冰箱门体和搁架。<PIC>
3. 防止儿童进入产品内部。儿童进入冰箱可能危及生命。上方示意的是禁止儿童进入冰箱内部。<PIC>
4. 开关冰箱门时请小心。用力开关门可能导致内部物品倾倒，造成受伤或损坏。
5. 请勿将冰箱安装在潮湿环境中。湿气可能渗入电气部件，引发火灾或触电。下方示意的是不要将冰箱安装在潮湿或易溅水的环境中。<PIC>,[""Manual17_11"", ""Manual17_12"", ""Manual17_13"", ""Manual17_14""]"
146,"连接电源时，前五条注意事项是：
1. 应使用专用插座。一个插座同时使用多个设备可能引发火灾。若本机连接漏电保护器，保护器可能跳闸，导致食物变质。

这张示意展示一个插座连接多个插头和电线的过载风险。
<PIC>
应避免让冰箱与多个设备共用同一个插座。
2. 请勿让电源插头朝上或被挤压在冰箱冰柜背面。若电源线被挤压在冰箱后方，可能损坏线缆引发火灾。插头朝上可能因线缆自重松脱，导致电气故障、引发火灾或冰箱停机导致食物变质。

这张示意展示电源插头不可朝上，也不可被挤压在冰箱冰柜背面。
<PIC>
插头位置应避免受压或松脱。
3. 安装过程中拔下插头后推入冰箱时，防止电源线被挤压或弯折。线缆被挤压或弯折可能引发火灾或触电。将电器从墙面移开时，注意不要碾压或损坏电源线。请勿让重物挤压或弯折电源线。可能损坏电源线，引发火灾或触电。

这张示意展示冰箱移动或安装时要避免电源线被挤压、弯折或损坏。
<PIC>
移动和安装时都要确认电源线没有被压住。
4. 请勿延长或改装电源插头长度。可能引发火灾或触电。

这张示意展示不要延长或改装电源插头。
<PIC>
电源插头长度不要自行改动。
5. 清洁、操作或更换冰箱冰柜内部灯泡时，请拔下电源插头。可能引发触电或伤害。更换冰箱冰柜内部灯泡时，确保灯座内的绝缘橡胶圈未被取下。

这张示意展示在相关操作前拔下冰箱电源插头。
<PIC>
更换冰箱内部灯泡前请拔下电源插头，否则有触电风险。,[""Manual17_0"", ""Manual17_1"", ""Manual17_2"", ""Manual17_3"", ""Manual17_4""]"
153,"加油时务必先关闭发动机。

加油前停机的安全警示如下。<PIC>

加油时严禁吸烟，也不要靠近明火。

禁止在加油时吸烟或靠近明火的安全警示如下。<PIC>

加油时注意不要将燃油洒在发动机或消音器上。如不慎吞入燃油、吸入燃油蒸汽或燃油入眼，请立即就医。如燃油溅到皮肤或衣物上，请立即用肥皂水清洗并更换衣物。

操作或运输发电机时，请务必保持机身直立。如发生倾斜，燃油可能从化油器或油箱泄漏。运输发电机时，请务必拧紧油箱盖通气旋钮。

保持机身直立搬运的安全示意如下。<PIC>,[""generator_20"", ""generator_21"", ""generator_03""]"
154,"发动机及消音器可能高温发烫时，应这样保持安全：

请将发电机放置在行人或儿童不易触碰的地方，避免他人靠近或误碰高温部位。下图展示的是让儿童和行人远离发电机的安全提示。<PIC>

运行时，避免在排气口附近放置任何易燃物品，防止高温排气口引燃周围物品。下图展示的是易燃物不要靠近排气口或高温部位。<PIC>

请将发电机与建筑物或其他设备保持至少 1 米（3 英尺）距离，否则发动机可能过热。下图展示的是发电机与周围物体应保持安全距离。<PIC>

避免在防尘罩覆盖下运行发动机，以免影响散热并造成高温风险。下图展示的是不要在罩盖状态下运行发动机。<PIC>

需要搬运发电机时，务必仅通过提手搬运。① 提手。下图展示的是发电机顶部提手的位置。<PIC>,[""generator_04"", ""Manual18_8"", ""Manual18_9"", ""Manual18_10"", ""Manual18_11""]"
155,"防止发电机触电，日常使用中要做到：
1. 不要在雨雪中运行发动机。雨雪环境中使用发电机可能导致触电。
雨雪中禁用发电机的警示如下。
<PIC>
2. 不要用湿手触碰发电机，否则会触电。
湿手触碰发电机的触电警示如下。
<PIC>
3. 务必对发电机进行接地，并使用足够载流量的接地导线。
接地导线直径要求如下。
<PIC>
发电机接地连接方式如下。
<PIC>
4. 避免将发电机接入市电插座，也不要将发电机与其他发电机并联使用。
发电机接线的正确与错误方式如下。
<PIC>
5. 如果要把发电机接入建筑物电气系统，必须由持证电工在建筑物主配电箱内安装隔离（转换）开关。该开关是发电机电源的接入点，可选择使用发电机电源或市电电源为建筑物供电。这样可防止市电故障或断电检修时，发电机向市电线路反送电；反送电可能导致线路维修人员触电或受伤。若未安装隔离开关，恢复正常供电时还可能损坏发电机及建筑物电气系统。
6. 使用延长线时，截面积 1.5 平方毫米的总长不得超过 60 米，截面积 2.5 平方毫米的总长不得超过 100 米。延长线应采用坚固柔韧的橡胶护套（符合 IEC 245 标准）或同等材质，以承受机械应力。,[""Manual18_12"", ""Manual18_13"", ""Manual18_14"", ""Manual18_15"", ""Manual18_16""]"
156,"供油前，先不要连接任何电气设备。
1. 按住油箱盖防止转动，将通气旋钮逆时针旋转 1 圈，打开油箱通气口。① 通气旋钮

这张图展示按住油箱盖并旋转顶部通气旋钮的位置。
<PIC>
2. 将燃油开关旋钮置于“开启”位置。① “开启”

这张图展示燃油开关旋钮旋至 ON（开启）位置的方向。
<PIC>,[""Manual18_26"", ""Manual18_27""]"
157,"每次使用发电机前都应进行使用前检查。燃油部分这样操作：
1. 确认油箱内燃油充足。推荐使用无铅汽油；油箱容量为总计 2.5 升（0.55 英制加仑，0.66 美制加仑）。

下图展示向发电机油箱加注燃油的位置与操作。
<PIC>
2. 使用符合要求的普通无铅汽油：本发电机发动机设计使用泵法辛烷值 ((R+M)/2) 86 及以上，或研究法辛烷值 91 及以上的普通无铅汽油。

下图展示燃油液位高度要求，燃油不要超过燃油滤清器顶部。
<PIC>
3. 加油时注意安全：燃油高度易燃且有毒。加油前请仔细阅读“安全信息”。切勿加注至燃油滤清器顶部以上，否则燃油受热膨胀后可能溢出。若有燃油溢出，应立即擦拭干净。
4. 加油后务必拧紧油箱盖。

下图展示加油后拧紧油箱盖的操作方向。
<PIC>,[""generator_12"", ""generator_13"", ""generator_14""]"
158,"启动前，请勿连接任何电气设备，并将经济控制开关置于○（关闭）位置。

经济控制开关应处于○（关闭）位置。
<PIC>
1. 按住油箱盖防止转动，将通气旋钮逆时针旋转1圈，打开油箱通气口。① 通气旋钮

通气旋钮位于油箱盖顶部，操作时一手按住油箱盖，另一手旋转通气旋钮。
<PIC>
2. 将燃油开关旋钮置于“开启”位置。① “开启”

燃油开关旋钮应转到“开启”位置。
<PIC>,[""Manual18_25"", ""Manual18_26"", ""Manual18_27""]"
159,"连接交流电前，先确认所有电气设备，包括线路及插头连接，状态良好。插入插头前，务必关闭所有电气设备。还要确认总负载在发电机额定输出范围内，并确认插座负载电流在插座额定电流范围内。
1. 将电源线在提手上缠绕 2 至 3 圈。

下图展示电源线先绕过提手，再连接到交流插座的方式。
<PIC>
2. 启动发动机。
3. 插入交流插座。

下图展示交流插座的位置，以及插头插入标有 AC 的插座。
<PIC>
4. 确认交流指示灯亮起。① 交流指示灯

下图中 ① 标出交流指示灯的位置，插入后需确认该指示灯亮起。
<PIC>
5. 将经济控制开关置于“Ⅰ”（开启）位置，然后打开电气设备电源。① “Ⅰ”（开启）

下图展示经济控制开关拨到“Ⅰ”（开启）位置。
<PIC>

注：使用压缩机、潜水泵等启动电流较大的电气设备时，必须将经济控制开关置于 ○（关闭）位置。,[""Manual18_33"", ""Manual18_24"", ""Manual18_34"", ""Manual18_35""]"
160,"发电机上这两种开关主要是“发动机开关”和“经济控制开关”。

发动机开关

发动机开关用于控制点火系统。开关位置如下图，ON 与 STOP 分别对应启动与停机状态。
<PIC>

① ON“开启”：点火电路接通，可启动发动机。

STOP“停止”：点火电路切断，发动机停机。

经济控制开关

经济控制开关用于调节发动机转速，以适应外接负载。开关位置如下图，Ⅰ 为开启，○ 为关闭。
<PIC>

① Ⅰ“开启”：经济控制开关置于Ⅰ档时，经济控制单元会根据外接负载调节发动机转速，可降低油耗、减少噪音。

○“关闭”：经济控制开关置于○档时，无论是否连接负载，发动机均以额定转速 5000 转/分钟运行。

注：使用压缩机、潜水泵等启动电流较大的电气设备时，必须将经济控制开关置于○（关闭）位置。,[""generator_06"", ""generator_07""]"
161,"请在识别码记录栏中记录发电机的产品识别码和序列号，用于向发电机经销商订购零配件；同时应将这些识别码另行妥善保管，以防机器被盗。

这张记录栏用于填写 MODEL、PRI-I.D. CODE 和 SERIAL No. 等标识信息。
<PIC>

机器序列号标注在发电机机身侧面的标签位置，可在该位置查找并抄录。
<PIC>

这些编号的前三位为机型标识，其余数字为产品生产编号；请妥善记录，以便订购配件时参考。,[""Manual18_0"", ""Manual18_1""]"
162,"直流保护器会在负载超过发电机额定输出时自动断开。

直流保护器位于控制面板上的 DC PROTECTOR 区域，旁边标有复位与断开状态。<PIC>

使用时需要注意：如果直流保护器断开，应先将负载降至发电机额定输出范围内；如果再次断开，请咨询发电机经销商。

直流保护器可通过按下按钮复位，① 表示“复位” — “断开”状态。<PIC>,[""generator_08"", ""generator_09""]"
163,"每次使用发电机前都应进行使用前检查。检查发动机机油时，发动机运行后机体和消音器温度极高，检修或维护前应等其冷却，冷却前不要让身体或衣物接触这些部位。

发动机机油使用前检查步骤
1. 检查机油加注口处的机油液位，确认发动机机油处于机油加注口的上限位置。

这张图展示通过机油加注口检查机油液位的位置。
<PIC>
2. 以“① 上限”为液位基准；如果机油未到上限位置，应添加机油至上限位置。

这张图标出机油液位的“① 上限”位置。
<PIC>
3. 添加机油时，使用推荐等级的发动机机油：API 标准 SE 级或 SF 级。

这张图展示发动机机油粘度与适用温度范围。
<PIC>
4. 如果是新机或出厂状态，注意发电机出厂时未加注发动机机油，必须先加注机油，否则无法启动。

这张图展示从机油加注口加注发动机机油的操作。
<PIC>,[""generator_17"", ""generator_18"", ""generator_19"", ""Manual18_23""]"
164,"5. 缓慢拉动反冲启动器至啮合位置，然后快速拉动。拉动反冲启动器时，请牢牢握住提手，防止发电机倾倒。下图展示手握提手并拉动反冲启动器的操作。
<PIC>
6. 发动机启动后，进行暖机，直至阻风门旋钮推回原位发动机也不会熄火。
7. 将阻风门旋钮推回原位。下图展示将阻风门旋钮推回原位的操作。
<PIC>,[""generator_16"", ""Manual18_29""]"
165,"发电机直流额定电压为 12V。电池电量不足时，按下面步骤充电：
1. 将充电线在提手上缠绕 2 至 3 圈，插入直流插座。注：启动发动机后再连接电池。红线夹接电池正极（+），黑线夹接电池负极（-），切勿接反。① 红色 — 黑色
2. 启动发动机。
3. 按下直流保护器，安装电池。

这张图展示充电线绕过提手、接入直流插座，并把红黑夹连接到电池正负极的方式。
<PIC>
接线完成后，确认直流保护器处于可用状态，再继续充电。

充电时务必关闭经济控制开关。务必确保电池接线正确。务必确保通气软管连接正确，无损坏或堵塞。若直流保护器断开，请将负载降至发电机额定输出范围内。若再次断开，请咨询发电机经销商。注：按下即可复位直流保护器。① “复位” — “断开”

这张图展示电池充电连接以及直流保护器的“复位 / 断开”位置。
<PIC>
如果保护器断开，不要强行继续加负载，应先降低负载并复位。

电池充满电时，电解液比重在 1.26 至 1.28 之间。每小时检查一次比重。

充电时严禁吸烟，严禁在电池处连接或断开线路，火花可能点燃电池产生的气体。电池电解液有毒且具有腐蚀性，会造成严重灼伤，内含硫酸。避免接触皮肤、眼睛或衣物。

急救措施：皮肤接触——用水冲洗。误食——大量饮水或牛奶，随后服用氧化镁乳、蛋清或植物油，立即就医。眼睛接触——用水冲洗 15 分钟并立即就医。

电池会产生易爆气体，应远离火花、明火、香烟等。在密闭空间充电或使用时请通风。操作电池时务必佩戴护目镜。请放置在儿童接触不到的地方。

这张图提示电池充电、电解液接触和易爆气体相关的安全风险。
<PIC>
充电过程中要保持通风并避免任何火源。,[""Manual18_37"", ""Manual18_38"", ""Manual18_39""]"
166,"停机前，先关闭所有电气设备，并将经济控制开关置于 ○（关闭）位置。

经济控制开关应拨到 ○ OFF（关闭）位置。
<PIC>
1. 断开所有电气设备。

电器插头需要从发电机插座处拔出。
<PIC>
2. 将发动机开关置于 “O”（停止）位置。① O “停止”

发动机开关应按到 STOP / O 停止位置。
<PIC>
3. 将燃油开关旋钮置于“关闭”位置。① “关闭”

燃油开关旋钮应旋到 OFF / 关闭位置。
<PIC>
4. 顺时针拧紧油箱盖通气旋钮至手指拧紧状态。

油箱盖通气旋钮需要顺时针拧紧。
<PIC>,[""generator_22"", ""generator_23"", ""generator_24"", ""Manual18_40"", ""Manual18_41""]"
167,"应定期拆卸并检查火花塞。
1. 取下盖板①。
2. 检查火花塞是否变色，并清除积碳。火花塞电极的标准颜色为棕褐色。这张图片展示电极标准颜色，可用于对照检查。<PIC>完成颜色检查后，清除火花塞上的积碳。
3. 检查火花塞型号及间隙。标准火花塞为 CR6HSB（NGK），火花塞间隙为 0.7–0.8 mm（0.028–0.031 in）。这张图片展示火花塞规格和间隙要求。<PIC>这张图片展示拆出火花塞并测量电极间隙的操作位置。<PIC>测量时按规定间隙确认或调整。
4. 安装火花塞。火花塞拧紧扭矩为 12.5 N·m（1.25 kgf·m，9 lbf·ft）。这张图片展示火花塞安装和拧紧扭矩要求。<PIC>拧紧后确认火花塞已安装到位。
5. 安装盖板。这张图片展示盖板①在发电机侧面的安装位置。<PIC>盖板装回后，火花塞检查完成。,[""Manual18_44"", ""Manual18_45"", ""Manual18_46"", ""Manual18_47"", ""Manual18_48""]"
168,"发动机机油更换的前六个步骤：
1. 将机器放置在水平面上，暖机数分钟，然后停机，将燃油开关旋钮置于“关闭”位置，顺时针拧紧油箱盖通气旋钮。
2. 取下盖板①。下图展示盖板①在发电机侧面的取下位置。<PIC>
3. 从发电机底部拆下放油接头①，打开机油加注口盖。下图展示底部放油接头①的位置。<PIC>
4. 将放油接头①安装到机油加注口。下图展示放油接头安装到机油加注口后的排放连接方式。<PIC>
5. 在发动机下方放置接油盘，倾斜发电机将机油完全排空。下图展示倾斜发电机并把机油排入接油盘的操作。<PIC>
6. 添加发动机机油至上限位置。① 上限。注：推荐发动机机油等级：API标准 SE级或SF级。下图展示机油粘度与温度适用范围。<PIC>

下图展示推荐机油信息与发动机机油容量。<PIC>,[""Manual18_49"", ""Manual18_50"", ""generator_25"", ""generator_26"", ""Manual18_51"", ""Manual18_52""]"
169,"空气滤清器的正确操作步骤如下：
1. 取下盖板①。下图展示需要取下的盖板位置。<PIC>
2. 松开固定空气滤清器盖⊛的卡箍○。下图展示空气滤清器盖和卡箍的位置。<PIC>
3. 取下空气滤清器盖及滤芯④。
4. 用溶剂清洗滤芯并晾干。
5. 给滤芯上油并挤出多余机油，滤芯应湿润但不滴油。推荐机油：泡沫空气滤清器专用油或 SAE 20 号发动机油。注意：请勿拧绞滤芯，以免撕裂。
6. 将滤芯装入空气滤清器。注：确保滤芯密封面与空气滤清器贴合，无漏气。注意：发动机严禁无滤芯运行，否则会导致活塞及气缸过度磨损。警告：使用溶剂时严禁吸烟或靠近明火。
7. 将空气滤清器盖装回原位并安装卡箍。
8. 安装盖板。,[""Manual18_62"", ""Manual18_63""]"
170,"发动机无法启动时，先按“发动机无法启动”的排查流程检查。流程图用于判断启动开关、反冲启动器和机油警告灯状态。
<PIC>
1. 检查燃油系统：确认燃油是否输送到燃烧室。

如果油箱无油，添加燃油。

如果油箱有油，将油箱盖通气旋钮置于“开启”：逆时针旋转1圈；同时将燃油开关旋钮置于“开启”。下图展示油箱盖通气旋钮逆时针打开的位置。
<PIC>

如果燃油管路堵塞，清洁燃油管路。

如果化油器堵塞，清洁化油器。
2. 检查发动机机油系统：确认是否机油不足。

如果机油液位低，添加发动机机油。下图展示向发动机机油加注口添加机油的操作。
<PIC>,[""Manual18_65"", ""generator_28"", ""generator_29""]"
171,"排空燃油用于长期存放前的处理，操作如下：
1. 打开油箱盖，使用市售手动虹吸管，将油箱内燃油排入合格汽油容器，然后装回油箱盖。燃油高度易燃且有毒，请仔细阅读“安全信息”；如有燃油溢出，应立即擦拭干净。

下图展示了用手动虹吸管从油箱抽出燃油，并排入合格汽油容器的操作。
<PIC>
2. 取下盖板①，松开化油器浮子室放油螺丝—，排空化油器内燃油。

下图展示了化油器浮子室附近放油螺丝的位置，用于排空化油器内燃油。
<PIC>
3. 将燃油开关旋钮置于“关闭”位置，启动发动机，直到发动机自行停机，以燃烧完化油器内剩余燃油。,[""Manual18_66"", ""Manual18_67""]"
172,"使用该发电机为对电压敏感的精密设备供电前，应先咨询该精密设备的供应商。

同时，务必确保总负载在发电机额定输出范围内，否则可能损坏发电机。部分精密设备可能需要比便携式发电机更稳定的电压供应，例如部分医疗设备、个人电脑，以及检测峰值电压和有效值电压的逆变器。"
173,"拖曳速度、半滑航速度、滑航速度的核心区别在于油门大小、艇体姿态、尾流，以及适合练习的操控方式不同。

拖曳速度：最低操控速度，几乎不加油门。艇体沉入水中，无尾流。下图展示的是低速操控、艇体在水中行驶的状态。<PIC>

技巧与应用上，拖曳速度用于熟悉低速操控特性，也用于靠岸、停靠码头或接近物体。练习时可启动发动机后直线行驶，再不加油门做长约 15–21 米（50–70 英尺）的大 8 字路线；也可将车把向任意方向转到最大，让艇 360° 转向，练习顺时针与逆时针响应。

半滑航速度：中等速度，艇首略微抬离水面，但仍在水中行驶，产生尾流。下图展示的是艇首略微抬起并产生尾流的状态。<PIC>

技巧与应用上，半滑航速度用于前进、小半径转弯，以及结合转向完成 8 字路线。此速度下要通过油门与车把配合转向；除拖曳速度外，转向时必须始终加油门。急转弯时，转向同时必须加大油门。

滑航速度：较快速度，艇体更平稳，在水面滑行，产生尾流。下图展示的是艇体在水面上滑行并产生尾流的状态。<PIC>

技巧与应用上，滑航速度属于高速操作，需要在开阔、平静、无交通及障碍物的大水域练习。它可实现更急转弯，但在给定速度下转向角度有限；车把转向过度时，艇体可能侧滑，无法更急转弯。此时进入喷射口的水量减少，喷嘴排水量下降，转向推力降低，艇体会减速、转向变得更平缓；将车把转回较小角度可恢复正常转向。尝试高速前应先熟悉低速响应，且速度越快，停车距离越长。,[""Manual40_1"", ""Manual40_2"", ""Manual40_3""]"
174,"先在近岸练习，熟练后再前往开阔水域。驾驶者体重越大，平衡艇体难度越高。练习时不要启动发动机。将熄火绳系在手腕上，在水深至少齐胸的水域让艇漂浮。

训练：登艇与平衡
1. 游至艇尾，双手放在登艇平台上，单手抓住扶手。

这张图展示从水中游到摩托艇艇尾，并扶住登艇平台准备上艇的姿势。
<PIC>
2. 拉身体至平台跪姿，再移至座位跨坐。

这张图展示从艇尾拉住扶手登上登艇平台，并准备移到座位上的动作。
<PIC>
3. 将熄火绳系在手腕上，将卡扣安装到熄火开关。
4. 双手紧握车把，双脚放入脚坑。

这张图展示跨坐后双手握住车把、双脚放入脚坑以保持平衡的姿势。
<PIC>
5. 反复练习登艇与平衡，直至整个过程中能保持良好平衡。

本艇配备登艇台阶①，可放下辅助登艇；登艇后台阶会自动复位。

这张图展示艇尾登艇台阶①的位置，可用于辅助从水中登艇。
<PIC>,[""Manual40_13"", ""Manual40_14"", ""Manual40_15"", ""Manual40_16""]"
175,"在滑航速度下转弯，重点是控制油门、车把角度和练习节奏；急转弯时不要把车把过度打死，否则艇体可能侧滑，反而无法更急地转弯。

操作要点：
1. 先在开阔、平静、无交通及障碍物的大水域练习，因为这项练习涉及高速。
2. 记住：转向需要油门。先加速至滑航速度，再开始转向。
3. 从平缓转向、低速开始练习，随着技能与信心提升再逐步增加难度。可以先练习左右转向画椭圆。

这张图展示滑航速度下左右椭圆转向的练习路线。
<PIC>
4. 滑航速度下，艇体在给定速度下的转向角度有限。车把转向过度时，艇体可能开始侧滑，无法更急转弯。
5. 发生侧滑时，进入喷射口的水量会减少，喷嘴排水量下降，转向推力降低；结果是艇体减速，转向反而更平缓。
6. 如果出现车把转得过大、艇体开始侧滑的情况，应将车把转回较小角度，以恢复正常转向。
7. 进一步练习时，加速至滑航速度，结合左右转向完成一系列圆圈与8字路线；重复训练，逐步提高速度并减小转弯半径，切勿急于求成。

这张图展示滑航速度下圆圈与8字路线的转向练习方式。
<PIC>

提示：
1. 尝试高速前，先熟悉低速响应。
2. 滑航速度可实现更急转弯。
3. 速度越快，停车距离越长。,[""Manual40_26"", ""Manual40_27""]"
176,"要保持操控性和稳定性，关键是用油门配合车把①转向：转动车把时，艇尾喷射推力喷嘴②会改变角度，从而改变行驶方向。由于喷射推力强度决定转向速度与方向，除拖曳速度外，转向时必须始终加油门。

这张示意展示车把①与艇尾喷射推力喷嘴②的转向关系。
<PIC>

半滑航速度前进与大椭圆转向
1. 逐渐加速至半滑航速度，保持速度平稳右转。
2. 重复训练，平稳左转。
3. 重复训练，前进并转向完成完整椭圆。

这张示意展示半滑航速度下完成完整椭圆转向的行驶路线。
<PIC>

绕圈行驶
1. 右转绕大圈，保持速度不变，逐渐缩小圈径。
2. 重复训练，左转绕圈。

这张示意展示右转和左转绕圈时逐步缩小圈径的路线。
<PIC>

8字行驶
1. 结合上述训练完成大8字路线。
2. 重复训练，每次缩小8字尺寸。

这张示意展示沿8字形路线行驶的方向与转向路径。
<PIC>

理解油门对转向的影响
1. 直线行驶逐渐加速至半滑航速度，松开油门手柄，再将车把向左右转到最大。
2. 你会发现转向能力迅速下降，发动机减速后艇体不再响应车把操作。
3. 逐渐重新加油门，观察艇体恢复响应。

提示：在此速度下急转弯时，转向同时必须加大油门。,[""Manual40_20"", ""Manual40_22"", ""Manual40_23"", ""Manual40_24""]"
177,"中低速转弯时，油门不能完全松开；摩托艇是靠油门与车把①配合转向的。转动车把时，艇尾的喷射推力喷嘴②会改变角度，从而改变行驶方向。下面这张图展示车把①与喷射推力喷嘴②的转向关系。<PIC>由于喷射推力强度决定转向速度与方向，除拖曳速度外，转向时必须始终加油门。

半滑航速度下保持稳定转弯
1. 逐渐加速至半滑航速度，保持速度平稳右转。
2. 重复训练，平稳左转。
3. 重复训练，前进并转向完成完整椭圆。下面这张图展示半滑航速度下沿椭圆路线转向行驶的练习方式。<PIC>这样练习的重点是逐渐加速、保持速度平稳，不要在转弯中突然松开油门。

绕圈时保持操控性
1. 右转绕大圈，保持速度不变，逐渐缩小圈径。
2. 重复训练，左转绕圈。下面这张图展示左右方向绕圈行驶的训练路线。<PIC>缩小圈径时仍要保持油门和速度稳定，避免因油门不足导致转向响应下降。

练习更小半径路线
1. 结合上述训练完成大8字路线。
2. 重复训练，每次缩小8字尺寸。下面这张图展示按8字路线转向行驶的练习方式。<PIC>通过逐步缩小路线，可以在中低速下练习油门、车把和艇体响应的配合。

理解油门对转向的影响
1. 直线行驶逐渐加速至半滑航速度，松开油门手柄，再将车把向左右转到最大。
2. 你会发现转向能力迅速下降，发动机减速后艇体不再响应车把操作。
3. 逐渐重新加油门，观察艇体恢复响应。

提示：在此速度下急转弯时，转向同时必须加大油门。,[""Manual40_20"", ""Manual40_22"", ""Manual40_23"", ""Manual40_24""]"
178,"拖曳速度操控用于熟悉摩托艇在最低操控速度下的启动与转向特性，适合练习靠岸、停靠码头或接近物体时的低速操控。

训练1：拖曳速度直行与转向
1. 登艇后，先观察周围人员、物体及其他船只。
2. 启动发动机，保持直线行驶。
3. 开始转向，做长约15–21米（50–70英尺）的大8字路线，不加油门。

下方示意拖曳速度下不加油门完成大8字路线的行驶路径。
<PIC>

训练2：拖曳速度满舵转向
1. 将车把向任意方向转到最大，让艇完成360°转向。
2. 分别练习顺时针与逆时针转向，熟悉艇体对车把动作的响应。,[""Manual40_19""]"
179,"全加速行驶后要停稳，核心做法是完全松开油门，让摩托艇靠减速滑行停下；注意发动机减速后，艇体不再响应车把操作，直到再次加油门或降至拖曳速度。也就是说，转向需要油门。

这张图展示了加速、松油门停车，并在两端以拖曳速度转向的练习路线。
<PIC>
按这一路线练习时，应在拖曳速度下完成转向，再逐步提高练习速度。
1. 加速至滑航速度，松开油门手柄直至停止。
2. 停稳或降至拖曳速度后，再按练习路线以拖曳速度转向。
3. 重复训练，逐步提高最大速度，不要一开始就在较小区域内用很高速度练习。

如果前方有物体或需要判断停车距离：
1. 在水中选定一段距离外的位置，假想有物体。
2. 向选定位置加速，然后松开油门减速，判断能否在到达假想物体前停下。
3. 若无法在假想物体前停下，先观察四周，再加油门并转向避让，像规避真实物体一样操作。

提示：练习区域较小时，应降低最大行驶速度；速度越快，停车距离越长。,[""Manual40_25""]"
180,"碰撞事故造成的伤亡人数多于个人摩托艇（PWC）的任何其他事故类型。驾驶时要持续观察周围人员、物体及其他船只，并留意会影响视线或遮挡视野的环境状况。

下图展示了驾驶者需要观察周围水域和两侧/后方情况，以便及时发现人员、船只或障碍物。
<PIC>
驾驶时应以安全速度谨慎行驶，并与人员、物体及其他船只保持安全距离。

避免碰撞时要做到：

●不要紧跟在其他摩托艇或船只后方。

●不要靠近他人并向其喷水或溅水。

●避开有水下障碍物或浅水区的区域。

●EX / EX Sport：避免急转弯或其他让他人难以避让或判断你行驶方向的操作。

●EX Deluxe：避免急转弯、通过强力握紧智能减速电子倒挡（RiDE）手柄快速减速，以及其他让他人难以避让或判断你行驶方向的操作。

RiDE系统是控制发动机转速与倒挡闸门的电子系统，位于喷射推力喷嘴附近。左侧握把处的RiDE手柄可改变喷射推力方向，使摩托艇后退或进入空挡。RiDE系统在减速及低速操控（如下水、靠岸、停靠码头）时为驾驶者提供辅助。

要尽早采取行动避免碰撞。记住，摩托艇及其他船只没有刹车装置。

EX Deluxe：RiDE系统并非用于规避危险的制动装置。

试图转向避开物体时，不要松开油门手柄——转向需要油门动力。启动摩托艇前，务必检查油门与转向操控是否正常。还要遵守适用于摩托艇的航行规则与当地法规。,[""Manual40_0""]"
181,"水泵发动机停机步骤：
1. 将油门手柄完全向左推。

这张图展示油门手柄向左推到底的操作位置。<PIC>
2. 将发动机开关置于“OFF”位置。①“OFF”

这张图展示发动机开关旋至“OFF”停机位置。<PIC>
3. 将燃油开关手柄置于“OFF”位置。①“OFF”

这张图展示燃油开关手柄置于“OFF”关闭位置。<PIC>,[""Manual31_16"", ""Manual31_17"", ""Manual31_18""]"
182,"水泵的核心部件包括：油箱、油箱盖、燃油开关、空气滤清器盖、火花塞、消音器、阻风门手柄、发动机开关、机油加注口盖、放油螺塞、反冲启动器、机油警告灯、油门手柄、注水螺塞、放水螺塞。

这张部件标注图展示了水泵和发动机总成上的主要外部部件位置，包括油箱、油箱盖、燃油开关、空气滤清器盖、火花塞、消音器、阻风门手柄、反冲启动器和油门手柄等。
<PIC>

这张部件标注图展示了整机另一侧的部件位置，包括发动机开关、机油加注口盖、放油螺塞、反冲启动器、机油警告灯、注水螺塞和放水螺塞等。
<PIC>,[""pump_16"", ""pump_17""]"
183,"油箱滤网清洗步骤：
1. 拆下油箱盖及滤网。①油箱盖 ②油箱滤网
2. 用溶剂清洗滤网；如果滤网损坏，则更换。
3. 擦干滤网后装回。

下图展示油箱盖和油箱滤网的拆下、清洗、擦干并装回的流程。<PIC>

警告：务必拧紧油箱盖。,[""Manual31_32""]"
184,"排放燃油用于长期存放前防止机器老化变质，步骤如下：
1. 排空油箱、燃油开关及化油器浮子室。③为化油器放油螺塞。
2. 向油箱内倒入一杯 SAE 10W30 或 20W40 发动机机油。
3. 晃动油箱，使油箱内壁均匀附着机油。
4. 排出多余机油。

下方示意排空油箱、燃油开关及化油器浮子室后，再向油箱加机油、晃动并排出多余机油的过程。
<PIC>
完成后应确保多余机油已排出。,[""Manual31_41""]"
185,"水泵无法抽水时，按以下原因逐项诊断并处理：
1. 注水螺塞或放水螺塞松动
检查注水螺塞、放水螺塞是否拧紧。若发现松动，直接拧紧。
2. 软管接头或卡箍松动
检查软管接头和卡箍连接处是否松动。若松动，将接头或卡箍拧紧。
3. O形圈或垫片损坏
检查 O形圈或垫片是否破损、老化或失效。若损坏，应更换 O形圈或垫片。
4. 机械密封损坏
如果上述部位都正常，但仍无法抽水，可能是机械密封损坏。此情况需要咨询经销商处理。"
186,"设置日期和时间可按以下顺序完成：

19 设置日期。按 + 或 - 调整年份，按“选择”键；再按 + 或 - 调整月份，按“选择”键；再按 + 或 - 调整日期，按“选择”键。

日期设置界面会显示“DATE”，右侧可用 + / - 调整，底部有“Select”确认位置。
<PIC>

20 选择时钟格式。按 + 或 - 将时钟格式设置为 12 小时制（北美标准）或 24 小时制，按“选择”键。

时钟格式选择界面用于在 12 小时制和 24 小时制之间切换，并通过“Select”确认。
<PIC>

21 设置时间。按 + 或 - 调整小时，按“选择”键；再按 + 或 - 调整分钟，按“选择”键。

时间设置界面会显示“TIME”，右侧可用 + / - 调整小时和分钟，底部用“Select”确认。
<PIC>,[""Manual36_25"", ""thermostat_07"", ""Manual36_26""]"
187,"系统运行设置

1 按模式键循环切换至下一个可用系统模式。

模式键位于温控器屏幕下方的按键区，用于切换系统模式。
<PIC>

2 循环切换，直到显示所需系统模式并保持激活状态。注：可用系统模式因型号及系统设置而异。

系统模式可选：

自动：温控器根据需要自动选择供暖或制冷。

供暖：温控器仅控制供暖系统。

制冷：温控器仅控制制冷系统。

应急供暖（仅适用于带辅助加热的热泵）：温控器控制辅助加热。不使用压缩机。

关闭：供暖和制冷系统关闭。若风扇设置为开启或循环模式，风扇仍可运行。

注：由于压缩机保护，供暖/制冷指示灯会闪烁 5 分钟。

风扇运行设置

1 按风扇键循环切换至下一个可用风扇模式。

风扇键位于温控器屏幕下方的按键区，用于切换风扇模式。
<PIC>

2 循环切换，直到显示所需风扇模式并保持激活状态。注：可用风扇模式因系统设置而异。

风扇模式可选：

自动：仅在供暖或制冷系统运行时风扇启动。

开启：风扇持续运行。

循环：风扇随机运行约 33% 的时间。,[""Manual36_29"", ""Manual36_30""]"
188,"调整程序日程时，按日期或日期组分别设置“起床、离家、回家、睡眠”四个时段的开始时间，并分别设定“供暖”和“制冷”温度；不需要的时段可以关闭，完成后保存回到主界面。

1 按温控器上的菜单键。

菜单键位于温控器屏幕下方的中间位置。
<PIC>

2 显示 PROG。按选择键。然后显示开启。按选择键。

3 按 + 或 - 选择要编辑的日期或日期组。按选择键。

4 按 + 或 - 选择要编辑的日程时段：起床、离家、回家、睡眠。按选择键。

5 显示开启。按选择键保持该时段开启。或按 + 然后按选择键关闭该时段。

6 时间开始闪烁。按 + 或 - 调整日程时段开始时间。按选择键。

7 温度开始闪烁。按 + 或 - 调整“供暖”设定温度。按选择键。再按 + 或 - 调整“制冷”设定温度。按选择键。

温度调整界面用于设置对应时段的制冷或供暖温度。
<PIC>

8 对剩余日程时段重复步骤 4 至 7。

9 完成后按主页键保存程序设置并返回主界面。

主页键位于控制面板下方，用于保存后返回主界面。
<PIC>,[""thermostat_04"", ""thermostat_05"", ""thermostat_06""]"
189,"程序日程临时覆盖：

1 按 + 或 - 调整温度。调整到所需设定温度后，无需其他操作。

屏幕会显示 Temporary Hold，表示当前温度只是临时保持；右侧的 + 和 - 用于调高或调低设定温度。
<PIC>

新的设定温度将保持到下一个预定时间段开始，不会更改已编程的日程。

3 如需取消临时保持，按 + 或 -，然后按取消键。,[""Manual36_32""]"
190,"主界面出现警报图标时，先进入菜单查看警报，以了解错误/警报代码；查看后，主界面上的警报符号会保留，直到被清除。

主界面底部会显示警报图标，提示有警报需要查看。
<PIC>
1. 在菜单中查看警报，以了解错误/警报代码。

警报菜单界面会显示警报提示，可选择进入查看。
<PIC>
2. 暂态警报在警报菜单界面取消后，会在 7 天后再次显示。
3. 当警报图标出现时，对照警报代码列表查看错误代码，以确定问题。

警报代码界面会显示具体错误/警报代码，用于对照判断问题。
<PIC>

暂态警报界面会显示对应的暂态警报代码。
<PIC>
4. 如需处理暂态警报，可执行取消警报操作。

取消警报界面会显示 CLEAR，用于清除当前警报提示。
<PIC>
5. 对照警报代码列表确认警报含义。

警报代码列表用于根据代码查找对应的警报/提醒及定义。
<PIC>,[""Manual36_44"", ""Manual36_45"", ""Manual36_46"", ""Manual36_47"", ""Manual36_48"", ""Manual36_49""]"
191,"热泵接线时，先将每根已标记的电线与新温控器上相同字母的端子匹配，然后把电线插入对应端子；如果电线不易插入，可按下对应端子旁的端子按钮。

这张图展示热泵系统电线连接到新温控器对应端子的方式。
<PIC>

备用接线仅适用于热泵：
1. 保持 R 滑动开关在向上位置（1 根电线）。
2. 若旧温控器同时有 V 和 VR 电线，请立即停止并联系专业安装人员协助。
3. 若旧温控器有单独的 O 和 B 电线，将 B 电线连接至 C 端子。若 C 端子已连接其他电线，请立即停止并联系专业安装人员协助。
4. 若旧温控器有 Y1、W1 和 W2 电线，请立即停止并联系专业安装人员协助。

这张图展示热泵系统旧线标记与新温控器端子的对应接线关系。
<PIC>,[""Manual36_35"", ""Manual36_36""]"
192,"出现低电量图标时，应立即更换新电池；该图标通常会在电池耗尽前约两个月显示。屏幕上的低电量图标表示需要尽快更换电池。<PIC>

即使没有出现低电量图标，也应每年更换一次电池；如果离家超过一个月，也应在离家前更换。

更换电池时建议使用碱性电池。

为确保更换后设备功能正常，尽量在两分钟内完成电池更换；这样无需重新设置时间和日期。其他所有设置会永久存储在内存中，不需要电池供电。,[""Manual36_41""]"
193,"常规系统接线时，如果旧线标签与新温控器端子字母不匹配，应按备用接线方式连接，并同时按以下注释处理 R、Rc、RH、C/C1 线。

接线示意展示了常规系统备用接线时旧线标签与新温控器端子的对应关系。
<PIC>
1. 若必须同时连接 R 和 Rc 电线，将 R 滑动开关拨至向下位置（2 根电线）。
2. 若旧温控器同时有 R 和 RH 电线，将 R 滑动开关拨至向下位置（2 根电线）。然后将 R 线连接至 Rc 端子，RH 线连接至 R 端子。
3. 若旧温控器仅有 1 根 C 或 C1 电线，将其连接至 C 端子。若旧温控器有 2 根 C 或 C1 电线，分别用电工胶带包裹且不连接。,[""Manual36_34""]"
194,"若温控器出现问题，可先尝试以下故障排除方法；大多数问题可快速、简便解决。

屏幕空白：如果使用电池供电，请确保已正确安装全新 AA 碱性电池。

无法将系统设置切换至制冷模式：检查系统设置选项 220，确保设置为 1 或 2。

需要供暖时风扇不启动：检查系统设置选项 205，确保设置与您的供暖设备匹配。

制冷模式下供暖系统运行：检查系统设置选项 200 或 218，确保设置与您的供暖和制冷设备匹配。

供暖或制冷系统无响应：按系统键将系统设置为供暖，并确保温度设定高于室内温度；或将系统设置为制冷，并确保温度设定低于室内温度。检查断路器，必要时复位。确保供暖和制冷系统的电源开关已打开。确保炉门紧闭。等待 5 分钟让系统响应。

屏幕上“供暖开启”或“制冷开启”闪烁：等待系统响应；若与压缩机保护相关，等待 5 分钟让系统安全重启，避免损坏压缩机。

热泵问题，例如供暖模式吹冷风，或制冷模式吹热风：等待 5 分钟让系统安全重启，避免损坏压缩机。检查系统设置选项 200 或 218，确保设置与您的供暖和制冷设备匹配。"
195,"处理器单元由正面和背面的以下关键部件构成：

正面包含状态指示灯、AUX端口、HDMI输出端口。状态指示灯白色表示已开机，红色表示待机模式。

处理器单元正面部件如下，包含状态指示灯、AUX端口和HDMI输出端口。
<PIC>

*A）状态指示灯：白色：已开机；红色：待机模式
*B）AUX端口
*C）HDMI输出端口

背面包含HDMI电视端口、HDMI PS4端口、USB端口、DC IN 12V接口和通风口。

处理器单元背面部件如下，包含HDMI、USB、电源输入接口和通风口。
<PIC>

*A）HDMI电视端口
*B）HDMI PS4端口
*C）USB端口
*D）DC IN 12V接口
*E）通风口,[""Manual38_1"", ""Manual38_2""]"
196,"耳机类型为立体声耳机，耳塞部位标注为 A。立体声耳机整体外观如下，A 位置是耳塞。<PIC>

耳塞尺寸方面，出厂时已安装 M 号耳塞；可更换为 S 号或 L 号耳塞，以获得更贴合的佩戴效果。

更换耳塞时，旋转耳塞后将其拔下即可。下图展示旋转并拔下耳塞的操作方式。<PIC>

安装新耳塞时请牢固安装，防止使用过程中意外脱落。,[""Manual38_3"", ""Manual38_4""]"
197,"清洁遮光罩前，出于安全考虑，请先拔下电源线并断开其他所有线缆。不要使用溶剂或其他化学药剂清洁产品外壳，也不要使用经化学处理的清洁布擦拭产品。

遮光罩清洁步骤：
1. 将遮光罩从 VR 头显上取下。
2. 用水清洗遮光罩。
3. 用软布将遮光罩完全擦干。
4. 擦干后再装回头显。
5. 重新安装时，将遮光罩上的凸点与头显上的 13 个孔对齐。

这张图展示遮光罩在 VR 头显内侧的安装位置，以及凸点与头显孔位对齐后装回的方向。
<PIC>,[""Manual38_5""]"
198,"PS VR 的游玩区域建议在摄像头捕捉范围内使用；高度取决于摄像头的捕捉范围，宽度和深度如下：宽度约 1.9 m，深度约 3.0 m。下方示意展示了 PlayStation Camera 与游玩区域的相对位置和尺寸范围。<PIC>

使用前，请检查并清理大于游玩区域的活动空间，移除障碍物。按照 PS VR 设置界面的指示调整摄像头位置及角度，使自己处于 VR 模式的最佳游玩位置，也就是游玩区域中央。若使用 VR 模式时超出游玩区域，头显屏幕会出现警告。

使用头显时尽可能保持坐姿；如果应用程序支持站立模式，请严格遵循其指示操作。,[""Manual38_0""]"
199,"使用前和使用中应注意以下安全预防措施：
1. 保护线缆与接口：请勿损坏电源线及电源适配器。连接前，检查接口是否没有灰尘及细小杂物。请勿抓着线缆甩动VR头显或电源适配器。待头显上的追踪灯熄灭后，再取下VR头显或拔下头显连接线；灯光亮起时取下或拔线可能导致设备故障。
2. 避免撞击和儿童误用：请勿在产品上放置物品、投掷或摔落产品，或使其遭受强烈物理撞击。请将本产品放置在幼儿接触不到的地方，避免幼儿吞咽细小零件、拉扯线缆导致处理器单元或VR头显坠落，或将线缆缠绕在身上，造成伤害、意外或设备故障。
3. 防止异物、液体和污染物进入：请勿让液体或细小颗粒进入产品内部，包括接口、通风口等。若发生此情况，请立即停止使用并断开电源。请勿将产品暴露在灰尘、烟雾或蒸汽中，否则可能引发火灾或触电。
4. 禁止拆卸或改装：严禁拆卸或改装本产品及配件。请按说明使用本产品及配件，未经授权不得拆解、改装或分析使用其电路结构。拆卸会导致产品保修失效，并存在火灾、触电或故障风险。
5. 异常或无响应时正确关机：若设备异常或无响应，长按VR头显线控上的电源键至少7秒强制关机，然后重新开机。若问题依旧，请重启系统。
6. 保护听力：以高音量使用头显或耳机可能导致永久性听力损伤。请将音量调至安全水平。若出现耳鸣、耳部不适或听觉模糊，请停止聆听并检查听力。为保护听力，应缩短高音量使用时间，不要调高音量来隔绝环境噪音；若听不到身边人说话，请调低音量。
7. 注意静电与皮肤不适：在特别干燥的环境下使用头显或耳机时，耳朵可能偶尔感受到短暂轻微的静电触击，这是人体积聚静电所致，并非设备故障。若VR头显、立体声耳机或立体声头戴设备（另售）导致皮肤不适，请停止使用；若使用后症状未消退，请立即停止使用并就医。
8. 雷雨天气避免触碰电源相关部件：雷雨天气时，请勿触碰电源线、电源适配器或处理器单元。
9. 防止低温烫伤：产品开机时，避免身体长时间接触处理器单元、电源适配器或通风口排出的空气。长时间接触可能导致低温烫伤。低温烫伤是指皮肤长时间接触温度相对较低（40℃及以上）的物体所造成的烫伤。
10. 避免结露损坏：若PS VR从寒冷环境直接移至温暖环境，产品内部可能结露，产品可能无法正常工作。此时请关闭产品，断开电源线，待水分完全蒸发后再使用，可能需要数小时。若仍无法正常工作，请联系PlayStation客户服务热线。
11. 高温时停止使用并散热：若处理器单元内部温度升高，屏幕将显示提示信息。此时请关闭系统并静置一段时间。待处理器单元冷却后，将其移至通风良好的位置再继续使用。请勿遮挡处理器单元的通风口，也不要在封闭橱柜等易积热环境中使用本产品。
12. 正确使用电源适配器和电源线：使用易于插拔的电源，以便需要时快速断开电源线。若产品异常运行、发出异常声音或气味、或过热发烫，请立即停止使用，断开电源线及其他所有线缆。处理器单元状态指示灯为红色时，请拔下电源线；指示灯为白色或闪烁红色时拔线可能导致故障。
13. 只使用标配电源配件：请勿使用产品标配以外的电源适配器或电源线。标配电源适配器及电源线专为该产品设计，不可用于其他产品；其他适配器或电源线也不可用于本产品。违反此注意事项可能导致产品过热，引发火灾或触电。
14. 插拔和清洁时注意用电安全：连接好HDMI线缆后，再将产品电源线插入电源。湿手请勿触碰电源插头。请勿用布覆盖使用中的电源适配器，否则可能积热引发火灾或故障。清洁或长期不使用产品时，请拔下电源线。请勿将电源线连接至电压变压器或逆变器。
15. 正确存放：请勿将产品或配件置于高温、高湿或阳光直射的环境中。请勿使用烘干机等厨房或加热设备烘烤产品，否则可能引发火灾、人身伤害或故障。请勿将产品或配件放置在不稳定、倾斜或易震动的平面上。
16. 防止外壳老化或变色：请勿在产品上使用溶剂或其他化学药剂。避免橡胶或乙烯基材料与产品长时间接触。产品及其部件由金属和塑料制成，废弃时请遵守当地法规妥善处理。"
200,"保修通常包含：
1. 产品在保修期内出现经合理判定的故障时，可根据库存情况，由售后自行决定提供维修或更换服务。
2. 更换产品可以是全新或翻新产品，但应为功能相近、价值相等或更高的产品。
3. 官网订单的换货与退货，往返运费由售后承担。
4. 其他授权经销商处购买的产品，售后不承担退货运费，仅承担换货时寄回给最终用户的单程运费。

不包含：
1. 未经许可对产品或序列号/保修标签进行改装。
2. 非制造缺陷导致的任何损坏。
3. 因意外、滥用、误用、疏忽、火灾、进水、雷击或其他自然灾害、未经授权改装产品，或未遵循产品说明书操作导致的损坏、老化或故障。
4. 安装不当、未经授权的更改或改装，或由非授权人员进行维修或尝试维修。
5. 运输途中损坏；这类情况需要向承运方提出索赔。
6. 正常磨损。

另外，保修并不保证产品一定满足您的所有需求，用户需自行判断该产品是否适用于自己的用途。参与“三日换新”计划的电源供应器，只要购买自授权经销商，无论购买地点，均提供往返加急配送服务。"
201,"损害赔偿的免责声明是：保修项下的唯一义务与责任，仅限于由厂家自行选择，以全新或翻新、功能相近且价值相等或更高的产品，对故障产品进行维修或更换。

在任何情况下，厂家均不对任何间接或继发性损害承担责任，包括但不限于：

服务中断；

数据丢失；

业务损失；

因本产品或其使用、持有相关的民事侵权责任。

此外，不存在其他明示或默示担保，包括但不限于适销性担保或特定用途适用性担保。默示担保的有效期仅限于保修条款中规定的保修期限。"
202,"1. 将 USB-C 线连接到键盘背面的接口，另一端连接到电脑上可用的 USB 2.0（或更高速度）接口。
2. 将腕托安装到键盘正面。腕托仅适用于全尺寸及无小键盘版本，采用磁吸设计，可自动吸附并居中。
3. 如果需要更高的打字倾斜角度，可展开键盘底部的可调节支撑脚。支撑脚共有两层，可选择中高两档角度。"
203,"拆卸轴体
1. 使用附赠的拔轴器，从顶部夹住轴体。
2. 将拔轴器两端沿轴体前后方向放置。
3. 轴体由两个卡扣固定在定位板上，按下卡扣即可拆卸。

下图展示了用拔轴器夹住轴体并向上拆卸的操作方式。
<PIC>

注意：工具请勿刮擦上盖面板，无需从轴体下方撬动。仅需夹住轴体外壳底部两侧即可。

重新安装轴体
1. 安装前，确保所有针脚笔直，无弯曲或折向轴底外壳的情况。
2. 目视检查轴体上的两个金属针脚与键盘上的轴座插孔对应。
3. 垂直向下用力将轴体插入键盘插槽。
4. 正确插入后，轴体外壳两侧应紧贴键盘上盖面板。

下图展示了轴体针脚对准键盘轴座插孔后垂直向下安装的方式。
<PIC>,[""Manual21_14"", ""Manual21_15""]"
204,"使用CAM软件搭配功能键盘时，先前往官网下载最新版CAM软件。

本功能键盘自带四个板载配置文件，可通过CAM软件设置并保存。配置信息保存后，无需运行CAM，也可以使用已存储的灯光、宏命令等功能。

按下FN（功能键）+F1、F2、F3或F4中任意一键，即可切换至对应编号（1至4）的配置文件。

配置文件1至4自带四种默认灯光模式，按下FN键+F1、F2、F3或F4即可切换调用。

在CAM软件中：
1. 进入键盘/灯光设置界面，可逐键自定义灯光，并按需将灯光设置保存至配置文件。
2. 进入键盘/宏命令设置界面，可创建简单或复杂的宏命令，并按需保存至配置文件。
3. 进入键盘/按键重映射设置界面，可创建全新的自定义按键绑定，并按需保存至配置文件。"
205,"在硬件模式下使用功能键盘时，可通过键盘上的板载配置文件切换灯光设置。

配置文件 1 至 4 自带四种默认灯光模式，按下 FN（功能键）+ F1、F2、F3 或 F4，即可调用对应的默认灯光模式。

如果已经设置了自定义灯光，并将其分配到某个板载配置文件，切换到该自定义配置文件时，就会激活对应的自定义灯光。

按键对应关系为：按下 FN + F1、FN + F2、FN + F3 或 FN + F4，即可切换到对应编号 1 至 4 的配置文件。"
206,"安装挡泥板
1. 将挡泥板侧转，然后向上滑入左侧把手管。注意：不要让“凸点”卡入1号孔。

这张图展示挡泥板从下方向上滑入左侧把手管的方向。
<PIC>
2. 继续安装挡泥板，使“凸点”卡入2号孔。

这张图展示“凸点”应卡入2号孔，而不是1号孔。
<PIC>,[""rideon_motorcycle_01"", ""rideon_motorcycle_02""]"
207,"安装前轮

前轮安装示意展示前轴穿过两侧把手管和前轮的位置，两侧把手管内外都需要安装垫片。
<PIC>
1. 将前轴穿过两侧把手管及前轮，两侧把手管内外均需安装垫片。
2. 使用两个螺母将前轴及车轮固定在把手管上，使用随产品提供的扳手拧紧螺母，直至螺纹尽头。

前轮装好后，需要检查车轮与把手管之间的间隙。
<PIC>

注意：前轮及前轴组装完成后，请检查车轮与把手管之间的间隙。若间隙过大、车轮定位不稳，建议在车轮与把手管之间加装额外垫片（不随产品提供）。加装垫片并重新安装前轴后，检查间隙是否最小化，同时确保车轮可自由转动。若车轮卡死，则减少一片垫片。,[""Manual26_6"", ""Manual26_7""]"
208,"鼠标需使用两节 AA 型号电池。安装步骤如下：
1. 按下按钮，电池仓盖弹出。下方图片展示电池仓盖释放按钮的位置。
<PIC>
2. 按照鼠标内部标注的正负极（+ 和 -）装入两节 AA 电池。下方图片展示电池在电池仓内的正负极安装方向。
<PIC>
3. 装回电池仓盖。下方图片展示电池仓盖装回的位置。
<PIC>,[""Manual27_1"", ""Manual27_2"", ""Manual27_3""]"
209,"安装前，先将 USB 蓝牙接收器插入电脑的 USB 接口。
1. 将附带的安装光盘放入光驱。
2. 驱动程序将自动加载。若未自动加载，请双击光驱中 bin 文件夹内的 Setup.exe。
3. 欢迎界面会引导您完成安装。点击“下一步”继续。
该界面是 WIDCOMM 蓝牙软件安装向导的欢迎界面。
<PIC>
4. 阅读协议并选择“我接受许可协议中的条款”。点击“下一步”继续。
该界面用于确认许可协议。
<PIC>
5. 程序将安装至图示文件夹。点击“更改”可选择其他安装路径。点击“下一步”继续。
该界面用于确认或更改安装目标文件夹。
<PIC>
6. 点击“安装”开始安装。安装过程可能需要一些时间。
该界面表示已准备开始安装程序。
<PIC>
7. 出现安装完成界面表示安装完成。
该界面表示 WIDCOMM 蓝牙驱动程序已安装完成。
<PIC>
8. 拔下接收器重新插入，鼠标将自动配对。点击“完成”退出安装。系统将提示您重启电脑以使蓝牙驱动生效；点击“是”立即重启，或点击“否”稍后重启。
该界面是重启系统提示，用于让蓝牙驱动配置更改生效。
<PIC>,[""Manual27_4"", ""Manual27_5"", ""Manual27_6"", ""Manual27_7"", ""Manual27_8"", ""Manual27_9""]"
210,"请按以下步骤从电脑中卸载 WIDCOMM 蓝牙驱动程序：
1. 拔下 USB 蓝牙接收器。
2. 点击 开始 > 设置 > 控制面板 > 添加或删除程序。
3. 在程序列表中选择 WIDCOMM 蓝牙软件，点击“删除”。
4. 系统开始卸载程序，此过程可能需要一些时间。
5. 程序卸载完成后，系统将提示重启电脑。点击“是”立即重启，或点击“否”稍后重启。"
211,"蓝牙鼠标出厂默认已设置为预配对模式。如需在 Windows 系统中快速配对，请按以下步骤启用预配对模式。
1. 将 USB 蓝牙接收器插入电脑的 USB 接口。
2. 按下鼠标底部的配对按钮。鼠标底部的圆形按钮就是配对按钮。<PIC>
3. 按下 USB 蓝牙接收器底部的按钮，直至 LED 指示灯每秒闪烁一次。这表示蓝牙接收器已开始搜索待配对设备。（本款鼠标不含接收器销售。）USB 蓝牙接收器底部按钮用于启动配对搜索。<PIC>
4. 移动鼠标以确认连接成功。

若鼠标无法使用，请检查 BIOS 设置中是否已启用鼠标的 USB 功能。部分老旧电脑系统在 BIOS/DOS 环境下不支持 USB 键盘 / 鼠标。,[""Manual27_10"", ""Manual27_11""]"
212,"使用蓝牙驱动程序进行鼠标配对前，请先按照 “3 WIDCOMM 蓝牙驱动程序的安装与卸载” 中的说明安装驱动程序。然后按下面步骤操作：
1. 按下 USB 蓝牙接收器按钮，直至出现人机接口设备（HID）界面。

蓝牙装置选择界面会显示可选择的 HID 设备列表，用于选择要连接的鼠标。
<PIC>
2. 鼠标连接成功后，将出现确认信息。点击确认连接正确的鼠标。

连接成功后的确认提示会要求用已连接的鼠标点击按钮，以确认连接的是正确鼠标。
<PIC>,[""Manual27_12"", ""Manual27_13""]"
213,"查看电量有两种方式：

蓝牙鼠标带有电量 LED 指示灯；当电量耗尽时，LED 指示灯会变为琥珀色，请立即更换电池。顶部 LED 指示灯与底部指示灯状态一致。

这张图展示电量 LED 指示灯在鼠标顶部的位置，位于滚轮下方、左右按键之间。
<PIC>

如需查看更详细的鼠标电量信息，请进入：控制面板 > 鼠标 > 蓝牙。

这张图展示在“鼠标”的“蓝牙”页面中查看蓝牙鼠标电量信息的位置。
<PIC>,[""Manual27_14"", ""Manual27_15""]"
214,"要开始使用蓝牙驱动程序，请双击系统托盘中的蓝牙图标。

系统托盘中的蓝牙图标用于启动蓝牙驱动程序。
<PIC>
1. 蓝牙初始配置向导将启动。请按照屏幕上的说明完成配置。
2. 蓝牙配置完成后，将出现 HID 界面并开始搜索蓝牙设备。

HID 设备选择界面会显示可连接的蓝牙设备列表。
<PIC>
3. 点击您要连接的 HID 设备。然后按照屏幕上的说明启用所选设备。

关于蓝牙图标：蓝牙图标用于显示接收器状态。
1. 红色图标：未插入接收器。
2. 白色图标：接收器已插入。
3. 绿色图标：接收器已检测到 HID 设备。,[""Manual27_16"", ""Manual27_17""]"
215,"除鼠标外，蓝牙驱动程序还允许您连接其他蓝牙设备。
1. 确保 USB 蓝牙接收器已插入电脑。
2. 将您要连接的蓝牙设备（如打印机、调制解调器、掌上电脑）设置为可被蓝牙驱动程序搜索。
3. 按下 USB 蓝牙接收器按钮，直至出现 HID 界面。
4. 从下拉菜单中选择要搜索的设备类型。下图展示的是蓝牙设备类型选择的下拉菜单界面。
<PIC>
5. 将显示检测到的设备。点击设备，驱动程序将引导您启用连接。,[""Manual27_18""]"
216,"拆卸烤箱门前，请佩戴防护手套。执行操作前，确保烤箱已冷却，并在维护前断开电源。
1. 完全打开烤箱门。
2. 抬起卡扣并向前推至极限位置。

这张示意展示门铰卡扣被抬起并向前推到极限位置的状态。
<PIC>
完成这一步后，两个卡扣应处于打开并推到位的状态。
3. 将烤箱门关至最大角度（A），向上抬起（B）并转动（C），直至脱开（D）。

这张示意展示门体在角度 A 位置后，按 B、C、D 方向抬起、转动并脱开的动作。
<PIC>
门体脱开后即可取下。,[""oven_01"", ""oven_02""]"
217,"安装烤箱门前，请佩戴防护手套，并确认烤箱已冷却；维护前请断开电源。

安装门体：
1. 将铰链装入对应位置。
2. 完全打开烤箱门。
3. 放下两个卡扣。
4. 关闭烤箱门。"
218,"移动顶部加热元件仅适用于部分型号。
1. 取下侧边配件支架格栅。
这张图展示取下烤箱侧边配件支架格栅的操作。<PIC>
2. 轻轻拉出加热元件。
这张图展示用手将顶部加热元件轻轻拉出的操作。<PIC>
3. 将加热元件向下放下。
这张图展示顶部加热元件被向下放下后的状态。<PIC>
4. 复位时，抬起加热元件并轻轻向自身方向拉动，确保其支撑在侧支架上。,[""oven_03"", ""oven_04"", ""oven_05""]"
219,"更换后部灯（如有）：
1. 断开烤箱电源。
2. 拧下灯罩。下图展示的是伸入烤箱内拧下后部灯罩的操作。
<PIC>
3. 更换灯泡，然后再拧回灯罩。下图展示的是将后部灯罩拧回原位的操作。
<PIC>
4. 重新接通烤箱电源。

注意：仅使用 25‑40W/230V E‑14、耐温 300℃ 的白炽灯。灯泡可从售后服务中心购买。

重要提示：灯罩复位前，请勿使用烤箱。,[""oven_06"", ""oven_07""]"
220,"接油盘应放在烤架下方，用来收集油脂和食物碎屑。

接油盘也可以作为烤盘使用，用来烹饪肉类、鸡肉、鱼类等食物，也可搭配蔬菜一起烹饪。

使用时可向接油盘中倒入少量水，这样可以避免油脂飞溅及冒烟。

这张图展示的是接油盘的外观，可用于确认配件形状。
<PIC>,[""oven_08""]"
221,"烤箱外部清洁时，不要使用腐蚀性或研磨性清洁剂。若这类产品意外接触到设备，请立即用湿布擦拭。

用湿布清洁烤箱外部表面。若污渍严重，可在水中加入几滴洗洁精清洁，最后用干布擦干。"
222,"烤架可用于烧烤食物，也可作为锅具、蛋糕模及其他烹饪容器的支架。

这张图展示的是烤箱烤架配件的外观。
<PIC>

使用时，可将烤架放在烤箱内任意可用层位。烤架可以凸面朝上安装，也可以凸面朝下安装。,[""oven_10""]"
223,"催化侧面板的作用是利用特殊微孔搪瓷涂层吸附烹饪过程中产生的油脂飞溅物。

这张图展示的是催化侧面板的外形。
<PIC>

烹饪油脂较多的食物后，建议执行自动清洁程序。,[""oven_11""]"
224,"烤盘用于烘焙饼干、蛋糕及披萨。

这张图展示的是烤箱烤盘的外观示意。
<PIC>

使用时将要烘焙的饼干、蛋糕或披萨放在烤盘上，再放入烤箱进行烘焙即可。,[""oven_09""]"
225,"烤架烤盘套装由烤架（6a）和搪瓷容器（6b）组成。使用时，将这套烤架烤盘套装放置在烤架（3）上，并配合烧烤功能使用。

下图展示烤架烤盘套装的组成：烤架（6a）在上方，搪瓷容器（6b）在下方。
<PIC>,[""oven_13""]"
226,"油脂过滤器仅用于油脂较多的烹饪。

使用时，将油脂过滤器挂在烤箱腔体后壁、正对风扇的位置。它可以配合热风循环功能使用。

油脂过滤器为圆形网状配件，外观如下。
<PIC>

清洁时，油脂过滤器可以放入洗碗机清洗。,[""oven_14""]"
227,"滑动搁架用于在烹饪过程中将烤架与接油盘半拉出，方便操作；它适用于所有配件，并且可放入洗碗机清洗。

下图展示了滑动搁架支撑烤架与接油盘、可半拉出的结构。
<PIC>,[""oven_15""]"
228,"安装肩带（另售）时，先将肩带卡扣安装到相机上，然后再安装肩带。
1. 打开肩带卡扣。使用卡扣安装工具按所示方式打开肩带卡扣。
这张图展示了用卡扣安装工具打开肩带卡扣的操作。
<PIC>
请妥善保管该工具，拆卸肩带时需要用它打开卡扣。
2. 将肩带卡扣安装到每个挂绳环上。将挂绳环钩入卡扣开口，用另一只手按住卡扣，然后取出工具。
这张图展示了把挂绳环钩入肩带卡扣并取出工具的操作。
<PIC>
3. 将卡扣穿过每个挂绳环。把卡扣完全旋转穿过挂绳环，直到咔哒闭合。
这张图展示了卡扣旋转穿过挂绳环并闭合的状态。
<PIC>
4. 将肩带穿过每个卡扣。
这张图展示了肩带穿过卡扣后的安装方式。
<PIC>

注意事项：

肩带仅作肩带使用。请勿将肩带套在脖子上。

注意肩带不要遮挡相纸出口。

安装肩带时，挂绳环可能会磨损或褪色。,[""Manual29_12"", ""hybrid_instant_camera_03"", ""hybrid_instant_camera_04"", ""hybrid_instant_camera_05""]"
229,"1. 滑动电池盖，将其打开。

这张图展示了滑动并打开相机底部电池盖的操作。
<PIC>
2. 按照电池上的箭头指示装入电池。确保电池上的黄线与相机上的标记对齐。

这张图展示了电池按箭头方向滑入相机，并对齐黄线与相机标记的位置。
<PIC>
3. 关闭电池盖。,[""Manual29_13"", ""Manual29_14""]"
230,"1. 打开相仓：按住相仓锁按钮（1），然后将拨杆向右滑动（$\boxdot$），直至相仓略微打开。
这张图展示按住相仓锁按钮并向右滑动拨杆的操作。<PIC>
2. 装入相纸盒：握住相纸盒两侧，将相纸盒底部对准相仓凹槽（$\boxdot$），然后平直插入（2）。
这张图展示相纸盒对准相仓凹槽并平直插入的方向。<PIC>
3. 关闭后盖：关闭后盖，并确保后盖锁咔哒到位。
这张图展示关闭相机后盖的步骤。<PIC>
4. 取出保护盖：关闭后盖时，黑色相纸保护盖会自动弹出。从相纸出口取出相纸保护盖。
这张图展示黑色相纸保护盖从相纸出口弹出后取出的操作。<PIC>,[""Manual29_26"", ""Manual29_27"", ""hybrid_instant_camera_01"", ""hybrid_instant_camera_02""]"
231,"相纸用完时，拍摄画面右侧的所有点会以灰色显示。

取出用完的相纸盒：
1. 按住相仓锁按钮（1），然后将拨杆向右滑动（$\boxdot$），直至相仓略微打开。

这张图展示按住相仓锁按钮并向右滑动拨杆，让相仓打开的操作。
<PIC>
2. 握住相纸盒上的矩形孔，然后平直拉出。

这张图展示握住相纸盒矩形孔并将相纸盒平直拉出的操作。
<PIC>,[""Manual29_28"", ""Manual29_29""]"
232,"自动打印模式的设置方法：
1. 将相机侧面的打印模式选择器切换到“AUTO”。

这张示意展示了把侧面打印模式选择器拨到“AUTO”的位置。<PIC>
2. 切换后，拍摄画面上会出现自动打印模式图标。

这张画面展示了自动打印模式图标在拍摄画面中的显示位置。<PIC>
3. 设置为自动打印模式后，图像保存后会立即开始打印。

这张示意展示了图像保存后，相纸从相机顶部自动输出的状态。<PIC>,[""Manual29_30"", ""Manual29_31"", ""Manual29_32""]"
233,"手动打印模式是默认设置。设置时，将相机侧面的打印模式选择器切换到“MANUAL”。

这张图展示了把侧面的打印模式选择器切换到“MANUAL”的位置和操作。
<PIC>

切换后，拍摄画面上会出现手动打印模式图标。

这张图展示了手动打印模式下拍摄画面上显示的图标。
<PIC>

在手动打印模式下，图像会保存到内存中，您可以稍后选择并打印，而不是拍摄后立即打印。

这张图展示了图像保存后再由用户选择并打印的使用方式。
<PIC>,[""Manual29_33"", ""Manual29_34"", ""Manual29_35""]"
234,"1. 顺时针转动镜头环（电源开关）开机。

这张图展示了顺时针转动镜头环打开电源的操作。
<PIC>
2. 手持相机并确认最终图像的构图。

这张图展示了双手握持相机进行拍摄的姿势。
<PIC>
3. 选择拍摄模式或进行图像效果设置。
4. 半按快门对焦。

对焦成功：相机发出蜂鸣声，显示屏上出现绿色对焦框。

对焦失败：显示屏上出现红色对焦框。此时请更改构图或使用对焦锁定。
5. 完全按下快门拍摄照片。照片拍摄完成并保存到相机内存。

若打印模式设为自动打印模式，图像将被打印。

拍摄时，请双手持机，肘部抵住身体。按下快门时，注意不要触碰镜头表面；完全按下快门时，请轻按。

注意手指或肩带不要遮挡闪光灯、镜头或相纸出口。

光线不足时，拍摄可能会触发闪光灯；可更改闪光灯设置关闭闪光。

内存已满时，快门无法释放，无法拍摄。请删除内存中的图像或更换存储卡。相机内存最多可保存约 50 张图像；使用存储卡时，每 1GB 可保存约 1000 张图像。,[""Manual29_36"", ""Manual29_37""]"
241,"Before first use:

1 Remove all packing material.

2 Remove any stickers or labels, if available, from the appliance.

3 Thoroughly clean the appliance before first use, as indicated in the cleaning chapter."
242,"The approval label of the emission control certificate is attached in two places: to each engine unit and to the inside of the engine compartment. For access, use the engine hood opening and closing procedure.

The label is identified as “1 Emission control information label” on the engine compartment view.
<PIC>

The same “1 Emission control information label” location is also shown on the engine compartment/engine unit view.
<PIC>,[""Manual09_6"", ""Manual09_7""]"
243,"Before sailing, use the battery switch as part of the starting preparation:

(1) Make sure the boat is launched and used only in water that is free from weeds and debris, and at least 90 cm (3 ft) deep from the bottom of the boat.

This illustration shows the required minimum water depth under the boat.
<PIC>

WARNING! Never operate in water that is less than 90 cm (3 ft) deep from the bottom of the boat. You increase your chance of hitting an underwater obstacle. You could be injured. Pebbles or sand can also be sucked into the jet intakes, damaging the impellers.

NOTICE: There is a hull drain plug at the bottom of the stern. Check the O-ring on the hull drain plug and make sure that the plug is tightened securely before launching the boat. Otherwise, water may flood the boat and cause it to submerge.

This illustration shows the hull drain plug at the bottom of the stern.
<PIC>

(2) Turn the battery switch to the ON position.

(3) Push the blower switch to operate the blowers and ventilate the engine compartment for at least 4 minutes.

This illustration shows the blower switch on the control panel.
<PIC>,[""Manual09_233"", ""Manual09_234"", ""Manual09_235""]"
244,"Your boat is steered by turning the steering wheel in the same direction you want to travel, right or left.

The steering wheel is the control used to turn the boat left or right.
<PIC>
When the steering wheel is turned, the angle of the jet thrust nozzles at the rear of the craft changes. This changes the direction of the jet thrust, and the boat changes direction accordingly. The articulating keel also changes direction according to the movement of the jet thrust nozzles.

The rear jet thrust nozzles and articulating keel move with the steering input.
<PIC>
Because the strength of the jet thrust determines the speed and direction of a turn, the throttle must always be opened above idle when attempting a turn, except at trolling speed.

The boat steers from the stern, so the stern swings out in the opposite direction of your turn. For example, if you turn to starboard, the stern swings to the left. Keep this in mind when navigating near a person in the water or near an obstacle such as a dock.,[""Manual09_52"", ""Manual09_53""]"
245,"If “Over Temperature” appears, immediately reduce engine speed, return to shore or maneuver to a safe location, and check for water discharge at the cooling water pilot outlets.

The cooling water pilot outlets are on the starboard side of the hull: 1 is the cooling water pilot outlet for the port engine, and 2 is the cooling water pilot outlet for the starboard engine.
<PIC>
With the engines running, especially while applying throttle, make sure water is coming out of the outlets. If no water comes out, cooling water may not be circulating in the engines.

If the cooling water passages in the engines are dry, it may take about 20 seconds after starting for water to reach the pilot outlets.

If water is not circulating, something may be clogging the intake grates. The intake grate is located at the underside near the jet pump area.
<PIC>

If the cause of overheating cannot be found and corrected, take special precautions to avoid major engine damage while returning to shore.

Single engine overheating: shut off the overheating engine and use the properly running engine to return to shore. Operate at no-wake speed, 8 km/h or 5 mph, to prevent water from flooding the non-operating engine through the water intake.

Both engines overheating: if getting a tow from another vessel is not possible, operate both engines just slightly above idle while returning to shore. If you can be towed, use the towing procedure.,[""Manual09_95"", ""Manual09_96""]"
246,"Turn on the stereo / sound system, then play audio from your phone through Bluetooth, USB, or the auxiliary input.

The stereo receiver is the control unit for the sound system.
<PIC>
The sound system includes the receiver, speakers, auxiliary input jack, USB terminal, and Bluetooth.

For a wired phone connection, use the auxiliary input jack or USB terminal shown here.
<PIC>
1 Auxiliary input jack
2 USB terminal

For detailed stereo receiver operation, use the stereo system Operation Manual included with your boat.,[""Manual09_111"", ""Manual09_112""]"
247,"Use the wet storage compartment under the swim platform for wet items.

To open it:
1. Pull the lock handle up.
2. Turn the lock handle clockwise, and then open the rear platform hatch.

The opening parts are the rear platform hatch and the lock handle.
<PIC>

The wet storage compartment is inside under the opened rear platform hatch.
<PIC>

To close it:
1. Close the rear platform hatch.
2. Turn the lock handle counterclockwise and make sure that the hatch is securely closed.
3. Push the lock handle down.

TIP: The engines will not start if the rear platform hatch is not securely closed.,[""Manual09_143"", ""Manual09_144""]"
248,"The battery compartment is located on the port side of the boat at the stern.

WARNING: Do not carry any flammable substances in the compartment, or any heavy or metal items that can damage the battery or cause a short circuit. Sparks or fire could result.

To open the battery compartment: unhook the latch, and then open the battery compartment lid.

This image shows the battery compartment lid and latch used to open it.
<PIC>

This image shows the battery compartment after the lid is opened.
<PIC>

To close the battery compartment: close the battery compartment lid, and then hook the latch onto the deck.,[""Manual09_157"", ""Manual09_158""]"
249,"For the 210FSH DELUXE, the anchor light is removable and is also the “all-around” light for navigation at night or in low-visibility conditions. There is no separate procedure given for installing it while the boat is moving; use the normal setup procedure below.

To set up the anchor light:
1. Open the lockable storage compartment.

The storage compartment is where the removable anchor light is kept.
<PIC>
2. Remove the anchor light from the anchor light holder.

This shows the anchor light stored in its holder.
<PIC>
3. Slide anchor light stoppers A and B apart to disconnect them.

The stoppers separate by sliding apart on the anchor light pole.
<PIC>
4. Extend the anchor light pole, and then screw anchor light stopper A onto the center section of the pole.

This shows stopper A being screwed onto the middle section after the pole is extended.
<PIC>
5. Open the cap of the anchor light socket, fit the protrusion on the anchor light into the slot in the socket, and then install the light into the socket.

The socket cap, slot, and protrusion are the alignment points for installing the light.
<PIC>
6. Fit anchor light stopper B into the anchor light socket.

This shows stopper B seated into the socket after the anchor light is installed.
<PIC>,[""Manual09_161"", ""Manual09_162"", ""Manual09_163"", ""Manual09_164"", ""Manual09_165"", ""Manual09_166""]"
250,"Use the jet wash only by a passenger who is not operating the boat. While it is being used, the boat operator must attach the engine shut-off cord/lanyard to their PFD and constantly scan for people, objects, and other watercraft.

Before starting, make sure the shut-off valve is open. If water leaks from the hose fitting or coil hose, or if you notice any other problem, turn the shut-off valve to the closed position immediately. On 210FSH DELUXE, make sure the anchor light socket is closed before using jet wash; if water enters the socket, it could malfunction.

The hose fitting is the connection point for the jet wash hose.
<PIC>
Use this fitting when connecting the coil hose.

To use the jet wash:

(1) Connect the coil hose to the hose fitting.
<PIC>
The coil hose connects directly into the hose fitting.

(2) Start the engines.

(3) Push the jet wash switch.
<PIC>
This switch starts the jet wash water supply.

The water supply will start 5 seconds after the jet wash switch is pushed. The water flow can be adjusted to 3 levels; push the jet wash switch to adjust the water flow level.
<PIC>
The jet wash switch is used again to change the flow level.

The display can show the active jet wash mode while the system is operating.
<PIC>
Use the displayed mode as confirmation that jet wash mode is active.

(4) Move the jet wash handle lever to discharge water.
<PIC>
The handle lever controls water discharge from the jet wash hose.

To stop using the jet wash:

(1) Push the jet wash switch.

(2) Stop the engines.

(3) Push the collar on the hose fitting inward, then disconnect the coil hose from the fitting.
<PIC>
Pressing the collar releases the coil hose from the hose fitting.

If you need to turn the water supply on or off:

(1) Stop the engines.

(2) Open the rear platform hatch.

(3) Remove the inspection cover.
<PIC>
The inspection cover gives access to the shut-off valve area.

(4) To turn on the water supply, turn the shut-off valve 90° clockwise.
<PIC>
The shut-off valve controls the jet wash water supply.

(5) To turn off the water supply, turn the shut-off valve 90° counterclockwise.

(6) Install the inspection cover.

(7) Close the rear platform hatch.

If the jet wash system will not be used for an extended period, turn the shut-off valve to the closed position. To prevent water from freezing in the jet wash hoses when storing the boat in freezing temperatures, drain the water from the hoses.,[""Manual09_172"", ""Manual09_173"", ""Manual09_174"", ""Manual09_175"", ""Manual09_176"", ""Manual09_177"", ""Manual09_178"", ""Manual09_179"", ""Manual09_180""]"
251,"To turn the jet wash water supply on or off:

(1) Stop the engines.

(2) Open the rear platform hatch.

(3) Remove the inspection cover.

The inspection cover is under the rear platform hatch.
<PIC>

(4) To turn on the water supply, turn the shut-off valve 90° clockwise.

The shut-off valve is the valve you turn to open or close the water supply.
<PIC>

(5) To turn off the water supply, turn the shut-off valve 90° counterclockwise.

(6) Install the inspection cover.

(7) Close the rear platform hatch.

If the jet wash system will not be used for an extended period, turn the shut-off valve to the closed position. If water leaks from the hose fitting or coil hose, or if you notice any other problem, turn the shut-off valve to the closed position immediately.,[""Manual09_179"", ""Manual09_180""]"
252,"To remove the bimini top:
1. Store the bimini top in the fully collapsed position.

First, remove the lock pins, and then push the center poles down. The picture shows the center pole and lock pin used in this step.
<PIC>

Pull the bimini top toward the bow. The picture shows the bimini top being pulled forward.
<PIC>

Install the storage cover.

While supporting the bimini top, remove the lock pins securing the forward support poles to the forward support pole mounting brackets. The picture shows the forward support pole, lock pin, and mounting bracket.
<PIC>

Lower the bimini top onto the rear deck. The picture shows the bimini top lowered onto the rear deck.
<PIC>
2. Remove the main pole mounting pins securing the bimini top to the main pole mounting brackets. The picture shows the main pole mounting pin location.
<PIC>
3. Remove the bimini top from the boat.,[""Manual09_189"", ""Manual09_190"", ""Manual09_191"", ""Manual09_192"", ""Manual09_193""]"
253,"To set up the bimini top for use as a canopy:
1. Raise the bimini top.

This image shows the bimini top being lifted into position.
<PIC>
2. Secure each forward support pole to the forward support pole mounting bracket using the lock pin.

This image shows the forward support pole, lock pin, and forward support pole mounting bracket connection.
<PIC>
3. Remove the storage cover, unfold the bimini top, and pull it toward the stern.

This image shows the storage cover and the direction for unfolding the bimini top toward the stern.
<PIC>
4. Push each center pole up, and then install the lock pin.

This image shows the center pole being pushed up and the lock pin installed to secure it.
<PIC>

NOTICE: Do not exceed 72 km/h (45 mph) with the bimini top in the up position.,[""Manual09_185"", ""Manual09_186"", ""Manual09_187"", ""Manual09_188""]"
254,"Do not trailer the boat with the bimini top in the fully extended or upright storage position. Put the bimini top in the fully collapsed position to avoid damage.

To store the bimini top in the upright position:

(1) Remove the lock pins, and then push the center poles down.

The image shows the center pole and lock pin used in this step.
<PIC>

(2) Pull the bimini top toward the bow.

The image shows the bimini top being pulled forward toward the bow.
<PIC>

(3) Install the storage cover.,[""Manual09_189"", ""Manual09_190""]"
255,"To check the engine oil level on water, moor the boat so that it will not drift away.

WARNING: Engine oil is extremely hot immediately after the engines are turned off. Coming in contact with or getting any engine oil on your clothes could result in burns.

NOTICE: Do not run the engine with too much or not enough oil in the oil tank, otherwise the engine could be damaged. Make sure that debris and water do not enter the oil tank filler hole. Debris and water in the engine oil can cause serious engine damage.
1. With the engine stopped, place the boat in a precisely level position on land or launch the boat.
2. Look in all directions, and then start the engine.
3. Run the engine at idling speed for 6 minutes or more. Run the engine an additional 5 minutes if the ambient temperature is 20°C (68°F) or less.
4. Stop the engine.
5. Open the engine hood.
6. Loosen the oil tank filler cap and remove it, and then wipe the attached dipstick clean.

The oil tank filler cap has the dipstick attached.
<PIC>
7. Screw the oil tank filler cap into the filler hole until it stops. Remove the oil tank filler cap again and make sure that the engine oil level is between the minimum and maximum level marks.

The dipstick has maximum and minimum level marks; the oil level should be between them.
<PIC>
8. If the engine oil level is significantly above the maximum level mark, consult a Boat dealer. If the engine oil level is below the minimum level mark, slowly add engine oil.
9. Repeat steps (6)–(8) until the engine oil is at the proper level.
10. Securely install the oil tank filler cap and turn it until it stops.
11. Repeat the checking oil level procedure for the other engine.
12. Close the engine hood.,[""Manual09_196"", ""Manual09_197""]"
256,"To use the bilge pump, turn on the bilge pump switch. When this switch is turned on, the bilge pump will operate.

The bilge pump switch is on the control panel and is labeled for the bilge pump.
<PIC>
This switch starts the bilge pump manually.

Your boat has a drainage system that channels water entering the boat from the storage compartments to the bilge under the engine compartment. Water is drained out through the bilge pump outlet.
<PIC>
The outlet is where the bilge pump discharges water from the boat.

The bilge pump can also work automatically. Even if the bilge pump switch is not turned on, it will detect excessive water in the bilge and automatically drain most of it through the bilge pump outlet. This automatic function works even if the battery switches are turned to the off position.

The bilge pump indicator light comes on while the bilge pump is operating.
<PIC>
When the pump operates automatically, it will not stop until most of the bilge water is drained.,[""Manual09_201"", ""Manual09_202"", ""Manual09_203""]"
257,"Navigation and anchor lights switch check

Push the navigation and anchor lights switch and confirm that the bow light and anchor light operate correctly.
1. 210FSH DELUXE: Install the anchor light.
2. Push the upper side of the navigation and anchor lights switch and check that the bow light and anchor light come on.

The switch shown is the navigation and anchor lights switch on the control panel.
<PIC>

The bow light should come on at the bow.
<PIC>

For 210FSH DELUXE, check that the anchor light is on.
<PIC>

For 210FSH SPORT, check that the anchor light is on.
<PIC>
3. Push the lower side of the navigation and anchor lights switch and check that only the anchor light comes on.
4. Put the navigation and anchor lights switch in the middle position and check that the bow light and anchor light are off.
5. 210FSH DELUXE: Remove the anchor light.,[""Manual09_223"", ""Manual09_224"", ""Manual09_225"", ""Manual09_226""]"
258,"To start the boat engines:

(1) Make sure the boat is launched and used in water that is free from weeds and debris, and at least 90 cm (3 ft) deep from the bottom of the boat.

The water-depth illustration shows the required minimum depth under the boat.
<PIC>

WARNING! Never operate in water that is less than 90 cm (3 ft) deep from the bottom of the boat. You increase your chance of hitting an underwater obstacle. You could be injured. Pebbles or sand can also be sucked into the jet intakes, damaging the impellers.

NOTICE: There is a hull drain plug at the bottom of the stern. Check the O-ring on the hull drain plug and make sure that the plug is tightened securely before launching the boat. Otherwise, water may flood the boat and cause it to submerge.

The stern-bottom view shows the hull drain plug location.
<PIC>

(2) Turn the battery switch to the ON position.

(3) Push the blower switch to operate the blowers and ventilate the engine compartment for at least 4 minutes.

The control-panel view shows the blower switch.
<PIC>

(4) Attach the engine shut-off cord (lanyard) to your PFD. Install the clip onto the engine shut-off switch by pushing the clip groove over the nut beneath the knob. Be sure the cord is not wrapped around the steering wheel or tangled in the controls.

The shut-off switch view shows the engine shut-off switch, clip, and engine shut-off cord.
<PIC>

WARNING! Check that the engine shut-off cord (lanyard) is attached correctly. If it is not attached correctly, it may not pull free when the operator falls off, allowing the boat to continue to run and cause an accident.

TIP: The engines will not start when the clip is removed from the engine shut-off switch. The starter motors will turn over without the cord attached.

(5) Put the remote control levers in the neutral position. The starter motors will not operate unless the remote control levers are in neutral.

(6) Turn the main switch keys to the start position and release them when the engines start. If the engines do not start after 5 seconds of cranking, release the keys. Wait at least 15 seconds before trying to start the engines again.

The key-operation view shows turning the main switch key to the start position.
<PIC>

NOTICE: Never turn the main switch keys to the start position while the engines are running. The starter mechanism could be damaged. If the starter motors are engaged continuously for more than 5 seconds, the battery will become quickly discharged and it will be impossible to start the engines. The starter motors may also be damaged if they are engaged continuously for more than 5 seconds.

On this boat, the engines are connected directly to the drive units. Starting either engine generates some thrust immediately. Only enough throttle should be applied to keep the engine at a fast enough idle to stay running.,[""Manual09_233"", ""Manual09_234"", ""Manual09_235"", ""Manual09_236"", ""Manual09_237""]"
259,"To turn the boat, use the steering wheel together with throttle. Steering control depends on both steering wheel position and the amount of throttle. The higher the engine speed, the more jet thrust is produced; the amount of jet thrust, together with the steering wheel position, determines how sharply the boat turns.

WARNING: Do not pull the remote control levers back to idle when trying to steer away from objects — you need throttle to steer. Be sure passengers are holding on before making turns. An unprepared passenger could lose balance and fall.

A. More throttle produces high thrust, so the boat will turn more sharply.

This image shows the boat making a sharper turn with more throttle and higher thrust.
<PIC>

B. Less throttle produces low thrust, so the boat will turn more gradually.

This image shows the boat turning more gradually with less throttle and lower thrust.
<PIC>

C. Pulling the remote control levers back to idle or neutral position produces only minimum thrust. If you are traveling at speeds above trolling, you will have rapidly decreasing ability to steer without throttle. You may still have some turning ability immediately after pulling the remote control levers back to idle, but when the engines slows down, the boat will no longer respond to steering wheel input until you apply throttle again or you reach a trolling speed. At trolling speed, the boat can be turned gradually by steering wheel position alone using just the amount of thrust available at engine idle.

This image shows reduced steering response when the remote control levers are pulled back to idle or neutral.
<PIC>

D. If the boat is moving and the remote control levers are in neutral position, or if there is no thrust because the engines are stopped, the boat will go straight even though the steering wheel is turned. You need throttle to steer.

This image shows that without thrust, the boat continues straight even when the steering wheel is turned.
<PIC>

Turn the steering wheel left to turn left.
<PIC>

Turn the steering wheel right to turn right.
<PIC>,[""Manual09_239"", ""Manual09_240"", ""Manual09_241"", ""Manual09_242"", ""Manual09_243"", ""Manual09_244""]"
260,"Cross wakes and swells by adjusting both your speed and the angle at which you cross them. Usually, a slower speed and “quartering” the wake or swell, meaning crossing at an angle, will reduce the jolt to you and the boat.

This diagram shows different crossing angles for a wake or swell; smaller angles can produce a stronger steering effect, so be ready to steer and balance as needed. <PIC>

When crossing at about a 45° angle, you may not notice the boat trying to steer away from the wake or swell. At a smaller angle, such as 10°, this effect can be very strong. Be prepared to steer and balance as necessary.

Crossing a group of wakes or swells is not as easy or smooth as crossing just one wake. Small swells are not as difficult to cross as larger swells or wakes. Crossing a sharp wake gives more of a jolt than crossing a broad swell.

This diagram compares a sharper wake with a broader swell, showing why a sharp wake gives more jolt. <PIC>,[""Manual09_249"", ""Manual09_250""]"
261,"Loading the boat after the cruise:
1. Disconnect the trailer lights from the towing vehicle.
2. Back the trailer down the ramp as close to 90 degrees to the shoreline as you can. If possible, have a second person stand to the side of the trailer as an observer. Stop when the tops of the trailer’s fenders are about 3 inches above the waterline.
3. With the boat moving at the slowest idle speed, guide the boat onto the support rails. Use throttle only if necessary for steering ability.

WARNING! Using too much throttle can cause the boat to jump over the front of the trailer, which can result in injury to the boat operator and bystanders.
4. Make sure the boat is centered on the support rails and headed straight for the bow stop, or bumper board. Ease the boat forward until the bow rests against the bow stop.

NOTICE: The winch line is not designed to pull the boat onto the trailer.
5. Attach and tighten the winch line.

The bow eye is the front attachment point used with the winch line and chain.
<PIC>

NOTICE: The winch line should not be the only line securing the bow during trailering. Use the chain along with the winch to secure the boat to the trailer.
6. Pull the trailer up the ramp out of the way of other boaters. Attach the bow and stern tie-downs. Reconnect the trailer lights.

The stern eye is the rear tie-down attachment point for securing the boat at the stern.
<PIC>
7. Perform the post-operation checks.,[""Manual09_255"", ""Manual09_256""]"
262,"Cooling system flushing prevents the cooling system from clogging up with salt, sand, or dirt.

(1) Connect the garden hose adapter to a garden hose.

This picture shows the garden hose adapter connected to the garden hose.
<PIC>

(2) Loosen the flush hose connector cap and remove it. Insert the garden hose adapter into the flush hose connector by pushing and twisting it until it is securely connected.

This picture shows the flush hose connector, the connector cap, and the garden hose adapter connection.
<PIC>

(3) Connect the garden hose to a water tap.

(4) Make sure that the area around the boat is clear, and then start the engine. Immediately after the engine starts, fully turn the water supply on so that water flows out continually from the jet thrust nozzle and cooling water pilot outlet.

NOTICE: Never turn on the water before starting the engine. The water could flow back through the muffler into the crankcase causing severe engine damage. Be sure to turn on the water immediately after starting the engine to prevent engine overheating.

(5) Run the engine at a fast idle for 3 to 5 minutes. If the engine stops while flushing, turn the water supply off immediately and perform the procedure again from step 4.

(6) Turn off the water supply, and then drain residual water from the exhaust system by alternately pushing the remote control lever up to half throttle and back to idle for 10 to 15 seconds.

(7) Stop the engine.

NOTICE: Never have the water on when the engine is not running. The water could flow back through the muffler into the crankcase causing severe engine damage. Do not run the engine for more than 15 seconds after the water supply has been turned off to avoid engine overheating.

(8) Remove the garden hose adapter.

(9) Install and tighten the cap securely.,[""Manual09_257"", ""Manual09_258""]"
263,"WARNING: Do not use fuses of a higher amperage than recommended. A fuse with an improper rating can cause extensive electrical system damage and possible fire.

If a fuse is blown, replace it with the proper fuse:

(1) Open the engine hood.

(2) Unfasten the band.

The image shows the band that must be unfastened near the fuse box.
<PIC>
After the band is released, the fuse box can be removed from its mounting area.

(3) Remove the fuse box from the air filter case by pulling the fuse box toward the bow.

(4) While pushing both sides of the fuse box cover inward, pull the cover toward the bow and remove it.

The image shows the fuse box cover being removed by pressing the sides inward and pulling it toward the bow.
<PIC>
Inside the fuse box are the electronic throttle valve fuse, fuel pump fuse, main relay drive fuse, main fuse, fuse puller, battery fuse, spare fuse, and unused fuse.
<PIC>
Use the fuse puller and the correct spare fuse when replacing the blown fuse.

(5) When replacing the accessory fuse and bilge pump fuse, remove the fuse holder. Open the battery compartment to access the accessory fuse and bilge pump fuse.

The image shows the fuse holder for the accessory fuse and bilge pump fuse.
<PIC>
Remove this holder only when replacing those fuses.

(6) Replace the blown fuse with the spare fuse of the correct amperage by using the fuse puller.

Fuse amperage:
Electronic throttle valve fuse: 10 A
Fuel pump fuse: 10 A
Main relay drive fuse: 10 A
Main fuse: 20 A
Battery fuse: 30 A
Accessory fuse: 20 A
Bilge pump fuse: 3 A

(7) Install the fuse box cover.

(8) If the accessory fuse or bilge pump fuse was replaced, install the fuse holder.

(9) Install the fuse box to the air filter case.

(10) Fasten the band.

(11) Close the engine hood.,[""Manual09_281"", ""Manual09_282"", ""Manual09_283"", ""Manual09_284""]"
264,"To check the engine oil level:
1. With the engine stopped, place the boat in a precisely level position on land or launch the boat.
2. Look in all directions, and then start the engine.
3. Run the engine at idling speed for 6 minutes or more. Run the engine an additional 5 minutes if the ambient temperature is 20°C (68°F) or less.
4. Stop the engine.
5. Open the engine hood.
6. Loosen the oil tank filler cap and remove it, and then wipe the attached dipstick clean.

The oil tank filler cap has the dipstick attached.
<PIC>
7. Screw the oil tank filler cap into the filler hole until it stops. Remove the oil tank filler cap again and make sure that the engine oil level is between the minimum and maximum level marks.

The dipstick shows the maximum and minimum level marks used to judge the oil level.
<PIC>
8. If the engine oil level is significantly above the maximum level mark, consult a Boat dealer. If the engine oil level is below the minimum level mark, slowly add engine oil.
9. Repeat steps (6)–(8) until the engine oil is at the proper level.
10. Securely install the oil tank filler cap and turn it until it stops.
11. Repeat the checking oil level procedure for the other engine.
12. Close the engine hood.,[""Manual09_196"", ""Manual09_197""]"
265,"To change the energy saving setting:
1. With the machine turned off, press and hold the Espresso button for 3 seconds.

The image shows pressing and holding the Espresso button to enter the setting mode.
<PIC>
2. The Espresso button will blink to indicate the current setting.

The image shows the Espresso button blinking to show the current energy saving setting.
<PIC>
3. To change the setting, press the Espresso button:
One time for power off mode after 9 minutes.
One more time for power off mode after 30 minutes.
One more time to deactivate.

The image shows pressing the Espresso button to cycle through the energy saving options.
<PIC>
4. To exit the energy saving mode, press the Lungo button for 3 seconds.

The image shows pressing and holding the Lungo button to exit the energy saving setting mode.
<PIC>,[""Manual07_6"", ""Manual07_7"", ""Manual07_8"", ""Manual07_9""]"
266,"To change the energy saving setting:
1. With the machine turned off, press and hold the Espresso button for 3 seconds.

This image shows pressing and holding the Espresso button to enter the setting mode.
<PIC>
2. The Espresso button will blink to indicate the current setting.

This image shows the Espresso button blinking to indicate the current energy saving setting.
<PIC>
3. To change the setting, press the Espresso button: one time for power off mode after 9 minutes; one more time for power off mode after 30 minutes; one more time to deactivate.

This image shows pressing the Espresso button to cycle through the available settings.
<PIC>
4. To exit the energy saving mode, press the Lungo button for 3 seconds.

This image shows pressing and holding the Lungo button to exit the setting mode.
<PIC>,[""Manual07_6"", ""Manual07_7"", ""Manual07_8"", ""Manual07_9""]"
267,"To program the water volume:
1. Turn the machine on and wait until it is in ready mode, with steady lights.

The image shows the coffee buttons being used while the machine is ready.
<PIC>
2. Fill the water tank with potable water and insert a capsule.

The image shows a capsule being inserted into the machine.
<PIC>
3. Place a cup under the coffee outlet.

The image shows the cup positioned under the coffee outlet.
<PIC>
4. Press and hold the Espresso or Lungo button.

The image shows the Espresso or Lungo button being held down.
<PIC>
5. Release the button once the desired volume is served.
6. The water volume level is now stored.,[""Manual07_24"", ""Manual07_25"", ""Manual07_26"", ""Manual07_27""]"
268,"To empty the system before a period of non-use, for frost protection, or before maintenance, use emptying mode.

NOTE: The machine will be blocked for 10 minutes after emptying mode.
1. To enter emptying mode, press both the Espresso and Lungo buttons to turn the machine off.

This shows pressing the Espresso and Lungo buttons at the same time.
<PIC>
2. Remove the water tank and open the lever.

This shows the water tank removed and the lever opened.
<PIC>
3. Press both the Espresso and Lungo buttons for 3 seconds.

This shows pressing both buttons again to start emptying mode.
<PIC>

Both LEDs blink alternately.

This shows the two button lights blinking alternately.
<PIC>
4. Close the lever.

This shows the lever being closed.
<PIC>
5. The machine switches off automatically.
6. Empty and clean the used capsule container and drip tray.,[""Manual07_28"", ""Manual07_29"", ""Manual07_30"", ""Manual07_31"", ""Manual07_32""]"
269,"Reset the coffee machine to factory settings as follows:
1. With the machine turned off, press and hold down the Lungo button for 5 seconds.

This image shows the Lungo button being held while the machine is off.
<PIC>
2. The LEDs will blink fast 3 times to confirm the machine has been reset to factory settings.

This image shows the two coffee button LEDs blinking quickly 3 times.
<PIC>
3. The LEDs will then continue to blink normally while the machine heats up. When the lights are steady, the machine is ready.

This image shows the cup buttons changing from heating/blinking status to steady lights, meaning the machine is ready.
<PIC>

Factory settings after reset:

Espresso Cup: 40 ml / 1.35 oz

Lungo Cup: 110 ml / 3.7 oz

Power Off mode: 9 minutes,[""Manual07_33"", ""Manual07_34"", ""Manual07_35""]"
270,"Before cleaning, unplug the machine. Never immerse the appliance or any part of it in water.

Do not use strong cleaning agents or solvent cleaners. Do not use sharp objects, brushes, or sharp abrasives. Do not place the machine in a dishwasher.

Clean the coffee outlet regularly with a soft damp cloth.

This image shows the coffee outlet being wiped with a soft damp cloth.
<PIC>

The maintenance unit can be removed in separate pieces for easy cleaning.

This image shows the maintenance unit separated into pieces for cleaning.
<PIC>,[""Manual07_47"", ""Manual07_48""]"
271,"Stay away from the swim platform area while the engine is running. Exhaust gases from underneath it contain carbon monoxide, a colorless, odorless gas that may cause brain damage or death when inhaled. Symptoms include nausea, dizziness, and drowsiness.

The swim platform is at the stern of the boat and includes a ladder for boarding from the water.
<PIC>
The ladder is stored under the swim platform.

To open and use the swim platform ladder:

(1) Lift the end of the ladder to release it from the hooks on the boat.
<PIC>
The picture shows the ladder under the swim platform being lifted free from the boat hooks.

(2) Pull the ladder out completely, and then lower it.
<PIC>
The picture shows the ladder pulled out from under the swim platform and lowered for use.,[""Manual09_168"", ""Manual09_169"", ""Manual09_170""]"
272,"The livewell is on the starboard side of the boat at the stern.

To open it, pull the latch to open the livewell lid. The lid and latch are shown here.
<PIC>

Once opened, the livewell compartment is accessible.
<PIC>

To supply water to the livewell:
1. Push the livewell switch to turn on the livewell pump and supply water.
2. When there is sufficient water in the livewell, push the livewell switch again to turn off the livewell pump.
3. If necessary, push the aerator switch to aerate and circulate the water in the livewell.

The switch panel shows the aerator switch and the livewell switch.
<PIC>,[""Manual09_153"", ""Manual09_154"", ""Manual09_155""]"
273,"The maintenance setting screen displays the number of hours that the engines have been running since the last maintenance.

This screen shows the engine operating hours since the last maintenance and includes Reset and Back controls.
<PIC>

After maintenance is performed, reset the number of hours of operation as follows.
1. Tap the “Reset” button.

The Reset button is shown on the maintenance setting screen.
<PIC>
2. When the confirmation message appears, tap the “YES” button to reset the number of hours of operation.

The confirmation screen shows the “YES” button used to confirm the reset.
<PIC>

TIP: To return to the maintenance setting screen without resetting the number of hours, tap the “NO” button.,[""Manual09_83"", ""Manual09_84"", ""Manual09_85""]"
274,"The factory reset screen is used to reset the settings to their factory default settings.

The screen displays the factory reset interface for returning all parameters/settings to the factory defaults, with the reset option shown on the screen.
<PIC>,[""Manual09_87""]"
275,"Trip screen

This screen displays the hours of engine operation, fuel consumption, and other information.

The trip screen includes 1 Menu, 2 Scrollbar, and 3 “Reset” button. The screen below shows those labeled trip-screen parts.
<PIC>

The menu displays 4 items at one time. Scroll through the menu items using the scrollbar. The screen below shows the trip menu list and scrollbar.
<PIC>

Items marked with “*” cannot be reset.,[""Manual09_69"", ""Manual09_70""]"
276,"Move the remote control levers to the forward position.

When the remote control levers are first moved forward and the boat is operating at a slow speed, the shift gates lift slightly from neutral and the jet thrust is directed downward at an angle. This is the thrust directional enhancer (TDE), which helps the boat respond when you turn the steering wheel at low engine speeds, even though less thrust is available.

The control lever position near forward/TDE is shown here.
<PIC>

The shift gate and jet thrust nozzle positions during this low-speed forward/TDE state are shown here: 1 Shift gate, 2 Jet thrust nozzle.
<PIC>

To make the boat move forward, move the remote control levers farther forward. The shift gates lift all the way up, and all jet thrust is directed to the rear, which moves the boat forward.

This shows the forward-running jet thrust arrangement: 1 Shift gate, 2 Jet thrust nozzle.
<PIC>,[""Manual09_48"", ""Manual09_49"", ""Manual09_50""]"
277,"Check the steering system before operating the boat, while the boat is on land.

Make sure the steering wheel is not loose. There should be no free play, either in-and-out or in rotation.

Turn the steering wheel fully to the right and fully to the left. Operation should be smooth and unrestricted through the entire range.

This image shows the steering wheel being turned through its range to check that the steering movement is smooth.
<PIC>

Make sure both jet thrust nozzles change direction as the steering wheel is turned. When the wheel is turned to the right, the jet thrust nozzles should point to starboard, or right. When the wheel is turned to the left, the jet thrust nozzles should point to port, or left.

There should be no free play between the steering wheel and the jet thrust nozzles. Also check that the articulating keel changes direction according to the movement of the jet thrust nozzles.

This image shows the jet thrust nozzles and articulating keel that should move with the steering input.
<PIC>

1 Jet thrust nozzle

2 Articulating keel,[""Manual09_206"", ""Manual09_207""]"
278,"One fire extinguisher should be mounted in the lockable storage compartment. For this location, use a chemical-type extinguisher with a capacity of two pounds or more.

This image shows the extinguisher mounted in the lockable storage compartment.
<PIC>

If you choose to carry two fire extinguishers, the other extinguisher should be mounted in the battery compartment. There is a location label outside the compartment. Because this extinguisher is located near the engine compartment, it should be a “clean agent” type designed to displace oxygen with an inert gas, such as CO2 or FE-36™, and should have a capacity of five pounds or more.

This image shows the designated compartment location for the additional extinguisher.
<PIC>,[""Manual09_211"", ""Manual09_212""]"
279,"For throttle-cable care, coat moving parts with water-resistant grease so they continue sliding or rotating smoothly.

Throttle cable:

Grease the throttle-cable inner wires at the pulley wheel of the APS.

The image shows the lubrication point at the APS pulley wheel for applying grease to the throttle-cable inner wires.
<PIC>,[""Manual09_263""]"
280,"Recharge the battery outside the camera with the battery charger.
1. Remove the cover. When you remove the battery from the camera, be sure to reattach the cover to protect against short circuit.

This image shows the battery cover being removed.
<PIC>
2. Attach the battery. Align the battery front edge with the mark on the battery charger. While pressing down the battery, slide it in the direction of the arrow. To detach the battery, follow the same procedure in reverse.

This image shows the battery aligned with the charger mark and slid into place.
<PIC>
3. For CG-580: Flip out the prongs and recharge the battery. Flip out the battery charger’s prongs in the direction shown, then insert the prongs into a power outlet.

This image shows the CG-580 charger prongs flipped out for plugging into an outlet.
<PIC>
4. For CB-5L: Connect the power cord and recharge the battery. Connect the power cord to the charger and insert the plug into the power outlet.

Recharging starts automatically, and the red lamp starts blinking. The recharging time for a completely exhausted battery is:
BP-511A and BP-514: approx. 100 min.
BP-511 and BP-512: approx. 90 min.

This image shows the CB-5L charger connected with the power cord.
<PIC>

The numbers and markings on the battery charger correspond to the charger’s reference table.

This image shows the charger markings and red-lamp reference table.
<PIC>,[""Manual10_10"", ""Manual10_11"", ""Manual10_12"", ""Manual10_13"", ""Manual10_14""]"
281,"Load a fully charged BP-511A battery pack into the camera. Battery Pack BP-514, BP-511, or BP-512 can also be used.
1. Open the battery compartment cover. Slide the lever in the indicated direction and open the cover.

This image shows the battery compartment cover lever being slid open.
<PIC>
2. Insert the battery. Point the battery contacts downward. Insert the battery until it locks into place.

This image shows the battery being inserted with the contacts facing downward until it locks.
<PIC>
3. Close the cover. Press the cover until it snaps shut.

This image shows the battery compartment cover being pressed closed until it snaps shut.
<PIC>,[""Manual10_16"", ""Camera_09"", ""Camera_10""]"
282,"Use the optional AC Adapter Kit ACK-E2 to power the camera from a household power outlet without worrying about the battery level.
1. Connect the DC Coupler. Connect the DC Coupler’s plug to the AC adapter’s socket.

This image shows the DC Coupler plug being connected to the AC adapter socket.
<PIC>
2. Connect the power cord. Connect the power cord to the AC adapter, then insert the plug into a power outlet. When you are finished, disconnect the plug from the power outlet.

This image shows the power cord connected to the AC adapter and plugged into a household power outlet.
<PIC>
3. Place the cord in the groove. Carefully insert the cord into the groove without damaging it.

This image shows the cord being placed carefully into the groove.
<PIC>
4. Insert the DC Coupler. Open the battery compartment cover and open the DC Coupler cord notch cover. Insert the DC Coupler until the lock position and put the cord through the notch. Close the cover.

This image shows the battery compartment and DC Coupler cord notch being used to insert the DC Coupler and route the cord.
<PIC>

Do not connect or disconnect the power cord while the camera’s switch is set to ON.,[""Camera_14"", ""Camera_15"", ""Manual10_19"", ""Manual10_20""]"
283,"1. Remove the caps. Remove the rear lens cap and the body cap by turning them in the indicated direction.

This image shows the rear lens cap and camera body cap being turned off.
<PIC>
2. Attach the lens. Align an EF-S lens with the camera’s white EF-S lens mount index, then turn the lens in the indicated direction until it clicks in place. When attaching a lens other than an EF-S lens, align the lens with the red EF lens index mark.

This image shows the lens mount indexes used to align and rotate the lens into place.
<PIC>
3. On the lens, set the focus mode switch to AF. If it is set to MF, autofocus will not be possible. Remove the front lens cap.

This image shows the lens focus mode switch being set to AF and the front lens cap being removed.
<PIC>,[""Manual10_21"", ""Manual10_22"", ""Manual10_23""]"
284,"The captured image is recorded onto the CF card. A Type I or Type II CF card can be inserted, and the camera is also compatible with Microdrive and CF cards with 2 GB or higher capacity.

Installing the Card
1. Open the cover. Slide the cover in the direction shown by the arrow to open it.

The image shows the camera’s CF card slot cover being slid open.
<PIC>
2. Insert the CF card. Using CF cards is recommended. If the CF card is inserted in the wrong way, it may damage the camera. Face the label side toward you and insert the end with the small holes into the camera. The CF card eject button pops out.

The image shows the correct orientation for inserting the CF card into the camera slot.
<PIC>
3. Close the cover. Close the cover and slide it in the direction shown by the arrow until it snaps shut.

The image shows the CF card slot cover being closed and slid shut.
<PIC>

When the cover is closed, the shots remaining is displayed on the LCD panel.

The image shows the LCD panel displaying the remaining number of shots.
<PIC>,[""Manual10_25"", ""Manual10_26"", ""Manual10_27"", ""Manual10_28""]"
285,"A shutter-button removal procedure is not covered; please contact after-sales support for repair.

The shutter button itself has two operating steps: you can press it halfway, then press it completely.

Pressing halfway activates autofocusing (AF) and automatic exposure (AE), which set the shutter speed and aperture. The exposure setting is displayed on the top LCD panel and in the viewfinder.

This illustration shows the shutter button being pressed halfway.
<PIC>

Pressing completely releases the shutter and takes the picture.

This illustration shows the shutter button being pressed completely to take the shot.
<PIC>

If you press the shutter button halfway and 4 seconds elapse, press it halfway again and wait a moment before pressing it completely. If you press it completely without pressing it halfway first, or press it completely immediately after pressing halfway, the camera will take a moment before taking the picture.,[""Manual10_30"", ""Manual10_31""]"
286,"The date/time back-up battery maintains the camera’s date and time. Its service life is about 5 years. If the date/time is reset when the battery is replaced, replace the back-up battery with a new CR2016 lithium battery. The date/time setting will also be reset, so set the correct date/time afterward.
1. Turn the switch to OFF. Open the cover and remove the battery.

This image shows the camera battery being removed after the switch is turned OFF and the cover is opened.
<PIC>
2. Take out the battery holder.

This image shows the date/time back-up battery holder being taken out from the camera.
<PIC>
3. Replace the battery in the battery holder. Make sure the battery is in the proper + - orientation.

This image shows the CR2016 date/time back-up battery being replaced in the holder with the correct polarity orientation.
<PIC>
4. Close the cover.

This image shows the cover being closed after the date/time battery replacement.
<PIC>,[""Manual10_46"", ""Manual10_47"", ""Manual10_48"", ""Manual10_49""]"
287,"To shoot an off-center subject, use focus lock. Focus lock works only in One-Shot AF mode.
1. Set the Mode Dial to a Creative Zone mode.
2. Select the desired AF point.
3. Focus the subject. Move the AF point over the subject and press the shutter button halfway.

The image shows the AF point positioned over an off-center subject in the viewfinder.
<PIC>
4. Keep pressing the shutter button halfway and recompose the picture as desired.

If the AF mode is AI Servo AF, or AI Focus AF set to Servo mode, focus lock will not work. Focus lock is also possible in Basic Zone modes except Sports; in that case, start from step 3.
5. Take the picture.

The image shows the shot recomposed after focus has been locked, with the subject placed off-center.
<PIC>,[""Manual10_106"", ""Manual10_107""]"
288,"Use the eyepiece cover when using the self-timer or an optional remote switch and your eye is not covering the viewfinder eyepiece. Otherwise, stray light may enter the eyepiece and affect the exposure when the image is captured.
1. Remove the eyecup. From the bottom of the eyecup, push it upward.

This image shows the eyecup being pushed upward from the bottom to remove it.
<PIC>
2. Attach the eyepiece cover. Slide the eyepiece cover down into the eyepiece groove to attach it.

This image shows the eyepiece cover sliding down into the eyepiece groove.
<PIC>,[""Manual10_154"", ""Manual10_155""]"
289,"The AF mode is the autofocusing operation method. Three AF modes are available: One-Shot AF for still subjects, AI Servo AF for moving subjects, and AI Focus AF, which switches automatically from One-Shot AF to AI Servo AF if a still subject starts moving. In Basic Zone modes, the optimum AF mode is set automatically.
1. On the lens, set the focus mode switch to AF.

This image shows the lens focus mode switch set to AF.
<PIC>
2. Set the Mode Dial to a Creative Zone mode.
3. Press the AF-WB button. (6)

This image shows the AF-WB button being pressed on the top of the camera.
<PIC>
4. Select the AF mode. While looking at the LCD panel, turn the Main Dial.

ONE SHOT: One-Shot AF

AI FOCUS: AI Focus AF

AI SERVO: AI Servo AF

This image shows selecting an AF mode while checking the LCD panel and turning the Main Dial.
<PIC>

If an Extender (optional) is attached and the maximum aperture of the lens is f/5.6 or smaller, AF will not be possible. For details, see the Extender’s instructions.,[""Manual10_99"", ""Camera_30"", ""Camera_31""]"
290,"P is Program AE mode: the camera automatically sets the shutter speed and aperture value to suit the subject’s brightness. P stands for Program; AE stands for Auto Exposure.
1. Set the Mode Dial to P.

The illustration shows the Mode Dial turned to P.
<PIC>
2. Focus the subject. Look through the viewfinder and aim any AF point over the subject. Then press the shutter button halfway.

The viewfinder illustration shows an AF point aimed at the subject.
<PIC>
3. Check the display. The shutter speed and aperture value will be set automatically and displayed in the viewfinder and on the LCD panel. A correct exposure will be obtained as long as the shutter speed and aperture value display do not blink.

The display illustration shows the shutter speed and aperture value shown on the camera display.
<PIC>
4. Take the picture. Compose the shot and press the shutter button completely.

The illustration shows the shutter button being pressed completely to take the picture.
<PIC>

If “30""” and the maximum aperture blink, it indicates underexposure. Increase the ISO speed or use flash. If “8000” and the minimum aperture blink, it indicates overexposure. Decrease the ISO speed or use an ND filter (optional) to reduce the amount of light entering the lens.

The warning display shows the blinking exposure indications for underexposure and overexposure.
<PIC>,[""Manual10_116"", ""Manual10_117"", ""Manual10_118"", ""Manual10_119"", ""Manual10_120""]"
291,"To view captured images on a TV, connect the camera to the TV with the provided video cable. Always turn off both the camera and the television before connecting or disconnecting them.
1. Connect the camera to the TV. Open the camera’s terminal cover. Use the video cable provided to connect the camera’s VIDEO OUT terminal to the TV monitor’s VIDEO IN terminal. Insert the cable plug all the way in.

The image below shows the video cable connection between the camera’s VIDEO OUT terminal and the TV’s VIDEO IN terminal.
<PIC>
2. Turn on the TV and switch the TV’s line input to Video IN.
3. Set the camera switch to ON.
4. Press the Playback button. The image will appear on the TV screen. Nothing will be displayed on the camera’s LCD monitor.

The image below shows pressing the camera’s Playback button to display the image on the TV.
<PIC>

After you finish, set the switch to OFF, turn the TV off, then disconnect the video cable.

If the proper video system format is not set, the image will not be displayed properly. Set the proper video system format with [Video system]. Depending on your TV, the image periphery may be cut off.,[""Manual10_182"", ""Manual10_183""]"
292,"To delete one photo you don’t like:
1. Display the image. Press the Playback button.

This image shows the Playback button used to display photos on the camera.
<PIC>
2. Select the image to be erased. Turn the dial to select the image you want to erase.
3. Display the erase menu. Press the Erase button. The Erase menu will appear at the bottom of the screen.

This image shows pressing the Erase button during playback to open the erase menu.
<PIC>
4. Erase the image. Turn the dial to select [Erase], then press SET. The access lamp will blink and the image will be erased.

This image shows the erase menu where [Erase] is selected before pressing SET.
<PIC>

If there are other images you want to delete, repeat steps 2 to 4.,[""Manual10_184"", ""Manual10_185"", ""Manual10_186""]"
293,"To erase all images from the camera:
1. Display the image. Press the Playback button.
2. Display the erase menu. Press the Erase button. The Erase menu will appear at the bottom of the screen.

The image below shows the Erase button on the back of the camera.
<PIC>
3. Select [All]. Turn the dial to select [All], then press SET. The confirmation dialog will appear.

The image below shows the erase menu where [All] is selected.
<PIC>
4. Erase the images. Turn the dial to select [OK], then press SET. All unprotected images will be erased. While the images are being erased, you can cancel the erasure by pressing SET.

The image below shows the confirmation dialog for erasing all images.
<PIC>

If data is being written to the CF card after continuous shooting and the access lamp is blinking, press the Playback button and then press the Erase button to erase the displayed image or all images. If you select [All] and press the Erase button, the images captured during continuous shooting, including those not yet processed, and all the images on the CF card will be erased.,[""Camera_58"", ""Camera_59"", ""Manual10_187""]"
294,"1. Select the image to be printed. Check that the printer-connected icon is displayed on the upper left of the LCD monitor. Turn the dial to select the image, then press SET. The print setting screen will appear.

This screen shows the selected photo with the printer connection prompt.
<PIC>

On the print setting screen, you can set the quantity, trimming area, printing style, return to image selection, or start printing. The trimming frame appears when you want to trim the image, and the printing style settings are displayed.
<PIC>
2. Select [Style]. Turn the dial to select [Style], then press SET. The Style screen will appear.
<PIC>
3. Set the options as desired. Set [Image], [Borders], and [Date] as needed. Turn the dial to select the desired setting, then press SET. [Image] is selectable when card-size paper is used. If you select [Multiple], 8 small images of the same picture will be printed on the paper. Check the [Borders] and [Date] settings and set them if necessary. When finished, press the MENU button to return to the print setting screen.

This screen is used to choose the image layout, border setting, and date setting.
<PIC>
4. Set the number of copies if necessary. Turn the dial to select [copies], then press SET. Turn the dial to set the number of copies, then press SET. You can set a number from 1 to 99.
<PIC>
5. Set trimming if necessary.
6. Start printing. Turn the dial to select [Print], then press SET. Printing will start. When printing ends, the screen returns to the image selection step.

This screen shows [Print] selected to begin printing.
<PIC>

To stop printing, press SET while [Stop] is displayed, then turn the dial to select [OK] and press SET.,[""Manual10_206"", ""Manual10_207"", ""Manual10_208"", ""Manual10_209"", ""Manual10_210"", ""Manual10_211""]"
295,"Custom Functions let you customize and fine-tune camera features and settings to match your picture-taking preferences. They work in Creative Zone modes.
1. Select [Custom Functions (C.Fn)]. Turn the dial to select [Custom Functions (C.Fn)], then press SET. The Custom Function screen will appear.

This screen shows the [Custom Functions (C.Fn)] menu item being selected.
<PIC>
2. Select the Custom Function No. Turn the dial to select the desired setting, then press SET.

This screen shows the Custom Function number selection screen.
<PIC>
3. Change the setting. Turn the dial to select the desired setting, then press SET. Repeat steps 2 and 3 if you want to set other Custom Functions. At the bottom of the screen, you can see the current Custom Function settings.

This screen shows a Custom Function setting being changed and the current settings displayed along the bottom.
<PIC>
4. Exit the menu. Press the MENU button to return to the menu.,[""Manual10_228"", ""Camera_75"", ""Camera_76""]"
296,"You should have the Active Noise Canceling Truly Wireless Earphones with these components:

Multifunction Button

This image shows the multifunction button area on the earphones and charging case.
<PIC>

Right Earbud, Left Earbud

This image identifies the right earbud and the left earbud.
<PIC>

Status LED Indicators

This image shows the earbud status LED indicator locations.
<PIC>

Battery Level LED Indicators

Battery Level Display Button

This image shows the charging case area with the battery level display button and battery level LED indicators.
<PIC>,[""Manual12_0"", ""Manual12_1"", ""Manual12_2"", ""Manual12_3""]"
297,"1. Insert the USB-C cable into the charging port located at the back of the charging case.

The charging port is on the back of the case.
<PIC>
2. Insert the standard USB cable into any suitable USB port.

This shows the USB cable being connected to a suitable USB port.
<PIC>
3. The Battery Level LED Indicators will light up according to the battery capacity.

The LED indicators show the charging case battery level while connected.
<PIC>
4. You can see the case battery level at any time by pressing the button on the right hand side of the case.

The battery level display button is on the right-hand side of the case.
<PIC>,[""Manual12_4"", ""earphones_04"", ""earphones_05"", ""earphones_06""]"
298,"When the case is opened, the earbuds first connect to each other, then enter pairing mode.

This image shows the charging case area involved when starting the earbuds’ connection process.
<PIC>

When the earbuds are in the case, the earbud LEDs show their charge status.

This image shows the LED charge-status indications while the earbuds are in the case.
<PIC>

When the earbuds are removed from the case, the earbud LEDs show their pairing status.

This image shows the LED indications for pairing and connected status after the earbuds are removed.
<PIC>

On your phone, go to the Bluetooth page in the settings app. Make sure Bluetooth is ON before connecting to the available device “earphones.”

This image shows the Bluetooth settings page with Bluetooth turned on and the earbuds available for connection.
<PIC>

If the earbuds have been previously paired to a nearby device, they will automatically re-connect to it.,[""earphones_07"", ""Manual12_5"", ""Manual12_6"", ""Manual12_7""]"
299,"The two main controlling functions are:

Controlling Music
This chart shows the earbud button controls for music playback.
<PIC>

Controlling Calls
This illustration shows the earbud button controls used for calls.
<PIC>,[""Manual12_8"", ""Manual12_9""]"
300,"Other functions you can operate are:

Activate the phone Voice Assistant: press and hold to the first beep, then let go.

Activate the music app: press and hold to the first beep, then let go. The music app resumes playback where you left off. If there was no previous session, or if you want to play other music, simply tap again and the music app will play songs it thinks you’ll like.

This image shows the earbud press action used for the music app function.
<PIC>

Turn ON/OFF ambient awareness and ANC Modes: press the left earbud; the earbud cycles modes.

This image shows the earbud press action used to cycle ambient awareness and ANC modes.
<PIC>

Low Latency Mode: this mode reduces the latency, or time delay, inherent in Bluetooth connections. It’s best for lipsync and gaming. To turn Low Latency Mode ON/OFF, press and hold to the second beep, then let go.

This image shows the press-and-hold action used for Low Latency Mode.
<PIC>,[""earphones_01"", ""earphones_02"", ""earphones_03""]"
301,"First disconnect the earbuds from Bluetooth and remove them from the case.

Factory reset:
Press and hold for 6 seconds. This erases all settings.

This image shows the earbuds being held during the reset, with red and blue lights flashing.
<PIC>

Hardware reset:
If the earbuds are locked up and unresponsive, press and hold for 10 seconds to restart the earphones. Press again to power them on.

This image shows the earbuds being held for the hardware reset.
<PIC>

Flashing red and blue lights indicate the reset state. Hardware resets are only necessary in the rare case that the earbuds lock up and are unresponsive.,[""Manual12_11"", ""Manual12_12""]"
302,"Maintenance and Care

Use a soft cloth or paper towel to clean your earphones. Never use harsh chemicals or detergents for cleaning. Make sure your earphones are dry before charging.

When your earphones are not in use, store them in a cool, dry place.

Never tug or yank on a cable while it is connected to your charging case. Connect and disconnect cables as carefully as possible.

Never expose your earphones to high temperatures or extreme cold.

Recycle or dispose of your earphones properly based on the laws and rules of your municipality. Contact local recycling facilities and/or the earphones manufacturer for further information."
303,"Front view controls and display are shown here, including the screen and the main buttons on the face of the eReader.
<PIC>

[1] Home/ESC button: When you are prompted to select or enter, press this button to cancel the operation; in a sub-interface, press it to exit the current interface and return to the previous one.

[2] Prev/Next Page: Press this button to open the previous/next page.

[3] Navigation /Menu: The Navigation button is a 4-way control button: left, right, up, and down. The Menu button is for menu and confirm.

[4] Zoom in/out: Zoom in/out of a JPEG file. Also increase or decrease the font size of the E book content.

[5] Rotate: Use this function to rotate your E Book either in horizontal or vertical view.

The navigation-button view shows the 4-way direction control around the Menu button.
<PIC>

[6] 3.5 mm Earphone Jack: Connect your earphone for private enjoyment; earphone not included.

[7] USB Port: Use the USB cable to charge the device and connect it to a computer to transfer your contents.

[8] Micro SD card reader: Compatible with Micro SD/SDHC up to 16GB memory.

[9] Play/Pause: Press this button to start/pause playing music or recording by MIC.

[10] Power button: Press the button for 3–5 seconds to power on/off the device.

[11] Volume +: Press the UP button to increase the volume when playing music.

[12] Volume -: Press the DOWN button to reduce the volume when playing music.

The bottom-interface view shows the power switch area, card/USB/earphone interfaces, and related ports.
<PIC>

[13] Reset On/Off switch: This is located on the back of the device next to the card reader. This resets the device back to the factory original default. You might use this key when you encounter some minor problem with the device.

[14] Speaker: 0.5W audio output.

[15] TFT LCD Display Screen: 7” in diagonal.,[""Manual13_0"", ""Manual13_1"", ""Manual13_2""]"
304,"Main Menu

The Main Menu interface shows all device functions: “Browser History”, “eBook”, “Music”, “Video”, “Photo”, “Record”, “Explorer”, and “settings”. Select the desired function, then enter it.

The image shows the Main Menu function interface with the available feature icons.
<PIC>

Browser History

Browser History displays the files that were recently browsed. Move the Navigation keys to select a book, then press the “M” button to enter. The device will go to the last page you read in the selected book.

The image shows the recently browsed file list used by Browser History.
<PIC>

Note: If the files are in the Micro SD card and the recently read files are deleted, the records will continue to be retained in the “Browser history” list; however, you cannot open them.,[""Manual13_3"", ""Manual13_4""]"
305,"When in eBook mode, pressing the “M” button opens the eBook menu options: “Page Jump”, “Save Mark”, “Load Mark”, “Del Mark”, “Browser Mode”, “Flip Time”, “Brightness”, and “Set color”.

The screen shows the eBook reading page with the menu options opened after pressing “M”.
<PIC>,[""eReader_08""]"
306,"To listen to music, add audio files by connecting the eReader to your computer with the USB cable, then drag the desired audio files and paste them into the device.

Open the audio files list from the main menu, select the desired audio file, then press “M” to enter play mode.

The music playback screen shows the track information, playback time, and volume level.
<PIC>

Supported audio formats in this music mode are MP3, WMA, WAC, ACC, and ECT.

Basic controls:
1. Adjust volume: press the “Up/Down” key on the Navigation button, or use the Up/Prev page and Down/Next page keys.
2. Play/Pause: press the “Play / Pause” key to pause or continue playback.
3. Forward / Backward / Previous / Next: press and hold the “left direction” key to move backward in the music, and press and hold the “right direction” key to move forward. Press and release the “left direction” key to go to the previous audio file, or the “right direction” key to go to the next audio file.

You can also listen to audio files while reading an E Book, browsing photos, or browsing the menu.,[""Manual13_7""]"
307,"Yes. The eReader supports Voice Recording in ACC format.

To use voice recording:
1. Select “Record” in the main menu, then click the “M” button to enter voice record mode.

This screen shows the device in voice record mode.
<PIC>
2. Press the “Play/Pause” button to start recording.
3. Press the “Play/Pause” button again to pause recording.
4. Press “HOME” to stop recording.
5. After recording is finished, the device will ask whether you want to save the recording into the device. Select “YES” or “NO” by pressing the “M” key.

This screen shows the save-recording prompt where you choose whether to save the recorded file.
<PIC>,[""Manual13_11"", ""Manual13_12""]"
308,"To play a video, go to “Video” on the eReader and press the “M” key to enter Video mode. The device supports AVI, RMVB, and MPEG2 video formats.

The video playback screen shows the playback progress, file name, time, and volume.
<PIC>
While a video is playing, press the “M” button to open playback options.

Subtitle language: If subtitles are available in your video file, press the “M” button, then choose “Subtitle Language” to change it.

Select Time play: Press the “M” button, then select “time play” to choose the time position to play from.

Full screen: Press the “M” button, then select “Full Screen” to change the screen display. There are three modes: “Full screen”, “Normal”, and “Original”.

Brightness: There are five brightness levels, so you can select a comfortable brightness.,[""Manual13_9""]"
309,"Yes. The E Reader can be used as a photo viewer. It supports JPEG and BMP image formats.
1. Go to Photo and press the “M” button to enter Photo mode.
2. To view the previous or next photo, press the “left / right” navigation keys.
3. To rotate a photo, press the “Play/Pause” key. The photo rotates in a counter-wise sequence.
4. To zoom in or out, press the zoom in / out keys.

Large-size files may take more time to rotate than small-size files, and they may also take more time to load into the photo viewer.

This picture shows a photo displayed in the Photo viewer mode.
<PIC>,[""Manual13_10""]"
310,"Possible troubles and solutions:
1. Can not Power on the e-book reader

a. Please charge the device till the power indicator bar is full.

b. If the device is defective, please contact the manufacturer for instruction.
2. Not able to charge the device

a. The AC adaptor may be defective; please contact the manufacturer for replacement.

b. The USB Cable may be defective; please contact the manufacturer for replacement.
3. No sound or noise when using earphone

a. Adjust the volume setting, and make sure the volume is not in 0 position.

b. Try another pair of earphone.

c. Make sure the music file compression rate is high; low quality music files may cause noise and distortion.
4. Can not download files into the reader

a. The USB cable may be defective.

b. The E Reader’s memory may be full.

c. Windows 98 may require a new USB2.0 DRIVER to detect the e-book reader as a removable disk. Please visit a website to download the driver.
5. Can not play the Music files

a. This reader has a powerful Audio processor and is able to play most popular audio formats. However, there might be some latest music formats or resolutions not working properly in this device. Please contact manufacturer tech support for assistance."
311,"For fax telephone line connection, the available instructions state that you may safely connect the equipment to the telephone line by using a standard modular jack, USOC RJ11C.

The plug and jack used to connect this equipment to the premises wiring and telephone network must comply with the applicable FCC Part 68 rules and the requirements adopted by the ACTA.

A compliant telephone cord and modular plug is provided with this product. It is designed to be connected to a compatible modular jack that is also compliant.

If the telephone company requests it, provide the product identifier found on the label on the back side of the equipment, in the format US: AAAEQ##TXXXX.

A complete step-by-step fax connection procedure is not covered in the retrieved manual content; only the connection requirements above are provided."
312,"WARNING: Models with the fax function only. When using your telephone equipment, always follow basic safety precautions to reduce the risk of fire, electrical shock, and injury to people:
1. DO NOT use this product near water or in locations that may become wet, for example near a bathtub, wash bowl, kitchen sink, washing machine, in a wet basement, or near a swimming pool.
2. Avoid using this product during a thunderstorm. There may be a remote risk of electrical shock from lightning.
3. DO NOT use this product to report a gas leak while you are near the leak.
4. Use only the power cord provided with the product, if it was included in the box. Read all of the instructions and save them for later reference."
313,"Wait until pages have exited the product before picking them up. If you pick them up too early, your fingers may be trapped inside the machine and injured.

Do not put your hand or any foreign objects into the ink insertion slot. Doing this may cause injury.

If the tray has been extended to hold large paper, position the product so that the tray does not protrude past the edge of the table or desk. If someone hits the tray, the product could fall and cause injury. This image shows the extended tray kept safely within the table or desk edge.
<PIC>

To prevent injuries, be careful not to put your fingers in the areas shown in the illustrations. This image marks areas where fingers can be pinched around moving parts.
<PIC>

When changing the tray size from the large paper size to the original size, be careful not to pinch your fingers in the gaps or slots in the bottom of the tray. This image shows the tray gaps and slots where fingers may be pinched.
<PIC>

For MFC-J6540DW/MFC-J6555DW/MFC-J6740DW/MFC-J6940DW/MFC-J6955DW: be careful not to put your fingers in the areas shown in the illustrations. It may cause injury to you. This image highlights additional finger-injury areas on those models.
<PIC>

For MFC-J5955DW/MFC-J6540DW/MFC-J6555DW/MFC-J6740DW/MFC-J6940DW/MFC-J6955DW: at least two people should lift the product. One person should hold the front, and one person should hold the back. Carry the product by sliding your hands into the handhold indentations on each side, and be careful not to trap your fingers when you put the product down. This image shows the two-person lifting position and handhold areas.
<PIC>

Do not carry the product by holding the areas shown in the illustrations. Doing this may cause the product to slip out of your hands and may result in injury. This image shows the areas that must not be used to carry the product.
<PIC>,[""Manual15_6"", ""Manual15_7"", ""Manual15_8"", ""Manual15_9"", ""fax_08"", ""Manual15_10""]"
314,"When moving the fax/printer, use the correct lifting points and avoid pinch points.

For MFC-J5955DW/MFC-J6540DW/MFC-J6555DW/MFC-J6740DW/MFC-J6940DW/MFC-J6955DW: at least two people should lift the product. One person should hold the front and one person should hold the back. Carry it by sliding your hands into the handhold indentations on each side of the product.

This image shows the two-person lifting position and the side handhold areas to use when carrying the product.
<PIC>

Be careful not to trap your fingers when you put the product down.

Do not carry the product by holding the areas shown as unsafe; doing so may cause the product to slip out of your hands and may result in injury.

This image shows the areas that should not be used for carrying the product.
<PIC>,[""fax_08"", ""Manual15_10""]"
315,"Yes. Do not remove or damage any caution or warning labels inside the product.

For MFC-J6540DW, MFC-J6555DW, MFC-J6740DW, MFC-J6940DW, and MFC-J6955DW, the internal caution or warning label must remain in place. The label marks safety information inside the product.
<PIC>
This illustration shows the caution or warning label inside the product.

Moving parts are located in the gray shaded areas. Keep your hands away from those areas when the parts are moving, or injury may result. Do not remove or damage the caution or warning label inside the product.
<PIC>
This illustration shows the gray shaded moving-part areas and the internal warning label location.,[""Manual15_14"", ""Manual15_15""]"
316,"Yes. For Canada, models with the fax function have this equipment attachment statement:

This product meets the applicable Innovation, Science and Economic Development Canada technical specifications.

The Ringer Equivalence Number (REN) indicates the maximum number of devices allowed to be connected to a telephone interface.

The termination of an interface may consist of any combination of devices, subject only to the requirement that the sum of the RENs of all the devices does not exceed five."
317,"Connecting the regulator to the LP tank
1. The LP tank must be properly secured onto the grill. Refer to the assembly section.
2. Turn all control knobs to the OFF position.
3. Turn the LP tank OFF by turning the OPD hand wheel clockwise to a full stop.
4. Remove the protective cap from the LP tank valve. Always use the cap and strap supplied with the valve.

The LP tank valve uses the supplied cap and strap to protect the valve outlet.
<PIC>
Do not use a POL transport plug, which is the plastic part with external threads.

A POL transport plug must not be used because it will defeat the safety feature of the valve.
<PIC>
Use only the supplied cap and strap for the valve.
5. Hold the regulator and insert the nipple into the LP tank valve. Hand-tighten the coupling nut, holding the regulator in a straight line with the LP tank valve so as not to cross-thread.

The regulator nipple must be kept centered and straight into the LP tank valve while hand-tightening.
<PIC>
The nipple has to be centered into the LP tank valve.
6. Turn the coupling nut clockwise and tighten to a full stop. The regulator will seal on the back-check feature in the LP tank valve, resulting in some resistance. An additional one-half to three-quarters turn is required to complete the connection. Tighten by hand only; do not use tools.

If you cannot complete the connection, disconnect the regulator and repeat steps 5 and 6.
<PIC>
If you are still unable to complete the connection, do not use this regulator.

Do not insert any tool or foreign objects into the valve outlet or safety relief valve. You may damage the valve and cause a leak. Leaking propane may result in explosion, fire, severe personal injury, or death.

If a leak is detected at any time, STOP and call the fire department. If you cannot stop a gas leak, immediately close the LP tank valve and call the LP gas supplier or your fire department.,[""Manual19_16"", ""Manual19_17"", ""Manual19_18"", ""Manual19_19""]"
318,"Leak Testing Valves, Hose and Regulator:
1. Turn all grill control knobs to OFF.
2. Be sure the regulator is tightly connected to the LP tank.
3. Completely open the LP tank valve by turning the OPD hand wheel counterclockwise. If you hear a rushing sound, turn gas off immediately. There is a major leak at the connection. Correct it before proceeding by calling Sears for replacement parts at 1-800-4-MY-HOME.
4. Brush soapy solution onto the areas where bubbles are shown.

The picture shows the LP tank, valve, hose, and regulator connection areas where soapy solution should be brushed to check for leaks.
<PIC>
5. If “growing” bubbles appear, there is a leak. Close the LP tank valve immediately and retighten the connections. If leaks cannot be stopped, do not try to repair. Call Sears for replacement parts at 1-800-4-MY-HOME.
6. Always close the LP tank valve after performing the leak test by turning the hand wheel clockwise.

This picture accompanies the step for closing the LP tank valve after the leak test.
<PIC>

Never attempt to attach this grill to the self-contained LP gas system of a camper trailer or motor home. Do not use the grill until it has been leak-tested.

This warning picture relates to not using the grill before leak testing and not connecting it to a camper trailer or motor home LP system.
<PIC>,[""Manual19_20"", ""Manual19_21"", ""Manual19_22""]"
319,"For indirect cooking, use it for poultry and large cuts of meat that need slow cooking by indirect heat. The heat from selected burners circulates through the grill, so the food cooks without touching a direct flame. This also greatly reduces flare-ups when cooking extra fatty cuts, because there is no direct flame to ignite fats and juices that drip during cooking.

This illustration shows indirect cooking with the food kept away from the direct flame while heat circulates inside the grill.
<PIC>

Always cook with the lid closed.

Cooking times may vary because of weather conditions. In cold and windy conditions, you may need to increase the temperature setting to ensure sufficient cooking temperatures.

This illustration shows a burner arrangement for indirect cooking, with heat coming from selected burners rather than directly under the food.
<PIC>

Indirect cooking on low produces slow, even heating, and is ideal for slow roasting and baking.,[""Manual19_36"", ""Manual19_37""]"
320,"1. Attach the two locking casters at the rear of the bottom shelf and the two fixed casters at the front using the supplied wrench.

The image shows the caster positions on the bottom shelf, with locking casters at the rear and fixed casters at the front.
<PIC>
2. Attach the side panels to the bottom shelf.

The image shows the side panels being secured to the bottom shelf, with the left and right side panels positioned on their respective sides.
<PIC>
3. Attach the light adapter to the back panel using four #8-32x3/8"" screws, 4mm lock washers, 4mm flat washers and #8 nuts, shown A. Place the lower back panel between the side panels at the rear of the bottom shelf. Secure the lower back panel to the side panels using two 1/4-20x1/2"" screws and 7mm lock washers on each side. Secure the lower back panel to the bottom shelf using one 1/4-20x1/2"" screw and 7mm lock washer, shown B.

The image shows the lower back panel positioned between the side panels and the fastening points for securing it.
<PIC>

The image shows the light adapter fastening arrangement on the back panel.
<PIC>,[""Manual19_49"", ""Manual19_50"", ""Manual19_51"", ""Manual19_52""]"
321,"Safety Tips
1. Before opening the LP tank valve, check the coupling nut for tightness.
2. When the grill is not in use, turn off all control knobs and the LP tank valve.
3. Never move the grill while it is operating or still hot.
4. Use long-handled barbecue utensils and oven mitts to avoid burns and splatters.
5. The maximum load for shelves is 10 lbs.
6. Do not use a cooking pot larger than 9"" on the grid.
7. The grease tray must be installed into the opening in the back panel and should be emptied after each use. Do not remove the grease tray until the grill has completely cooled.
8. If you notice grease or other hot material dripping from the grill onto the valve, hose, or regulator, turn off the gas supply at once. Determine the cause, correct it, then clean and inspect the valve, hose, and regulator before continuing. Perform a leak test.

The regulator area is shown with this operating note: a humming or whistling noise during operation will not affect the safety or use of the grill. If you have a grill problem, see the Troubleshooting Section. <PIC>

If the regulator frosts, turn off the grill and LP tank valve immediately. This indicates a problem with the tank, and it should not be used on any product. Return it to the supplier. <PIC>
9. If the burner does not light, turn the knobs to OFF, wait 5 minutes, and try again. Always close the valve during the 5-minute waiting period.
10. If the burner does not ignite with the valve open, gas will continue to flow out of the burner and could accidentally ignite, creating a risk of injury.,[""Manual19_24"", ""Manual19_25""]"
322,"Your WaveRunner has three identification numbers to record: the Primary Identification (PRI-ID) number, the Hull Identification Number (HIN), and the engine serial number.

Record these numbers in the spaces provided so they can help when ordering spare parts from a jetski dealer. Also record and keep these ID numbers in a separate place in case your watercraft is stolen.

Primary Identification (PRI-ID) number

The PRI-ID number is stamped on a label attached inside the engine compartment.

This label shows the PRI-ID information.
<PIC>

This view shows where the PRI-ID label is located inside the engine compartment.
<PIC>

Hull Identification Number (HIN)

The HIN is stamped on a plate attached to the hull on the aft, starboard (right) side.

This plate shows the HIN information.
<PIC>

This view shows the HIN plate location on the rear right side of the hull.
<PIC>

Engine serial number

The engine serial number is stamped on a label attached to the engine unit.

This label shows the engine serial number information.
<PIC>

This view shows where the engine serial number label is attached on the engine unit.
<PIC>,[""Manual20_0"", ""jetski_01"", ""Manual20_1"", ""jetski_02"", ""Manual20_2"", ""jetski_03""]"
323,"Cruising limitations for the WaveRunner are:
1. Scan constantly and operate defensively

Scan constantly for people, objects, and other watercraft.

The image shows the operator checking the surrounding area while riding.
<PIC>
Stay alert for conditions that limit your visibility or block your view of others. Operate defensively at safe speeds, and keep a safe distance away from people, objects, and other watercraft.

Do not follow directly behind watercraft or other boats. Do not go near others to spray or splash them with water. Avoid sharp turns or other maneuvers that make it hard for others to avoid you or understand where you are going. Avoid areas with submerged objects or shallow water. Ride within your limits and avoid aggressive maneuvers to reduce the risk of loss of control, ejection, and collision.
2. Avoid rough water, bad weather, and poor visibility

Do not operate the watercraft in rough water, bad weather, or when visibility is poor; this may lead to an accident causing injury or death. Be alert to the possibility of adverse weather. Take note of weather forecasts and the prevailing weather conditions before setting out on your watercraft.

As with any water sport, you should not ride your watercraft without someone else nearby. If you ride farther than swimming distance from shore, you should ride by another boat or watercraft, but make sure you stay a safe distance away. It’s good common sense!
3. Minimum water depth

Never operate in water that is less than 60 cm (2 ft) deep, otherwise you increase your chance of hitting a submerged object, which could result in injury.

The image shows the minimum water-depth requirement for operating the watercraft.
<PIC>
4. High-performance riding and wake jumping

This is a high performance boat—not a toy. Sharp turns or jumping wakes or waves can increase the risk of back/spinal injury, paralysis, facial injuries, and broken legs, ankles, and other bones. Do not jump wakes or waves.
5. Night operation restriction

This watercraft is not equipped with lighting required for night operation.

The image indicates that night operation is prohibited for this watercraft.
<PIC>
Do not operate the watercraft after sunset or before dawn, otherwise you increase the risk of colliding with another boat, which could result in severe injury or death.,[""Manual20_16"", ""Manual20_17"", ""Manual20_18""]"
324,"Cruising limitations focus on keeping a constant lookout and operating defensively.

Scan constantly for people, objects, and other watercraft. The image shows the operator checking the surrounding water traffic and people on both sides while riding. <PIC>

Be alert for conditions that limit your visibility or block your view of others.

Operate defensively at safe speeds, and keep a safe distance away from people, objects, and other watercraft.

Do not follow directly behind watercraft or other boats.

Do not go near others to spray or splash them with water.

Avoid sharp turns or other maneuvers that make it hard for others to avoid you or understand where you are going.

Avoid areas with submerged objects or shallow water.

Ride within your limits and avoid aggressive maneuvers to reduce the risk of loss of control, ejection, and collision.,[""Manual20_16""]"
325,"All riders must wear a Coast Guard approved personal flotation device (PFD) suitable for personal watercraft use. All riders must also wear a wetsuit bottom or clothing that provides equivalent protection, because normal swimwear does not adequately protect against forceful water entry into the rectum or vagina. Equivalent clothing includes thick, tightly woven, sturdy, snug-fitting apparel such as denim; it does not include spandex or similar fabrics, such as bicycle shorts.

The required protective gear includes a Coast Guard approved PFD and a wetsuit bottom.
<PIC>

Eye protection is recommended to keep wind, water, and sun glare out of your eyes while operating the watercraft. Floating restraining straps for eyewear are available in case the eyewear falls into the water. Footwear and gloves are also recommended.

Helmets meeting Snell or DOT standards are required for IJSBA-sanctioned races. For recreational riding, you must decide whether to wear a helmet based on your riding conditions, environment, riding style and ability, traffic congestion, and water surface conditions. A helmet may help protect you in some accidents, but it can also create hazards, including “bucketing” if it catches water during a fall, which can strain the neck and cause choking, severe and permanent neck injuries, or death. A helmet may also increase accident risk if it reduces vision or hearing, distracts you, or increases fatigue. If you wear one, choose carefully; use a helmet designed for personal watercraft use if possible, and consider one meeting Snell or DOT standards.

Never operate the watercraft after consuming alcohol or taking other drugs.
<PIC>

For safety and proper care of the watercraft, always perform the preoperation checks before operating it.

When the watercraft is in motion, the operator and passenger should always keep both feet in the footwell. Lifting your feet increases the chance of losing balance and having your feet hit by objects outside the watercraft. Do not give a ride to a child whose feet cannot reach the floor of the footwell. The passenger should firmly hold on to the operator.

The rider position shown here keeps the passenger holding on to the operator while the watercraft is moving.
<PIC>

Consult your doctor before riding if you are pregnant or in poor health.

Do not modify the watercraft. Modifications may reduce safety and reliability, and may make the watercraft unsafe or illegal to use.

Scan carefully for swimmers and stay away from swimming areas. Watch for other boats, maintain a safe distance from boats and watercraft, and watch for ski ropes or fishing lines. Obey the “Rules of the Road,” and check behind you before making a turn.,[""Manual20_19"", ""Manual20_20"", ""Manual20_21""]"
326,"Watercraft Characteristics
1. Steering depends on jet thrust.

Jet thrust turns the watercraft. Releasing the throttle completely produces only minimum thrust. If you are traveling at speeds above trolling, your ability to steer without throttle will decrease rapidly. You may still have some turning ability immediately after releasing the throttle, but once the engine slows down, the watercraft will no longer respond to handlebar input until you open the throttle again or reach trolling speed. Practice turning in an open area without obstructions until you have a good feel for this maneuver.
2. Debris must be removed from the jet intake only after shutdown.

Stop the engine and remove clip 3 from engine shut-off switch 4 before removing any debris or weeds that may have collected around the jet intake.

This image shows the engine shut-off switch area and the clip that must be removed before clearing the jet intake.
<PIC>
3. The watercraft is water-jet propelled and has no “neutral” position.

This watercraft is water-jet propelled. The jet pump is directly connected to the engine, so jet thrust will produce some movement whenever the engine is running. There is no “neutral” position.

Keep away from intake grate 1 while the engine is on. Items such as long hair, loose clothing, or PFD straps can become entangled in moving parts, resulting in severe injury or drowning. Never insert any object into the jet thrust nozzle while the engine is running. Severe injury or death could result from contact with the rotating parts of the jet pump.

This image shows the intake grate and jet thrust nozzle area related to the jet pump hazard.
<PIC>,[""Manual20_24"", ""Manual20_25""]"
327,"When two vessels meet on the water, one vessel has the right-of-way and is the “stand-on” vessel. The vessel that does not have the right-of-way is the “give-way” or “burdened” vessel.

Stand-on vessel

If you have the right-of-way, continue your course and speed, except to avoid an immediate collision. Maintaining your direction and speed lets the other vessel determine how best to avoid you.

Give-way vessel

If you do not have the right-of-way, take positive and timely action to stay out of the way of the stand-on vessel. Normally, do not cross in front of the vessel with the right-of-way. Slow down or change direction briefly and pass behind the other vessel. Always move in a way that lets the other operator see what you are doing.

If a collision appears unavoidable, neither boat has the right-of-way. Both boats must avoid the collision; in that case, both vessels become give-way vessels.

Main encounter situations

There are three main situations that can lead to a collision unless the steering rules are followed: meeting, crossing, and overtaking.

This illustration shows your watercraft in the center, with areas indicating when you must give way and when other vessels must yield to you.
<PIC>
You should give the right-of-way to vessels shown in the white area; you are the give-way vessel. Vessels in the shaded area must yield to you; they are the give-way vessels. Both you and a meeting vessel must alter course to avoid each other.

Meeting

If you meet another power vessel head-on and are close enough to risk collision, neither of you has the right-of-way. Both vessels should alter course to avoid an accident. Keep the other vessel on your port, or left, side. This rule does not apply if both vessels will clear each other by continuing on the set course and speed.

This illustration shows two power vessels meeting head-on and both changing course to avoid each other.
<PIC>
In a head-on meeting situation, both operators must alter course when there is a collision risk.

Crossing

When two power-driven vessels are crossing each other’s path close enough to risk collision, the vessel that has the other on its starboard, or right, side must keep out of the way. If the other vessel is on your starboard side, you must keep out of its way; you are the give-way vessel. If the other vessel is on your port, or left, side, maintain course and direction, provided the other vessel gives you the right-of-way as it should.

This illustration shows the crossing situation and which vessel must keep out of the way.
<PIC>
When crossing, the vessel with the other vessel on its starboard side must give way.

Overtaking

If you are passing another vessel, you are the give-way vessel. The other vessel is expected to maintain its course and speed, and you must stay out of its way until you are clear of it.

If another vessel is passing you, maintain your speed and direction so the other vessel can steer around you.,[""Manual20_26"", ""Manual20_27"", ""Manual20_28""]"
328,"Seat removal and installation

The seat latch is at the rear of the seat.
<PIC>
Use this latch to release the seat.

To remove the seat:
1. Pull the seat latch up.
<PIC>
The seat latch is shown being lifted to release the seat.
2. Pull the seat off.

To install the seat:
1. Insert the projection on the front of the seat into the stay on the deck.
2. Push the rear of the seat down to lock it securely in place.
<PIC>
The rear of the seat is shown being pushed down so it locks into place.

Make sure that the seat is properly secured before operating the watercraft.,[""Manual20_35"", ""Manual20_36"", ""Manual20_37""]"
329,"To open the hood, push latch 1 down, and then lift the hood up.

The latch is under the front edge of the hood; press it downward before lifting the hood.
<PIC>

To close the hood, push the hood down to lock it in place.

Press the hood downward until it locks securely.
<PIC>

Make sure that the hood is properly secured before operating the watercraft.,[""Manual20_38"", ""Manual20_39""]"
330,"Fuel tank filler cap: turn the fuel tank filler cap 1 counterclockwise to remove it.

The image shows the fuel tank filler cap position on the deck.
<PIC>

Make sure the fuel tank filler cap is properly secured before operating the watercraft.

Oil tank filler cap: turn the oil tank filler cap 1 counterclockwise to remove it.

The image shows the oil tank filler cap being turned counterclockwise.
<PIC>

Make sure the oil tank filler cap is properly secured before operating the watercraft.,[""Manual20_40"", ""Manual20_41""]"
331,"Engine stop switch: push switch 1, the red button, to stop the engine normally.

The red engine stop switch is located on the handlebar control area.
<PIC>

Engine shut-off switch and lanyard: insert clip 1, on the end of the engine shut-off cord, under engine shut-off switch 3, the black button. The engine will stop automatically when the clip is removed from the switch, such as if the operator falls off the watercraft.

The black engine shut-off switch works with the clip and engine shut-off cord.
<PIC>

WARNING: Always attach the engine shut-off cord to your wrist and the clip to the engine shut-off switch BEFORE starting the engine. To prevent accidental starting of the engine or unauthorized use by children or others, always remove the clip from the shut-off switch when the engine is not running.

This view shows the lanyard and clip installed at the engine shut-off switch.
<PIC>,[""Manual20_43"", ""Manual20_44"", ""Manual20_45""]"
332,"Throttle lever

Squeeze throttle lever 1 to increase engine speed. Release the throttle lever to decrease engine speed or return it to the idle position.

This image shows throttle lever 1 being squeezed on the handlebar.
<PIC>

Choke lever

Starting a cold engine requires a richer air-fuel mixture, which is supplied by the choke. Move choke lever 1 in the indicated direction to turn the choke on. Move the lever in the other indicated direction to turn the choke off.

This image shows choke lever 1 and the two movement directions for turning the choke on or off.
<PIC>,[""Manual20_47"", ""Manual20_46""]"
333,"The Quick Shift Trim System (QSTS) selector is located at the left handlebar grip and is used to adjust the trim angle of the watercraft.

Operating the QSTS selector changes the angle of the jet thrust nozzle vertically, which changes the trim angle of the watercraft. There are 5 positions: 2 bow down positions, neutral “N”, and 2 bow up positions.

To change the trim angle:
1. Reduce engine speed to 3,000 r/min or less.
2. Squeeze the shift lock lever, and then turn the QSTS selector to the desired position.
3. Release the shift lock lever to lock the QSTS selector.

This image shows the QSTS selector at the left handlebar grip and the shift lock lever used while turning the selector.
<PIC>

CAUTION: Do not turn the QSTS selector while operating the watercraft at full throttle, otherwise damage could occur to the QSTS.

The neutral “N” position will provide good performance for most operating conditions. To enhance particular types of performance, select bow down or bow up.

This image shows the QSTS selector positions and how the jet thrust nozzle angle changes for bow down, neutral, and bow up settings.
<PIC>,[""Manual20_51"", ""Manual20_52""]"
334,"Fuel meter

The fuel meter lets you conveniently check the fuel level while riding. It has eight segments that show the amount of fuel remaining in the fuel tank. The segment indication can differ depending on your operating condition, so use the meter as a reference.

This image shows the fuel meter segment display on the multifunction display.
<PIC>

Hour meter

The hour meter helps you follow the maintenance schedule. It shows the total hours of engine operation since the watercraft was new.

This image shows the hour meter area with an hour reading on the display.
<PIC>

The elapsed time is kept even if the battery terminals have been disconnected. If the hour meter malfunctions, “_-_” is displayed and the warning light will blink.,[""Manual20_58"", ""Manual20_59""]"
344,"Fuel filter

The watercraft has a one-piece, disposable fuel filter 1. Inspect it for water in the filter. The fuel filter location is shown here.
<PIC>
Replace the fuel filter after the initial 10 hours or first month of operation, and every 200 hours or 24 months thereafter, or if water is found in the filter.

WARNING: Do not try to replace the fuel filter yourself. An incorrectly installed filter can leak gasoline, which could lead to fire or explosion. If necessary, have a Yamaha dealer replace the fuel filter.

Fuel tank

Check the fuel tank 1 for leakage or water in the tank. The fuel tank location is shown here.
<PIC>
If water is found in the fuel system, or if the fuel tank needs to be cleaned, have a Yamaha dealer service the watercraft.,[""Manual20_81"", ""Manual20_82""]"
345,"The Adjustable Sponsons can be adjusted to enhance watercraft performance according to operator preference and operating conditions.
1. Remove the bolts 1 on both sponsons.

This shows the bolts 1 that must be removed from both sponsons before adjustment.
<PIC>
2. Remove both sponsons, and then install them in the desired position.

NOTE: Be sure to install both sponsons to the same level.
3. Tighten the bolts on both sponsons to the correct torque.

This shows the sponson bolts being tightened after installation.
<PIC>

Tightening torque: 18 N·m (1.8 kgf·m, 13 ft·lb),[""Manual20_83"", ""Manual20_84""]"
346,"If weeds or debris are caught in the intake or impeller, jet thrust can decrease even though engine speed rises; if this continues, the engine can overheat and may seize. If you see any sign that the jet intake or impeller is clogged, beach the watercraft and check the intake and impeller. Always stop the engine before beaching the watercraft.

The intake/impeller area is checked after the engine is stopped and the engine shut-off switch clip is removed.
<PIC>

WARNING: Before attempting to remove weeds or debris from the jet intake or impeller areas, shut the engine off and remove the clip from the engine shut-off switch. Severe injury or death could result from contact with the rotating parts of the jet pump.
1. Turn the watercraft on its side.

Place a suitable clean cloth or carpeting underneath the watercraft to protect it from abrasions and scratches. Always turn the watercraft over onto its port (left) side. When turning the watercraft on its side, support the bow so the handlebars cannot be bent or damaged.

This shows the watercraft turned onto its left side for access to the intake and impeller area.
<PIC>
2. Remove any weeds or debris from around the drive shaft, impeller, pump housing, and jet thrust nozzle. If the debris is difficult to remove, consult your Yamaha dealer.

CAUTION: Always avoid operating your watercraft in areas where weed growth is thick. If traveling in weeded areas is unavoidable, operate the engine alternately at partial throttle and full throttle. Weeds tend to accumulate more at a steady speed and at trolling speed. If weeds clog the intake or impeller area and cause cavitation, follow the cleaning procedure above.,[""Manual20_85"", ""Manual20_86""]"
347,"Before starting, constantly scan for people, objects, and other watercraft. Be alert for conditions that limit your visibility or block your view of others.

This picture shows the operator checking the surroundings before getting underway.
<PIC>

Operate defensively at safe speeds and keep a safe distance from people, objects, and other watercraft. Do not follow directly behind watercraft or other boats. Do not go near others to spray or splash them with water. Avoid sharp turns or maneuvers that make it hard for others to avoid you or understand where you are going. Avoid areas with submerged objects or shallow water. Take early action to avoid collisions. Watercraft and other boats do not have brakes. Do not release the throttle when trying to steer away from objects—you need throttle to steer. Practice reboarding in shallow water before riding in deep water.

Starting and boarding in shallow water
1. Do not start the engine in less than 60 cm (2 ft) of water. Put the watercraft in water that is deep enough, and then board from the side or the rear.

This picture shows the minimum water depth needed for starting and boarding in shallow water.
<PIC>
2. Attach the engine shut-off cord to your left wrist, and then install the clip to the engine shut-off switch.
3. Grip the handlebars with both hands, place both feet on the floor of the footwell, start the engine, and start off.

Starting from a dock
1. Board the watercraft from the side.
2. Attach the engine shut-off cord to your left wrist, and then install the clip to the engine shut-off switch.
3. Push the watercraft away from the dock, grip the handlebars with both hands, place both feet on the floor of the footwell, start the engine, and start off.

This picture shows starting from a dock after pushing the watercraft away.
<PIC>,[""Manual20_87"", ""Manual20_88"", ""Manual20_89""]"
348,"WARNING: Severe internal injuries can occur if water is forced into body cavities when near the jet thrust nozzle. Do not apply throttle until the passenger is seated, has both feet on the floor of the footwell, and is holding on to the operator.
1. Climb on board as noted for solo boarding, and sit astride the seat. Attach the engine shut-off cord to your wrist, then install the clip to the engine shut-off switch.
2. Have the passenger move to the rear of the watercraft.
3. Have the passenger get on board and sit on the seat. The passenger boards from the rear while the operator keeps the watercraft balanced.
<PIC>
When the passenger is getting on board, both the passenger and the operator should try to balance the watercraft.
4. Check that the passenger has both feet on the floor of the footwell and is securely holding on to the operator.
5. Start the engine, look in all directions, and then accelerate to planing speed. The passenger should be seated and holding on before the watercraft starts off.
<PIC>
Before starting off, make sure there are no boats, obstructions, or swimmers around you.
<PIC>

The heavier the total weight of the operator and passenger, the more difficult it will be to balance the watercraft. Do not operate the watercraft when the total weight exceeds 160 kg (353 lb), including any cargo.,[""Manual20_90"", ""Manual20_91"", ""Manual20_92""]"
349,"If it is difficult to balance the watercraft at a standstill, do this:
1. The passenger must steady the watercraft while the operator is boarding. The operator pulls himself up onto the platform into a seating position, then balances the watercraft.

This shows the passenger steadying the watercraft while the operator boards from the rear platform.
<PIC>
2. Attach the lanyard to your left wrist, then install the clip on the lanyard to the engine shut-off switch. Start the engine and keep it at idle.
3. The passenger pulls himself up on the platform, kneels down, then crawls onto the seat as the watercraft accelerates.

This shows the passenger pulling up from the rear platform and boarding the watercraft.
<PIC>
4. The watercraft can now be accelerated to planing speed, then the operator can reduce the throttle to the desired running speed.

This shows two riders seated as the watercraft accelerates and begins running.
<PIC>,[""jetski_06"", ""jetski_07"", ""jetski_08""]"
350,"The maximum load is 160 kg (353 lb).

That total includes the cargo, operator, and passenger. The watercraft is designed to carry the operator and one passenger, and no more than 2 persons should ride it at one time."
351,"Base station controls and indicators

Press to find handsets.

Press and hold to enter the registration mode.

The top view of the base station shows the handset-finding/registration button.
<PIC>

Press to find handsets.

Press and hold to enter the registration mode.

The base station control panel view shows the controls and indicator area.
<PIC>

Speaker,[""Manual22_18"", ""Manual22_19""]"
352,"Before you connect and install the handset, read the important safety instructions.

Risk of product damage: make sure the power supply voltage corresponds to the voltage printed on the back or underside of the phone. Use only the supplied power adapter to charge the batteries.

The warning image marks the power-supply damage risk to check before connecting.
<PIC>
1. Connect each end of the power adapter to:
the DC input jack at the bottom of the base station;
the power socket on the wall.

The diagram shows the power adapter connected between the base station’s DC input jack and the wall power socket.
<PIC>
2. Connect each end of the line cord to:
the telephone socket at the bottom of the base station;
the telephone socket on the wall.

If you subscribe to DSL high-speed internet service through your telephone line, install a DSL filter between the telephone line cord and the power socket. This prevents noise and caller ID problems caused by DSL interference. For more information on DSL filters, contact your DSL service provider.

The type plate is located on the bottom of the base station.,[""Manual22_21"", ""Manual22_22""]"
353,"Install the handset by pulling the battery tape off from the battery door before charging.

The handset batteries are pre-installed; remove the battery tape from the battery compartment first.
<PIC>
The image shows the battery tape being pulled out from the handset battery door.

Risk of explosion: keep batteries away from heat, sunshine, or fire. Never discard batteries in fire.
<PIC>
The image shows the battery safety warning for keeping batteries away from heat and fire.

Use only the supplied batteries.

Risk of decreased battery life: never mix different brands or types of batteries.
<PIC>
The image shows the warning not to mix different brands or types of batteries.

Charge the batteries for 8 hours before first use. If the handset becomes warm while the batteries are charging, it is normal.

Check the battery polarity when inserting batteries in the battery compartment. Incorrect polarity may damage the product.,[""Manual22_23"", ""Manual22_24"", ""Manual22_25""]"
354,"Check the battery icon on the handset display; it shows the current battery level.

The battery symbol on the screen indicates the current charge level. <PIC>

When the handset is off the base station or charger, the bars in the battery icon indicate the battery level, from full to low. When the batteries are almost empty, the handset gives warning tones during a call, and the call is disconnected after the warning. <PIC>,[""Manual22_28"", ""Manual22_29""]"
355,"If your handset is in searching status:
1. Make sure that the base station has power supply.
2. Register the handset to the base station.
3. Move the handset closer to the base station."
356,"You can check the current status from the handset LED behavior after setting the LED status mode.

Select [Menu] > [Phone setup] > [LED status] > [Events status] / [Charge status], then press [OK] to confirm.

The setting is saved.

The handset LED status table shows how the indicator behavior corresponds to events or charging status.
<PIC>
For events status: when the LED is on, Audio boost is on; when it is off, the phone is in a call or standby mode; when it is flashing, there may be a new message, a new voicemail, a missed call, or the phone may be muted.,[""Manual22_40""]"
357,"Check the LED indicator on the base station and compare it with the base-station LED status table.

This table shows the base-station LED indicator behavior and the corresponding message status.
<PIC>
The table is for identifying the current base-station status from the LED behavior.

Steady on: there is no new message and the memory is not full; the handset is switched on; or the phone has entered paging mode.

Flashing: there is a new message and the memory is not full; the retrieved table content also indicates an incoming status, but the available retrieved content does not fully expose the rest of that line.,[""Manual22_46""]"
358,"Lower the roll bar only when absolutely necessary.
1. Remove the hairpin cotters and remove the 2 pins.
2. Lower the roll bar to the down position. There are 2 down positions.

The image shows the two available down positions for the ROPS roll bar.
<PIC>
3. Install the 2 pins and secure them with the hairpin cotters.,[""Manual23_32""]"
359,"For machines with the suspension system only, adjust the rear 2-shock assemblies to change the suspension feel and position the suspension system where you are most comfortable.

The rear-shock slots show the softest position, firmest position, and detents in the slots for reference.
<PIC>
1. Firmest position
2. Softest position
3. Detents in the slots

You can position the rear-shock assemblies anywhere in the slot, not only in the detent positions.

Make sure the left and right rear-shock assemblies are always adjusted to the same positions.

The adjustment view identifies the seat-suspension knob used when adjusting the rear-shock assemblies.
<PIC>
1. Seat-suspension knob,[""Manual23_37"", ""Manual23_38""]"
360,"For machines with an electric deck lift:
1. Push up on the deck-lift switch.

The switch raises the deck when pushed up and lowers the deck when pushed down.
<PIC>
2. Select a hole in the height-of-cut bracket that corresponds to the desired height of cut, and insert the pin.

The height-of-cut pin fits into the holes in the height-of-cut bracket to set the selected cutting height.
<PIC>
3. Push down on the deck-lift switch to set the height of cut.,[""Manual23_55"", ""Manual23_56""]"
361,"Loading a machine onto a trailer or truck increases the possibility of tip-over and could cause serious injury or death.

Use extreme caution when operating the machine on a ramp. Back the machine up the ramp and drive it forward down the ramp. Avoid sudden acceleration or deceleration while driving on a ramp, because this could cause loss of control or a tip-over.
1. If using a trailer, connect it to the towing vehicle and connect the safety chains.
2. If applicable, connect the trailer brakes and lights.
3. Lower the ramp, ensuring that the angle between the ramp and the ground does not exceed 15 degrees.
4. Back the machine up the ramp.

This illustration shows the correct direction: back the machine up the ramp, and drive it forward down the ramp when unloading.
<PIC>
5. Shut off the engine, remove the key, and engage the parking brake.
6. Tie down the machine near the front caster wheels and the rear bumper with straps, chains, cable, or ropes. Refer to local regulations for tie-down requirements.

This illustration shows the tie-down loop locations used to secure the machine for transport.
<PIC>,[""Manual23_64"", ""Manual23_65""]"
362,"Use extreme caution when operating the machine on a ramp. Drive it forward down the ramp, and avoid sudden acceleration or deceleration because this could cause loss of control or a tip-over.
1. Lower the ramp, ensuring that the angle between the ramp and the ground does not exceed 15 degrees.
2. Drive the machine forward down the ramp.

The illustration shows the correct direction for unloading: drive the machine forward down the ramp.
<PIC>,[""Manual23_64""]"
363,"Changing the Engine Oil:

Note: Dispose of the used oil at a recycling center.
4. Start the engine and let it run for 5 minutes. Note: This warms the oil so that it drains better.
5. Park the machine so that the drain side is slightly lower than the opposite side to ensure that the oil drains completely.
6. Disengage the blade-control switch (PTO) and engage the parking brake.
7. Shut off the engine, remove the key, and wait for all moving parts to stop before leaving the operating position.
8. Drain the oil from the engine.

This image shows the engine oil being drained using the drain hose and an oil pan.
<PIC>
9. Slowly pour approximately 80% of the specified oil into the filler tube and slowly add the additional oil to bring it to the Full mark.

This image shows the oil filling and dipstick check process, including bringing the oil level up to the Full mark.
<PIC>
10. Start the engine and drive to a flat area.
11. Check the oil level again.,[""Manual23_86"", ""Manual23_87""]"
364,"For a Kohler air cleaner filter, remove the filters as follows:
1. Park the machine on a level surface, disengage the blade-control switch (PTO), and engage the parking brake.
2. Shut off the engine, remove the key, and wait for all moving parts to stop before leaving the operating position.
3. Release the latches on the air cleaner and pull the air-inlet cover off the air-cleaner body.
4. Clean the air-inlet screen and cover.
5. Install the air-inlet cover and secure it with the latches.

The air-inlet cover, air-inlet screen, air-cleaner body, and latch are shown here.
<PIC>
6. Release the latches on the air cleaner and pull the air-cleaner cover off the air-cleaner body.
7. Clean the inside of the air-cleaner cover with compressed air.
8. Gently slide the primary filter out of the air-cleaner body. Note: Avoid knocking the filter into the side of the body.

The inner filter, primary filter, air-cleaner cover, latch, and air-cleaner body are shown here.
<PIC>
9. Remove the inner filter only if you intend to replace it. Important: Never attempt to clean the inner filter. If the safety filter is dirty, then the primary filter is damaged. Replace both filters.
10. Inspect the primary filter for damage by looking into the filter while shining a bright light on the outside of the filter. Note: Holes in the filter will appear as bright spots. If the filter is damaged, discard it.,[""Manual23_83"", ""Manual23_82""]"
365,"Replacing the Mower Belt
1. Park the machine on a level surface, disengage the blade-control switch (PTO), and engage the parking brake.
2. Shut off the engine, remove the key, and wait for all moving parts to stop before leaving the operating position.
3. Lower the mower to the 76 mm (3 inches) height of cut.
4. Remove the belt covers.

This image shows the belt covers being removed before accessing the mower belt.
<PIC>
5. Use a 3/8-inch ratchet in the square hole in the idler arm to remove tension on the idler spring.
6. Remove the belt from the mower-deck pulleys and the clutch pulley.
7. Remove the belt guide on the spring-loaded idler arm.
8. Remove the existing belt.
9. Install the new belt around the mower pulleys and the clutch pulley under the engine.

This image shows the mower belt routing and the tensioning parts, including the spring, clutch pulley, mower belt, spring-loaded idler assembly, ratchet, and the square hole in the idler arm for the ratchet.
<PIC>
10. Install the belt guide on the idler arm.
11. Using the 3/8-inch ratchet in the square hole, install the idler spring.

Note: Ensure that the spring ends are seated in the anchor grooves.
12. Install the belt covers.

This image shows the belt covers being installed back into place after the belt replacement.
<PIC>,[""Manual23_99"", ""Manual23_100"", ""Manual23_101""]"
366,"Use the Control Set-Up pad to change the microwave’s default values for beep sound, clock, display speed, and defrost weight mode (LBS/KG).

This chart shows the available Control Set-Up options and the number selections for each setting.
<PIC>

Example: to change defrost weight mode from Lbs to Kg:
1. Touch Control Set-Up pad.
2. Touch number [4] pad for LBS/KG choice.
3. Touch number [2] pad to select KG.

This operation chart shows the display prompts for changing the defrost weight mode from Lbs to Kg.
<PIC>,[""Manual24_9"", ""Manual24_10""]"
367,"The Lo Light can be set to turn on and off automatically at any time. It will come on at the low setting at the same time every day and turn off at the set time until reset.

Example setting: turn on at 2:00 AM and turn off at 7:00 AM.

The setup table below shows the Light Timer procedure and the display prompts for setting the on/off times.
<PIC>
1. Touch the Light Timer pad. Press once for AM, or twice for PM.
2. Enter the time you want the Light to turn on.
3. Touch the Light Timer pad again. Press once for AM, or twice for PM.
4. Enter the time you want the Light to turn off.
5. Touch Start.

To reset the time for the Light to turn on and off, repeat steps 1 to 5.

To cancel the Light Timer, use the cancellation procedure shown below.
<PIC>
1. Touch the Light Timer pad.
2. Touch the Stop/Clear pad.

If you want to cancel the Light Timer while it is operating, touch the Light HI/LO/Off pad.,[""Manual24_11"", ""Manual24_12""]"
368,"Favorite Recipe stores one cooking instruction in memory so you can recall it and start cooking quickly.

To program a Favorite Recipe for 2 minutes:
1. Touch the Favorite Recipe pad.
2. Enter the cook time by touching number pads 2, 0, and 0.
3. Touch the Start pad. The time will begin counting down.

The programming screen sequence for setting a 2-minute Favorite Recipe is shown here.
<PIC>

To recall the custom recipe later:
1. Touch the Favorite Recipe pad.
2. Touch the Start pad. The time will begin counting down.

The recall sequence for starting the saved Favorite Recipe is shown here.
<PIC>

When the cook time is over, you will hear four beeps and END will display. Power level defaults to Hi, but this setting can be modified.,[""Manual24_16"", ""Manual24_17""]"
369,"Use Reheat to heat food without programming cooking times or power levels. It has preset power levels for 3 categories: Casserole, Dinner Plate, and Soup/Sauce.

The Reheat category choices are Casserole, Dinner Plate, and Soup/Sauce. Select the matching number on the touch pad for your food category. <PIC>

Example: to reheat Casserole
1. Touch the Reheat pad.
2. Choose the food category: touch number [1] for Casserole. The display shows CASSEROLE once, then SENSING. <PIC>

When the cook time is over, you will hear four beeps and END will display.

Recommended amounts are shown for Casserole, Dinner Plate, and Soup/Sauce. <PIC>,[""Manual24_29"", ""Manual24_30"", ""Manual24_31""]"
370,"Auto Defrost is preset with three defrost sequences and is the best way to defrost frozen foods.

The Auto Defrost category pad choices are Meat, Poultry, and Fish.
<PIC>
The image shows the Auto Defrost food categories and the number pad used to choose each category.

Example: to defrost 1.2 lbs. of ground beef:
1. Touch the Auto Defrost pad.
2. Choose the food category. For ground beef, touch number [1].
3. Enter the weight by touching [1] and [2] for 1.2 lbs.
4. Touch START.
<PIC>
The image shows the Auto Defrost operating example with the procedure and display prompts.

When you touch the START pad, the display changes to the defrost time countdown. The oven will beep during the DEFROST cycle. At that time, open the door and turn, separate, or rearrange the food. Remove any portions that have thawed. Return frozen portions to the oven and touch START to resume the defrost cycle.,[""Manual24_32"", ""Manual24_33""]"
371,"The grease filter should be removed and cleaned often, at least once a month.
1. To remove the grease filter, slide the filter to the side. Pull the filter downward and push it to the other side; the filter will drop out.

This image shows the grease filter being pulled downward for removal.
<PIC>
2. Wash the grease filter in a dishwasher, or soak it in hot water and a mild detergent. Rinse well and shake to dry. Do not use ammonia or place it in a dishwasher. The aluminum filter will darken.

This image shows the grease filter being rinsed during cleaning.
<PIC>
3. To reinstall the filter, slide it into the side slot, then push up and toward the oven center to lock it.

This image shows the grease filter being slid back into the slot and pushed upward to lock.
<PIC>

CAUTION: To avoid risk of personal injury or property damage, do not operate the oven hood without the filter in place.,[""Manual24_47"", ""Manual24_48"", ""Manual24_49""]"
372,"Charcoal filter replacement

If the oven is vented inside, replace the charcoal filter every 6 to 12 months, or more often if necessary. The charcoal filter cannot be cleaned.
1. Unplug the oven or turn off power at the main power supply.
2. Remove the two vent grill mounting screws, which are the two middle screws. The image shows the two mounting screws on the vent grill being removed. <PIC>
3. Tip the grill forward, then lift it out.
4. Remove the old filter. The image shows the old charcoal filter being pulled out from behind the vent grill area. <PIC>
5. Slide a new charcoal filter into place. The filter should rest at the angle shown. The image shows the new charcoal filter sliding in at the required angle. <PIC>
6. Slide the bottom of the grill into place. Push the top until it snaps into place. Replace the mounting screws. Turn the power back on at the main power supply and set the clock.,[""Manual24_50"", ""Manual24_51"", ""Manual24_52""]"
373,"Oven light replacement
1. Unplug the oven or turn off power at the main power supply.
2. Remove the vent cover mounting screws. Use the 2 middle screws.
3. Tip the vent cover forward, then lift it out to remove it.

This shows the vent cover being tipped forward and removed after the mounting screws are taken out.
<PIC>
4. Remove the bulb holder.

This shows the bulb holder location after the vent cover is removed.
<PIC>
5. Lift up the bulb holder.

This shows the bulb holder being lifted up for access to the oven light.
<PIC>
6. Replace the bulb with a 30 or 40 watt appliance bulb.
7. Replace the bulb holder.
8. Slide the bottom of the vent cover into place. Push the top until it snaps into place. Replace the mounting screws. Turn the power back on at the main power supply or plug in the oven.,[""Manual24_54"", ""Manual24_55"", ""Manual24_56""]"
374,"This motherboard has three PCI Express 3.0 x16 slots that support PCI Express 3.0 x16 graphics cards complying with the PCI Express specifications.

The slot operating modes are shown in the PCIe slot mode table below, including single, dual, and triple VGA/PCIe card configurations.
<PIC>

For a single VGA card, use the PCIe 3.0x16_1 slot (gray) for a PCI Express x16 graphics card to get better performance.

When running some modes, provide sufficient power.

When using multiple graphics cards, connect a chassis fan to the motherboard connector labeled CHA_FAN1/2/3 for a better thermal environment.,[""Manual25_31""]"
375,"Clear RTC RAM (2-pin CLRTC)

This header clears the Real Time Clock (RTC) RAM in CMOS, including date, time, system setup parameters, and system passwords. The onboard button cell battery powers this CMOS RAM data.

The CLRTC header location and its two pins are shown here.
<PIC>

To erase the RTC RAM:
1. Turn OFF the computer and unplug the power cord.
2. Use a metal object such as a screwdriver to short the two pins.
3. Plug the power cord and turn ON the computer.
4. Hold down the < Del > key during the boot process and enter BIOS setup to reenter data.

If the steps above do not help, remove the onboard battery and short the two pins again to clear the CMOS RTC RAM data. After clearing the CMOS, reinstall the battery.

You do not need to clear the RTC when the system hangs due to overclocking. For system failure due to overclocking, use the CPU Parameter Recall (C.P.R.) feature. Shut down and reboot the system, then the BIOS automatically resets parameter settings to default values.

CPU Over Voltage jumper (3-pin CPU_OV)

The CPU Over Voltage jumper lets you set a higher CPU voltage for a flexible overclocking system, depending on the type of the installed CPU.

The CPU_OV jumper location and its pin settings are shown here.
<PIC>

To gain more CPU voltage setting, insert the jumper to pins 2-3.

To go back to its default CPU voltage setting, insert the jumper to pins 1-2.,[""Manual25_33"", ""Manual25_34""]"
376,"Rear panel connectors are set/used by connecting each device to the matching port on the motherboard rear I/O panel.

The rear I/O panel layout shows the numbered connector positions for the ports below.
<PIC>
1. PS/2 Mouse/Keyboard combo port. This port connects to a PS/2 mouse or PS/2 keyboard.
2. Display Port. This port is for a Display Port-compatible devices.
3. Video Graphics Adapter (VGA) port. This 15-pin port is for a VGA monitor or other VGA-compatible devices.
4. LAN (RJ-45) port. This port allows Gigabit connection to a Local Area Network (LAN) through a network hub.

The LAN port has Activity/Link and Speed LED indicators beside the RJ-45 connector.
<PIC>

LAN port LED indications are shown in the LED indication chart.
<PIC>
5. Center / Subwoofer port (orange). This port connects the center/subwoofer speakers.
6. Rear Speaker Out port (black). This port connects the rear speakers in a 4.1 channel, 5.1 channel, or 7.1 channel audio configuration.
7. Line In port (light blue). This port connects to the tape, CD, DVD player, or other audio sources.
8. Line Out port (lime). This port connects to a headphone or a speaker. In the 4.1, 5.1, and 7.1 channel configurations, the function of this port becomes Front Speaker Out.
9. Microphone port (pink). This port connects to a microphone.

The audio port configuration chart shows how the rear audio ports are used for 2, 4.1, 5.1, or 7.1-channel configurations.
<PIC>
10. Optical S/PDIF out port. This port allows you to connect your PC to amplified speakers, headphones, or Sony/Phillips Digital Interconnect Format (S/PDIF) compliant devices.
11. USB 3.1 Type A port. This 9-pin Universal Serial Bus (USB) Type A port is for USB 3.1 devices.
12. USB 3.1 Type C port. This Universal Serial Bus (USB) Type C port is for USB 3.1 mobile or peripheral devices.
13. USB 3.0 ports 3~6. These 9-pin Universal Serial Bus (USB) ports are for USB 3.0 devices.

The plugged USB 3.0 device may run on xHCI or EHCI mode, depending on the operating system’s setting. USB 3.0 devices can only be used for data storage. USB 3.0 devices should be connected to USB 3.0 ports for faster and better performance. All USB devices connected to the USB 2.0 and USB 3.0 ports are controlled by the xHCI controller. Some legacy USB devices must update their firmware for better compatibility.
14. DVI-D port. This port is for any DVI-D compatible device. DVI-D can not be converted to output from RGB Signal to CRT and is not compatible with DVI-I.
15. HDMI port. This port is for a High-Definition Multimedia Interface (HDMI) connector, and is HDCP compliant allowing playback of HD DVD, Blu-ray, and other protected content.
16. USB 2.0 ports 13 and 14. These two 4-pin Universal Serial Bus (USB) ports are for USB 2.0/1.1 devices.,[""Manual25_35"", ""Manual25_36"", ""Manual25_37"", ""Manual25_38""]"
377,"You can turn off the onboard lighting or change its lit modes from either the BIOS or the LED Control app in Ai Suite 3.

For the model name LEDs, use the BIOS path:

Advanced > Onboard Devices Configuration > Model Name LED Lighting

The model name LEDs are five small LEDs located right below the printed model name.
<PIC>
The available Model Name LED Lighting modes are shown here: Breathing mode makes the LEDs blink intermittently; Still mode makes the LEDs become solid red.
<PIC>

For the SupremeFX LED, use the BIOS path:

Advanced > Onboard Devices Configuration > SupremeFX LED Lighting

The SupremeFX LED outlines the separation of the audio components from the rest of the motherboard.
<PIC>
The available SupremeFX LED Lighting modes are shown here: Breathing mode makes the LED blink intermittently; Flowing mode makes the LED light up and dim like flowing water; Still mode makes the LED become solid red.
<PIC>,[""Manual25_55"", ""Manual25_56"", ""Manual25_57"", ""Manual25_58""]"
378,"Updating the BIOS file:
6. On the FreeDOS prompt, type bupdater /pc /g and press <Enter>.

D:/> bupdater /pc /g
7. On the BIOS Updater screen, press <Tab> to switch from the Files panel to the Drives panel, then select D:.

The BIOS Updater screen shows the Drives panel and Files panel used to locate the BIOS file.
<PIC>
8. Press <Tab> to switch from the Drives panel to the Files panel, then press the <Up/Down or Home/End> keys to select the BIOS file and press <Enter>.
9. After the BIOS Updater checks the selected BIOS file, select Yes to confirm the BIOS update.

The confirmation prompt asks whether you are sure you want to update the BIOS.
<PIC>

The BIOS Backup feature is not supported due to security regulations.
10. Select Yes, then press <Enter>. When the BIOS update is done, press <ESC> to exit BIOS Updater.
11. Restart your computer.

DO NOT shut down or reset the system while updating the BIOS to prevent system boot failure.

Ensure to load the BIOS default settings to ensure system compatibility and stability. Select the Load Optimized Defaults item under the Exit BIOS menu. See section 2.10 Exit Menu for details.,[""Manual25_63"", ""Manual25_64""]"
379,"Creating RAID

Use EZ Tuning Wizard in BIOS to set RAID.

The EZ Tuning Wizard screen includes the RAID setup option.
<PIC>
5. Press <F11> on your keyboard or click from the BIOS screen to open the EZ Tuning Wizard screen.
6. Click RAID, then click Yes to enable RAID.

Ensure that your HDDs have no existing RAID volumes.

Ensure that your HDDs are connected to Intel SATA connectors.

The wizard displays the available HDDs before continuing.
<PIC>
7. The available HDDs display. Click Next to continue.

The storage function selection screen lets you choose Easy Backup or Super Speed.
<PIC>
8. Select the type of storage for your RAID: Easy Backup or Super Speed, then click Next.

The Easy Backup selection screen lets you choose Easy Backup (RAID1) or Easy Backup (RAID10).
<PIC>

a. For Easy Backup, select Easy Backup (RAID1) or Easy Backup (RAID10), then click Next. You can only select Easy Backup (RAID 10) if you connect four (4) HDDs.

The Super Speed selection screen lets you choose Super Speed (RAID0) or Super Speed (RAID5).
<PIC>

b. For Super Speed, select Super Speed (RAID0) or Super Speed (RAID5), then click Next.
9. After selecting the type of RAID, click Yes to continue the RAID setup.
10. After the RAID setup is done, click Yes to exit the setup, then click OK to reset your system.,[""Manual25_71"", ""Manual25_72"", ""Manual25_73"", ""Manual25_74"", ""Manual25_75""]"
380,"Using SATA ODD & USB devices lets you load USB 3.0 drivers from the support DVD and install OS 7 using a USB device.

Requirements

1 x support DVD

1 x OS 7 installation source

1 x SATA ODD

1 x USB device, either ODD or storage

The USB storage device requires 8 GB or more capacity. It is recommended to format the storage device before use.
1. Insert the OS 7 installation DVD into a USB ODD, or copy all files on the OS 7 installation DVD to a USB storage device on a working system.
2. Connect the USB ODD or USB storage device to your 100 series platform.
3. Insert the support DVD into a SATA ODD on your 100 series platform.
4. Power on your system and press F8 during POST, Power-On Self Test, to enter the boot screen.

The boot screen lets you select the boot device for starting the installation.
<PIC>
5. The USB 3.0 driver will be loaded automatically during installation startup.

The setup startup screen appears when the USB 3.0 driver has loaded correctly.
<PIC>

The “Setup is starting...” screen will show up if the USB 3.0 driver is loaded correctly.
6. Follow the onscreen instructions to complete the OS 7 installation.,[""Manual25_87"", ""Manual25_88""]"
381,"Place nine screws into the holes indicated by circles to secure the motherboard to the chassis.

Do not over tighten the screws. Doing so can damage the motherboard.

The image shows the screw-hole positions and the side that should face the rear of the chassis.
<PIC>,[""Manual25_6""]"
382,"Prepare the CPU installation by first making sure the CPU is firmly clicked into place before installing it onto the CPU socket on the motherboard.

The CPU Installation Tool should be handled from the sides during CPU installation.
<PIC>

Use the CPU Installation Tool only for installing the CPU. Do not damage or bend the CPU Installation Tool.

The CPU Installation Tool holds the CPU and helps keep its orientation correct before it is placed into the socket.
<PIC>

Always firmly hold both sides of the CPU Installation Tool when installing, removing, or picking up the CPU Installation Tool.

The CPU Installation Tool is used to carry the CPU into the motherboard socket during the installation sequence.
<PIC>

Damage resulting from incorrect CPU installation/removal, incorrect CPU orientation/placement, or other damage resulting from negligence by the user is not covered.,[""Manual25_10"", ""Manual25_11"", ""Manual25_12""]"
383,"System memory

This motherboard has four Double Data Rate 4 (DDR4) Dual Inline Memory Module (DIMM) sockets.

The motherboard diagram identifies the 288-pin DDR4 DIMM sockets.
<PIC>

A DDR4 module is notched differently from a DDR, DDR2, or DDR3 module. DO NOT install a DDR, DDR2, or DDR3 memory module into the DDR4 slot. DIMM voltage below 1.65 V is recommended to protect the CPU.

You may install 2 GB, 4 GB, 8 GB, and 16 GB unbuffered non-ECC DDR4 DIMMs into the DIMM sockets.

The recommended memory population diagram shows which DIMM sockets to use for supported memory configurations.
<PIC>

You may install varying memory sizes in Channel A and Channel B. The system maps the total size of the lower-sized channel for the dual-channel configuration. Any excess memory from the higher-sized channel is then mapped for single-channel operation.

Due to the memory address limitation on 32-bit systems, when you install 4 GB or more memory on the motherboard, the actual usable memory for the OS can be about 3 GB or less. For effective use of memory, use a maximum of 3 GB system memory if you are using a 32-bit OS, or install a 64-bit OS if you want to install 4 GB or more on the motherboard.

The default memory operation frequency depends on Serial Presence Detect (SPD), the standard way of accessing information from a memory module. Under the default state, some overclocking memory modules may operate at a lower frequency than the vendor-marked value. To operate at the vendor-marked or a higher frequency, use the Ai Tweaker menu for manual memory frequency adjustment.

Always install DIMMs with the same CAS Latency. For optimum compatibility, install memory modules of the same version or date code (D/C) from the same vendor. Check with the vendor to get the correct memory modules.

A 4-DIMM or 2-DIMM kit is highly recommended for full DIMM configuration. Full DIMM support is subject to the physical characteristics of individual CPUs or memory.

For system stability, use a more efficient memory cooling system to support a full memory load of 4 DIMMs or an overclocking condition.,[""Manual25_18"", ""Manual25_19""]"
384,"Serial port connector (10-1 pin COM)

This connector is for a serial (COM) port.

Connect the serial port module cable to this connector, then install the module to a slot opening at the back of the system chassis.

The image shows the 10-1 pin COM connector on the motherboard and how the serial port module cable connects to it.
<PIC>

The COM module is purchased separately.,[""Manual25_39""]"
385,"The 14-1 pin TPM connector supports a Trusted Platform Module (TPM) system. A TPM system securely stores keys, digital certificates, passwords, and data.

A TPM system also helps enhance network security, protects digital identities, and ensures platform integrity.

This diagram shows the TPM connector and its 14-1 pin layout on the motherboard.
<PIC>,[""Manual25_40""]"
386,"The 2-pin T_SENSOR thermal sensor connector is used for a thermistor cable. It lets you monitor the temperature of the motherboard’s critical components and connected devices.

The connector diagram identifies the T_SENSOR connector location and its two pins, including GND and SENSOR IN. The thermistor cable is shown as a separate item for this connector.
<PIC>,[""Manual25_43""]"
387,"Quick Release (QR or QPR) stops cooking quickly and helps prevent overcooking. It is suitable for quick-cooking vegetables and delicate seafood.

Press the quick release button down until it clicks and locks into the Vent position.

This image shows the quick release button being pressed and locked into the Vent position.
<PIC>

When the button is pressed down, a jet of steam ejects through the top of the steam release valve. This is normal.

This image shows steam venting from the steam release valve at the top of the cooker.
<PIC>

When pressure has been fully released, the float valve drops into the lid.,[""multi-use_pressure_cooker_and_air_fryer_01"", ""multi-use_pressure_cooker_and_air_fryer_02""]"
388,"Pressure cooking lid

This is the pressure cooking lid used for the setup steps below.
<PIC>

Removing the lid

01 Grip the lid handle and turn it counterclockwise to align the symbol on the lid with the symbol on the rim of the cooker base.

02 Lift the lid up and off the cooker base towards your body.

This image shows the lid being turned and lifted off the cooker base.
<PIC>

Closing the lid

01 Align the symbol on the lid with the symbol on the cooker base, then lower the lid onto the track.

02 Turn the lid clockwise until the symbol on the lid aligns with the symbol on the cooker base.

This image shows the lid being rotated into position on the cooker base.
<PIC>,[""Manual30_11"", ""Manual30_12"", ""Manual30_13""]"
389,"Install the float valve by dropping the narrow end of the float valve into the float valve hole on the top of the lid.

Place one finger on the flat top of the float valve, then turn the lid over.

Firmly attach the silicone cap to the bottom of the float valve. The image shows the float valve being held in place while the silicone cap is attached underneath the lid.
<PIC>

Do not attempt to operate the pressure cooker without the float valve and/or silicone cap properly installed in the pressure cooking lid.,[""Manual30_37""]"
390,"The anti-block shield prevents food particles from coming up through the steam release pipe, helping with pressure regulation.

It is an integral safety feature and is necessary for pressure cooking.

This illustration shows the anti-block shield on the pressure cooking lid near the steam release pipe.
<PIC>,[""Manual30_19""]"
391,"To set/install the steam release valve, place the steam release valve on the steam release pipe and press down firmly.

This image shows the steam release valve being placed onto the steam release pipe and pressed down into position.
<PIC>

When installed properly, the steam release valve sits loosely on the steam release pipe, but it should remain in place when the lid is turned over.

The steam release valve must be installed before using the cooker.

If you need to remove it, pull the steam release valve up and off the steam release pipe.
<PIC>
This image shows the steam release valve being pulled upward off the steam release pipe.,[""Manual30_33"", ""Manual30_32""]"
392,"To remove the anti-block shield, grip the lid like a steering wheel and use your thumbs to press firmly against the side of the anti-block shield, pressing toward the side of the lid and up, until it pops off the prongs underneath.

This image shows the thumb-press motion used to pop the anti-block shield off the prongs.
<PIC>

To install the anti-block shield, place the anti-block shield over the prongs and press down until it snaps into position. Do not attempt to operate the pressure cooker without the anti-block shield installed.

This image shows the anti-block shield being aligned over the prongs and pressed down into place.
<PIC>,[""Manual30_34"", ""Manual30_35""]"
393,"Install the float valve this way:
1. Drop the narrow end of the float valve into the float valve hole on the top of the lid.
2. Place one finger on the flat top of the float valve, then turn the lid over.
3. Firmly attach the silicone cap to the bottom of the float valve.

This image shows holding the float valve from the top while attaching the silicone cap on the underside of the lid.
<PIC>

Do not attempt to operate the pressure cooker without the float valve and/or silicone cap properly installed in the pressure cooking lid.,[""Manual30_37""]"
394,"The condensation collector sits at the back of the cooker base and catches overflow from the condensation rim. Install it before cooking, then empty and rinse it after each use.

To install it, align the grooves on the condensation collector over the tabs on the back of the cooker base, then slide the condensation collector into place.

The picture shows the condensation collector sliding onto the back of the cooker base along the grooves and tabs.
<PIC>,[""Manual30_38""]"
395,"Install the sealing ring by placing it over the circular stainless-steel sealing ring rack, then pressing it into place.

The sealing ring is easiest to remove and install when it is wet and soapy. This image shows the sealing ring being fitted around the rack inside the pressure cooking lid.
<PIC>

Press down firmly all the way around to prevent puckering. When installed properly, the sealing ring sits snugly behind the sealing ring rack and should not fall out when the lid is turned over. This image shows the sealing ring seated correctly in the rack.
<PIC>,[""Manual30_30"", ""Manual30_31""]"
396,"To remove the silicone sealing ring, grip the edge of the silicone and pull the sealing ring out from behind the circular stainless-steel sealing ring rack.

The image shows the silicone sealing ring positioned on the inside of the lid at the sealing ring rack.
<PIC>

With the sealing ring removed, inspect the steel rack to make sure it is secured, centered, and an even height all the way around the lid. Do not attempt to repair a deformed sealing ring rack.

The sealing ring is easiest to remove and install when it is wet and soapy.,[""Manual30_30""]"
397,"The sealing ring creates an air-tight seal between the pressure cooking lid and the inner pot when the lid is closed. It must be installed before using the cooker, and only one sealing ring should be installed in the lid at a time.

The image shows the sealing ring being installed inside the pressure cooking lid.
<PIC>

Silicone is porous, so it absorbs strong aromas and certain flavors. Keeping extra sealing rings on hand can help limit the transfer of aromas and flavors between dishes.

CAUTION: Only use authorized Multi-use pressure cooker and air fryer sealing rings. DO NOT use a stretched or damaged sealing ring.

Always check the sealing ring before cooking for cuts, deformation, and correct installation.

Sealing rings stretch over time with normal use. Replace the sealing ring every 12–18 months, or sooner if you notice stretching, deformation, or damage. Failure to follow these instructions may cause food to discharge, which may lead to personal injury or property damage.,[""Manual30_16""]"
398,"The steam release valve sits loosely on the steam release pipe.

When the cooker releases pressure, steam ejects from the top of the steam release valve.

The steam release valve is integral to product safety and necessary for pressure cooking.

This image shows steam releasing from the top of the steam release valve.
<PIC>

WARNING: Do not cover or block the steam release valve in any way.,[""Manual30_15""]"
399,"The quick release button controls the steam release valve, which determines whether pressure is released or not.

This illustration shows the quick release button on the pressure cooking lid and its Seal and Vent positions. <PIC>

What’s useful about it: it is easy to use and keeps your hands far away from the steam.

What you should know: although the lid says “Turn to Seal,” the motion is more like a flick. Do not turn the quick release button more than 45°, and let it spring back to its original position.

For safe depressurization techniques, use the pressure-releasing and venting methods for the cooker.,[""Manual30_14""]"
400,"Natural Release (NR or NPR) means cooking stops gradually. As the temperature within the cooker drops, the cooker depressurizes naturally over time.

The illustration shows the Natural Release method for depressurizing after cooking.
<PIC>

Use NR to depressurize the cooker after cooking high-starch foods, such as soups, stews, chilis, pasta, oatmeal and congee, or after cooking foods that expand when cooked, such as beans and grains.,[""Manual30_9""]"
401,"Robot anatomy

Top view: the top layout includes the iAdapt® Localization Camera, the handle, the bin release button, and the main CLEAN control area.
<PIC>

Buttons and indicators: the control layout includes the CLEAN Button, DOCK Button, SPOT Button, Wi‑Fi Indicator, Troubleshooting Indicator, Battery Indicator, Full Bin Indicator, and Dirt Detect Indicator.
<PIC>

Bottom view: the underside layout includes the extractor caps, debris extractors, dust bin, extractor frame, extractor frame release tabs, side brush, charging contacts, and floor-tracking components.
<PIC>,[""Manual32_1"", ""Manual32_2"", ""Manual32_3""]"
402,"The two modes are Halo Mode and Virtual Wall Mode.

The device switch shows the selectable modes and the Off middle position.
<PIC>

Halo Mode: with the switch in the down position, the device creates an invisible protective zone that Roomba will not enter. It helps prevent the vacuum from bumping into items you want to protect, such as a dog bowl or vase, or from crossing into undesired areas, such as a corner or under a desk. The halo reaches approximately 24 inches from the center of the device.
<PIC>

Virtual Wall Mode: with the switch in the up position, the device functions as a virtual wall. It can block openings of up to 10 feet by creating an invisible, cone-shaped barrier that only the vacuum can see. The barrier gets wider as it gets farther from the device.
<PIC>,[""Manual32_4"", ""Manual32_5"", ""Manual32_6""]"
403,"Emptying the Bin
1. Press the bin release button to remove the bin.

This image shows the bin being released and removed from the vacuum.
<PIC>
2. Open the bin door to empty the bin.

This image shows the bin door opened so the contents can be emptied.
<PIC>

NOTE: If the full bin indicator comes on at any time during a cleaning job, you can pause the cleaning job to empty the bin and then continue cleaning. If the full bin indicator is illuminated, but the bin does not appear to be full, refer to Cleaning the Full Bin Sensors.,[""Manual32_8"", ""Manual32_9""]"
404,"3. Remove the filter by grasping the yellow tab.

This image shows the filter being pulled out by the yellow tab.
<PIC>
4. Shake off debris by tapping the filter against your trash container.

This image shows the filter being tapped against a trash container to remove debris.
<PIC>

IMPORTANT! The filter door won’t close unless a filter is reinserted. Insert the filter with the yellow tab facing up.,[""Manual32_10"", ""Manual32_11""]"
405,"1. Remove and empty the bin.

The image shows the bin being removed and emptied before cleaning the sensors.
<PIC>
2. Wipe the sensors with a clean, dry cloth.

The image shows the full bin sensor locations on the vacuum.
<PIC>
3. Wipe the inner and outer sensor ports on the bin with a clean, dry cloth.

The image shows the inner and outer sensor ports on the bin that need to be wiped.
<PIC>,[""Manual32_12"", ""Manual32_13"", ""Manual32_14""]"
406,"Cleaning the Extractors
1. Pinch the yellow extractor frame release tabs, lift up the extractor frame, and remove any obstructions.

This image shows the extractor frame being lifted after the release tabs are pinched.
<PIC>
2. Remove the extractors and remove the yellow extractor caps. Remove any hair or debris that has collected underneath the caps and around the metal axles. Reinstall the extractor caps.

This image shows the yellow extractor caps removed so hair and debris can be cleared from around the axles.
<PIC>
3. Remove hair and debris from the square and hexagonal plastic pegs on the other side of the extractors.

This image shows the square and hexagonal plastic pegs on the opposite side of the extractors.
<PIC>
4. Clear the vacuum path.

This image shows the vacuum path area that should be cleared.
<PIC>
5. Reinstall the extractors. Match the color and shape of the extractor pegs with the color and shape of the extractor icons on the cleaning head module.,[""Manual32_19"", ""Manual32_20"", ""Manual32_21"", ""Manual32_22""]"
407,"1. Wipe the sensor with a clean, dry cloth. Do not spray cleaning solution directly on to the sensors or sensor openings.

The image shows the sensor location on the underside of Roomba.
<PIC>
2. Wipe the charging contacts on Roomba and the Home Base with a clean, dry cloth.

The image shows the charging contacts on both Roomba and the Home Base.
<PIC>,[""Manual32_17"", ""Manual32_18""]"
408,"Position the Home Base in an open, uncluttered area with these clearances:
1. Leave at least 1.5 feet on each side of the vacuum.
2. Leave at least 4 feet in front of the vacuum.
3. Keep it at least 4 feet away from stairs.
4. Keep it at least 8 feet away from virtual wall barriers.
5. Always keep the vacuum plugged in.
6. Make sure it is in an area with consistent coverage so the vacuum can receive information via the app."
409,"To clean the front caster wheel:
1. Pull firmly on the front wheel to remove it.

The wheel, axle, and housing are shown here, with the wheel being pulled out of its housing.
<PIC>
2. Remove any debris from inside the wheel cavity.
3. Spin the wheel by hand. If rotation is restricted, remove the wheel from its housing and push firmly to remove the axle, then clear any debris or hair wrapped around it.
4. Reinstall all parts when finished. Make sure the wheel clicks back into place.,[""Manual32_15""]"
410,"1. Use a coin or small screwdriver to remove the screw.

The picture shows using a coin or small screwdriver to remove the side brush screw.
<PIC>
2. Remove the brush, clean the brush and the brush post, and reinstall the brush.,[""Manual32_16""]"
411,"The dual-mode virtual wall barrier keeps the vacuum in the areas you want cleaned and out of areas you do not want it to enter. You can leave it operating in position on the floor between cleaning cycles, and set it to one of two modes to match your cleaning needs.

The device switch lets you choose between Virtual Wall Mode and Halo Mode.
<PIC>
When storing the virtual wall device for an extended period, switch it to the “Off” middle position.

Halo Mode: when the switch is in the “down” position, the device creates an invisible protective zone that Roomba will not enter. This helps prevent the vacuum from bumping into items you want to protect, such as a dog bowl or vase, or from crossing into undesired areas, such as a corner or under a desk. The halo reaches approximately 24 inches from the center of the device.
<PIC>
This shows the protective zone around the device that Roomba will avoid.

Virtual Wall Mode: when the switch is in the “up” position, the device acts as a virtual wall. It can block openings of up to 10 feet by creating an invisible, cone-shaped barrier that only the vacuum can see. The barrier gets wider as it gets farther from the device.
<PIC>
This shows the cone-shaped barrier used to block an opening.,[""Manual32_4"", ""Manual32_5"", ""Manual32_6""]"
412,"When the vacuum indicates a problem, it will make a two-tone distress sound followed by a spoken message, and the troubleshooting indicator will blink.
1. Listen to the spoken message and check the troubleshooting indicator.
2. For more detailed support and videos, use the app or online support.
3. For some errors, rebooting the vacuum may resolve the problem:
Press and hold CLEAN for 10 seconds until all indicators illuminate, then release.
4. When you release the CLEAN button, listen for an audible tone. That tone means the reboot was successful.

NOTE: If you use the vacuum’s scheduling feature, open the app after rebooting to confirm that the schedule remains intact."
413,"To mount the camera on a drop ceiling T-rail, use the included hardware. It can be used to mount to most 9/16"", 15/16"", or 1 1/2"" T-rails.
1. Using the dashed lines on the mount plate template as a guide, set the proper spacing of the clips.

The template guide shows how to align the T-rail clips to the dashed spacing lines.
<PIC>
2. Tighten the set screws on the T-rail clips and secure them using a 5/64"" (2 mm) hex key.

The clip set screws are shown at the T-rail clips, indicating where to tighten them with the hex key.
<PIC>
3. Attach the mount plate to the T-rail clips using the mount plate holes marked with a “G”.

The mount plate holes marked “G” are used to fasten the plate to the T-rail clips.
<PIC>
4. Attach the T-rail clips to the T-rail by rotating them and snapping them into place. The black foam pads should be compressed slightly after installation.

The clips are shown rotating and snapping onto the T-rail, with the foam pads compressed after installation.
<PIC>

Standard 6-32x4mm T-rail screws can be used for modifications for recessed T-rail.

The recessed T-rail modification hardware is shown with the standard T-rail screw arrangement.
<PIC>,[""Manual33_10"", ""Manual33_11"", ""Manual33_12"", ""Manual33_13"", ""Manual33_14""]"
414,"To power the camera during installation:
1. Remove the cable guard.
2. Route the Ethernet cable from an active port on an 802.3af PoE switch or PoE injector.
3. Connect the Ethernet cable to the camera so power is supplied through the cable using Power over Ethernet (PoE).

Note: Power over Ethernet supports a maximum cable length of 300 ft (100 m)."
415,"Use the brake lever by squeezing it toward the handlebar to stop the machine. The brake stops the entire drive system.

The brake lever layout identifies ① brake lever, ② brake lever end, and ③ handlebar end. <PIC> When the brake is operated, the brake light will illuminate.

Make sure the brake lever end does not project out over the handlebar end. <PIC> This helps prevent brake lever damage when the machine is placed on its side for service.

Use the parking brake button when parking the machine or starting the engine. Squeeze the brake lever ①, then push down ③ the parking brake button ② while releasing the brake lever.

To release the parking brake, just squeeze the brake lever.

Always set the parking brake before attempting to start the engine. Never run the machine with the parking brake applied, because this may overheat the brake disc and reduce braking ability.,[""Manual34_39"", ""Manual34_40""]"
416,"Pre-operation checks should be made each time the machine is used.

WARNING: The engine and muffler will be very hot after the engine has been run. Avoid touching the engine and muffler while they are still hot with any part of your body or clothing during inspection or repair.

This indicator shows the oil and fuel level markings used for checking levels before use. <PIC>
1. Fuel

Make sure there is sufficient fuel in the tank.

For BR250T, make sure there is sufficient fuel in both main and sub tanks.

Recommended fuel: unleaded gasoline, pump octane R+M/2, 88 or higher.

BR250T fuel tank capacity:
① Main tank: 15 L (3.3 Imp gal, 4.0 US gal)
② Sub tank: 9.3 L (2.05 Imp gal, 2.46 US gal)

CS340E/ET410TR fuel tank capacity:
Total: 30.6 L (6.7 Imp gal, 8.1 US gal)

VK540E fuel tank capacity:
Total: 31.0 L (6.8 Imp gal, 8.2 US gal)

These illustrations show fuel cap and fuel-level checking points. <PIC>

WARNING: Fuel is highly flammable and poisonous. Check “SAFETY INFORMATION” carefully before refueling. Do not fill the fuel tank all the way to the top. When the machine is tilted, this could cause the fuel to overflow. Make sure that the fuel tank cap is closed securely after refueling. Leaking fuel can catch fire.

This illustration shows the fuel filler screen area used during refueling. <PIC>

CAUTION: Oxygenated fuels (“gasohol”) containing max. 5% of ethanol can be used, although richer jetting may be required to prevent engine damage. Consult a dealer. Gasohol containing methanol is not recommended. Be sure that snow and/or ice does not enter into the fuel tank when refueling. Do not use alcohol deicers or water absorbing additives with oxygenated fuel. The tank should be filled with straight gasoline as specified.

This illustration shows refueling while keeping snow or ice out of the fuel tank. <PIC>
2. Engine oil

Make sure there is sufficient oil in the oil tank.

① Lower level
② Upper level

Oil tank capacity:
BR250T: 1.8 L (1.6 Imp qt, 1.9 US qt)
CS340E/ET410TR: 2.2 L (1.9 Imp qt, 2.3 US qt)
VK540E: 2.5 L (2.2 Imp qt, 2.6 US qt)

Recommended oil: YAMALUBE 2-cycle oil.

This illustration shows the oil tank level check and the lower and upper level markings. <PIC>
3. Throttle lever

Check the throttle lever operation before starting the engine. It must open smoothly and spring back to idle when released.

These illustrations show the throttle lever being pressed and released to confirm smooth return to idle. <PIC>

This illustration shows the throttle lever check by hand. <PIC>
4. Manual starter

Check for proper operation. Check the rope for damage.

This illustration shows the manual starter rope operation. <PIC>
5. Throttle Override System, T.O.R.S., check

WARNING: When checking T.O.R.S.: Be sure the parking brake is applied. Be sure the throttle lever moves smoothly. Do not run the engine up to clutch engagement rpm. Otherwise, the machine could start moving forward unexpectedly, which could cause an accident.
1. Start the engine. NOTE: Refer to STARTING THE ENGINE.
2. Hold the pivot point of the throttle lever away from the throttle switch by putting your thumb above and forefinger below between the throttle lever pivot ① and stop switch housing ②. While holding as described above, press the throttle lever ③ gradually. The engine should stop immediately.

This illustration shows the hand position and parts ① throttle lever pivot, ② stop switch housing, and ③ throttle lever for the T.O.R.S. check. <PIC>

WARNING: If the engine does not stop, stop the engine by turning the main switch to the “OFF” position and consult a dealer.
6. Brake

Test the brake at slow speed when starting out to make sure it is working properly. If the brake does not provide proper braking performance, inspect the brake for wear.

WARNING: Do not operate the machine if you find any problem with the brake. You could lose braking ability, which could lead to an accident.

CAUTION: Be sure the brake lever end should not project out over the handlebar end for preventing brake lever damage when the machine is placed on its side.
7. V-belt

Open the shroud and remove the V-belt guard. Check the V-belt for wear and damage. Replace if necessary.

Wear limit ①: 28.0 mm (1.10 in), 32.0 mm (1.26 in).

WARNING: Be sure the V-belt guard is tightened securely before operating the machine. Never run the engine without the V-belt or with the V-belt guard removed.

This illustration shows the location used when opening the shroud and removing the V-belt guard. <PIC>

This illustration shows the V-belt guard and its mounting area. <PIC>
8. Drive V-belt guard and drive track

Check the drive belt guard mounts for damage, and check the tightness of the wing bolt. Make sure the drive belt guard is firmly in place.

This illustration shows the drive V-belt guard check point. <PIC>

Check the drive track for deflection, wear and damage. Adjust or replace if necessary.

These illustrations show the drive track deflection and drive track condition check areas. <PIC>

This illustration shows the drive track surface and lug area to inspect. <PIC>

WARNING: Do not operate the machine if you find damage to the drive track, or misadjustment. Drive track damage and/or failure could result in loss of braking ability and machine control, which could cause an accident.

This illustration shows the drive track inspection area and track shape reference. <PIC>
9. Slide runners

Check wear and damage. If the slide runners reach the wear limit, they should be replaced.

① Slide runners
② Wear limit

Wear limit height: 10 mm (0.39 in)

CAUTION: Be sure to ride on the fresh snow frequently to avoid rapid wear of slide runner when operating on ice or hard packed snow.

This illustration shows the slide runner wear limit inspection area. <PIC>
10. Ski/ski runner

Check wear and damage. Replace if necessary.

Ski runner wear limit ①:
A BR250T/CS340E/ET410TR: 4.5 mm (0.18 in)
B VK540E: 8 mm (0.31 in)
11. Steering system
1. Check the following for excessive free play:
1) Push the handlebar up and down and back and forth.
2) Turn the handlebar slightly to the right and left.
2. If excessive free play is noticed, consult a dealer.
12. Lights

Check the lights. Replace any burned out bulbs.
13. Battery

Check the fluid level and top-up if necessary. Use only distilled water if refilling is necessary.

This illustration shows the battery fluid level marks; the fluid should be checked against the upper and lower level lines. <PIC>
14. Fittings and fasteners

Check the tightness of fittings/fasteners. Tighten in proper sequence and torque if necessary.
15. Service tools and spare parts

It is a good practice to carry service tools and spare parts with your machine so that minor repairs can be done by yourself. The following should be carried with you for BR250T/ET410TR or in the luggage box for CS340E/VK540E:

Tool kit, flashlight, roll of plastic tape, steel wire, tow rope, emergency starter rope.

In addition to these, it is advisable to have the following spare parts:

Drive belt, light bulbs, spark plugs.

When you start out for a long distance trip, extra fuel and oil should be carried.,[""Manual34_84"", ""Manual34_85"", ""Manual34_86"", ""Manual34_87"", ""Manual34_96"", ""Manual34_97"", ""Manual34_99"", ""Manual34_98"", ""Manual34_100"", ""Manual34_101"", ""Manual34_102"", ""Manual34_103"", ""Manual34_104"", ""Manual34_105"", ""Manual34_106"", ""Manual34_107"", ""Manual34_109""]"
417,"Before starting the engine, check “SAFETY INFORMATION” carefully. Be sure the parking brake is applied. Be sure the engine stop switch is in the “ON” position.
1. Fully open the starter lever (choke).

① Starter lever (choke)
○ Fully open (cold engine starting)
③ Half-open (warm engine up) (CS340E/ET410TR/VK540E)
④ Close (warm engine starting)

NOTE: The starter lever (choke) is not required when the engine is warm. Put the starter lever in the “Close” position.

Manual starting model
2. Turn the main switch to the “ON” position.

① “ON”

Pull slowly on the recoil starter until it is engaged, then pull it briskly. The image shows the operator pulling the recoil starter to start the snowmobile. <PIC>

After the engine starts, warm up the engine until it does not run roughly or begin to stall when the starter lever is returned to the “Close” position.

Pull slowly on the recoil starter until it is engaged, then pull it briskly. After the engine starts, put the starter lever (choke) in the “Half-open” position. Warm up the engine until it does not run roughly or begin to stall when the starter lever is returned to the “Close” position.

Electric starting model

The image shows the main switch being turned to the “START” position. <PIC>
2. Turn the main switch to the “START” position. After the engine starts, put the starter lever (choke) in the “Half-open” position. Warm up the engine until it does not run roughly or begin to stall when the starter lever is returned to the “Close” position.

① “START”

CAUTION: Release the switch immediately after the engine starts. If the engine fails to start, release the switch, wait a few seconds, then try again. Each attempt should be as short as possible to preserve the battery. Do not crank the engine more than 10 seconds on anyone attempt.,[""Manual34_116"", ""Manual34_117""]"
418,"A V-Belt Holder is the provided holder used to keep a spare V-belt on the snowmobile for emergency use.

To remove the V-belt from the holder, loosen bolt ①. The image shows the spare V-belt in the holder and the bolt used for removal. <PIC>

When installing the V-belt in the holder, be sure to tighten the bolt. The image shows the V-belt positioned in the holder. <PIC>

Be sure the fuel hose is not pinched and is in place when installing the V-belt. The image shows the fuel hose area near the V-belt holder. <PIC>

The close-up view shows the area to check so the hose stays correctly positioned while the V-belt is installed. <PIC>

Be sure the V-belt is installed securely in the holder. If it comes loose, the hot muffler could damage it. The image shows the V-belt holder area where secure installation is checked. <PIC>

The V-belt must be securely seated in the holder. The image shows the V-belt being placed into the holder area. <PIC>,[""Manual34_51"", ""Manual34_52"", ""Manual34_53"", ""Manual34_54"", ""Manual34_55"", ""Manual34_56""]"
419,"Before adjusting the throttle cable, be sure the engine idle speed is adjusted first.
1. Loosen the adjuster lock nut.
2. Turn the adjuster in or out until proper throttle lever free play is achieved. The adjustment point shows the locknut and the ③ adjuster.
<PIC>
3. Tighten the locknut. The final check/locking area is shown at the throttle cable adjuster.
<PIC>
The throttle cable adjustment area is also shown here for confirming the locknut is tightened.
<PIC>,[""Manual34_148"", ""Manual34_149"", ""Manual34_150""]"
420,"For most snow surfaces, use “body English” when turning.

As you approach a curve, slow down and begin turning the handlebars in the direction you want to go. At the same time, put your weight on the running board on the inside of the turn and lean your upper body into the turn.

The illustration shows the rider leaning into the turn while steering the snowmobile.
<PIC>

Practice this procedure many times at slow speed in a large, flat area with no obstacles. After you learn the technique, you should be able to use it at higher speeds or in tighter curves.

Lean more as the turn becomes sharper or as the turn is made at higher speed. Abrupt throttle changes, excessive braking, incorrect body movement, or too much speed for the sharpness of the turn may cause the snowmobile to tip.

If the snowmobile begins to tip while turning, lean more into the turn to regain balance. If necessary, gradually let off the throttle and/or steer to the outside of the turn.

Avoid higher speeds until you are thoroughly familiar with the operation of your snowmobile.,[""Manual34_127""]"
421,"For most snow surfaces, use “body English” to turn:
1. As you approach a curve, slow down.
2. Begin turning the handlebars in the direction you want to go.
3. At the same time, put your weight on the running board on the inside of the turn.
4. Lean your upper body into the turn.

This image shows the rider leaning inward during a turn to help keep the snowmobile balanced.
<PIC>

Practice this procedure many times at slow speed in a large, flat area with no obstacles. After you learn the technique, you can perform it at higher speeds or in tighter curves. Lean more as the turn becomes sharper or is made at higher speed.

Avoid abrupt throttle changes, excessive braking, incorrect body movements, or too much speed for the sharpness of the turn, because these may cause the snowmobile to tip.

If the snowmobile begins to tip while turning, lean more into the turn to regain balance. If necessary, gradually let off the throttle and/or steer to the outside of the turn.

Remember: avoid higher speeds until you are thoroughly familiar with the operation of your snowmobile.,[""Manual34_127""]"
422,"Practice first on gentle slopes. Try more difficult climbs only after you have developed your skill.

As you approach a hill, accelerate before you start the climb, then reduce the throttle opening to prevent track slippage.

Keep your weight on the uphill side at all times. When climbing straight up the hill, lean forward. On steeper inclines, stand on the running boards and lean forward over the handlebars.

Slow down as you reach the crest of the hill, and be prepared to react to obstacles, sharp drops, or other people or vehicles that may be on the other side.

If you are unable to continue up a hill, do not spin the track. Stop the engine and set the parking brake. Then pull the rear of the snowmobile around so the machine points back down the hill. Do not get on the downhill side of the machine. When the snowmobile is pointed downhill, restart the engine, release the parking brake, and descend the hill.

WARNING: Side hills and steep slopes are not recommended for a beginner or novice snowmobiler."
423,"Keep your speed to a minimum when riding downhill.

Apply just enough throttle to keep the clutch engaged while descending. This lets engine compression help slow the machine and helps prevent the snowmobile from rolling freely down the hill.

This illustration shows a rider descending a slope on a snowmobile.
<PIC>

Apply the brake frequently, using light pressure.

WARNING: Use extra caution when applying the brake during descent. Excessive braking will cause the track to lock and will cause a loss of control.,[""Manual34_128""]"
424,"Side hills are not recommended for a beginner or novice snowmobiler.

When crossing the face of a slope, position your weight correctly to maintain balance. As you travel across the slope, lean your body toward the uphill side.

A recommended riding position is to kneel with the knee of the downhill leg on the seat and keep the foot of the uphill leg on the running board. This makes it easier to shift your body weight as needed.

The illustration shows the rider leaning toward the uphill side while crossing a slope.
<PIC>
Keep this uphill-weight position while riding across the slope.

Snow and ice are slippery, so be prepared for the snowmobile to begin slipping sideways. If it starts to slide sideways and there are no obstacles in your path, steer in the direction of the slide. As you regain proper balance, gradually steer again in the direction you want to travel.

If the snowmobile starts to tip, steer down the hill to regain balance.

WARNING: If you are unable to maintain correct balance and the snowmobile is going to tip over, dismount immediately on the uphill side.,[""Manual34_129""]"
425,"1. Periodically remove and inspect the spark plug, because heat and deposits will slowly cause any spark plug to break down and erode.
2. Check the coloration on the white porcelain insulator around the center electrode. For a machine being ridden normally, the ideal color is medium to light tan.
3. If the spark plug shows a distinctly different color, there could be something wrong with the engine. A very white center electrode porcelain color could indicate an intake track air leak or a carburetion problem for that cylinder. Do not try to diagnose those problems yourself; take the machine to your dealer.
4. Before changing to a different type of spark plug, consult your dealer.
5. Make sure the spark plug has the proper reach, which is the distance from the spark plug gasket seat to the end of the threaded portion. If the reach is too long, overheating and engine damage may result. If it is too short, spark plug fouling and poor performance may result; carbon can also form on the exposed threads, causing combustion chamber hot spots and thread damage.

This image shows the spark plug reach measurement point.
<PIC>
6. Before installing any spark plug, measure the electrode gap with a wire thickness gauge and adjust it to specification.

This image shows where the spark plug electrode gap is measured.
<PIC>
7. When installing the plug, clean the gasket surface, wipe grime from the threads, and torque the spark plug properly.

Spark plug torque: 28 Nm (2.8 m-kg, 20 ft-lb).,[""Manual34_138"", ""Manual34_139""]"
426,"1. Thoroughly clean the snowmobile inside and out to remove corrosive salts and acids that can accumulate.
2. Use Mud and Grease Release, or an equivalent product, to loosen mud, grease, and grime.
3. Wash the machine with mild soap.
4. Rinse it thoroughly.
5. Dry it completely."
427,"You can perform MANUAL PROGRAM in two ways: with the MEMORY/ERASE button, or through the MENU button.

Using the MEMORY/ERASE button:
1. Press the △/▽ or NUMBER buttons to select the channel number you want to memorize or erase.
2. Press the MEMORY/ERASE button to select Memory or Erase.

The screen displays the manual channel setting menu for choosing whether the selected channel is memorized or erased.
<PIC>

Using the MENU button:
1. Press the MENU button, then press the △/▽ button until the channel menu is displayed.
2. Press the ▶ button, then use the △/▽ button to select Manual.
3. Press the ▶ button, then use the △/▽ button to select Channel.
4. Press the ▶ button, then use the △/▽ button to select the channel number you want to memorize or erase.

The screen shows the selected channel and its memory status.
<PIC>
5. Press the ▶ button, then use the △/▽ button to select Memory.

The Memory option lets you choose whether the selected channel is stored.
<PIC>
6. Press the ▶ button, then press △/▽ to select On or Off.
7. Repeatedly press the MENU button to exit.,[""Manual35_9"", ""Manual35_10"", ""Manual35_11""]"
428,"Poor reception can occur under these conditions:
1. IGNITION: The picture may flutter, drift, suffer from black spots, or show horizontal streaking. This is usually caused by interference from automobile ignition systems, neon lamps, electrical drills, and other electrical appliances.

This image shows an ignition-interference type picture with black spots and horizontal streaks.
<PIC>
2. GHOSTS: Ghosts are caused when the TV signal splits and follows two paths. One path is direct, and the other is reflected off tall buildings, hills, or other objects. Changing the direction or position of the antenna may improve reception.

This image shows a ghosting condition where the picture appears doubled or shadowed.
<PIC>
3. SNOW: If the receiver is located in a weak, fringe area of a TV signal, the picture may be marred by small dots. It may be necessary to install a special antenna to improve the picture.

This image shows a snowy weak-signal picture with many small dots.
<PIC>

Other listed causes are:
2. An old, bad, or illegally recorded tape is played.
3. Strong, random signals from a car or airplane interfere with the TV signal.
4. The signal from the antenna is weak.
5. The program was not captioned when it was produced, transmitted, or taped.,[""television0_01"", ""television0_02"", ""television0_03""]"
429,"Closed caption and text modes can be set either with the CAPTION button or through the MENU.

Not all TV broadcasts include closed caption signals. Some TV stations broadcast two different caption signals on the same channel. By selecting Mode1 or Mode2, you choose which signal to view. Mode1 is usually the signal with the captions, while Mode2 might show demonstration or programming information.

Text services can display information on many subjects, such as captioned program lists, weather forecasts, stock exchange topics, and news for the hearing-impaired, through the full TV screen. Not all stations offer text services, even if they offer captioning.

Using the CAPTION button
1. Press the CAPTION button.
2. Press the CAPTION button again to select OFF, Mode1, Mode2, Text1, or Text2.
3. Press the ENTER (O) button to exit.

This screen shows the caption mode selection after choosing a caption mode.
<PIC>

Using the MENU button
1. Press the MENU button, then use the ▲/▼ button to select the Special menu.
2. Press the ▶ button, then use the ▲/▼ button to select Caption.
3. Press the ▶ button, then use the ▲/▼ button to select Off, Mode1, Mode2, Text1, or Text2.

This menu screen shows the Caption options available under the Special menu.
<PIC>
4. Repeatedly press the MENU button to exit.

If you receive a poor signal, an empty black box may appear and disappear even when text mode is selected. This is normal in that situation.

The TV remembers the last caption mode setting, even if you turn the TV off.,[""Manual35_37"", ""Manual35_38""]"
430,"For best reception, use an outdoor antenna. Before connecting it, inspect the antenna and antenna cables, because severely weathered antennas and antenna cables can reduce signal quality.

If the outdoor antenna uses 300 ohm flat wire:
1. Connect the 300 ohm flat wire to the screws on the 300 ohm to 75 ohm adapter.
2. Push the end of the 300 ohm to 75 ohm adapter into the 75 ohm antenna jack.

If the outdoor antenna uses 75 ohm coaxial cable:
1. Connect the 75 ohm coaxial cable directly to the 75 ohm antenna jack.

The connection diagram shows the outdoor antenna lead going to the TV’s 75 ohm antenna jack, either directly with 75 ohm coaxial cable or through a 300 ohm to 75 ohm adapter for 300 ohm flat wire. <PIC>

Any service center can explain the various outdoor antennas available to you.,[""Manual35_39""]"
431,"For DVD component connection on supported models:
1. Connect the DVD player’s component video outputs to the TV’s Y, PB, PR (480i) component input jacks.
2. Connect the DVD player’s audio outputs to the TV’s audio IN audio(L/R) ports.

This diagram shows the DVD player connected to the TV using Y/PB/PR component video cables and left/right audio cables.
<PIC>

This reference shows the component terminal matching between the TV input and the DVD output labels.
<PIC>
3. Turn the TV on.
4. Press the TV/VIDEO button on the remote control or the TV/VIDEO button on the front panel to select COMPONENT.
5. Turn on the DVD player, then try playback.

Note: This TV remembers the last mode it was set to, even if you turn the TV off.,[""Manual35_43"", ""Manual35_44""]"
432,"Before calling for service, check the troubleshooting list to make sure a service call is actually necessary. Reviewing the additional items to check may prevent an unneeded service call.

The troubleshooting checklist covers possible causes to verify, including whether the oven is operating, whether a circuit fuse is blown or the main circuit breaker is tripped, whether the oven is properly connected to the house electrical circuit, and whether the controls are set properly.
<PIC>
The checklist above is the main reference for confirming common causes before requesting service.

Warning: To avoid electrical shock which can cause severe personal injury or death, do not remove the outer case at any time. Only an authorized servicer should remove the outer case.
<PIC>
The warning above indicates that internal inspection or outer-case removal must be handled only by an authorized servicer.,[""Manual24_57"", ""Manual24_58""]"
433,"Never leave the appliance unattended during operation.

Do not use the appliance if it is damaged or not operating perfectly. Immediately remove the plug from the power socket. Contact the Club for examination, repair or adjustment. A damaged appliance can cause electric shocks, burns and fire.

Always close the lever completely and never lift it during operation; scalding may occur.

Do not put fingers under the coffee outlet, because there is a risk of scalding.

Do not put fingers into the capsule compartment or capsule shaft; there is a danger of injury.

Water could flow around a capsule when it is not perforated by the blades and damage the appliance.

Never use a damaged or deformed capsule.

If a capsule is stuck in the capsule compartment, turn the machine off and unplug it before any operation; call the Club."
434,"Your power toothbrush has 3 intensity settings:

High intensity: three lights

Medium intensity: two lights

Low intensity: one light

The handle’s intensity lights show the selected level.
<PIC>

To manually select the intensity you want, press the intensity indicator lights on the handle to cycle through the options.

This control lets you switch between the three-light, two-light, and one-light intensity levels.
<PIC>

You can change the intensity setting before, during, or after brushing.

The intensity setting can also be customized from the app.,[""toothbrush0_06"", ""toothbrush0_07""]"
435,"You can activate or deactivate these toothbrush features:

Adaptive Intensity

Pressure Sensor Feedback

Scrubbing Feedback

Brush head replacement reminder

Note: Adaptive Intensity will be deactivated when Pressure Sensor Feedback is deactivated.

App control

Adaptive Intensity and Scrubbing Feedback can be activated or deactivated from the app.

Handle control

Step 1: Place the handle on the charging stand.

Step 2: Press and hold the power button.

This image shows the toothbrush handle on the charging stand while the power button is being pressed and held.
<PIC>

Hold the power button for the feature you want to change:

Adaptive Intensity: up to 3 seconds. You will hear 1 beep, and the SenseIQ indicator lights up for 3 seconds.

Brush head replacement reminder: up to 5 seconds. You will hear 1 beep and then 2 beeps, and the brush head replacement reminder indicator lights up for 3 seconds.

Pressure Sensor Feedback: up to 7 seconds. You will hear 1 beep, 2 beeps, and then 3 beeps, and the SenseIQ indicator and light ring light up purple for 3 seconds.

This image shows the handle power button location and the press-and-hold action.
<PIC>

Activation or deactivation confirmation

If the battery indication blinks white 3 times and you hear 3 tones from low to high, the feature has been activated.

If the battery indication blinks amber 3 times and you hear 3 tones from high to low, the feature has been deactivated.,[""Manual37_13"", ""toothbrush0_11""]"
436,"1. Plug the USB cord into the travel case and into the USB wall adapter.

This shows the USB cord being connected to the travel case for charging.
<PIC>
2. Plug the wall adapter into an electrical outlet.
3. Place the toothbrush into the travel case.

This shows the toothbrush handle positioned inside the travel case.
<PIC>

a. To indicate charging has started successfully, the toothbrush will beep twice and the lights will illuminate in an upward motion.

b. While charging, the battery indicator blinks in white.

This shows the charging indication after the toothbrush is placed in the travel case.
<PIC>
4. Leave the travel case plugged in until the toothbrush is fully charged. The battery light will turn off and stop blinking when the handle has finished charging.

Make sure the travel case is placed on its side for better stability.
<PIC>,[""Manual37_18"", ""Manual37_19"", ""Manual37_20"", ""Manual37_21""]"
