id,ret
1,拒绝回答
2,拒绝回答
3,拒绝回答
4,拒绝回答
6,拒绝回答
7,拒绝回答
8,拒绝回答
9,拒绝回答
10,拒绝回答
11,拒绝回答
12,拒绝回答
13,拒绝回答
14,拒绝回答
15,拒绝回答
16,拒绝回答
17,拒绝回答
18,拒绝回答
19,拒绝回答
20,拒绝回答
21,拒绝回答
22,拒绝回答
23,拒绝回答
24,拒绝回答
25,拒绝回答
26,拒绝回答
33,拒绝回答
34,拒绝回答
35,拒绝回答
36,拒绝回答
37,拒绝回答
38,拒绝回答
39,拒绝回答
40,拒绝回答
41,拒绝回答
42,拒绝回答
43,拒绝回答
44,拒绝回答
45,拒绝回答
46,拒绝回答
47,拒绝回答
48,拒绝回答
49,拒绝回答
50,拒绝回答
51,拒绝回答
52,拒绝回答
53,拒绝回答
54,拒绝回答
55,拒绝回答
57,拒绝回答
58,拒绝回答
64,"使用吹风机的人员需佩戴以下防护装备：
1. 合格的听力防护装备
2. 合格的眼部防护装备。
3. 在多尘环境中操作时佩戴面罩。
4. 防滑鞋底的工作靴或工作鞋
5. 急救箱。

这张图展示使用吹风机所需的个人防护装备，包括听力防护、眼部防护、多尘环境用面罩、防滑工作靴或工作鞋，以及急救箱。
<PIC>,[""Manual04_3""]"
65,"操作吹风机时，需要注意以下安全要点：
1. 禁止无关人员及动物进入作业区域，即距操作人员 10 米范围内。
2. 吹风机可能高速喷射物体，物体反弹后可能击中操作人员，易造成严重眼部损伤。
3. 严禁将吹风机喷口对准人或动物。
4. 安装或拆卸配件及其他部件前必须先关闭发动机。
5. 任何防护装置缺失时严禁操作吹风机。
6. 严禁在通风不良的空间操作吹风机，避免吸入废气。
7. 加油前必须关闭发动机。
8. 吹风机运行中、停机后及怠速状态下，催化消音器均异常滚烫。注意火灾危险，尤其在易燃材料附近或存在易燃气体环境中操作时。
9. 操作时需小心，尤其是左手操作时。避免身体直接接触排气口区域。
10. 站在梯子或支架上时严禁操作吹风机。"
66,"化油器出厂时已精密预设，因气候、海拔、汽油及二冲程机油类型差异，可能需要额外调节。化油器通过油门控制发动机转速，实现空气与燃油混合；正确设置才能发挥吹风机最大输出功率。

化油器有三处调节装置：H=高速油针，L=低速油针，T=怠速调节螺钉。下图展示 H、L、T 三个化油器调节位置。
<PIC>

工作原理：通过 L、H 油针调节油门开口对应的燃油供给量。顺时针旋入油针，空燃比变稀（燃油减少）；逆时针旋出，空燃比变浓（燃油增多）。稀混合气发动机转速升高，浓混合气转速降低。T 螺钉调节怠速转速，顺时针旋入怠速升高，逆时针旋出怠速降低。

基础（出厂）设置：H 油针逆时针旋至限位终点。L 油针逆时针旋至限位终点。推荐怠速转速为 3000 转 / 分钟。

调节操作：注意！请勿拆除 H、L 油针限位装置，拆除后吹风机将不再符合加州空气资源委员会制定的环保要求。

低速油针 L：
1. 检查吹风管（15）与喷口（14）已安装到位。
2. 将 H、L 调节螺钉逆时针旋至限位终点。
3. 启动吹风机发动机，怠速与半油门交替运转 1-2 分钟预热。若发动机无法怠速运转，顺时针旋动 T 螺钉直至正常怠速。
4. 调节 T 螺钉，使发动机精准维持怠速，转速不偏高。
5. 微调 L 螺钉，使发动机达到最大怠速转速，然后将 L 螺钉逆时针旋出最多 1/4 圈。
6. 必要时旋动 T 螺钉提升发动机转速。注意！调节 H 油针时，全油门持续时间最长 10 秒，之后需怠速运转至少 10 秒。

高速油针 H：
1. 启动吹风机，怠速与半油门交替运转 1-2 分钟预热。
2. 发动机全开油门，调节 H 螺钉直至发动机达到最大转速。
3. 将 H 螺钉逆时针旋 1/8 圈（若限位限制则小于 1/8 圈）。,[""Manual04_42""]"
67,"冷机启动前，确认检修盖已关闭、未损坏且能够关闭；安装吸尘管时除外。启动警告如下。
<PIC>
上面的警告提示：检修盖未关闭、损坏或无法关闭时，不要启动吹风机。
1. 将停机开关调至启动位置。
2. 将阻风门控制器调至阻风门位置（A），该位置同时也是自动启动油门位置。
3. 反复按压泵油膜片，直到燃油进入膜片；膜片不需要完全充满。冷机启动时停机开关、阻风门位置 A 和泵油膜片的位置如下。
<PIC>
上面的示意展示了冷机启动时需要操作的停机开关、阻风门位置 A 和泵油膜片。
4. 用左手将设备机身按压在地面上。注意！切勿用脚踩压。
5. 用右手握紧启动手柄，缓慢拉动启动绳，直到感受到阻力（启动钩啮合），然后快速用力拉动。
6. 发动机点火后，立即按下阻风门控制器，并重复拉动启动绳，直到发动机启动。
7. 发动机启动后，迅速全开油门，启动油门会自动解除。拉动启动绳的姿势如下。
<PIC>
上面的示意展示了用手按住设备机身并拉动启动绳的操作姿势。

注意！切勿完全拉出启动绳，也不要在启动绳完全拉出时松手，以免损坏设备。,[""Manual04_24"", ""Manual04_25"", ""Manual04_28""]"
68,"热机启动时，先将停机开关调至启动位置。

阻风门：先将阻风门控制器调至阻风门位置，再转回原位（B），仅启用启动油门，不使用阻风门。

泵油：反复按压泵油膜片，直到燃油进入膜片；无需完全充满。

这张图展示热机启动前阻风门回到原位 B、并按压泵油膜片的控制操作。
<PIC>

然后左手将设备机身按压在地面（注意！切勿用脚踩压）。右手握紧启动手柄，缓慢拉动启动绳至感受到阻力（启动钩啮合），再快速用力拉动。发动机点火后，立即按下阻风门控制器，重复操作直至发动机启动。发动机启动后，迅速全开油门，启动油门会自动解除。

这张图展示将设备按压在地面并拉动启动绳的启动姿势。
<PIC>

注意！切勿完全拉出启动绳，切勿在启动绳完全拉出时松手，以免损坏设备。,[""Manual04_27"", ""Manual04_28""]"
69,"停机：通过停机开关切断点火电源，关闭发动机。

停机开关位置如下，按下停机开关即可关闭发动机。
<PIC>,[""Manual04_29""]"
70,"重要组成部件包括室内机和室外机，功能会根据机型有所调整。室内机的操作指示灯数量及位置可能因空调型号而异。

室内机部件如下，包含空气入口、前格栅、滤网、空气出口以及空气导流板等结构。
<PIC>

室外机部件如下，包含进风口、出风口、底板、冷媒管、排水管和连接线等结构。
<PIC>,[""Manual01_0"", ""Manual01_1""]"
71,"使用遥控器可更便捷地操作空调。遥控器的显示屏在上方，控制面板按键在下方；附加功能的按键位于遥控器盖板下方。部分功能可能因机型不同而不支持。

这张图展示无线遥控器的显示屏、控制面板以及盖板下方的附加功能按键位置。
<PIC>,[""air_conditioner_01""]"
72,"使用遥控器前，请先安装电池，适用电池型号为 7 号。
1. 取下电池盖。

遥控器背面取下电池盖的操作如下。
<PIC>
2. 装入新电池，确保电池正、负极安装正确。

7 号电池需按正、负极方向放入电池仓。
<PIC>
3. 重新装上电池盖。

注：若遥控器显示屏开始变暗，请更换电池。,[""Manual01_2"", ""Manual01_3""]"
73,"将支架安装在无阳光直射的位置，以保护遥控器。
1. 选择安全且便于取用的位置。
2. 用螺丝刀将两颗螺丝拧紧，固定支架。
这张图展示用螺丝刀拧紧两颗螺丝，将遥控器支架固定在墙面上。
<PIC>
3. 将遥控器滑入支架中。
这张图展示遥控器沿方向滑入墙面支架。
<PIC>,[""Manual01_4"", ""Manual01_5""]"
74,"快速调节室内温度可使用极速制冷 / 制热模式：夏季可快速冷却室内空气，冬季可快速提升室内温度。
1. 按下开 / 关键开启电源。
2. 按下极速键。

显示屏出现强风风量条、温度计图标和“Po”标识，表示已进入极速模式。
<PIC>

极速制冷模式下，空调将以 18 摄氏度的温度强风出风 30 分钟。

极速制热模式下，空调将以 30 摄氏度的温度强风出风 30 分钟。

注：循环、自动或自动转换模式下，无法使用此功能。部分机型不支持此功能。,[""Manual01_16""]"
75,"自清洁运行可用于去除制冷和除湿运行时室内机内部产生的水汽。
1. 按下自清洁键，显示屏上会显示自清洁标识。

遥控器显示屏会出现自清洁相关标识。<PIC>

若关闭电源，风扇将继续运行 30 分钟，对室内机内部进行清洁。

注：自清洁功能运行时，部分按键无法使用。,[""Manual01_17""]"
76,"等离子净化运行可通过等离子滤网去除吸入空气中的微小污染物，输送洁净清新的空气。
1. 按下开 / 关键开启电源。
2. 按下等离子键，显示屏上会显示等离子标识。

显示屏出现等离子净化标识时，表示该功能已开启。<PIC>

注：
・无需开启空调，直接按下等离子键即可使用该功能。
・等离子净化功能运行时，等离子灯和制冷灯将同时亮起。
・部分机型不支持此功能。,[""Manual01_18""]"
77,"自动运行（人工智能模式）下，风扇转速和温度会根据室内温度自动调节。
1. 按下开 / 关键开启电源。
2. 反复按下模式键，选择自动运行模式。
3. 若当前温度高于或低于所需温度，按下上升 / 下降键选择所需的运行代码。

遥控器屏幕会显示 AI 和运行代码。
<PIC>

注：此模式下无法调节风扇转速，但可设置导风板自动摆风。部分机型不支持此功能。,[""Manual01_19""]"
78,"自动转换运行会自动切换运行模式，将设定温度的波动控制在 2 摄氏度以内。
1. 按下开 / 关键开启电源。
2. 反复按下模式键，选择自动转换运行模式，显示屏上会显示对应标识。

屏幕会显示自动转换 / AI 标识和设定温度等信息。<PIC>
3. 按下上升 / 下降键设置所需温度，温度调节范围为 18 摄氏度（64 华氏度）-30 摄氏度（86 华氏度）。
4. 反复按下风速键选择风扇转速。

注：部分机型不支持此功能。,[""Manual01_20""]"
79,"节能制冷模式可最大限度降低制冷时的耗电量，并将设定温度调节至最适宜的水平。
1. 按下开 / 关键开启电源。
2. 反复按下模式键，选择制冷模式。
3. 按下节能键，显示屏上会显示节能标识。显示屏界面会显示在制冷模式下开启节能功能，设定温度为 22°C。<PIC>

部分机型不支持此功能。,[""Manual01_21""]"
80,"遥控器无法使用时，可通过室内机的开 / 关键操作空调，此时风扇转速默认设为高速。
1. 打开前盖板，轻轻掀起盖板两侧即可。功能会根据机型有所调整。

这张图展示从两侧掀起室内机前盖板的操作。
<PIC>
2. 按下开 / 关键。功能会根据机型有所调整。

这张图展示打开前盖后，机身上的开 / 关键位置。
<PIC>

冷暖型机型的运行模式会根据室内温度自动切换。

这张图展示冷暖型机型按室内温度自动切换运行模式的对应关系。
<PIC>

单冷型机型的温度将默认设为 22 摄氏度（71.6 华氏度）。,[""Manual01_22"", ""Manual01_23"", ""Manual01_24""]"
81,"空调自动重启功能为工厂默认设置。停电后再次开启空调时，该功能可恢复之前的运行设置。

如果需要重新开启自动重启功能：
1. 打开前盖板，轻轻掀起盖板两侧即可。前盖板需要从室内机两侧向上掀起。
<PIC>
功能会根据机型有所调整。
2. 再次按住开 / 关键 6 秒钟即可，设备会发出两声蜂鸣，蓝色指示灯闪烁 4 次。开 / 关键位于打开前盖后的机身内侧位置。
<PIC>
功能会根据机型有所调整。

注：若按住开 / 关键 3-5 秒而非 6 秒，空调将进入测试运行模式，该模式下空调会以强风制冷 18 分钟，之后恢复为工厂默认设置。,[""Manual01_25"", ""Manual01_26""]"
82,"不同机型可能配备的滤网不同；清洁频率按所配备的部件来区分：

空气滤网：建议每两周清洁一次，必要时可增加清洁频率。

3M 多重防护滤网：清洁周期为每 1 个月一次。

等离子滤网：清洁周期为每 3 个月一次。

这张清洁周期表列出了不同滤网对应的清洁间隔和清洁方式。
<PIC>

清洁前请关闭电源并拔下电源线，否则可能导致触电。清洁滤网时，切勿使用 40 摄氏度以上的热水，以免滤网变形或变色；也不要使用挥发性物质，以免损坏产品表面。室外机的热交换器盘管也需要定期清洁，盘管积垢可能会降低运行效率并增加能耗。,[""Manual01_28""]"
83,"清洁空气滤网前，请关闭电源并拔下电源线，否则可能导致触电。清洁滤网时，切勿使用 40 摄氏度以上的热水，以免造成滤网变形或变色；切勿使用挥发性物质，以免损坏产品表面。

建议每两周清洁一次空气滤网，必要时可增加清洁频率。下图展示空气滤网的清洁周期提示。
<PIC>
1. 关闭电源并拔下电源线。
2. 打开前盖板，轻轻掀起盖板两侧即可。下图展示从两侧掀起并打开前盖板的方式。
<PIC>
功能会根据机型有所调整。
3. 握住空气滤网的把手，轻轻向上提起，将其从机身中取出。下图展示握住空气滤网把手并按箭头方向取出的方式。
<PIC>
功能会根据机型有所调整。
4. 用吸尘器清理滤网，或用温水冲洗。若滤网污垢较难清理，可在温水中加入洗涤剂清洗。
5. 将滤网置于阴凉处晾干。,[""Manual01_28"", ""Manual01_29"", ""Manual01_30""]"
84,"清洁 3M 多重防护滤网

滤网位置和形状可能因机型不同而有所差异，功能也会根据机型有所调整。下面这张图展示了打开面板后的滤网位置，其中包括 3M 多重防护滤网。
<PIC>
1. 关闭电源并拔下电源线。
2. 打开前盖板，取出空气滤网（详见“清洁空气滤网”）。
3. 抽出 3M 多重防护滤网。下面这张图展示了从空调室内机中抽出防护滤网的操作。
<PIC>
4. 用吸尘器清理滤网污垢，切勿用水清洗 3M 多重防护滤网，以免造成滤网损坏。,[""Manual01_27"", ""Manual01_31""]"
85,"清洁等离子滤网
1. 关闭电源并拔下电源线。
2. 打开前盖板，取出空气滤网（详见“清洁空气滤网”）。
3. 在 10 秒内取下等离子滤网。

下图展示打开前盖后取下等离子滤网的位置和操作方向。
<PIC>

功能会根据机型有所调整。
4. 用吸尘器清理滤网污垢；若污垢较难清理，可用温水冲洗。
5. 将滤网置于阴凉处晾干。

注：滤网的位置可能因机型不同而有所差异。部分机型可能未配备等离子滤网。,[""Manual01_32""]"
86,"无需专用工具。
1. 将主机身固定扣（部件 15）从主机身（部件 7）背部取下。
2. 将主机身底部滑入旋转拖头（部件 18）颈部。下图展示主机身底部插入旋转拖头颈部，并对齐背部孔位的位置。
<PIC>
图中主机身与旋转拖头背部的孔位已用白色标注以便识别。
3. 确保旋转拖头颈部背部的孔位与主机身孔位对齐。
4. 将主机身固定扣（部件 15）插入主机身背部孔位，将两部分锁紧。下图展示固定扣插入孔位后锁紧主机身和旋转拖头。
<PIC>
5. 按图示将手柄杆（部件 4）插入主机身（部件 7），直至听到咔嗒声到位。下图展示手柄杆插入主机身的位置。
<PIC>,[""Manual05_3"", ""Manual05_4"", ""Manual05_5""]"
87,"实用产品功能

水箱：（部件 9）水箱位于手持蒸汽器（部件 13）顶部。可使用蒸馏水或去离子水替代自来水。

警告：蒸汽清洁机不可添加任何化学药剂。水箱无水时切勿使用。

水过滤器：位于水箱（部件 9）后方，可过滤自来水中的矿物质及杂质，防止水垢损坏机器。为延长过滤器寿命，建议使用蒸馏水。

就绪指示灯：位于手持蒸汽器（部件 13）手柄处。水转化为蒸汽、机器可使用时，指示灯亮起。

开关：（部件 2 与部件 11）按下即可出蒸汽。

旋转拖头：（部件 18）可清洁狭小空间及橱柜下方。

拖布：（部件 16）吸水纤维拖布可吸附蒸汽松动的污垢。拖布可重复使用、机洗。

快速上手使用

安装拖布
1. 按下拖布释放扣（部件 17）拉开挡板。
2. 装入拖布（部件 16）。

这张图展示按下拖布释放扣、打开挡板并装入拖布的操作位置。
<PIC>
装好拖布后，再进行加水和通电准备。

加水

A. 使用配套量杯按图示方式加水。
B. 也可按下水箱解锁扣（部件 10），取下水箱后在水槽加水。

这张图展示两种加水方式：用量杯向机器加水，或取下水箱后加水。
<PIC>
加水完成后，将水箱装回到位。

警告：水箱无水时机器会发出异常声响。此时请关闭机器、拔掉电源并加水。水箱长期无水使用会损坏机器。为保护机器，内置温控器会在过热时自动停机。切勿加入除垢剂、芳香剂、酒精或洗涤剂，以免损坏机器或造成危险。

顺时针旋转快速收线扣，将电源线完全展开，插入 120V 接地插座。蒸汽拖把就绪后，就绪指示灯亮起。,[""Manual05_6"", ""Manual05_7""]"
88,"本蒸汽清洁机可用于瓷砖、Vinyl 地板、复合地板、大理石、石材及封边木地板。打蜡或部分未打蜡地板使用后可能降低光泽度；不可用于未封边木地板。为达到最佳效果，先在不显眼处测试，或查阅地板厂家的保养说明。
1. 蒸汽清洁前，先扫地或吸尘。
2. 清洁时缓慢移动机器，同时按下开关出蒸汽。
3. 如需对某一区域消毒，将蒸汽拖把置于该区域至少 15 秒，但不要超过 20 秒。
4. 如果不出蒸汽，拔掉电源，取下水箱加水后再继续清洁。

注：首次使用时，机器可能需要数秒才会出蒸汽，因为水需要通过过滤器流入加热器。这个延迟只会在首次使用时出现。"
89,"组装人体工学椅前需要检查配件。配件清单图中包含椅背 BACK、座椅 SEAT、底座 BASE（含 C1、C2 标注）、扶手 ARMREST、气杆 GAS LIFT、底盘 MECHANISM、脚踏 FOOTREST、连接件 CONNECTOR、脚轮 CASTER，以及配套螺丝等紧固件。

这张图展示了组装所需的配件与螺丝清单。
<PIC>

组装时先核对这些配件是否齐全，再按安装步骤进行。,[""Manual02_0""]"
90,大多数情况下，扶手使用一段时间后变松，是因为扶手和椅背的螺丝在使用过程中松动了。重新拧紧螺丝即可解决问题。
91,"这款椅子支持高度调节、椅背后仰锁定、腰枕按摩三项功能。

高度调节

向上拉起 “升降” 拉杆即可调节椅子高度，到达所需高度后松开 “升降” 拉杆。下图展示座椅高度调节前后的状态。
<PIC>
调节高度时请将身体微微抬离座椅。下图展示向上拉起椅座下方 “升降” 拉杆的位置和动作。
<PIC>

椅背后仰功能

向上拉起 “后仰” 拉杆，椅背角度可随人体动作独立倾斜。下图展示椅背后仰时的状态。
<PIC>
向下按下 “后仰” 拉杆，椅背角度即可锁定。将椅背复位至正常位置时请靠在椅背上，否则椅背可能会快速回弹。下图展示 “后仰” 拉杆向上拉起或向下按下的操作位置。
<PIC>

按摩功能

插入 USB 即可启用腰枕的按摩功能。下图展示腰枕连接 USB 电源启用按摩功能的位置。
<PIC>,[""Manual02_11"", ""Manual02_12"", ""Manual02_13"", ""Manual02_14"", ""Manual02_15""]"
92,"洗碗机部件包括：
1. 台式（视型号而定）
2. 上层喷淋臂
3. 下层碗篮
4. 下层喷淋臂
5. 过滤器
6. 控制面板
7. 机门
8. 洗涤剂盒
9. 下层喷淋臂槽
10. 餐具篮
11. 专用盐箱盖
12. 上层篮导轨
13. 带支架的上层碗篮
14. 风扇烘干系统（视型号而定）

这张部件概览图展示了洗碗机打开机门后的各部件位置与编号。
<PIC>,[""Dish_washer_08""]"
93,"排水管可直接连接到排水孔或水槽排水口。

连接点距地面高度最小 50 厘米，最大 100 厘米。下图展示了排水管连接高度和接口位置要求。<PIC>

排水管长度超过 4 米会导致洗涤不干净。连接时，将排水管平直连接到排水管，不得弯折；并牢固固定排水管，防止工作时脱落。

排水管必须连接到污水系统，不得连接到地表水。,[""Manual06_2""]"
94,"软水系统需要使用洗碗机专用软化盐。只能使用洗碗机专用软化盐，建议使用颗粒或粉末状软化盐。请勿使用食盐等含不溶物的盐，否则软水系统性能会逐渐下降。启动产品时盐箱会进水，因此请在启动机器前添加软化盐。
1. 先取出下层碗篮以便添加软化盐。
2. 逆时针旋转盐箱盖打开（A、B）。

这张图展示逆时针旋转并打开盐箱盖的操作。
<PIC>
3. 首次使用前，向软水系统注入 1 升水（C）。

这张图展示首次使用前向盐箱注入水的位置。
<PIC>
4. 使用盐斗向盐箱加盐（D）。为加速盐的溶解，可用勺子搅拌。

这张图展示使用盐斗向盐箱加入专用软化盐的方式。
<PIC>
5. 盐箱约可装入 2 公斤软化盐。盐箱加满后盖上盖子并拧紧。
6. 若加盐后不立即启动洗涤程序，请空载运行最短程序，溶解并冲散机器内散落的盐。

由于不同盐品牌的颗粒大小不同，且水硬度可能存在差异，盐在水中的溶解可能需要数小时。因此，加盐后盐量指示灯可能仍会亮一段时间。,[""Dish_washer_01"", ""Dish_washer_02"", ""Dish_washer_03""]"
95,"机器可使用粉末或块状洗涤剂。只能使用洗碗机专用洗涤剂，建议不使用含氯和磷酸盐的洗涤剂。请参考程序表，根据所选程序确定正确的洗涤剂用量。请勿向洗涤剂盒中加入溶剂，有爆炸危险。应在即将运行机器前加入洗涤剂。
1. 向右推动卡扣打开洗涤剂盒盖（A）。

这张图展示向右推动洗涤剂盒卡扣（A）以打开盒盖的操作。
<PIC>
2. 向洗涤剂盒中加入建议量的粉末洗涤剂。洗涤剂盒内有刻度标记，便于使用适量洗涤剂。洗涤剂盒装满容量为 40cm³。根据机器装载量和 / 或餐具脏污程度，将洗涤剂加至 15cm³ 或 25cm³ 刻度线（1）。若餐具放置时间较长且残渣已干涸，可同时加满 5cm³ 小格（5）。

这张图展示洗涤剂盒打开后的容量刻度和小格位置。
<PIC>
3. 轻轻按下关闭洗涤剂盒盖，听到咔嗒声表示已关紧。

在带预洗的高温程序中使用块状洗涤剂时，请确保洗涤剂盒盖紧闭。无预洗的短程序建议使用粉末洗涤剂，因为块状洗涤剂的溶解度随温度和时间变化。过量使用粉末洗涤剂会导致洗涤剂无法完全溶解，并在玻璃器皿上留下划痕。,[""Manual06_4"", ""Manual06_5""]"
96,"使用块状洗涤剂时，可将洗涤块放入洗涤剂盒。洗涤块包装上的使用说明会注明在洗碗机中的合适放置位置，例如洗涤剂盒或碗篮等；使用时请遵守洗涤剂生产商的包装说明。

下图展示的是将块状洗涤剂或洗涤块放入洗涤剂盒的位置和方式。
<PIC>

洗涤块仅在特定使用条件下效果理想。最佳洗涤效果需单独使用洗涤剂、亮碟剂和软水盐。部分洗涤块除洗涤效果外，还可能带有软水、亮碟、玻璃保护或不锈钢保护等功能。,[""Manual06_6""]"
97,"亮碟剂用于提高烘干效率，并防止洗涤后的餐具上留下水渍或水垢。亮碟剂盒中应保持有亮碟剂，且只能使用洗碗机专用亮碟剂。

先查看亮碟剂指示灯（3）判断是否需要添加：指示灯常亮表示亮碟剂盒内充足；指示灯熄灭则需要添加。
1. 按下卡扣打开亮碟剂盒盖（B）。

这张图展示亮碟剂指示灯（3）和亮碟剂盒盖卡扣（B）的位置，以及按下卡扣打开盒盖的方式。
<PIC>
2. 向盒内加注亮碟剂，直到 MAX 刻度线。
3. 轻轻按下关闭盒盖。擦净溢出的亮碟剂；意外溢出的亮碟剂会产生泡沫，最终降低洗涤效果。
4. 将亮碟剂剂量调节旋钮手动调至 1-6 之间的位置（4）。若洗涤后餐具上有污渍，需调高剂量；若手擦后有蓝色痕迹，则调低剂量。出厂默认设置为 4。

这张图展示用工具调节亮碟剂剂量旋钮的位置，可在 1-6 档之间调整。
<PIC>,[""Manual06_7"", ""Manual06_8""]"
98,"不适合在洗碗机中清洗的物品：

・沾有烟灰、蜡烛残渣、抛光剂、染料、化学品等的餐具，切勿放入洗碗机清洗。

・铁制器具请勿清洗，以免生锈或在其他物品上留下污渍。

・带有木质或骨质手柄、黏合部件、不耐热部件的银质餐具、刀具，以及铜和镀锡容器，请勿放入洗碗机清洗。

・瓷器的装饰花纹、铝制器具和银质器具，在洗碗机中清洗后可能会褪色或失去光泽，就像手洗一样。

・某些精致玻璃和水晶可能会逐渐失去光泽。

购买餐具时，建议确认其是否适合洗碗机清洗。"
99,"餐具篮为“视型号而定”的配置；配备该餐具篮的机型，可用它放置叉、勺等小件餐具，以便清洗得更干净。

下图展示餐具篮的结构和放置叉、勺等餐具的位置。
<PIC>

未找到该餐具篮的具体安装步骤；若需要拆装方式，建议联系售后确认。,[""Manual06_12""]"
100,"可折叠下层篮架丝（视型号而定）位于下层碗篮上，共有两根，用于更方便地放置锅、碗等大件物品。您可以单独折叠其中一根，也可以同时折叠两根，以腾出更大空间。

按下卡扣（A），即可放下折叠架丝。

下图展示下层碗篮中的两根可折叠架丝（1、2）以及用于放下架丝的卡扣（A）。
<PIC>

折叠到需要的位置后，再放入锅、碗等大件物品。,[""Manual06_13""]"
101,"满载时可通过上层篮的碗篮调节机构调节高度，无需将碗篮取出，可根据需要在机器上层或下层创造更大空间。此功能视型号而定。

升高碗篮：
1. 抓住上层篮一侧架丝（左或右）向上提起（A）。
这张图展示抓住上层篮一侧架丝并向上提起的操作。
<PIC>
2. 另一侧重复相同操作。
3. 确保碗篮高度调节机构两侧处于同一水平（高或低）。

降低碗篮：
1. 按下碗篮调节机构上的卡扣降低碗篮（B）。
这张图展示按下高度调节机构卡扣，使上层篮向下调节的操作。
<PIC>
2. 另一侧重复相同操作。
3. 确保碗篮高度调节机构两侧处于同一水平（高或低）。,[""Manual06_14"", ""Manual06_15""]"
102,"进水管滤网清洁

安装在进水管上的滤网可防止市政供水或自备水系统中的杂质（沙、污垢、铁锈等）损坏机器。请定期检查滤网和水管，必要时清洁。
1. 关闭水龙头并拆下水管。
2. 取出滤网后，在自来水下清洁。
3. 将清洁后的滤网装回水管原位。
4. 将水管装回水龙头。"
103,"为保证机器高效运行，至少每周清洁一次喷淋臂。
1. 检查上层喷淋臂（2）上的孔是否堵塞。
2. 若堵塞，拆下并清洁喷淋臂。
3. 向左旋转螺母，拆下上层喷淋臂（C、D）。
4. 清洁后重新安装上层喷淋臂，并确保螺母拧紧。

这张图展示上层喷淋臂（2）的位置，以及向左旋转螺母后拆下喷淋臂的操作。
<PIC>

安装完成后，应再次确认螺母已经拧紧。,[""Manual06_24""]"
104,"新产品内置一体式滤网。拆除滤网包装前，务必先拔下设备插头。滤网塑料包装拆除后无法退货；请将塑料包装远离儿童，以防窒息。使用前请拆除滤网上的塑料包装。
1. 双手握住设备上盖并向上拉起。上盖需要先向上打开。<PIC>
2. 握住背部滤网盖把手并向前拉出。这里展示的是从背部滤网盖位置向前拉出盖子。<PIC>
3. 拆除滤网上的塑料包装。这里展示的是圆筒形滤网外层塑料包装被揭开取下。<PIC>

未拆除包装会产生异响，滤网无法正常工作，且可能引发火灾或损坏设备。
4. 将滤网上下推入设备，确保滤网贴合紧密。滤网需要重新推入机身内部。<PIC>
5. 装回滤网盖。先将盖子插入设备底部固定卡槽，向前滑动盖子，使其卡入顶部卡槽。这里展示的是滤网盖与上下卡槽的安装方向。<PIC>
6. 双手握住设备上盖并滑回原位，确保标识朝前。这里展示的是把设备上盖滑回原位。<PIC>
7. 滤网安装完成后，长按控制面板上的睡眠 + 自动键 5 秒以上进行初始化。重置后红色滤网指示灯将熄灭。,[""Manual03_0"", ""Manual03_1"", ""Manual03_2"", ""Manual03_3"", ""Manual03_4"", ""Manual03_5""]"
105,"脚轮安装（可选）
1. 空气净化器包装盒内有一小盒，内含 4 个脚轮和 8 颗螺丝。若滤盒内无脚轮盒，请联系客服。
2. 用螺丝刀拆下空气净化器底部四个底座。
3. 每个脚轮用两颗螺丝替换原底座。
4. 保留拆下的底座和螺丝以备后续使用。"
106,"空气净化器的运行模式主要包括常规运行、自动运行、涡轮风扇运行和睡眠运行。开机时传感器会初始化，初始化期间显示屏会显示相应状态。

常规运行

按下启动键开机。设备会显示上次选择的运行模式。按控制面板上的上键或下键选择所需风速，风速可在 1 档（F1）至 18 档（F18）之间调节。

常规运行界面会显示 PM2.5 数值等运行信息。
<PIC>
这种模式的特点是可手动选择风速。

自动运行

按下开机键启动，设备会显示上次选择的运行模式。按下自动键选择自动模式；每次按下该键，可在自动运行和常规运行之间切换。

自动模式界面会显示 AUTO 和 PM2.5 数值等信息。
<PIC>
自动模式可根据室内空气质量自动调节风速。智能自动运行期间无法手动调节风速。VOC 传感器会检测室内空气质量，设备自动调节风速，以提供更洁净的空气。

涡轮风扇运行

涡轮模式可更快净化室内空气。按下相应按键开机并选择常规运行模式，然后同时长按控制面板上的上键和下键 3 秒，即可设置涡轮风扇运行。

涡轮模式界面会显示对应的涡轮运行状态。
<PIC>
按下控制面板下键后，风速将调至 18 档，涡轮风扇运行停止。即使切换至其他运行模式或停止当前运行，返回常规运行后仍可再次启动涡轮风扇运行。

睡眠运行
1. 睡眠模式下设备正常运行，但显示屏熄灭，避免干扰睡眠。按下开机键开机。
2. 按下控制面板上的睡眠键选择睡眠模式。睡眠模式下除月亮图标外，整个显示屏熄灭。默认风速设为 1 档。
3. 按控制面板上的上键或下键选择风速。可在 1 档（F1）至 18 档（F18）之间调节。
4. 睡眠模式下再次按下睡眠键，将恢复之前的运行模式。关机后睡眠模式将取消。

睡眠模式下显示屏熄灭，仅保留月亮图标亮起。
<PIC>
这种模式的特点是正常运行时减少屏幕亮光干扰，并默认以 1 档风速运行。,[""Manual03_14"", ""Manual03_15"", ""Manual03_16"", ""Manual03_17""]"
107,"室内空气质量（IAQ）指示灯用于实时查看室内空气质量。它以灯光形式环绕在显示屏外缘，设备会根据检测到的细颗粒物浓度显示空气质量；传感器检测室内空气质量后，会通过四种不同颜色显示空气状态。

这张空气质量状态对照图展示了 IAQ 等级、灯光颜色与空气质量状态的对应关系。<PIC>

在室外空气可进入的环境中，例如门口、通风口、窗户等位置，室内空气质量可能显示为更清洁的等级。室内空气质量指示灯也可能对部分颗粒物无反应，读数可能与其他空气质量检测设备不同。,[""Manual03_20""]"
108,"清洁设备内外前，务必先拔下电源插头。请使用柔软干布及温和清洁剂清洁设备；不要在通电状态下清洁，以免导致触电或故障。
1. 用温水或温和清洁剂浸湿的布擦拭净化器外壳，再用软布擦干。
2. 打开背部滤网盖并取出滤网。用吸尘器和湿毛巾清洁滤网仓内部。
3. 每月清洁设备及预过滤网 1-2 次。

为保证最佳效果，每月清洁 1-2 次净化器；灰尘较多的地区建议增加清洁频率。"
109,"滤网清洁：
1. 若滤网过脏，请直接更换。滤网污染程度会因使用环境和运行时长而不同，清洁时间也应相应调整。
2. 更换滤网期间，可用吸尘器或软刷清洁预过滤网。切勿用水清洗滤网。"
110,"滤网清洁与更换
1. 若滤网过脏，请直接更换。滤网污染程度会因使用环境和运行时长而异，清洁时间也应相应调整。
2. 更换滤网期间，可用吸尘器或软刷清洁预过滤网。切勿用水清洗滤网。
3. 需要更换滤网时，滤网更换指示灯会亮起红色。滤网建议每 6-12 个月更换一次，滤网寿命取决于使用环境。
4. 更换滤网后，需要重置指示灯。长按控制面板上的睡眠 + 自动键 5 秒以上，即可重置指示灯。

控制面板上的小网格状位置是滤网更换指示灯。
<PIC>
重置后，滤网更换指示灯用于提示的红色状态应被清除。,[""Manual03_21""]"
111,"1. 双手握住设备上盖并向上拉起。

这张图展示双手向上取下设备上盖的操作。
<PIC>
2. 握住背部滤网盖把手并向前拉出。

这张图展示从背部滤网盖孔位置向前拉出滤网盖。
<PIC>
3. 拆下设备右侧灰尘传感器盖。

这张图展示设备右侧灰尘传感器盖的位置。
<PIC>
4. 用蘸少量水的棉签擦拭灰尘传感器镜头和进风口，再用干净干棉签彻底擦干。

这张图展示用棉签清洁灰尘传感器镜头的位置。
<PIC>
5. 装回灰尘传感器盖。装回滤网盖。将设备上盖标识朝前装回。

请勿使用丙酮、酒精等强腐蚀性化学试剂擦拭传感器部件，以免损坏镜头。,[""Manual03_22"", ""Manual03_23"", ""Manual03_24"", ""Manual03_25""]"
112,"长期存放：
1. 晴天运行设备 1 小时，拔下电源插头，晾干设备内部。
2. 遮盖设备并存放在干燥、无阳光直射的地方。"
113,"可通过车身上的 Product specification 产品规格标签了解这款健身单车的技术规格；标签位置在车身底部附近，旁边还标有 Serial number 序列号位置。
<PIC>

设备尺寸为：高度 141cm（55.6”）、长度 105cm（41.3”）、宽度 54cm（21.4”）。
<PIC>

主要技术规格如下：

最大使用者重量：136 千克（300 磅）

设备总占地面积：5670 平方厘米

机器重量：26.5 千克（58.4 磅）

电源要求：工作电压 220V–240V 交流电，50Hz；工作电流 0.4A

认证标准：交流电源适配器符合 CE 认证。本产品符合固定式健身器材 EN ISO 20957 国际标准，S 级。
<PIC>,[""Manual14_0"", ""Manual14_1"", ""Manual14_2""]"
114,"启动前，先确认开始运动计划前已咨询医生；如果运动中出现胸部疼痛、胸闷、呼吸急促或头晕，应立即停止运动，并在再次使用前咨询医生。设备电脑计算或测量的数据仅供参考，显示屏显示的心率为近似值，仅供参考。

快速启动（手动）程序无需输入信息即可开始运动：
1. 坐在机器上。
2. 按增加/减少按钮选择正确的用户档案。如未设置用户档案，可选择无自定义数据的用户档案（仅默认值）。
3. 按快速启动按钮开始手动程序。

手动运动模式下，每列代表 2 分钟时间段，活动列每 2 分钟向右移动一次。如运动超过 30 分钟，活动列会固定在最右侧，之前的列移出屏幕。"
115,"控制台可提供运动重要信息，并可在运动时控制阻力等级；它配有带触控按键的显示屏，用于浏览运动程序。

控制台正面包含上显示屏、下显示屏、阻力等级快捷按钮、成就指示灯、风扇以及快速启动、暂停/结束、程序、目标追踪、方向键与确认键等按键区域。
<PIC>
主要按键功能包括：阻力增加（♠）按钮用于提高运动阻力等级；阻力减小（▼）按钮用于降低运动阻力等级；快速启动按钮用于开始快速启动运动模式；程序按钮用于选择类别和运动程序；暂停/结束按钮用于暂停当前运动、结束暂停运动或返回上一界面；目标追踪按钮用于显示所选用户档案的运动总量与成就；增加（♠）按钮用于增加数值（年龄、时间、距离或卡路里）或浏览选项；左（◀）按钮用于在运动中显示不同运动数据或浏览选项；确认按钮用于启动程序运动、确认信息或恢复暂停运动；右（▶）按钮用于在运动中显示不同运动数据或浏览选项；减小（▼）按钮用于减少数值（年龄、时间、距离或卡路里）或浏览选项；风扇按钮用于控制三速风扇；阻力等级快捷按钮用于在运动中快速切换阻力等级；查看运动结果时，成就指示灯将点亮。

上部显示区包含程序显示、强度显示、心率区间显示、目标显示、用户显示和成就显示。
<PIC>
程序显示区会展示信息，网格区域显示程序运动曲线。曲线中每一列代表一个运动区间（运动段）；列越高，阻力等级越高；闪烁列表示当前运动区间。强度显示区会根据当前阻力等级显示实时运动强度。心率区间显示当前使用者心率所属区间，可作为特定目标区间（无氧、有氧或燃脂）的运动指导。开始运动计划前请咨询医生；如运动中出现胸部疼痛、胸闷、呼吸急促或头晕，请立即停止运动；再次使用前请咨询医生。显示屏显示的心率为近似值，仅供参考。注：如未检测到心率，显示屏将空白。目标显示区显示当前所选目标类型（距离、时间或卡路里）、当前目标完成值及目标完成百分比。用户显示区显示当前所选用户档案。达到运动目标或超过历史运动里程碑时，成就显示区将激活，控制台显示屏将提示祝贺信息并播放提示音。

下部显示区用于显示运动数值，可按用户自定义设置。
<PIC>
下部显示数据包括：速度，以英里/小时（mph）或公里/小时（km/h）显示机器速度；时间，显示运动总时长、用户档案平均时间或机器总运行时间，注：如快速启动模式运动超过 99 分 59 秒（99:59），时间单位将自动切换为小时和分钟（如 1 小时 40 分钟）；距离，显示运动距离（英里或公里）；等级，显示运动中当前阻力等级；转速，显示机器每分钟转数（RPM）；心率（脉搏），显示心率监测仪的每分钟心跳次数（BPM），控制台接收到心率信号时，图标将闪烁；卡路里，显示运动中估算消耗的卡路里。,[""Manual14_21"", ""Manual14_22"", ""exercise_bikes_02""]"
116,"运动前主要调整座椅高度和脚踏绑带，并穿合适的运动鞋和衣物。

穿着建议：穿着橡胶底运动鞋；穿着适合运动、活动自如的衣物。

座椅调节：正确的座椅位置可提升运动效率与舒适度，降低受伤风险。
1. 将脚踏板转到前位，脚掌中心对准脚踏板中心。膝盖应保持微弯。
2. 如腿部过直或脚无法踩到脚踏板，将立式单车座椅调低。如膝盖弯曲过度，将座椅调高。调节座椅前请先下车。松开并拉出座管上的调节旋钮，将座椅调至所需高度，松开旋钮使锁销卡入。确保锁销完全卡入并拧紧旋钮。

这张图展示座管调节旋钮的位置和座椅高度调节方式。
<PIC>
请勿将座管调节到高于管上的限位标记（STOP）。

脚部姿势/脚踏绑带调节：带绑带的脚踏板可提供稳固支撑。
1. 将脚掌中心放在脚踏板上。
2. 转动脚踏板至可触及位置。
3. 将绑带固定在鞋面上。

这张图展示脚掌放在脚踏板上并固定脚踏绑带的方式。
<PIC>
4. 另一侧脚重复操作。确保脚尖和膝盖朝前，以保证最佳踩踏效率。脚踏绑带可保持原位以备下次使用。,[""Manual14_24"", ""Manual14_25""]"
117,"轻松骑行类别包含 3 个预设运动程序：

起伏山丘，展示起伏山丘预设程序的阻力/强度曲线。
<PIC>

公园骑行，展示公园骑行预设程序的强度曲线。
<PIC>

轻松之旅，展示轻松之旅预设程序的柱状强度曲线。
<PIC>,[""Manual14_27"", ""Manual14_28"", ""Manual14_29""]"
118,"山地类别下可体验 3 个预设运动程序：

派克峰
派克峰程序的运动曲线如下。
<PIC>

胡德山
胡德山程序的运动曲线如下。
<PIC>

金字塔
金字塔程序的运动曲线如下。
<PIC>,[""Manual14_30"", ""Manual14_31"", ""Manual14_32""]"
119,"挑战类别下可体验的预设运动程序有 3 个：

上坡冲刺，展示逐步升高并在末段保持高位的训练强度曲线。
<PIC>

交叉训练，展示交叉训练的训练强度柱状曲线。
<PIC>

间歇训练。
<PIC>

这些预设程序会自动控制不同阻力和运动等级。,[""Manual14_33"", ""Manual14_34"", ""Manual14_35""]"
120,"编辑用户档案前，控制台可存储和使用 2 个用户档案；用户档案会自动记录每次运动结果，并可存储姓名、年龄、体重、身高、性别和首选运动数据显示。开始运动前应选择正确的用户档案，编辑用户档案可获得更准确的卡路里和心率信息。

编辑步骤：
1. 在开机模式界面，按增加（♠）或减少（▼）按钮选择一个用户档案。
2. 按确认按钮选择用户档案。
3. 控制台显示编辑提示和当前用户档案名称。按确认键开始编辑用户档案选项。如需退出编辑用户档案选项，按暂停/结束按钮，控制台返回开机模式界面。
4. 控制台显示姓名提示和当前用户档案名称。注：首次编辑时用户姓名为空。用户档案名称限制为 10 个字符。当前激活段闪烁。使用增加/减少按钮浏览字母和空格（位于 A 和 Z 之间）。按左（◀）或右（▶）按钮切换段。按确认按钮接受显示的用户名。
5. 编辑其他用户数据：编辑年龄、编辑体重、编辑身高、编辑性别。使用增加/减少按钮调节，每项设置完成后按确认键。
6. 控制台显示扫描提示。此选项控制运动中运动数据的显示方式。“关闭”设置允许用户按需按左（◀）或右（▶）按钮查看其他运动数据通道；“开启”设置允许控制台每 6 秒自动切换显示运动数据通道。默认为“关闭”。按确认按钮设置运动数据显示方式。
7. 控制台显示编辑下部显示提示。此选项允许自定义运动中显示的运动数据。下部显示区将显示所有运动数据，激活数据闪烁；上部显示区显示激活值设置：“开启”或“关闭”。按增加（♠）或减少（▼）按钮隐藏激活运动数据，按左（◀）或右（▶）按钮切换激活值。注：如需显示隐藏的运动数据，重复操作并将上部显示区数值改为“开启”。自定义下部显示完成后，按确认键设置。

下图展示控制台下部显示区中可自定义显示的运动数据区域。
<PIC>
8. 控制台返回已选择用户的开机模式界面。,[""Manual14_26""]"
121,"可以。按年龄只能作为通用建议来设定目标心率，燃脂和改善心血管系统的有效心率区间通常估算为最大心率的 50–70%。

运动时可先慢速起步，逐渐增加强度，直到心率达到最大心率的 50–70%，然后保持该速度，并把心率维持在目标区间 20 分钟以上。维持目标心率的时间越长，身体燃脂越多。

这张表是按年龄估算的燃脂目标心率范围，可用来选择大致目标区间：
<PIC>
表中的目标心率只是通用指南；身体状况因人而异，您的个人心率区间可能会比表中数值高或低数次/分钟。

最大心率通常会从儿童时期的约 220 次/分钟（BPM）下降到 60 岁时约 160 次/分钟，通常呈线性下降，每年约下降 1 次/分钟。同龄人的最大心率也可能不同，通过压力测试会比年龄公式更准确。

如果需要个人目标心率区间，请咨询医生。和所有运动及健身计划一样，增加运动时间或强度时要谨慎判断。,[""Manual14_23""]"
122,"体能测试程序用于评估你的体能水平是否提升。它会把功率输出（瓦特）与心率进行对比；体能提升后，在相同心率下，你的功率输出会增加。

使用这个功能时，控制台必须能从接触式心率（CHR）传感器或心率监测仪（HRM）读取心率信息，否则无法正常工作。体能测试可从反馈类别开始，程序会先提示选择体能水平：初级（BEG）或高级（ADV）。

测试时，控制台会使用所选用户档案中的年龄和体重来计算体能得分。开始运动后需要握住心率传感器；测试开始后，运动强度会逐渐增加，心率也会随之上升。强度会持续自动增加，直到心率达到“测试区间”。这个区间会按用户档案最大心率的 75% 单独计算。

达到测试区间后，机器会保持强度稳定 3 分钟，让你进入心率平稳的稳定状态。3 分钟结束时，控制台会测量心率和功率输出，并结合年龄和体重信息计算出“体能得分”。

体能测试得分只用于和你自己的历史得分对比，不用于和其他用户档案对比；通过对比得分来查看体能提升。"
123,"充电步骤

使用充电器前，先阅读所有安全说明，并确认充电器与电池组兼容。
1. 插入电池组前，先将充电器插入合适的插座。
2. 将电池组（K）插入充电器，确保电池组完全就位。下面的图片展示电池组（K）插入充电器的方向和位置。<PIC>红色充电指示灯持续闪烁，表示充电过程已开始。
3. 红色指示灯常亮表示充电完成。电池组已充满电，此时可使用，也可以留在充电器中。,[""Manual11_2""]"
124,"DCB101 指示灯工作状态：

电池组充电中。这个标识表示红色充电指示灯持续闪烁，充电过程已开始。<PIC>

电池组已充满。这个标识表示红色指示灯常亮，电池组已充满电，可使用或留在充电器中。<PIC>

过热/过冷延迟。这个标识表示充电器检测到电池过热后暂停充电，直到电池冷却；电池冷却后会自动切换至充电模式。该模式下红色指示灯长闪后短闪。<PIC>

电池组或充电器故障。这个标识表示可能出现问题，红色指示灯会快速闪烁；可重新插入电池组，若仍存在问题，换另一块电池组判断充电器是否正常。<PIC>

电源故障。这个标识表示充电器与发电机等便携式电源或直流转交流电源配合使用时，电源可能超出允许范围，充电器可能暂时停止工作；红色指示灯会快速闪烁两次后暂停。<PIC>,[""drill0_08"", ""drill0_09"", ""drill0_10"", ""drill0_11"", ""drill0_12""]"
126,"安装钻头或其他附件前，先注意：不要通过握住夹头前部并启动工具来拧紧钻头或任何其他附件，否则可能损坏夹头并导致人身伤害。更换附件时，务必锁定扳机开关并断开工具电源。启动工具前务必确保附件紧固，松动的附件可能弹出并造成人身伤害。

您的工具配有单套无键夹头（F），可单手操作夹头。安装钻头或其他附件，按以下步骤操作。
1. 关闭工具并断开工具电源。

这张图展示单套无键夹头位于工具前端，可握住夹头套筒进行旋转调节。
<PIC>
2. 一只手握住夹头黑色套筒，另一只手固定工具。逆时针旋转套筒至足够大，装入所需附件。

这张图展示握住无键夹头套筒并放入钻头的操作方式。
<PIC>
3. 将附件插入夹头约 3/4 英寸（19 毫米），一只手顺时针旋转夹头套筒紧固，另一只手握住工具。工具配有自动主轴锁定机构，可单手开合夹头。务必一只手握住夹头套筒、另一只手握住工具，以达到最大紧固度。

这张图展示附件插入后旋紧夹头套筒的操作方式。
<PIC>

拆卸附件时，重复上述步骤 1 和 2。,[""drill0_01"", ""drill0_02"", ""drill0_03""]"
127,"安装前，为获得最佳效果，确保电池组已充满电。

安装电池组：将电池组（K）对准工具手柄内的导轨，滑入手柄，直到电池组牢固就位并且不会松脱。

拆卸电池组：按下释放按钮（J），将电池组从工具手柄中平稳拔出。取下后，按照充电器部分所述将电池组插入充电器。

这张图展示电池组（K）与工具手柄的安装、拆卸方向，以及释放按钮（J）的位置。
<PIC>,[""Manual11_8""]"
128,"使用腰带挂钩和批头夹前，先关闭工具并取下电池组，以降低严重人身伤害风险；意外启动可能导致受伤。

这张图标出了腰带挂钩（G）、固定螺钉（H）和批头夹（I）等相关位置。
<PIC>

不要将工具悬挂在高处，也不要在腰带挂钩上悬挂物体。只能将工具腰带挂钩挂在工作腰带上。

确保固定腰带挂钩的螺钉已经紧固。

安装或更换腰带挂钩或批头夹（批头夹另售）时，仅使用随附的螺钉（H），并务必拧紧螺钉。

腰带挂钩（G）和批头夹（I）可使用随附螺钉（H）安装在工具任意一侧，适配左手或右手用户。如果不需要挂钩或批头夹，可从工具上取下。移动腰带挂钩或批头夹时，取下固定螺钉（H），然后重新安装在另一侧，并务必拧紧螺钉。

这张图展示了工具底部侧面的批头夹（I）和固定螺钉（H）位置。
<PIC>,[""Manual11_7"", ""drill0_14""]"
129,"购买或选配电钻附件时，应只使用制造商推荐的附件。由于制造商提供的附件以外的其他附件未通过本产品测试，使用此类附件可能存在危险；为降低受伤风险，本工具仅应使用制造商推荐的附件。

下图展示的是推荐容量相关信息，可用于核对附件适用范围。
<PIC>,[""Manual11_9""]"
130,"三年有限保修包含的相关服务为：

1年免费服务：购买后第一年内，制造商将免费维护工具，更换正常使用造成的磨损部件。

2年免费服务：适用于电池组 DC9071、DC9091、DC9096、DC9280、DC9360、DC9180、DCB120、DCB127、DCB201、DCB203、DCB207。

3年免费服务：适用于其他电池组。

如果电池组被擅自改装，产品保修失效。制造商对任何改装导致的伤害不承担责任，并将在法律允许范围内追究保修欺诈责任。"
131,"包装盒里应包含：配有小号表带的手表（颜色和材质仅供参考）
这张图展示手表和已安装的小号表带。
<PIC>

充电线
这张图展示充电线外观。
<PIC>

额外大号表带
这张图展示可拆卸的大号表带。
<PIC>

健身追踪器的可拆卸表带提供多种颜色和材质，需单独购买。,[""fitness_trackers_01"", ""fitness_trackers_02"", ""fitness_trackers_03""]"
132,"为健身追踪器充电：

1.将充电线插入电脑的USB端口、UL认证的USB墙充充电器或其他低功耗充电设备。

2.将充电线的另一端靠近手表背面的充电接口，直至磁吸吸附。确保充电线上的金属触点与手表背面的接口对齐。

这张图展示磁吸充电线对准并吸附到手表背面充电接口的位置。
<PIC>

充电12分钟即可续航24小时。手表充电时，轻点屏幕两次或按下按钮即可点亮屏幕查看充电状态。完全充满电大约需要1-2小时。

这张图展示手表充电时的电量进度界面。
<PIC>

充满电的健身追踪器续航时间可达6天以上。电池续航和充电周期会随使用情况及其他因素而异，实际结果可能有所不同。,[""Manual16_1"", ""Manual16_2""]"
133,"将健身追踪器佩戴在手腕上。

不运动时，佩戴在腕骨上方一指宽的位置。下图展示的是日常佩戴时手表相对腕骨的位置。
<PIC>

为优化运动时的心率监测，运动时可将表带向上移动，以获得更贴合的佩戴效果。下图展示的是运动时更贴合的佩戴位置。
<PIC>

运动时还要将手表戴在手腕正面，并确保设备背面与皮肤接触。如感到不适，请松开表带；若不适持续，请取下手表让手腕休息。,[""Manual16_4"", ""Manual16_5""]"
134,"扣紧表带时不要勒得太紧，应留有空隙，让健身追踪器可以在手腕上轻微移动。
1. 将健身追踪器戴在手腕上。
2. 将底部表带穿入顶部表带的第一个环扣。
这张图展示底部表带穿入第一个环扣的位置。
<PIC>
3. 收紧表带至舒适贴合，将表扣钉按入表带上的其中一个孔。
这张图展示表扣钉按入表带孔中的方式。
<PIC>

如果你使用的是小号表带的最后两个孔，建议更换为大号表带，以获得更稳固的佩戴效果。
4. 将表带的松散端穿入第二个环扣，使其平整贴在手腕上。确保表带不要过紧。佩戴时应留有空隙，可在手腕上轻微移动。
这张图展示扣紧后松散表带端穿入第二个环扣并贴平的状态。
<PIC>,[""Manual16_6"", ""Manual16_7"", ""Manual16_8""]"
135,"拆卸表带：
1. 将健身追踪器翻面，找到表带卡扣。下图展示的是翻面后找到并操作表带卡扣的位置。<PIC>
2. 松开卡扣，将扁平按钮向表带方向滑动。
3. 轻轻将表带从手表上拔下松开。下图展示的是表带从机身末端拔下的方向。<PIC>
4. 另一侧重复操作。,[""Manual16_9"", ""Manual16_10""]"
136,"健身追踪器配备彩色 AMOLED 触摸屏和 1 个按钮。可通过轻点屏幕、上下左右滑动，或按下按钮来操作。为节省电量，不使用时手表屏幕会熄灭，除非已开启常亮显示。

主屏幕为时钟界面。

向下滑动查看快捷设置。

向上滑动查看通知。

左右滑动查看功能卡片。

这张图展示了在时钟界面通过上下左右滑动查看不同内容的操作方式。<PIC>

按下按钮可打开应用菜单或返回时钟界面。

长按时钟界面可切换已保存的表盘。

也可以使用按钮快速访问非接触式支付、语音助手、快捷设置或你喜爱的应用。

这张图展示了手表侧面的按钮位置。<PIC>

按下按钮：按下按钮返回时钟界面。在时钟界面，按下按钮打开手表上已安装的应用列表。

长按按钮：长按按钮 1 秒可激活你选择的功能。首次使用按钮快捷操作时，选择其激活的功能。如需更改长按按钮激活的功能，请打开手表上的设置应用，然后点击快捷方式。确认长按快捷方式已开启，然后点击长按选择你想要的应用。

双击按钮：双击按钮可打开语音助手、快捷设置、通知和非接触式支付的快捷入口。点击快捷方式即可打开。,[""Manual16_12"", ""Manual16_13""]"
137,"健身追踪器可显示手机的来电、短信、日历和应用通知；手表与手机保持在 30 英尺以内即可接收通知。

通知到达时，手表会震动。未及时查看的通知，可稍后在时钟界面向上滑动，或双击按钮并点击通知图标查看。通知界面会显示手机通知内容示例。<PIC>

健身追踪器最多可存储 30 条通知，超过后新通知会替换最早的通知。

可对通知进行这些操作：

1.在时钟界面向上滑动查看通知，点击任意通知展开。

2.删除单条通知：点击展开，滑动至底部并点击清除。

3.一次性删除所有通知：向上滑动至通知底部，点击全部清除。

4.退出通知界面：按下按钮或向下滑动。

还可以关闭特定通知：在手机健身追踪器应用的今日页面，点击左上角图标 > 健身追踪器卡片 > 通知，然后关闭不希望再在手表上接收的通知。

也可以关闭所有通知：在时钟界面向下滑动进入快捷设置，点击勿扰图标。所有通知（包括目标庆祝和提醒）都会关闭。快捷设置中的勿扰图标用于关闭所有通知。<PIC>

注意：如手机开启了勿扰设置，关闭该设置前手表不会接收通知。

与 iPhone 或安卓手机配对后，健身追踪器还可让你接听或拒接来电。接听来电：点击手表屏幕上的绿色电话图标。拒接来电：点击红色电话图标转语音信箱。来电者在联系人列表中会显示姓名，否则显示电话号码。来电界面会显示绿色接听图标和红色拒接图标。<PIC>,[""Manual16_28"", ""Manual16_29"", ""Manual16_30""]"
138,"健身追踪器会在你佩戴它睡觉时，每晚记录你的皮肤温度，并显示它与个人基准的差异，用来帮助识别身体变化、了解夜间皮肤温度变化趋势。

查看夜间睡眠皮肤温度变化：
1. 打开手机上的健身追踪器应用。
2. 在今日页面，点击温度卡片。

温度卡片会显示昨晚相对个人基准的变化，例如低于基准 -0.2°F。
<PIC>

你会看到皮肤温度变化图表，以及你手动记录的任何核心温度读数。
<PIC>

注意：必须佩戴健身追踪器睡觉 3 晚，才能看到个人皮肤温度基准。此功能并非在所有地区都可用。,[""Manual16_35"", ""Manual16_36""]"
139,"健身追踪器会通过运动应用追踪特定运动，并在运动中显示实时数据，包括心率、消耗卡路里、耗时；运动结束后，会在手腕上显示运动摘要。若使用 GPS，还可以在健身追踪器应用的运动卡片中查看完整运动数据和运动强度地图。
1. 在健身追踪器上，打开运动应用。最近使用的运动会显示在顶部；点击其他运动可查看完整列表。也可以让 Alexa 打开运动应用或开始追踪运动。滑动找到运动类型。
2. 点击选择运动。如该运动使用 GPS，可以等待信号连接，也可以先开始运动，GPS 会在信号可用时自动连接。注意：GPS 连接可能需要几分钟。
3. 点击播放图标开始运动，或向上滑动选择运动目标或调整设置。
4. 运动过程中，点击或滑动大数值数据，可滚动查看实时数据。暂停运动时，按下按钮或向上滑动点击暂停图标；再次按下按钮或点击继续图标即可恢复运动。
5. 运动结束后，向上滑动点击结束，屏幕会显示运动摘要。
6. 摘要界面中，点击继续可恢复运动，点击新运动可开始新运动，点击完成可关闭摘要界面。要查看完整运动数据，或在使用 GPS 时查看运动强度地图，请点击健身追踪器应用中的运动卡片。

如果设置了运动目标，手表会在达到目标一半和完成目标时提醒你。

使用 GPS 时，屏幕顶部会显示“GPS连接中…”。当屏幕显示“GPS已连接”且健身追踪器震动时，表示 GPS 连接成功。运动期间，GPS 图标旋转表示手表正在搜索 GPS 信号；静止的 GPS 图标表示 GPS 已连接；红色 GPS 图标表示未找到 GPS 信号。下面的界面展示 GPS 已连接后的运动追踪状态。
<PIC>

健身追踪器的动态 GPS 功能会在运动开始时自动设置 GPS 类型。为节省电量，健身追踪器会尝试连接手机上的 GPS 传感器；如果手机不在附近或移动中，健身追踪器会使用内置 GPS。

你也可以在手表上自定义每种运动类型的设置。下面的界面展示运动设置项目。
<PIC>

调整每种运动的设置：
1. 在健身追踪器上，打开运动应用。
2. 点击要调整的运动。
3. 向上滑动浏览设置列表。
4. 点击设置项进行调整。
5. 完成后，向下滑动直至看到播放图标。运动结束后，健身追踪器会显示数据摘要。,[""Manual16_42"", ""Manual16_43""]"
140,"健身追踪器通过手腕上的心率传感器，在运动期间和全天持续追踪你的心率。

它会使用心率储备来个性化设置你的心率区间；心率储备是最大心率与静息心率之间的差值。运动时，你可以在手表上查看当前心率和心率区间，用来判断是否达到目标训练强度。

这张图展示心率区间在手表上的显示方式。
<PIC>

在燃脂、心肺或峰值心率区间消耗的时间可获得活动区域分钟数。

燃脂区间 1 分钟 = 1 个活动区域分钟数。

心肺或峰值区间 1 分钟 = 2 个活动区域分钟数。

运动中进入不同心率区间片刻后，手表会震动提示运动强度：1 次震动 = 燃脂区间；2 次震动 = 心肺区间；3 次震动 = 峰值区间。初始每周目标为 150 个活动区域分钟数。,[""Manual16_44""]"
141,"可在任何支持非接触式支付的商店，用健身追踪器设备消费。先确认支付终端上有非接触式支付标志；这个标志表示终端支持把设备靠近感应付款。
<PIC>

澳大利亚以外的用户：
1. 打开手表上的钱包或健身追踪器支付应用。注意：可通过双击手表上的按钮快速访问支付应用。
2. 如提示，输入4位手表PIN码。屏幕会显示默认卡；手表上的默认卡界面用于把手腕靠近读取器完成付款。
<PIC>
3. 使用默认卡支付：将手腕靠近支付终端。使用其他卡支付：滑动找到要使用的卡，然后将手腕靠近支付终端。

澳大利亚用户：
4. 如持有澳大利亚银行的信用卡或借记卡，将手表靠近支付终端支付。如卡来自澳大利亚以外的银行，或希望使用非默认卡支付，请完成上述步骤1-3。
5. 如提示，输入4位手表PIN码。
6. 如消费金额超过100澳元，请按照支付终端上的说明操作。提示输入PIN码时，输入卡片的PIN码（非手表PIN码）。

如支付终端未识别健身追踪器设备，请确保表盘靠近读取器，并告知收银员你使用非接触式支付。支付成功时，手表会震动并在屏幕上显示确认信息。为增加安全性，使用非接触式支付时必须将健身追踪器戴在手腕上。,[""Manual16_46"", ""Manual16_47""]"
142,"可能遇到心率读数丢失和 GPS 信号问题。

心率读数丢失：如果健身追踪器无法检测到心率信号，手表会显示虚线。屏幕上的心率位置会以虚线表示未检测到信号。<PIC>

如手表未检测到心率信号，请确保佩戴正确：可在手腕上上下移动手表，或收紧/松开表带。健身追踪器应与皮肤接触。保持手臂静止伸直片刻后，应能再次看到心率。

GPS 信号受干扰或正在搜索：环境因素，包括高楼、茂密森林、陡峭山坡和厚云层，可能干扰手表连接 GPS 卫星的能力。运动期间手表搜索 GPS 信号时，屏幕顶部会显示旋转的 GPS 图标。屏幕顶部的 GPS 图标表示手表正在搜索信号。<PIC>

GPS 信号丢失：为获得最佳效果，开始运动前等待健身追踪器找到信号。如运动期间健身追踪器丢失 GPS 信号，GPS 图标会显示红色。手表会尝试重新连接。屏幕上的红色 GPS 图标表示运动期间 GPS 信号已丢失。<PIC>,[""Manual16_48"", ""Manual16_49"", ""Manual16_50""]"
144,"为保障手表安全，需要在健身追踪器应用中开启设备锁。开启后，解锁手表时需输入个人 4 位 PIN 码。

开启设备锁或重置 PIN 码的路径是：在健身追踪器应用的今日页面，点击左上角图标 > 健身追踪器卡片 > 设备锁。

如果你在手表上设置了非接触式支付，设备锁会自动开启，且必须设置密码。如不使用非接触式支付，设备锁为可选设置。"
145,"1. 请勿在冰箱顶部放置重物或装液体的物品。开关门时重物可能坠落导致受伤；装液体的物品可能泄漏、掉落破损，导致受伤或触电。

冰箱顶部放置重物有坠落风险。<PIC>
2. 请勿倚靠或悬挂在冰箱门体及搁架上。可能损坏冰箱门体或搁架，或导致冰箱倾倒，造成受伤及损坏。儿童靠近冰箱时请务必有人看管。

儿童倚靠或悬挂门体及搁架有倾倒和损坏风险。<PIC>
3. 防止儿童进入产品内部。儿童进入冰箱可能危及生命。

儿童进入冰箱内部存在生命危险。<PIC>
4. 开关冰箱门时请小心。用力开关门可能导致内部物品倾倒，造成受伤或损坏。
5. 请勿将冰箱安装在潮湿环境中。湿气可能渗入电气部件，引发火灾或触电。

潮湿环境可能使湿气进入电气部件。<PIC>,[""Manual17_11"", ""Manual17_12"", ""Manual17_13"", ""Manual17_14""]"
146,"1. 请勿拉扯电源线或用湿手触碰电源插头。可能引发触电或伤害。
<PIC>
这张示意展示了不要拉扯电源线，也不要用湿手触碰或插拔电源插头。请勿湿手插拔电源插头，以免触电。
2. 请勿延长或改装电源插头长度。可能引发火灾或触电。
<PIC>
这张示意展示了不要延长或改装电源插头。
3. 尽可能为冰箱冰柜配备独立电源插座，避免与其他电器或家用灯具共用导致过载。请勿改装或延长电源线长度。会导致触电或火灾。
<PIC>
这张示意展示了禁止改装或延长冰箱冰柜电源线。电源插头应放置在紧急情况下可快速断开的易触及位置。若电源线损坏，必须由制造商、其售后服务人员或同等资质人员更换，以避免危险。
4. 安装过程中拔下插头后推入冰箱时，防止电源线被挤压或弯折。线缆被挤压或弯折可能引发火灾或触电。将电器从墙面移开时，注意不要碾压或损坏电源线。请勿让重物挤压或弯折电源线。可能损坏电源线，引发火灾或触电。
<PIC>
这张示意展示了安装或移动冰箱时，应避免电源线被挤压、弯折或损坏。
5. 清除电源插头上的水渍或灰尘，确保插脚完全牢固插入。灰尘、水渍或接触不良可能引发火灾或触电。
<PIC>
这张示意展示了清洁电源插头相关的注意事项。请勿用湿布清洁插头。清除电源插脚上的异物。否则有火灾风险。,[""Manual17_5"", ""Manual17_3"", ""Manual17_37"", ""Manual17_2"", ""Manual17_6""]"
153,"加油时务必关闭发动机。

加油前应先停止发动机，避免燃油遇到运行中的发动机产生危险。
<PIC>

加油时严禁吸烟或靠近明火。

加油区域必须远离香烟和明火。
<PIC>

加油时注意不要将燃油洒在发动机或消音器上。如不慎吞入燃油、吸入燃油蒸汽或燃油入眼，请立即就医。如燃油溅到皮肤或衣物上，请立即用肥皂水清洗并更换衣物。

操作或运输发电机时，请务必保持机身直立。如发生倾斜，燃油可能从化油器或油箱泄漏。运输发电机时，请务必拧紧油箱盖通气旋钮。

搬运或运输时应保持发电机直立，防止燃油泄漏。
<PIC>,[""generator_20"", ""generator_21"", ""generator_03""]"
154,"发动机及消音器可能高温发烫。请将发电机放置在行人或儿童不易触碰的地方。

这张图展示的是人员不要靠近或触碰运行中的发电机。
<PIC>
这样放置可减少误碰高温部位的风险。

运行时避免在排气口附近放置任何易燃物品。

这张图展示的是易燃物不要靠近排气口或高温部位。
<PIC>
排气口附近应保持清空，避免高温引燃物品。

请将发电机与建筑物或其他设备保持至少1米（3英尺）距离，否则发动机可能过热。

这张图展示的是发电机与周围建筑物或设备之间需要保持安全距离。
<PIC>
保持距离有助于散热，降低过热风险。

避免在防尘罩覆盖下运行发动机。

这张图展示的是不要在防尘罩覆盖状态下运行发电机。
<PIC>
覆盖运行会影响散热并增加高温风险。

务必仅通过提手搬运发电机。① 提手

这张图标出了机身顶部的①提手位置。
<PIC>
搬运时只抓提手，不要接触发动机或消音器等高温部位。,[""generator_04"", ""Manual18_8"", ""Manual18_9"", ""Manual18_10"", ""Manual18_11""]"
155,"防止触电

切勿在雨雪中运行发动机。雨雪环境下使用发电机会增加触电风险。
<PIC>
上面展示的是雨中使用发电机的触电警示。

切勿湿手触碰发电机，否则会触电。
<PIC>
上面展示的是湿手触碰发电机可能导致触电的警示。

务必对发电机进行接地。注：使用足够载流量的接地导线。
<PIC>
上面展示的是接地导线直径要求。

① 导线直径
<PIC>
上面展示的是发电机通过接地导线连接接地棒的接地方式。

接线注意事项

避免将发电机接入市电插座。避免将发电机与其他发电机并联使用。① 正确 ② 错误
<PIC>
上面展示的是发电机接线时正确与错误的连接方式。

发电机接入建筑物电气系统前，必须由持证电工在建筑物主配电箱内安装隔离（转换）开关。该开关为发电机电源的接入点，可选择使用发电机电源或市电电源为建筑物供电。这可防止市电故障或断电检修时发电机向市电线路反送电。反送电可能导致线路维修人员触电或受伤。若未安装隔离开关，恢复正常供电时还可能损坏发电机及建筑物电气系统。

使用延长线时，截面积 1.5 平方毫米的总长不得超过 60 米，截面积 2.5 平方毫米的总长不得超过 100 米。延长线应采用坚固柔韧的橡胶护套（符合 IEC 245 标准）或同等材质，以承受机械应力。,[""Manual18_12"", ""Manual18_13"", ""Manual18_14"", ""Manual18_15"", ""Manual18_16""]"
156,"燃油开关旋钮用于将燃油从油箱输送至化油器。

控制面板上的燃油开关旋钮可在 ON / OFF 位置之间切换，供油时将旋钮置于 ON“开启”位置。
<PIC>
这张图展示燃油开关旋钮在控制面板上的位置，旋钮周围标有 ON、OFF 和燃油标识。

如果燃油开关旋钮无法转动，先取下盖板①，内部可以看到燃油开关拨杆；此时可使用该拨杆供油。
<PIC>
这张图展示盖板①的位置，以及取下盖板后内部燃油开关拨杆的 ON / OFF 位置。,[""Manual18_19"", ""Manual18_20""]"
157,"每次使用发电机前都应进行燃油使用前检查。发动机运行后，发动机及消音器温度极高，检修或维修时，在其冷却前切勿用身体或衣物触碰。

这是运行后高温部位的防烫警示。
<PIC>

燃油

确认油箱内燃油充足。推荐燃油为无铅汽油，油箱容量总计 2.5 升（0.55 英制加仑，0.66 美制加仑）。

这是向油箱加注燃油的示意。
<PIC>

本发电机发动机设计使用泵法辛烷值 ((R+M)/2) 86 及以上，或研究法辛烷值 91 及以上的普通无铅汽油。

这张图展示燃油液位位置，燃油不要超过燃油滤清器顶部。
<PIC>

警告：燃油高度易燃且有毒。加油前请仔细阅读第 4 页“安全信息”。切勿加注至燃油滤清器顶部以上，否则燃油受热膨胀后可能溢出。立即擦拭溢出的燃油。加油后务必拧紧油箱盖。

这是拧紧油箱盖的操作示意。
<PIC>,[""generator_11"", ""generator_12"", ""generator_13"", ""generator_14""]"
158,"启动发动机前，请勿连接任何电气设备；先将经济控制开关置于○（关闭）位置。下图展示经济控制开关拨到关闭位置。
<PIC>
1. 按住油箱盖防止转动，将通气旋钮逆时针旋转1圈，打开油箱通气口。① 通气旋钮。下图展示油箱盖顶部的通气旋钮位置和旋转操作。
<PIC>
2. 将燃油开关旋钮置于“开启”位置。① “开启”。下图展示燃油开关旋钮转到开启位置。
<PIC>,[""Manual18_25"", ""Manual18_26"", ""Manual18_27""]"
159,"防止触电

切勿在雨雪中运行发动机。下面的警示图表示雨雪环境中使用发电机有触电风险。
<PIC>
连接交流电前，应确保使用环境保持干燥。

切勿湿手触碰发电机，否则会触电。下面的警示图表示湿手接触发电机的触电危险。
<PIC>
操作插头、插座和机体前，手部应保持干燥。

务必对发电机进行接地，并使用足够载流量的接地导线。接地导线直径按 0.12 mm/ampere 计算，例如 10 Ampere 对应 1.2 mm。下面的标注展示接地导线直径要求。
<PIC>
接地连接应使用符合电流容量要求的导线。

下面的示意图展示发电机通过接地导线连接接地棒。
<PIC>
完成接地后再进行接线操作。

接线注意事项

避免将发电机接入市电插座，避免将发电机与其他发电机并联使用。下面的示意图对比了正确和错误的接线方式。
<PIC>
不要把发电机直接并入市电或与其他发电机并联。

如果要把发电机接入建筑物电气系统，必须由持证电工在建筑物主配电箱内安装隔离（转换）开关。该开关作为发电机电源接入点，可选择使用发电机电源或市电电源为建筑物供电，防止市电故障或断电检修时发电机向市电线路反送电。反送电可能导致线路维修人员触电或受伤；未安装隔离开关时，恢复正常供电还可能损坏发电机及建筑物电气系统。

使用延长线时，截面积 1.5 平方毫米的总长不得超过 60 米，截面积 2.5 平方毫米的总长不得超过 100 米。延长线应采用坚固柔韧的橡胶护套（符合 IEC 245 标准）或同等材质，以承受机械应力。,[""Manual18_12"", ""Manual18_13"", ""Manual18_14"", ""Manual18_15"", ""Manual18_16""]"
160,"发动机开关

发动机开关用于控制点火系统。

① ON “开启”：点火电路接通，可启动发动机。

STOP “停止”：点火电路切断，发动机停机。

这张图展示发动机开关的 ON 与 STOP 两个位置。
<PIC>

经济控制开关

① Ⅰ “开启”：经济控制开关置于Ⅰ档时，经济控制单元会根据外接负载调节发动机转速，可降低油耗、减少噪音。

○ “关闭”：经济控制开关置于○档时，无论是否连接负载，发动机均以额定转速 5000 转/分钟运行。

这张图展示经济控制开关的Ⅰ开启档和○关闭档。
<PIC>

使用压缩机、潜水泵等启动电流较大的电气设备时，必须将经济控制开关置于○（关闭）位置。,[""generator_06"", ""generator_07""]"
161,"请在指定位置记录产品识别码和序列号，以便向发电机经销商订购零配件；这些识别码还应另行妥善保管，以防机器被盗。

识别码记录位置用于填写型号、产品识别码和序列号。
<PIC>

机器序列号标注在机身侧面的标签位置。
<PIC>

注意：这些编号的前三位为机型标识，其余数字为产品生产编号。请妥善记录，以便向发电机经销商订购配件时参考。,[""Manual18_0"", ""Manual18_1""]"
162,"直流保护器在负载超过发电机额定输出时会自动断开。

直流保护器位于控制面板的 DC PROTECTOR 位置，旁边标有“RESET（复位）”和“OFF（断开）”状态。<PIC>

注意：若直流保护器断开，请将负载降至发电机额定输出范围内。若再次断开，请咨询发电机经销商。

按下即可复位直流保护器，① 表示“复位” — “断开”位置。<PIC>,[""generator_08"", ""generator_09""]"
163,"每次使用发电机前都应检查发动机机油。发动机运行后，发动机及消音器温度极高；检修或维修时，在其冷却前，切勿用身体或衣物触碰高温部位。高温防烫警示如下。<PIC>

发动机机油检查步骤：
1. 检查发动机机油是否处于机油加注口的上限位置。机油液位检查位置如下。<PIC>
2. 以①“上限”为准确认油位；如果未达到上限位置，必要时添加发动机机油。上限位置标注如下。<PIC>
3. 推荐发动机机油等级为 API 标准 SE 级或 SF 级。机油适用规格/温度参考如下。<PIC>
4. 发电机出厂时未加注发动机机油，必须加注机油，否则无法启动。加注机油的位置如下。<PIC>,[""generator_11"", ""generator_17"", ""generator_18"", ""generator_19"", ""Manual18_23""]"
164,"启动发电机发动机的最后三个步骤是：
5. 缓慢拉动反冲启动器至啮合位置，然后快速拉动。拉动反冲启动器时，请牢牢握住提手，防止发电机倾倒。

这张图展示手握提手拉动反冲启动器的动作。
<PIC>
6. 发动机启动后，进行暖机，直至阻风门旋钮推回原位发动机也不会熄火。
7. 将阻风门旋钮推回原位。

这张图展示将阻风门旋钮推回原位的操作。
<PIC>

注：在环境温度低于0℃（32℉）的地区启动发动机时，无论经济控制开关处于何种位置，发动机将自动以额定转速5000转/分钟运行3分钟进行暖机。暖机结束后，若将经济控制开关置于Ⅰ（开启）位置，经济控制单元将恢复正常工作。,[""generator_16"", ""Manual18_29""]"
165,"发电机直流额定电压为 12V。电池电量不足时，按下面方式充电：
1. 将充电线在提手上缠绕 2 至 3 圈，插入直流插座。启动发动机后再连接电池。红线夹接电池正极（+），黑线夹接电池负极（-），切勿接反。① 红色 — 黑色

这张图展示充电线绕过提手、插入直流插座，并连接电池正负极的方式。
<PIC>
2. 启动发动机。
3. 按下直流保护器，安装电池。

充电时务必关闭经济控制开关。务必确保电池接线正确。务必确保通气软管连接正确，无损坏或堵塞。若直流保护器断开，请将负载降至发电机额定输出范围内。若再次断开，请咨询发电机经销商。按下即可复位直流保护器。① “复位” — “断开”

这张图展示电池充电连接以及直流保护器的“复位”和“断开”位置。
<PIC>

电池充满电时，电解液比重在 1.26 至 1.28 之间。每小时检查一次比重。

充电时严禁吸烟，严禁在电池处连接或断开线路，火花可能点燃电池产生的气体。电池电解液有毒且具有腐蚀性，会造成严重灼伤，内含硫酸。避免接触皮肤、眼睛或衣物。

急救措施：皮肤接触——用水冲洗。误食——大量饮水或牛奶，随后服用氧化镁乳、蛋清或植物油，立即就医。眼睛接触——用水冲洗 15 分钟并立即就医。电池产生易爆气体，远离火花、明火、香烟等。在密闭空间充电或使用时请通风。操作电池时务必佩戴护目镜。请放置在儿童接触不到的地方。

这张图展示电池充电、电解液接触和防护相关的安全警示。
<PIC>,[""Manual18_37"", ""Manual18_38"", ""Manual18_39""]"
166,"停机前，先关闭所有电气设备，并将经济控制开关置于○（关闭）位置。

经济控制开关应拨到○“关闭”位置。
<PIC>
完成后再断开设备，避免带载停机。
1. 断开所有电气设备。

电器插头需要从发电机插座处拔下。
<PIC>
确认所有外接电气设备都已断开。
2. 将发动机开关置于“O”（停止）位置。① O “停止”

发动机开关按到停止位置即可让发动机停机。
<PIC>
开关应处于“O/STOP”对应的位置。
3. 将燃油开关旋钮置于“关闭”位置。① “关闭”

燃油开关旋钮需要旋到关闭位置。
<PIC>
这样可切断燃油供给。
4. 顺时针拧紧油箱盖通气旋钮至手指拧紧状态。

油箱盖通气旋钮按顺时针方向拧紧。
<PIC>
拧到手指拧紧即可。,[""generator_22"", ""generator_23"", ""generator_24"", ""Manual18_40"", ""Manual18_41""]"
167,"火花塞检查

应定期拆卸并检查火花塞。
1. 取下盖板①。
2. 检查火花塞是否变色，并清除积碳。电极标准颜色应为棕褐色。
这张示意展示了火花塞电极的标准颜色状态。
<PIC>
3. 检查火花塞型号及间隙。标准火花塞为 CR6HSB（NGK），火花塞间隙为 0.7–0.8 mm（0.028–0.031 in）。
这张示意展示了火花塞规格和间隙要求。
<PIC>

间隙位置按示意测量。
这张示意展示了拆出火花塞并测量电极间隙的位置。
<PIC>
4. 安装火花塞。火花塞拧紧扭矩为 12.5 N·m（1.25 kgf·m，9 lbf·ft）。
这张示意展示了火花塞安装和拧紧要求。
<PIC>
5. 安装盖板。
这张示意展示了盖板①在发电机侧面的安装位置。
<PIC>,[""Manual18_44"", ""Manual18_45"", ""Manual18_46"", ""Manual18_47"", ""Manual18_48""]"
168,"发动机机油更换的前六个步骤如下：
1. 将机器放置在水平面上，暖机数分钟，然后停机，将燃油开关旋钮置于“关闭”位置，顺时针拧紧油箱盖通气旋钮。
2. 取下盖板①。下图展示发电机侧面盖板①的位置。
<PIC>
3. 从发电机底部拆下放油接头①，打开机油加注口盖。下图展示底部放油接头①的位置。
<PIC>
4. 将放油接头①安装到机油加注口。下图展示放油接头安装到机油加注口后的排油连接方式。
<PIC>
5. 在发动机下方放置接油盘，倾斜发电机将机油完全排空。下图展示倾斜发电机并将机油排入接油盘的操作。
<PIC>
6. 添加发动机机油至上限位置。① 上限。注：推荐发动机机油等级：API标准 SE级或SF级。下图展示机油粘度与温度适用范围，以及推荐机油与容量信息。
<PIC>
<PIC>,[""Manual18_49"", ""Manual18_50"", ""generator_25"", ""generator_26"", ""Manual18_51"", ""Manual18_52""]"
169,"空气滤清器

先取下盖板①，盖板位置如下。<PIC>
1. 取下盖板①。

然后松开固定空气滤清器盖⊛的卡箍○，卡箍和滤清器盖位置如下。<PIC>
2. 松开固定空气滤清器盖⊛的卡箍○。
3. 取下空气滤清器盖及滤芯④。
4. 用溶剂清洗滤芯并晾干。
5. 给滤芯上油并挤出多余机油，滤芯应湿润但不滴油。推荐机油：泡沫空气滤清器专用油或 SAE 20号发动机油。注意：请勿拧绞滤芯，以免撕裂。
6. 将滤芯装入空气滤清器。注：确保滤芯密封面与空气滤清器贴合，无漏气。注意：发动机严禁无滤芯运行，否则会导致活塞及气缸过度磨损。警告：使用溶剂时严禁吸烟或靠近明火。
7. 将空气滤清器盖装回原位并安装卡箍。
8. 安装盖板。,[""Manual18_62"", ""Manual18_63""]"
170,"发动机无法启动时，先按“发动机无法启动”流程检查。该流程用于判断燃油系统和发动机机油系统的问题。
<PIC>
如果发动机开关置于“ON”（开启）后，拉动反冲启动器并检查机油警告灯，按检查结果继续排查。
1. 燃油系统：燃油未输送至燃烧室。

油箱无油……添加燃油。

油箱有油……将油箱盖通气旋钮置于“开启”（逆时针旋转1圈）；将燃油开关旋钮置于“开启”。
这张图展示油箱盖通气旋钮逆时针旋转到开启位置。
<PIC>
通气旋钮打开后，燃油才能继续供给。

燃油管路堵塞……清洁燃油管路。

化油器堵塞……清洁化油器。
2. 发动机机油系统：机油不足。

机油液位低……添加发动机机油。
这张图展示向发动机机油加注口添加机油。
<PIC>
加注机油后，再重新尝试启动发动机。,[""Manual18_65"", ""generator_28"", ""generator_29""]"
171,"排空燃油
1. 打开油箱盖，使用市售手动虹吸管将油箱内燃油排入合格汽油容器，然后装回油箱盖。燃油高度易燃且有毒，请仔细阅读“安全信息”。立即擦拭溢出的燃油。

这张图展示了用手动虹吸管从油箱抽出燃油，并排入合格汽油容器的操作；同时标出需要取下的盖板①位置。<PIC>
2. 取下盖板①，松开化油器浮子室放油螺丝—，排空化油器内燃油。

这张图展示了化油器浮子室附近放油螺丝的位置，用于排空化油器内燃油。<PIC>
3. 将燃油开关旋钮置于“关闭”位置，启动发动机直至自行停机，燃烧完化油器内剩余燃油。,[""Manual18_66"", ""Manual18_67""]"
172,"使用发电机为对电压敏感的精密设备供电前，应先咨询该精密设备的供应商。

同时务必确认总负载在发电机额定输出范围内，否则可能损坏发电机。适用功率范围可按设备类型核对。
<PIC>

可同时使用交流和直流电源，但总功率不得超过额定输出。若总功率超出适用范围，过载指示灯①会亮起。
<PIC>

部分精密设备可能需要比便携式发电机更稳定的电压供应，例如部分医疗设备、个人电脑，以及检测峰值电压和有效值电压的逆变器。,[""Manual18_30"", ""Manual18_32""]"
173,"拖曳速度、半滑航速度和滑航速度的区别主要在速度、艇体姿态、尾流和操控要求上。

拖曳速度

拖曳速度是最低操控速度，几乎不加油门。艇体沉入水中行驶，不产生尾流。

下方示意展示低速操控时艇体在水中行驶的状态。
<PIC>

技巧和应用上，拖曳速度更适合需要精细操控的低速场景，例如靠岸、停靠码头或接近物体；练习时可不加油门做长约15–21米（50–70英尺）的大8字路线，也可将车把转到最大做360°转向，熟悉艇体对车把动作的响应。

半滑航速度

半滑航速度是中等速度，艇首略微抬离水面，但艇体仍在水中行驶，会产生尾流。

下方示意展示艇首略微抬起、并开始形成尾流的半滑航状态。
<PIC>

技巧和应用上，半滑航速度用于前进、小半径转弯，以及把转向组合成圆圈或8字路线。摩托艇通过油门与车把①配合转向；转动车把时，尾部喷射推力喷嘴②角度改变，从而改变行驶方向。除拖曳速度外，转向时必须始终加油门；在此速度下急转弯时，转向同时必须加大油门。

滑航速度

滑航速度是较快速度，艇体更平稳，在水面滑行，也会产生尾流。

下方示意展示艇体在水面上滑行并产生尾流的状态。
<PIC>

技巧和应用上，滑航速度属于高速操作，应在开阔、平静、无交通及障碍物的大水域练习。需要掌握油门控制、转向、重心转移与侧滑。加速至滑航速度后再转向，可练习左右椭圆、圆圈和8字路线；但速度越快，停车距离越长。滑航速度下车把转向过度时，艇体可能侧滑，无法更急转弯；将车把转回较小角度可恢复正常转向。,[""Manual40_1"", ""Manual40_2"", ""Manual40_3""]"
174,"深水登艇与静止平衡应先在近岸练习，再前往开阔水域。驾驶者体重越大，平衡艇体难度越高。练习时不要启动发动机；将熄火绳系在手腕上，并在水深至少齐胸的水域让艇漂浮。

训练1：登艇
1. 游至艇尾，双手放在登艇平台上，单手抓住扶手。

这张示意展示从艇尾靠近登艇平台并抓住扶手的位置。
<PIC>
2. 拉身体至平台跪姿，再移至座位跨坐。

这张示意展示从艇尾拉上登艇平台、跪上平台后准备移到座位的动作。
<PIC>
3. 将熄火绳系在手腕上，将卡扣安装到熄火开关。
4. 双手紧握车把，双脚放入脚坑。

这张示意展示跨坐后双手握住车把、双脚放入脚坑以保持平衡的姿势。
<PIC>
5. 反复练习登艇与平衡，直至整个过程中能保持良好平衡。

本艇配备登艇台阶①，可放下辅助登艇；登艇后台阶会自动复位。

这张示意展示艇尾登艇台阶①的位置，可用于辅助从水中登艇。
<PIC>,[""Manual40_13"", ""Manual40_14"", ""Manual40_15"", ""Manual40_16""]"
175,"滑航速度下急转弯要先在开阔、平静、无交通及障碍物的大水域练习；转向需要油门。

训练1：滑航速度转向
1. 加速至滑航速度，然后转向。
2. 练习左右转向画椭圆。
3. 重复训练，从平缓转向、低速开始，随技能与信心提升逐步增加难度。你会发现艇体转向方式与半滑航速度时不同。

这张图展示滑航速度下左右转向画椭圆的练习路线。
<PIC>
滑航速度下，艇体在给定速度下的转向角度有限。车把转向过度时，艇体可能开始侧滑，无法更急转弯。这是因为侧滑时进入喷射口的水量减少，喷嘴排水量下降，转向推力降低。结果是艇体减速，转向更平缓。将车把转回较小角度可恢复正常转向。

训练2：滑航速度转向操作
1. 加速至滑航速度。
2. 结合左右转向完成一系列圆圈与8字路线。
3. 重复训练，逐步提高速度并减小转弯半径，切勿急于求成。

这张图展示滑航速度下圆圈与8字路线的转向练习。
<PIC>

提示：
1. 尝试高速前先熟悉低速响应。
2. 滑航速度可实现更急转弯。
3. 与任何机动车一样，速度越快，停车距离越长。,[""Manual40_26"", ""Manual40_27""]"
176,"保持操控性的关键是：除拖曳速度外，转向时必须始终加油门；摩托艇是通过油门与车把①配合转向，车把转动会改变艇尾喷射推力喷嘴②的角度，从而改变行驶方向。喷射推力强度会决定转向速度与方向。

车把①与艇尾喷射推力喷嘴②是转向控制的核心部件。
<PIC>
因此，在半滑航速度下做大椭圆、绕圈和8字行驶时，要保持油门和速度平稳；急转弯时，转向同时必须加大油门。

半滑航速度前进与大椭圆转向
1. 逐渐加速至半滑航速度，保持速度平稳右转。
2. 重复训练，平稳左转。
3. 重复训练，前进并转向完成完整椭圆。

这张图展示半滑航速度下沿椭圆路线转向行驶的路线。
<PIC>
完成椭圆时，重点是逐渐加速、保持速度平稳，并分别练习左右转向。

绕圈行驶
1. 右转绕大圈，保持速度不变，逐渐缩小圈径。
2. 重复训练，左转绕圈。

这张图展示右转和左转绕圈时的训练路线。
<PIC>
绕圈时不要一开始就缩小圈径，应先绕大圈，并在保持速度不变的基础上逐渐缩小。

8字行驶
1. 结合上述训练完成大8字路线。
2. 重复训练，每次缩小8字尺寸。

这张图展示8字行驶的路线方向。
<PIC>
8字行驶要先用较大的路线练习，再逐次缩小尺寸，把大椭圆转向和绕圈行驶的动作结合起来。

理解油门对转向的影响也很重要：
1. 直线行驶逐渐加速至半滑航速度，松开油门手柄，再将车把向左右转到最大。
2. 你会发现转向能力迅速下降，发动机减速后艇体不再响应车把操作。
3. 逐渐重新加油门，观察艇体恢复响应。,[""Manual40_20"", ""Manual40_22"", ""Manual40_23"", ""Manual40_24""]"
177,"中低速转弯时，油门要和车把①配合使用：转动车把时，艇尾的喷射推力喷嘴②会改变角度，从而改变行驶方向。喷射推力强度会决定转向速度与方向，因此除拖曳速度外，转向时必须始终加油门。

车把①和喷射推力喷嘴②的位置如下，二者配合完成转向。
<PIC>
保持操控性的关键是不要在转弯时突然松开油门；如果急转弯，还要同时加大油门。

半滑航速度下练习稳定转弯：
1. 逐渐加速至半滑航速度，保持速度平稳右转。
2. 重复训练，平稳左转。
3. 重复训练，前进并转向完成完整椭圆。

下面展示的是半滑航速度下沿椭圆路线转向行驶的练习方式。
<PIC>
绕圈练习时，先右转绕大圈，保持速度不变，再逐渐缩小圈径；然后重复训练左转绕圈。

下面展示的是左右绕圈行驶时逐渐缩小转弯半径的路线。
<PIC>
理解油门对转向的影响时，可以直线行驶逐渐加速至半滑航速度，松开油门手柄，再将车把向左右转到最大；这时转向能力会迅速下降，发动机减速后艇体不再响应车把操作。然后逐渐重新加油门，观察艇体恢复响应。,[""Manual40_20"", ""Manual40_22"", ""Manual40_23""]"
178,"拖曳速度操控的目标是熟悉摩托艇在最低操控速度下的操控特性，用于靠岸、停靠码头或接近物体时的操作。技能重点是拖曳速度启动与转向。

训练1：拖曳速度直行与转向
1. 登艇，观察周围人员、物体及其他船只。
2. 启动发动机，直线行驶。
3. 开始转向，做长约15–21米（50–70英尺）的大8字路线，不加油门。

这张图展示拖曳速度下不加油门完成大8字路线的行驶轨迹。
<PIC>
按这个路线练习，可以在直行和转弯之间保持平顺衔接。

训练2：拖曳速度满舵转向
1. 将车把向任意方向转到最大，让艇360°转向。
2. 练习顺时针与逆时针转向，熟悉艇体对车把动作的响应。,[""Manual40_19""]"
179,"全加速行驶后要停车时，完全松开油门手柄，让摩托艇靠水阻减速直至停止。注意：完全松开油门后只会产生最小推力；发动机减速后，艇体不再响应车把操作，直到再次加油门或速度降至拖曳速度。也就是说，需要转向时仍需要油门。

这张示意图展示了加速、停车，并在两端以拖曳速度转向的练习路线。
<PIC>
停车后或低速调整方向时，按这种路线以拖曳速度转向。
1. 加速至滑航速度，松开油门手柄直至停止。
2. 以拖曳速度转向。
3. 重复训练，逐步提高最大速度。

如果是在接近物体时练习停车：
1. 在水中选定一段距离外的位置，假想有物体。
2. 向选定位置加速，然后松开油门减速，判断能否在到达假想物体前停下。
3. 若无法在假想物体前停下，观察四周，加油门并转向避让，如同规避真实物体。

练习区域较小时，要降低最大行驶速度。速度越快，停车距离越长。,[""Manual40_25""]"
180,"碰撞事故造成的伤亡人数多于个人摩托艇（PWC）的任何其他事故类型。驾驶时要持续观察周围人员、物体及其他船只，也要留意会影响视线或遮挡视野的环境状况。

这张图展示了驾驶者需要观察左右两侧及后方，留意周围船只与人员。
<PIC>

避免碰撞：
持续观察周围人员、物体及其他船只。留意影响视线或遮挡视野的环境状况。以安全速度谨慎驾驶，与人员、物体及其他船只保持安全距离。

●不要紧跟在其他摩托艇或船只后方。
●不要靠近他人并向其喷水或溅水。
●避开有水下障碍物或浅水区的区域。
●EX / EX Sport：避免急转弯或其他让他人难以避让或判断你行驶方向的操作。
●EX Deluxe：避免急转弯、通过强力握紧智能减速电子倒挡（RiDE）手柄快速减速，以及其他让他人难以避让或判断你行驶方向的操作。

RiDE系统是控制发动机转速与倒挡闸门的电子系统，位于喷射推力喷嘴附近。左侧握把处的RiDE手柄可改变喷射推力方向，使摩托艇后退或进入空挡。RiDE系统在减速及低速操控（如下水、靠岸、停靠码头）时为驾驶者提供辅助。

尽早采取行动避免碰撞。记住，摩托艇及其他船只没有刹车装置。

EX Deluxe：RiDE系统并非用于规避危险的制动装置。

试图转向避开物体时不要松开油门手柄——转向需要油门动力。启动摩托艇前务必检查油门与转向操控是否正常。遵守适用于摩托艇的航行规则与当地法规。,[""Manual40_0""]"
181,"发动机安全停机步骤：
1. 将油门手柄完全向左推。

这张图展示油门手柄向左推到停机前的低速位置。<PIC>
2. 将发动机开关置于“OFF”位置。①“OFF”

这张图展示发动机开关旋至“OFF”位置。<PIC>
3. 将燃油开关手柄置于“OFF”位置。①“OFF”

这张图展示燃油开关手柄转到“OFF”关闭位置。<PIC>

使用后排水：冬季气温低于0℃（32℉）时，泵体内积水会结冰，可能导致水泵损坏。使用后请从底部排水口排空积水再存放。

这张图展示从水泵底部排水口排空积水的操作。<PIC>,[""Manual31_16"", ""Manual31_17"", ""Manual31_18"", ""Manual31_19""]"
182,"水泵的核心部件包括：油箱、油箱盖、燃油开关、空气滤清器盖、火花塞、消音器、阻风门手柄、发动机开关、机油加注口盖、放油螺塞、反冲启动器、机油警告灯、油门手柄、注水螺塞、放水螺塞。

这张部件标注示意展示了油箱、油箱盖、燃油开关、空气滤清器盖、火花塞、消音器、阻风门手柄、反冲启动器和油门手柄等位置。
<PIC>

这张整机结构标注示意展示了发动机开关、机油加注口盖、放油螺塞、反冲启动器、机油警告灯、注水螺塞和放水螺塞等位置。
<PIC>,[""pump_16"", ""pump_17""]"
183,"油箱滤网清洗步骤：

警告：吸烟或明火附近严禁使用或靠近燃油及溶剂。
1. 拆下油箱盖及滤网。①油箱盖 ②油箱滤网
2. 用溶剂清洗滤网；如果滤网损坏，则更换。
3. 擦干滤网后装回。

这张图展示油箱盖和油箱滤网的拆下、清洗、擦干并装回的流程。
<PIC>

警告：务必拧紧油箱盖。,[""Manual31_32""]"
184,"机器长期存放前，需要先排放燃油，步骤如下：
1. 排空油箱、燃油开关及化油器浮子室。③为化油器放油螺塞。
2. 向油箱内倒入一杯 SAE 10W30 或 20W40 发动机机油。
3. 晃动油箱，使油箱内壁均匀附着机油。
4. 排出多余机油。

这张图展示了排空油箱、燃油开关及化油器浮子室后，再向油箱加机油、晃动并排出多余机油的流程。<PIC>,[""Manual31_41""]"
185,"无法抽水时，按以下位置逐项检查并处理：

注水螺塞或放水螺塞松动：检查螺塞是否拧紧；如有松动，拧紧。

软管接头或卡箍松动：检查软管接头和卡箍是否牢固；如有松动，拧紧。

O形圈或垫片损坏：检查 O形圈或垫片是否破损、老化或密封不良；如已损坏，更换。

机械密封损坏：若上述项目处理后仍无法抽水，可能是机械密封损坏；咨询经销商处理。"
186,"19 设置日期。按 + 或 - 调整年份，按选择键；再按 + 或 - 调整月份，按选择键；最后按 + 或 - 调整日期，按选择键。

日期设置界面会显示 DATE，并使用右侧的 + 和 - 调整数值。
<PIC>
完成年份、月份和日期后，继续进行时钟格式设置。

20 选择时钟格式。按 + 或 - 将时钟格式设置为 12 小时制（北美标准）或 24 小时制，按选择键。

时钟格式选择界面用于在 12 小时制和 24 小时制之间切换。
<PIC>
选定格式后，再设置具体时间。

21 设置时间。按 + 或 - 调整小时，按选择键；再按 + 或 - 调整分钟，按选择键。

时间设置界面会显示 TIME，并使用右侧的 + 和 - 调整小时和分钟。
<PIC>
完成后，温控器即可使用正确的日期和时间进行日程与温度控制。,[""Manual36_25"", ""thermostat_07"", ""Manual36_26""]"
187,"系统运行设置

1 按模式键循环切换至下一个可用系统模式。

模式键位于温控器底部左侧，用于切换系统模式。
<PIC>
2 循环切换直至显示所需系统模式并保持激活状态。注：可用系统模式因型号及系统设置而异。

系统模式：

自动：温控器根据需要自动选择供暖或制冷。

供暖：温控器仅控制供暖系统。

制冷：温控器仅控制制冷系统。

应急供暖（仅适用于带辅助加热的热泵）：温控器控制辅助加热。不使用压缩机。

关闭：供暖和制冷系统关闭。若风扇设置为开启或循环模式，风扇仍可运行。

注：由于压缩机保护，供暖/制冷指示灯会闪烁5分钟。

风扇运行设置

1 按风扇键循环切换至下一个可用风扇模式。

风扇键位于温控器底部右侧，用于切换风扇模式。
<PIC>
2 循环切换直至显示所需风扇模式并保持激活状态。注：可用风扇模式因系统设置而异。

风扇模式：

自动：仅在供暖或制冷系统运行时风扇启动。

开启：风扇持续运行。

循环：风扇随机运行约33%的时间。,[""Manual36_29"", ""Manual36_30""]"
188,"按温控器上的菜单键进入程序设置。菜单键位于屏幕下方中间位置。
<PIC>

1 按温控器上的菜单键。

2 显示 PROG。按选择键。然后显示开启。按选择键。

3 按 + 或 - 选择要编辑的日期或日期组。按选择键。

4 按 + 或 - 选择要编辑的日程时段：起床、离家、回家、睡眠。按选择键。

5 显示开启。按选择键保持该时段开启。或按 + 然后按选择键关闭该时段。

6 时间开始闪烁。按 + 或 - 调整日程时段开始时间。按选择键。

7 温度开始闪烁。按 + 或 - 调整“供暖”设定温度。按选择键。再按 + 或 - 调整“制冷”设定温度。按选择键。温度设置界面会提示使用 + 键和选择键完成调整。
<PIC>

8 对剩余日程时段重复步骤 4 至 7。

9 完成后按主页键保存程序设置并返回主界面。主页键位于面板左下方位置。
<PIC>,[""thermostat_04"", ""thermostat_05"", ""thermostat_06""]"
189,"程序日程临时覆盖：

1 按+或-调整温度。调整至所需设定温度后，无需其他操作。新的设定温度将保持至下一个预定时间段开始，不会永久更改已编程日程。

临时保持界面会显示 Temporary Hold，并可用右侧的 + 和 - 调节设定温度。
<PIC>

3 取消临时保持，按+或-，然后按取消键。,[""Manual36_32""]"
190,"主界面出现警报图标时，进入菜单查看警报，了解错误/警报代码。查看后，主界面会继续保留警报符号，直到清除为止。

主界面上的警报图标位置如下。<PIC>
1. 在菜单中打开警报界面，查看当前警报。暂态警报在警报菜单界面取消后，会在 7 天后再次显示。

警报菜单界面会显示 ALER△ 提示，并提供 Select 操作。<PIC>
2. 当警报图标出现时，对照警报代码列表查看错误代码，以确定问题。

警报代码界面会显示具体错误/警报代码及警告三角标识。<PIC>
3. 若为暂态警报，可在警报菜单中处理。

暂态警报界面会显示警报代码和警告三角标识。<PIC>
4. 如需取消警报，进入取消警报界面并执行 CLEAR 操作。

取消警报界面会显示 CLEAR，用于清除警报。<PIC>
5. 需要判断具体原因时，查看警报代码列表。

警报代码列表用于按代码确认对应的警报或提醒含义。<PIC>,[""Manual36_44"", ""Manual36_45"", ""Manual36_46"", ""Manual36_47"", ""Manual36_48"", ""Manual36_49""]"
191,"热泵接线时，先将每根已标记的电线与新温控器上相同字母的端子匹配，并插入对应端子。若电线插入困难，可按下对应端子旁的端子按钮。下图展示热泵系统电线连接到新温控器对应端子的方式。

<PIC>

如果标签与温控器字母不匹配，按热泵备用接线处理。下图展示热泵备用接线时各端子的对应连接方式。

<PIC>

备用接线（仅适用于热泵）：
1. 保持 R 滑动开关在向上位置（1 根电线）。
2. 若旧温控器同时有 V 和 VR 电线，请立即停止并联系专业安装人员协助。
3. 若旧温控器有单独的 O 和 B 电线，将 B 电线连接至 C 端子。若 C 端子已连接其他电线，请立即停止并联系专业安装人员协助。
4. 若旧温控器有 Y1、W1 和 W2 电线，请立即停止并联系专业安装人员协助。,[""Manual36_35"", ""Manual36_36""]"
192,"温控器需要电池供电。屏幕出现低电量图标时，应立即更换新电池；该图标会在电池耗尽前约两个月显示。

这张图展示的是温控器主界面上的低电量提示图标，出现后表示需要尽快更换电池。
<PIC>
看到该提示后，请使用新电池更换；更换电池时建议使用碱性电池。

即使没有出现低电量图标，也应每年更换一次电池，或在离家超过一个月前更换。为确保更换后功能正常，请尽量在两分钟内完成电池更换；如果两分钟内完成，就无需重新设置时间和日期。其他所有设置会永久存储在内存中，不需要电池供电。,[""Manual36_41""]"
193,"备用接线（常规系统）时，若标签与端子不匹配，请按对应接线示意连接电线，并按以下注释处理。

常规系统备用接线示意展示了 Y、G、C、W2、W、R、Rc 等端子与旧线标签的对应连接关系。
<PIC>
1. 若必须同时连接 R 和 Rc 电线，将 R 滑动开关拨至向下位置（2 根电线）。
2. 若旧温控器同时有 R 和 RH 电线，将 R 滑动开关拨至向下位置（2 根电线）。然后将 R 线连接至 Rc 端子，RH 线连接至 R 端子。
3. 若旧温控器仅有 1 根 C 或 C1 电线，将其连接至 C 端子。若旧温控器有 2 根 C 或 C1 电线，分别用电工胶带包裹且不连接。,[""Manual36_34""]"
194,"若温控器出现问题，可先尝试以下故障排除方法；大多数问题可快速简便解决。

屏幕空白：若使用电池供电，请确保已正确安装全新 AA 碱性电池。

无法将系统设置切换至制冷模式：检查系统设置选项 220，确保设置为 1 或 2。

需要供暖时风扇不启动：检查系统设置选项 205，确保设置与您的供暖设备匹配。

制冷模式下供暖系统运行：检查系统设置选项 200 或 218，确保设置与您的供暖和制冷设备匹配。

供暖或制冷系统无响应：按系统键将系统设置为供暖，并确保温度设定高于室内温度；或将系统设置为制冷，并确保温度设定低于室内温度。检查断路器并在必要时复位。确保供暖和制冷系统的电源开关已打开。确保炉门紧闭。等待 5 分钟让系统响应。

屏幕上“供暖开启/制冷开启”闪烁：等待 5 分钟让系统安全重启，避免损坏压缩机。

热泵问题（供暖模式吹冷风，或制冷模式吹热风）：压缩机保护功能已启动。等待 5 分钟让系统安全重启，避免损坏压缩机。检查系统设置选项 200 或 218，确保设置与您的供暖和制冷设备匹配。"
195,"处理器单元的关键组件分为正面和背面。

正面部件包括状态指示灯、AUX端口、HDMI输出端口。状态指示灯显示白色表示已开机，显示红色表示待机模式。前面这张图展示处理器单元正面的指示灯和端口位置。
<PIC>

*A）状态指示灯：白色：已开机；红色：待机模式
*B）AUX端口
*C）HDMI输出端口

背面部件包括HDMI电视端口、HDMI PS4端口、USB端口、DC IN 12V接口、通风口。下面这张图展示处理器单元背面的接口和通风口位置。
<PIC>

*A）HDMI电视端口
*B）HDMI PS4端口
*C）USB端口
*D）DC IN 12V接口
*E）通风口,[""Manual38_1"", ""Manual38_2""]"
196,"耳机类型为立体声耳机，A 为耳塞。

这张图展示立体声耳机的整体外观和耳塞位置。
<PIC>

更换耳塞时，立体声耳机出厂已安装 M 号耳塞。可更换为 S 号或 L 号耳塞，以获得更贴合的佩戴效果。

取下耳塞时，旋转耳塞后将其拔下即可。
<PIC>
这张图展示旋转并拔下耳塞的操作方式。

请牢固安装耳塞，防止使用过程中意外脱落。,[""Manual38_3"", ""Manual38_4""]"
197,"清洁前，先拔下电源线并断开其他所有线缆。不要使用溶剂或其他化学药剂清洁产品外壳，也不要使用经化学处理的清洁布擦拭产品。

遮光罩清洁步骤
1. 将遮光罩从 VR 头显上取下。
2. 用水清洗遮光罩。
3. 用软布将遮光罩完全擦干。
4. 擦干后再装回头显。
5. 重新安装时，将遮光罩上的凸点与头显上的 13 个孔对齐。

下方展示遮光罩在 VR 头显上的安装位置，以及凸点与孔位对齐装回的方向。
<PIC>

安装完成后，确认遮光罩已按凸点与 13 个孔正确对齐并固定到位。,[""Manual38_5""]"
198,"PS VR 的游玩区域高度取决于摄像头的捕捉范围；宽度和深度请按游玩区域示意预留。示意中展示了 PlayStation Camera 的捕捉范围、游玩区域，以及约 0.7 m、约 1.9 m、约 3.0 m、约 0.6 m 等距离标注。<PIC>

使用前，请检查并清理大于游玩区域的活动空间。按照 PS VR 设置界面的指示调整摄像头位置及角度，使您处于 VR 模式的最佳游玩位置（游玩区域中央）。

若使用 VR 模式时超出游玩区域，头显屏幕将出现警告。若 VR 头显未被正确检测，长按控制器上的按键，然后从弹出的快捷菜单中选择 [调整VR] > [确认位置]，再调整摄像头位置及角度。

使用头显时尽可能保持坐姿。支持站立模式的应用程序，请严格遵循其指示操作。,[""Manual38_0""]"
199,"使用与操作时，应避免损坏电源线及电源适配器。连接前，先检查接口是否没有灰尘和细小杂物。不要抓着线缆甩动VR头显或电源适配器。取下VR头显或拔下头显连接线前，应等头显上的追踪灯熄灭；灯光亮起时取下或拔线，可能导致设备故障。

不要在产品上放置物品，不要投掷、摔落产品，也不要让产品受到强烈物理撞击。请将本产品放在幼儿接触不到的地方，避免幼儿吞咽细小零件、拉扯线缆导致处理器单元或VR头显坠落，或把线缆缠绕在身上，造成伤害、意外或设备故障。

不要让液体或细小颗粒进入产品内部，例如接口、通风口等位置。若发生这种情况，请立即停止使用并断开电源。不要将产品暴露在灰尘、烟雾或蒸汽中，因为灰尘等物质可能引发火灾或触电。

严禁拆卸或改装本产品及配件。请按说明使用本产品及配件，不得擅自拆解、改装，或分析使用其电路结构。拆卸会导致产品保修失效，并存在火灾、触电或故障风险。

若设备异常或无响应，可长按VR头显线控上的电源键至少7秒强制关机，然后重新开机。若问题依旧，请重启系统。

使用头显或耳机时，不要长时间使用过高音量。高音量可能导致永久性听力损伤。若出现耳鸣、耳部不适或听觉模糊，请停止聆听并检查听力。为保护听力，应缩短高音量使用时间，不要调高音量来隔绝环境噪音；如果听不到身边人说话，请调低音量。

在特别干燥的环境下使用头显或耳机时，耳朵可能偶尔感到短暂轻微的静电触击，这是人体积聚静电所致，并非设备故障。若VR头显、立体声耳机或立体声头戴设备（另售）导致皮肤不适，请停止使用；若使用后皮肤不适症状未消退，请立即停止使用并就医。

雷雨天气时，不要触碰电源线、电源适配器或处理器单元。产品开机时，也要避免身体长时间接触处理器单元、电源适配器或通风口排出的空气，长时间接触可能导致低温烫伤。低温烫伤是指皮肤长时间接触温度相对较低（40℃及以上）的物体所造成的烫伤。

若PS VR从寒冷环境直接移至温暖环境，产品内部可能结露，导致无法正常工作。此时请关闭产品，断开电源线，等待水分完全蒸发后再使用，可能需要数小时。若产品仍无法正常工作，请联系PlayStation客户服务热线。

若处理器单元内部温度升高，屏幕会显示提示信息。此时请关闭系统并静置一段时间；待处理器单元冷却后，将其移到通风良好的位置再继续使用。不要遮挡处理器单元通风口，也不要在封闭橱柜等容易积热的环境中使用本产品。

电源适配器和电源线应使用易于插拔的电源，以便需要时快速断开电源线。若产品出现异常运行、异常声音或气味，或过热发烫，请立即停止使用，并断开电源线及其他所有线缆。处理器单元状态指示灯为红色时，请拔下电源线；指示灯为白色或闪烁红色时拔线可能导致故障。

不要使用产品标配以外的电源适配器或电源线。标配电源适配器及电源线专为该产品设计，不可用于其他产品；其他适配器或电源线也不可用于本产品，否则可能导致产品过热，引发火灾或触电。连接好HDMI线缆后，再将产品电源线插入电源。湿手不要触碰电源插头。不要用布覆盖使用中的电源适配器，否则可能积热并引发火灾或故障。清洁或长期不使用产品时，请拔下电源线。不要将电源线连接至电压变压器或逆变器。

存放时，不要将产品或配件置于高温、高湿或阳光直射的环境中。不要使用烘干机等厨房或加热设备烘烤产品，否则可能引发火灾、人身伤害或故障。不要将产品或配件放在不稳定、倾斜或易震动的平面上。为防止产品外壳老化或变色，不要在产品上使用溶剂或其他化学药剂，并避免橡胶或乙烯基材料与产品长时间接触。"
200,"保修政策包含：保修期内如果产品出现经合理判定的故障，会根据库存情况，由售后自行决定提供维修或更换服务；更换产品可能是全新或翻新产品，但功能相近，且价值相等或更高。

保修并非无条件保障。以下情况不在保修范围内：

未经许可对产品或序列号/保修标签进行改装；

非制造缺陷导致的任何损坏；

因意外、滥用、误用、疏忽、火灾、进水、雷击或其他自然灾害、未经授权改装产品，或未遵循产品说明书操作导致的损坏、老化或故障；

安装不当、未经授权的更改或改装，或由非授权人员进行维修或尝试维修；

运输途中损坏，这类情况需向承运方提出索赔；

正常磨损。

此外，保修不保证产品一定满足您的所有需求，您需要自行判断产品是否适用于您的用途。官网订单的换货与退货由售后承担往返运费；其他授权经销商处购买的产品，售后不承担退货运费，只承担换货时寄回给最终用户的单程运费。参与“三日换新”计划的电源供应器，只要购买自授权经销商，无论购买地点，均提供往返加急配送服务。"
201,"保修项下的唯一义务与责任，仅限于由厂商自行选择，用全新或翻新、功能相近且价值相等或更高的产品，对故障产品进行维修或更换。

在任何情况下，厂商均不对任何间接或继发性损害承担责任，包括但不限于服务中断、数据丢失、业务损失，或因本产品或其使用、持有相关的民事侵权责任。

此外，不存在其他明示或默示担保，包括但不限于适销性或特定用途适用性担保。默示担保的有效期仅限于 I 款规定的保修期限。"
202,"a. 将 USB-C 线连接到键盘背面的接口，另一端连接到电脑上可用的 USB 2.0（或更高速度）接口。

b. 将腕托安装到键盘正面。腕托仅适用于全尺寸及无小键盘版本，采用磁吸设计，可自动吸附并居中。

c. 如果需要更高的打字倾斜角度，可展开键盘底部的可调节支撑脚。支撑脚共有两层，可选择中高两档角度。"
203,"拆卸轴体

使用附赠的拔轴器，从顶部夹住轴体，将工具两端沿轴体前后方向放置。轴体由两个卡扣固定在定位板上，按下卡扣即可拆卸。注意工具请勿刮擦上盖面板，无需从轴体下方撬动；仅需夹住轴体外壳底部两侧即可。

这张图展示拔轴器夹住轴体并向上拆卸的方式。
<PIC>
拆卸时让拔轴器从顶部夹住轴体两侧，不要从轴体下方撬动。

重新安装轴体

安装轴体前，请确保所有针脚笔直，没有弯曲或折向轴底外壳的情况。目视检查轴体上的两个金属针脚与键盘上的轴座插孔对应。垂直向下用力将轴体插入键盘插槽。正确插入后，轴体外壳两侧应紧贴键盘上盖面板。

这张图展示轴体针脚对准键盘轴座插孔后垂直向下安装的方式。
<PIC>
安装完成后，确认轴体外壳两侧紧贴键盘上盖面板。,[""Manual21_14"", ""Manual21_15""]"
204,"使用CAM软件搭配功能键盘时，先前往官网下载最新版CAM软件。

本功能键盘自带四个板载配置文件，可通过CAM软件设置并保存。配置信息保存后，无需运行CAM即可使用已存储的灯光、宏命令等功能。
1. 配置文件1至4自带四种默认灯光模式，按下FN键+F1、F2、F3或F4即可切换调用。
2. 在CAM软件的键盘/灯光设置界面，可以逐键自定义灯光，并按需将灯光设置保存至配置文件。
3. 在CAM软件的键盘/宏命令设置界面，可以创建简单或复杂的宏命令，并按需保存至配置文件。
4. 在CAM软件的键盘/按键重映射设置界面，可以创建全新的自定义按键绑定，并按需保存至配置文件。
5. 按下FN（功能键）+F1、F2、F3或F4中任意一键，即可切换至对应编号（1至4）的配置文件。"
205,"硬件模式下，配置文件1至4自带四种默认灯光模式，可按FN键+F1、F2、F3或F4切换调用。

如果已经设置自定义灯光并分配到某个板载配置文件，切换到该自定义配置文件时会激活自定义灯光。

按下FN（功能键）+F1、F2、F3或F4中任意一键，即可切换到对应编号（1至4）的配置文件。"
206,"安装挡泥板
1. 将挡泥板侧转，然后向上滑入左侧把手管。注意：不要让“凸点”卡入1号孔。

这张图展示挡泥板从下方向上滑入左侧把手管的方向。
<PIC>
2. 继续安装挡泥板，使“凸点”卡入2号孔。

这张图展示“凸点”、1号孔和2号孔的位置，凸点应卡入2号孔。
<PIC>,[""rideon_motorcycle_01"", ""rideon_motorcycle_02""]"
207,"安装前轮

前轮安装结构如下：前轴需要穿过两侧把手管及前轮，两侧把手管内外都需要安装垫片。
<PIC>
这张图展示前轴、前轮、左右把手管、垫片和螺母的安装位置。
1. 将前轴穿过两侧把手管及前轮，两侧把手管内外均需安装垫片。
2. 使用两个螺母将前轴及车轮固定在把手管上，使用随产品提供的扳手拧紧螺母直至螺纹尽头。

安装完成后，需要检查车轮与把手管之间的间隙。
<PIC>
这张图展示前轮装好后检查车轮与把手管间隙的位置。

注意：前轮及前轴组装完成后，请检查车轮与把手管之间的间隙。若间隙过大、车轮定位不稳，建议在车轮与把手管之间加装额外垫片（不随产品提供）。加装垫片并重新安装前轴后，检查间隙是否最小化，同时确保车轮可自由转动。若车轮卡死，则减少一片垫片。,[""Manual26_6"", ""Manual26_7""]"
208,"鼠标需使用两节 AA 型号电池。请按以下步骤安装：
1. 按下按钮，电池仓盖弹出。按钮位置如下。
<PIC>
2. 按照鼠标内部标注的正负极（+ 和 -）装入两节 AA 电池。电池仓内的极性方向如下。
<PIC>
3. 装回电池仓盖。电池仓盖装回位置如下。
<PIC>,[""Manual27_1"", ""Manual27_2"", ""Manual27_3""]"
209,"安装 WIDCOMM 蓝牙驱动程序前，请先将 USB 蓝牙接收器插入电脑的 USB 接口。
1. 将附带的安装光盘放入光驱。
2. 驱动程序将自动加载。若未自动加载，请双击光驱中 bin 文件夹内的 Setup.exe。
3. 欢迎界面将引导您完成安装。点击“下一步”继续。
该界面是 WIDCOMM 蓝牙软件安装向导的欢迎界面。
<PIC>
4. 阅读协议并选择“我接受许可协议中的条款”。点击“下一步”继续。
该界面用于确认许可协议。
<PIC>
5. 程序将安装至图示文件夹。点击“更改”可选择其他安装路径。点击“下一步”继续。
该界面用于选择或确认安装目标文件夹。
<PIC>
6. 点击“安装”开始安装。安装过程可能需要一些时间。
该界面表示安装向导已准备开始安装。
<PIC>
7. 出现安装完成界面表示安装完成。
该界面显示 WIDCOMM 蓝牙软件已安装完成。
<PIC>
8. 拔下接收器重新插入，鼠标将自动配对。点击“完成”退出安装。系统将提示您重启电脑以使蓝牙驱动生效。点击“是”立即重启，或“否”稍后重启。
该提示用于选择立即重启或稍后重启电脑。
<PIC>,[""Manual27_4"", ""Manual27_5"", ""Manual27_6"", ""Manual27_7"", ""Manual27_8"", ""Manual27_9""]"
210,"请按照以下步骤从电脑中卸载 WIDCOMM 蓝牙驱动程序。
1. 拔下 USB 蓝牙接收器。
2. 点击 开始 > 设置 > 控制面板 > 添加或删除程序。
3. 在程序列表中选择 WIDCOMM 蓝牙软件，点击“删除”。
4. 系统开始卸载程序，此过程可能需要一些时间。
5. 程序卸载完成后，系统将提示重启电脑。点击“是”立即重启，或点击“否”稍后重启。"
211,"蓝牙鼠标出厂默认已设置为预配对模式。如需在 Windows 系统中快速配对，请按以下步骤启用预配对模式。
1. 将 USB 蓝牙接收器插入电脑的 USB 接口。
2. 按下鼠标底部的配对按钮。下图展示鼠标底部配对按钮的位置。
<PIC>
3. 按下 USB 蓝牙接收器底部的按钮，直至 LED 指示灯每秒闪烁一次。这表示蓝牙接收器已开始搜索待配对设备。（本款鼠标不含接收器销售。）下图展示 USB 蓝牙接收器底部按钮的位置。
<PIC>
4. 移动鼠标以确认连接成功。

在 BIOS 中启用 USB 鼠标功能：若鼠标无法使用，请检查 BIOS 设置中是否已启用鼠标的 USB 功能。部分老旧电脑系统在 BIOS/DOS 环境下不支持 USB 键盘 / 鼠标。,[""Manual27_10"", ""Manual27_11""]"
212,"使用 WIDCOMM 蓝牙驱动程序进行鼠标配对前，请先按照 “3 WIDCOMM 蓝牙驱动程序的安装与卸载” 中的说明安装驱动程序。然后按以下步骤操作。
1. 按下 USB 蓝牙接收器按钮，直到出现人机接口设备（HID）界面。该界面用于选择可连接的蓝牙设备。
<PIC>
在设备列表中选择蓝牙激光鼠标后继续连接。
2. 鼠标连接成功后，会出现确认信息。请点击确认连接的是正确的鼠标。
<PIC>
确认完成后，配对即建立成功。,[""Manual27_12"", ""Manual27_13""]"
213,"蓝牙鼠标可通过电量 LED 指示灯查看电量状态。当电量耗尽时，LED 指示灯会变为琥珀色，请立即更换电池。（顶部 LED 指示灯与底部指示灯状态一致）

这张图展示电量 LED 指示灯在鼠标顶部的位置。
<PIC>

如需查看更详细的鼠标电量信息，请前往 控制面板 > 鼠标 > 蓝牙。

这张图展示在“鼠标”的“蓝牙”页面中查看蓝牙鼠标电量信息的位置。
<PIC>,[""Manual27_14"", ""Manual27_15""]"
214,"首次使用该驱动程序时，先双击系统托盘中的蓝牙图标，启动蓝牙驱动程序。

系统托盘中的蓝牙图标位置如下，双击该图标即可开始。
<PIC>
1. 蓝牙初始配置向导将启动。请按照屏幕上的说明完成配置。
2. 蓝牙配置完成后，将出现 HID 界面并开始搜索蓝牙设备。

HID 设备选择界面会显示可连接的蓝牙设备列表。
<PIC>
3. 点击您要连接的 HID 设备。然后按照屏幕上的说明启用所选设备。

关于蓝牙图标：蓝牙图标用于显示接收器状态。
1. 红色图标：未插入接收器。
2. 白色图标：接收器已插入。
3. 绿色图标：接收器已检测到 HID 设备。,[""Manual27_16"", ""Manual27_17""]"
215,"除鼠标外，蓝牙驱动程序还可以连接其他蓝牙设备。
1. 确保 USB 蓝牙接收器已插入电脑。
2. 将要连接的蓝牙设备设置为可被蓝牙驱动程序搜索，例如打印机、调制解调器或掌上电脑。
3. 按下 USB 蓝牙接收器按钮，直至出现 HID 界面。
4. 在设备选择界面的下拉菜单中选择要搜索的设备类型。
<PIC>
该界面用于选择要搜索的蓝牙设备类型，并开始查找可连接设备。
5. 检测到设备后，点击该设备，蓝牙驱动程序会引导您启用连接。,[""Manual27_18""]"
216,"佩戴防护手套。执行以下操作前，请确保烤箱已冷却。维护前请断开电源。

拆卸门体：
1. 完全打开烤箱门。
2. 抬起卡扣并向前推至极限位置。

这张图展示门铰卡扣被抬起并向前推到极限位置。
<PIC>
3. 将烤箱门关至最大角度（A），向上抬起（B）并转动（C）直至脱开（D）。

这张图展示关门到 A 角度后，按 B、C、D 方向抬起、转动并脱开门体。
<PIC>,[""oven_01"", ""oven_02""]"
217,"佩戴防护手套。操作前请确保烤箱已冷却，维护前请断开电源。

安装门体：
1. 将铰链装入对应位置。
2. 完全打开烤箱门。
3. 放下两个卡扣。
4. 关闭烤箱门。"
218,"移动顶部加热元件（仅限部分型号）
1. 取下侧边配件支架格栅。

这张图展示取下烤箱侧边配件支架格栅的操作。
<PIC>
取下支架格栅后，再操作顶部加热元件。
2. 轻轻拉出加热元件。

这张图展示用手轻轻拉出顶部加热元件的操作。
<PIC>
拉出后，将加热元件向下放下。

这张图展示顶部加热元件向下放下后的状态。
<PIC>
加热元件放下后即可进行相应维护操作。
3. 复位时，抬起加热元件并轻轻向自身方向拉动，确保其支撑在侧支架上。,[""oven_03"", ""oven_04"", ""oven_05""]"
219,"更换后部灯（如有）：
1. 断开烤箱电源。
2. 拧下灯罩。下图展示的是伸入烤箱内拧下后部灯罩的操作。
<PIC>

更换灯泡（参见灯泡型号说明），再拧回灯罩。下图展示的是将后部灯罩拧回的操作。
<PIC>
3. 重新接通烤箱电源。

注意：仅使用 25‑40W/230V E‑14、耐温 300℃ 白炽灯。灯泡可从售后服务中心购买。

重要提示：灯罩复位前，请勿使用烤箱。,[""oven_06"", ""oven_07""]"
220,"接油盘可放在烤架下方，用来收集油脂和食物碎屑；也可以直接作为烤盘使用，用来烹饪肉类、鸡肉、鱼类等，并可搭配蔬菜一起烹饪。

使用时，可先向接油盘中倒入少量水，以避免油脂飞溅及冒烟。

这张图展示的是接油盘的外观，便于确认所用配件。
<PIC>

接油盘为浅矩形盘，带有翻边，中间为平整承载面。,[""oven_08""]"
221,"重要提示：请勿使用腐蚀性或研磨性清洁剂。若此类产品意外接触设备，请立即用湿布擦拭。

用湿布清洁烤箱外部表面。若污渍严重，可在水中加入几滴洗洁精，最后用干布擦干。"
222,"烤架可用于烧烤食物，也可作为锅具、蛋糕模及其他烹饪容器的支架。

这张图展示的是烤箱烤架配件的外观。
<PIC>

使用时，可将烤架放置在任意可用层位。安装方向可以凸面朝上，也可以凸面朝下。,[""oven_10""]"
223,"催化侧面板带有特殊微孔搪瓷涂层，可吸附油脂飞溅物。烹饪油脂较多的食物后，建议执行自动清洁程序（参见清洁章节）。

这张图展示催化侧面板的外形。
<PIC>,[""oven_11""]"
224,"烤盘用于烘焙饼干、蛋糕及披萨。

烤盘外观如下，使用时将食物放在烤盘上进行烘焙。
<PIC>,[""oven_09""]"
225,"烤架烤盘套装包含烤架（6a）和搪瓷容器（6b）。

这张图展示烤架（6a）放在搪瓷容器（6b）上方的套装结构。
<PIC>

使用时，将烤架烤盘套装放置在烤架（3）上，并配合烧烤功能使用。,[""oven_13""]"
226,"油脂过滤器仅用于油脂较多的烹饪。

使用时，将油脂过滤器挂在烤箱腔体后壁、风扇对面的位置。它可以配合热风循环功能使用。

这张图展示的是油脂过滤器的圆形网状外观。
<PIC>

使用后，油脂过滤器可以放入洗碗机清洗。,[""oven_14""]"
227,"滑动搁架可在烹饪过程中把烤架与接油盘半拉出使用，方便查看或处理食物。

下图展示滑动搁架半拉出时支撑烤架与接油盘的状态。
<PIC>

滑动搁架适用于所有配件，也可以放入洗碗机清洗。,[""oven_15""]"
228,"安装肩带（另售）时，先将肩带卡扣安装到相机上，然后再安装肩带。
1. 打开肩带卡扣。使用卡扣安装工具打开肩带卡扣。
这张图展示用卡扣安装工具打开肩带卡扣的方式。
<PIC>
请妥善保管该工具，拆卸肩带时需要用它打开卡扣。
2. 将肩带卡扣安装到每个挂绳环上。将挂绳环钩入卡扣开口。用另一只手按住卡扣，取出工具。
这张图展示将挂绳环钩入卡扣开口并取出工具的步骤。
<PIC>
3. 将卡扣穿过每个挂绳环。将卡扣完全旋转穿过挂绳环，直至咔哒闭合。
这张图展示卡扣旋转穿过挂绳环并闭合的状态。
<PIC>
4. 将肩带穿过每个卡扣。
这张图展示肩带穿过卡扣后的安装方式。
<PIC>

注意事项：
• 肩带仅作肩带使用。请勿将肩带套在脖子上。
• 注意肩带不要遮挡相纸出口。
• 安装肩带时，挂绳环可能会磨损或褪色。,[""Manual29_12"", ""hybrid_instant_camera_03"", ""hybrid_instant_camera_04"", ""hybrid_instant_camera_05""]"
229,"1. 滑动电池盖将其打开。

这张图展示电池盖滑动打开的位置和方向。
<PIC>
2. 按照电池上的箭头指示装入电池。确保电池上的黄线与相机上的标记对齐。

这张图展示电池按箭头方向滑入相机，并与相机标记对齐。
<PIC>
3. 关闭电池盖。,[""Manual29_13"", ""Manual29_14""]"
230,"装入相纸盒

按住相仓锁按钮（1），然后将拨杆向右滑动（◉），直至相仓略微打开。
<PIC>
上图展示了按住相仓锁按钮并滑动拨杆打开相仓后盖的操作。

握住相纸盒两侧，将相纸盒底部对准相仓凹槽（◉），然后平直插入（2）。
<PIC>
上图展示了相纸盒对准相仓凹槽并平直插入的方向。

关闭后盖。确保后盖锁咔哒到位。
<PIC>
上图展示了关闭相机后盖的步骤。

关闭后盖时，黑色相纸保护盖会自动弹出。从相纸出口取出相纸保护盖。
<PIC>
上图展示了从相纸出口取出自动弹出的黑色相纸保护盖。,[""Manual29_26"", ""Manual29_27"", ""hybrid_instant_camera_01"", ""hybrid_instant_camera_02""]"
231,"相纸用完时，拍摄画面右侧的所有点会以灰色显示。

按住相仓锁按钮（1），然后将拨杆向右滑动（▣），直至相仓略微打开。下图展示按住相仓锁按钮并滑动拨杆打开相仓的操作。
<PIC>

握住相纸盒上的矩形孔，然后平直拉出。下图展示握住矩形孔并将相纸盒平直拉出的方式。
<PIC>,[""Manual29_28"", ""Manual29_29""]"
232,"将侧面的打印模式选择器切换到“AUTO”。

这张图展示侧面打印模式选择器切到“AUTO”的位置。
<PIC>

拍摄画面上会出现“AUTO”图标。

这张图展示自动打印模式启用后，拍摄画面上出现的图标。
<PIC>

图像保存后会立即开始打印。

这张图展示图像保存后，相纸从相机顶部自动打印出来的状态。
<PIC>,[""Manual29_30"", ""Manual29_31"", ""Manual29_32""]"
233,"将侧面的打印模式选择器切换到 “MANUAL”。

这张图展示的是把相机侧面的打印模式选择器拨到 MANUAL 的位置。
<PIC>

拍摄画面上会出现手动打印模式图标。

这张图展示的是手动打印模式图标在拍摄画面上的显示状态。
<PIC>

设置为手动打印模式后，图像会保存到内存中，您可以稍后选择并打印，而不是立即打印。

这张图展示的是拍摄后先保存图像，再从屏幕中选择并打印的状态。
<PIC>,[""Manual29_33"", ""Manual29_34"", ""Manual29_35""]"
234,"拍摄照片时，先顺时针转动镜头环（电源开关）开机。

这张图展示顺时针转动镜头环开启相机的操作。
<PIC>
开机后，相机会进入拍摄画面。

手持相机并确认最终图像的构图。

这张图展示双手握持相机进行拍摄的姿势。
<PIC>
拍摄时，请双手持机，肘部抵住身体。

选择拍摄模式或进行图像效果设置。然后半按快门对焦。

对焦成功时，相机会发出蜂鸣声，显示屏上出现绿色对焦框。

对焦失败时，显示屏上出现红色对焦框。此时请更改构图或使用对焦锁定。

完全按下快门拍摄照片。照片拍摄完成后会保存到相机内存。

若打印模式设为自动打印模式，图像将被打印。

按下快门时，注意不要触碰镜头表面；完全按下快门时，请轻按。注意手指或肩带不要遮挡闪光灯、镜头或相纸出口。光线不足时，拍摄可能会触发闪光灯，您可更改闪光灯设置关闭闪光。

相机内存注意事项：

内存已满时，快门无法释放，无法拍摄。请删除内存中的图像或更换存储卡。

内存最多可保存约 50 张图像。使用存储卡时，每 1GB 可保存约 1000 张图像。

相机出现故障时，内存中的图像可能损坏或丢失。建议将重要图像备份到其他存储介质，如硬盘、CD-R、CD-RW 或 DVD-R 等。

送修时，不保证内存中图像的安全；维修相机时，可能会检查内存中的图像内容。,[""Manual29_36"", ""Manual29_37""]"
241,"Before first use
1. Remove all packing material.
2. Remove any stickers or labels, if available, from the appliance.
3. Thoroughly clean the appliance before first use, as indicated in the cleaning chapter."
242,"The approval label of the emission control certificate is attached to each engine unit and to the inside of the engine compartment. To reach it, open the engine hood. The label inside the engine compartment is shown here <PIC>.

The same emission control information label location is also shown on the engine compartment side in the next view <PIC>.,[""Manual09_6"", ""Manual09_7""]"
243,"Before sailing, use the battery switch as part of the starting preparation:

(1) Make sure the boat is launched and used only in water free from weeds and debris, and at least 90 cm (3 ft) deep from the bottom of the boat. Never operate in water less than 90 cm (3 ft) deep from the bottom of the boat; this increases the chance of hitting an underwater obstacle, causing injury, and pebbles or sand can be sucked into the jet intakes and damage the impellers.

This illustration shows the required minimum water depth under the boat.
<PIC>

Check the O-ring on the hull drain plug and make sure the plug is tightened securely before launching the boat. Otherwise, water may flood the boat and cause it to submerge.

This illustration shows the hull drain plug at the bottom of the stern.
<PIC>

(2) Turn the battery switch to the ON position.

(3) Push the blower switch to operate the blowers and ventilate the engine compartment for at least 4 minutes.

This illustration shows the blower switch on the control panel.
<PIC>,[""Manual09_233"", ""Manual09_234"", ""Manual09_235""]"
244,"Your boat steers by turning the steering wheel in the same direction you want to travel, right or left.

The steering wheel is the control used to turn the boat.
<PIC>

When the steering wheel is turned, the angle of the jet thrust nozzles at the rear of the craft changes. That change in the direction of the jet thrust nozzles changes the boat’s direction. The articulating keel also changes direction according to the movement of the jet thrust nozzles.

The rear jet thrust nozzles and articulating keel move with the steering input.
<PIC>

Because the strength of jet thrust determines the speed and direction of a turn, the throttle must always be opened above idle when attempting a turn, except at trolling speed.

The boat steers from the stern, so the stern swings out in the opposite direction of your turn. For example, if you turn to starboard, the stern swings to the left. Keep this in mind near a person in the water, such as a down wake boarder or water-skier, or near an obstacle, such as a dock.,[""Manual09_52"", ""Manual09_53""]"
245,"If “Over Temperature” appears on the multifunction display and the buzzer sounds, immediately reduce engine speed, return to shore or maneuver to a safe location, and check for water discharge at the cooling water pilot outlets. Engine speed is automatically limited to help prevent damage.

Check that water is coming out of the cooling water pilot outlets on the starboard side of the hull while the engines are running, especially while applying throttle. The outlets are:
1 Cooling water pilot outlet, port engine
2 Cooling water pilot outlet, starboard engine

This image shows the cooling water pilot outlets on the starboard side of the hull, with the port-engine and starboard-engine outlets labeled.
<PIC>

If you do not see water at the outlets, cooling water may not be circulating in the engines. If the cooling water passages in the engines are dry, it will take about 20 seconds for water to reach the pilot outlets after starting. If water is not circulating, something may be clogging the intake grates.

If the cause of overheating cannot be found and corrected, take special precautions to avoid major engine damage while returning to shore.

Single engine overheating: shut off the overheating engine and use the properly running engine to return to shore. Operate at no-wake speed, 8 km/h or 5 mph, to prevent water from flooding the non-operating engine through the water intake.

Both engines overheating: if getting a tow from another vessel is not possible, operate both engines just slightly above idle while returning to shore. If you can be towed, follow the towing procedure.

This image shows the intake grate location near the jet pump area.
<PIC>,[""Manual09_95"", ""Manual09_96""]"
246,"To listen to music from your phone, turn on the stereo / sound system, then play audio through Bluetooth, USB, or the auxiliary input.

The stereo / sound system includes the receiver, speakers, auxiliary input jack, USB terminal, and Bluetooth.

The stereo receiver is located on the control panel.
<PIC>
1 Stereo receiver

The auxiliary input jack and USB terminal are the phone connection points for wired audio playback.
<PIC>
1 Auxiliary input jack 2 USB terminal

For detailed phone pairing or audio operation, use the stereo system Operation Manual included with your boat.,[""Manual09_111"", ""Manual09_112""]"
247,"Use the wet storage compartment under the swim platform for wet items.

To open the wet storage compartment:
1. Pull the lock handle up.
2. Turn the lock handle clockwise, and then open the rear platform hatch.

The rear platform hatch and lock handle are the parts used to open the compartment.
<PIC>

The wet storage compartment is inside, under the opened rear platform hatch.
<PIC>

To close the wet storage compartment:
1. Close the rear platform hatch.
2. Turn the lock handle counterclockwise and make sure that the hatch is securely closed.
3. Push the lock handle down.

TIP: The engines will not start if the rear platform hatch is not securely closed.,[""Manual09_143"", ""Manual09_144""]"
248,"WARNING: Do not carry any flammable substances in the battery compartment or any heavy or metal items that can damage the battery or cause a short circuit. Sparks or fire could result.

The battery compartment is located on the port side of the boat at the stern.

To open the battery compartment: unhook the latch, and then open the battery compartment lid.

This shows the battery compartment lid and latch used to open it.
<PIC>

This shows the battery compartment after the lid is opened.
<PIC>

To close the battery compartment: close the battery compartment lid, and then hook the latch onto the deck.,[""Manual09_157"", ""Manual09_158""]"
249,"No separate procedure is given for installing it while the boat is moving. For the 210FSH DELUXE removable anchor light, set it up this way:

The anchor light is stored in the lockable storage compartment.

(1) Open the lockable storage compartment.
The storage compartment is where the removable anchor light is kept.
<PIC>

(2) Remove the anchor light from the anchor light holder.
The holder secures the anchor light inside the compartment.
<PIC>

(3) Slide anchor light stoppers A and B apart to disconnect them.
The two stoppers separate by sliding apart.
<PIC>

(4) Extend the anchor light pole, and then screw anchor light stopper A onto the center section of the pole.
The stopper A position is on the center section of the extended pole.
<PIC>

(5) Open the cap of the anchor light socket, fit the protrusion on the anchor light into the slot in the socket, and then install the light into the socket.
The socket cap, slot, and protrusion must be aligned before installing the light.
<PIC>

(6) Fit anchor light stopper B into the anchor light socket.
Stopper B locks into the socket after the light is installed.
<PIC>

The anchor light is also the “all-around” light for navigation at night or in low-visibility conditions.,[""Manual09_161"", ""Manual09_162"", ""Manual09_163"", ""Manual09_164"", ""Manual09_165"", ""Manual09_166""]"
250,"Before using the jet wash system, make sure the shut-off valve is in the open position. The jet wash system must be used only by a passenger who is not operating the boat. While it is being used, the boat operator must attach the engine shut-off cord (lanyard) to their PFD and constantly scan for people, objects, and other watercraft.

The hose fitting is the connection point for the coil hose.
<PIC>

To use the jet wash:
1. Connect the coil hose to the hose fitting.
The coil hose connects into the hose fitting at the side fitting.
<PIC>
2. Start the engines.
3. Push the jet wash switch.
The jet wash switch is on the control panel.
<PIC>

The water supply will start 5 seconds after the jet wash switch is pushed. The water flow can be adjusted to 3 levels. Push the jet wash switch to adjust the water flow level.
The jet wash switch is also used to change the water flow level.
<PIC>

The display shows the jet wash mode when the system is active.
<PIC>
4. Move the jet wash handle lever to discharge water.
The jet wash handle lever controls water discharge from the handle.
<PIC>

To stop using the jet wash:
1. Push the jet wash switch.
2. Stop the engines.
3. Push the collar on the hose fitting inward, and then disconnect the coil hose from the fitting.
The hose fitting collar is pressed inward before removing the coil hose.
<PIC>

If water leaks from the hose fitting or coil hose, or if you notice any other problem, turn the shut-off valve to the closed position immediately. For 210FSH DELUXE, before using the jet wash system, make sure the anchor light socket is closed; if it is not closed and water enters the socket, the socket could malfunction.,[""Manual09_172"", ""Manual09_173"", ""Manual09_174"", ""Manual09_175"", ""Manual09_176"", ""Manual09_177"", ""Manual09_178""]"
251,"The water supply is turned on or off with the shut-off valve.

(1) Stop the engines.

(2) Open the rear platform hatch.

(3) Remove the inspection cover.

The inspection cover is under the rear platform hatch.
<PIC>

(4) To turn on the water supply, turn the shut-off valve 90° clockwise.

The shut-off valve is the valve you turn to open or close the water supply.
<PIC>

(5) To turn off the water supply, turn the shut-off valve 90 counterclockwise.

(6) Install the inspection cover.

(7) Close the rear platform hatch.

If the jet wash system will not be used for an extended period, turn the shut-off valve to the closed position. If water leaks from the hose fitting or coil hose, or if you notice any other problem, turn the shut-off valve to the closed position immediately.,[""Manual09_179"", ""Manual09_180""]"
252,"To remove the bimini top:
1. Store the bimini top in the fully collapsed position.
2. Remove the main pole mounting pins that secure the bimini top to the main pole mounting brackets.

The pin shown here is the main pole mounting pin that secures the bimini top main pole to the mounting bracket.
<PIC>
3. Remove the bimini top from the boat.,[""Manual09_193""]"
253,"Bimini top setup for use as a canopy on the 210FSH DELUXE:
1. Raise the bimini top.

This shows the bimini top being lifted into position.
<PIC>
2. Secure each forward support pole to the forward support pole mounting bracket using the lock pin.

This shows the forward support pole, lock pin, and mounting bracket connection.
<PIC>
3. Remove the storage cover, unfold the bimini top, and pull it toward the stern.

This shows the storage cover and the direction to unfold and pull the top toward the stern.
<PIC>
4. Push each center pole up, and then install the lock pin.

This shows the center pole being pushed up and the lock pin installed to hold it.
<PIC>

NOTICE: Do not exceed 72 km/h (45 mph) with the bimini top in the up position.,[""Manual09_185"", ""Manual09_186"", ""Manual09_187"", ""Manual09_188""]"
254,"NOTICE: Do not trailer the boat with the bimini top in the fully extended or upright storage position. Put the bimini top in the fully collapsed position to avoid damage.

To store the bimini top in the upright position:
1. Remove the lock pins, and then push the center poles down.

The illustration shows the center pole and lock pin locations for this step.
<PIC>
2. Pull the bimini top toward the bow.

The illustration shows the bimini top being pulled toward the bow.
<PIC>
3. Install the storage cover.,[""Manual09_189"", ""Manual09_190""]"
255,"To check the engine oil level:
1. With the engine stopped, place the boat in a precisely level position on land or launch the boat.
2. Look in all directions, and then start the engine.
3. Run the engine at idling speed for 6 minutes or more. Run the engine an additional 5 minutes if the ambient temperature is 20°C (68°F) or less.
4. Stop the engine.
5. Open the engine hood.
6. Loosen the oil tank filler cap and remove it, and then wipe the attached dipstick clean.

The oil tank filler cap includes the dipstick used for checking the oil level.
<PIC>
7. Screw the oil tank filler cap into the filler hole until it stops. Remove the oil tank filler cap again and make sure that the engine oil level is between the minimum and maximum level marks.

The dipstick has maximum and minimum level marks; the oil level should be between them.
<PIC>
8. If the engine oil level is significantly above the maximum level mark, consult a Boat dealer. If the engine oil level is below the minimum level mark, slowly add engine oil.
9. Repeat steps (6)–(8) until the engine oil is at the proper level.
10. Securely install the oil tank filler cap and turn it until it stops.
11. Repeat the checking oil level procedure for the other engine.
12. Close the engine hood.,[""Manual09_196"", ""Manual09_197""]"
256,"Turn on the bilge pump switch to operate the bilge pump.

The bilge pump switch is on the control panel.
<PIC>

Water that enters the boat from the storage compartments is channeled to the bilge under the engine compartment. Even if the bilge pump switch is not turned on, the bilge pump will detect excessive water in the bilge and automatically drain most of it through the bilge pump outlet. This automatic function works even if the battery switches are turned to the off position.

The bilge pump outlet is on the side of the boat.
<PIC>

The bilge pump indicator light comes on while the bilge pump is operating.
<PIC>

When the bilge pump operates automatically, it will not stop until most of the bilge water is drained.,[""Manual09_201"", ""Manual09_202"", ""Manual09_203""]"
257,"Navigation and anchor lights switch check: push the navigation and anchor lights switch and check that the bow light and anchor light come on.

(1) 210FSH DELUXE: Install the anchor light.

(2) Push the upper side of the navigation and anchor lights switch and check that the bow light and anchor light come on.

The switch shown here is the navigation and anchor lights switch.
<PIC>

The bow light is the light to confirm at the bow.
<PIC>

For 210FSH DELUXE, confirm the anchor light comes on.
<PIC>

For 210FSH SPORT, confirm the anchor light comes on.
<PIC>

(3) Push the lower side of the navigation and anchor lights switch and check that only the anchor light comes on.

(4) Put the navigation and anchor lights switch in the middle position and check that the bow light and anchor light are off.

(5) 210FSH DELUXE: Remove the anchor light.,[""Manual09_223"", ""Manual09_224"", ""Manual09_225"", ""Manual09_226""]"
258,"Starting the engines
1. Make sure the boat is launched and used in water that is free from weeds and debris, and at least 90 cm (3 ft) deep from the bottom of the boat.

The water-depth illustration shows the required minimum depth under the boat.
<PIC>

WARNING! Never operate in water that is less than 90 cm (3 ft) deep from the bottom of the boat. You increase your chance of hitting an underwater obstacle. You could be injured. Pebbles or sand can also be sucked into the jet intakes, damaging the impellers.

NOTICE: There is a hull drain plug at the bottom of the stern. Check the O-ring on the hull drain plug and make sure that the plug is tightened securely before launching the boat. Otherwise, water may flood the boat and cause it to submerge.

The stern-bottom illustration identifies the hull drain plug.
<PIC>
2. Turn the battery switch to the ON position.
3. Push the blower switch to operate the blowers and ventilate the engine compartment for at least 4 minutes.

The control-panel illustration identifies the blower switch.
<PIC>
4. Attach the engine shut-off cord (lanyard) to your PFD. Install the clip onto the engine shut-off switch by pushing the clip groove over the nut beneath the knob. Be sure the cord is not wrapped around the steering wheel or tangled in the controls.

The control-area illustration shows the engine shut-off switch, clip, and engine shut-off cord.
<PIC>

WARNING! Check that the engine shut-off cord (lanyard) is attached correctly. If the engine shut-off cord (lanyard) is not attached correctly, it may not pull free when the operator falls off, allowing the boat to continue to run and cause an accident.

TIP: The engines will not start when the clip is removed from the engine shut-off switch. The starter motors will turn over without the cord attached.
5. Put the remote control levers in the neutral position. The starter motors will not operate unless the remote control levers are in neutral.
6. Turn the main switch keys to the start position and release them when the engines start. If the engines do not start after 5 seconds of cranking, release the keys. Wait at least 15 seconds before trying to start the engines again.

The ignition illustration shows turning the main switch key to the start position.
<PIC>

NOTICE: Never turn the main switch keys to the start position while the engines are running. The starter mechanism could be damaged. If the starter motors are engaged continuously for more than 5 seconds, the battery will become quickly discharged and it will be impossible to start the engines. The starter motors may also be damaged if they are engaged continuously for more than 5 seconds. On this boat, the engines are connected directly to the drive units. Starting either engine generates some thrust immediately. Only enough throttle should be applied to keep the engine at a fast enough idle to stay running.,[""Manual09_233"", ""Manual09_234"", ""Manual09_235"", ""Manual09_236"", ""Manual09_237""]"
259,"To turn the boat, turn the steering wheel in the direction you want to travel, and keep enough throttle applied for the jet thrust to steer the boat. Do not pull the remote control levers back to idle when trying to steer away from objects; you need throttle to steer.

Before making turns, make sure passengers are holding on. An unprepared passenger could lose balance and fall.

Steering control depends on both the steering wheel position and the amount of throttle. Water is drawn in through the intake grate, pressurized by the impeller in the jet pumps, and expelled through the jet thrust nozzles to create thrust. Higher engine speed produces more thrust, and the amount of jet thrust, together with steering wheel position, determines how sharply the boat turns.

A. More throttle produces high thrust, so the boat will turn more sharply.

This image shows higher throttle creating stronger thrust and a sharper turn.
<PIC>

B. Less throttle produces low thrust, so the boat will turn more gradually.

This image shows lower throttle creating weaker thrust and a more gradual turn.
<PIC>

C. Pulling the remote control levers back to idle or neutral produces only minimum thrust. If you are traveling above trolling speed, your ability to steer without throttle will decrease rapidly. You may still have some turning ability immediately after pulling the levers back to idle, but when the engines slow down, the boat will no longer respond to steering wheel input until you apply throttle again or reach trolling speed. At trolling speed, the boat can be turned gradually by steering wheel position alone, using only the thrust available at engine idle.

This image shows reduced steering response when the levers are pulled back to idle or neutral.
<PIC>

D. If the boat is moving and the remote control levers are in neutral, or if there is no thrust because the engines are stopped, the boat will go straight even if the steering wheel is turned. You need throttle to steer.

This image shows that without thrust, steering input will not make the boat turn.
<PIC>

Turn the wheel left to turn left.
<PIC>

Turn the wheel right to turn right.
<PIC>,[""Manual09_239"", ""Manual09_240"", ""Manual09_241"", ""Manual09_242"", ""Manual09_243"", ""Manual09_244""]"
260,"To cross wakes or swells, adjust your speed and choose your crossing angle before you reach them. A slower speed and “quartering” the wake, meaning crossing it at an angle, will usually reduce the jolt to you and the boat.

This illustration shows different crossing angles for a wake; smaller angles can make the steering effect stronger, while a 45° angle may feel less noticeable.
<PIC>

When the boat crosses a wake or swell, it may try to steer away from it. Be ready to steer and balance as necessary, especially at smaller angles such as about 10°, where the effect can be very strong.

Crossing a group of wakes or swells is not as easy or smooth as crossing just one wake. Small swells are easier to cross than larger swells or wakes, and a sharp wake gives more of a jolt than a broad swell.

This illustration compares a sharper wake with a broader swell, showing why the sharper wake produces more impact.
<PIC>,[""Manual09_249"", ""Manual09_250""]"
261,"1. Disconnect the trailer lights from the towing vehicle.
2. Back the trailer down the ramp as close to 90 degrees to the shoreline as you can. If possible, have a second person stand to the side of the trailer as an observer. Stop when the tops of the trailer’s fenders are about 3 inches above the waterline.
3. With the boat moving at the slowest idle speed, guide the boat onto the support rails. Use throttle only if necessary for steering ability.

WARNING! Using too much throttle can cause the boat to jump over the front of the trailer, which can injure the boat operator and bystanders.
4. Make sure the boat is centered on the support rails and is headed straight for the bow stop, also called the bumper board. Ease the boat forward until the bow rests against the bow stop.

NOTICE: The winch line is not designed to pull the boat onto the trailer.
5. Attach and tighten the winch line.

NOTICE: The winch line should not be the only line securing the bow during trailering. Use the chain along with the winch to secure the boat to the trailer.

The bow eye is the front attachment point used when securing the bow with the winch line and chain.
<PIC>
6. Pull the trailer up the ramp out of the way of other boaters. Attach the bow and stern tie-downs. Reconnect the trailer lights.

The stern eye is the rear attachment point used for the stern tie-downs.
<PIC>
7. Perform the post-operation checks.,[""Manual09_255"", ""Manual09_256""]"
262,"Flush the cooling system to prevent it from clogging with salt, sand, or dirt.

(1) Connect the garden hose adapter to a garden hose.

The image shows the garden hose adapter connected to the garden hose.
<PIC>

(2) Loosen the flush hose connector cap and remove it. Insert the garden hose adapter into the flush hose connector by pushing and twisting it until it is securely connected.

The image shows the flush hose connector, the connector cap, and the garden hose adapter being fitted into the connector.
<PIC>

(3) Connect the garden hose to a water tap.

(4) Make sure that the area around the boat is clear, and then start the engine. Immediately after the engine starts, fully turn the water supply on so that water flows out continually from the jet thrust nozzle and cooling water pilot outlet.

NOTICE: Never turn on the water before starting the engine. The water could flow back through the muffler into the crankcase causing severe engine damage. Be sure to turn on the water immediately after starting the engine to prevent engine overheating.

(5) Run the engine at a fast idle for 3 to 5 minutes. If the engine stops while flushing, turn the water supply off immediately and perform the procedure again from step 4.

(6) Turn off the water supply, and then drain residual water from the exhaust system by alternately pushing the remote control lever up to half throttle and back to idle for 10 to 15 seconds.

(7) Stop the engine.

NOTICE: Never have the water on when the engine is not running. The water could flow back through the muffler into the crankcase causing severe engine damage. Do not run the engine for more than 15 seconds after the water supply has been turned off to avoid engine overheating.

(8) Remove the garden hose adapter.

(9) Install and tighten the cap securely.,[""Manual09_257"", ""Manual09_258""]"
263,"WARNING: Do not use fuses of a higher amperage than recommended. Substitution with a fuse that has an improper rating can cause extensive electrical system damage and possible fire.

If a fuse is blown, replace it with the proper fuse.

(1) Open the engine hood.

(2) Unfasten the band. The band location is shown here.
<PIC>
This is the band that must be released before removing the fuse box.

(3) Remove the fuse box from the air filter case by pulling the fuse box toward the bow.

(4) While pushing both sides of the fuse box cover inward, pull the cover toward the bow and remove it. The cover is removed by pressing both sides inward and pulling forward.
<PIC>
After the cover is removed, the fuse box contains the electronic throttle valve fuse, fuel pump fuse, main relay drive fuse, main fuse, fuse puller, battery fuse, spare fuse, and unused fuse.
<PIC>
Use the fuse puller from the fuse box to remove and replace the blown fuse.

(5) When replacing the accessory fuse and bilge pump fuse, remove the fuse holder. Open the battery compartment to access the accessory fuse and bilge pump fuse. The fuse holder and those two fuses are shown here.
<PIC>
The fuse holder contains the accessory fuse and bilge pump fuse.

(6) Replace the blown fuse with the spare fuse of the correct amperage by using the fuse puller.

Fuse amperage:
Electronic throttle valve fuse: 10 A
Fuel pump fuse: 10 A
Main relay drive fuse: 10 A
Main fuse: 20 A
Battery fuse: 30 A
Accessory fuse: 20 A
Bilge pump fuse: 3 A

(7) Install the fuse box cover.

(8) If the accessory fuse or bilge pump fuse was replaced, install the fuse holder.

(9) Install the fuse box to the air filter case.

(10) Fasten the band.

(11) Close the engine hood.,[""Manual09_281"", ""Manual09_282"", ""Manual09_283"", ""Manual09_284""]"
264,"To check the engine oil level:
1. With the engine stopped, place the boat in a precisely level position on land or launch the boat.
2. Look in all directions, and then start the engine.
3. Run the engine at idling speed for 6 minutes or more. Run the engine an additional 5 minutes if the ambient temperature is 20°C (68°F) or less.
4. Stop the engine.
5. Open the engine hood.
6. Loosen the oil tank filler cap and remove it, and then wipe the attached dipstick clean.

The oil tank filler cap has the dipstick attached.
<PIC>
7. Screw the oil tank filler cap into the filler hole until it stops. Remove the oil tank filler cap again and make sure that the engine oil level is between the minimum and maximum level marks.

The dipstick shows the minimum and maximum level marks used to judge the oil level.
<PIC>
8. If the engine oil level is significantly above the maximum level mark, consult a Boat dealer. If the engine oil level is below the minimum level mark, slowly add engine oil.
9. Repeat steps (6)–(8) until the engine oil is at the proper level.
10. Securely install the oil tank filler cap and turn it until it stops.
11. Repeat the checking oil level procedure for the other engine.
12. Close the engine hood.,[""Manual09_196"", ""Manual09_197""]"
265,"To change the energy saving setting:
1. With the machine turned off, press and hold the Espresso button for 3 seconds.

This image shows pressing and holding the Espresso button to enter the setting.
<PIC>
2. The Espresso button will blink to indicate the current setting.

This image shows the Espresso button blinking to show the current energy saving setting.
<PIC>
3. To change the setting, press the Espresso button: one time for power off mode after 9 minutes, one more time for power off mode after 30 minutes, and one more time to deactivate.

This image shows pressing the Espresso button to cycle through the energy saving settings.
<PIC>
4. To exit energy saving mode, press the Lungo button for 3 seconds.

This image shows pressing and holding the Lungo button to exit the setting mode.
<PIC>,[""Manual07_6"", ""Manual07_7"", ""Manual07_8"", ""Manual07_9""]"
266,"1. With the machine turned off, press and hold the Espresso button for 3 seconds.

This shows pressing and holding the Espresso button to enter the energy saving setting.
<PIC>
2. The Espresso button will blink to indicate the current setting.

This shows the Espresso button blinking to indicate the current energy saving setting.
<PIC>
3. To change the setting, press the Espresso button: one time for power off mode after 9 minutes; one more time for power off mode after 30 minutes; one more time to deactivate.

This shows pressing the Espresso button to cycle through the energy saving options.
<PIC>
4. To exit the energy saving mode, press the Lungo button for 3 seconds.

This shows pressing and holding the Lungo button to exit the setting mode.
<PIC>,[""Manual07_6"", ""Manual07_7"", ""Manual07_8"", ""Manual07_9""]"
267,"1. Turn the machine on and wait until it is in ready mode, with steady lights.

The buttons should show steady lights before programming.
<PIC>
2. Fill the water tank with potable water and insert a capsule.

The capsule is inserted into the capsule compartment before programming the volume.
<PIC>
3. Place a cup under the coffee outlet.

The cup should sit directly below the coffee outlet.
<PIC>
4. Press and hold the Espresso or Lungo button.

Hold the button for the drink size you want to program.
<PIC>
5. Release the button once the desired volume is served.
6. The water volume level is now stored.,[""Manual07_24"", ""Manual07_25"", ""Manual07_26"", ""Manual07_27""]"
268,"To empty the system before a period of non-use, for frost protection, or before maintenance, use emptying mode.

NOTE: the machine will be blocked for 10 minutes after emptying mode.
1. To enter emptying mode, press both the Espresso and Lungo buttons to turn the machine off.
The picture shows both coffee buttons being pressed at the same time.
<PIC>
2. Remove the water tank and open the lever.
The picture shows the water tank removed and the lever opened.
<PIC>
3. Press both the Espresso and Lungo buttons for 3 seconds.
The picture shows both buttons being pressed together again.
<PIC>

Both LEDs blink alternatively.
The picture shows the two coffee button LEDs blinking alternately.
<PIC>
4. Close the lever.
The picture shows the top lever being closed.
<PIC>
5. The machine switches off automatically.
6. Empty and clean the used capsule container and drip tray.,[""Manual07_28"", ""Manual07_29"", ""Manual07_30"", ""Manual07_31"", ""Manual07_32""]"
269,"1. With the machine turned off, press and hold down the Lungo button for 5 seconds.

The image shows pressing and holding the Lungo button while the machine is off.
<PIC>
2. The LEDs will blink fast 3 times to confirm the machine has been reset to factory settings.

The image shows the two coffee button LEDs blinking fast 3 times.
<PIC>
3. The LEDs will then continue to blink normally while the machine is heating up, until it is ready. Steady lights mean the machine is ready.

The image shows the cup-size button lights steady, meaning the machine is ready.
<PIC>

Factory settings

Espresso Cup: 40 ml / 1.35 oz

Lungo Cup: 110 ml / 3.7 oz

Power Off mode: 9 minutes,[""Manual07_33"", ""Manual07_34"", ""Manual07_35""]"
270,"Before cleaning, unplug the machine. Risk of fatal electrical shock and fire: never immerse the appliance or any part of it in water.

Do not use any strong cleaning agent or solvent cleaner. Do not use sharp objects, brushes, or sharp abrasives. Do not place the machine in a dishwasher.

Clean the coffee outlet regularly with a soft damp cloth. The image shows cleaning the outlet area with a soft damp cloth.
<PIC>

The maintenance unit can be removed in separate pieces for easy cleaning. The image shows the maintenance unit separated into parts for cleaning.
<PIC>,[""Manual07_47"", ""Manual07_48""]"
271,"Stay away from the swim platform area while the engine is running. Exhaust gases from underneath it contain carbon monoxide, a colorless, odorless gas that may cause brain damage or death when inhaled. Symptoms include nausea, dizziness, and drowsiness.

The swim platform is at the stern and includes a ladder for boarding from the water.
<PIC>

The swim platform ladder is stored under the swim platform. To open and use it:
1. Lift the end of the ladder to release it from the hooks on the boat.
The ladder end is lifted from the hook area under the swim platform.
<PIC>
2. Pull the ladder out completely, and then lower it.
The ladder is shown pulled out from under the swim platform and lowered for use.
<PIC>

After use, stow it by raising the ladder until it is horizontal, pushing it forward completely, and then pushing the end of the ladder onto the hooks on the boat.
The hook under the swim platform is the securing point for the ladder end.
<PIC>,[""Manual09_168"", ""Manual09_169"", ""Manual09_170"", ""Manual09_171""]"
272,"The livewell is located on the starboard side of the boat at the stern.

To open the livewell, pull the latch to open the livewell lid.

The latch and livewell lid are shown here.
<PIC>

The open livewell is shown here.
<PIC>

To supply water to the livewell:
1. Push the livewell switch to turn on the livewell pump and supply water.
2. When there is sufficient water in the livewell, push the livewell switch to turn off the livewell pump.
3. If necessary, push the aerator switch to aerate and circulate the water in the livewell.

The aerator switch and livewell switch are shown here.
<PIC>

Tip: Push the courtesy light switch to turn on the livewell light.,[""Manual09_153"", ""Manual09_154"", ""Manual09_155""]"
273,"The maintenance setting screen displays the number of hours that the engines have been running since the last maintenance.

The screen shows the engine operating hours since the last maintenance and includes Reset and Back buttons.
<PIC>

After maintenance is performed, reset the number of hours of operation as follows.

To reset the number of hours of operation:

(1) Tap the “Reset” button.

The Reset button is on the maintenance setting screen.
<PIC>

1 “Reset” button

(2) When the confirmation message appears, tap the “YES” button to reset the number of hours of operation.

The confirmation message includes the “YES” button for resetting the operating hours.
<PIC>

1 “YES” button

TIP: To return to the maintenance setting screen without resetting the number of hours, tap the “NO” button.,[""Manual09_83"", ""Manual09_84"", ""Manual09_85""]"
274,"The factory reset screen shows the factory reset page, used to reset the settings to their factory default settings.

The screen displays the factory reset prompt with the “Reset” and “Back” buttons.
<PIC>,[""Manual09_87""]"
275,"The trip screen displays the hours of engine operation, fuel consumption, and other information.

The trip screen layout includes: 1 Menu 2 Scrollbar 3 “Reset” button.

This image shows the trip screen with the menu, scrollbar, and “Reset” button identified.
<PIC>

The menu displays 4 items at one time. Scroll through the menu items using the scrollbar.

This image shows the trip screen menu and scrollbar used to move through the displayed items.
<PIC>
This item cannot be reset.,[""Manual09_69"", ""Manual09_70""]"
276,"Move the remote control levers forward from neutral.

At first, when the levers are moved to the forward position and the boat is moving slowly, the shift gates lift slightly from neutral and jet thrust is directed downward at an angle. This is the thrust directional enhancer (TDE), which helps the boat respond when you turn the steering wheel even though less thrust is available at low engine speeds.

The lever position for this initial forward/TDE range is shown here. <PIC>

In this slow forward/TDE condition, 1 is the shift gate and 2 is the jet thrust nozzle. <PIC>

To move forward more fully, move the remote control levers farther forward. The shift gates lift all the way up, all jet thrust goes to the rear, and that moves the boat forward.

In the full forward condition, 1 is the shift gate and 2 is the jet thrust nozzle, with thrust directed rearward to drive the boat ahead. <PIC>,[""Manual09_48"", ""Manual09_49"", ""Manual09_50""]"
277,"Perform the steering system check while the boat is on land, before operating it.

Make sure the steering wheel is not loose. There should be no free play, either in-and-out or in rotation. Turn the steering wheel fully to the right and fully to the left, and confirm that it moves smoothly and without restriction through the whole range. The steering wheel should turn freely across its full range.
<PIC>
This check shows the steering wheel being turned to confirm smooth, unrestricted steering operation.

As you turn the steering wheel, make sure both jet thrust nozzles change direction. When the wheel is turned to the right, the jet thrust nozzles should point to starboard (right). When the wheel is turned to the left, the jet thrust nozzles should point to port (left). There should be no free play between the steering wheel and the jet thrust nozzles. Also check that the articulating keel changes direction according to the movement of the jet thrust nozzles.
<PIC>
The rear steering components shown are the jet thrust nozzles and the articulating keel, which should move with the steering wheel.,[""Manual09_206"", ""Manual09_207""]"
278,"One fire extinguisher is to be mounted in the lockable storage compartment. The recommended extinguisher for this location is a chemical-type extinguisher with a capacity of two pounds or more.

This image shows the extinguisher mounted in the lockable storage compartment.
<PIC>

If you choose to carry two fire extinguishers, the other extinguisher is to be mounted in the battery compartment. There is a location label outside the compartment. This extinguisher, located near the engine compartment, should be a “clean agent” type designed to displace oxygen with an inert gas, such as CO2 or FE-36™, and have a capacity of five pounds or more.

This image shows the designated compartment location for the additional extinguisher.
<PIC>,[""Manual09_211"", ""Manual09_212""]"
279,"Coat the throttle-cable inner wires with water-resistant grease at the pulley wheel of the APS.

The image shows the lubrication point at the APS pulley wheel where the throttle-cable inner wires should be greased.
<PIC>,[""Manual09_263""]"
280,"Recharge the battery outside the camera with the battery charger.
1. Remove the cover. When you remove the battery from the camera, be sure to reattach the cover to protect against short circuit.

This image shows the battery cover being removed.
<PIC>
2. Attach the battery. Align the battery front edge with the mark on the battery charger. While pressing down the battery, slide it in the direction of the arrow. To detach the battery, follow the same procedure in reverse.

This image shows the battery aligned with the charger mark and slid into place.
<PIC>
3. For CG-580: Flip out the prongs and recharge the battery. Flip out the battery charger’s prongs in the direction shown, then insert the prongs into a power outlet.

This image shows the CG-580 prongs flipped out for plugging into an outlet.
<PIC>
4. For CB-5L: Connect the power cord and recharge the battery. Connect the power cord to the charger and insert the plug into the power outlet.

This image shows the CB-5L connected with its power cord.
<PIC>

Recharging starts automatically, and the red lamp starts blinking. Recharging time for a completely exhausted battery is approximately 100 minutes for BP-511A and BP-514, and approximately 90 minutes for BP-511 and BP-512.

The charger’s numbers and markings correspond to the charging-status table shown here.
<PIC>,[""Manual10_10"", ""Manual10_11"", ""Manual10_12"", ""Manual10_13"", ""Manual10_14""]"
281,"Load a fully charged BP-511A battery pack into the camera. Battery Pack BP-514, BP-511, or BP-512 can also be used.
1. Open the battery compartment cover. Slide the lever in the arrow direction and open the cover.

This image shows the battery compartment cover being opened by sliding the lever.
<PIC>
2. Insert the battery. Point the battery contacts downward. Insert the battery until it locks into place.

This image shows the battery being inserted with the contacts facing downward until it locks.
<PIC>
3. Close the cover. Press the cover until it snaps shut.

This image shows the battery compartment cover being pressed closed until it snaps shut.
<PIC>,[""Manual10_16"", ""Camera_09"", ""Camera_10""]"
282,"With AC Adapter Kit ACK-E2 (optional), you can connect the camera to a household power outlet so you do not have to worry about the battery level.
1. Connect the DC Coupler. Connect the DC Coupler’s plug to the AC adapter’s socket.

This image shows the DC Coupler plug being connected to the AC adapter socket.
<PIC>
The DC Coupler should be plugged into the adapter before the power cord is connected.
2. Connect the power cord. Connect the power cord to the AC adapter. Insert the plug into a power outlet. When you are finished, disconnect the plug from the power outlet.

This image shows the power cord connected to the AC adapter and the plug inserted into a household power outlet.
<PIC>
Unplug the power cord from the power outlet after use.
3. Place the cord in the groove. Carefully insert the cord into the groove without damaging it.

This image shows the cord being placed into the groove.
<PIC>
Make sure the cord sits in the groove carefully and is not damaged.
4. Insert the DC Coupler. Open the battery compartment cover and open the DC Coupler cord notch cover. Insert the DC Coupler until the lock position and put the cord through the notch. Close the cover.

This image shows the battery compartment and DC Coupler cord notch being opened so the DC Coupler can be inserted and the cord routed through the notch.
<PIC>
Do not connect or disconnect the power cord while the camera’s switch is set to ON.,[""Camera_14"", ""Camera_15"", ""Manual10_19"", ""Manual10_20""]"
283,"1. Remove the caps. Remove the rear lens cap and the body cap by turning them as shown by the arrow.

This image shows the rear lens cap and body cap being turned off in the indicated direction.
<PIC>
2. Attach the lens. Align the EF-S lens with the camera's white EF-S lens mount index and turn the lens as shown by the arrow until it clicks in place. When attaching a lens other than an EF-S lens, align the lens with the red EF lens index mark.

This image shows the lens mount index alignment and the direction to turn the lens until it clicks into place.
<PIC>
3. On the lens, set the focus mode switch to AF. If it is set to MF, autofocus will not be possible. Remove the front lens cap.

This image shows the focus mode switch on the lens set to AF and the front lens cap being removed.
<PIC>,[""Manual10_21"", ""Manual10_22"", ""Manual10_23""]"
284,"The captured image will be recorded onto the CF card. A Type I or Type II CF card can be inserted into the camera. The camera is also compatible with Microdrive and CF cards with 2 GB or higher capacity.

Installing the Card
1. Open the cover. Slide the cover in the direction shown by the arrow to open it.
<PIC>
The image shows the CF card slot cover being slid open.
2. Insert the CF card. Using CF cards is recommended. If the CF card is inserted in the wrong way, it may damage the camera. Face the label side toward you and insert the end with the small holes into the camera. The CF card eject button pops out.
<PIC>
The image shows the correct direction for inserting the CF card into the camera slot.
3. Close the cover. Close the cover and slide it in the direction shown by the arrow until it snaps shut.
<PIC>
The image shows the CF card slot cover being closed and slid shut.

When the cover is closed, the shots remaining is displayed on the LCD panel.
<PIC>
The image shows the LCD panel area where the remaining number of shots is displayed.,[""Manual10_25"", ""Manual10_26"", ""Manual10_27"", ""Manual10_28""]"
285,"Removing the camera shutter button is not covered in the camera documentation; please contact after-sales support or a qualified service provider for repair.

The shutter button itself is described as a two-step control: press it halfway to activate autofocusing (AF) and automatic exposure (AE), then press it completely to release the shutter and take the picture.

Half-pressing the shutter button activates AF/AE and displays the exposure setting on the top LCD panel and in the viewfinder.
<PIC>

Pressing the shutter button completely takes the picture.
<PIC>

If 4 seconds elapse after pressing halfway, press halfway again and wait a moment before pressing completely. Pressing completely without first pressing halfway, or pressing halfway and then completely immediately, may cause the camera to take a moment before taking the picture.,[""Manual10_30"", ""Manual10_31""]"
286,"The date/time back-up battery maintains the camera’s date and time. Its service life is about 5 years. If the date/time is reset when the battery is replaced, replace the back-up battery with a new CR2016 lithium battery. The date/time setting will also be reset, so you must set the correct date/time afterward.
1. Turn the switch to OFF. Open the cover and remove the battery.

This image shows the camera battery being removed after the power is turned off and the cover is opened.
<PIC>
2. Take out the battery holder.

This image shows the date/time back-up battery holder being taken out from the camera’s battery compartment.
<PIC>
3. Replace the battery in the battery holder. Make sure the battery is in the proper + - orientation.

This image shows the date/time back-up battery and holder during replacement, including the required orientation.
<PIC>
4. Close the cover.

This image shows the battery compartment cover being closed after the date/time battery is replaced.
<PIC>,[""Manual10_46"", ""Manual10_47"", ""Manual10_48"", ""Manual10_49""]"
287,"After achieving focus, lock the focus on the subject and recompose the shot. This is called “focus lock.” Focus lock works only in the One-Shot AF mode.
1. Set the Mode Dial to a Creative Zone mode.
2. Select the desired AF point.
3. Focus the subject. Move the AF point over the subject and press the shutter button halfway.

The image shows the AF point positioned over an off-center subject before locking focus.
<PIC>
4. Keep pressing the shutter button halfway and recompose the picture as desired. If the AF mode is AI Servo AF, or AI Focus AF set to Servo mode, focus lock will not work. Focus lock is also possible in Basic Zone modes except Sports. In this case, start from step 3.
5. Take the picture.

The image shows the shot recomposed after focus has been locked, with the subject placed off-center.
<PIC>,[""Manual10_106"", ""Manual10_107""]"
288,"Use the eyepiece cover during self-timer or remote switch operation when your eye does not cover the viewfinder eyepiece. Stray light may enter the eyepiece and affect the exposure when the image is captured.
1. Remove the eyecup. From the bottom of the eyecup, push it upward.

This image shows the eyecup being pushed upward from the bottom to remove it.
<PIC>
2. Attach the eyepiece cover. Slide the eyepiece cover down into the eyepiece groove to attach it.

This image shows the eyepiece cover sliding down into the eyepiece groove.
<PIC>,[""Manual10_154"", ""Manual10_155""]"
289,"The AF mode is the autofocusing operation method. One-Shot AF is suited for still subjects, AI Servo AF is for moving subjects, and AI Focus AF switches from One-Shot AF to AI Servo AF automatically if the still subject starts moving. In the Basic Zone modes, the optimum AF mode is set automatically.
1. On the lens, set the focus mode switch to AF.

The lens focus mode switch should be set to AF.
<PIC>
2. Set the Mode Dial to a Creative Zone mode.
3. Press the AF-WB button. (6)

Press the AF-WB button on the top of the camera.
<PIC>
4. Select the AF mode. While looking at the LCD panel, turn the Main Dial. ONE SHOT: One-Shot AF, AI FOCUS: AI Focus AF, AI SERVO: AI Servo AF

The LCD panel shows the selected AF mode while you turn the Main Dial.
<PIC>

If an Extender (optional) is attached and the maximum aperture of the lens is f/5.6 or smaller, AF will not be possible. For details, see the Extender's instructions.,[""Manual10_99"", ""Camera_30"", ""Camera_31""]"
290,"P is Program AE: the camera automatically sets the shutter speed and aperture value to suit the subject’s brightness. P stands for Program, and AE stands for Auto Exposure.

Turn the Mode Dial to P. The image shows the Mode Dial set to P.
<PIC>
1. Set the Mode Dial to P.
2. Focus the subject. Look through the viewfinder and aim any AF point over the subject, then press the shutter button halfway. The image shows an AF point aimed through the viewfinder.
<PIC>
3. Check the display. The shutter speed and aperture value will be set automatically and displayed in the viewfinder and on the LCD panel. A correct exposure will be obtained as long as the shutter speed and aperture value display do not blink. The image shows the exposure values displayed on the camera.
<PIC>
4. Take the picture. Compose the shot and press the shutter button completely. The image shows the shutter button being pressed fully.
<PIC>

If “30""” and the maximum aperture blink, it indicates underexposure. Increase the ISO speed or use flash. If “8000” and the minimum aperture blink, it indicates overexposure. Decrease the ISO speed or use an ND filter, optional, to reduce the amount of light entering the lens. The image shows the blinking exposure warning displays.
<PIC>,[""Manual10_116"", ""Manual10_117"", ""Manual10_118"", ""Manual10_119"", ""Manual10_120""]"
291,"You can view captured images on a TV by connecting the camera with the provided video cable. Always turn off both the camera and the television before connecting or disconnecting them.
1. Connect the camera to the TV. Open the camera’s terminal cover. Use the video cable provided to connect the camera’s VIDEO OUT terminal to the TV monitor’s VIDEO IN terminal. Insert the cable plug all the way in.

This illustration shows the video cable connection between the camera’s VIDEO OUT terminal and the TV’s VIDEO IN terminal.
<PIC>
2. Turn on the TV and switch the TV’s line input to Video IN.
3. Set the camera switch to ON.
4. Press the Playback button. The image will appear on the TV screen. Nothing will be displayed on the camera’s LCD monitor. After you finish, set the switch to OFF, turn the TV off, then disconnect the video cable.

This illustration shows pressing the Playback button on the back of the camera.
<PIC>

If the proper video system format is not set, the image will not be displayed properly. Set the proper video system format with [Video system].

Depending on your TV, the image periphery may be cut off.,[""Manual10_182"", ""Manual10_183""]"
292,"1. Display the image. Press the Playback button.

The playback button displays the image on the camera screen.
<PIC>
2. Select the image to be erased. Turn the dial to select the image you want to erase.
3. Display the erase menu. Press the Erase button. The Erase menu will appear at the bottom of the screen.

The erase button opens the erase menu while the image is displayed.
<PIC>
4. Erase the image. Turn the dial to select [Erase], then press SET. The access lamp will blink and the image will be erased. If there are other images you want to select, repeat steps 2 to 4.

The erase menu shows the [Erase] option used to delete the selected image.
<PIC>,[""Manual10_184"", ""Manual10_185"", ""Manual10_186""]"
293,"To erase all images:
1. Display an image. Press the Playback button.
2. Display the erase menu. Press the Erase button. The erase button is the button indicated on the camera back.
<PIC>
The Erase menu will appear at the bottom of the screen.
3. Select [All]. Turn the dial to select [All], then press SET.
<PIC>
The confirmation dialog will appear after selecting [All].
4. Erase the images. Turn the dial to select [OK], then press SET.
<PIC>
All unprotected images will be erased. While the images are being erased, you can cancel the erasure by pressing SET.

While data is being written to the CF card after continuous shooting and the access lamp is blinking, press the Playback button and then the Erase button to erase the displayed image or all images. If you select [All] and press the Erase button, the images captured during continuous shooting, including those not yet processed, and all the images on the CF card will be erased.,[""Camera_58"", ""Camera_59"", ""Manual10_187""]"
294,"1. Select the image to be printed. Check that the printer connected icon is displayed on the upper left of the LCD monitor. Turn the dial to select the image to be printed, then press SET. The print setting screen will appear.

The screen below shows the printer connected icon and the prompt to press SET for printing.
<PIC>

The print setting screen lets you set the quantity to be printed, set the trimming area, set the printing style, return to step 1, or start printing. The trimming frame appears when you want to trim the image, and the printing style settings are displayed.
<PIC>
2. Select [Style]. Turn the dial to select [Style], then press SET. The Style screen will appear.

The screen below shows [Style] selected from the print setting screen.
<PIC>
3. Set the options as desired. Set [Image], [Borders], and [Date] as desired. Turn the dial to select the desired setting, then press SET. [Image] is selectable when card-size paper is used. If you select [Multiple], 8 small images of the same picture will be printed on the paper. Check the [Borders] and [Date] settings and set them if necessary. When you are done, press the MENU button to return to the print setting screen.

The screen below shows the Style options for image layout, borders, and date printing.
<PIC>
4. Set the number of copies, if necessary. Turn the dial to select [copies], then press SET. Turn the dial to set the number of copies, then press SET. Set a number from 1 to 99.

The screen below shows the copy quantity setting on the print setting screen.
<PIC>
5. Set the trimming, if necessary.
6. Start printing. Turn the dial to select [Print], then press SET. Printing will start. When printing ends, the screen will return to step 1. To stop printing, press SET while [Stop] is displayed, then turn the dial to select [OK] and press SET.

The screen below shows [Print] selected to begin printing.
<PIC>,[""Manual10_206"", ""Manual10_207"", ""Manual10_208"", ""Manual10_209"", ""Manual10_210"", ""Manual10_211""]"
295,"Custom Functions let you customize and fine-tune camera features and settings to suit your picture-taking preferences. Custom Functions work in Creative Zone modes.
1. Select [Custom Functions (C.Fn)]. Turn the dial to select [Custom Functions (C.Fn)], then press SET. The Custom Function screen will appear.

This screen shows the [Custom Functions (C.Fn)] menu item selected.
<PIC>
2. Select Custom Function No. Turn the dial to select the desired setting, then press SET.

This screen shows the Custom Function number selection screen.
<PIC>
3. Change the setting. Turn the dial to select the desired setting, then press SET. Repeat steps 2 and 3 if you want to set other Custom Functions. On the bottom of the screen, you can see the current Custom Function settings.

This screen shows a Custom Function setting changed, with the current settings shown along the bottom.
<PIC>
4. Exit the menu. Press the MENU button to return to the menu.,[""Manual10_228"", ""Camera_75"", ""Camera_76""]"
296,"Active Noise Canceling Truly Wireless Earphones components:

Multifunction Button. The image shows the earphones in the charging case, with the multifunction button area on the earbuds.
<PIC>

Right Earbud, Left Earbud. The image identifies the right and left earbuds separately.
<PIC>

Status LED Indicators. The image shows the earbuds with the LED indicator areas identified.
<PIC>

Battery Level LED Indicators.

Battery Level Display Button. The image shows the charging case with the battery level display button and the battery level LED indicator area.
<PIC>,[""Manual12_0"", ""Manual12_1"", ""Manual12_2"", ""Manual12_3""]"
297,"1. To power the charging case, insert the USB-C cable into the charging port located at the back of the charging case.

This picture shows the USB-C charging port on the back of the charging case.
<PIC>
2. Insert the standard USB cable into any suitable USB port.

This picture shows the standard USB cable being inserted into a suitable USB port.
<PIC>
3. The Battery Level LED Indicators will light up according to the battery capacity.

This picture shows the Battery Level LED Indicators lighting according to the case battery capacity.
<PIC>
4. You can see the case battery level at any time by pressing the button on the right hand side of the case.

This picture shows the case battery level display button on the right hand side of the case.
<PIC>,[""Manual12_4"", ""earphones_04"", ""earphones_05"", ""earphones_06""]"
298,"When the case is opened, the earbuds first connect to each other, then enter pairing mode.

The charging case view shows the case area used during startup and pairing. <PIC>

When the earbuds are in the case, the earbud LEDs show their charge status.

The LED status display in the case shows low battery, charging, and fully charged states. <PIC>

When the earbuds are removed from the case, the earbud LEDs show their pairing status.

The earbud LED display shows the pairing and connected states after the earbuds are removed. <PIC>

On your phone, go to the Bluetooth page in the settings app. Make sure Bluetooth is ON before connecting to the available device “earphones”.

The Bluetooth settings screen shows Bluetooth turned on and the earbuds listed as an available device. <PIC>

If the earbuds have been previously paired to a nearby device, they will automatically re-connect to it.,[""earphones_07"", ""Manual12_5"", ""Manual12_6"", ""Manual12_7""]"
299,"The two main controlling functions of the earphones are controlling music and controlling calls.

Controlling Music is shown with the earphone button controls for music playback.
<PIC>

Controlling Calls is shown with the earphone button controls for call handling.
<PIC>,[""Manual12_8"", ""Manual12_9""]"
300,"You can operate these other earphone functions:

Activate the phone Voice Assistant: press and hold to the first beep, then let go.

Activate the music app: press and hold to the first beep, then let go. The image shows the earbud press action for this function. <PIC> The music app resumes playback where you left off. If there was no previous session, or if you want to play other music, simply tap again and the music app will play songs it thinks you’ll like.

Turn ambient awareness and ANC Modes ON/OFF: press the left earbud; the earbud cycles modes. The image shows the earbud press action used to cycle these modes. <PIC>

Low Latency Mode: this reduces the latency, or time delay, inherent in Bluetooth connections. It’s best for lipsync and gaming. To turn Low Latency Mode ON/OFF, press and hold to the second beep, then let go. The image shows the press-and-hold action for Low Latency Mode. <PIC>,[""earphones_01"", ""earphones_02"", ""earphones_03""]"
301,"Remove the earbuds from the case and disconnect them from Bluetooth before resetting.

To perform a factory reset, press and hold for 6 seconds. This erases all settings. The image shows pressing and holding both earbuds for the reset action, with the lights flashing red and blue. <PIC>

To perform a hardware reset, press and hold for 10 seconds. This restarts the earphones. Press again to power on. The image shows pressing and holding both earbuds for the hardware reset action. <PIC>

Flashing red and blue lights indicate the reset state. Hardware resets are only necessary in the rare case that the earbuds lock up and are unresponsive.,[""Manual12_11"", ""Manual12_12""]"
302,"Maintenance and care policies

Use a soft cloth or paper towel to clean your earphones. Never use any harsh chemicals or detergents for cleaning. Make sure your earphones are dry before charging.

When your earphones are not in use, store them in a cool, dry place.

Never tug or yank on a cable while it is connected to your charging case. Connect and disconnect cables as carefully as possible.

Never expose your earphones to high temperatures or extreme cold.

Recycle or dispose of your earphones properly based on the laws and rules of your municipality. Contact local recycling facilities and/or the manufacturer of your earphones for further information."
303,"Front view: the eReader has a TFT LCD display screen, Home/ESC button, Prev/Next Page button, Navigation/Menu button, Zoom in/out button, Rotate button, and Play/Pause button.

The front view shows the display and main reading/navigation controls.
<PIC>
[1] Home/ESC button: When you are prompted to select or enter, press this button to cancel the operation; sub-interface, or to exit the current interface and return to the previous.

[2] Prev/Next Page: press this button to open the Previous/Next page.

[3] Navigation /Menu: Navigation button is a 4 way control button (left, right, up, down); Menu button is menu and confirm.

[4] Zoom in/out: zoom in / out of the JPEG file. Also increase or decrease the font size of the E book content.

[5] Rotate: Use this function to rotate your E Book either in horizontal or vertical view.

[9] Play/Pause: Press this button to Start / Pause play the music or recording by MIC.

[15] TFT LCD Display Screen: 7” in diagonal.

Navigation view: the Navigation button is a 4 way control button, and the Menu button is used for menu and confirm.

The navigation view shows the up, down, left, right controls around the central Menu button.
<PIC>
[11] Volume +: press the UP button to increase the volume when playing music.

[12] Volume -: press the DOWN button to reduce the volume when playing music.

Bottom/interface view: the eReader has the earphone jack, USB port, Micro SD card reader, power button, reset on/off switch, and speaker.

The bottom/interface view shows the power switch, MIC opening, TF card slot, earphone jack, and USB port positions.
<PIC>
[6] 3.5 mm Earphone Jack: Connect your earphone for your private enjoyment (earphone not included).

[7] USB Port: use USB cable to charge the device and to connect to computer to transfer your contents.

[8] Micro SD card reader: Compatible with Micro SD/SDHC up to 16GB memory.

[10] Power button: Press the button 3-5 Seconds to power on/off the device.

[13] Reset On/Off switch: This is located on the back of the device next to card reader. This is to reset the device back to factory original default. You might use this key when you encounter some minor problem with the device.

[14] Speaker: 0.5W audio output.,[""Manual13_0"", ""Manual13_1"", ""Manual13_2""]"
304,"The Main Menu shows all functions of the device: “Browser History”, “eBook”, “Music”, “Video”, “Photo”, “Record”, “Explorer”, and “settings”. Select the desired function, then enter.

This image shows the Main Menu function list on the eReader.
<PIC>

Browser History displays the files recently browsed. Move the Navigation keys to select a book, then press the “M” button to enter. It will go to the last page you read on the selected book.

This image shows the recently browsed file list.
<PIC>

Note: If the files are in the Micro SD card, and the recently read files are deleted, the records will continue to be retained in the “Browser history” list; however, you cannot open them.,[""Manual13_3"", ""Manual13_4""]"
305,"In eBook mode, pressing the “M” button opens the eBook options menu: “Page Jump”, “Save Mark”, “Load Mark”, “Del Mark”, “Browser Mode”, “Flip Time”, “Brightness”, and “Set color”.

The image shows the eBook reading screen with the options menu opened after pressing “M”.
<PIC>,[""eReader_08""]"
306,"Open the audio files list from the main menu, select the desired audio file, then press “M” to enter play mode.

The music playback screen shows the selected track, playback time, and volume level.
<PIC>
You can also add audio files by connecting the eReader to your computer with a USB cable, then dragging the desired audio files and pasting them into the device.

Supported audio formats are MP3, WMA, WAC, ACC, and ECT.

You can listen to audio while reading an eBook, browsing photos, or browsing the menu.

Adjusting the volume: press the “Up/Down” key on the Navigation key, or use the Up/Prev page and Down/Next page keys.

Play/Pause: press the “Play / Pause” key to pause or continue playback.

Forward / Backward / Previous / Next: press and hold the “left direction” key to move backward in the music, and press and hold the “right direction” key to move forward. Press and release the “left direction” key to go to the previous audio file, and press and release the “right direction” key to go to the next audio file.,[""Manual13_7""]"
307,"Yes. Select “Record” in the main menu, then click the “M” button to enter voice record mode.

This screen shows the device after entering voice record mode.
<PIC>

To start recording, press the “Play/Pause” button. Press “Play/Pause” again to pause the recording. Press “HOME” to stop the recording.

After you are done recording, the device will prompt you to choose whether to save the recording into the device. Select “YES” or “NO” by pressing the “M” key.

This prompt appears after stopping the recording and lets you choose whether to save the record file.
<PIC>,[""Manual13_11"", ""Manual13_12""]"
308,"Go to “Video” and press the “M” key to enter Video mode. The eReader supports AVI, RMVB, and MPEG2 video formats.

The video playback screen shows the video file, playback progress, time, and volume.
<PIC>
From video playing mode, press the “M” button to open video options.

Subtitle language: If subtitles are available from your video file, press the “M” button, then select Subtitle Language to change it.

Select Time play: Press the “M” button, then select “time play” to change the time to play from.

Full screen: Press the “M” button, then select “Full Screen” to change the screen display. The three modes are “Full screen”, “Normal”, and “Original”.

Brightness: There are five brightness levels, so you can select a comfortable brightness.,[""Manual13_9""]"
309,"Yes. Go to Photo and press the “M” button to enter Photo mode. This device supports JPEG and BMP image formats.

In Photo mode, the photo viewer screen displays the selected image.
<PIC>
Use the “left / right” navigation keys to go to the previous or next photo.

Press the “Play/Pause” key to rotate the photo in a counter-clockwise sequence.

Press the zoom in / out keys to zoom the photo in or out.

Note: some large-size files require more time to rotate than small-size files. They also require more time to load into the photo viewer.,[""Manual13_10""]"
310,"1. Cannot power on the e-book reader

a. Charge the device until the power indicator bar is full.

b. If the device is defective, contact the manufacturer for instructions.
2. Not able to charge the device

a. If the AC adaptor is defective, contact the manufacturer for replacement.

b. If the USB cable is defective, contact the manufacturer for replacement.
3. No sound or noise when using earphone

a. Adjust the volume setting and make sure the volume is not at 0.

b. Try another pair of earphones.

c. Make sure the music file compression rate is high; low-quality music files may cause noise and distortion.
4. Cannot download files into the reader

a. The USB cable may be defective.

b. The E Reader’s memory may be full.

c. Windows 98 may require a new USB2.0 DRIVER to detect the e-book reader as a removable disk. Visit a website to download the driver.
5. Cannot play music files

a. This reader has a powerful audio processor and can play most popular audio formats. However, some latest music formats or resolutions might not work properly on this device. Contact manufacturer technical support for assistance."
311,"To finish the fax telephone line connection properly, connect the equipment to the telephone line using a standard modular jack, USOC RJ11C.

The plug and jack used to connect the equipment to the premises wiring and telephone network must comply with the applicable FCC Part 68 rules and ACTA requirements. Use the compliant telephone cord and modular plug provided with the product, and connect them to a compatible modular jack that is also compliant.

If the telephone company requests it, provide the product identifier from the label on the back side of the equipment, in the format US: AAAEQ##TXXXX."
312,"WARNING: For models with the fax function only, when using your telephone equipment, basic safety precautions should always be followed to reduce the risk of fire, electrical shock, and injury to people.
1. DO NOT use this product near water or locations that may become wet, for example, near a bathtub, wash bowl, kitchen sink or washing machine, in a wet basement, or near a swimming pool.
2. Avoid using this product during a thunderstorm. There may be a remote risk of an electrical shock from lightning.
3. DO NOT use this product to report a gas leak in the vicinity of the leak.
4. Use only the power cord provided with the product (if included in the box). Read all of the instructions. Save them for later reference."
313,"Wait until pages have exited the product before picking them up. If you pick them up too soon, your fingers may be trapped inside the machine and injured.

DO NOT put your hand or any foreign objects into the ink insertion slot. Doing this may cause injury."
314,"Before moving it, wait until any pages have exited the product before picking them up, so your fingers do not get trapped inside the machine. Do not put your hand or foreign objects into the ink insertion slot.

If the tray has been extended for large paper, position the product so the tray does not protrude past the edge of the table or desk; if someone hits the tray, the product could fall and cause injury.

This illustration shows the extended tray should not stick out beyond the table edge.
<PIC>

For MFC-J5955DW/MFC-J6540DW/MFC-J6555DW/MFC-J6740DW/MFC-J6940DW/MFC-J6955DW, at least two people should lift the product. One person should hold the front and one person should hold the back. Carry it by sliding your hands into the handhold indentations on each side, and be careful not to trap your fingers when putting it down.

This illustration shows the two-person lifting position and the side handhold indentations.
<PIC>

Do not carry the product by holding the areas shown here; the product may slip out of your hands and cause injury.
<PIC>

For MFC-J5340DW/MFC-J5855DW, carry the product by sliding your hands into the handhold indentations located on each side of the product.

This illustration shows where to place your hands in the side indentations for carrying smaller MFC-J models.
<PIC>

When carrying the product, remove the trays if they have been expanded to hold large paper. The weight of the paper could cause the trays to fall and injure you or others.

This illustration shows removing expanded trays before carrying the product.
<PIC>,[""Manual15_6"", ""fax_08"", ""Manual15_10"", ""Manual15_11"", ""Manual15_12""]"
315,"Yes. Do not remove or damage any caution or warning labels inside the product.

For MFC-J6540DW/MFC-J6555DW/MFC-J6740DW/MFC-J6940DW/MFC-J6955DW models, the label inside the product must stay in place.
<PIC>

Moving parts are located in the gray shaded areas. Keep your hands away from those areas when the parts are moving, or injury may result.

The warning label and gray shaded moving-part areas inside the product are shown here.
<PIC>

Do not remove or damage the caution or warning label inside the product.,[""Manual15_14"", ""Manual15_15""]"
316,"Yes. For Canada, fax-capable models have this statement:

EQUIPMENT ATTACHMENT LIMITATIONS (Canada Only) (Models with the fax function only):

NOTICE: This product meets the applicable Innovation, Science and Economic Development Canada technical specifications. The Ringer Equivalence Number (REN) indicates the maximum number of devices allowed to be connected to a telephone interface. The termination of an interface may consist of any combination of devices, subject only to the requirement that the sum of the RENs of all the devices does not exceed five.

These products are made for use in the USA and Canada only. Using USA or Canada models overseas is not recommended because it may violate that country’s Telecommunications Regulations for fax-capable models, and the product’s power requirements may not be compatible with power available in foreign countries."
317,"Connecting Regulator To The LP Tank:
1. LP tank must be properly secured onto grill. Refer to assembly section.
2. Turn all control knobs to the OFF position.
3. Turn LP tank OFF by turning OPD hand wheel clockwise to a full stop.
4. Remove the protective cap from LP tank valve. Always use cap and strap supplied with valve.

This picture shows the LP tank valve parts, including the OPD hand wheel, safety relief valve, outlet, strap and cap.
<PIC>

Do not use a POL transport plug, which is a plastic part with external threads. It will defeat the safety feature of the valve.

This picture shows the POL transport plug that must not be used.
<PIC>
5. Hold regulator and insert nipple into LP tank valve. Hand-tighten the coupling nut, holding regulator in a straight line with LP tank valve so as not to cross-thread. Nipple has to be centered into the LP tank valve.

This picture shows the regulator nipple aligned straight into the LP tank valve while the coupling nut is hand-tightened.
<PIC>
6. Turn the coupling nut clockwise and tighten to a full stop. The regulator will seal on the back-check feature in the LP tank valve, resulting in some resistance. An additional one-half to three-quarters turn is required to complete the connection. Tighten by hand only; do not use tools.

If you cannot complete the connection, disconnect regulator and repeat steps 5 and 6. If you are still unable to complete the connection, do not use this regulator.

Do not insert any tool or foreign objects into the valve outlet or safety relief valve. You may damage the valve and cause a leak. Leaking propane may result in explosion, fire, severe personal injury, or death.

If a leak is detected at any time, STOP and call the fire department. If you cannot stop a gas leak, immediately close LP tank valve and call LP gas supplier or your fire department.,[""Manual19_16"", ""Manual19_17"", ""Manual19_18""]"
318,"1. Turn all grill control knobs to OFF.
2. Be sure the regulator is tightly connected to the LP tank.
3. Completely open the LP tank valve by turning the OPD hand wheel counterclockwise. If you hear a rushing sound, turn the gas off immediately. There is a major leak at the connection. Correct it before proceeding by calling Sears for replacement parts at 1-800-4-MY-HOME.
4. Brush soapy solution onto the areas where bubbles are shown in the connection points. This picture shows the LP tank, valve, hose, and regulator areas to check with soapy water. <PIC>
5. If ""growing"" bubbles appear, there is a leak. Close the LP tank valve immediately and retighten the connections. If leaks cannot be stopped, do not try to repair it. Call Sears for replacement parts at 1-800-4-MY-HOME.
6. Always close the LP tank valve after performing the leak test by turning the hand wheel clockwise. This picture shows the valve closed again after the test. <PIC>

Never attempt to attach this grill to the self-contained LP gas system of a camper trailer or motor home. Do not use the grill until it has been leak-tested. This warning is shown beside the leak-test instruction. <PIC>,[""Manual19_20"", ""Manual19_21"", ""Manual19_22""]"
319,"Indirect cooking is best for poultry and large cuts of meat. Selected burners provide heat that circulates gently through the grill, so the meat or poultry cooks without touching a direct flame. This also greatly reduces flare-ups when cooking extra fatty cuts, because there is no direct flame to ignite fats and juices that drip during cooking.

This image shows indirect cooking with food kept away from the direct flame while heat circulates inside the grill.
<PIC>

Pay attention to these points:

Always cook with the lid closed.

Cooking times may vary due to weather conditions.

In cold and windy conditions, the temperature setting may need to be increased to ensure sufficient cooking temperatures.

For 1 burner cooking, you can cook with direct or indirect heat. It is best for smaller meals or foods and consumes less fuel.

This image shows a burner setup for indirect cooking, with heat arranged so the cooking is slow and even.
<PIC>

Indirect cooking on low produces slow, even heating and is ideal for slow roasting and baking.,[""Manual19_36"", ""Manual19_37""]"
320,"The first three assembly steps are:
1. Attach the two locking casters at the rear of the bottom shelf and the two fixed casters at the front using the supplied wrench.

The image shows the caster positions on the bottom shelf, with fixed casters at the front and locking casters at the rear.
<PIC>
2. Attach the side panels to the bottom shelf.

The image shows the left and right side panels being fastened to the bottom shelf with screws and lock washers.
<PIC>
3. Attach the light adapter to the back panel using four #8-32x3/8"" screws, 4mm lock washers, 4mm flat washers and #8 nuts. Place the lower back panel between the side panels at the rear of the bottom shelf. Secure the lower back panel to the side panels using two 1/4-20x1/2"" screws and 7mm lock washers on each side. Secure the lower back panel to the bottom shelf using one 1/4-20x1/2"" screw and 7 mm lock washer.

The image shows the lower back panel positioned between the side panels and fastened at the sides and bottom.
<PIC>

The image shows the light adapter fastened to the back panel with the listed screws, washers, and nuts.
<PIC>,[""Manual19_49"", ""Manual19_50"", ""Manual19_51"", ""Manual19_52""]"
321,"Safety Tips:

Before opening the LP tank valve, check the coupling nut for tightness.

When the grill is not in use, turn off all control knobs and the LP tank valve.

Never move the grill while it is operating or still hot. Use long-handled barbecue utensils and oven mitts to avoid burns and splatters.

The maximum load for shelves is 10 lbs. Do not use a cooking pot larger than 9"" on the grid.

The grease tray must be installed into the opening in the back panel and should be emptied after each use. Do not remove the grease tray until the grill has completely cooled.

If you notice grease or other hot material dripping from the grill onto the valve, hose, or regulator, turn off the gas supply at once. Determine the cause, correct it, then clean and inspect the valve, hose, and regulator before continuing. Perform a leak test.

The regulator may make a humming or whistling noise during operation. This will not affect the safety or use of the grill. If you have a grill problem, see the Troubleshooting Section.

This image relates to the regulator condition during grill operation.
<PIC>

If the regulator frosts, turn off the grill and LP tank valve immediately. This indicates a problem with the tank, and it should not be used on any product. Return it to the supplier!

This image shows the regulator frost warning condition.
<PIC>

If the burner does not light, turn the knobs to OFF, wait 5 minutes, and try again. Always close the valve during the 5-minute waiting period. If the burner does not ignite with the valve open, gas will continue to flow out of the burner and could accidentally ignite, with risk of injury.,[""Manual19_24"", ""Manual19_25""]"
322,"Your WaveRunner has three identification numbers to record:

Primary Identification (PRI-ID) number: this is stamped on a label attached inside the engine compartment.

This label shows the PRI-ID information and format.
<PIC>

This view shows where the PRI-ID label is attached inside the engine compartment.
<PIC>

Hull Identification Number (HIN): this is stamped on a plate attached to the hull on the aft, starboard (right) side.

This plate shows the HIN information and format.
<PIC>

This view shows the HIN plate location on the aft, starboard side of the hull.
<PIC>

Engine serial number: this is stamped on a label attached to the engine unit.

This label shows the engine serial number information.
<PIC>

This view shows where the engine serial number label is attached on the engine unit.
<PIC>

Record the PRI-ID number, HIN, and engine serial number in the spaces provided so they can help when ordering spare parts from a jetski dealer. Also record and keep these ID numbers in a separate place in case your watercraft is stolen.,[""Manual20_0"", ""jetski_01"", ""Manual20_1"", ""jetski_02"", ""Manual20_2"", ""jetski_03""]"
323,"Cruising limitations

Scan constantly for people, objects, and other watercraft.

This illustration shows the operator checking surrounding water traffic and people while riding.
<PIC>
Keep alert for conditions that limit your visibility or block your view of others.

Operate defensively at safe speeds, and keep a safe distance from people, objects, and other watercraft. Do not follow directly behind watercraft or other boats. Do not go near others to spray or splash them with water.

Avoid sharp turns or other maneuvers that make it hard for others to avoid you or understand where you are going. Avoid areas with submerged objects or shallow water. Ride within your limits and avoid aggressive maneuvers to reduce the risk of loss of control, ejection, and collision.

Night operation restriction

This watercraft is not equipped with the lighting required for night operation.

This illustration indicates that operating the watercraft at night is prohibited.
<PIC>
Do not operate the watercraft after sunset or before dawn; otherwise, you increase the risk of colliding with another boat, which could result in severe injury or death.,[""Manual20_16"", ""Manual20_18""]"
324,"Cruising limitations

Scan constantly for people, objects, and other watercraft. <PIC> The image illustrates keeping watch around the watercraft for people and other water traffic.

Be alert for conditions that limit your visibility or block your vision of others. Operate defensively at safe speeds and keep a safe distance away from people, objects, and other watercraft.

Do not follow directly behind watercraft or other boats. Do not go near others to spray or splash them with water. Avoid sharp turns or other maneuvers that make it hard for others to avoid you or understand where you are going.

Avoid areas with submerged objects or shallow water. Never operate in water that is less than 60 cm (2 ft) deep, otherwise you increase your chance of hitting a submerged object, which could result in injury. <PIC> The image shows the minimum water depth requirement for operating the watercraft.

Ride within your limits and avoid aggressive maneuvers to reduce the risk of loss of control, ejection, and collision.

This watercraft is not equipped with lighting required for night operation. <PIC> The image indicates that night operation is not allowed.

Do not operate the watercraft after sunset or before dawn, otherwise you increase the risk of colliding with another boat, which could result in severe injury or death.,[""Manual20_16"", ""Manual20_17"", ""Manual20_18""]"
325,"Operation requirements for safe riding

All riders must wear a Coast Guard approved personal flotation device (PFD) suitable for personal watercraft use.

All riders must also wear protective clothing. Severe internal injuries can occur if water is forced into body cavities from falling into the water or being near the jet thrust nozzle. Normal swimwear does not adequately protect against forceful water entry into the rectum or vagina. All riders must wear a wetsuit bottom or clothing that provides equivalent protection, such as thick, tightly woven, sturdy, snug-fitting apparel like denim. Spandex or similar fabrics, such as bicycle shorts, do not provide equivalent protection.

The required riding protection includes a Coast Guard approved PFD and a wetsuit bottom.
<PIC>
The protective gear shown is the PFD and wetsuit bottom that riders should wear.

Eye protection is recommended to keep wind, water, and sun glare out of your eyes while operating the watercraft. Floating restraining straps for eyewear are available in case your eyewear falls into the water. Footwear and gloves are also recommended.

Helmets meeting Snell or DOT standards are required for IJSBA-sanctioned races. For recreational riding, you must decide whether to wear a helmet. A helmet may help protect you in some accidents, but it may also create hazards: falling into the water could cause the helmet to catch water, which can strain your neck and cause choking, severe and permanent neck injuries, or death. A helmet could also increase accident risk if it reduces vision or hearing, distracts you, or increases fatigue. If you choose to wear one, consider your riding environment, riding style and ability, traffic congestion, and water surface conditions. Choose a helmet carefully, preferably one designed for personal watercraft use, and consider a Snell or DOT standard helmet. For closed-course competition, follow the sanctioning organization’s helmet requirements.

NEVER operate the watercraft after consuming alcohol or taking other drugs.
<PIC>
The warning symbol indicates that riding after alcohol or drug use is prohibited.

Always perform the preoperation checks before operating the watercraft, for safety and proper care of the watercraft.

The operator and passenger should always keep both feet in the footwell while the watercraft is moving. Lifting your feet increases the chance of losing balance or having your feet hit by objects outside the watercraft. Do not give a ride to a child whose feet cannot reach the floor of the footwell. The passenger should firmly hold on to the operator.
<PIC>
The riding posture shown keeps the passenger holding on to the operator while the watercraft is underway.

Consult your doctor before riding if you are pregnant or in poor health.

Do not attempt to modify the watercraft. Modifications may reduce safety and reliability, and may make the watercraft unsafe or illegal to use.

Scan carefully for swimmers and stay away from swimming areas. Swimmers are hard to see, and you could accidentally hit someone in the water. Watch for other boats; other boaters may not be watching for you. Maintain a safe distance from boats or other watercraft, watch for ski ropes or fishing lines, obey the Rules of the Road, and check behind you before making a turn.,[""Manual20_19"", ""Manual20_20"", ""Manual20_21""]"
326,"Your jetski has these watercraft characteristics:

Steering depends on jet thrust. Jet thrust turns the watercraft. Releasing the throttle completely produces only minimum thrust. If you are traveling faster than trolling speed, your ability to steer will decrease rapidly without throttle. You may still have some turning ability immediately after releasing the throttle, but once the engine slows down, the watercraft will not respond to handlebar input until you open the throttle again or reach trolling speed. Practice turning in an open area without obstructions until you have a good feel for this maneuver.

It is water-jet propelled. The jet pump is directly connected to the engine, so jet thrust will produce some movement whenever the engine is running. There is no “neutral” position.

The image shows the intake grate 1 and the jet thrust nozzle area related to the jet pump hazard.
<PIC>

Keep away from intake grate 1 while the engine is on. Long hair, loose clothing, or PFD straps can become entangled in moving parts, resulting in severe injury or drowning. Never insert any object into the jet thrust nozzle while the engine is running; severe injury or death could result from contact with rotating parts of the jet pump.,[""Manual20_25""]"
327,"When two vessels meet, one may be the “stand-on” vessel and the other the “give-way” vessel.

Stand-on vessel: if you have the right-of-way, continue your course and speed, except to avoid an immediate collision. Holding your direction and speed lets the other vessel judge how to avoid you.

Give-way vessel: if you do not have the right-of-way, take positive and timely action to stay out of the stand-on vessel’s way. Normally, do not cross in front of the vessel with the right-of-way. Slow down or change direction briefly and pass behind the other vessel. Always move so the other operator can see what you are doing.

If a collision appears unavoidable, neither boat has the right-of-way. Both boats must avoid the collision; in that situation, both vessels become give-way vessels.

There are three main encounter situations: meeting head-on, crossing another vessel’s path, and overtaking or being overtaken.

This diagram shows your watercraft in the center, with the areas where you must give way and the areas where other vessels must yield to you.
<PIC>
You should give the right-of-way to vessels shown in the white area; vessels in the shaded area must yield to you. Both you and a meeting vessel must alter course to avoid each other.

Meeting: if you meet another power vessel head-on and are close enough to risk collision, neither of you has the right-of-way. Both of you should alter course to avoid an accident. Keep the other vessel on your port, or left, side. This rule does not apply if both vessels will clear each other while continuing on the set course and speed.

This diagram shows two power vessels meeting head-on and both altering course to avoid each other.
<PIC>
In a head-on meeting, keep the other vessel on your port, or left, side when avoidance is needed.

Crossing: when two power-driven vessels cross paths close enough to risk collision, the vessel that has the other on its starboard, or right, side must keep out of the way. If the other vessel is on your starboard, or right, side, you must keep out of its way; you are the give-way vessel. If the other vessel is on your port, or left, side, maintain course and direction, provided the other vessel gives you the right-of-way as it should.

This diagram shows a crossing situation where the give-way vessel must avoid the stand-on vessel.
<PIC>
When crossing, the vessel with the other vessel on its starboard, or right, side must keep out of the way.

Overtaking: if you are passing another vessel, you are the give-way vessel. The other vessel is expected to maintain its course and speed, and you must stay out of its way until you are clear of it. If another vessel is passing you, maintain your speed and direction so the other vessel can steer around you.,[""Manual20_26"", ""Manual20_27"", ""Manual20_28""]"
328,"There is a seat latch at the rear of the seat. This image shows the latch location at the rear of the seat.
<PIC>

To remove the seat: Pull the seat latch up, and then pull the seat off.
<PIC>
The image above shows the latch being pulled up to release the seat.

To install the seat: Insert the projection on the front of the seat into the stay on the deck, and then push the rear of the seat down to lock it in place securely.
<PIC>
The image above shows the rear of the seat being pushed down to lock it.

Make sure that the seat is properly secured before operating the watercraft.,[""Manual20_35"", ""Manual20_36"", ""Manual20_37""]"
329,"To open the hood, push latch 1 down, and then lift the hood up. The latch position is shown here. <PIC>

To close the hood, push the hood down to lock it in place. This shows the hood being pressed down until it locks. <PIC>

Make sure that the hood is properly secured before operating the watercraft.,[""Manual20_38"", ""Manual20_39""]"
330,"Fuel tank filler cap

To remove the fuel tank filler cap 1, turn it counterclockwise.

The cap is the round filler cap on the front deck of the watercraft.
<PIC>

NOTE: Make sure that the fuel tank filler cap is properly secured before operating the watercraft.

Oil tank filler cap

To remove the oil tank filler cap 1, turn it counterclockwise.

The oil tank filler cap is removed by turning it counterclockwise.
<PIC>

Make sure that the oil tank filler cap is properly secured before operating the watercraft.,[""Manual20_40"", ""Manual20_41""]"
331,"Engine stop switch

Push switch 1, the red button, to stop the engine normally.

The image shows the red engine stop switch on the handlebar.
<PIC>

Engine shut-off switch and lanyard

Insert clip 1, on the end of the engine shut-off cord, under engine shut-off switch 3, the black button. The engine will stop automatically when the clip is removed from the switch, such as if the operator falls off the watercraft.

The image shows clip 1, engine shut-off cord 2, and black engine shut-off switch 3 in their installed positions.
<PIC>

WARNING: Always attach the engine shut-off cord to your wrist and the clip to the engine shut-off switch BEFORE starting the engine. To prevent accidental starting of the engine or unauthorized use by children or others, always remove the clip from the shut-off switch when the engine is not running.

The image shows the lanyard clip fitted to the engine shut-off switch.
<PIC>,[""Manual20_43"", ""Manual20_44"", ""Manual20_45""]"
332,"Throttle lever: use it to accelerate and decelerate.

Choke lever: this lever is listed among the watercraft controls, but no manipulation steps are given for it in the available section.

The handlebar control diagram shows the control area where these levers are located.
<PIC>
Use the throttle lever for speed control; the same controls area also identifies the choke lever.,[""Manual20_32""]"
333,"The QSTS selector is located at the left handlebar grip and is used to adjust the trim angle of the watercraft. Operating the QSTS selector changes the angle of the jet thrust nozzle vertically, which changes the trim angle of the watercraft.

There are 5 positions: 2 bow down positions, neutral “N”, and 2 bow up positions.

To change the trim angle:
1. Reduce engine speed to 3,000 r/min or less.
2. Squeeze the shift lock lever, and then turn the QSTS selector to the desired position.
3. Release the shift lock lever to lock the QSTS selector.

This image shows the QSTS selector at the left handlebar grip and the shift lock lever used before turning the selector.
<PIC>

CAUTION: Do not turn the QSTS selector while operating the watercraft at full throttle, otherwise damage could occur to the QSTS.

The neutral “N” position will provide good performance for most operating conditions. To enhance particular types of performance, select bow down or bow up.

This image shows the QSTS trim positions and how the jet thrust nozzle angle changes for bow down, neutral, and bow up settings.
<PIC>,[""Manual20_51"", ""Manual20_52""]"
334,"Fuel meter

The fuel meter lets you check the fuel level while riding. It has eight segments that show the amount of fuel remaining in the fuel tank. The segment indication can differ depending on your operating condition, so use the meter as a reference.

The display shown here is the fuel meter area with the fuel segments.
<PIC>

Hour meter

The hour meter helps you follow the maintenance schedule. It shows the total hours of engine operation since the watercraft was new.

The display shown here is the hour meter area marked “HOUR.”
<PIC>

The elapsed time is kept even if the battery terminals have been disconnected. If the hour meter malfunctions, “_-_” is displayed and the warning light blinks.,[""Manual20_58"", ""Manual20_59""]"
344,"Fuel filter

The watercraft has a one-piece, disposable fuel filter 1. Replace it after the initial 10 hours or first month of operation, and then every 200 hours or 24 months thereafter, or if water is found in the filter.

The picture shows the one-piece fuel filter 1 in the watercraft’s internal fuel line area.
<PIC>

Have a Yamaha dealer replace the fuel filter if necessary.

WARNING: Do not try to replace the fuel filter yourself. An incorrectly installed filter can leak gasoline, which could lead to fire or explosion. If necessary, have a Yamaha dealer replace the fuel filter.

Fuel tank

Check the fuel tank 1 for leakage or water in the tank.

The picture shows the fuel tank 1 inside the watercraft.
<PIC>

If water is found in the fuel system, or if the fuel tank needs to be cleaned, have a Yamaha dealer service the watercraft.,[""Manual20_81"", ""Manual20_82""]"
345,"The Adjustable Sponsons can be adjusted to enhance watercraft performance according to operator preference and operating conditions.

To adjust:
1. Remove the bolts 1 on both sponsons.

This picture shows the bolts 1 that must be removed from the adjustable sponson.
<PIC>
2. Remove both sponsons, and then install them in the desired position.

NOTE: Be sure to install both sponsons to the same level.
3. Tighten the bolts on both sponsons to the correct torque.

This picture shows the bolts being tightened after the adjustable sponson is installed.
<PIC>

Tightening torque: 18 N·m (1.8 kgf·m, 13 ft·lb),[""Manual20_83"", ""Manual20_84""]"
346,"If weeds or debris are caught in the jet intake or impeller, jet thrust can decrease even though engine speed rises. If this continues, the engine can overheat and may seize. If there is any sign that the jet intake or impeller is clogged, beach the watercraft and check the intake and impeller. Always stop the engine before beaching the watercraft.

Before removing weeds or debris, shut the engine off and remove the clip from the engine shut-off switch; contact with the rotating parts of the jet pump could cause severe injury or death. The image shows the engine shut-off clip removed and the jet intake/impeller area to check.
<PIC>
1. Turn the watercraft on its side.

CAUTION: Place a suitable clean cloth or carpeting underneath the watercraft to protect it from abrasions and scratches. Always turn the watercraft over onto its port (left) side. When turning the watercraft on its side, support the bow so the handlebars cannot be bent or damaged. The image shows the watercraft turned onto its left side for access to the intake and impeller area.
<PIC>
2. Remove any weeds or debris from around the drive shaft, impeller, pump housing, and jet thrust nozzle. If the debris is difficult to remove, consult your Yamaha dealer.

CAUTION: Always avoid operating your watercraft in areas where weed growth is thick. If traveling in weeded areas is unavoidable, operate the engine alternately at partial throttle and full throttle. Weeds tend to accumulate more at a steady speed and at trolling speed. If weeds clog the intake or impeller area and cause cavitation, follow the cleaning procedure above.,[""Manual20_85"", ""Manual20_86""]"
347,"Before starting, scan constantly for people, objects, and other watercraft. Be alert for conditions that limit your visibility or block your vision of others.

This image shows checking the surrounding area before riding.
<PIC>

Operate defensively at safe speeds and keep a safe distance away from people, objects, and other watercraft. Do not follow directly behind watercraft or other boats. Do not go near others to spray or splash them with water. Avoid sharp turns or other maneuvers that make it hard for others to avoid you or understand where you are going. Avoid areas with submerged objects or shallow water. Take early action to avoid collisions. Remember watercraft and other boats do not have brakes. Do not release the throttle when trying to steer away from objects—you need throttle to steer. Practice reboarding in shallow water before riding in deep water.

Starting and boarding in shallow water:
1. Do not start the engine in less than 60 cm (2 ft) of water. Put the watercraft in water that is deep enough, and then board the watercraft from the side or the rear.

This image shows the minimum water depth needed before starting and boarding in shallow water.
<PIC>
2. Attach the engine shut-off cord to your left wrist, and then install the clip to the engine shut-off switch.
3. Grip the handlebars with both hands, place both feet on the floor of the footwell, start the engine, and start off.

Starting from a dock:
1. Board the watercraft from the side.
2. Attach the engine shut-off cord to your left wrist, and then install the clip to the engine shut-off switch.
3. Push the watercraft away from the dock, grip the handlebars with both hands, place both feet on the floor of the footwell, start the engine, and start off.

This image shows pushing away from the dock and starting off.
<PIC>,[""Manual20_87"", ""Manual20_88"", ""Manual20_89""]"
348,"WARNING: Severe internal injuries can occur if water is forced into body cavities from being near the jet thrust nozzle. Do not apply throttle until the passenger is seated, has both feet on the floor of the footwell, and is holding on to the operator.
1. Climb on board as described for boarding, and sit astride the seat. Attach the engine shut-off cord to your wrist, then install the clip to the engine shut-off switch.
2. Have the passenger move to the rear of the watercraft.
3. Have the passenger get on board and sit on the seat. Both the passenger and the operator should try to balance the watercraft while the passenger boards.

This shows the passenger boarding from the rear and sitting on the seat while the operator keeps the watercraft balanced.
<PIC>
4. The operator should check that the passenger’s feet are on the floor of the footwell and that the passenger is securely holding on to the operator.
5. Start the engine, look in all directions, and then accelerate to planing speed.

This shows both people seated, with the passenger holding on before the watercraft accelerates.
<PIC>

WARNING: Before starting off, make sure there are no boats, obstructions, or swimmers around you.

This shows two people riding after boarding and starting off.
<PIC>

The heavier the total weight of the operator and passenger, the harder it will be to balance the watercraft. Do not operate it when the total weight exceeds 160 kg (353 lb), including any cargo.,[""Manual20_90"", ""Manual20_91"", ""Manual20_92""]"
349,"If it is difficult to balance the watercraft at a standstill, proceed as follows:
1. The passenger must steady the watercraft while the operator is boarding. The operator pulls himself up onto the platform into a seating position, then balances the watercraft.

This shows the passenger steadying the watercraft while the operator boards from the platform.
<PIC>
2. Attach the lanyard to your left wrist, then install the clip on the lanyard to the engine shut-off switch. Start the engine and keep it at idle.
3. The passenger pulls himself up on the platform, kneels down, then crawls onto the seat as the watercraft accelerates.

This shows the passenger pulling up onto the platform and boarding.
<PIC>
4. The watercraft can now be accelerated to planing speed, then the operator can reduce the throttle to the desired running speed.

This shows both riders seated as the watercraft accelerates and runs.
<PIC>,[""jetski_06"", ""jetski_07"", ""jetski_08""]"
350,"Maximum load: 160 kg (353 lb).

This is the total weight of cargo, operator, and passenger. The watercraft is designed to carry the operator and one passenger, and no more than 2 persons should ride it at one time."
351,"The base station controls and indicators include a button that you press to find handsets, and press and hold to enter registration mode.

This view shows the base station button used for finding handsets and entering registration mode.
<PIC>

On the other base station view, the same control function is shown: press to find handsets, and press and hold to enter registration mode. It also includes the speaker.
<PIC>,[""Manual22_18"", ""Manual22_19""]"
352,"Read the safety instructions before connecting and installing the handset.

Risk of product damage: make sure the power supply voltage matches the voltage printed on the back or underside of the phone. The warning graphic marks this product-damage caution. <PIC>

Use only the supplied power adapter to charge the batteries.

Connect each end of the power adapter to:

the DC input jack at the bottom of the base station;

the power socket on the wall.

The diagram shows the power adapter connected between the base station’s bottom DC input jack and the wall power socket. <PIC>

Connect each end of the line cord to:

the telephone socket at the bottom of the base station;

the telephone socket on the wall;

the power socket on the wall.

If you use DSL high-speed internet service through the telephone line, install a DSL filter between the telephone line cord and the power socket. The filter prevents noise and caller ID problems caused by DSL interference. The type plate is located on the bottom of the base station.,[""Manual22_21"", ""Manual22_22""]"
353,"The batteries are pre-installed in the handset. Pull the battery tape off from the battery door before charging.

This image shows the battery tape being pulled from the handset battery compartment.
<PIC>

Risk of explosion! Keep batteries away from heat, sunshine or fire. Never discard batteries in fire.

This image shows the battery safety warning for keeping batteries away from heat, sunlight, and fire.
<PIC>

Use only the supplied batteries.

Risk of decreased battery life! Never mix different brands or types of batteries.

This image shows the warning not to mix different brands or types of batteries.
<PIC>

Charge the batteries for 8 hours before first use. If the handset becomes warm when the batteries are charging, it is normal.

Check the battery polarity when inserting in the battery compartment. Incorrect polarity may damage the product.,[""Manual22_23"", ""Manual22_24"", ""Manual22_25""]"
354,"Check the battery level by looking at the battery icon on the handset display. The icon shows the current battery level.
<PIC>

If the batteries are empty, the handset turns off. If you are on a call when the batteries are almost empty, you hear warning tones, and the call disconnects after the warning.
<PIC>,[""Manual22_28"", ""Manual22_29""]"
355,"Make sure that the base station has power supply.

Register the handset to the base station.

Move the handset closer to the base station."
356,"To check the LED indicator status on the handset, select [Menu] > [Phone setup] > [LED status] > [Events status] / [Charge status], then press [OK] to confirm.

The LED status table shows how the handset indicator maps to events or charging status.
<PIC>

For Events status:

On: Audio boost is on.

Off: The phone is in a call or in standby mode.

Flashing: There is a new message, a new voicemail, a missed call, or the phone is muted.

After you confirm the LED status setting, the setting is saved.,[""Manual22_40""]"
357,"Base station LED indicator status

Steady on:
There is no new message and the memory is not full.
The handset is switched on.
The base station has entered paging mode.

Flashing:
There is a new message and the memory is not full.
There is an incoming call.

The table shows the base station LED indicator behavior and the corresponding message status.
<PIC>,[""Manual22_46""]"
358,"Lower the roll bar only when absolutely necessary.
1. Remove the hairpin cotters and remove the 2 pins.
2. Lower the roll bar to the down position. There are 2 down positions.

The image shows the two possible down positions for the roll bar.
<PIC>
3. Install the 2 pins and secure them with the hairpin cotters.,[""Manual23_32""]"
359,"Machines with Suspension System Only: The suspension system adjusts to provide a smooth and comfortable ride. You can adjust the rear 2-shock assemblies to quickly and easily change the suspension system.

Position the suspension system where you are most comfortable. The slots for the rear-shock assemblies have detent positions for reference. You can position the rear-shock assemblies anywhere in the slot, not just in the detent positions.

This view shows the softest position, firmest position, and detents in the rear-shock assembly slots.
<PIC>
1. Firmest position
2. Softest position
3. Detents in the slots

Note: Ensure that the left and right rear-shock assemblies are always adjusted to the same positions.

Adjust the rear-shock assemblies using the seat-suspension knob.
<PIC>
1. Seat-suspension knob,[""Manual23_37"", ""Manual23_38""]"
360,"For machines with an electric deck lift:
1. Push up on the deck-lift switch.

The switch raises the deck when pushed up and lowers the deck when pushed down.
<PIC>
2. Select the hole in the height-of-cut bracket that corresponds to the desired height of cut, and insert the pin.

The bracket uses the height-of-cut pin to set the selected cutting height.
<PIC>
3. Push down on the deck-lift switch to set the height of cut.,[""Manual23_55"", ""Manual23_56""]"
361,"Loading a machine onto a trailer or truck increases the possibility of tip-over and could cause serious injury or death.

Use extreme caution when operating the machine on a ramp. Back the machine up the ramp and drive it forward down the ramp. Avoid sudden acceleration or deceleration while driving on a ramp, as this could cause loss of control or a tip-over.
1. If using a trailer, connect it to the towing vehicle and connect the safety chains.
2. If applicable, connect the trailer brakes and lights.
3. Lower the ramp, ensuring that the angle between the ramp and the ground does not exceed 15 degrees.
4. Back the machine up the ramp.

The ramp direction diagram shows the machine being backed up the ramp for loading and driven forward down the ramp for unloading.
<PIC>
5. Shut off the engine, remove the key, and engage the parking brake.
6. Tie down the machine near the front caster wheels and the rear bumper with straps, chains, cable, or ropes. Refer to local regulations for tie-down requirements.

The tie-down diagram shows the tie-down loop locations used to secure the machine during transport.
<PIC>,[""Manual23_64"", ""Manual23_65""]"
362,"Use extreme caution when operating the machine on a ramp. Drive it forward down the ramp, and avoid sudden acceleration or deceleration because this could cause loss of control or a tip-over.
1. Lower the ramp, ensuring that the angle between the ramp and the ground does not exceed 15 degrees.
2. Drive the machine forward down the ramp.

The image shows the correct ramp direction: back the machine up the ramp when loading, and drive it forward down the ramp when unloading.
<PIC>,[""Manual23_64""]"
363,"Changing the Engine Oil:

Note: Dispose of the used oil at a recycling center.
4. Start the engine and let it run for 5 minutes. Note: This warms the oil so that it drains better.
5. Park the machine so that the drain side is slightly lower than the opposite side to ensure that the oil drains completely.
6. Disengage the blade-control switch (PTO) and engage the parking brake.
7. Shut off the engine, remove the key, and wait for all moving parts to stop before leaving the operating position.
8. Drain the oil from the engine. The image shows the oil being drained through the drain hose into an oil pan.
<PIC>
9. Slowly pour approximately 80% of the specified oil into the filler tube and slowly add the additional oil to bring it to the Full mark. The image shows filling the engine oil and checking the level with the dipstick until it reaches Full.
<PIC>
10. Start the engine and drive to a flat area.
11. Check the oil level again.,[""Manual23_86"", ""Manual23_87""]"
364,"For the Kohler air cleaner filters:
1. Park the machine on a level surface, disengage the blade-control switch (PTO), and engage the parking brake.
2. Shut off the engine, remove the key, and wait for all moving parts to stop before leaving the operating position.
3. Release the latches on the air cleaner and pull the air-inlet cover off the air-cleaner body.
4. Clean the air-inlet screen and cover.
5. Install the air-inlet cover and secure it with the latches.

The air-inlet cover, air-inlet screen, air-cleaner body, and latch are shown here.
<PIC>
Use the latches to secure the air-inlet cover back onto the air-cleaner body.
6. Release the latches on the air cleaner and pull the air-cleaner cover off the air-cleaner body.
7. Clean the inside of the air-cleaner cover with compressed air.
8. Gently slide the primary filter out of the air-cleaner body. Note: Avoid knocking the filter into the side of the body.

The inner filter, primary filter, air-cleaner cover, latch, and air-cleaner body are shown here.
<PIC>
Slide the primary filter out gently from the air-cleaner body.
9. Remove the inner filter only if you intend to replace it. Important: Never attempt to clean the inner filter. If the safety filter is dirty, then the primary filter is damaged. Replace both filters.
10. Inspect the primary filter for damage by looking into the filter while shining a bright light on the outside of the filter. Note: Holes in the filter will appear as bright spots. If the filter is damaged, discard it.,[""Manual23_83"", ""Manual23_82""]"
365,"Replacing the Mower Belt
1. Park the machine on a level surface, disengage the blade-control switch (PTO), and engage the parking brake.
2. Shut off the engine, remove the key, and wait for all moving parts to stop before leaving the operating position.
3. Lower the mower to the 76 mm (3 inches) height of cut.
4. Remove the belt covers.

This shows the belt covers being removed.
<PIC>
5. Use a 3/8-inch ratchet in the square hole in the idler arm to remove tension on the idler spring.
6. Remove the belt from the mower-deck pulleys and the clutch pulley.
7. Remove the belt guide on the spring-loaded idler arm.
8. Remove the existing belt.
9. Install the new belt around the mower pulleys and the clutch pulley under the engine.

This shows the mower belt routing and tensioning parts: spring, clutch pulley, mower belt, spring-loaded idler assembly, ratchet, and the square hole in the idler arm for the ratchet.
<PIC>
10. Install the belt guide on the idler arm.
11. Using the 3/8-inch ratchet in the square hole, install the idler spring.

Note: Ensure that the spring ends are seated in the anchor grooves.
12. Install the belt covers.

This shows the belt covers being installed back into place.
<PIC>,[""Manual23_99"", ""Manual23_100"", ""Manual23_101""]"
366,"Control Set-Up lets you change the microwave’s default values for beep sound, clock, display speed, and defrost weight mode (LBS/KG).

The control setup options are shown here, including the available settings for sound, clock, scroll speed, and LBS/KG choice.
<PIC>

Example: to change defrost weight mode from Lbs to Kg:
1. Touch the Control Set-Up pad. The display prompts you to choose Sound ON/OFF, Clock ON/OFF, Scroll Speed, or LBS/KG Choice.
2. Touch number [4] for LBS/KG Choice. The display prompts LBS or KG.
3. Touch number [2] to select KG.

The setup sequence for switching the defrost weight unit to KG is shown here.
<PIC>,[""Manual24_9"", ""Manual24_10""]"
367,"The Lo Light can be set to turn on and off automatically at any time. It will come on at the low setting at the same time every day and turn off at the set time until reset.

Example: turn on at 2:00 AM and turn off at 7:00 AM.

This image shows the Light Timer setting procedure for entering the light-on time and light-off time.
<PIC>

To reset the time for the Light to turn on and off, repeat steps 1 to 5.

To cancel the Light Timer, use the cancellation procedure shown here.
<PIC>

If you want to cancel the Light Timer while it is operating, touch the Light HI/LO/Off pad.,[""Manual24_11"", ""Manual24_12""]"
368,"Favorite Recipe stores one cooking instruction in memory so you can recall it and start cooking quickly.

To program cooking for 2 minutes:
1. Touch the Favorite Recipe pad.
2. Enter the cook time by touching number keypads [2], [0], and [0].
3. Touch the Start pad.

The programming display sequence is shown here, including the Favorite Recipe pad, the 2:00 cook time entry, and Start.
<PIC>

To recall the custom recipe:
1. Touch the Favorite Recipe pad.
2. Touch the Start pad.

The recall sequence is shown here, with the stored 2:00 recipe ready to start.
<PIC>

When the cook time is over, you will hear four beeps and END will display. Power level defaults to Hi, but this setting is modifiable.,[""Manual24_16"", ""Manual24_17""]"
369,"Reheat lets you heat foods without programming cooking times or Power Levels. It has preset Power Levels for 3 categories: Casserole, Dinner Plate, and Soup/Sauce.

Choose the matching Reheat category from the touch pad numbers shown here: Casserole [1], Dinner Plate [2], Soup/Sauce [3].
<PIC>

Example: To reheat Casserole
1. Touch the Reheat pad. The display prompts you to select a menu number from 1 to 3.
2. Choose the food category. For Casserole, touch number [1]. The display shows CASSEROLE once, then SENSING.
<PIC>

When the cook time is over, you will hear four beeps and END will display.

Recommended amounts are shown here: Casserole 1-4 cups, Dinner Plate 1-2 servings, Soup/Sauce 1-4 cups.
<PIC>,[""Manual24_29"", ""Manual24_30"", ""Manual24_31""]"
370,"Auto Defrost is preset with three defrost sequences and is intended for frozen foods.

The Auto Defrost chart shows the food categories and the number pad used to select each one: meat, poultry, or fish.
<PIC>

Example for defrosting 1.2 lbs. of ground beef:
1. Touch the Auto Defrost pad.
2. Choose the food category. For ground beef, touch number pad [1] for meat.
3. Enter the weight by touching [1] and [2] for 1.2 lbs.
4. Touch START to begin defrosting.
<PIC>

When you touch START, the display changes to a defrost-time countdown. During the DEFROST cycle, the oven will beep. At that time, open the door and turn, separate, or rearrange the food. Remove any portions that have thawed. Return the still-frozen portions to the oven and touch START to resume the defrost cycle.,[""Manual24_32"", ""Manual24_33""]"
371,"The grease filter should be removed and cleaned often, at least once a month.
1. To remove the grease filter, slide the filter to the side. Pull the filter downward and push it to the other side. The filter will drop out.

This picture shows the grease filter being removed downward from the microwave hood.
<PIC>
2. Wash in a dishwasher or soak the grease filter in hot water and a mild detergent. Rinse well and shake to dry. Do not use ammonia or place in a dishwasher. The aluminum filter will darken.

This picture shows the grease filter being rinsed during cleaning.
<PIC>
3. To reinstall the filter, slide it into the side slot, then push up and toward the oven center to lock.

This picture shows the grease filter being pushed back into the slot and locked in place.
<PIC>

CAUTION: To avoid risk of personal injury or property damage, do not operate the oven hood without the filter in place.,[""Manual24_47"", ""Manual24_48"", ""Manual24_49""]"
372,"If your oven is vented inside, replace the charcoal filter every 6 to 12 months, or more often if necessary. The charcoal filter cannot be cleaned.
1. Unplug the oven or turn off power at the main power supply.
2. Remove the two vent grill mounting screws. (2 middle screws)

This shows the two middle mounting screws on the vent grill being removed.
<PIC>
3. Tip the grill forward, then lift it out.
4. Remove old filter.

This shows the old charcoal filter being pulled out from behind the vent grill.
<PIC>
5. Slide a new charcoal filter into place. The filter should rest at the angle shown.

This shows the new charcoal filter sliding into position at the proper angle.
<PIC>
6. Slide the bottom of the grill into place. Push the top until it snaps into place. Replace the mounting screws. Turn the power back on at the main power supply and set the clock.,[""Manual24_50"", ""Manual24_51"", ""Manual24_52""]"
373,"Oven light replacement
1. Unplug oven or turn off power at the main power supply.
2. Remove the vent cover mounting screws. (2 middle screws)
3. Tip the cover forward, then lift out to remove.
The image shows the vent cover being tipped forward and removed after the mounting screws are taken out.
<PIC>
4. Remove bulb holder.
The image shows the bulb holder location after the vent cover is removed.
<PIC>
5. Lift up the bulb holder.
The image shows the bulb holder being lifted up for access to the bulb.
<PIC>
6. Replace bulb with a 30 or 40 watt appliance bulb.
7. Replace the bulb holder.
8. Slide the bottom of the vent cover into place. Push the top until it snaps into place. Replace the mounting screws. Turn the power back on at the main power supply or plug in the oven.,[""Manual24_54"", ""Manual24_55"", ""Manual24_56""]"
374,"This motherboard has three PCI Express 3.0 x16 slots that support PCI Express 3.0 x16 graphics cards complying with the PCI Express specifications.

The slot-mode table shows the PCIe 3.0 x16 operating arrangement for single, dual, and triple VGA/PCIe card configurations. <PIC>

In single VGA card mode, use the PCIe 3.0x16_1 slot (gray) for a PCI Express x16 graphics card to get better performance.

Provide sufficient power when running some modes. When using multiple graphics cards, connect a chassis fan to the motherboard connector labeled CHA_FAN1/2/3 for a better thermal environment.,[""Manual25_31""]"
375,"Clear RTC RAM jumper (2-pin CLRTC)

The CLRTC header is used to clear the Real Time Clock (RTC) RAM in CMOS, including date, time, system setup parameters, and system passwords. The onboard button cell battery powers this CMOS RAM data.

The image shows the 2-pin CLRTC header location on the motherboard.
<PIC>
Use the CLRTC pins only for clearing the RTC RAM.

To erase the RTC RAM:
1. Turn OFF the computer and unplug the power cord.
2. Use a metal object such as a screwdriver to short the two pins.
3. Plug the power cord and turn ON the computer.
4. Hold down the < Del > key during the boot process and enter BIOS setup to reenter data.

If the steps above do not help, remove the onboard battery and short the two pins again to clear the CMOS RTC RAM data. After clearing the CMOS, reinstall the battery.

You do not need to clear the RTC when the system hangs due to overclocking. For system failure due to overclocking, use the CPU Parameter Recall (C.P.R.) feature. Shut down and reboot the system, then the BIOS automatically resets parameter settings to default values.

CPU Over Voltage jumper (3-pin CPU_OV)

The CPU Over Voltage jumper lets you set a higher CPU voltage for a flexible overclocking system, depending on the type of installed CPU.

The image shows the CPU_OV jumper position and its pin settings.
<PIC>
To gain more CPU voltage setting, insert the jumper to pins 2-3. To go back to the default CPU voltage setting, insert the jumper to pins 1-2.,[""Manual25_33"", ""Manual25_34""]"
376,"Connect the rear panel devices to the matching ports on the motherboard rear I/O panel.

The rear panel connector layout is shown by the labeled port diagram.
<PIC>
1. PS/2 Mouse/Keyboard combo port. This port connects to a PS/2 mouse or PS/2 keyboard.
2. Display Port. This port is for Display Port-compatible devices.
3. Video Graphics Adapter (VGA) port. This 15-pin port is for a VGA monitor or other VGA-compatible devices.
4. LAN (RJ-45) port. This port allows Gigabit connection to a Local Area Network (LAN) through a network hub.

The LAN port has LED indications for link/activity and speed.
<PIC>

The LAN LED indication chart shows the corresponding LAN port status meanings.
<PIC>
5. Center / Subwoofer port (orange). This port connects the center/subwoofer speakers.
6. Rear Speaker Out port (black). This port connects the rear speakers in a 4.1 channel, 5.1 channel, or 7.1 channel audio configuration.
7. Line In port (light blue). This port connects to the tape, CD, DVD player, or other audio sources.
8. Line Out port (lime). This port connects to a headphone or a speaker. In the 4.1, 5.1, and 7.1 channel configurations, the function of this port becomes Front Speaker Out.
9. Microphone port (pink). This port connects to a microphone.

The audio port configuration chart shows how the rear audio ports are assigned for 2, 4.1, 5.1, or 7.1-channel audio.
<PIC>
10. Optical S/PDIF out port. This port allows you to connect your PC to amplified speakers, headphones, or Sony/Phillips Digital Interconnect Format (S/PDIF) compliant devices.,[""Manual25_35"", ""Manual25_36"", ""Manual25_37"", ""Manual25_38""]"
377,"You can set the adjustable onboard LEDs from either the BIOS or the LED Control app in Ai Suite 3.

The Model name LEDs are five small LEDs located below the printed model name on the motherboard. They can be turned off or changed to another lit mode. The location of these LEDs is shown here:
<PIC>
Their available lighting modes are shown in the lighting table:
<PIC>
To change this setting in BIOS, go to Advanced > Onboard Devices Configuration > Model Name LED Lighting.

The SupremeFX LED outlines the separation of the audio components from the rest of the motherboard. It can also be turned off or changed to another lit mode. The LED area is shown here:
<PIC>
Its available lighting modes are shown in the lighting table:
<PIC>
To change this setting in BIOS, go to Advanced > Onboard Devices Configuration > SupremeFX LED Lighting.

The standby power LED is only an indicator for whether the system is ON, in sleep mode, or in soft-off mode. Before removing or plugging in any motherboard component, shut down the system and unplug the power cable. Its location is shown here:
<PIC>,[""Manual25_55"", ""Manual25_56"", ""Manual25_57"", ""Manual25_58"", ""Manual25_54""]"
378,"Updating the BIOS file:
6. On the FreeDOS prompt, type bupdater /pc /g and press <Enter>.

D:/> bupdater /pc /g
7. On the BIOS Updater screen, press <Tab> to switch from the Files panel to the Drives panel, then select D:.

The BIOS Updater screen shows the Files panel and Drives panel used to choose the drive.
<PIC>
8. Press <Tab> to switch from the Drives panel to the Files panel, then press the <Up/Down or Home/End> keys to select the BIOS file and press <Enter>.
9. After BIOS Updater checks the selected BIOS file, select Yes to confirm the BIOS update.

The confirmation prompt asks whether you are sure you want to update the BIOS.
<PIC>

The BIOS Backup feature is not supported due to security regulations.
10. Select Yes, then press <Enter>. When the BIOS update is done, press <ESC> to exit BIOS Updater.
11. Restart your computer.

DO NOT shut down or reset the system while updating the BIOS to prevent system boot failure.

Ensure to load the BIOS default settings to ensure system compatibility and stability. Select the Load Optimized Defaults item under the Exit BIOS menu. See section 2.10 Exit Menu for details.,[""Manual25_63"", ""Manual25_64""]"
379,"Create RAID from the EZ Tuning Wizard in BIOS.

The EZ Tuning Wizard screen includes the RAID setup option.
<PIC>
5. Press <F11> on your keyboard or click from the BIOS screen to open the EZ Tuning Wizard screen.
6. Click RAID, then click Yes to enable RAID.

Ensure that your HDDs have no existing RAID volumes. Ensure to connect your HDDs to Intel SATA connectors.

The available HDDs are shown before continuing.
<PIC>
7. The available HDDs display. Click Next to continue.

The storage function selection screen lets you choose Easy Backup or Super Speed.
<PIC>
8. Select the type of storage for your RAID: Easy Backup or Super Speed, then click Next.

For Easy Backup, the RAID type selection screen offers Easy Backup RAID options.
<PIC>
a. For Easy Backup, select from Easy Backup (RAID1) or Easy Backup (RAID10), then click Next. You can only select Easy Backup (RAID 10) if you connect four (4) HDDs.

For Super Speed, the RAID type selection screen offers Super Speed RAID options.
<PIC>
b. For Super Speed, select from Super Speed (RAID0) or Super Speed (RAID5), then click Next.
9. After selecting the type of RAID, click Yes to continue the RAID setup.
10. After the RAID setup is done, click Yes to exit the setup, then click OK to reset your system.,[""Manual25_71"", ""Manual25_72"", ""Manual25_73"", ""Manual25_74"", ""Manual25_75""]"
380,"Requirement:
• 1 x support DVD
• 1 x OS 7 installation source
• 1 x SATA ODD
• 1 x USB device, either ODD or storage

The USB storage device requires 8 GB or more capacity. It is recommended to format the storage device before use.
1. Insert the OS 7 installation DVD into a USB ODD, or copy all files on the OS 7 installation DVD to a USB storage device on a working system.
2. Connect the USB ODD or USB storage device to your 100 series platform.
3. Insert the support DVD into a SATA ODD on your 100 series platform.
4. Power on your system and press F8 during POST (Power-On Self Test) to enter the boot screen.

The boot screen lets you choose the boot device.
<PIC>
5. The USB 3.0 driver will be loaded automatically during installation startup.

The installation startup screen shows “Setup is starting...” when the USB 3.0 driver is loaded correctly.
<PIC>
6. Follow the onscreen instructions to complete the OS 7 installation.,[""Manual25_87"", ""Manual25_88""]"
381,"Place nine screws into the holes indicated by circles to secure the motherboard to the chassis. Do not over tighten the screws! Doing so can damage the motherboard.

The image shows the screw holes to use and the side that should face the rear of the chassis.
<PIC>

Place this side towards the rear of the chassis.,[""Manual25_6""]"
382,"Before installing the CPU onto the motherboard CPU socket, make sure the CPU is firmly clicked into place in the CPU Installation Tool.

The CPU Installation Tool should be handled from the sides during CPU installation, not pressed or bent.
<PIC>

Use the CPU Installation Tool only for installing the CPU. Do not damage or bend the CPU Installation Tool.

Hold both sides of the CPU Installation Tool firmly whenever installing, removing, or picking it up.

The CPU Installation Tool secures the CPU and helps keep the CPU orientation correct before it is placed into the socket.
<PIC>

The CPU Installation Tool is then used to place the CPU into the motherboard socket during the installation sequence.
<PIC>

Damage resulting from incorrect CPU installation or removal, incorrect CPU orientation or placement, or other damage caused by user negligence is not covered.,[""Manual25_10"", ""Manual25_11"", ""Manual25_12""]"
383,"System memory

This motherboard has four Double Data Rate 4 (DDR4) Dual Inline Memory Module (DIMM) sockets. A DDR4 module is notched differently from DDR, DDR2, or DDR3 modules. DO NOT install a DDR, DDR2, or DDR3 memory module into the DDR4 slot. DIMM voltage below 1.65 V is recommended to protect the CPU.

The motherboard layout marks the four 288-pin DDR4 DIMM sockets.
<PIC>
These are the 288-pin DDR4 DIMM sockets.

You may install 2 GB, 4 GB, 8 GB, and 16 GB unbuffered non-ECC DDR4 DIMMs into the DIMM sockets.

The recommended memory population shows which DIMM sockets to use for supported memory configurations.
<PIC>
These are the recommended memory configurations.

You may install varying memory sizes in Channel A and Channel B. The system maps the total size of the lower-sized channel for the dual-channel configuration. Any excess memory from the higher-sized channel is then mapped for single-channel operation.

DIMM voltage below 1.65 V is recommended to protect the CPU.

Due to the memory address limitation on 32-bit systems, when you install 4 GB or more memory on the motherboard, the actual usable memory for the OS can be about 3 GB or less. For effective use of memory, use a maximum of 3 GB system memory if you are using a 32-bit OS, or install a 64-bit OS if you want to install 4 GB or more on the motherboard.

The default memory operation frequency depends on Serial Presence Detect (SPD), the standard way of accessing information from a memory module. Under the default state, some overclocking memory modules may operate at a lower frequency than the vendor-marked value. To run at the vendor-marked or a higher frequency, use the Ai Tweaker menu for manual memory frequency adjustment.

Always install DIMMs with the same CAS Latency. For optimum compatibility, install memory modules of the same version or data code (D/C) from the same vendor. Check with the vendor to get the correct memory modules.

A 4-DIMM or 2-DIMM kit is highly recommended for full DIMM configuration. Full DIMM support depends on the physical characteristics of the individual CPU or memory.

For system stability, use a more efficient memory cooling system when running a full memory load with 4 DIMMs or when overclocking.,[""Manual25_18"", ""Manual25_19""]"
384,"The 10-1 pin COM connector is for a serial (COM) port. Connect the serial port module cable to this connector, then install the module to a slot opening at the back of the system chassis.

The illustration shows the motherboard’s 10-1 pin COM serial connector and the serial port module cable connection.
<PIC>

The COM module is purchased separately.,[""Manual25_39""]"
385,"The 14-1 pin TPM connector supports a Trusted Platform Module (TPM) system. The TPM system securely stores keys, digital certificates, passwords, and data. It also helps enhance network security, protect digital identities, and ensure platform integrity.

This diagram shows the motherboard TPM connector and its 14-1 pin layout.
<PIC>

TPM connector,[""Manual25_40""]"
386,"The 2-pin T_SENSOR thermal sensor connector is used for a thermistor cable, allowing you to monitor the temperature of the motherboard’s critical components and connected devices.

The illustration identifies the T_SENSOR connector location on the motherboard and shows it as a 2-pin thermal sensor header.
<PIC>

Connect a thermistor cable to this connector when you need temperature monitoring for those components or connected devices.,[""Manual25_43""]"
387,"Quick Release (QR or QPR) stops cooking quickly and helps prevent overcooking. It is suited for quick-cooking vegetables and delicate seafood.

Press the quick release button down until it clicks and locks into the Vent position.

This image shows the quick release button being pressed down and locked into Vent.
<PIC>

When the button is pressed down, a jet of steam ejects through the top of the steam release valve. This is normal. When pressure has been fully released, the float valve drops into the lid.

This image shows steam venting from the steam release valve during quick release.
<PIC>,[""multi-use_pressure_cooker_and_air_fryer_01"", ""multi-use_pressure_cooker_and_air_fryer_02""]"
388,"Pressure cooking lid

This overview shows the pressure cooking lid setup for removing and closing the lid.
<PIC>

Removing the lid

01 Grip the lid handle and turn it counterclockwise to align the symbol on the lid with the symbol on the rim of the cooker base.

02 Lift the lid up and off the cooker base towards your body.

This picture shows the pressure cooking lid being turned and lifted off the cooker base.
<PIC>

Closing the lid

01 Align the symbol on the lid with the symbol on the cooker base, then lower the lid onto the track.

02 Turn the lid clockwise until the symbol on the lid aligns with the symbol on the cooker base.

This picture shows the lid being rotated into position on the cooker base.
<PIC>,[""Manual30_11"", ""Manual30_12"", ""Manual30_13""]"
389,"Install the float valve this way:

Drop the narrow end of the float valve into the float valve hole on the top of the lid.

Place one finger on the flat top of the float valve, then turn the lid over.

Firmly attach the silicone cap to the bottom of the float valve.

The picture shows holding the float valve from the top of the lid while working with it.
<PIC>

The picture shows the silicone cap being attached to the bottom of the float valve.
<PIC>

Do not attempt to operate the pressure cooker without the float valve and/or silicone cap properly installed in the pressure cooking lid.,[""Manual30_36"", ""Manual30_37""]"
390,"The anti-block shield prevents food particles from coming up through the steam release pipe, which helps with pressure regulation.

The anti-block shield is part of the product’s safety system and is necessary for pressure cooking.

This image shows the anti-block shield on the pressure cooking lid near the steam release pipe.
<PIC>,[""Manual30_19""]"
391,"Install the steam release valve before using the cooker.

Place the steam release valve on the steam release pipe and press down firmly. The steam release valve sits loosely on the steam release pipe when installed properly, but it should remain in place when the lid is turned over.

This image shows the steam release valve being placed onto the steam release pipe and pressed down.
<PIC>

To remove it, pull the steam release valve up and off the steam release pipe. The steam release valve must be installed before using the cooker.

This image shows the steam release valve being pulled up from the steam release pipe.
<PIC>,[""Manual30_33"", ""Manual30_32""]"
392,"Anti-block shield

Remove the anti-block shield: Grip the lid like a steering wheel and use your thumbs to press firmly against the side of the anti-block shield, pressing towards the side of the lid and up, until it pops off the prongs underneath.

This shows the thumb-press direction for removing the anti-block shield from the underside prongs.
<PIC>

Install the anti-block shield: Place the anti-block shield over the prongs and press down until it snaps into position. Do not attempt to operate the pressure cooker without the anti-block shield installed.

This shows the anti-block shield being positioned over the prongs and pressed down to snap into place.
<PIC>,[""Manual30_34"", ""Manual30_35""]"
393,"Install the float valve by dropping the narrow end of the float valve into the float valve hole on the top of the lid.

Place one finger on the flat top of the float valve, then turn the lid over. The image shows the float valve being held in place while the silicone cap is attached from the underside of the lid.
<PIC>
Firmly attach the silicone cap to the bottom of the float valve.

Do not attempt to operate the pressure cooker without the float valve and/or silicone cap properly installed in the pressure cooking lid.,[""Manual30_37""]"
394,"The condensation collector sits at the back of the cooker base and catches any overflow from the condensation rim. Install it before cooking, then empty and rinse it after each use.

To install the condensation collector: align the grooves on the condensation collector over the tabs on the back of the cooker base, then slide the condensation collector into place.

This image shows the condensation collector sliding onto the back of the cooker base, with the grooves aligned over the tabs.
<PIC>,[""Manual30_38""]"
395,"Silicone sealing ring

The sealing ring is easiest to remove and install when it is wet and soapy.

To install the sealing ring, place the sealing ring over the sealing ring rack and press it into place.

This image shows the silicone sealing ring being pressed into the lid’s sealing ring rack.
<PIC>

Press down firmly to prevent puckering. When installed properly, the sealing ring is snug behind the sealing ring rack and should not fall out when the lid is turned over.,[""Manual30_31""]"
396,"Grip the edge of the silicone sealing ring and pull it out from behind the circular stainless-steel sealing ring rack.

This image shows the silicone sealing ring positioned around the lid’s sealing ring rack.
<PIC>

After removing the sealing ring, inspect the steel rack to make sure it is secured, centered, and an even height all the way around the lid. Do not attempt to repair a deformed sealing ring rack.

The sealing ring is easiest to remove when it is wet and soapy.,[""Manual30_30""]"
397,"The sealing ring creates an air-tight seal between the pressure cooking lid and the inner pot when the lid is closed.

It must be installed before using the cooker, and only one sealing ring should be installed in the lid at a time. This image shows the sealing ring being fitted into the inside of the pressure cooking lid.
<PIC>
Silicone is porous, so it absorbs strong aromas and certain flavors; keeping extra sealing rings on hand can help limit aroma and flavor transfer between dishes.

CAUTION: Only use authorized Multi-use pressure cooker and air fryer sealing rings. DO NOT use a stretched or damaged sealing ring.

Always check the sealing ring before cooking for cuts, deformation, and correct installation.

Sealing rings stretch over time with normal use. Replace the sealing ring every 12-18 months, or sooner if you notice stretching, deformation, or damage. Failure to follow these instructions may cause food to discharge, which may lead to personal injury or property damage.,[""Manual30_16""]"
398,"The steam release valve sits loosely on the steam release pipe. When the cooker releases pressure, steam ejects from the top of the steam release valve. The steam release valve is integral to product safety and necessary for pressure cooking.

This image shows steam releasing from the top of the steam release valve.
<PIC>

WARNING Do not cover or block the steam release valve in any way.,[""Manual30_15""]"
399,"Quick Release (QR or QPR)

Quick Release stops cooking quickly and helps prevent overcooking. It is suited for quick-cooking vegetables and delicate seafood.

Press the quick release button down until it clicks and locks into the Vent position.

This image shows the quick release button pressed down and locked in the Vent position.
<PIC>

When the button is pressed down, a jet of steam ejects through the top of the steam release valve. This is normal. When pressure has been fully released, the float valve drops into the lid.

This image shows steam venting from the top of the steam release valve.
<PIC>,[""multi-use_pressure_cooker_and_air_fryer_01"", ""multi-use_pressure_cooker_and_air_fryer_02""]"
400,"Natural Release (NR or NPR) means cooking stops gradually. As the temperature inside the cooker drops, the cooker depressurizes naturally over time.

The Natural Release illustration shows the cooker left to depressurize without pressing the quick release button. <PIC>

Use NR to depressurize the cooker after cooking high-starch foods, such as soups, stews, chilis, pasta, oatmeal and congee, or after cooking foods that expand when cooked, such as beans and grains.,[""Manual30_9""]"
401,"Robot anatomy

The vacuum’s robot anatomy is shown in three exterior layout views: the top view, the buttons and indicators, and the bottom view.

The top view shows the robot’s main exterior parts, including the iAdapt® Localization Camera, Handle, and Bin Release Button.
<PIC>

The button and indicator layout shows the CLEAN Button, DOCK Button, SPOT Button, Wi-Fi Indicator, Troubleshooting Indicator, Battery Indicator, Full Bin Indicator, and Dirt Detect Indicator.
<PIC>

The bottom view shows the underside layout, including the Extractor Caps, Debris Extractors, Dust Bin, Extractor Frame, Extractor Frame Release Tabs, Side Brush, Charging Contacts, and Floor Tracking Sensor.
<PIC>,[""Manual32_1"", ""Manual32_2"", ""Manual32_3""]"
402,"The two primary modes are Halo Mode and Virtual Wall Mode.

Halo Mode creates a protective zone the vacuum will not enter, reaching about 24 inches from the center of the device. <PIC>

Virtual Wall Mode turns the device into an invisible, cone-shaped barrier that can block openings up to 10 feet. <PIC>,[""Manual32_5"", ""Manual32_6""]"
403,"Emptying the Bin
1. Press the bin release button to remove the bin.

This picture shows the bin being removed after pressing the bin release button.
<PIC>
2. Open the bin door to empty the bin.

This picture shows the bin door opened so the debris can be emptied.
<PIC>

NOTE: If the full bin indicator comes on at any time during a cleaning job, you can always pause the cleaning job to empty the bin and then continue cleaning. If the full bin indicator is illuminated, but the bin does not appear to be full, refer to Cleaning the Full Bin Sensors.,[""Manual32_8"", ""Manual32_9""]"
404,"3. Remove the filter by grasping the yellow tab.

The image shows the filter being pulled out by its yellow tab.
<PIC>
4. Shake off debris by tapping the filter against your trash container.

The image shows the filter being tapped over a trash container to remove debris.
<PIC>

IMPORTANT! The filter door won’t close unless a filter is reinserted. Insert the filter with the yellow tab facing up.,[""Manual32_10"", ""Manual32_11""]"
405,"1. Remove and empty the bin.

This shows the bin being removed and emptied before sensor cleaning.
<PIC>
2. Wipe the sensors with a clean, dry cloth.

This shows the full bin sensors on the vacuum that should be wiped.
<PIC>
3. Wipe the inner and outer sensor ports on the bin with a clean, dry cloth.

This shows the inner and outer sensor ports on the bin that should be wiped.
<PIC>,[""Manual32_12"", ""Manual32_13"", ""Manual32_14""]"
406,"1. Pinch the yellow extractor frame release tabs, lift up the extractor frame, and remove any obstructions.

This image shows the extractor frame being lifted after the release tabs are pinched.
<PIC>
2. Remove the extractors and remove the yellow extractor caps. Remove any hair or debris that has collected underneath the caps and around the metal axles. Reinstall the extractor caps.

This image shows the yellow extractor caps removed so hair and debris around the axles can be cleared.
<PIC>
3. Remove hair and debris from the square and hexagonal plastic pegs on the other side of the extractors.

This image shows the square and hexagonal plastic pegs on the other side of the extractors.
<PIC>
4. Clear the vacuum path.

This image shows the vacuum path area to clear.
<PIC>
5. Reinstall the extractors. Match the color and shape of the extractor pegs with the color and shape of the extractor icons on the cleaning head module.,[""Manual32_19"", ""Manual32_20"", ""Manual32_21"", ""Manual32_22""]"
407,"1. Wipe the sensor with a clean, dry cloth. Do not spray cleaning solution directly onto the sensors or sensor openings.

The sensor is located on the underside of the Roomba, near the edge of the bottom panel.
<PIC>
Use only a clean, dry cloth on this sensor area.
2. Wipe the charging contacts on Roomba and the Home Base with a clean, dry cloth.

The charging contacts are shown on both the Roomba and the Home Base, so clean both sets of contacts.
<PIC>
Make sure the contacts are dry after wiping.,[""Manual32_17"", ""Manual32_18""]"
408,"Place the vacuum in an open, uncluttered area.

Leave at least 1.5 feet on each side of the vacuum.

Leave at least 4 feet in front of the vacuum, and keep it at least 4 feet away from stairs.

Keep it at least 8 feet from virtual wall barriers.

Always keep the vacuum plugged in, and make sure it is in an area with consistent coverage so it can receive information via the app."
409,"To clean the front caster wheel:
1. Pull firmly on the front wheel to remove it.

The illustration shows the front wheel being pulled out of its housing.
<PIC>
2. Remove any debris from inside the wheel cavity.
3. Spin the wheel by hand. If rotation is restricted, remove the wheel from its housing and push firmly to remove the axle, then clear any debris or hair wrapped around it.
4. Reinstall all parts when finished. Make sure the wheel clicks back into place.,[""Manual32_15""]"
410,"1. Use a coin or small screwdriver to remove the screw.

The picture shows the screw being removed from the side brush with a coin or small screwdriver.
<PIC>
2. Remove the brush, clean the brush and the brush post, and reinstall the brush.,[""Manual32_16""]"
411,"The dual-mode virtual wall barrier keeps the vacuum in the places you want cleaned and out of the places you do not. You can leave the device operating on the floor between cleaning cycles. It has two modes for different cleaning needs, and under normal use the batteries last 8-10 months.

The device switch lets you choose Virtual Wall Mode or Halo Mode. If storing the device for an extended period, switch it to the “Off” middle position.
<PIC>

Halo Mode: when the switch is in the “down” position, the device creates a protective zone that Roomba will not enter. This helps prevent the vacuum from bumping into items you want to protect, such as a dog bowl or vase, or from crossing into undesired areas, such as a corner or under a desk. The halo is invisible and reaches approximately 24 inches from the center of the device.
<PIC>

Virtual Wall Mode: when the switch is in the “up” position, the device works as a virtual wall. You can set it to block openings of up to 10 feet. It creates an invisible, cone-shaped barrier that only the vacuum can see. The barrier gets wider as it gets farther from the device.
<PIC>,[""Manual32_4"", ""Manual32_5"", ""Manual32_6""]"
412,"The vacuum indicates a problem with a two-tone distress sound followed by a spoken message. The troubleshooting indicator will also blink. More detailed support and videos are available through the app and online.

For some errors, rebooting the vacuum may resolve the problem:
1. Press and hold CLEAN for 10 seconds until all indicators illuminate, then release.
2. When you release the CLEAN button, you will hear an audible tone confirming a successful reboot.

NOTE: If you use the vacuum’s scheduling feature, open the app after rebooting to confirm that the schedule remains intact."
413,"To mount your camera on a drop ceiling T-rail, use the included hardware. The hardware can be used to mount to most 9/16"", 15/16"", or 1 1/2"" T-rails.
1. Using the dashed lines on the mount plate template as a guide, set the proper spacing of the clips.

This image shows the clip spacing being set against the dashed guide lines on the mount plate template.
<PIC>
2. Tighten the set screws on the T-rail clips and secure them using a 5/64"" (2 mm) hex key.

This image shows the set screws on the T-rail clips and where the hex key is used to secure them.
<PIC>
3. Attach the mount plate to the T-rail clips using the mount plate holes marked with a ""G"".

This image shows the mount plate being attached to the T-rail clips through the ""G"" holes.
<PIC>
4. Attach the T-rail clips to the T-rail by rotating them and snapping them into place. The black foam pads should be compressed slightly after installation.

This image shows the T-rail clips rotated and snapped onto the T-rail with the mount plate in place.
<PIC>

Standard 6-32x4mm T-rail screws can be used for modifications for recessed T-rail.

This image shows the T-rail mounting hardware used for recessed T-rail modifications.
<PIC>,[""Manual33_10"", ""Manual33_11"", ""Manual33_12"", ""Manual33_13"", ""Manual33_14""]"
414,"To power the camera during installation, supply power through the Ethernet cable using Power over Ethernet (PoE).
1. Remove the cable guard.
2. Route the Ethernet cable from an active port on an 802.3af PoE switch or PoE injector.
3. Connect the Ethernet cable to the camera.

Power over Ethernet supports a maximum cable length of 300 ft (100 m)."
415,"Brake lever

The machine is stopped by braking the entire drive system. Squeeze the brake lever toward the handlebar to stop the machine.

The brake lever area is identified as ① brake lever, ② brake lever end, and ③ handlebar end. When the brake is operated, the brake light will illuminate.
<PIC>

Be sure the brake lever end does not project out over the handlebar end. This helps prevent brake lever damage when the machine is placed on its side for service.
<PIC>

Parking brake button

When parking the machine or starting the engine, apply the parking brake. Squeeze the brake lever ①, then push down ③ the parking brake button ② while releasing the brake lever.

To release the parking brake, just squeeze the brake lever.

Always set the parking brake before attempting to start the engine. Never run the machine with the parking brake applied. This may overheat the brake disc and reduce braking ability.,[""Manual34_39"", ""Manual34_40""]"
416,"Before operating the snowmobile, read the Owner’s Manual and all labels, and become familiar with all operating controls and their functions. Consult a dealer about any control or function you do not understand.

This warning symbol illustrates reading the owner’s information before operation. <PIC>
1. Do not use this machine on public streets, roads, or highways. Such use is prohibited by law, and you could collide with another vehicle.
2. BR 250 T and CS 340 E are designed to carry the operator only. Passengers are prohibited, because carrying a passenger can cause loss of control.

This warning symbol illustrates that carrying a passenger is prohibited. <PIC>
3. Do not operate the machine after drinking alcohol or taking drugs. Alcohol or drugs reduce your ability to operate it.

This warning symbol illustrates that operating after drinking alcohol is prohibited. <PIC>
4. For safety and proper care of the machine, always perform the pre-operation checks before starting the engine. Check throttle, steering, and brake operation every time before starting. Make sure the throttle lever moves freely and returns to the idle position when released.
5. Apply the parking brake before starting the engine. Never drive the machine with the parking brake applied, because this may overheat the brake disc and reduce braking ability.
6. Do not allow anyone to stand behind the machine when starting, inspecting, or adjusting it. A broken track, track fittings, or debris thrown by the track could be dangerous to the operator or bystanders.

This warning symbol shows that no one should stand behind the snowmobile during starting, inspection, or adjustment. <PIC>,[""snowmobile_01"", ""snowmobile_02"", ""snowmobile_03"", ""Manual34_10""]"
417,"Electric starting model
2. Turn the main switch to the ""START"" position.

The main switch is shown in the ""START"" position.
<PIC>

After the engine starts, put the starter lever (choke) in the ""Half-open"" position. Warm up the engine until it does not run roughly or begin to stall when the starter lever is returned to the ""Close"" position.

① ""START""

CAUTION: Release the switch immediately after the engine starts. If the engine fails to start, release the switch, wait a few seconds, then try again. Each attempt should be as short as possible to preserve the battery. Do not crank the engine more than 10 seconds on anyone attempt.

Manual starting model
2. Turn the main switch to the ""ON"" position.

① ""ON""

Pull slowly on the recoil starter until it is engaged, then pull it briskly. After the engine starts, warm up the engine until it does not run roughly or begin to stall when the starter lever is returned to the ""Close"" position.

The recoil starter is pulled from the riding position.
<PIC>

Pull slowly on the recoil starter until it is engaged, then pull it briskly. After the engine starts, put the starter lever (choke) in the ""Half-open"" position. Warm up the engine until it does not run roughly or begin to stall when the starter lever is returned to the ""Close"" position.,[""Manual34_117"", ""Manual34_116""]"
418,"A V-Belt Holder is the provided holder used to store a spare V-belt for emergency use.

The holder includes a bolt marked ①; loosen bolt ① to remove the V-belt. The picture shows the spare V-belt installed in the holder and the bolt used for removal. <PIC>

When installing the V-belt in the holder, be sure to tighten the bolt. The picture shows the V-belt seated in the holder. <PIC>

Be sure the fuel hose is not pinched and is in place when installing the V-belt. These pictures show the V-belt holder area and the fuel hose position to check during installation. <PIC> <PIC>

Be sure the V-belt is installed securely in the holder. If it comes loose, it could be damaged by the hot muffler. The picture shows the holder area where the V-belt must be secured. <PIC>

The V-belt must remain securely installed in the holder. The picture shows the V-belt being positioned in the holder. <PIC>,[""Manual34_51"", ""Manual34_52"", ""Manual34_53"", ""Manual34_54"", ""Manual34_55"", ""Manual34_56""]"
419,"Before adjusting the throttle cable, be sure the engine idle speed is adjusted first.
1. Loosen the adjuster lock nut.

The adjustment point shows the locknut and the adjuster used for throttle lever free play.
<PIC>
Locknut; ③ Adjuster
2. Turn the adjuster in or out until proper throttle lever free play is achieved.

The locknut must be tightened after the free play is set.
<PIC>
3. Tighten the locknut.

The final view shows the throttle cable adjustment area after tightening.
<PIC>,[""Manual34_148"", ""Manual34_149"", ""Manual34_150""]"
420,"For most snow surfaces, “body English” is the key to steering through a turn.

As you approach a curve, slow down and begin turning the handlebars in the direction you want to go. At the same time, put your weight on the running board on the inside of the turn and lean your upper body into the turn.

This image shows the rider leaning into the turn while steering the snowmobile.
<PIC>

Practice this procedure many times at slow speed in a large, flat area with no obstacles. After you learn the technique, you should be able to use it at higher speeds or in tighter curves.

Lean more as the turn becomes sharper or as speed increases. Abrupt throttle changes, excessive braking, incorrect body movement, or too much speed for the sharpness of the turn may cause the snowmobile to tip.

If the snowmobile begins to tip while turning, lean more into the turn to regain balance. If necessary, gradually let off the throttle and/or steer to the outside of the turn.

Remember: avoid higher speeds until you are thoroughly familiar with the operation of your snowmobile.,[""Manual34_127""]"
421,"For most snow surfaces, use “body English” when turning.
1. As you approach a curve, slow down.
2. Begin turning the handlebars in the desired direction.
3. At the same time, put your weight on the running board on the inside of the turn and lean your upper body into the turn.

The image shows the rider leaning into the inside of the turn to keep balance.
<PIC>

Practice this procedure many times at slow speed in a large, flat area with no obstacles. After you learn the technique, you can perform it at higher speeds or in tighter curves. Lean more as the turn gets sharper or is made at higher speeds.

Abrupt throttle changes, excessive braking, incorrect body movements, or too much speed for the sharpness of the turn may cause the snowmobile to tip. If the snowmobile begins to tip while turning, lean more into the turn to regain balance. If necessary, gradually let off the throttle and/or steer to the outside of the turn.

Remember: Avoid higher speeds until you are thoroughly familiar with the operation of your snowmobile.,[""Manual34_127""]"
422,"Practice first on gentle slopes. Try more difficult climbs only after you have developed your skill.

As you approach a hill, accelerate before you start the climb, then reduce the throttle opening to prevent track slippage. Keep your weight on the uphill side at all times. For climbs straight up the hill, lean forward; on steeper inclines, stand on the running boards and lean forward over the handlebars.

Slow down as you reach the crest of the hill, and be prepared to react to obstacles, sharp drops, or other people or vehicles on the other side.

If you cannot continue up a hill, do not spin the track. Stop the engine and set the parking brake. Pull the rear of the snowmobile around so the machine points back down the hill. Do not get on the downhill side of the machine. Once the snowmobile is pointed downhill, restart the engine, release the parking brake, and descend the hill.

WARNING: Side hills and steep slopes are not recommended for a beginner or novice snowmobiler."
423,"When riding downhill, keep your speed to a minimum. Apply just enough throttle to keep the clutch engaged while descending. This lets engine compression help slow the machine and helps prevent the snowmobile from rolling freely down the hill.

Use frequent, light brake pressure while descending.

The illustration shows a rider descending a hill on a snowmobile.
<PIC>

WARNING: Use extra caution when applying the brake during descent. Excessive braking will cause the track to lock and will cause a loss of control.,[""Manual34_128""]"
424,"Side hills are not recommended for a beginner or novice snowmobiler.

When crossing the face of a slope, position your weight correctly to maintain balance. As you travel across the slope, lean your body so your weight is toward the uphill side.

A recommended riding position is to kneel with the knee of your downhill leg on the seat and keep the foot of your uphill leg on the running board. This makes it easier to shift your body weight as needed.

The picture shows the rider crossing a slope while leaning toward the uphill side to maintain balance.
<PIC>

Snow and ice are slippery, so be ready for the snowmobile to begin slipping sideways on the slope. If that happens, steer in the direction of the slide if there are no obstacles in your path. As you regain proper balance, gradually steer again in the direction you want to travel.

If the snowmobile starts to tip, steer down the hill to regain balance.

WARNING: If you are unable to maintain correct balance and the snowmobile is going to tip over, dismount immediately on the uphill side.,[""Manual34_129""]"
425,"Periodically remove and inspect the spark plug, because heat and deposits will slowly break it down and erode it.
1. Check the coloration on the white porcelain insulator around the center electrode. For a machine being ridden normally, the ideal color is medium to light tan.
2. If the spark plug shows a distinctly different color, there could be something wrong with the engine. A very white center electrode porcelain color could indicate an intake track air leak or a carburetion problem for that cylinder. Do not try to diagnose those problems yourself; take the machine to your dealer.
3. Before changing to a different type of spark plug, consult your dealer.
4. Make sure the spark plug has the proper reach. The reach is the distance from the spark plug gasket seat to the end of the threaded portion. If it is too long, overheating and engine damage may result. If it is too short, spark plug fouling and poor performance may result; carbon can also form on the exposed threads, causing combustion chamber hot spots and thread damage.

This illustration shows the spark plug reach measurement.
<PIC>
5. Before installing any spark plug, measure the electrode gap with a wire thickness gauge and adjust it to specification.

This illustration shows where to measure the spark plug electrode gap.
<PIC>
6. When installing the plug, always clean the gasket surface. Wipe grime from the threads and torque the spark plug properly.

Spark plug torque: 28 Nm (2.8 m-kg, 20 ft-lb),[""Manual34_138"", ""Manual34_139""]"
426,"For long-term storage, do these preventive steps to guard against deterioration:
1. Cleaning: Thoroughly clean the machine, inside and out, to remove corrosive salts and acids that can accumulate. Use Mud and Grease Release, or an equivalent product, to loosen mud, grease, and grime. Wash with mild soap, then rinse and dry completely.
2. Lubrication: Lubricate moving parts, suspension linkage, and pivot points. Use the grease or lubricant specified in the MAINTENANCE section, or Lube-Z all general purpose lubricant. Proper lubrication fights corrosion while reducing friction."
427,"You can perform MANUAL PROGRAM in two ways: with the MEMORY/ERASE button, or through the MENU button.

Using the MEMORY/ERASE button:
1. Press the △/▽ or NUMBER buttons to select the channel number you want to memorize or erase.
2. Press the MEMORY/ERASE button to select Memory or Erase.

The screen shows the channel menu used for manual channel memory or erase selection.
<PIC>

Using the MENU button:
1. Press the MENU button and then the △/▽ button until the menu is displayed.
2. Press the ▶ button and then use the △/▽ button to select Manual.
3. Press the ▶ button and then use the △/▽ button to select Channel.
4. Press the ▶ button and then use the △/▽ button to select the channel number you want to memorize or erase.

The screen shows a selected channel set for Memory.
<PIC>
5. Press the ▶ button and then use the △/▽ button to select Memory.

The screen shows the Memory option in the manual channel menu.
<PIC>
6. Press the ▶ button and then △/▽ to select On or Off.
7. Repeatedly press the MENU button to exit.,[""Manual35_9"", ""Manual35_10"", ""Manual35_11""]"
428,"Poor reception can be caused by these conditions:
1. IGNITION: The picture may flutter, drift, suffer from black spots, or show horizontal streaking. This is usually caused by interference from automobile ignition systems, neon lamps, electrical drills, and other electrical appliances.

This image shows black spots and horizontal streaking caused by ignition-type interference.
<PIC>

GHOSTS: Ghosts occur when the TV signal splits and follows two paths: one direct path and another reflected off tall buildings, hills, or other objects. Changing the direction or position of the antenna may improve reception.

This image shows a ghosted picture caused by a reflected TV signal.
<PIC>

SNOW: If the receiver is located in a weak, fringe area of a TV signal, the picture may be marred by small dots. A special antenna may be needed to improve the picture.

This image shows a snowy picture with many small dots caused by weak signal reception.
<PIC>
2. An old, bad, or illegally recorded tape is played.
3. Strong, random signals from a car or airplane interfere with the TV signal.
4. The signal from the antenna is weak.
5. The program was not captioned when it was produced, transmitted, or taped.,[""television0_01"", ""television0_02"", ""television0_03""]"
429,"Not all TV broadcasts include closed caption signals. Some stations broadcast two different caption signals on the same channel: MODE 1 is usually the caption signal, while MODE 2 may show demonstration or programming information.

Text services can show information such as captioned program lists, weather forecasts, stock exchange topics, news, and information for the hearing-impaired on the full TV screen. Not all stations offer text services, even if they offer captioning.

Using the CAPTION button
1. Press the CAPTION button.
2. Press the CAPTION button to select OFF, Mode1, Mode2, Text1 or Text2.
3. Press the ENTER (O) button to exit.

The on-screen caption mode display shows the selected caption mode.
<PIC>

Using the MENU button
1. Press the MENU button and then use the ▲/▼ button to select the Special menu.
2. Press the ► button and then the ▲/▼ button to select Caption.
3. Press the ► button and then use the ▲/▼ button to select Off, Mode1, Mode2, Text1 or Text2.

The Caption menu lets you choose Off, Mode1, Mode2, Text1 or Text2.
<PIC>
4. Repeatedly press the MENU button to exit.

If you receive a poor signal, an empty black box may appear and disappear even when text mode is selected. This is normal in that situation.

The TV remembers the last caption mode setting even if you turn the TV off.,[""Manual35_37"", ""Manual35_38""]"
430,"For the best reception, use an outdoor antenna. Severely weathered antennas and antenna cables can reduce signal quality, so inspect the antenna and cable before connecting them.

If your outdoor antenna uses 300 ohm flat wire:
1. Connect the 300 ohm flat wire to the screws on the 300 ohm to 75 ohm adapter.
2. Push the end of the 300 ohm to 75 ohm adapter into the 75 ohm antenna jack.

If your outdoor antenna uses 75 ohm coaxial cable:
1. Connect the 75 ohm coaxial cable directly to the 75 ohm antenna jack.

The diagram shows the outdoor antenna connection using either 75 ohm coaxial cable directly into the antenna jack, or 300 ohm flat wire through a 300 ohm to 75 ohm adapter.
<PIC>

Any service center can explain the various outdoor antennas available to you.,[""Manual35_39""]"
431,"For models with DVD component input, connect the DVD player’s component video outputs to the TV’s Y, PB, and PR component DVD inputs, and connect the DVD player’s audio outputs to the TV’s audio IN L/R ports. The component DVD input supports 480i.

This connection diagram shows the DVD player linked to the TV with Y/PB/PR component video cables and left/right audio cables.
<PIC>
The terminal reference shows the matching component-video labels used between the TV input and DVD output.
<PIC>

After the DVD player is connected, turn on the TV and press the TV/VIDEO button on the remote control, or the TV/VIDEO button on the front panel, to select COMPONENT.

Try this after turning on the DVD set.

The TV remembers the last mode it was set to, even if you turn the TV off.,[""Manual35_43"", ""Manual35_44""]"
432,"Before calling for service, check whether a service call is actually necessary. Review the troubleshooting list and the additional items to check, since this may prevent an unnecessary service call.

The troubleshooting table points you to basic causes to verify, such as whether a circuit fuse has blown or the main circuit breaker has tripped, whether the oven is properly connected to the home electric circuit, and whether the controls are set properly.

This table shows the problem-and-possible-cause checks for the oven.
<PIC>

Warning: to avoid electrical shock, which can cause severe personal injury or death, do not remove the outer case at any time. Only an authorized servicer should remove the outer case.

This warning label shows the electrical-shock safety notice for servicing.
<PIC>,[""Manual24_57"", ""Manual24_58""]"
433,"Never leave the appliance unattended during operation.

Do not use the appliance if it is damaged or not operating perfectly. Immediately remove the plug from the power socket, and contact the Club for examination, repair, or adjustment. A damaged appliance can cause electric shocks, burns, and fire.

Always close the lever completely, and never lift it during operation; scalding may occur. Do not put fingers under the coffee outlet, because there is a risk of scalding. Do not put fingers into the capsule compartment or capsule shaft; there is a danger of injury.

Water could flow around a capsule when it is not perforated by the blades and damage the appliance.

Never use a damaged or deformed capsule. If a capsule is stuck in the capsule compartment, turn the machine off and unplug it before any operation; call the Club."
434,"Your power toothbrush has 3 intensity settings:

High intensity: three lights

Medium intensity: two lights

Low intensity: one light

The handle uses the intensity indicator lights to show the selected intensity.
<PIC>

To manually select the intensity you want, press the intensity indicator lights on the handle to cycle through the options. You can change the intensity setting before, during, or after brushing.
<PIC>

You can also customize the intensity setting from the app. Although a mode is not displayed on the toothbrush handle, you can update the mode any time from the app, and your selection will be stored.,[""toothbrush0_06"", ""toothbrush0_07""]"
435,"You can activate or deactivate these toothbrush features: Adaptive Intensity, Pressure Sensor Feedback, Scrubbing Feedback, and Brush head replacement reminder.

Note: Adaptive Intensity will be deactivated when Pressure Sensor Feedback is deactivated.

Adaptive Intensity and Scrubbing Feedback can also be activated or deactivated from the app.

Step 1: Place the handle on the charging stand.

Step 2: Press and hold the power button.

The image shows the handle on the charging stand while the power button is being held.
<PIC>

Hold the power button for the feature you want to change:

Adaptive Intensity: up to 3 seconds. You will hear 1 beep. The SenseIQ indicator lights up for 3 seconds.

Brush head replacement reminder: up to 5 seconds. You will hear 1 beep and then 2 beeps. The brush head replacement reminder indicator lights up for 3 seconds.

Pressure Sensor Feedback: up to 7 seconds. You will hear 1 beep, 2 beeps, and then 3 beeps. The SenseIQ indicator and light ring light up purple for 3 seconds.

The image shows the power button position on the toothbrush handle for the press-and-hold action.
<PIC>

If the battery indication blinks white 3 times and you hear 3 tones from low to high, the feature has been activated.

If the battery indication blinks amber 3 times and you hear 3 tones from high to low, the feature has been deactivated.,[""Manual37_13"", ""toothbrush0_11""]"
436,"1. Plug the USB cord into the travel case and into the USB wall adapter.

The picture shows the USB cord connected to the travel case for charging.
<PIC>
2. Plug the wall adapter into an electrical outlet.
3. Place the toothbrush into the travel case.

The picture shows the toothbrush handle positioned inside the open travel case.
<PIC>

a. To indicate charging has started successfully, the toothbrush will beep twice and the lights will illuminate in an upward motion.

b. While charging, the battery indicator blinks in white.

The picture shows the charging indication while the toothbrush is inside the travel case.
<PIC>
4. Leave the travel case plugged in until the toothbrush is fully charged. The battery light will turn off, meaning it has stopped blinking, when the handle has finished charging.

The picture shows the travel case placed on its side for better stability.
<PIC>

Make sure the travel case is placed on its side for better stability.,[""Manual37_18"", ""Manual37_19"", ""Manual37_20"", ""Manual37_21""]"
