query_id,query_text,language,product_class,query_type,split,candidate_scene_id,record_id,scene_start_time,scene_end_time,relevance_grade,relevant_start_time,relevant_end_time,source_leakage,evidence_notes,correction_reason,reviewer_id,review_status,reviewed_at
VQ-001,空气炸锅怎样设置烹饪温度和时间？,zh-CN,Air Fryer,operation,development,airfryer-002-scene-0001,airfryer-002,0.0,11.044,0,,,no,画面仅展示成品甜点与文字“Air Fryer Oreos”，未出现空气炸锅本体、控制面板或温度/时间设置操作。,,R1,completed,2026-07-27T22:10:25+08:00
VQ-001,空气炸锅怎样设置烹饪温度和时间？,zh-CN,Air Fryer,operation,development,airfryer-002-scene-0008,airfryer-002,191.625,241.808,3,230.0,235.0,no,ASR明确说明需预热至350度并烹饪约7分钟，给出具体温度与时间参数。,,R1,completed,2026-07-27T22:17:08+08:00
VQ-001,空气炸锅怎样设置烹饪温度和时间？,zh-CN,Air Fryer,operation,development,airfryer-002-scene-0009,airfryer-002,241.808,257.424,1,,,no,画面显示人手把圆形食物放入黑色空气炸篮，但空气炸锅控制面板/温度/时间均不在画面中，ASR仅说'place our cookies in the basket seam side down'，未涉及温度/时间设置。,,R1,completed,2026-07-28T01:18:39+08:00
VQ-001,空气炸锅怎样设置烹饪温度和时间？,zh-CN,Air Fryer,operation,development,airfryer-002-scene-0010,airfryer-002,257.424,283.851,1,,,no,ASR提到烹饪7分钟，但未在画面中展示温度/时间设置操作。,,R1,completed,2026-07-27T22:20:03+08:00
VQ-001,空气炸锅怎样设置烹饪温度和时间？,zh-CN,Air Fryer,operation,development,airfryer-005-scene-0021,airfryer-005,202.502,207.465,1,,,no,画面显示将含食物的炸篮放入空气炸锅，未出现温度/时间旋钮或触控设置过程，ASR 仅提到'we set the temperature'但未给出具体数值或操作方法，无法回答如何设置。,,R1,completed,2026-07-27T22:01:34+08:00
VQ-001,空气炸锅怎样设置烹饪温度和时间？,zh-CN,Air Fryer,operation,development,airfryer-005-scene-0022,airfryer-005,207.465,227.314,3,207.465,227.314,no,画面中一位男士站在空气炸锅前讲解并打开/指向机身；ASR 明确说'set the temperature to 350 Fahrenheit and then we just turn it on for 10 minutes'，语音直接给出了温度与时间的设置，能回答问题。,,R1,completed,2026-07-27T22:01:40+08:00
VQ-001,空气炸锅怎样设置烹饪温度和时间？,zh-CN,Air Fryer,operation,development,airfryer-005-scene-0023,airfryer-005,227.314,232.694,1,,,no,画面展示烹饪完成后取出炸篮，未显示温度/时间设置。,,R1,completed,2026-07-27T22:23:08+08:00
VQ-001,空气炸锅怎样设置烹饪温度和时间？,zh-CN,Air Fryer,operation,development,airfryer-005-scene-0025,airfryer-005,239.199,243.87,1,,,no,画面仅展示炸篮内放有面包、鸡蛋和培根，未出现温度或时间设置界面/操作。,,R1,completed,2026-07-27T22:10:25+08:00
VQ-001,空气炸锅怎样设置烹饪温度和时间？,zh-CN,Air Fryer,operation,development,airfryer-005-scene-0026,airfryer-005,243.87,266.222,1,,,no,画面中只有主持人站立讲解，未见操作控制面板，ASR仅提到培根烹饪时间建议，未说明如何设置温度/时间。,,R1,completed,2026-07-27T22:10:25+08:00
VQ-001,空气炸锅怎样设置烹饪温度和时间？,zh-CN,Air Fryer,operation,development,airfryer-005-scene-0027,airfryer-005,266.222,270.142,1,,,no,画面仅展示炸篮内放有面包、鸡蛋和培根，未展示温度或时间设置。,,R1,completed,2026-07-27T22:14:31+08:00
VQ-001,空气炸锅怎样设置烹饪温度和时间？,zh-CN,Air Fryer,operation,development,airfryer-006-scene-0001,airfryer-006,0.0,4.538,0,,,no,画面为人物开场白与手持食材，未见空气炸锅本体或温度/时间设置操作。,AI原判为1级，但画面中无空气炸锅实体，仅为食谱引入，故降为0级。,R1,completed,2026-07-27T22:14:31+08:00
VQ-001,空气炸锅怎样设置烹饪温度和时间？,zh-CN,Air Fryer,operation,development,airfryer-006-scene-0005,airfryer-006,16.817,19.92,3,16.817,19.92,no,画面中白色空气炸锅显示屏显示350°F，并叠加文字“AIR FRY AT 350°F FOR 4 MINUTES”，直接给出温度与时间设置。,,R1,completed,2026-07-27T22:20:03+08:00
VQ-001,空气炸锅怎样设置烹饪温度和时间？,zh-CN,Air Fryer,operation,development,airfryer-006-scene-0006,airfryer-006,19.92,24.358,1,,,no,第1帧 t=19.9s 炸篮中已有面团，第3-5帧 t=21.7s-23.5s 显示用夹子翻动食物，但全程未出现温度或时间设置界面/操作。,,R1,completed,2026-07-28T01:18:39+08:00
VQ-001,空气炸锅怎样设置烹饪温度和时间？,zh-CN,Air Fryer,operation,development,airfryer-011-scene-0001,airfryer-011,0.0,107.95,3,47.0,65.0,no,画面显示烤制奶酪三明治的流程，64.7s帧将三明治放入空气炸锅；ASR 中明确提到'cook for four minutes... cook for another three minutes'，语音直接给出了烹饪时间，能回答问题。,复核扩展时间区间至 47-65s，以覆盖证据中 64.7s 将三明治放入空气炸锅的关键帧（原 47-51s 范围偏窄，未含该帧）。,R1,completed,2026-07-28T13:42:36+08:00
VQ-001,空气炸锅怎样设置烹饪温度和时间？,zh-CN,Air Fryer,operation,development,airfryer-017-scene-0022,airfryer-017,164.264,172.005,0,,,no,画面仅展示打开空气炸锅盖并取出烤盘，未出现温度/时间设置界面或操作。,,R1,completed,2026-07-27T22:12:04+08:00
VQ-001,空气炸锅怎样设置烹饪温度和时间？,zh-CN,Air Fryer,operation,development,airfryer-017-scene-0059,airfryer-017,690.49,696.062,0,,,no,画面为 eBay 商品列表页（温度传感器替换件），非操作教学。,,R1,completed,2026-07-27T22:12:04+08:00
VQ-001,空气炸锅怎样设置烹饪温度和时间？,zh-CN,Air Fryer,operation,development,airfryer-017-scene-0061,airfryer-017,705.038,724.891,0,,,no,画面为用万用表检测温度保险丝/热敏电阻，未涉及温度或时间设置。,,R1,completed,2026-07-27T22:12:04+08:00
VQ-001,空气炸锅怎样设置烹饪温度和时间？,zh-CN,Air Fryer,operation,development,airfryer-017-scene-0101,airfryer-017,1370.736,1398.664,0,,,no,画面为拆解中的空气炸锅内部线路与控制板，与设置温度/时间无关。,,R1,completed,2026-07-27T22:01:40+08:00
VQ-001,空气炸锅怎样设置烹饪温度和时间？,zh-CN,Air Fryer,operation,development,airfryer-017-scene-0112,airfryer-017,1506.839,1523.722,1,,,no,画面显示空气炸锅显示屏为OFF，未展示温度/时间设置。,,R1,completed,2026-07-27T22:20:03+08:00
VQ-001,空气炸锅怎样设置烹饪温度和时间？,zh-CN,Air Fryer,operation,development,airfryer-024-scene-0009,airfryer-024,36.536,40.974,2,36.536,40.974,no,数字屏显示375°F及PREHEAT FUNCTION，展示了温度设置，但未明确展示时间设置。,,R1,completed,2026-07-27T22:17:08+08:00
VQ-001,空气炸锅怎样设置烹饪温度和时间？,zh-CN,Air Fryer,operation,development,airfryer-024-scene-0020,airfryer-024,85.852,93.56,3,86.0,93.56,no,画面显示手指拨动/按压空气炸锅温度旋钮与数字面板，OCR可见380F/375F及PRECISE Temperature Control，ASR说明100-400度5度递增的精确温控，可直接回答温度设置。,时间按实际证据片段重定位,R1,completed,2026-07-27T22:10:25+08:00
VQ-001,空气炸锅怎样设置烹饪温度和时间？,zh-CN,Air Fryer,operation,development,airfryer-024-scene-0021,airfryer-024,93.56,99.8,2,93.56,99.8,no,六帧清晰展示手指操作Nuwave空气炸锅数字触摸屏，屏幕温度在100°F→125°F→155°F→215°F之间变化，叠加'Temperature Range 100°-400° In 5° Increments'与'DIGITAL Touch Screen'字幕；但仅演示温度调节流程，未演示时间/定时设置步骤。,第三轮双复核一致修正：R1=3→独立=2：query问'温度与时间'两步，画面只回答温度设置未演示时间设置，无法构成完整回答；时间区间一致。,R1,completed,2026-07-28T20:35:21+08:00
VQ-001,空气炸锅怎样设置烹饪温度和时间？,zh-CN,Air Fryer,operation,development,airfryer-024-scene-0025,airfryer-024,109.109,112.846,1,,,no,所有帧均显示'Brio Time Lapse Roasted Vegetables 20 minutes'文字及烤好的蔬菜，未出现温度设置或时间调节操作。,,R1,completed,2026-07-28T01:18:39+08:00
VQ-001,空气炸锅怎样设置烹饪温度和时间？,zh-CN,Air Fryer,operation,development,airfryer-026-scene-0001,airfryer-026,0.0,213.46,1,,,no,联系表第3帧 t=85.4s 仅见人物在空气炸锅旁，第4帧 t=128.1s 展示将食物放入炸篮，但所有帧均未展示温度/时间设置操作或界面。,AI等级为2，但联系表未出现设置温度/时间的画面，提供的ASR文本也未完整展示具体设置内容，不能评为2。,R1,completed,2026-07-28T01:18:39+08:00
VQ-001,空气炸锅怎样设置烹饪温度和时间？,zh-CN,Air Fryer,operation,development,airfryer-027-scene-0001,airfryer-027,0.0,7.508,0,,,no,"0-80%帧仅显示标题字幕'Air Fryer vs. Baked Buffalo Wings?'；100%帧（t=7.5s）显示烤盘上的生鸡翅文字'First, oven cooked wings'，画面无空气炸锅操作内容。",,R1,completed,2026-07-28T01:18:39+08:00
VQ-001,空气炸锅怎样设置烹饪温度和时间？,zh-CN,Air Fryer,operation,development,airfryer-027-scene-0002,airfryer-027,7.508,283.4,2,110.0,130.0,no,长视频主要是烤箱烤鸡翅流程，但 117.9s 帧可见空气炸锅显示屏'1934'，说明设备在运行并设有温度时间，但未明确解释如何设置，只能部分回答。,时间按画面中可见的空气炸锅显示区收窄至 t≈110-130s。,R1,completed,2026-07-27T22:01:40+08:00
VQ-001,空气炸锅怎样设置烹饪温度和时间？,zh-CN,Air Fryer,operation,development,airfryer-029-scene-0008,airfryer-029,38.0,43.92,1,,,no,画面展示飞利浦空气炸锅的控制旋钮与温度/时间刻度，但未演示实际调节动作。,,R1,completed,2026-07-27T22:14:31+08:00
VQ-001,空气炸锅怎样设置烹饪温度和时间？,zh-CN,Air Fryer,operation,development,airfryer-029-scene-0045,airfryer-029,272.4,276.6,3,272.4,276.6,no,画面中手指正在调节飞利浦空气炸锅的温度/时间旋钮，ASR明确说明预热200°C约5分钟，直接展示设置过程。,AI=2→R1=3,R1,completed,2026-07-27T22:23:08+08:00
VQ-001,空气炸锅怎样设置烹饪温度和时间？,zh-CN,Air Fryer,operation,development,airfryer-029-scene-0055,airfryer-029,324.32,326.44,3,324.32,326.44,no,画面中清晰展示手指旋转飞利浦空气炸锅的温度/时间旋钮，并可见烹饪指南图标（含温度、时间、食材图标），直接演示了如何设置温度和时间。,AI预标2级，但画面直接展示旋钮设置动作，能直接回答问题，修正为3级。,R1,completed,2026-07-27T22:01:40+08:00
VQ-001,空气炸锅怎样设置烹饪温度和时间？,zh-CN,Air Fryer,operation,development,airfryer-029-scene-0066,airfryer-029,403.92,405.96,2,403.92,405.96,no,画面为飞利浦空气炸锅顶部特写，可见温度/时间机械旋钮及刻度（约404.3s），直接展示了设置温度/时间的控制部件，但未演示具体调节过程，属于部分回答。,,R1,completed,2026-07-27T22:01:34+08:00
VQ-001,空气炸锅怎样设置烹饪温度和时间？,zh-CN,Air Fryer,operation,development,airfryer-032-scene-0006,airfryer-032,14.767,16.767,1,,,no,画面展示打开机体露出加热元件，但未展示控制面板或温度/时间设置。,,R1,completed,2026-07-27T22:17:08+08:00
VQ-001,空气炸锅怎样设置烹饪温度和时间？,zh-CN,Air Fryer,operation,development,airfryer-032-scene-0039,airfryer-032,176.367,179.167,3,177.5,178.6,no,第3-5帧（t=177.5s-178.6s）COSORI空气炸锅显示屏清晰显示'400°F'与数字'5'，且ASR同步说明'run it for five to ten minutes at 400 degrees'，直接回答温度与时间设置。,时间按实际证据片段重定位,R1,completed,2026-07-28T01:18:39+08:00
VQ-001,空气炸锅怎样设置烹饪温度和时间？,zh-CN,Air Fryer,operation,development,airfryer-032-scene-0040,airfryer-032,179.167,182.167,1,,,no,ASR提到400度10分钟，但画面仅展示拉开抽屉，未展示设置温度/时间的操作。,,R1,completed,2026-07-27T22:12:04+08:00
VQ-001,空气炸锅怎样设置烹饪温度和时间？,zh-CN,Air Fryer,operation,development,airfryer-032-scene-0113,airfryer-032,522.967,525.6,1,,,no,所有6帧（t=523.0s-525.6s）显示手持有空炸篮站在空气炸锅旁，但控制面板/温度/时间数字均不可见，ASR仅涉及通风口和干燥过夜。,,R1,completed,2026-07-28T01:18:39+08:00
VQ-001,空气炸锅怎样设置烹饪温度和时间？,zh-CN,Air Fryer,operation,development,airfryer-033-scene-0034,airfryer-033,251.818,257.024,2,251.818,257.024,no,画面展示拆机后的空气炸锅显示屏显示200°，但未展示设置过程。,,R1,completed,2026-07-27T22:23:08+08:00
VQ-001,空气炸锅怎样设置烹饪温度和时间？,zh-CN,Air Fryer,operation,development,airfryer-033-scene-0149,airfryer-033,1314.581,1319.119,2,1314.6,1319.119,no,第1-6帧（t=1314.6s-1319.2s）黑色WALITA空气炸锅控制面板显示'200°C'及温度图标，但无时间数字可见也未演示设置过程；ASR仅说打开抽屉放土豆。,AI=3→R1=2：仅显示温度结果'200°C'且无时间、无线下设置步骤，无法直接回答'如何设置温度和时间'，故判为部分。,R1,completed,2026-07-28T01:18:39+08:00
VQ-001,空气炸锅怎样设置烹饪温度和时间？,zh-CN,Air Fryer,operation,development,airfryer-033-scene-0152,airfryer-033,1338.539,1375.409,2,1345.9,1368.0,no,第2-5帧（t=1345.9s-1368.0s）显示手按压WALITA空气炸锅触摸按钮，ASR明确说'Aqui é 9 minutos'、'Vou botar 12 minutos'涉及时间设置，但未见温度设置演示。,AI时间1338.539-1375.409→R1时间1345.9s-1368.0s（按接触表帧标签），AI=X范围过大。,R1,completed,2026-07-28T01:18:39+08:00
VQ-001,空气炸锅怎样设置烹饪温度和时间？,zh-CN,Air Fryer,operation,development,airfryer-033-scene-0157,airfryer-033,1391.658,1408.108,2,1391.7,1408.1,no,6帧中飞利浦空气炸锅数字显示屏持续可见并显示变化数字，但未清晰呈现手指按压温度/时间按键的设置动作。,第三轮双复核一致修正：R1=3→indep=2：画面仅展示数字屏上的设置结果/倒计时，未完整演示“如何设置”温度与时间的按键操作。,R1,completed,2026-07-28T20:35:21+08:00
VQ-001,空气炸锅怎样设置烹饪温度和时间？,zh-CN,Air Fryer,operation,development,pressure-006-scene-0005,pressure-006,15.083,17.625,1,,,no,画面展示空气炸锅触控/LCD面板与'880'显示，但未出现设置温度、时间的具体操作或数值，无法回答如何设置。,,R1,completed,2026-07-27T22:01:34+08:00
VQ-001,空气炸锅怎样设置烹饪温度和时间？,zh-CN,Air Fryer,operation,development,pressure-006-scene-0009,pressure-006,26.042,29.458,1,,,no,画面展示手指触碰控制面板，但未显示具体温度/时间数值。,,R1,completed,2026-07-27T22:23:08+08:00
VQ-001,空气炸锅怎样设置烹饪温度和时间？,zh-CN,Air Fryer,operation,development,pressure-006-scene-0010,pressure-006,29.458,34.083,1,,,no,画面展示食物在空炸锅内烹饪，叠加“360 air cooking”等文字，但未展示具体温度/时间设置。,,R1,completed,2026-07-27T22:17:08+08:00
VQ-002,How should food be loaded into an air-fryer basket?,en,Air Fryer,operation,development,airfryer-002-scene-0008,airfryer-002,191.625,241.808,1,,,no,全部6帧（t=191.6s–241.8s）均为男子在台面上制作饼干（持饼、涂蛋液等），空气炸锅仅在背景中出现，全程无炸篮装载动作。,时间按实际证据片段重定位 | 第三轮双复核一致修正：等级不一致：R1=2→独立=1。该场景无任何食物装入炸篮的画面，仅产品出现在背景中。,R1,completed,2026-07-28T20:35:21+08:00
VQ-002,How should food be loaded into an air-fryer basket?,en,Air Fryer,operation,development,airfryer-002-scene-0009,airfryer-002,241.808,257.424,3,244.9,257.424,no,第2-6帧（t=244.9s-257.5s）清晰显示人手从纸盒取出圆形饼放入空气炸篮，且ASR明确说明'place our cookies in the basket seam side down'，直接给出装入方法。,AI=2→R1=3：ASR明确告知'接缝面朝下'的装载方式且画面持续演示装入动作，已能完整回答'如何装入空气炸篮'。,R1,completed,2026-07-28T01:18:39+08:00
VQ-002,How should food be loaded into an air-fryer basket?,en,Air Fryer,operation,development,airfryer-002-scene-0010,airfryer-002,257.424,283.851,1,,,no,ASR说明将饼干放入炸篮的方向，但画面未完整展示放入动作。,,R1,completed,2026-07-27T22:20:03+08:00
VQ-002,How should food be loaded into an air-fryer basket?,en,Air Fryer,operation,development,airfryer-005-scene-0010,airfryer-005,108.674,119.766,3,108.7,119.766,no,"From t=108.7s to t=119.8s, the person places slices of bread directly into the air fryer basket while saying 'put them right in there'.","Visual and speech directly demonstrate loading bread into the basket, so grade 3 is more accurate than grade 2.",R1,completed,2026-07-28T01:18:39+08:00
VQ-002,How should food be loaded into an air-fryer basket?,en,Air Fryer,operation,development,airfryer-005-scene-0015,airfryer-005,162.344,172.394,3,162.344,172.394,no,"Frames show a man in a kitchen pouring liquid from a glass directly into the center of the air fryer basket (visible at t=162.3s, t=164.4s, t=172.4s) and holding a raw egg above the basket ready to crack it in (t=168.4s); ASR confirms 'pour it right there in the middle' of the basket.","Upgrade from 2 to 3: the scene directly demonstrates loading food (liquid + egg) into the air fryer basket with explicit placement guidance ('right there in the middle'), which is a complete visual answer to the query.",R1,completed,2026-07-28T01:18:39+08:00
VQ-002,How should food be loaded into an air-fryer basket?,en,Air Fryer,operation,development,airfryer-005-scene-0021,airfryer-005,202.502,207.465,2,202.502,207.465,no,画面全程为将已盛放食物的炸篮推入空气炸锅机身，展示的是炸篮入机动作，未展示食物如何摆入炸篮内部（无分层、朝向或装载技巧），属于相邻步骤。,,R1,completed,2026-07-27T22:01:34+08:00
VQ-002,How should food be loaded into an air-fryer basket?,en,Air Fryer,operation,development,airfryer-005-scene-0031,airfryer-005,280.4,283.653,1,,,no,"At t=280.4s, the video shows a hand placing food onto a white plate next to an open air fryer basket, not into the basket.","Scene clearly shows the air fryer product and basket, so it is same-product rather than unrelated.",R1,completed,2026-07-28T01:18:39+08:00
VQ-002,How should food be loaded into an air-fryer basket?,en,Air Fryer,operation,development,airfryer-005-scene-0039,airfryer-005,338.741,352.002,0,,,no,All frames show toast with egg and bacon being cut on a plate; no air fryer or loading action is visible.,,R1,completed,2026-07-28T01:18:39+08:00
VQ-002,How should food be loaded into an air-fryer basket?,en,Air Fryer,operation,development,airfryer-006-scene-0004,airfryer-006,10.878,16.817,0,,,no,"All six frames show hands wrapping Oreo cookies in crescent roll dough on a wooden cutting board; no air fryer device is visible in any frame, and no basket-loading action occurs.",,R1,completed,2026-07-28T01:18:39+08:00
VQ-002,How should food be loaded into an air-fryer basket?,en,Air Fryer,operation,development,airfryer-006-scene-0005,airfryer-006,16.817,19.92,1,,,no,画面仅展示温度设置与文字说明，未展示放入食物动作。,,R1,completed,2026-07-27T22:20:03+08:00
VQ-002,How should food be loaded into an air-fryer basket?,en,Air Fryer,operation,development,airfryer-006-scene-0006,airfryer-006,19.92,24.358,1,,,no,第1帧 t=19.9s 炸篮中已有食物，第3-5帧 t=21.7s-23.5s 仅在翻动食物，未见放入炸篮的动作。,AI等级为2，但画面展示的是翻动已放入炸篮的食物，并未展示如何将食物放入炸篮，不能部分回答加载问题。,R1,completed,2026-07-28T01:18:39+08:00
VQ-002,How should food be loaded into an air-fryer basket?,en,Air Fryer,operation,development,airfryer-011-scene-0001,airfryer-011,0.0,107.95,1,,,no,画面64.7s帧展示将三明治放入空气炸锅，但这是将食物放入机身而非演示如何装入炸篮内部（无分层、朝向说明），无法直接回答。,,R1,completed,2026-07-27T22:01:34+08:00
VQ-002,How should food be loaded into an air-fryer basket?,en,Air Fryer,operation,development,airfryer-017-scene-0015,airfryer-017,125.025,133.433,0,,,no,"A man sits at a table next to a stainless steel air fryer with a handwritten note reading 'Out of Order Again!' taped to it; ASR discusses reassembling screws after prior repair. The appliance is broken and the topic is repair, not food loading.",,R1,completed,2026-07-28T01:18:39+08:00
VQ-002,How should food be loaded into an air-fryer basket?,en,Air Fryer,operation,development,airfryer-017-scene-0019,airfryer-017,149.049,156.757,0,,,no,"The frames show the air fryer drawer being handled, not food being loaded into the basket.",,R1,completed,2026-07-28T01:18:39+08:00
VQ-002,How should food be loaded into an air-fryer basket?,en,Air Fryer,operation,development,airfryer-017-scene-0022,airfryer-017,164.264,172.005,1,,,no,画面展示打开盖子与取出烤盘，但未展示往炸篮中放入食物的动作。,,R1,completed,2026-07-27T22:12:04+08:00
VQ-002,How should food be loaded into an air-fryer basket?,en,Air Fryer,operation,development,airfryer-017-scene-0026,airfryer-017,230.697,236.403,1,,,no,"A person opens the door of a small black/silver air fryer toaster oven and reaches inside (t=231.8s–t=233.0s), then begins tilting the unit upside down (t=234.1s–t=236.4s); ASR states 'turn the unit upside down so that I can work on the bottom.' The product is correct and door interaction is shown, but the context is repair/disassembly, not food loading.",,R1,completed,2026-07-28T01:18:39+08:00
VQ-002,How should food be loaded into an air-fryer basket?,en,Air Fryer,operation,development,airfryer-017-scene-0067,airfryer-017,840.273,881.147,0,,,no,"All six frames show hands using a screwdriver to disassemble a plastic electronic device casing, exposing internal wires and components; a 'Zen and the Art of Motorcycle Maintenance' book cover is visible at t=873.0s. This is electronics repair, completely unrelated to air fryers or food loading.",,R1,completed,2026-07-28T01:18:39+08:00
VQ-002,How should food be loaded into an air-fryer basket?,en,Air Fryer,operation,development,airfryer-024-scene-0003,airfryer-024,7.574,11.478,0,,,no,"Frames at 9.9s and 10.7s show chicken pieces frying in bubbling oil in a deep fryer basket, with no air fryer visible across the 7.6-11.5s window.",,R1,completed,2026-07-28T01:18:39+08:00
VQ-002,How should food be loaded into an air-fryer basket?,en,Air Fryer,operation,development,airfryer-024-scene-0005,airfryer-024,16.149,19.953,1,,,no,"At t=16.1s, only the closed exterior of a NuWave Brio air fryer is shown, with no basket loading demonstration.","The scene is a product showcase of the same air fryer, not unrelated content.",R1,completed,2026-07-28T01:18:39+08:00
VQ-002,How should food be loaded into an air-fryer basket?,en,Air Fryer,operation,development,airfryer-024-scene-0006,airfryer-024,19.953,22.689,1,,,no,"Frames t=20.0s-22.7s show cooked fries being poured out of the basket, not loaded into it.",,R1,completed,2026-07-28T01:18:39+08:00
VQ-002,How should food be loaded into an air-fryer basket?,en,Air Fryer,operation,development,airfryer-024-scene-0015,airfryer-024,70.137,73.974,1,,,no,"Frames t=70.1s-74.0s show cooked food being removed from the basket, not loaded into it.",,R1,completed,2026-07-28T01:18:39+08:00
VQ-002,How should food be loaded into an air-fryer basket?,en,Air Fryer,operation,development,airfryer-024-scene-0024,airfryer-024,106.773,109.109,1,,,no,"At t=108.2s, the basket already contains cooked golden-brown food and a hand is pulling the handle, not loading food.",,R1,completed,2026-07-28T01:18:39+08:00
VQ-002,How should food be loaded into an air-fryer basket?,en,Air Fryer,operation,development,airfryer-026-scene-0001,airfryer-026,0.0,213.46,2,128.1,170.7,no,第4帧 t=128.1s 清晰展示将食物放入空气炸锅炸篮，第5帧 t=170.7s 仍在烹饪过程中，可认为装载状态持续。,AI将时间标为112.0-120.0s，但联系表仅在128.1s清晰展示装载动作，故调整X/Y。,R1,completed,2026-07-28T01:18:39+08:00
VQ-002,How should food be loaded into an air-fryer basket?,en,Air Fryer,operation,development,airfryer-027-scene-0001,airfryer-027,0.0,7.508,0,,,no,画面仅是比较标题与烤鸡翅导引，无空气炸篮装载食物的操作内容。,,R1,completed,2026-07-28T01:18:39+08:00
VQ-002,How should food be loaded into an air-fryer basket?,en,Air Fryer,operation,development,airfryer-029-scene-0050,airfryer-029,307.84,311.96,3,307.84,311.96,no,第1-6帧 t=307.8s-312.0s 连续显示手将鸡块竖立摆放在炸篮中，ASR同步说明要竖立摆放。,AI等级为2，但画面与语音从首帧到末帧持续展示并说明竖立摆放鸡肉的装载方式，应评为3。,R1,completed,2026-07-28T01:18:39+08:00
VQ-002,How should food be loaded into an air-fryer basket?,en,Air Fryer,operation,development,airfryer-029-scene-0051,airfryer-029,311.96,313.96,3,312.0,313.96,no,Frames t=312.0s-314.0s show a hand placing seasoned chicken pieces into the air-fryer basket.,时间按实际证据片段重定位,R1,completed,2026-07-28T01:18:39+08:00
VQ-002,How should food be loaded into an air-fryer basket?,en,Air Fryer,operation,development,airfryer-029-scene-0052,airfryer-029,313.96,317.76,3,314.0,317.6,no,"From t=314.0s to t=317.6s, the chef places food pieces into the black air fryer basket while saying 'like this so they can get even heat'.","Visual and speech directly show loading food into the basket and arranging for even heat, warranting grade 3.",R1,completed,2026-07-28T01:18:39+08:00
VQ-002,How should food be loaded into an air-fryer basket?,en,Air Fryer,operation,development,airfryer-030-scene-0001,airfryer-030,0.0,1092.15,1,,,no,第2帧（t=218.4s）仅显示演讲者站在空气炸锅旁，第5帧（t=873.7s）显示用夹子从炸篮中取物，均未清晰呈现将食物放入炸篮的加载动作。,"Contact sheet samples the whole video sparsely; relevant visual evidence is at 218.4-873.7 s, not 600-630 s. | 第三轮双复核一致修正：R1=2→indep=1：稀疏采样帧中未见食物被放入炸篮的直接画面，仅有炸篮操作相邻片段；时间区间不再适用。",R1,completed,2026-07-28T20:35:21+08:00
VQ-002,How should food be loaded into an air-fryer basket?,en,Air Fryer,operation,development,airfryer-032-scene-0013,airfryer-032,47.6,49.6,0,,,no,"Frames t=47.6s-49.6s show only a dirty basket with grease residue, with no food-loading action.",,R1,completed,2026-07-28T01:18:39+08:00
VQ-002,How should food be loaded into an air-fryer basket?,en,Air Fryer,operation,development,airfryer-032-scene-0017,airfryer-032,62.567,65.333,1,,,no,"A hand pulls the air fryer basket open revealing food residue inside (t=63.1s–t=65.4s); the basket component is visible but no loading instruction or demonstration occurs — ASR references a 'pro tip before preheat' about leftover residue, not about loading food.",,R1,completed,2026-07-28T01:18:39+08:00
VQ-002,How should food be loaded into an air-fryer basket?,en,Air Fryer,operation,development,airfryer-032-scene-0036,airfryer-032,166.9,171.667,1,,,no,第1-6帧 t=166.9s-171.7s 显示将液体倒入小碗后把小碗放进炸篮，未见食物装载。,AI等级为2，但画面展示的是放入盛有液体的碗而非食物，不能回答如何装载食物。,R1,completed,2026-07-28T01:18:39+08:00
VQ-002,How should food be loaded into an air-fryer basket?,en,Air Fryer,operation,development,airfryer-032-scene-0038,airfryer-032,173.667,176.367,1,,,no,Frames at 173.7s-176.4s show a hand holding a glass bowl of liquid over the air fryer basket; food (not liquid) loading is not depicted.,,R1,completed,2026-07-28T01:18:39+08:00
VQ-002,How should food be loaded into an air-fryer basket?,en,Air Fryer,operation,development,airfryer-032-scene-0058,airfryer-032,267.2,269.833,1,,,no,Frames at 267.2s and 269.8s show an empty square air fryer basket being held; no food or placement action is captured.,,R1,completed,2026-07-28T01:18:39+08:00
VQ-002,How should food be loaded into an air-fryer basket?,en,Air Fryer,operation,development,airfryer-032-scene-0077,airfryer-032,364.033,376.0,1,,,no,"At t=364.0s, a hand is cleaning the basket grates with a cotton swab, not placing food inside.","Same air fryer basket is shown, but the action is cleaning rather than loading food.",R1,completed,2026-07-28T01:18:39+08:00
VQ-002,How should food be loaded into an air-fryer basket?,en,Air Fryer,operation,development,airfryer-032-scene-0082,airfryer-032,397.1,401.7,0,,,no,"Every frame shows a screwdriver unscrewing screws from a plastic air-fryer component, not food being loaded.",,R1,completed,2026-07-28T01:18:39+08:00
VQ-002,How should food be loaded into an air-fryer basket?,en,Air Fryer,operation,development,airfryer-032-scene-0113,airfryer-032,522.967,525.6,1,,,no,画面仅显示持有空炸篮，未展示任何向篮中装入食物的动作，ASR未提及装篮方法。,,R1,completed,2026-07-28T01:18:39+08:00
VQ-002,How should food be loaded into an air-fryer basket?,en,Air Fryer,operation,development,airfryer-033-scene-0039,airfryer-033,276.043,281.014,0,,,no,第1-6帧 t=276.0s-281.0s 展示炸篮被拉出，篮内及底部有食物残渣和油渍，属于餐后清理而非装载。,AI等级为2，但画面展示的是烹饪结束后取出/清理炸篮，与'如何装入食物'方向相反，不能作为相邻步骤回答。,R1,completed,2026-07-28T01:18:39+08:00
VQ-002,How should food be loaded into an air-fryer basket?,en,Air Fryer,operation,development,airfryer-033-scene-0159,airfryer-033,1415.382,1424.925,3,1417.3,1419.2,no,Frames t=1417.3-1419.2 s clearly show a hand placing potato wedges into the air fryer basket.,"Direct loading occurs at 1417.3-1419.2 s, narrower than AI's full-window time.",R1,completed,2026-07-28T01:18:39+08:00
VQ-002,How should food be loaded into an air-fryer basket?,en,Air Fryer,operation,development,pressure-006-scene-0001,pressure-006,0.0,2.208,1,,,no,"Frames t=0.0s-2.2s only show a person holding and displaying the air fryer, with no food-loading action.",,R1,completed,2026-07-28T01:18:39+08:00
VQ-002,How should food be loaded into an air-fryer basket?,en,Air Fryer,operation,development,pressure-006-scene-0003,pressure-006,4.833,7.5,3,6.5,7.5,no,"Frame at t=7.0s shows a hand placing raw chicken into the air-fryer basket, directly demonstrating food loading.","AI graded 1, but the scene visually demonstrates loading raw chicken into the basket at t=6.5s-7.5s.",R1,completed,2026-07-28T01:18:39+08:00
VQ-002,How should food be loaded into an air-fryer basket?,en,Air Fryer,operation,development,pressure-006-scene-0007,pressure-006,19.875,22.417,1,,,no,"Frames at 20.9s-21.9s show a fully cooked whole chicken already resting in the air fryer basket, with no loading action captured across the window.",,R1,completed,2026-07-28T01:18:39+08:00
VQ-002,How should food be loaded into an air-fryer basket?,en,Air Fryer,operation,development,pressure-006-scene-0008,pressure-006,22.417,26.042,3,23.1,25.3,no,Frames from t=23.1 s to t=25.3 s show tongs placing chicken wings onto the perforated tray inside the air fryer basket.,Visuals directly demonstrate loading food; raised from AI grade 2 to 3.,R1,completed,2026-07-28T01:18:39+08:00
VQ-002,How should food be loaded into an air-fryer basket?,en,Air Fryer,operation,development,pressure-006-scene-0010,pressure-006,29.458,34.083,0,,,no,画面为食物烹饪中，未展示放入炸篮的动作。,,R1,completed,2026-07-27T22:17:08+08:00
VQ-003,怎样插回炸篮并启动空气炸锅？,zh-CN,Air Fryer,operation,development,airfryer-002-scene-0001,airfryer-002,0.0,11.044,0,,,no,画面为甜点成品特写，未展示炸篮插入过程或启动操作。,,R1,completed,2026-07-27T22:10:25+08:00
VQ-003,怎样插回炸篮并启动空气炸锅？,zh-CN,Air Fryer,operation,development,airfryer-002-scene-0009,airfryer-002,241.808,257.424,1,,,no,画面只是人手在篮子外面将食物放入，篮子未插回主机，无启动操作。,,R1,completed,2026-07-28T01:18:39+08:00
VQ-003,怎样插回炸篮并启动空气炸锅？,zh-CN,Air Fryer,operation,development,airfryer-002-scene-0010,airfryer-002,257.424,283.851,1,,,no,画面展示取出/手持炸篮，未展示插回并启动的完整动作。,,R1,completed,2026-07-27T22:20:03+08:00
VQ-003,怎样插回炸篮并启动空气炸锅？,zh-CN,Air Fryer,operation,development,airfryer-002-scene-0011,airfryer-002,283.851,328.095,0,,,no,"Frame at t=301.5s shows a hand using red tongs to remove baked pastries from the basket onto a plate, not inserting the basket or starting the appliance.",,R1,completed,2026-07-28T01:18:39+08:00
VQ-003,怎样插回炸篮并启动空气炸锅？,zh-CN,Air Fryer,operation,development,airfryer-005-scene-0020,airfryer-005,199.291,202.502,1,,,no,frames 199.3-202.5s show the fry basket detached on the counter next to the unit; ASR mentions 'the basket goes' but no actual insertion or power-on is shown.,,R1,completed,2026-07-28T01:18:39+08:00
VQ-003,怎样插回炸篮并启动空气炸锅？,zh-CN,Air Fryer,operation,development,airfryer-005-scene-0021,airfryer-005,202.502,207.465,2,202.502,207.465,no,画面展示将炸篮插回空气炸锅机身，但未出现按下启动键、设置程序或确认运行的动作，仅部分回答'插回炸篮'，无法回答'启动'。,,R1,completed,2026-07-27T22:01:34+08:00
VQ-003,怎样插回炸篮并启动空气炸锅？,zh-CN,Air Fryer,operation,development,airfryer-005-scene-0023,airfryer-005,227.314,232.694,1,,,no,画面展示打开并取出炸篮，未展示插回并启动。,,R1,completed,2026-07-27T22:23:08+08:00
VQ-003,怎样插回炸篮并启动空气炸锅？,zh-CN,Air Fryer,operation,development,airfryer-005-scene-0024,airfryer-005,232.694,239.199,2,232.7,239.199,no,"Frames at 232.7s-239.2s show the man with the black air fryer basket partially out of the unit, providing partial context for basket re-insertion handling.",时间按实际证据片段重定位,R1,completed,2026-07-28T01:18:39+08:00
VQ-003,怎样插回炸篮并启动空气炸锅？,zh-CN,Air Fryer,operation,development,airfryer-005-scene-0028,airfryer-005,270.142,272.56,1,,,no,Across t=270.1-272.6s the basket sits outside the air fryer on the counter and the man only grips/touches the basket handle area; no basket reinsertion into the slot and no button-press to start the appliance is shown.,,R1,completed,2026-07-28T01:18:39+08:00
VQ-003,怎样插回炸篮并启动空气炸锅？,zh-CN,Air Fryer,operation,development,airfryer-005-scene-0030,airfryer-005,276.897,280.4,0,,,no,Frames 276.9-280.4s show the man standing and gesturing next to an open air fryer with the basket already outside; no basket reinsertion or appliance-start action occurs.,,R1,completed,2026-07-28T01:18:39+08:00
VQ-003,怎样插回炸篮并启动空气炸锅？,zh-CN,Air Fryer,operation,development,airfryer-005-scene-0031,airfryer-005,280.4,283.653,1,,,no,"At t=281.7s, the air fryer basket remains open and stationary beside a plate, with no action of inserting the basket or pressing controls.","Air fryer basket is visible and open, making it same-product context though it does not demonstrate insertion or startup.",R1,completed,2026-07-28T01:18:39+08:00
VQ-003,怎样插回炸篮并启动空气炸锅？,zh-CN,Air Fryer,operation,development,airfryer-006-scene-0001,airfryer-006,0.0,4.538,0,,,no,画面未展示炸篮或启动操作。,,R1,completed,2026-07-27T22:14:31+08:00
VQ-003,怎样插回炸篮并启动空气炸锅？,zh-CN,Air Fryer,operation,development,airfryer-006-scene-0005,airfryer-006,16.817,19.92,0,,,no,画面未展示插回炸篮或启动操作。,,R1,completed,2026-07-27T22:20:03+08:00
VQ-003,怎样插回炸篮并启动空气炸锅？,zh-CN,Air Fryer,operation,development,airfryer-006-scene-0006,airfryer-006,19.92,24.358,2,20.8,24.358,no,第2帧 t=20.8s 可见手将抽屉推回机身，炸篮重新插入，后续帧食物仍在篮中，但未出现启动按钮/显示屏操作。,AI等级为1，但第2帧明确展示炸篮/抽屉被推回，可部分回答'插回炸篮'，只是未展示启动。,R1,completed,2026-07-28T01:18:39+08:00
VQ-003,怎样插回炸篮并启动空气炸锅？,zh-CN,Air Fryer,operation,development,airfryer-011-scene-0001,airfryer-011,0.0,107.95,1,,,no,画面展示将三明治/炸篮放入机身，但未出现按下启动键、设置程序等启动操作，无法回答'启动'部分。,,R1,completed,2026-07-27T22:01:34+08:00
VQ-003,怎样插回炸篮并启动空气炸锅？,zh-CN,Air Fryer,operation,development,airfryer-017-scene-0019,airfryer-017,149.049,156.757,1,,,no,"The frames show the drawer being pulled out, not reinserted or started.",,R1,completed,2026-07-28T01:18:39+08:00
VQ-003,怎样插回炸篮并启动空气炸锅？,zh-CN,Air Fryer,operation,development,airfryer-017-scene-0020,airfryer-017,156.757,159.259,1,,,no,Frames 156.8-158.8s show the air fryer door open with the basket removed and a hand touching the internal rack; no basket insertion or start action is performed.,,R1,completed,2026-07-28T01:18:39+08:00
VQ-003,怎样插回炸篮并启动空气炸锅？,zh-CN,Air Fryer,operation,development,airfryer-017-scene-0022,airfryer-017,164.264,172.005,0,,,no,画面仅展示开盖取烤盘，未展示插回炸篮或启动操作。,,R1,completed,2026-07-27T22:12:04+08:00
VQ-003,怎样插回炸篮并启动空气炸锅？,zh-CN,Air Fryer,operation,development,airfryer-017-scene-0026,airfryer-017,230.697,236.403,1,,,no,"The air fryer door is opened and a hand reaches into the interior (t=231.8s–t=233.0s), but the action is part of flipping the unit upside down for bottom repair work per ASR; no basket insertion or device-starting action is shown.",,R1,completed,2026-07-28T01:18:39+08:00
VQ-003,怎样插回炸篮并启动空气炸锅？,zh-CN,Air Fryer,operation,development,airfryer-017-scene-0039,airfryer-017,427.127,431.431,0,,,no,"Frame at t=427.1s shows internal wiring repair with the heating coil exposed, not inserting a fry basket or starting the appliance.",,R1,completed,2026-07-28T01:18:39+08:00
VQ-003,怎样插回炸篮并启动空气炸锅？,zh-CN,Air Fryer,operation,development,airfryer-017-scene-0103,airfryer-017,1417.149,1426.091,1,,,no,"frames 1417.1-1426.1s show a disassembled air fryer and hands handling internal wires/parts, with no basket insertion or startup action.",,R1,completed,2026-07-28T01:18:39+08:00
VQ-003,怎样插回炸篮并启动空气炸锅？,zh-CN,Air Fryer,operation,development,airfryer-017-scene-0109,airfryer-017,1489.054,1498.597,0,,,no,"Frame at t=1489.1s shows a person using a screwdriver to remove screws from the back panel of the air fryer, with no basket insertion or startup action visible.",,R1,completed,2026-07-28T01:18:39+08:00
VQ-003,怎样插回炸篮并启动空气炸锅？,zh-CN,Air Fryer,operation,development,airfryer-017-scene-0114,airfryer-017,1533.198,1537.136,0,,,no,"Frame at t=1534.0s shows a hand placing a handwritten note on the silver air fryer, with no basket insertion or startup action.",,R1,completed,2026-07-28T01:18:39+08:00
VQ-003,怎样插回炸篮并启动空气炸锅？,zh-CN,Air Fryer,operation,development,airfryer-024-scene-0003,airfryer-024,7.574,11.478,0,,,no,"Frames at 9.9s-10.7s show deep-frying chicken in oil; the visible product is a deep fryer, not an air fryer, and no basket-insertion action is shown.",,R1,completed,2026-07-28T01:18:39+08:00
VQ-003,怎样插回炸篮并启动空气炸锅？,zh-CN,Air Fryer,operation,development,airfryer-024-scene-0005,airfryer-024,16.149,19.953,1,,,no,"At t=17.7s, the air fryer sits stationary on a wooden surface; no hand inserts a basket or presses start.","Same air fryer product is shown, though no insertion or startup action occurs.",R1,completed,2026-07-28T01:18:39+08:00
VQ-003,怎样插回炸篮并启动空气炸锅？,zh-CN,Air Fryer,operation,development,airfryer-024-scene-0006,airfryer-024,19.953,22.689,1,,,no,"Frames t=20.0s-22.7s show the basket being removed and fries poured out, not reinserted or started.",,R1,completed,2026-07-28T01:18:39+08:00
VQ-003,怎样插回炸篮并启动空气炸锅？,zh-CN,Air Fryer,operation,development,airfryer-024-scene-0009,airfryer-024,36.536,40.974,1,,,no,画面未展示插入炸篮或启动的完整动作。,,R1,completed,2026-07-27T22:17:08+08:00
VQ-003,怎样插回炸篮并启动空气炸锅？,zh-CN,Air Fryer,operation,development,airfryer-024-scene-0024,airfryer-024,106.773,109.109,1,,,no,"At t=106.8s, a hand is pulling the basket outward from the appliance; no insertion or start action occurs.",,R1,completed,2026-07-28T01:18:39+08:00
VQ-003,怎样插回炸篮并启动空气炸锅？,zh-CN,Air Fryer,operation,development,airfryer-026-scene-0001,airfryer-026,0.0,213.46,1,,,no,第4帧 t=128.1s 展示食物放入炸篮，但未见炸篮推回机身或按压启动/设置面板。,AI等级为2，但联系表未展示将炸篮插回机身或启动设备的动作，不能评为2。,R1,completed,2026-07-28T01:18:39+08:00
VQ-003,怎样插回炸篮并启动空气炸锅？,zh-CN,Air Fryer,operation,development,airfryer-027-scene-0001,airfryer-027,0.0,7.508,0,,,no,场景为视频开场字幕和烤箱鸡翅，无任何插回炸篮或启动空气炸锅的演示。,,R1,completed,2026-07-28T01:18:39+08:00
VQ-003,怎样插回炸篮并启动空气炸锅？,zh-CN,Air Fryer,operation,development,airfryer-029-scene-0008,airfryer-029,38.0,43.92,2,38.0,43.92,no,画面展示炸篮从部分拉出到推回机体的过程，但未完整演示“插入并启动”的全部步骤。,,R1,completed,2026-07-27T22:14:31+08:00
VQ-003,怎样插回炸篮并启动空气炸锅？,zh-CN,Air Fryer,operation,development,airfryer-029-scene-0009,airfryer-029,43.92,47.24,1,,,no,"Frame at t=43.9s shows the Philips air fryer with its basket open and separated, but no demonstration of inserting the basket or starting the appliance.",,R1,completed,2026-07-28T01:18:39+08:00
VQ-003,怎样插回炸篮并启动空气炸锅？,zh-CN,Air Fryer,operation,development,airfryer-029-scene-0010,airfryer-029,47.24,50.08,1,,,no,"Frame at t=47.2s shows the Philips air fryer with its basket removed and placed beside it, but no action of inserting the basket or starting the appliance is shown.",,R1,completed,2026-07-28T01:18:39+08:00
VQ-003,怎样插回炸篮并启动空气炸锅？,zh-CN,Air Fryer,operation,development,airfryer-029-scene-0048,airfryer-029,301.24,304.4,1,,,no,At t=301.2-304.4s the basket is held outside the air fryer body over a green plate of raw chicken; no basket insertion or appliance start occurs.,,R1,completed,2026-07-28T01:18:39+08:00
VQ-003,怎样插回炸篮并启动空气炸锅？,zh-CN,Air Fryer,operation,development,airfryer-029-scene-0050,airfryer-029,307.84,311.96,1,,,no,所有帧展示将食物放入炸篮，未见将炸篮推回机身或启动设备的动作。,,R1,completed,2026-07-28T01:18:39+08:00
VQ-003,怎样插回炸篮并启动空气炸锅？,zh-CN,Air Fryer,operation,development,airfryer-029-scene-0051,airfryer-029,311.96,313.96,1,,,no,"Frames t=312.0s-314.0s show chicken being placed into the basket, but the basket is not inserted back nor the appliance started.",,R1,completed,2026-07-28T01:18:39+08:00
VQ-003,怎样插回炸篮并启动空气炸锅？,zh-CN,Air Fryer,operation,development,airfryer-029-scene-0069,airfryer-029,428.36,431.84,1,,,no,frames 428.4-431.8s show cooked chicken inside an open basket; no insertion or startup action is shown.,,R1,completed,2026-07-28T01:18:39+08:00
VQ-003,怎样插回炸篮并启动空气炸锅？,zh-CN,Air Fryer,operation,development,airfryer-030-scene-0001,airfryer-030,0.0,1092.15,1,,,no,No frame shows reinserting the basket or pressing a start button; only general demonstration scenes are visible.,,R1,completed,2026-07-28T01:18:39+08:00
VQ-003,怎样插回炸篮并启动空气炸锅？,zh-CN,Air Fryer,operation,development,airfryer-032-scene-0036,airfryer-032,166.9,171.667,0,,,no,画面展示碗内液体放入炸篮，未展示将炸篮插回机身或启动设备。,,R1,completed,2026-07-28T01:18:39+08:00
VQ-003,怎样插回炸篮并启动空气炸锅？,zh-CN,Air Fryer,operation,development,airfryer-032-scene-0058,airfryer-032,267.2,269.833,2,267.2,269.8,no,"Frames at 267.2s-269.8s show the basket being moved near the appliance cavity, paired with ASR about drying and plugging back in, giving partial re-insertion context.",时间按实际证据片段重定位,R1,completed,2026-07-28T01:18:39+08:00
VQ-003,怎样插回炸篮并启动空气炸锅？,zh-CN,Air Fryer,operation,development,airfryer-032-scene-0113,airfryer-032,522.967,525.6,2,523.5,525.6,no,第2-5帧（t=523.5s-525.0s）清晰呈现手将空气炸篮推回主机内部，是'插回炸篮'动作；但所有6帧均未显示启动操作或面板交互。,AI=1→R1=2：第2-5帧明确呈现手将炸篮插回空气炸锅主体的动作，仅'启动'部分未演示，故判为部分答案。,R1,completed,2026-07-28T01:18:39+08:00
VQ-003,怎样插回炸篮并启动空气炸锅？,zh-CN,Air Fryer,operation,development,airfryer-033-scene-0025,airfryer-033,198.265,202.169,1,,,no,frames 198.3-202.2s show the air fryer lid open and a cover being handled; no basket insertion or power-on is shown.,,R1,completed,2026-07-28T01:18:39+08:00
VQ-003,怎样插回炸篮并启动空气炸锅？,zh-CN,Air Fryer,operation,development,airfryer-033-scene-0034,airfryer-033,251.818,257.024,1,,,no,画面为拆机状态，未展示插回炸篮或启动操作。,,R1,completed,2026-07-27T22:23:08+08:00
VQ-003,怎样插回炸篮并启动空气炸锅？,zh-CN,Air Fryer,operation,development,airfryer-033-scene-0037,airfryer-033,266.9,271.004,1,,,no,Frames at 268.5s-270.2s show the air fryer with the basket already inside the cavity; no insertion motion or startup action is captured.,"AI marked 0; the same air fryer is visible, only the insertion action is absent, so grade 1.",R1,completed,2026-07-28T01:18:39+08:00
VQ-003,怎样插回炸篮并启动空气炸锅？,zh-CN,Air Fryer,operation,development,airfryer-033-scene-0120,airfryer-033,929.329,932.866,0,,,no,frames 929.3-932.9s show a hand holding a black plastic component; no fry basket or startup action is present.,,R1,completed,2026-07-28T01:18:39+08:00
VQ-003,怎样插回炸篮并启动空气炸锅？,zh-CN,Air Fryer,operation,development,airfryer-033-scene-0149,airfryer-033,1314.581,1319.119,1,,,no,第1-6帧显示空气炸篮处于抽出/打开状态，但无任何将篮子插回或启动设备的动作演示。,,R1,completed,2026-07-28T01:18:39+08:00
VQ-003,怎样插回炸篮并启动空气炸锅？,zh-CN,Air Fryer,operation,development,airfryer-033-scene-0159,airfryer-033,1415.382,1424.925,2,1423.0,1424.925,no,"Frame t=1425.0 s shows the loaded basket being pushed back into the air fryer, though no start action is visible.","Basket reinsertion visible; raised from AI grade 1 to 2. | 第三轮仲裁修正：R1原记录 等级=2 时间=[1415.4,1424.925] 泄漏=no → 仲裁 等级=2 时间=[1423.0,1424.925] 泄漏=no。理由：查询要求'插回炸篮并启动'两个动作；第5-6帧（t=1423.0s-1425.0s）显示装有土豆的炸篮被手推回WALITA空气炸锅内（插回动作可见），但全程未出现启动按键或指示灯变化等启动动作；按规范部分步骤属于2级；时间采纳db09的紧密区间，仅覆盖末两帧而非整个场景窗口。",R1,completed,2026-07-28T20:35:21+08:00
VQ-003,怎样插回炸篮并启动空气炸锅？,zh-CN,Air Fryer,operation,development,pressure-006-scene-0002,pressure-006,2.208,4.833,1,,,no,frames 2.2-4.8s demonstrate one-click lid opening of a yellow air fryer; no basket insertion or startup is shown.,,R1,completed,2026-07-28T01:18:39+08:00
VQ-003,怎样插回炸篮并启动空气炸锅？,zh-CN,Air Fryer,operation,development,pressure-006-scene-0005,pressure-006,15.083,17.625,0,,,no,画面为空气炸锅面板特写，无炸篮插回动作，也无启动/运行画面，与问题无关。,,R1,completed,2026-07-27T22:01:34+08:00
VQ-003,怎样插回炸篮并启动空气炸锅？,zh-CN,Air Fryer,operation,development,pressure-006-scene-0007,pressure-006,19.875,22.417,1,,,no,Frames at 19.9s-21.9s show the closed or already-seated air fryer; no basket insertion motion is captured.,,R1,completed,2026-07-28T01:18:39+08:00
VQ-003,怎样插回炸篮并启动空气炸锅？,zh-CN,Air Fryer,operation,development,pressure-006-scene-0008,pressure-006,22.417,26.042,1,,,no,The frames show loading chicken wings but never show the basket being reinserted into the appliance or any start action.,,R1,completed,2026-07-28T01:18:39+08:00
VQ-003,怎样插回炸篮并启动空气炸锅？,zh-CN,Air Fryer,operation,development,pressure-006-scene-0009,pressure-006,26.042,29.458,1,,,no,画面未展示插回炸篮或启动动作。,,R1,completed,2026-07-27T22:23:08+08:00
VQ-004,What visible state shows that an air fryer is preheating?,en,Air Fryer,state,development,airfryer-002-scene-0005,airfryer-002,118.852,126.393,0,,,no,"Frames 118.9-126.4s show round white dough discs and Oreo cookies on a red silicone baking mat; no air fryer, display, or preheating indicator is visible.",,R1,completed,2026-07-28T01:18:39+08:00
VQ-004,What visible state shows that an air fryer is preheating?,en,Air Fryer,state,development,airfryer-002-scene-0006,airfryer-002,126.393,137.271,1,,,no,"All frames show a man in a blue apron preparing puff pastry dough with egg wash and Oreo cookies on a countertop; an air fryer sits passively in the background with no visible power-on state, indicator light, or preheating activity.","第三轮仲裁修正：R1原记录 等级=0 时间=[None,None] 泄漏=no → 仲裁 等级=1 时间=[None,None] 泄漏=no。理由：采纳复核方：全部6帧（t=126.4s–137.3s）中黑色空气炸锅清晰可见于主持人右后方台面上，同产品确实出现但无人触碰、无预热指示灯，符合等级1定义。",R1,completed,2026-07-28T20:35:21+08:00
VQ-004,What visible state shows that an air fryer is preheating?,en,Air Fryer,state,development,airfryer-002-scene-0008,airfryer-002,191.625,241.808,1,,,no,ASR提到预热，但画面未展示预热指示灯、显示屏变化或加热状态。,,R1,completed,2026-07-27T22:17:08+08:00
VQ-004,What visible state shows that an air fryer is preheating?,en,Air Fryer,state,development,airfryer-002-scene-0009,airfryer-002,241.808,257.424,0,,,no,6帧画面聚焦在炸篮装载过程，无空气炸锅正面控制面板或加热指示灯可见，无法回答预热状态。,,R1,completed,2026-07-28T01:18:39+08:00
VQ-004,What visible state shows that an air fryer is preheating?,en,Air Fryer,state,development,airfryer-002-scene-0010,airfryer-002,257.424,283.851,0,,,no,画面未展示预热指示灯、显示屏或加热状态。,,R1,completed,2026-07-27T22:20:03+08:00
VQ-004,What visible state shows that an air fryer is preheating?,en,Air Fryer,state,development,airfryer-005-scene-0004,airfryer-005,68.307,80.609,0,,,no,"All frames (t=68.3s through t=80.6s) show ingredient preparation — cracking an egg into a small bowl on a cutting board beside a closed black air fryer; no indicator light, display reading, or heating element glow indicates any preheating state.",,R1,completed,2026-07-28T01:18:39+08:00
VQ-004,What visible state shows that an air fryer is preheating?,en,Air Fryer,state,development,airfryer-005-scene-0008,airfryer-005,99.208,102.085,1,,,no,"Frames at t=99.2s-102.1s show the air fryer lid open with the basket inside, but no preheating indicator is visible.",,R1,completed,2026-07-28T01:18:39+08:00
VQ-004,What visible state shows that an air fryer is preheating?,en,Air Fryer,state,development,airfryer-005-scene-0010,airfryer-005,108.674,119.766,1,,,no,"At t=108.7s, the basket is open and being loaded with bread; no preheat light, display message, or heating indicator is visible.","Same air fryer product and loading context, but no preheating indicator is shown.",R1,completed,2026-07-28T01:18:39+08:00
VQ-004,What visible state shows that an air fryer is preheating?,en,Air Fryer,state,development,airfryer-005-scene-0023,airfryer-005,227.314,232.694,1,,,no,画面为烹饪完成后状态，无预热指示灯或加热状态。,"第三轮仲裁修正：R1原记录 等级=0 时间=[None,None] 泄漏=no → 仲裁 等级=1 时间=[None,None] 泄漏=no。理由：采纳复核方：t=227.3s–232.7s全部6帧展示手从空气炸锅中拉出炸篮的动作，空气炸锅为主体对象，但无预热指示灯/加热状态显示，符合等级1。",R1,completed,2026-07-28T20:35:21+08:00
VQ-004,What visible state shows that an air fryer is preheating?,en,Air Fryer,state,development,airfryer-005-scene-0025,airfryer-005,239.199,243.87,1,,,no,画面只显示炸篮内的食物成品，未展示预热指示灯、显示屏或加热状态。,"第三轮仲裁修正：R1原记录 等级=0 时间=[None,None] 泄漏=no → 仲裁 等级=1 时间=[None,None] 泄漏=no。理由：采纳复核方：t=239.2s–243.9s全部6帧均为空气炸锅炸篮特写（内有成品食物），同产品核心出现但无预热状态指示，符合等级1。",R1,completed,2026-07-28T20:35:21+08:00
VQ-004,What visible state shows that an air fryer is preheating?,en,Air Fryer,state,development,airfryer-005-scene-0027,airfryer-005,266.222,270.142,1,,,no,画面只显示食物在炸篮中，无预热指示灯、显示屏变化或加热声响。,"第三轮仲裁修正：R1原记录 等级=0 时间=[None,None] 泄漏=no → 仲裁 等级=1 时间=[None,None] 泄漏=no。理由：采纳复核方：t=266.2s–270.2s全部6帧均为空气炸锅炸篮特写（内有成品），同产品核心出现但无预热指示灯/显示屏变化/加热声响，符合等级1。",R1,completed,2026-07-28T20:35:21+08:00
VQ-004,What visible state shows that an air fryer is preheating?,en,Air Fryer,state,development,airfryer-006-scene-0005,airfryer-006,16.817,19.92,2,16.817,19.92,no,显示屏显示350°F并设定4分钟，可推断设备处于预热/待烹饪状态，但未明确显示“预热中”指示。,,R1,completed,2026-07-27T22:20:03+08:00
VQ-004,What visible state shows that an air fryer is preheating?,en,Air Fryer,state,development,airfryer-006-scene-0006,airfryer-006,19.92,24.358,0,,,no,所有帧均展示翻动/烹饪食物，未见预热指示灯、显示屏或任何预热提示。,,R1,completed,2026-07-28T01:18:39+08:00
VQ-004,What visible state shows that an air fryer is preheating?,en,Air Fryer,state,development,airfryer-017-scene-0020,airfryer-017,156.757,159.259,1,,,no,"Across 156.8-158.8s the exposed coil/rack is visible but there is no indicator light, display text, or element glow signalling preheating.",,R1,completed,2026-07-28T01:18:39+08:00
VQ-004,What visible state shows that an air fryer is preheating?,en,Air Fryer,state,development,airfryer-017-scene-0037,airfryer-017,421.988,424.09,1,,,no,"At t=422.0-424.1s, the video shows hands using a screwdriver inside a disassembled air fryer, with no display, light, or heating indicator visible.","The scene does contain an air fryer, but it shows repair/disassembly rather than any preheating state.",R1,completed,2026-07-28T01:18:39+08:00
VQ-004,What visible state shows that an air fryer is preheating?,en,Air Fryer,state,development,airfryer-017-scene-0039,airfryer-017,427.127,431.431,0,,,no,"Frame at t=429.8s shows a hand working on internal wiring inside the disassembled air fryer, with no display, light, or indicator suggesting preheating.",,R1,completed,2026-07-28T01:18:39+08:00
VQ-004,What visible state shows that an air fryer is preheating?,en,Air Fryer,state,development,airfryer-017-scene-0065,airfryer-017,750.383,782.248,0,,,no,"All six frames show disassembled air fryer internal components (coiled heating element, wiring, thermistor, metal chamber interior) during a repair teardown; none show any operational state such as glowing element, indicator light, or temperature display that would indicate preheating.",,R1,completed,2026-07-28T01:18:39+08:00
VQ-004,What visible state shows that an air fryer is preheating?,en,Air Fryer,state,development,airfryer-017-scene-0115,airfryer-017,1537.136,1547.12,0,,,no,All six frames (t=1537.1s through t=1547.1s) show a stainless steel air fryer with a handwritten note 'Back in business! Dad' taped over its control panel; the display area is obscured by the note and no preheating indicator light or active heating state is visible.,,R1,completed,2026-07-28T01:18:39+08:00
VQ-004,What visible state shows that an air fryer is preheating?,en,Air Fryer,state,development,airfryer-024-scene-0003,airfryer-024,7.574,11.478,0,,,no,"Frame at 9.9s shows actively bubbling oil around chicken, characteristic of deep frying rather than air-fryer preheating.",,R1,completed,2026-07-28T01:18:39+08:00
VQ-004,What visible state shows that an air fryer is preheating?,en,Air Fryer,state,development,airfryer-024-scene-0005,airfryer-024,16.149,19.953,1,,,no,"At t=18.5s, the display shows static blue LEDs, with no 'preheating' text, icon, or color change visible.","Same product visible, but no preheating state is demonstrated.",R1,completed,2026-07-28T01:18:39+08:00
VQ-004,What visible state shows that an air fryer is preheating?,en,Air Fryer,state,development,airfryer-024-scene-0008,airfryer-024,28.862,36.536,1,,,no,"The scene shows a Brio air fryer with cooked French fries being removed from the basket (t=31.9s-36.5s); ASR mentions an 'optional preheat function' but no frame shows a visible indicator light, display reading, or other visual state confirming the air fryer is actively preheating.",,R1,completed,2026-07-28T01:18:39+08:00
VQ-004,What visible state shows that an air fryer is preheating?,en,Air Fryer,state,development,airfryer-024-scene-0009,airfryer-024,36.536,40.974,2,36.536,40.974,no,数字屏显示Optional PREHEAT FUNCTION及375°F，可推断预热状态，但未明确显示“预热中”专属指示。,,R1,completed,2026-07-27T22:17:08+08:00
VQ-004,What visible state shows that an air fryer is preheating?,en,Air Fryer,state,development,airfryer-024-scene-0011,airfryer-024,43.777,56.69,2,46.4,49.0,no,"Frame at t=46.4s shows the display set to 00:10 and frame at t=49.0s shows the glowing heating element, indicating the appliance is heating up.",时间按实际证据片段重定位,R1,completed,2026-07-28T01:18:39+08:00
VQ-004,What visible state shows that an air fryer is preheating?,en,Air Fryer,state,development,airfryer-024-scene-0019,airfryer-024,81.214,85.852,1,,,no,Five of six frames show women in bikinis eating by a pool; only the t~85s frame briefly shows a hand on an air fryer dial with no visible preheating indicator.,,R1,completed,2026-07-28T01:18:39+08:00
VQ-004,What visible state shows that an air fryer is preheating?,en,Air Fryer,state,development,airfryer-026-scene-0001,airfryer-026,0.0,213.46,1,,,no,第3帧 t=85.4s 与第4帧 t=128.1s 可见空气炸锅，但无预热状态指示灯、屏幕或蒸汽等视觉提示。,AI等级为2，但联系表所有帧均未展示预热指示灯、显示屏变化等可见状态，不能评为2。,R1,completed,2026-07-28T01:18:39+08:00
VQ-004,What visible state shows that an air fryer is preheating?,en,Air Fryer,state,development,airfryer-027-scene-0001,airfryer-027,0.0,7.508,0,,,no,画面仅含标题卡和烤鸡翅，未出现空气炸锅或任何预热指示状态。,,R1,completed,2026-07-28T01:18:39+08:00
VQ-004,What visible state shows that an air fryer is preheating?,en,Air Fryer,state,development,airfryer-027-scene-0002,airfryer-027,7.508,283.4,0,,,no,画面展示烤箱烤鸡翅、空气炸锅包装袋及成品，无预热指示灯、预热文字或任何预热状态画面，与问题无关。,,R1,completed,2026-07-27T22:01:40+08:00
VQ-004,What visible state shows that an air fryer is preheating?,en,Air Fryer,state,development,airfryer-029-scene-0008,airfryer-029,38.0,43.92,1,,,no,画面未展示预热指示灯、显示屏或加热声响。,,R1,completed,2026-07-27T22:14:31+08:00
VQ-004,What visible state shows that an air fryer is preheating?,en,Air Fryer,state,development,airfryer-029-scene-0009,airfryer-029,43.92,47.24,1,,,no,"Frame at t=45.2s shows the open basket and red latch, with no display, light, or other indicator of preheating visible.",,R1,completed,2026-07-28T01:18:39+08:00
VQ-004,What visible state shows that an air fryer is preheating?,en,Air Fryer,state,development,airfryer-029-scene-0045,airfryer-029,272.4,276.6,2,272.4,276.6,no,ASR提到预热200°C 5分钟，画面展示旋钮调节，但未明确显示“预热中”专属指示。,,R1,completed,2026-07-27T22:23:08+08:00
VQ-004,What visible state shows that an air fryer is preheating?,en,Air Fryer,state,development,airfryer-029-scene-0046,airfryer-029,276.6,299.2,1,,,no,The scene at t=276.6s-299.2s shows a presenter behind an air fryer with no visible preheating indicator such as lights or display.,,R1,completed,2026-07-28T01:18:39+08:00
VQ-004,What visible state shows that an air fryer is preheating?,en,Air Fryer,state,development,airfryer-029-scene-0047,airfryer-029,299.2,301.24,1,,,no,"A chef in red uniform demonstrates a Philips air fryer (t=299.2s through t=301.2s) while ASR mentions 'after five minutes of preheating,' but none of the six frames reveal a visible indicator light, display reading, illuminated icon, or other visual state confirming the air fryer is actively preheating — the query specifically asks for a VISIBLE state which is absent.","第三轮仲裁修正：R1原记录 等级=0 时间=[None,None] 泄漏=no → 仲裁 等级=1 时间=[None,None] 泄漏=no。理由：飞利浦空气炸锅在6帧（t=299.2s-301.2s）中清晰出现，红衣厨师正在演示，ASR提及预热5分钟；但所有帧均无可视化预热指示灯/显示屏确认设备在预热状态，按规范产品出现但未演示可见预热状态应为1级。",R1,completed,2026-07-28T20:35:21+08:00
VQ-004,What visible state shows that an air fryer is preheating?,en,Air Fryer,state,development,airfryer-030-scene-0001,airfryer-030,0.0,1092.15,0,,,no,"The frames show only black screens or the presenter speaking; no preheating lights, sounds, or display changes are visible.",,R1,completed,2026-07-28T01:18:39+08:00
VQ-004,What visible state shows that an air fryer is preheating?,en,Air Fryer,state,development,airfryer-032-scene-0018,airfryer-032,65.333,72.833,0,,,no,All six frames show only a woman talking in a kitchen with no air fryer visible in any frame; the ASR mentions preheating verbally but there is zero visual evidence of the appliance or its state.,,R1,completed,2026-07-28T01:18:39+08:00
VQ-004,What visible state shows that an air fryer is preheating?,en,Air Fryer,state,development,airfryer-032-scene-0033,airfryer-032,143.8,146.8,1,,,no,"The frame montage shows an extreme close-up of the spiral heating element coils (greenish, slightly discolored/rusty), which is the exact component relevant to preheating, but the coils are dark and unglowing with no visible heat emission or indicator of active preheating.",,R1,completed,2026-07-28T01:18:39+08:00
VQ-004,What visible state shows that an air fryer is preheating?,en,Air Fryer,state,development,airfryer-032-scene-0034,airfryer-032,146.8,162.333,0,,,no,"The frames show only a presenter talking and a brief 'AIR FRYER 101' graphic overlay, with no actual air fryer preheating state visible.",,R1,completed,2026-07-28T01:18:39+08:00
VQ-004,What visible state shows that an air fryer is preheating?,en,Air Fryer,state,development,airfryer-032-scene-0047,airfryer-032,229.433,232.433,1,,,no,"The contact sheet shows the air fryer interior including the spiral heating element and stained basket bottom, which is the correct product and component area for a preheating question, but the element is visibly cold/unlit with no glow, light, or thermal indicator confirming preheating.",,R1,completed,2026-07-28T01:18:39+08:00
VQ-004,What visible state shows that an air fryer is preheating?,en,Air Fryer,state,development,airfryer-032-scene-0072,airfryer-032,329.833,343.5,0,,,no,All frames show a person scrubbing the air fryer heating element coil with a toothbrush; this is a cleaning scene with no preheating state visible.,,R1,completed,2026-07-28T01:18:39+08:00
VQ-004,What visible state shows that an air fryer is preheating?,en,Air Fryer,state,development,airfryer-032-scene-0093,airfryer-032,443.7,449.5,0,,,no,"All six frames (t=443.7s through t=449.5s) show a person scrubbing the air fryer's exposed heating coil with a steel wool scouring pad; this is a cleaning action with no visible preheating indicator light, display text, or active heating state.",,R1,completed,2026-07-28T01:18:39+08:00
VQ-004,What visible state shows that an air fryer is preheating?,en,Air Fryer,state,development,airfryer-032-scene-0094,airfryer-032,449.5,452.5,0,,,no,"At t=449.5-452.5s the open air fryer interior and dirty spiral coil are visible, but no light, display, glow, or other preheating state is shown.",,R1,completed,2026-07-28T01:18:39+08:00
VQ-004,What visible state shows that an air fryer is preheating?,en,Air Fryer,state,development,airfryer-033-scene-0001,airfryer-033,0.0,3.971,0,,,no,"All six frames depict hands using tools to repair a fully disassembled air fryer (exposed motor, wiring, screws, base housing); the subtitle reads 'ELE RODA MAS NÃO RODA' about a mechanical fault — nothing relates to preheating state or normal operation.",,R1,completed,2026-07-28T01:18:39+08:00
VQ-004,What visible state shows that an air fryer is preheating?,en,Air Fryer,state,development,airfryer-033-scene-0033,airfryer-033,242.109,251.818,2,247.5,248.5,no,第4帧（t=248.0s）面板数字屏显示『300°』并有指示灯亮起，呈现通电工作的可见状态，但屏幕无明确‘Preheat/预热’字样。,第三轮双复核一致修正：R1时间242.109-251.818→独立247.5-248.5：仅在t≈248.0s单帧出现显示屏状态，余帧多为盖板/机械部件，与预热可视化状态无关，R1区间过宽。,R1,completed,2026-07-28T20:35:21+08:00
VQ-004,What visible state shows that an air fryer is preheating?,en,Air Fryer,state,development,airfryer-033-scene-0034,airfryer-033,251.818,257.024,2,251.818,257.024,no,显示屏显示200°且指示灯亮起，可推断设备处于预热/活跃状态，但未明确显示“预热中”。,,R1,completed,2026-07-27T22:23:08+08:00
VQ-004,What visible state shows that an air fryer is preheating?,en,Air Fryer,state,development,airfryer-033-scene-0079,airfryer-033,570.971,575.809,0,,,no,"The frames show disassembled metal appliance parts and a hand holding a pot or pan, with no preheating indicator or even a recognizable intact air fryer.",,R1,completed,2026-07-28T01:18:39+08:00
VQ-004,What visible state shows that an air fryer is preheating?,en,Air Fryer,state,development,airfryer-033-scene-0117,airfryer-033,910.077,914.781,0,,,no,"Frames show a person in a raccoon mask giving thumbs-up and another person working on a disassembled air fryer base on a white cloth; no operational state, indicator light, or preheating behavior is visible anywhere.",,R1,completed,2026-07-28T01:18:39+08:00
VQ-004,What visible state shows that an air fryer is preheating?,en,Air Fryer,state,development,airfryer-033-scene-0155,airfryer-033,1385.419,1389.523,1,,,no,6帧均只显示空气炸锅橙色指示灯亮起，只能说明设备通电/开启，未出现任何专门标识“预热”状态的显示或动作。,时间按实际证据片段重定位 | 第三轮双复核一致修正：R1=2→indep=1：橙色指示灯仅表明设备通电，不能作为“预热”这一特定状态的直接证据。,R1,completed,2026-07-28T20:35:21+08:00
VQ-004,What visible state shows that an air fryer is preheating?,en,Air Fryer,state,development,airfryer-033-scene-0157,airfryer-033,1391.658,1408.108,2,1391.658,1408.108,no,数字屏显示温度与计时器从设定值开始变化，能说明设备处于活跃状态，但未明确标识“预热”状态。,,R1,completed,2026-07-27T22:14:31+08:00
VQ-004,What visible state shows that an air fryer is preheating?,en,Air Fryer,state,development,airfryer-033-scene-0158,airfryer-033,1408.108,1415.382,1,,,no,6帧中仅第5帧（t=1414.0s）短暂显示空气炸锅数字屏与橙色指示灯，其余帧为人物无关画面；该状态只能说明设备通电，不能确认“预热”。,时间按实际证据片段重定位 | 第三轮双复核一致修正：R1=2→indep=1：单帧显示的“3”和指示灯只能说明设备处于某种通电/运行状态，并非“预热”的特定可见证据，且场景大部分为无关人物画面。,R1,completed,2026-07-28T20:35:21+08:00
VQ-004,What visible state shows that an air fryer is preheating?,en,Air Fryer,state,development,pressure-006-scene-0005,pressure-006,15.083,17.625,1,,,no,画面显示面板数字'880'，但无预热指示灯、预热中文字提示或可见的预热状态，无法回答预热可视状态。,,R1,completed,2026-07-27T22:01:34+08:00
VQ-004,What visible state shows that an air fryer is preheating?,en,Air Fryer,state,development,pressure-006-scene-0006,pressure-006,17.625,19.875,2,17.625,19.875,no,"Every frame shows bright orange-yellow glow from the heating element visible through the circular 'Visual window', indicating the unit is actively heated, which is a visible state consistent with (though not exclusively confirming) preheating.",,R1,completed,2026-07-28T01:18:39+08:00
VQ-004,What visible state shows that an air fryer is preheating?,en,Air Fryer,state,development,pressure-006-scene-0009,pressure-006,26.042,29.458,1,,,no,黄色空气炸锅数字显示屏全亮显示“888”，且手正在操作面板，结合上下文可视为预热/上电状态的可视指示。,"第三轮仲裁修正：R1原记录 等级=3 时间=[26.042,29.458] 泄漏=no → 仲裁 等级=1 时间=[None,None] 泄漏=no。理由：显示屏“888”为通电/面板全段自检显示，并非预热专属状态，产品出现但不回答查询，采纳复核方1级意见。",R1,completed,2026-07-28T20:35:21+08:00
VQ-004,What visible state shows that an air fryer is preheating?,en,Air Fryer,state,development,pressure-006-scene-0010,pressure-006,29.458,34.083,1,,,no,画面未明确展示预热指示灯或“预热中”显示。,,R1,completed,2026-07-27T22:17:08+08:00
VQ-004,What visible state shows that an air fryer is preheating?,en,Air Fryer,state,development,pressure-006-scene-0011,pressure-006,34.083,37.875,0,,,no,"All six frames show cooked chicken wings in an air fryer basket with '1500 W high-power rapid heating' text overlay; no indicator light, display, or visible preheating state is present.",,R1,completed,2026-07-28T01:18:39+08:00
VQ-005,怎样看出空气炸锅正在烹饪？,zh-CN,Air Fryer,state,development,airfryer-002-scene-0009,airfryer-002,241.808,257.424,1,,,no,画面仅为向炸篮中装入饼的动作，未显示空气炸锅正在运行或任何烹饪指示。,,R1,completed,2026-07-28T01:18:39+08:00
VQ-005,怎样看出空气炸锅正在烹饪？,zh-CN,Air Fryer,state,development,airfryer-002-scene-0010,airfryer-002,257.424,283.851,2,257.424,283.851,no,ASR说明泡芙皮呈金黄色且饼干“about done”，可作为烹饪进展的视觉线索，但无运行指示灯等直接证据。,,R1,completed,2026-07-27T22:20:03+08:00
VQ-005,怎样看出空气炸锅正在烹饪？,zh-CN,Air Fryer,state,development,airfryer-002-scene-0011,airfryer-002,283.851,328.095,2,283.9,328.095,no,"Frame at t=283.9s shows golden-brown pastries in the basket and the ASR says they are 'fresh out of the air fryer,' indicating a completed cooking state rather than active cooking.","Scene shows completed cooking (golden-brown pastries removed), not actively cooking; downgraded from AI 3.",R1,completed,2026-07-28T01:18:39+08:00
VQ-005,怎样看出空气炸锅正在烹饪？,zh-CN,Air Fryer,state,development,airfryer-002-scene-0012,airfryer-002,328.095,337.137,1,,,no,"t=329.9s shows an air fryer on the counter in the background, but the person is only dusting pastries, not cooking.",,R1,completed,2026-07-28T01:18:39+08:00
VQ-005,怎样看出空气炸锅正在烹饪？,zh-CN,Air Fryer,state,development,airfryer-002-scene-0013,airfryer-002,337.137,345.145,0,,,no,t=338.7s shows only a plate of pastries being cut open; no air fryer or cooking indicator is visible.,,R1,completed,2026-07-28T01:18:39+08:00
VQ-005,怎样看出空气炸锅正在烹饪？,zh-CN,Air Fryer,state,development,airfryer-005-scene-0019,airfryer-005,192.535,199.291,1,,,no,"t=193.9s shows a hand seasoning raw eggs inside the air fryer basket, but no active cooking indicator is shown.",,R1,completed,2026-07-28T01:18:39+08:00
VQ-005,怎样看出空气炸锅正在烹饪？,zh-CN,Air Fryer,state,development,airfryer-005-scene-0023,airfryer-005,227.314,232.694,2,227.314,232.694,no,画面展示烹饪完成后的金黄色成品，可反推烹饪过程已发生，但并未直接展示“正在烹饪”的运行状态。,AI原判为3级，但画面为事后成品而非运行中的直接证据，故降为2级。,R1,completed,2026-07-27T22:23:08+08:00
VQ-005,怎样看出空气炸锅正在烹饪？,zh-CN,Air Fryer,state,development,airfryer-005-scene-0024,airfryer-005,232.694,239.199,2,232.7,239.199,no,"Frames at 232.7s-239.2s show the closed air fryer in front of the man with ASR mentioning 'golden brown toast', giving adjacent cooking-state cues but not live cooking.",时间按实际证据片段重定位,R1,completed,2026-07-28T01:18:39+08:00
VQ-005,怎样看出空气炸锅正在烹饪？,zh-CN,Air Fryer,state,development,airfryer-005-scene-0025,airfryer-005,239.199,243.87,2,239.199,243.87,no,画面直接展示炸篮内有食物（面包、鸡蛋、培根）正在进行烹饪，但没有蒸汽、计时器读数等额外运行指示。,,R1,completed,2026-07-27T22:10:25+08:00
VQ-005,怎样看出空气炸锅正在烹饪？,zh-CN,Air Fryer,state,development,airfryer-005-scene-0027,airfryer-005,266.222,270.142,1,,,no,画面展示炸篮内盛有食物，可推断处于烹饪准备/进行阶段，但无运行指示灯、蒸汽或计时器等明确烹饪中证据。,AI原判为0级，但炸篮内食物清晰可见，属于同产品背景且与“正在烹饪”相邻，故升为1级。,R1,completed,2026-07-27T22:14:31+08:00
VQ-005,怎样看出空气炸锅正在烹饪？,zh-CN,Air Fryer,state,development,airfryer-005-scene-0031,airfryer-005,280.4,283.653,1,,,no,"At t=282.4s, the basket is open and food sits on a plate; no steam, display animation, or sound indicates active cooking.","Same air fryer product is present, but no evidence of active cooking state.",R1,completed,2026-07-28T01:18:39+08:00
VQ-005,怎样看出空气炸锅正在烹饪？,zh-CN,Air Fryer,state,development,airfryer-006-scene-0001,airfryer-006,0.0,4.538,0,,,no,画面无空气炸锅运行状态或指示。,,R1,completed,2026-07-27T22:14:31+08:00
VQ-005,怎样看出空气炸锅正在烹饪？,zh-CN,Air Fryer,state,development,airfryer-006-scene-0005,airfryer-006,16.817,19.92,2,16.817,19.92,no,显示屏显示350°F与4分钟设定，说明设备已设置并即将/正在工作，但无蒸汽、风扇等直接运行证据。,,R1,completed,2026-07-27T22:20:03+08:00
VQ-005,怎样看出空气炸锅正在烹饪？,zh-CN,Air Fryer,state,development,airfryer-006-scene-0006,airfryer-006,19.92,24.358,2,21.7,23.5,no,第3帧 t=21.7s 起可见食物在炸篮中被翻动，第5帧 t=23.5s 仍有翻动动作，且屏幕文字提示'FLIP AND COOK FOR AN ADDITIONAL 1-2 MINUTES'，表明正在烹饪。,与AI等级一致，但将时间从整个窗口细化到具体帧范围。,R1,completed,2026-07-28T01:18:39+08:00
VQ-005,怎样看出空气炸锅正在烹饪？,zh-CN,Air Fryer,state,development,airfryer-006-scene-0007,airfryer-006,24.358,31.18,0,,,no,t=24.4s shows only a pastry on a plate being dusted with powdered sugar; no air fryer is visible.,,R1,completed,2026-07-28T01:18:39+08:00
VQ-005,怎样看出空气炸锅正在烹饪？,zh-CN,Air Fryer,state,development,airfryer-011-scene-0001,airfryer-011,0.0,107.95,2,48.0,52.0,no,画面未清晰呈现烹饪中的可视状态，但 ASR 提到'cook for four minutes'说明设备正在运行，只能部分回答。,,R1,completed,2026-07-27T22:01:34+08:00
VQ-005,怎样看出空气炸锅正在烹饪？,zh-CN,Air Fryer,state,development,airfryer-017-scene-0002,airfryer-017,2.97,6.473,1,,,no,"At t=3.0-6.5s, the presenter stands beside a non-operational stainless steel air fryer with a note reading 'DO NOT Order Again!' and no cooking display or activity visible.",,R1,completed,2026-07-28T01:18:39+08:00
VQ-005,怎样看出空气炸锅正在烹饪？,zh-CN,Air Fryer,state,development,airfryer-017-scene-0019,airfryer-017,149.049,156.757,0,,,no,No frame shows the air fryer operating; the unit appears off while the drawer is removed.,No cooking indicator visible; lowered from AI grade 1 to 0.,R1,completed,2026-07-28T01:18:39+08:00
VQ-005,怎样看出空气炸锅正在烹饪？,zh-CN,Air Fryer,state,development,airfryer-017-scene-0020,airfryer-017,156.757,159.259,1,,,no,"At t=156.8-158.8s the open interior is shown with no fan motion, no lit display, no food inside, and no timer audible or visible indicating active cooking.",,R1,completed,2026-07-28T01:18:39+08:00
VQ-005,怎样看出空气炸锅正在烹饪？,zh-CN,Air Fryer,state,development,airfryer-017-scene-0022,airfryer-017,164.264,172.005,1,,,no,画面展示打开盖子后的内腔，但未展示食物、加热指示灯或运行声响等烹饪中迹象。,,R1,completed,2026-07-27T22:12:04+08:00
VQ-005,怎样看出空气炸锅正在烹饪？,zh-CN,Air Fryer,state,development,airfryer-017-scene-0112,airfryer-017,1506.839,1523.722,1,,,no,显示屏显示OFF，说明当前未在烹饪，但设备本体可见。,,R1,completed,2026-07-27T22:20:03+08:00
VQ-005,怎样看出空气炸锅正在烹饪？,zh-CN,Air Fryer,state,development,airfryer-017-scene-0114,airfryer-017,1533.198,1537.136,0,,,no,"Frame at t=1535.6s shows a note being placed on the air fryer, with no visible cooking indicator, steam, light, or display activity.",,R1,completed,2026-07-28T01:18:39+08:00
VQ-005,怎样看出空气炸锅正在烹饪？,zh-CN,Air Fryer,state,development,airfryer-024-scene-0009,airfryer-024,36.536,40.974,3,36.536,40.974,no,画面展示炸篮内有食物，并标注GRILLING/SEARING/BROILING模式，数字屏显示375°F，直接说明正在烹饪。,,R1,completed,2026-07-27T22:17:08+08:00
VQ-005,怎样看出空气炸锅正在烹饪？,zh-CN,Air Fryer,state,development,airfryer-024-scene-0011,airfryer-024,43.777,56.69,3,46.4,54.1,no,"Frames from t=46.4s to t=54.1s show the countdown timer, glowing heating element, and animated hot air circulating around food inside the cutaway air fryer, directly showing active cooking.","Upgraded from AI grade 2 because the visual directly depicts the cooking process with timer, heat element, and hot-air animation.",R1,completed,2026-07-28T01:18:39+08:00
VQ-005,怎样看出空气炸锅正在烹饪？,zh-CN,Air Fryer,state,development,airfryer-024-scene-0012,airfryer-024,56.69,63.73,2,56.7,63.7,no,"t=56.7s shows the air fryer basket with food and a 'Brio Time Lapse Sampler Basket 10 minutes' overlay, indicating an active cooking state.",时间按实际证据片段重定位,R1,completed,2026-07-28T01:18:39+08:00
VQ-005,怎样看出空气炸锅正在烹饪？,zh-CN,Air Fryer,state,development,airfryer-024-scene-0015,airfryer-024,70.137,73.974,1,,,no,第1-6帧展示的是已烹饪完成的食物被取出，叠加'Auto Shut-Off'文字表示烹饪结束，而非正在烹饪的状态，不能回答如何看出正在烹饪。,时间按实际证据片段重定位 | 第三轮双复核一致修正：R1=2偏高：画面展示的是烹饪完成后取出食物与Auto Shut-Off状态，不能说明正在烹饪。,R1,completed,2026-07-28T20:35:21+08:00
VQ-005,怎样看出空气炸锅正在烹饪？,zh-CN,Air Fryer,state,development,airfryer-024-scene-0024,airfryer-024,106.773,109.109,2,106.8,109.1,no,"From t=106.8s to t=109.1s, the open basket reveals already-cooked food while the display stays lit, but the open lid means it is not actively cooking.","The basket is open with already-cooked food, so it shows a cooking result rather than the active cooking state asked in the query.",R1,completed,2026-07-28T01:18:39+08:00
VQ-005,怎样看出空气炸锅正在烹饪？,zh-CN,Air Fryer,state,development,airfryer-024-scene-0025,airfryer-024,109.109,112.846,1,,,no,第1-6帧 t=109.1s-112.8s 均展示炸篮中已烤好的蔬菜，无蒸汽、计时器跳动或运行指示灯等正在烹饪的标志。,AI等级为2，但画面展示的是已完成的烤蔬菜，属于烹饪结束后的状态，不能说明烹饪进行中的可见迹象。,R1,completed,2026-07-28T01:18:39+08:00
VQ-005,怎样看出空气炸锅正在烹饪？,zh-CN,Air Fryer,state,development,airfryer-027-scene-0001,airfryer-027,0.0,7.508,0,,,no,画面无空气炸锅显示器、运行声或语音提到正在烹饪。,,R1,completed,2026-07-28T01:18:39+08:00
VQ-005,怎样看出空气炸锅正在烹饪？,zh-CN,Air Fryer,state,development,airfryer-027-scene-0002,airfryer-027,7.508,283.4,1,,,no,画面以烤箱流程和成品为主，117.9s 帧虽有空气炸锅显示数字，但无明确运行/烹饪状态指示，无法回答'正在烹饪'的可视标志。,,R1,completed,2026-07-27T22:01:40+08:00
VQ-005,怎样看出空气炸锅正在烹饪？,zh-CN,Air Fryer,state,development,airfryer-029-scene-0008,airfryer-029,38.0,43.92,1,,,no,炸篮部分打开，无运行指示灯、蒸汽或计时器等烹饪中证据。,,R1,completed,2026-07-27T22:14:31+08:00
VQ-005,怎样看出空气炸锅正在烹饪？,zh-CN,Air Fryer,state,development,airfryer-029-scene-0009,airfryer-029,43.92,47.24,1,,,no,"Frame at t=46.6s shows the empty open basket and red latch mechanism, with no visible or audible sign that the appliance is actively cooking.",,R1,completed,2026-07-28T01:18:39+08:00
VQ-005,怎样看出空气炸锅正在烹饪？,zh-CN,Air Fryer,state,development,airfryer-029-scene-0035,airfryer-029,197.32,200.52,1,,,no,"At t=197.3-200.5s, the chef prepares raw chicken legs on a plate while the black air fryer sits inactive on the counter with no illuminated display or steam.","An air fryer is present in the background, but it shows no signs of active cooking.",R1,completed,2026-07-28T01:18:39+08:00
VQ-005,怎样看出空气炸锅正在烹饪？,zh-CN,Air Fryer,state,development,airfryer-029-scene-0040,airfryer-029,228.04,233.68,1,,,no,"At t=228.0s-233.7s the video only shows raw chicken being handled and placed into the air fryer basket; no operational display, steam, or other sign of active cooking is visible.",,R1,completed,2026-07-28T01:18:39+08:00
VQ-005,怎样看出空气炸锅正在烹饪？,zh-CN,Air Fryer,state,development,airfryer-029-scene-0045,airfryer-029,272.4,276.6,2,272.4,276.6,no,旋钮被调节且ASR说明预热/高温设置，可推断设备处于工作状态，但无蒸汽、风扇等直接烹饪证据。,,R1,completed,2026-07-27T22:23:08+08:00
VQ-005,怎样看出空气炸锅正在烹饪？,zh-CN,Air Fryer,state,development,airfryer-029-scene-0049,airfryer-029,304.4,307.84,1,,,no,From t=304.4s to t=307.8s the chef is only arranging marinated chicken pieces into the air fryer basket; the appliance shows no active cooking indicators.,,R1,completed,2026-07-28T01:18:39+08:00
VQ-005,怎样看出空气炸锅正在烹饪？,zh-CN,Air Fryer,state,development,airfryer-029-scene-0055,airfryer-029,324.32,326.44,1,,,no,画面仅展示旋钮与指南标签，未出现食物、指示灯、蒸汽或运行状态，不能回答'正在烹饪'。,AI预标2级，但画面无烹饪状态证据，修正为1级。,R1,completed,2026-07-27T22:01:40+08:00
VQ-005,怎样看出空气炸锅正在烹饪？,zh-CN,Air Fryer,state,development,airfryer-029-scene-0058,airfryer-029,343.4,349.16,2,343.4,348.0,no,"At t=343.4s-348.0s the basket contains browned chicken and the ASR explains checking 'that it is getting color' after about 10 minutes, which partially addresses observing cooking progress by appearance.",时间按实际证据片段重定位,R1,completed,2026-07-28T01:18:39+08:00
VQ-005,怎样看出空气炸锅正在烹饪？,zh-CN,Air Fryer,state,development,airfryer-029-scene-0070,airfryer-029,431.84,436.0,3,432.7,436.0,no,"At t=432.7s-436.0s the chef stirs food inside the air fryer and the ASR explicitly says 'it is still sizzling here', directly identifying an audible cue that the appliance is actively cooking.",Upgraded from AI grade 2 to 3 because the speech explicitly names the sizzling sound as a sign of active cooking.,R1,completed,2026-07-28T01:18:39+08:00
VQ-005,怎样看出空气炸锅正在烹饪？,zh-CN,Air Fryer,state,development,airfryer-029-scene-0083,airfryer-029,520.88,524.24,1,,,no,"At t=520.9-524.2s, the chef presents a plate of cooked chicken next to a closed air fryer with no illuminated display or steam indicating active cooking.",,R1,completed,2026-07-28T01:18:39+08:00
VQ-005,怎样看出空气炸锅正在烹饪？,zh-CN,Air Fryer,state,development,airfryer-032-scene-0006,airfryer-032,14.767,16.767,1,,,no,6帧仅展示内部螺旋加热元件的静态画面，未见元件发红、风扇转动、蒸汽或倒计时等任何表明正在烹饪的动态指示。,第三轮双复核一致修正：R1=2→indep=1：画面中加热元件未明确呈现通电发热状态，无法据此判断空气炸锅正在烹饪；时间区间不再适用。,R1,completed,2026-07-28T20:35:21+08:00
VQ-005,怎样看出空气炸锅正在烹饪？,zh-CN,Air Fryer,state,development,airfryer-032-scene-0020,airfryer-032,77.067,79.367,0,,,no,"From t=77.1s to t=79.4s the contact sheet shows only an air fryer basket being scrubbed with soapy water and a cloth; no cooking activity, heat, or operating display is visible.",,R1,completed,2026-07-28T01:18:39+08:00
VQ-005,怎样看出空气炸锅正在烹饪？,zh-CN,Air Fryer,state,development,airfryer-032-scene-0039,airfryer-032,176.367,179.167,3,177.5,178.6,no,第3-5帧（t=177.5s-178.6s）显示屏显示'400°F'加倒计时数字'5'，表明空气炸锅当前处于带计时器的运行烹饪状态。,时间按实际证据片段重定位,R1,completed,2026-07-28T01:18:39+08:00
VQ-005,怎样看出空气炸锅正在烹饪？,zh-CN,Air Fryer,state,development,airfryer-032-scene-0047,airfryer-032,229.433,232.433,1,,,no,"Frames show a static close-up of the open air fryer interior with spiral heating element and residue on the basket floor; there is no motion blur, steam, running fan, illuminated display, or any visual cue of active cooking underway.",,R1,completed,2026-07-28T01:18:39+08:00
VQ-005,怎样看出空气炸锅正在烹饪？,zh-CN,Air Fryer,state,development,airfryer-032-scene-0094,airfryer-032,449.5,452.5,1,,,no,"Across t=449.5-452.5s the spiral coil and dirty base are visible but there is no fan motion, lit indicator, food, or timer indicating active cooking.",,R1,completed,2026-07-28T01:18:39+08:00
VQ-005,怎样看出空气炸锅正在烹饪？,zh-CN,Air Fryer,state,development,airfryer-033-scene-0034,airfryer-033,251.818,257.024,2,251.818,257.024,no,显示屏显示200°且指示灯亮，说明设备通电/工作中，但无蒸汽、食物状态变化等直接烹饪证据。,,R1,completed,2026-07-27T22:23:08+08:00
VQ-005,怎样看出空气炸锅正在烹饪？,zh-CN,Air Fryer,state,development,airfryer-033-scene-0125,airfryer-033,988.922,994.795,1,,,no,"t=988.9s shows the opened air fryer interior being handled, but no cooking activity or indicator is visible.",,R1,completed,2026-07-28T01:18:39+08:00
VQ-005,怎样看出空气炸锅正在烹饪？,zh-CN,Air Fryer,state,development,airfryer-033-scene-0137,airfryer-033,1161.395,1169.336,1,,,no,"At t=1161.4-1169.3s, the video shows hands removing and handling the air fryer lid, with no visible power, display, or heating activity.","The scene only shows lid removal/assembly, not cooking, so it cannot answer how to tell the air fryer is cooking.",R1,completed,2026-07-28T01:18:39+08:00
VQ-005,怎样看出空气炸锅正在烹饪？,zh-CN,Air Fryer,state,development,airfryer-033-scene-0148,airfryer-033,1312.045,1314.581,2,1313.6,1314.1,no,"At t=1313.6s-1314.1s the digital display lights up showing 200° while a finger presses a button, indicating the air fryer is powered on and set to a cooking temperature, but food is not visibly cooking inside.",时间按实际证据片段重定位,R1,completed,2026-07-28T01:18:39+08:00
VQ-005,怎样看出空气炸锅正在烹饪？,zh-CN,Air Fryer,state,development,airfryer-033-scene-0149,airfryer-033,1314.581,1319.119,1,,,no,虽然显示屏亮起且呈现'200°C'温度图标，但炸篮处于完全抽出打开状态，设备在此状态下无法真正处于'正在烹饪'，故不能视为在烹饪证据。,AI=2→R1=1：炸篮处于抽出打开状态显示设备实际未运行，温度显示只是设定结果而非'正在烹饪'状态。,R1,completed,2026-07-28T01:18:39+08:00
VQ-005,怎样看出空气炸锅正在烹饪？,zh-CN,Air Fryer,state,development,airfryer-033-scene-0155,airfryer-033,1385.419,1389.523,1,,,no,6帧画面主要显示空气炸锅橙色指示灯亮起和一只手的局部，未看到食物、蒸汽或倒计时等能确认正在烹饪的迹象。,"Downgraded from AI grade 3 because the illuminated lights only show the appliance is on, not that it is actively cooking. | 第三轮双复核一致修正：R1=2→indep=1：仅凭橙色指示灯无法确认“正在烹饪”，缺少食物、倒计时或运行状态等直接证据。",R1,completed,2026-07-28T20:35:21+08:00
VQ-005,怎样看出空气炸锅正在烹饪？,zh-CN,Air Fryer,state,development,airfryer-033-scene-0157,airfryer-033,1391.658,1408.108,3,1391.658,1408.108,no,数字屏显示倒计时从5分钟递减，且温度保持200°，是空气炸锅正在烹饪的直接证据。,,R1,completed,2026-07-27T22:14:31+08:00
VQ-005,怎样看出空气炸锅正在烹饪？,zh-CN,Air Fryer,state,development,airfryer-033-scene-0162,airfryer-033,1437.404,1457.658,3,1437.404,1441.5,no,"At t=1437.4s, the air fryer display shows illuminated orange LEDs while fries are visible inside the open basket, indicating active cooking.",时间按实际证据片段重定位,R1,completed,2026-07-28T01:18:39+08:00
VQ-005,怎样看出空气炸锅正在烹饪？,zh-CN,Air Fryer,state,development,pressure-006-scene-0005,pressure-006,15.083,17.625,3,16.0,17.0,no,画面中空气炸锅透明视窗内可见食物正在加热，机身显示'880'，60%帧（t≈16.6s）清晰显示腔内食物处于烹饪状态，能直接回答'正在烹饪'。,维持3级，但时间按实际可见烹饪画面收窄至 t=16.0-17.0s。,R1,completed,2026-07-27T22:01:34+08:00
VQ-005,怎样看出空气炸锅正在烹饪？,zh-CN,Air Fryer,state,development,pressure-006-scene-0006,pressure-006,17.625,19.875,3,17.625,19.875,no,"All frames at t=17.6s–19.9s show food cooking inside the air fryer with orange glow clearly visible through the labeled 'Visual window', directly demonstrating how to visually confirm the air fryer is cooking.",,R1,completed,2026-07-28T01:18:39+08:00
VQ-005,怎样看出空气炸锅正在烹饪？,zh-CN,Air Fryer,state,development,pressure-006-scene-0007,pressure-006,19.875,22.417,2,19.9,21.9,no,"Frames at 19.9s and 22.5s show 'Visual window' label on the closed appliance while 20.9s-21.9s show browned food inside, together suggesting visual cues for monitoring cooking.",时间按实际证据片段重定位,R1,completed,2026-07-28T01:18:39+08:00
VQ-005,怎样看出空气炸锅正在烹饪？,zh-CN,Air Fryer,state,development,pressure-006-scene-0009,pressure-006,26.042,29.458,2,26.042,29.458,no,显示屏点亮“888”且手在操作面板，说明设备已通电/处于活跃状态，但无食物沸腾、蒸汽等直接烹饪证据。,,R1,completed,2026-07-27T22:23:08+08:00
VQ-005,怎样看出空气炸锅正在烹饪？,zh-CN,Air Fryer,state,development,pressure-006-scene-0010,pressure-006,29.458,34.083,3,29.458,34.083,no,画面直接展示食物在空炸锅内烹饪，并叠加“360 air cooking”“1500W high-power rapid heating”文字，明确说明正在烹饪。,,R1,completed,2026-07-27T22:17:08+08:00
VQ-006,What does an air fryer show when cooking is complete?,en,Air Fryer,state,development,airfryer-002-scene-0006,airfryer-002,126.393,137.271,1,,,no,"The entire scene depicts food preparation (handling dough, brushing with egg) with the air fryer merely present as background equipment; no beep, light change, display message, or other cooking-completion signal appears in any frame.","第三轮仲裁修正：R1原记录 等级=0 时间=[None,None] 泄漏=no → 仲裁 等级=1 时间=[None,None] 泄漏=no。理由：采纳复核方：空气炸锅在全部6帧背景中清晰可见，同产品出现但场景为酥皮备餐无烹饪完成信号，符合等级1。",R1,completed,2026-07-28T20:35:21+08:00
VQ-006,What does an air fryer show when cooking is complete?,en,Air Fryer,state,development,airfryer-002-scene-0010,airfryer-002,257.424,283.851,3,283.351,283.851,no,画面展示炸篮中取出的成品呈金黄色，ASR说“our cookies are about done”，可作为烹饪完成状态。,,R1,completed,2026-07-27T22:20:03+08:00
VQ-006,What does an air fryer show when cooking is complete?,en,Air Fryer,state,development,airfryer-002-scene-0011,airfryer-002,283.851,328.095,3,283.9,328.095,no,"Frame at t=283.9s shows golden-brown pastries in the air fryer basket, and the ASR states 'the puff pastry is golden brown... fresh out of the air fryer,' directly indicating the completed cooking state.",时间按实际证据片段重定位,R1,completed,2026-07-28T01:18:39+08:00
VQ-006,What does an air fryer show when cooking is complete?,en,Air Fryer,state,development,airfryer-002-scene-0013,airfryer-002,337.137,345.145,0,,,no,t=338.7s shows only plated pastries being cut; no air fryer display or cooking-completion cue is present.,,R1,completed,2026-07-28T01:18:39+08:00
VQ-006,What does an air fryer show when cooking is complete?,en,Air Fryer,state,development,airfryer-005-scene-0004,airfryer-005,68.307,80.609,0,,,no,"The scene only shows raw ingredient preparation (eggs, bacon, bread) next to a closed air fryer; no cooking has begun or completed, so nothing indicates what the air fryer displays or signals upon cooking completion.",,R1,completed,2026-07-28T01:18:39+08:00
VQ-006,What does an air fryer show when cooking is complete?,en,Air Fryer,state,development,airfryer-005-scene-0023,airfryer-005,227.314,232.694,3,227.314,232.694,no,ASR提到计时器响起（timer goes off），画面展示金黄色熟食被取出，直接对应烹饪完成。,,R1,completed,2026-07-27T22:23:08+08:00
VQ-006,What does an air fryer show when cooking is complete?,en,Air Fryer,state,development,airfryer-005-scene-0025,airfryer-005,239.199,243.87,1,,,no,画面为静态食物特写，无完成提示灯、蜂鸣器或显示屏变化。,,R1,completed,2026-07-27T22:10:25+08:00
VQ-006,What does an air fryer show when cooking is complete?,en,Air Fryer,state,development,airfryer-005-scene-0027,airfryer-005,266.222,270.142,1,,,no,画面为食物在炸篮中的静态画面，无完成提示灯、蜂鸣或显示归零。,"第三轮仲裁修正：R1原记录 等级=0 时间=[None,None] 泄漏=no → 仲裁 等级=1 时间=[None,None] 泄漏=no。理由：采纳复核方：空气炸锅炸篮在全部6帧中为核心特写对象，同产品出现但仅为静态食物画面无完成提示灯/蜂鸣/显示归零等设备自身信号，符合等级1。",R1,completed,2026-07-28T20:35:21+08:00
VQ-006,What does an air fryer show when cooking is complete?,en,Air Fryer,state,development,airfryer-005-scene-0029,airfryer-005,272.56,276.897,2,272.6,276.897,no,"Frames at 272.6-276.9s show a cooked sandwich being lifted out of the open air fryer basket, indicating cooking finished, but the air fryer's own display/indicator is not visible so what it 'shows' cannot be confirmed.","AI marked 3 but the air fryer display/indicator is not in frame, only the food being removed; this is partial rather than a direct answer.",R1,completed,2026-07-28T01:18:39+08:00
VQ-006,What does an air fryer show when cooking is complete?,en,Air Fryer,state,development,airfryer-005-scene-0039,airfryer-005,338.741,352.002,0,,,no,"The frames show plated food, not the air fryer or any completion indicator.",,R1,completed,2026-07-28T01:18:39+08:00
VQ-006,What does an air fryer show when cooking is complete?,en,Air Fryer,state,development,airfryer-006-scene-0005,airfryer-006,16.817,19.92,1,,,no,画面未展示烹饪完成后的显示或提示。,,R1,completed,2026-07-27T22:20:03+08:00
VQ-006,What does an air fryer show when cooking is complete?,en,Air Fryer,state,development,airfryer-006-scene-0006,airfryer-006,19.92,24.358,0,,,no,第3-5帧 t=21.7s-23.5s 显示中途翻动食物并提示继续烹饪1-2分钟，未出现完成提示音/指示灯/自动关机画面。,AI等级为2，但画面展示的是'再烹饪1-2分钟'的过程，并非烹饪完成时的状态或提示，不能回答完成信号。,R1,completed,2026-07-28T01:18:39+08:00
VQ-006,What does an air fryer show when cooking is complete?,en,Air Fryer,state,development,airfryer-006-scene-0007,airfryer-006,24.358,31.18,0,,,no,t=25.7s shows a pastry with a 'TOP WITH POWDERED SUGAR' overlay; no air fryer or completion indicator is visible.,,R1,completed,2026-07-28T01:18:39+08:00
VQ-006,What does an air fryer show when cooking is complete?,en,Air Fryer,state,development,airfryer-017-scene-0003,airfryer-017,6.473,13.714,0,,,no,"Frames at 6.5-13.7s display the retail packaging of an Emeril Lagasse AirFryer Pro (TRISTAR GLA-1003) with '7in1' label; the unit's screen shows '400' on the box art, but this is unboxing, not a cooking-completion state.",,R1,completed,2026-07-28T01:18:39+08:00
VQ-006,What does an air fryer show when cooking is complete?,en,Air Fryer,state,development,airfryer-017-scene-0030,airfryer-017,295.328,324.024,0,,,no,"All frames (t=295.3s-324.0s) show hands manipulating an internal door switch mechanism with red/blue wires exposed inside the air fryer housing; this is electrical repair content, not about cooking-complete indicators.",,R1,completed,2026-07-28T01:18:39+08:00
VQ-006,What does an air fryer show when cooking is complete?,en,Air Fryer,state,development,airfryer-017-scene-0043,airfryer-017,483.483,496.963,0,,,no,All frames (t=483.5-497.0s) show hands peeling a protective plastic film off the top surface of an air fryer control panel; this is unboxing/prep work unrelated to cooking completion indicators.,,R1,completed,2026-07-28T01:18:39+08:00
VQ-006,What does an air fryer show when cooking is complete?,en,Air Fryer,state,development,airfryer-017-scene-0097,airfryer-017,1352.718,1357.556,0,,,no,"Frames at 1352.7-1357.6s show internal mechanical/electrical components with a white block bearing red and blue markings and wiring; the ASR discusses a fuse and circuit board, with no air fryer display or cooking-completion indicator visible.",,R1,completed,2026-07-28T01:18:39+08:00
VQ-006,What does an air fryer show when cooking is complete?,en,Air Fryer,state,development,airfryer-017-scene-0112,airfryer-017,1506.839,1523.722,1,,,no,显示屏显示OFF，未展示烹饪完成后的提示状态。,,R1,completed,2026-07-27T22:20:03+08:00
VQ-006,What does an air fryer show when cooking is complete?,en,Air Fryer,state,development,airfryer-017-scene-0115,airfryer-017,1537.136,1547.12,1,,,no,"The air fryer has an external handwritten note 'Back in business! Dad' attached to its front suggesting it is ready for use again, but this is not an intrinsic signal or display from the air fryer itself indicating cooking completion; no beep, display message, or light from the appliance is shown.",第三轮仲裁复核：维持R1原判（等级/时间/泄漏均确认无误）。,R1,completed,2026-07-28T20:35:21+08:00
VQ-006,What does an air fryer show when cooking is complete?,en,Air Fryer,state,development,airfryer-024-scene-0005,airfryer-024,16.149,19.953,1,,,no,"At t=20.0s, the product remains still with no completion beep, message, or cooked-food reveal.","Same product visible, but no completion indicator is shown.",R1,completed,2026-07-28T01:18:39+08:00
VQ-006,What does an air fryer show when cooking is complete?,en,Air Fryer,state,development,airfryer-024-scene-0009,airfryer-024,36.536,40.974,1,,,no,画面未展示烹饪完成提示（显示归零、蜂鸣等）。,,R1,completed,2026-07-27T22:17:08+08:00
VQ-006,What does an air fryer show when cooking is complete?,en,Air Fryer,state,development,airfryer-024-scene-0011,airfryer-024,43.777,56.69,1,,,no,"The frames show active cooking visuals (timer, glowing element, hot-air animation), not any completion indicator.",Downgraded from AI grade 2 because no completion state is shown.,R1,completed,2026-07-28T01:18:39+08:00
VQ-006,What does an air fryer show when cooking is complete?,en,Air Fryer,state,development,airfryer-024-scene-0014,airfryer-024,66.9,70.137,3,66.9,70.137,no,"ASR explicitly states 'when the Brio is done cooking, it shuts off automatically' (t=66.9-70.1s), OCR captures 'Auto Shut-Off' text on screen, and frames at t=68.9-69.5s show cooked food being poured from the basket onto a plate — together these directly answer that the air fryer shows auto shut-off when cooking is complete.",,R1,completed,2026-07-28T01:18:39+08:00
VQ-006,What does an air fryer show when cooking is complete?,en,Air Fryer,state,development,airfryer-024-scene-0015,airfryer-024,70.137,73.974,3,70.137,73.974,no,"Frames t=70.1s-74.0s display an 'Auto Shut-Off' overlay and show cooked food being removed, directly indicating cooking completion.",时间按实际证据片段重定位,R1,completed,2026-07-28T01:18:39+08:00
VQ-006,What does an air fryer show when cooking is complete?,en,Air Fryer,state,development,airfryer-024-scene-0016,airfryer-024,73.974,76.043,0,,,no,"All six frames show only plated cooked food (waffles at t=74.0s/74.4s/76.1s, macaroni at t=74.8s, corn dogs at t=75.2s/75.7s) with 'BRIO does Breakfast/Lunch/Snacks' text overlays; no air fryer device or any cooking-complete indicator (beep/light/display) is visible.",,R1,completed,2026-07-28T01:18:39+08:00
VQ-006,What does an air fryer show when cooking is complete?,en,Air Fryer,state,development,airfryer-024-scene-0025,airfryer-024,109.109,112.846,2,109.109,112.8,no,第1帧 t=109.1s 起可见炸篮中装满烤好的蔬菜，文字标注'20 minutes'暗示已结束，但无明确完成信号。,AI等级为3，但画面未明确出现'烹饪完成'提示音/文字/指示灯，仅展示20分钟后的成品蔬菜，应评为部分回答。,R1,completed,2026-07-28T01:18:39+08:00
VQ-006,What does an air fryer show when cooking is complete?,en,Air Fryer,state,development,airfryer-027-scene-0001,airfryer-027,0.0,7.508,0,,,no,场景中无空气炸锅出现，无烹饪完成时的画面或提示音。,,R1,completed,2026-07-28T01:18:39+08:00
VQ-006,What does an air fryer show when cooking is complete?,en,Air Fryer,state,development,airfryer-027-scene-0002,airfryer-027,7.508,283.4,1,,,no,画面仅展示烤好的鸡翅和食用场景，无空气炸锅完成提示、显示变化或蜂鸣，不能回答'烹饪完成时显示什么'。,AI预标2级，但画面无完成态证据，不能回答该问题，修正为1级。,R1,completed,2026-07-27T22:01:40+08:00
VQ-006,What does an air fryer show when cooking is complete?,en,Air Fryer,state,development,airfryer-029-scene-0008,airfryer-029,38.0,43.92,1,,,no,画面未展示完成提示灯、蜂鸣或显示归零。,,R1,completed,2026-07-27T22:14:31+08:00
VQ-006,What does an air fryer show when cooking is complete?,en,Air Fryer,state,development,airfryer-029-scene-0011,airfryer-029,50.08,53.48,0,,,no,"Scene shows a Philips air fryer with its basket detached and control dial visible in studio shots (t=50.1-53.5s), but neither visuals nor ASR mention any indicator or display state for cooking completion.",,R1,completed,2026-07-28T01:18:39+08:00
VQ-006,What does an air fryer show when cooking is complete?,en,Air Fryer,state,development,airfryer-029-scene-0046,airfryer-029,276.6,299.2,1,,,no,"The scene shows the presenter and the air fryer product, but no completion indicator is visible or mentioned.",Upgraded from AI grade 0 because the same product/background is present but the question cannot be answered.,R1,completed,2026-07-28T01:18:39+08:00
VQ-006,What does an air fryer show when cooking is complete?,en,Air Fryer,state,development,airfryer-029-scene-0073,airfryer-029,443.6,451.64,3,443.6,451.64,no,"Across all frames (t=443.6s-451.6s), a chef in red uniform removes golden-brown cooked chicken from a black Philips air fryer basket onto a plate, visually demonstrating that cooking is complete and food is ready to serve.",,R1,completed,2026-07-28T01:18:39+08:00
VQ-006,What does an air fryer show when cooking is complete?,en,Air Fryer,state,development,airfryer-029-scene-0083,airfryer-029,520.88,524.24,2,520.9,524.2,no,"At t=520.9-524.2s, a plate of cooked chicken sits beside the closed air fryer as the chef describes the result, implying cooking has finished without showing a specific done indicator.",时间按实际证据片段重定位,R1,completed,2026-07-28T01:18:39+08:00
VQ-006,What does an air fryer show when cooking is complete?,en,Air Fryer,state,development,airfryer-029-scene-0089,airfryer-029,614.44,626.24,2,614.44,626.24,no,"A chef in a red uniform is holding and tasting cooked chicken pieces throughout the scene (t=614.4-626.2s), implying cooking has finished, but the air fryer itself displays no visible 'done' indicator, beep, or completion message — the inference comes from eating, not from the device.",,R1,completed,2026-07-28T01:18:39+08:00
VQ-006,What does an air fryer show when cooking is complete?,en,Air Fryer,state,development,airfryer-030-scene-0001,airfryer-030,0.0,1092.15,1,,,no,No frame displays a completion indicator on the air fryer; the t=873.7 s frame shows basket handling but does not reveal what the appliance shows when done.,No visual completion indicator; lowered from AI grade 2 to 1.,R1,completed,2026-07-28T01:18:39+08:00
VQ-006,What does an air fryer show when cooking is complete?,en,Air Fryer,state,development,airfryer-032-scene-0012,airfryer-032,35.433,47.6,0,,,no,"Frames at 35.4-47.6s show a woman speaking in a kitchen with an air fryer/microwave behind her; the ASR is about cleaning the air fryer, and no cooking-completion display or indicator is shown.",,R1,completed,2026-07-28T01:18:39+08:00
VQ-006,What does an air fryer show when cooking is complete?,en,Air Fryer,state,development,airfryer-032-scene-0013,airfryer-032,47.6,49.6,2,47.6,49.6,no,"Frames t=47.6s-49.6s show a greasy basket with food residue, indirectly indicating cooking has completed.",,R1,completed,2026-07-28T01:18:39+08:00
VQ-006,What does an air fryer show when cooking is complete?,en,Air Fryer,state,development,airfryer-032-scene-0039,airfryer-032,176.367,179.167,1,,,no,显示屏仅显示'400°F'与计时数字'5'（分钟数），展示的是进行中而非烹饪'完成'状态画面，未出现'DONE'或归零。,AI=2→R1=1：画面仅呈现烹饪进行中的'400°F'+5计时，未呈现烹饪完成时的显示状态。,R1,completed,2026-07-28T01:18:39+08:00
VQ-006,What does an air fryer show when cooking is complete?,en,Air Fryer,state,development,airfryer-032-scene-0047,airfryer-032,229.433,232.433,1,,,no,"The air fryer interior is shown open and stationary with a cold, unlit heating element and no control panel visible; no completion beep, light-change, 'ready' display, or end-of-cycle indicator appears in any frame.",,R1,completed,2026-07-28T01:18:39+08:00
VQ-006,What does an air fryer show when cooking is complete?,en,Air Fryer,state,development,airfryer-032-scene-0061,airfryer-032,278.667,286.967,0,,,no,"Frames show a woman in a pink cardigan speaking in a kitchen with a bowl of cleaning liquid (t=278.7s, t=287.0s); the ASR references cleaning and turning the air fryer upside down, but no cooking-completion indicator is shown or mentioned.",,R1,completed,2026-07-28T01:18:39+08:00
VQ-006,What does an air fryer show when cooking is complete?,en,Air Fryer,state,development,airfryer-032-scene-0065,airfryer-032,296.9,303.467,0,,,no,"Frames at 296.9-303.5s show an air fryer interior with the heating coil being wiped by a cloth; ASR describes wiping off residue after cooking, with no display of a done/cooking-completion state.",,R1,completed,2026-07-28T01:18:39+08:00
VQ-006,What does an air fryer show when cooking is complete?,en,Air Fryer,state,development,airfryer-033-scene-0034,airfryer-033,251.818,257.024,1,,,no,画面未展示烹饪完成后的提示状态。,,R1,completed,2026-07-27T22:23:08+08:00
VQ-006,What does an air fryer show when cooking is complete?,en,Air Fryer,state,development,airfryer-033-scene-0035,airfryer-033,257.024,259.96,0,,,no,All six frames (t=257.0-260.0s) show only a person wearing a gray animal mask and sunglasses adjusting the mask; no air fryer or cooking-related content appears anywhere in the scene.,,R1,completed,2026-07-28T01:18:39+08:00
VQ-006,What does an air fryer show when cooking is complete?,en,Air Fryer,state,development,airfryer-033-scene-0039,airfryer-033,276.043,281.014,1,,,no,所有帧均展示取出后的炸篮及内部残渣，无明确烹饪完成信号。,AI等级为2，但画面仅展示烹饪后的残渣状态，未展示完成提示音、指示灯或显示屏变化。,R1,completed,2026-07-28T01:18:39+08:00
VQ-006,What does an air fryer show when cooking is complete?,en,Air Fryer,state,development,airfryer-033-scene-0049,airfryer-033,360.627,363.53,0,,,no,"Frames show a corgi dog on a wooden floor near a plastic bottle, backpack, and electronic devices (t=360.6s-363.5s), with color bar test patterns at start/end; completely unrelated to air fryers or cooking completion.",,R1,completed,2026-07-28T01:18:39+08:00
VQ-006,What does an air fryer show when cooking is complete?,en,Air Fryer,state,development,airfryer-033-scene-0154,airfryer-033,1381.481,1385.419,2,1383.8,1384.6,no,"Frames at 1383.8-1384.6s reveal orange indicator dots lit on the front of a black air fryer (partially behind a person's arm), suggesting an operational state, but whether this means 'complete', error, or active heating is not confirmed by speech.",时间按实际证据片段重定位,R1,completed,2026-07-28T01:18:39+08:00
VQ-006,What does an air fryer show when cooking is complete?,en,Air Fryer,state,development,airfryer-033-scene-0155,airfryer-033,1385.419,1389.523,1,,,no,"Frames throughout the scene show illuminated orange indicator lights, an active state, not a completion or done state.",Downgraded from AI grade 2 because the active-state lights do not show what the air fryer displays when cooking is complete.,R1,completed,2026-07-28T01:18:39+08:00
VQ-006,What does an air fryer show when cooking is complete?,en,Air Fryer,state,development,airfryer-033-scene-0157,airfryer-033,1391.658,1408.108,3,1391.658,1408.108,no,数字屏倒计时最终归零（显示0），可直接说明烹饪完成。,,R1,completed,2026-07-27T22:14:31+08:00
VQ-006,What does an air fryer show when cooking is complete?,en,Air Fryer,state,development,airfryer-033-scene-0162,airfryer-033,1437.404,1457.658,2,1445.5,1449.6,no,"At t=1445.5-1449.6s, a plate of cooked fries rests on the air fryer while the presenter tastes the food, implying cooking has finished.",时间按实际证据片段重定位,R1,completed,2026-07-28T01:18:39+08:00
VQ-006,What does an air fryer show when cooking is complete?,en,Air Fryer,state,development,pressure-006-scene-0005,pressure-006,15.083,17.625,1,,,no,画面仅显示烹饪过程中的食物与'880'显示，无任何完成提示、蜂鸣、显示变化或结束状态，不能回答'烹饪完成时显示什么'。,AI预标2级，但画面未展示完成态，不能回答该问题，修正为1级。,R1,completed,2026-07-27T22:01:34+08:00
VQ-006,What does an air fryer show when cooking is complete?,en,Air Fryer,state,development,pressure-006-scene-0006,pressure-006,17.625,19.875,1,,,no,"All frames show active cooking in progress with orange glow through the visual window, which is the opposite of what the query asks — there is no depiction or mention of any completion signal (beep, display change, light off).","AI graded 2 but scene only shows active cooking state, not completion state; downgraded to 1.",R1,completed,2026-07-28T01:18:39+08:00
VQ-006,What does an air fryer show when cooking is complete?,en,Air Fryer,state,development,pressure-006-scene-0007,pressure-006,19.875,22.417,3,20.9,21.9,no,"Frames at 20.9s-21.9s show a fully cooked whole chicken with browned skin sitting in the air fryer basket, directly depicting the post-cooking state.",时间按实际证据片段重定位,R1,completed,2026-07-28T01:18:39+08:00
VQ-006,What does an air fryer show when cooking is complete?,en,Air Fryer,state,development,pressure-006-scene-0010,pressure-006,29.458,34.083,0,,,no,画面未展示完成提示灯、蜂鸣或显示归零。,,R1,completed,2026-07-27T22:17:08+08:00
VQ-007,空气炸锅的炸篮和接油盘在哪里？,zh-CN,Air Fryer,component,development,airfryer-002-scene-0001,airfryer-002,0.0,11.044,0,,,no,画面中无空气炸锅炸篮、接油盘或相关组件。,,R1,completed,2026-07-27T22:10:25+08:00
VQ-007,空气炸锅的炸篮和接油盘在哪里？,zh-CN,Air Fryer,component,development,airfryer-002-scene-0009,airfryer-002,241.808,257.424,2,241.808,257.424,no,第1-6帧（t=241.8s-257.5s）显示空气炸篮在人手与桌上，可识别篮的位置；但接油盘未在画面中，ASR未提及。,时间按实际证据片段重定位,R1,completed,2026-07-28T01:18:39+08:00
VQ-007,空气炸锅的炸篮和接油盘在哪里？,zh-CN,Air Fryer,component,development,airfryer-002-scene-0010,airfryer-002,257.424,283.851,2,257.424,283.851,no,画面展示炸篮被取出，可说明其位置，但未明确展示接油盘。,,R1,completed,2026-07-27T22:20:03+08:00
VQ-007,空气炸锅的炸篮和接油盘在哪里？,zh-CN,Air Fryer,component,development,airfryer-002-scene-0011,airfryer-002,283.851,328.095,2,283.9,328.095,no,"Frame at t=283.9s shows the frying basket inside the air fryer unit, but no separate oil tray is visible in any frame.",时间按实际证据片段重定位,R1,completed,2026-07-28T01:18:39+08:00
VQ-007,空气炸锅的炸篮和接油盘在哪里？,zh-CN,Air Fryer,component,development,airfryer-005-scene-0008,airfryer-005,99.208,102.085,2,99.208,102.085,no,Frames from t=99.2s to t=102.1s clearly show the air fryer basket inside the open appliance.,时间按实际证据片段重定位,R1,completed,2026-07-28T01:18:39+08:00
VQ-007,空气炸锅的炸篮和接油盘在哪里？,zh-CN,Air Fryer,component,development,airfryer-005-scene-0020,airfryer-005,199.291,202.502,2,199.3,202.5,no,"frames 199.3-202.5s show the fry basket removed and placed on the counter next to the main unit, but no oil drip tray is clearly identified.",时间按实际证据片段重定位,R1,completed,2026-07-28T01:18:39+08:00
VQ-007,空气炸锅的炸篮和接油盘在哪里？,zh-CN,Air Fryer,component,development,airfryer-005-scene-0023,airfryer-005,227.314,232.694,2,227.314,232.694,no,画面展示炸篮被取出，可说明其位置，但未明确展示接油盘。,,R1,completed,2026-07-27T22:23:08+08:00
VQ-007,空气炸锅的炸篮和接油盘在哪里？,zh-CN,Air Fryer,component,development,airfryer-005-scene-0024,airfryer-005,232.694,239.199,2,232.7,239.199,no,6帧持续显示黑色炸篮部分拉出机身，可说明炸篮位置，但全程未见接油盘，未完整回答两者位置。,时间按实际证据片段重定位 | 第三轮双复核一致修正：R1=3→indep=2：仅展示炸篮位置，接油盘未在画面中出现，不构成完整回答。,R1,completed,2026-07-28T20:35:21+08:00
VQ-007,空气炸锅的炸篮和接油盘在哪里？,zh-CN,Air Fryer,component,development,airfryer-005-scene-0031,airfryer-005,280.4,283.653,2,280.4,283.653,no,"From t=280.4s to t=283.7s, the open black air fryer basket is visible next to a white plate, but no oil tray appears in any frame.",时间按实际证据片段重定位,R1,completed,2026-07-28T01:18:39+08:00
VQ-007,空气炸锅的炸篮和接油盘在哪里？,zh-CN,Air Fryer,component,development,airfryer-006-scene-0001,airfryer-006,0.0,4.538,0,,,no,画面未展示炸篮、接油盘或空气炸锅组件。,,R1,completed,2026-07-27T22:14:31+08:00
VQ-007,空气炸锅的炸篮和接油盘在哪里？,zh-CN,Air Fryer,component,development,airfryer-006-scene-0005,airfryer-006,16.817,19.92,0,,,no,画面中炸篮与接油盘均未展示。,,R1,completed,2026-07-27T22:20:03+08:00
VQ-007,空气炸锅的炸篮和接油盘在哪里？,zh-CN,Air Fryer,component,development,airfryer-006-scene-0006,airfryer-006,19.92,24.358,1,,,no,第1、6帧可见炸篮位于机身中，但未明确展示接油盘位置，也未用文字/语音说明各部件位置。,,R1,completed,2026-07-28T01:18:39+08:00
VQ-007,空气炸锅的炸篮和接油盘在哪里？,zh-CN,Air Fryer,component,development,airfryer-011-scene-0001,airfryer-011,0.0,107.95,1,,,no,画面展示空气炸锅与炸篮，但未单独标识或展示接油盘位置，无法回答。,,R1,completed,2026-07-27T22:01:34+08:00
VQ-007,空气炸锅的炸篮和接油盘在哪里？,zh-CN,Air Fryer,component,development,airfryer-017-scene-0019,airfryer-017,149.049,156.757,2,149.049,156.757,no,"The drawer/basket is visible and is removed from the appliance across t=149.0-156.8 s, partially showing its location.",Basket location is visible; raised from AI grade 0 to 2.,R1,completed,2026-07-28T01:18:39+08:00
VQ-007,空气炸锅的炸篮和接油盘在哪里？,zh-CN,Air Fryer,component,development,airfryer-017-scene-0020,airfryer-017,156.757,159.259,1,,,no,The interior coil/rack is visible at t=156.8-158.8s but the basket and oil tray themselves are out of frame; their actual location is not shown.,AI marked 0; the open air fryer interior is in frame so same-product relevance exists (grade 1).,R1,completed,2026-07-28T01:18:39+08:00
VQ-007,空气炸锅的炸篮和接油盘在哪里？,zh-CN,Air Fryer,component,development,airfryer-017-scene-0022,airfryer-017,164.264,172.005,1,,,no,画面展示取出烤盘，但未明确展示炸篮与接油盘及其位置。,,R1,completed,2026-07-27T22:12:04+08:00
VQ-007,空气炸锅的炸篮和接油盘在哪里？,zh-CN,Air Fryer,component,development,airfryer-017-scene-0026,airfryer-017,230.697,236.403,1,,,no,"The air fryer door is opened showing the interior cavity (t=231.8s onward), and the unit is handled on a table; however, no specific identification of the frying basket location or oil tray location is provided visually or verbally — the scene focuses on disassembly for repair.",,R1,completed,2026-07-28T01:18:39+08:00
VQ-007,空气炸锅的炸篮和接油盘在哪里？,zh-CN,Air Fryer,component,development,airfryer-017-scene-0042,airfryer-017,477.577,483.483,0,,,no,t=477.6s至t=483.5s所有帧均显示人手在操作拆解后的空气炸锅控制面板（显示屏显示8888），ASR内容为金属角板维修相关，画面中无炸篮也无接油盘出现，无法回答其位置。,,R1,completed,2026-07-28T01:18:39+08:00
VQ-007,空气炸锅的炸篮和接油盘在哪里？,zh-CN,Air Fryer,component,development,airfryer-017-scene-0109,airfryer-017,1489.054,1498.597,1,,,no,Frame at t=1492.9s shows the air fryer's internal back components and wiring during disassembly; the frying basket and oil tray are not visible.,,R1,completed,2026-07-28T01:18:39+08:00
VQ-007,空气炸锅的炸篮和接油盘在哪里？,zh-CN,Air Fryer,component,development,airfryer-024-scene-0001,airfryer-024,0.0,2.236,0,,,no,全部6帧仅展示炸薯条、炸鸡翅、洋葱圈等成品食物装在容器/餐盘中，画面中没有任何空气炸锅本体、炸篮或接油盘出现，与查询完全无关。,,R1,completed,2026-07-28T01:18:39+08:00
VQ-007,空气炸锅的炸篮和接油盘在哪里？,zh-CN,Air Fryer,component,development,airfryer-024-scene-0003,airfryer-024,7.574,11.478,0,,,no,Frames at 7.6-11.5s show a countertop strainer/skimmer and a deep fryer basket with oil; the appliance is not an air fryer.,,R1,completed,2026-07-28T01:18:39+08:00
VQ-007,空气炸锅的炸篮和接油盘在哪里？,zh-CN,Air Fryer,component,development,airfryer-024-scene-0005,airfryer-024,16.149,19.953,1,,,no,"At t=16.9s, only the outer shell of the air fryer is visible; the fry basket and oil tray are not exposed.","Same air fryer product shown, but internal components are not exposed.",R1,completed,2026-07-28T01:18:39+08:00
VQ-007,空气炸锅的炸篮和接油盘在哪里？,zh-CN,Air Fryer,component,development,airfryer-024-scene-0006,airfryer-024,19.953,22.689,2,20.0,22.689,no,"Frames t=20.0s-22.7s clearly show the air-fryer basket being held and used, but the oil tray is not visible.",时间按实际证据片段重定位,R1,completed,2026-07-28T01:18:39+08:00
VQ-007,空气炸锅的炸篮和接油盘在哪里？,zh-CN,Air Fryer,component,development,airfryer-024-scene-0009,airfryer-024,36.536,40.974,2,36.536,40.974,no,画面展示炸篮位于机体内并装有食物，但未明确展示接油盘。,,R1,completed,2026-07-27T22:17:08+08:00
VQ-007,空气炸锅的炸篮和接油盘在哪里？,zh-CN,Air Fryer,component,development,airfryer-026-scene-0001,airfryer-026,0.0,213.46,1,,,no,第3-4帧 t=85.4s-128.1s 可见空气炸锅及炸篮，但未清晰展示接油盘及其所在位置。,AI等级为2，但画面未明确展示接油盘位置，也无文字/语音说明。,R1,completed,2026-07-28T01:18:39+08:00
VQ-007,空气炸锅的炸篮和接油盘在哪里？,zh-CN,Air Fryer,component,development,airfryer-027-scene-0001,airfryer-027,0.0,7.508,0,,,no,画面只是标题和烤箱鸡翅，未提及或展示空气炸锅的炸篮和接油盘。,,R1,completed,2026-07-28T01:18:39+08:00
VQ-007,空气炸锅的炸篮和接油盘在哪里？,zh-CN,Air Fryer,component,development,airfryer-029-scene-0008,airfryer-029,38.0,43.92,2,38.0,43.92,no,画面展示炸篮被拉出并部分展示其位置，但未明确标出接油盘。,,R1,completed,2026-07-27T22:14:31+08:00
VQ-007,空气炸锅的炸篮和接油盘在哪里？,zh-CN,Air Fryer,component,development,airfryer-029-scene-0009,airfryer-029,43.92,47.24,2,43.92,47.2,no,"Frame at t=45.9s shows a close-up of the removed fry basket with its mesh bottom visible, and frame at t=46.6s shows the red latch, but no separate oil tray is explicitly identified.",Basket is clearly shown but separate oil tray is not explicitly identified; downgraded from AI 3.,R1,completed,2026-07-28T01:18:39+08:00
VQ-007,空气炸锅的炸篮和接油盘在哪里？,zh-CN,Air Fryer,component,development,airfryer-029-scene-0010,airfryer-029,47.24,50.08,2,47.24,50.08,no,"Frame at t=47.2s shows the fry basket detached from the Philips air fryer, but no separate oil tray is clearly identified in any frame.",Basket location is shown but no separate oil tray is clearly identified; downgraded from AI 3.,R1,completed,2026-07-28T01:18:39+08:00
VQ-007,空气炸锅的炸篮和接油盘在哪里？,zh-CN,Air Fryer,component,development,airfryer-029-scene-0050,airfryer-029,307.84,311.96,1,,,no,第1-6帧可见黑色炸篮中正在摆放鸡块，但未清晰展示接油盘及其位置。,AI等级为2，但画面可见炸篮却未展示接油盘位置，也无文字/语音说明。,R1,completed,2026-07-28T01:18:39+08:00
VQ-007,空气炸锅的炸篮和接油盘在哪里？,zh-CN,Air Fryer,component,development,airfryer-029-scene-0069,airfryer-029,428.36,431.84,2,428.4,431.8,no,"frames 428.4-431.8s show the fry basket inside the open air fryer holding cooked chicken, but the oil drip tray is not clearly identified.",时间按实际证据片段重定位,R1,completed,2026-07-28T01:18:39+08:00
VQ-007,空气炸锅的炸篮和接油盘在哪里？,zh-CN,Air Fryer,component,development,airfryer-029-scene-0071,airfryer-029,436.0,439.76,2,436.0,439.0,no,"At 436.0s the air fryer basket is pulled open and contains cooked chicken, showing the basket's location inside the appliance, but no oil tray is visible.",时间按实际证据片段重定位,R1,completed,2026-07-28T01:18:39+08:00
VQ-007,空气炸锅的炸篮和接油盘在哪里？,zh-CN,Air Fryer,component,development,airfryer-030-scene-0001,airfryer-030,0.0,1092.15,1,,,no,第2帧（t=218.4s）和第5帧（t=873.7s）可见空气炸锅及炸篮，但6帧中均未明确展示或指出接油盘的位置。,Basket is visible in contact-sheet frames; raised from AI grade 1 to 2. | 第三轮双复核一致修正：R1=2→indep=1：画面中仅炸篮可见，未见接油盘及其位置，无法回答query所问的两个部件位置；时间区间不再适用。,R1,completed,2026-07-28T20:35:21+08:00
VQ-007,空气炸锅的炸篮和接油盘在哪里？,zh-CN,Air Fryer,component,development,airfryer-032-scene-0013,airfryer-032,47.6,49.6,1,,,no,Frames t=47.6s-49.6s show the dirty basket but do not show the oil tray or their locations within the appliance.,,R1,completed,2026-07-28T01:18:39+08:00
VQ-007,空气炸锅的炸篮和接油盘在哪里？,zh-CN,Air Fryer,component,development,airfryer-032-scene-0014,airfryer-032,49.6,54.1,1,,,no,t=49.6s至t=54.1s帧展示一只手拿着黑色炸篮在水槽上方用纸巾擦拭内部残渣，画面中只有炸篮没有接油盘，且场景表现的是清洁动作而非回答'在哪里'的位置问题，同产品但无法直接回答查询。,,R1,completed,2026-07-28T01:18:39+08:00
VQ-007,空气炸锅的炸篮和接油盘在哪里？,zh-CN,Air Fryer,component,development,airfryer-032-scene-0021,airfryer-032,79.367,81.567,3,79.4,81.567,no,t=79.4s至t=81.6s全部6帧清晰展示黑色炸篮和接油盘（外锅/底座）一起放置在厨房台面水槽旁，ASR明确提及'basket and pan have soaked'；视觉直接回答了炸篮和接油盘的位置——使用后浸泡完毕放在台面上。,AI给分2偏低，画面同时展示了两个部件及其具体位置（台面水槽旁），应评为3分。,R1,completed,2026-07-28T01:18:39+08:00
VQ-007,空气炸锅的炸篮和接油盘在哪里？,zh-CN,Air Fryer,component,development,airfryer-032-scene-0066,airfryer-032,303.467,307.4,0,,,no,All frames (t=303.5s-307.4s) show a hand wiping the exterior glass/metal surface of a Cosori air fryer with a white cloth; the basket and drip tray are never visible or accessed in this scene.,,R1,completed,2026-07-28T01:18:39+08:00
VQ-007,空气炸锅的炸篮和接油盘在哪里？,zh-CN,Air Fryer,component,development,airfryer-032-scene-0080,airfryer-032,387.667,391.933,2,387.7,391.933,no,t=387.7s至t=392.0s各帧均展示黑色空气炸锅炸篮带水珠特写，置于不锈钢水槽上方，ASR提到用洗洁精清洁炸篮；画面显示了炸篮的位置（从机身取出后在水槽上方清洗），但未显示接油盘，仅部分回答了'在哪里'的问题。,时间按实际证据片段重定位,R1,completed,2026-07-28T01:18:39+08:00
VQ-007,空气炸锅的炸篮和接油盘在哪里？,zh-CN,Air Fryer,component,development,airfryer-032-scene-0107,airfryer-032,503.967,506.767,2,505.1,506.767,no,"At t=505.1s the air fryer basket interior becomes visible, and by t=505.6s-t=506.8s the basket and drip tray are pulled out together from the main body, visually revealing their location as removable bottom components; however the primary scene action is cleaning, not explicitly locating/instructing about these parts.",时间按实际证据片段重定位,R1,completed,2026-07-28T01:18:39+08:00
VQ-007,空气炸锅的炸篮和接油盘在哪里？,zh-CN,Air Fryer,component,development,airfryer-033-scene-0037,airfryer-033,266.9,271.004,3,268.5,270.2,no,"Frames at 268.5s-270.2s directly show the air fryer basket seated inside the appliance's open inner cavity, answering where the basket is.",时间按实际证据片段重定位,R1,completed,2026-07-28T01:18:39+08:00
VQ-007,空气炸锅的炸篮和接油盘在哪里？,zh-CN,Air Fryer,component,development,airfryer-033-scene-0039,airfryer-033,276.043,281.014,2,276.043,281.0,no,第1帧 t=276.0s 可见机身底部接油盘/残渣，第2-5帧 t=277.0s-280.0s 可见炸篮被拉出，展示了炸篮与底部托盘的位置关系。,与AI等级一致，但将时间细化到可见帧范围。,R1,completed,2026-07-28T01:18:39+08:00
VQ-007,空气炸锅的炸篮和接油盘在哪里？,zh-CN,Air Fryer,component,development,airfryer-033-scene-0040,airfryer-033,281.014,283.116,1,,,no,"Frames 281.4-283.1s show a close-up of the basket interior being scraped, not the basket installed in the appliance or the oil tray location.",,R1,completed,2026-07-28T01:18:39+08:00
VQ-007,空气炸锅的炸篮和接油盘在哪里？,zh-CN,Air Fryer,component,development,airfryer-033-scene-0061,airfryer-033,440.14,443.477,2,440.8,443.477,no,"At 440.8s a black air fryer basket is held above the silver heating base, showing their spatial relationship, but the oil tray is not separately identified.",时间按实际证据片段重定位,R1,completed,2026-07-28T01:18:39+08:00
VQ-007,空气炸锅的炸篮和接油盘在哪里？,zh-CN,Air Fryer,component,development,airfryer-033-scene-0064,airfryer-033,465.499,470.437,2,465.5,470.4,no,t=465.5s至t=470.4s帧展示黑色炸篮放置在拆解后的底座单元旁边（白色布面上），t=468.5s至t=469.4s有人手伸入炸篮内部操作，暗示炸篮已从主机取出置于旁侧；但接油盘未作为独立部件被识别展示，仅部分回答了位置问题。,时间按实际证据片段重定位,R1,completed,2026-07-28T01:18:39+08:00
VQ-007,空气炸锅的炸篮和接油盘在哪里？,zh-CN,Air Fryer,component,development,airfryer-033-scene-0129,airfryer-033,1018.252,1045.612,2,1018.3,1045.6,no,"Frames 1018.3-1045.6s show disassembled air fryer parts including a black plastic base and metallic housing on a table, but the basket and oil tray are not clearly labeled or pointed out.",时间按实际证据片段重定位,R1,completed,2026-07-28T01:18:39+08:00
VQ-007,空气炸锅的炸篮和接油盘在哪里？,zh-CN,Air Fryer,component,development,airfryer-033-scene-0154,airfryer-033,1381.481,1385.419,1,,,no,Across 1381.5-1385.4s the air fryer is visible but the basket and oil tray cannot be located because the person's arm and torso largely occlude the appliance.,AI=0→R1=1,R1,completed,2026-07-28T01:18:39+08:00
VQ-007,空气炸锅的炸篮和接油盘在哪里？,zh-CN,Air Fryer,component,development,pressure-006-scene-0007,pressure-006,19.875,22.417,2,20.9,21.9,no,"Frames at 20.9s-21.9s show the black air fryer basket seated inside the yellow-topped appliance body, indicating its position; a separate oil tray is not visible.",时间按实际证据片段重定位,R1,completed,2026-07-28T01:18:39+08:00
VQ-007,空气炸锅的炸篮和接油盘在哪里？,zh-CN,Air Fryer,component,development,pressure-006-scene-0008,pressure-006,22.417,26.042,2,22.417,26.0,no,"The basket and its internal perforated tray are visible across the scene, e.g., at t=22.4 s and t=26.0 s, but no separate oil drip tray is identified.",时间按实际证据片段重定位,R1,completed,2026-07-28T01:18:39+08:00
VQ-007,空气炸锅的炸篮和接油盘在哪里？,zh-CN,Air Fryer,component,development,pressure-006-scene-0013,pressure-006,40.0,46.042,2,43.6,44.9,no,"At 43.6s and 44.9s the black fry basket is pulled out and loaded with fries and chestnuts, showing its location, but the oil tray is not shown.",时间按实际证据片段重定位,R1,completed,2026-07-28T01:18:39+08:00
VQ-007,空气炸锅的炸篮和接油盘在哪里？,zh-CN,Air Fryer,component,development,pressure-006-scene-0014,pressure-006,46.042,48.083,1,,,no,"Frame 46.0s shows a light-blue basket of chestnuts and 46.5s shows the empty inner cavity, but no oil tray is visible and the basket is not shown seated inside the appliance.","AI graded 0 but the scene is same-product with the basket and cavity visible, so lowered to 1.",R1,completed,2026-07-28T01:18:39+08:00
VQ-008,How are the main controls on an air-fryer panel used?,en,Air Fryer,component,development,airfryer-002-scene-0009,airfryer-002,241.808,257.424,1,,,no,6帧画面均聚焦在炸篮装载食物上，未出现空气炸锅正面控制面板或按钮交互。,,R1,completed,2026-07-28T01:18:39+08:00
VQ-008,How are the main controls on an air-fryer panel used?,en,Air Fryer,component,development,airfryer-002-scene-0010,airfryer-002,257.424,283.851,1,,,no,画面未展示控制面板操作。,,R1,completed,2026-07-27T22:20:03+08:00
VQ-008,How are the main controls on an air-fryer panel used?,en,Air Fryer,component,development,airfryer-002-scene-0013,airfryer-002,337.137,345.145,0,,,no,t=340.3s shows only hands and pastries on a plate; no air fryer control panel is present.,,R1,completed,2026-07-28T01:18:39+08:00
VQ-008,How are the main controls on an air-fryer panel used?,en,Air Fryer,component,development,airfryer-002-scene-0014,airfryer-002,345.145,357.84,0,,,no,Presenter in blue apron holds and presents a pastry/cookie across all frames (t=345.1s-357.8s) with a black air fryer sitting in the background alongside Oreo and puff pastry packages; this is an outro/presentation scene with no control panel interaction or visibility.,,R1,completed,2026-07-28T01:18:39+08:00
VQ-008,How are the main controls on an air-fryer panel used?,en,Air Fryer,component,development,airfryer-005-scene-0001,airfryer-005,0.0,50.167,1,,,no,"Host Matt Taylor stands beside a black air fryer on a kitchen counter throughout frames at t=10.0s, 20.1s, 30.1s, 40.1s, and 50.2s introducing a bacon-and-eggs toast recipe; the air fryer body is visible but its control panel is never shown or discussed in the scene text.",,R1,completed,2026-07-28T01:18:39+08:00
VQ-008,How are the main controls on an air-fryer panel used?,en,Air Fryer,component,development,airfryer-005-scene-0005,airfryer-005,80.609,85.655,0,,,no,"At t=80.6s the man stands next to the air fryer holding an egg, and through t=85.7s no control panel is touched or shown in use.",,R1,completed,2026-07-28T01:18:39+08:00
VQ-008,How are the main controls on an air-fryer panel used?,en,Air Fryer,component,development,airfryer-005-scene-0020,airfryer-005,199.291,202.502,1,,,no,the scene shows the basket removed on the counter; no control panel interaction or control usage is demonstrated.,,R1,completed,2026-07-28T01:18:39+08:00
VQ-008,How are the main controls on an air-fryer panel used?,en,Air Fryer,component,development,airfryer-005-scene-0022,airfryer-005,207.465,227.314,1,,,no,画面以中景展示男士与空气炸锅机身，未对焦面板控制，也未演示任何按键/旋钮操作，无法回答主控制如何使用。,,R1,completed,2026-07-27T22:01:40+08:00
VQ-008,How are the main controls on an air-fryer panel used?,en,Air Fryer,component,development,airfryer-005-scene-0023,airfryer-005,227.314,232.694,1,,,no,画面未展示控制面板。,"第三轮仲裁修正：R1原记录 等级=0 时间=[None,None] 泄漏=no → 仲裁 等级=1 时间=[None,None] 泄漏=no。理由：采纳复核方：空气炸锅机身在全部6帧中清晰可见（拉出炸篮动作），同产品出现但控制面板未入镜无法演示控件使用，符合等级1。",R1,completed,2026-07-28T20:35:21+08:00
VQ-008,How are the main controls on an air-fryer panel used?,en,Air Fryer,component,development,airfryer-006-scene-0005,airfryer-006,16.817,19.92,1,,,no,显示屏与按钮可见，但未演示具体控制用法。,,R1,completed,2026-07-27T22:20:03+08:00
VQ-008,How are the main controls on an air-fryer panel used?,en,Air Fryer,component,development,airfryer-006-scene-0006,airfryer-006,19.92,24.358,1,,,no,所有帧均未展示控制面板或按钮操作，仅展示炸篮开合与翻动食物。,,R1,completed,2026-07-28T01:18:39+08:00
VQ-008,How are the main controls on an air-fryer panel used?,en,Air Fryer,component,development,airfryer-011-scene-0001,airfryer-011,0.0,107.95,1,,,no,画面为三明治制作与放入机身过程，未对焦面板控制或演示如何使用，无法回答。,,R1,completed,2026-07-27T22:01:34+08:00
VQ-008,How are the main controls on an air-fryer panel used?,en,Air Fryer,component,development,airfryer-017-scene-0019,airfryer-017,149.049,156.757,1,,,no,The front panel is visible but no control operation is shown.,,R1,completed,2026-07-28T01:18:39+08:00
VQ-008,How are the main controls on an air-fryer panel used?,en,Air Fryer,component,development,airfryer-017-scene-0022,airfryer-017,164.264,172.005,1,,,no,画面未展示控制面板或旋钮/按键操作。,,R1,completed,2026-07-27T22:12:04+08:00
VQ-008,How are the main controls on an air-fryer panel used?,en,Air Fryer,component,development,airfryer-017-scene-0042,airfryer-017,477.577,483.483,2,477.6,483.483,no,t=477.6s至t=483.5s帧中可见手指触摸并指向控制面板按键区域，显示屏亮起显示8888，表明面板处于激活状态；但ASR实际讲述的是金属角板而非控制面板使用方法，视觉上仅有交互动作而无操作说明，属于同区域相邻内容。,时间按实际证据片段重定位,R1,completed,2026-07-28T01:18:39+08:00
VQ-008,How are the main controls on an air-fryer panel used?,en,Air Fryer,component,development,airfryer-017-scene-0043,airfryer-017,483.483,496.963,1,,,no,"The control panel area of the air fryer is visible while protective film is being peeled away (t=483.5-497.0s), so the product and component match, but no actual control operation or usage instruction is demonstrated.",,R1,completed,2026-07-28T01:18:39+08:00
VQ-008,How are the main controls on an air-fryer panel used?,en,Air Fryer,component,development,airfryer-017-scene-0051,airfryer-017,571.337,579.679,0,,,no,6帧（t=571.3s–579.7s）显示空气炸锅被完全拆解，金属上下壳分离、暴露电线束与PCB板等内部组件（ASR提到'white bundle controls all the LED lights'）；全程无控制面板、按钮操作或主控件使用画面。,,R1,completed,2026-07-28T01:31:38+08:00
VQ-008,How are the main controls on an air-fryer panel used?,en,Air Fryer,component,development,airfryer-017-scene-0064,airfryer-017,748.314,750.383,0,,,no,6帧（t=748.3s–750.1s）全部显示空气炸锅拆解后的内部状态：裸露的金属外壳、红/蓝/黑色电线束以及PCB电路板等元件；0帧出现控制面板、显示屏、按钮或旋钮。,,R1,completed,2026-07-28T01:31:38+08:00
VQ-008,How are the main controls on an air-fryer panel used?,en,Air Fryer,component,development,airfryer-017-scene-0112,airfryer-017,1506.839,1523.722,1,,,no,画面展示手指按压面板按钮，但未说明各控制键具体用法。,,R1,completed,2026-07-27T22:20:03+08:00
VQ-008,How are the main controls on an air-fryer panel used?,en,Air Fryer,component,development,airfryer-024-scene-0009,airfryer-024,36.536,40.974,2,36.536,40.974,no,数字控制面板显示温度与多种烹饪模式图标，但未演示具体按键/旋钮操作。,,R1,completed,2026-07-27T22:17:08+08:00
VQ-008,How are the main controls on an air-fryer panel used?,en,Air Fryer,component,development,airfryer-024-scene-0018,airfryer-024,78.712,81.214,0,,,no,"All frames show an air fryer on an outdoor table with chicken nuggets being poured onto a plate (t=78.7s, 79.2s, 79.7s, 81.2s) and people gathered eating (t=80.2s, 80.7s); the air fryer is visible only as a black unit in the background at t=80.2s and t=80.7s with no control panel visible; content is about serving food at a poolside party, not about controls.",,R1,completed,2026-07-28T01:18:39+08:00
VQ-008,How are the main controls on an air-fryer panel used?,en,Air Fryer,component,development,airfryer-024-scene-0019,airfryer-024,81.214,85.852,2,81.214,85.852,no,"The frame at approximately t=85s shows a hand turning the dial knob on the air fryer control panel, demonstrating partial use of the main controls.",,R1,completed,2026-07-28T01:18:39+08:00
VQ-008,How are the main controls on an air-fryer panel used?,en,Air Fryer,component,development,airfryer-024-scene-0020,airfryer-024,85.852,93.56,3,86.0,93.56,no,画面连续展示手指旋转旋钮并在Nuwave数字触摸屏上按键，ASR说明数字触控操作，OCR显示控制按钮与温度值，直接演示面板主控制用法。,时间按实际证据片段重定位,R1,completed,2026-07-27T22:10:25+08:00
VQ-008,How are the main controls on an air-fryer panel used?,en,Air Fryer,component,development,airfryer-024-scene-0026,airfryer-024,112.846,124.624,1,,,no,"From t=112.8s to 124.6s the Nuwave Brio control panel with illuminated buttons and a digital display is shown, but no hand operates it and no function is explained.",,R1,completed,2026-07-28T01:18:39+08:00
VQ-008,How are the main controls on an air-fryer panel used?,en,Air Fryer,component,development,airfryer-026-scene-0001,airfryer-026,0.0,213.46,1,,,no,所有帧均未展示控制面板或按钮操作，仅展示炸篮开合与翻动食物。,,R1,completed,2026-07-28T01:18:39+08:00
VQ-008,How are the main controls on an air-fryer panel used?,en,Air Fryer,component,development,airfryer-027-scene-0001,airfryer-027,0.0,7.508,0,,,no,场景无空气炸锅控制面板出现，无任何控件使用演示。,,R1,completed,2026-07-28T01:18:39+08:00
VQ-008,How are the main controls on an air-fryer panel used?,en,Air Fryer,component,development,airfryer-027-scene-0002,airfryer-027,7.508,283.4,0,,,no,画面为鸡翅料理与烤箱画面，无空气炸锅面板控制使用过程，与问题无关。,,R1,completed,2026-07-27T22:01:40+08:00
VQ-008,How are the main controls on an air-fryer panel used?,en,Air Fryer,component,development,airfryer-029-scene-0008,airfryer-029,38.0,43.92,2,38.0,43.92,no,控制旋钮与温度/时间刻度清晰可见，但未演示具体使用方法。,,R1,completed,2026-07-27T22:14:31+08:00
VQ-008,How are the main controls on an air-fryer panel used?,en,Air Fryer,component,development,airfryer-029-scene-0011,airfryer-029,50.08,53.48,1,,,no,"The air fryer control dial with temperature/time markings is clearly visible in close-up frames (t=50.1s, t=51.4s, t=53.5s), but no interaction with or explanation of how the controls are operated is shown — only static display of the panel.",,R1,completed,2026-07-28T01:18:39+08:00
VQ-008,How are the main controls on an air-fryer panel used?,en,Air Fryer,component,development,airfryer-029-scene-0045,airfryer-029,272.4,276.6,2,272.4,276.6,no,画面展示手指旋转主控制旋钮，但未详细说明各档位/功能对应关系。,,R1,completed,2026-07-27T22:23:08+08:00
VQ-008,How are the main controls on an air-fryer panel used?,en,Air Fryer,component,development,airfryer-029-scene-0055,airfryer-029,324.32,326.44,3,324.32,326.44,no,画面直接展示手指旋转主旋钮进行温度/时间设置，并可见烹饪指南图标，能回答主控制如何使用。,AI预标2级，但画面直接展示旋钮操作，能直接回答问题，修正为3级。,R1,completed,2026-07-27T22:01:40+08:00
VQ-008,How are the main controls on an air-fryer panel used?,en,Air Fryer,component,development,airfryer-029-scene-0064,airfryer-029,391.28,393.36,2,391.3,393.36,no,"At t=392.1s a hand is shown turning the air-fryer's control knob, demonstrating the physical interaction but not explaining the settings or functions.",时间按实际证据片段重定位,R1,completed,2026-07-28T01:18:39+08:00
VQ-008,How are the main controls on an air-fryer panel used?,en,Air Fryer,component,development,airfryer-029-scene-0087,airfryer-029,536.8,611.52,0,,,no,"From t=536.8s to 611.0s the chef holds and eats fried chicken while the air fryer sits unused on the counter, with no control panel interaction.",,R1,completed,2026-07-28T01:18:39+08:00
VQ-008,How are the main controls on an air-fryer panel used?,en,Air Fryer,component,development,airfryer-030-scene-0001,airfryer-030,0.0,1092.15,1,,,no,No frame clearly shows the control panel being operated; only the appliance exterior and presenter are visible.,No visible control-panel usage; lowered from AI grade 2 to 1.,R1,completed,2026-07-28T01:18:39+08:00
VQ-008,How are the main controls on an air-fryer panel used?,en,Air Fryer,component,development,airfryer-032-scene-0039,airfryer-032,176.367,179.167,2,178.0,178.6,no,第4-5帧（t=178.0s-178.6s）清晰显示手指按压COSORI控制面板上发光的紫色按钮，是相邻步骤但无按键功能讲解。,时间按实际证据片段重定位,R1,completed,2026-07-28T01:18:39+08:00
VQ-008,How are the main controls on an air-fryer panel used?,en,Air Fryer,component,development,airfryer-032-scene-0042,airfryer-032,194.067,196.8,0,,,no,"All six frames (t=194.1s through t=196.8s) show only a close-up of the spiral heating element inside the air fryer with visible residue/stains; no control panel, buttons, or any controls are visible in any frame.",,R1,completed,2026-07-28T01:18:39+08:00
VQ-008,How are the main controls on an air-fryer panel used?,en,Air Fryer,component,development,airfryer-032-scene-0062,airfryer-032,286.967,289.567,0,,,no,"From t=287.0s to 289.6s the person holds the air fryer upside down with its lid open to expose the heating element, and no control panel appears.",,R1,completed,2026-07-28T01:18:39+08:00
VQ-008,How are the main controls on an air-fryer panel used?,en,Air Fryer,component,development,airfryer-032-scene-0063,airfryer-032,289.567,292.933,1,,,no,6帧（t=289.6s–293.0s）显示两台空气炸锅提篮打开露出内部螺旋加热圈，机身侧面可见但焦点在腔体；无数字控制面板、显示屏或按钮按键操作画面。,,R1,completed,2026-07-28T01:31:38+08:00
VQ-008,How are the main controls on an air-fryer panel used?,en,Air Fryer,component,development,airfryer-032-scene-0078,airfryer-032,376.0,378.533,0,,,no,6帧（t=376.0s–378.5s）全部为不锈钢表面散落的多根使用过的棉签，画面中无空气炸锅、控制面板或任何按钮出现。,,R1,completed,2026-07-28T01:31:38+08:00
VQ-008,How are the main controls on an air-fryer panel used?,en,Air Fryer,component,development,airfryer-032-scene-0085,airfryer-032,411.367,414.6,0,,,no,From t=411.4s to 414.6s the video shows a hand wiping the heating element with a cloth; the control panel is never visible.,,R1,completed,2026-07-28T01:18:39+08:00
VQ-008,How are the main controls on an air-fryer panel used?,en,Air Fryer,component,development,airfryer-032-scene-0113,airfryer-032,522.967,525.6,0,,,no,画面仅显示炸篮与机身侧面/后部，未呈现空气炸锅的正面控制面板、无按钮或显示屏可见。,,R1,completed,2026-07-28T01:18:39+08:00
VQ-008,How are the main controls on an air-fryer panel used?,en,Air Fryer,component,development,airfryer-033-scene-0033,airfryer-033,242.109,251.818,2,247.5,248.5,no,第4帧（t=248.0s）Philips Walita面板显示『300°』并有按键指示灯亮起，显示面板处于被操作状态；前几帧多为开盖动作未呈现具体按压哪个按钮。,第三轮双复核一致修正：R1时间242.109-251.818→独立247.5-248.5：面板按键指示亮起仅t≈248.0s单帧可见，R1区间过宽。,R1,completed,2026-07-28T20:35:21+08:00
VQ-008,How are the main controls on an air-fryer panel used?,en,Air Fryer,component,development,airfryer-033-scene-0036,airfryer-033,259.96,266.9,1,,,no,"Top-down view of disassembled air fryer across all frames (t=260.0s-266.9s) with internal components exposed and basket removed; however the unit is shown from below/inverted so the control panel is not visible, and no control usage is demonstrated or described.",,R1,completed,2026-07-28T01:18:39+08:00
VQ-008,How are the main controls on an air-fryer panel used?,en,Air Fryer,component,development,airfryer-033-scene-0086,airfryer-033,614.982,626.293,1,,,no,第1–4帧（t=617.2s–621.8s）显示手持有从主机拆下的数字控制面板，可看到屏显'200°'及齿轮/时间等按钮图标；第5–6帧（t=624.0s–626.3s）显示重新装回主机后机身屏显'200°'。面板全场脱离主机处于拆修持握状态，未进行任何按键操作或正常使用流程演示。,AI=2→R1=1：控制面板虽显示'200°'及按钮图标，但全程面板脱离主机处于拆修持握状态，并非正常使用演示，无法完整回答'主控件如何使用'。,R1,completed,2026-07-28T01:31:38+08:00
VQ-008,How are the main controls on an air-fryer panel used?,en,Air Fryer,component,development,airfryer-033-scene-0121,airfryer-033,932.866,935.936,0,,,no,6帧（t=932.9s–936.0s）显示一只手持有空气炸锅拆下的黑色塑料部件，背景为白色塑料膜与拆解后的零部件（ASR提到Tecbond清洁油脂）；全程未出现控制面板、显示屏或任何按钮操作。,,R1,completed,2026-07-28T01:31:38+08:00
VQ-008,How are the main controls on an air-fryer panel used?,en,Air Fryer,component,development,airfryer-033-scene-0149,airfryer-033,1314.581,1319.119,2,1314.6,1319.119,no,所有6帧可见WALITA空气炸锅正面控制面板，包含发光触控按钮和'200°C'数字显示屏，是相邻步骤但无明确的使用说明或按下按钮的演示。,时间按实际证据片段重定位,R1,completed,2026-07-28T01:18:39+08:00
VQ-008,How are the main controls on an air-fryer panel used?,en,Air Fryer,component,development,airfryer-033-scene-0152,airfryer-033,1338.539,1375.409,2,1345.9,1368.0,no,第2-5帧（t=1345.9s-1368.0s）显示手按压控制面板按钮的动作，呈现对面板交互的相邻步骤；ASR确认设定分钟数（'9 minutos'、'12 minutos'）。,AI时间1338.539-1375.409→R1时间1345.9s-1368.0s（按接触表帧标签）。,R1,completed,2026-07-28T01:18:39+08:00
VQ-008,How are the main controls on an air-fryer panel used?,en,Air Fryer,component,development,pressure-006-scene-0005,pressure-006,15.083,17.625,2,15.083,17.625,no,画面展示黄色空气炸锅触控/LCD面板，20%帧（t≈15.6s）可见手指正在触碰按键，说明主控制方式为触控；但未展示具体设置温度/时间的步骤，只能部分回答。,,R1,completed,2026-07-27T22:01:34+08:00
VQ-008,How are the main controls on an air-fryer panel used?,en,Air Fryer,component,development,pressure-006-scene-0009,pressure-006,26.042,29.458,2,26.042,29.458,no,画面展示手指触碰数字控制面板上的按键，但未演示各按键具体功能。,,R1,completed,2026-07-27T22:23:08+08:00
VQ-008,How are the main controls on an air-fryer panel used?,en,Air Fryer,component,development,pressure-006-scene-0012,pressure-006,37.875,40.0,2,38.3,39.6,no,"At t=38.3s a finger presses the on/off button (labeled '开关') on the control panel, and at t=39.1s and t=39.6s the finger presses another button; the display shows '88.8' and function labels (鸡翅/面包/土豆/肉类/解冻/保温/酥脆) are clearly visible across all frames, demonstrating physical interaction with the main controls though without detailed explanation of each function.",时间按实际证据片段重定位,R1,completed,2026-07-28T01:18:39+08:00
VQ-009,空气炸锅内腔和加热部件位于哪里？,zh-CN,Air Fryer,component,development,airfryer-002-scene-0001,airfryer-002,0.0,11.044,0,,,no,画面未展示空气炸锅内腔、加热管或风扇等加热部件。,,R1,completed,2026-07-27T22:10:25+08:00
VQ-009,空气炸锅内腔和加热部件位于哪里？,zh-CN,Air Fryer,component,development,airfryer-002-scene-0009,airfryer-002,241.808,257.424,1,,,no,画面仅展示炸篮装饼动作，未呈现空气炸锅的内腔或加热部件位置。,,R1,completed,2026-07-28T01:18:39+08:00
VQ-009,空气炸锅内腔和加热部件位于哪里？,zh-CN,Air Fryer,component,development,airfryer-002-scene-0010,airfryer-002,257.424,283.851,1,,,no,画面展示炸篮，未展示内腔壁面或加热部件位置。,,R1,completed,2026-07-27T22:20:03+08:00
VQ-009,空气炸锅内腔和加热部件位于哪里？,zh-CN,Air Fryer,component,development,airfryer-002-scene-0011,airfryer-002,283.851,328.095,1,,,no,Frame at t=328.1s shows pastries remaining in the basket but does not reveal the inner cavity or heating element of the air fryer.,,R1,completed,2026-07-28T01:18:39+08:00
VQ-009,空气炸锅内腔和加热部件位于哪里？,zh-CN,Air Fryer,component,development,airfryer-005-scene-0014,airfryer-005,155.796,162.344,1,,,no,6帧均为在炸篮中放置面包、培根并倒入鸡蛋的烹饪准备画面，虽出现炸篮但未展示内腔结构或加热部件位置。,,R1,completed,2026-07-28T01:31:38+08:00
VQ-009,空气炸锅内腔和加热部件位于哪里？,zh-CN,Air Fryer,component,development,airfryer-005-scene-0021,airfryer-005,202.502,207.465,1,,,no,画面仅展示炸篮与外部机身，未拆解或展示内腔、加热管等内部结构，无法回答内腔和加热部件位置。,,R1,completed,2026-07-27T22:01:34+08:00
VQ-009,空气炸锅内腔和加热部件位于哪里？,zh-CN,Air Fryer,component,development,airfryer-005-scene-0025,airfryer-005,239.199,243.87,1,,,no,画面只展示炸篮及食物，未展示内腔壁面或加热管/风扇位置。,,R1,completed,2026-07-27T22:10:25+08:00
VQ-009,空气炸锅内腔和加热部件位于哪里？,zh-CN,Air Fryer,component,development,airfryer-005-scene-0027,airfryer-005,266.222,270.142,1,,,no,画面只展示炸篮及食物，未展示内腔壁面或加热部件位置。,,R1,completed,2026-07-27T22:14:31+08:00
VQ-009,空气炸锅内腔和加热部件位于哪里？,zh-CN,Air Fryer,component,development,airfryer-005-scene-0028,airfryer-005,270.142,272.56,1,,,no,At t=270.1-272.6s the pulled-out basket exposes only the empty front slot of the air fryer; the inner cavity and any heating component are not visible in frame.,,R1,completed,2026-07-28T01:18:39+08:00
VQ-009,空气炸锅内腔和加热部件位于哪里？,zh-CN,Air Fryer,component,development,airfryer-006-scene-0005,airfryer-006,16.817,19.92,1,,,no,画面展示外部机体，未展示内腔或加热部件。,,R1,completed,2026-07-27T22:20:03+08:00
VQ-009,空气炸锅内腔和加热部件位于哪里？,zh-CN,Air Fryer,component,development,airfryer-006-scene-0006,airfryer-006,19.92,24.358,1,,,no,画面仅展示炸篮及篮内食物，未展示内腔加热管/加热元件位置。,,R1,completed,2026-07-28T01:18:39+08:00
VQ-009,空气炸锅内腔和加热部件位于哪里？,zh-CN,Air Fryer,component,development,airfryer-011-scene-0001,airfryer-011,0.0,107.95,1,,,no,画面未展示内腔、加热管等内部结构，无法回答内腔和加热部件位置。,,R1,completed,2026-07-27T22:01:34+08:00
VQ-009,空气炸锅内腔和加热部件位于哪里？,zh-CN,Air Fryer,component,development,airfryer-017-scene-0020,airfryer-017,156.757,159.259,3,156.8,158.8,no,"Across t=156.8-158.8s the open air fryer cavity and the spiral heating element/rack inside are clearly visible, directly revealing where the inner chamber and heating component sit.",时间按实际证据片段重定位,R1,completed,2026-07-28T01:18:39+08:00
VQ-009,空气炸锅内腔和加热部件位于哪里？,zh-CN,Air Fryer,component,development,airfryer-017-scene-0065,airfryer-017,750.383,782.248,3,750.4,775.9,no,第1帧（t=750.4s）展示金属烹饪内腔与温度探针，第4-5帧（t=769.5s-775.9s）清晰展示上半部内腔顶部的螺旋加热元件，直接说明内腔和加热部件的位置。,时间按实际证据片段重定位 | 第三轮双复核一致修正：R1时间750.4-782.2s范围过大，独立判定精确到第1帧及第4-5帧（750.4-775.9s）。,R1,completed,2026-07-28T20:35:21+08:00
VQ-009,空气炸锅内腔和加热部件位于哪里？,zh-CN,Air Fryer,component,development,airfryer-017-scene-0066,airfryer-017,782.248,840.273,2,782.248,840.273,no,第1–6帧（t=782.2s–840.3s）展示拆解状态下的空气炸锅内部结构，螺旋加热元件清晰可见于上半部分，配有粉色/绿色标注指示风扇轴、螺母等组件位置；但整体为维修拆解场景（标注含'REMOVE NUT''NOTHING TO GRAB'），非专门展示位置。,时间按实际证据片段重定位,R1,completed,2026-07-28T01:31:38+08:00
VQ-009,空气炸锅内腔和加热部件位于哪里？,zh-CN,Air Fryer,component,development,airfryer-017-scene-0068,airfryer-017,881.147,915.848,1,,,no,画面主要展示拆解后的热敏电阻、thermal fuse等内部电气元件及线路板，未清晰展示内腔与加热部件的整体位置关系。,AI=2→R1=1：画面聚焦于温度传感器/保险丝等元件，未完整展示内腔和加热部件位置。,R1,completed,2026-07-28T01:31:38+08:00
VQ-009,空气炸锅内腔和加热部件位于哪里？,zh-CN,Air Fryer,component,development,airfryer-017-scene-0069,airfryer-017,915.848,921.12,3,915.848,921.12,no,第1–6帧（t=915.8s–921.2s）从多个角度清晰展示空气炸锅内腔顶部的螺旋状加热元件及其金属底座和通风槽，直接回答了加热部件位于内腔上方这一位置问题。,时间按实际证据片段重定位,R1,completed,2026-07-28T01:31:38+08:00
VQ-009,空气炸锅内腔和加热部件位于哪里？,zh-CN,Air Fryer,component,development,airfryer-017-scene-0092,airfryer-017,1292.224,1295.027,1,,,no,画面主要展示拆解维修中的小型金属元件（thermal fuse），虽然可见空气炸锅内部结构，但未清晰展示内腔与加热部件的具体位置。,AI=2→R1=1：画面聚焦于thermal fuse小元件的维修操作，未完整展示内腔和加热部件的位置。,R1,completed,2026-07-28T01:31:38+08:00
VQ-009,空气炸锅内腔和加热部件位于哪里？,zh-CN,Air Fryer,component,development,airfryer-024-scene-0003,airfryer-024,7.574,11.478,0,,,no,Frames at 9.9s-10.7s show oil and chicken in a deep fryer; no air-fryer inner cavity or heating components are visible.,,R1,completed,2026-07-28T01:18:39+08:00
VQ-009,空气炸锅内腔和加热部件位于哪里？,zh-CN,Air Fryer,component,development,airfryer-024-scene-0004,airfryer-024,11.478,16.149,1,,,no,全部6帧（t=11.5s–16.1s）为NuWave Brio空气炸锅的产品展示镜头，炸锅外观可见于台面中央并被大量油炸食品包围，字幕为宣传语'without the added fat and oils'；但所有帧均未展示内腔或加热部件。,,R1,completed,2026-07-28T01:31:38+08:00
VQ-009,空气炸锅内腔和加热部件位于哪里？,zh-CN,Air Fryer,component,development,airfryer-024-scene-0009,airfryer-024,36.536,40.974,1,,,no,画面展示炸篮与食物，未展示内腔壁面或加热元件位置。,,R1,completed,2026-07-27T22:17:08+08:00
VQ-009,空气炸锅内腔和加热部件位于哪里？,zh-CN,Air Fryer,component,development,airfryer-024-scene-0011,airfryer-024,43.777,56.69,3,49.0,54.1,no,Cutaway frames at t=49.0s-54.1s clearly show the heating element at the top and the internal cavity containing food.,Upgraded from AI grade 0 because the cutaway animation directly reveals the cavity and heating-component locations.,R1,completed,2026-07-28T01:18:39+08:00
VQ-009,空气炸锅内腔和加热部件位于哪里？,zh-CN,Air Fryer,component,development,airfryer-024-scene-0024,airfryer-024,106.773,109.109,1,,,no,"At t=107.7s, only the fry basket with food is visible; the internal cavity and heating element are not exposed.",,R1,completed,2026-07-28T01:18:39+08:00
VQ-009,空气炸锅内腔和加热部件位于哪里？,zh-CN,Air Fryer,component,development,airfryer-027-scene-0001,airfryer-027,0.0,7.508,0,,,no,画面仅文字与烤箱鸡翅，未指向空气炸锅内腔或加热部件。,,R1,completed,2026-07-28T01:18:39+08:00
VQ-009,空气炸锅内腔和加热部件位于哪里？,zh-CN,Air Fryer,component,development,airfryer-027-scene-0002,airfryer-027,7.508,283.4,0,,,no,画面未展示空气炸锅内腔、加热管等内部结构，与问题无关。,,R1,completed,2026-07-27T22:01:40+08:00
VQ-009,空气炸锅内腔和加热部件位于哪里？,zh-CN,Air Fryer,component,development,airfryer-029-scene-0008,airfryer-029,38.0,43.92,2,38.0,43.92,no,炸篮拉出后可见内部腔体，但未展示加热管/风扇等加热部件。,,R1,completed,2026-07-27T22:14:31+08:00
VQ-009,空气炸锅内腔和加热部件位于哪里？,zh-CN,Air Fryer,component,development,airfryer-029-scene-0009,airfryer-029,43.92,47.24,2,43.92,47.2,no,"Frame at t=44.6s shows the open air fryer with the basket removed, revealing the inner cavity, but the heating element is not visible in any frame.",时间按实际证据片段重定位,R1,completed,2026-07-28T01:18:39+08:00
VQ-009,空气炸锅内腔和加热部件位于哪里？,zh-CN,Air Fryer,component,development,airfryer-029-scene-0016,airfryer-029,87.52,89.76,0,,,no,全部6帧（t=87.5s–89.8s）仅显示白色盘子上的生鸡肉块和一只手在触碰鸡肉，完全未出现空气炸锅或其内部结构，与查询无关。,,R1,completed,2026-07-28T01:31:38+08:00
VQ-009,空气炸锅内腔和加热部件位于哪里？,zh-CN,Air Fryer,component,development,airfryer-029-scene-0050,airfryer-029,307.84,311.96,1,,,no,画面仅展示炸篮及篮内食物，未展示内腔或加热部件。,,R1,completed,2026-07-28T01:18:39+08:00
VQ-009,空气炸锅内腔和加热部件位于哪里？,zh-CN,Air Fryer,component,development,airfryer-029-scene-0051,airfryer-029,311.96,313.96,1,,,no,"Frames t=312.0s-314.0s show chicken being placed into the basket, but the inner cavity and heating elements are not shown or described.",,R1,completed,2026-07-28T01:18:39+08:00
VQ-009,空气炸锅内腔和加热部件位于哪里？,zh-CN,Air Fryer,component,development,airfryer-029-scene-0058,airfryer-029,343.4,349.16,1,,,no,The scene only shows the air fryer basket with cooked chicken and the chef checking it; no internal cavity or heating element is visible or described.,,R1,completed,2026-07-28T01:18:39+08:00
VQ-009,空气炸锅内腔和加热部件位于哪里？,zh-CN,Air Fryer,component,development,airfryer-029-scene-0071,airfryer-029,436.0,439.76,1,,,no,Frames 436.0-439.0s show the open basket and cooked chicken but do not reveal the heating elements or inner cavity walls behind the basket.,,R1,completed,2026-07-28T01:18:39+08:00
VQ-009,空气炸锅内腔和加热部件位于哪里？,zh-CN,Air Fryer,component,development,airfryer-032-scene-0006,airfryer-032,14.767,16.767,3,14.767,16.767,no,画面直接展示打开机体后内部腔体及螺旋加热元件位置。,,R1,completed,2026-07-27T22:17:08+08:00
VQ-009,空气炸锅内腔和加热部件位于哪里？,zh-CN,Air Fryer,component,development,airfryer-032-scene-0046,airfryer-032,225.167,229.433,3,225.2,228.6,no,第1-5帧清晰展示空气炸锅内部空腔及顶部的螺旋状加热管/加热元件，直接呈现了内腔和加热部件的位置。,AI=2→R1=3：画面清晰展示了内腔及顶部加热管，完整回答了内腔和加热部件位置问题。,R1,completed,2026-07-28T01:31:38+08:00
VQ-009,空气炸锅内腔和加热部件位于哪里？,zh-CN,Air Fryer,component,development,airfryer-032-scene-0047,airfryer-032,229.433,232.433,3,229.433,232.4,no,"Every frame clearly displays the spiral heating element mounted at the ceiling of the air fryer's inner chamber, with the cooking basket and cavity visible below — a direct visual answer to where the heating part and chamber are located.",时间按实际证据片段重定位,R1,completed,2026-07-28T01:18:39+08:00
VQ-009,空气炸锅内腔和加热部件位于哪里？,zh-CN,Air Fryer,component,development,airfryer-032-scene-0049,airfryer-032,235.6,240.2,3,235.6,240.2,no,第1–6帧（t=235.6s–240.2s）均为空气炸锅内腔顶部螺旋加热元件的连续特写，从不同角度清晰展示加热部件位于内腔上方的具体位置，直接完整回答查询。,,R1,completed,2026-07-28T01:31:38+08:00
VQ-009,空气炸锅内腔和加热部件位于哪里？,zh-CN,Air Fryer,component,development,airfryer-032-scene-0094,airfryer-032,449.5,452.5,3,449.5,452.5,no,"The spiral heating element and the inner cavity of the air fryer are prominently shown across t=449.5-452.5s, directly revealing where the heating component sits inside.",,R1,completed,2026-07-28T01:18:39+08:00
VQ-009,空气炸锅内腔和加热部件位于哪里？,zh-CN,Air Fryer,component,development,airfryer-032-scene-0098,airfryer-032,473.033,477.233,2,473.033,477.2,no,全部6帧（t=473.0s–477.2s）显示一只手用蓝白牙刷正在刷洗空气炸锅内部有油污的螺旋状电热元件，画面间接展示了加热部件位于内腔顶部，但主要动作是清洁而非位置指示。,时间按实际证据片段重定位,R1,completed,2026-07-28T01:31:38+08:00
VQ-009,空气炸锅内腔和加热部件位于哪里？,zh-CN,Air Fryer,component,development,airfryer-033-scene-0025,airfryer-033,198.265,202.169,3,198.3,202.169,no,frame at 198.3s clearly shows the open lid revealing the interior cavity and the heating element inside the air fryer.,时间按实际证据片段重定位,R1,completed,2026-07-28T01:18:39+08:00
VQ-009,空气炸锅内腔和加热部件位于哪里？,zh-CN,Air Fryer,component,development,airfryer-033-scene-0036,airfryer-033,259.96,266.9,3,260.0,266.9,no,"Every frame from t=260.0s to t=266.9s shows the air fryer disassembled with the main body open, revealing the internal chamber and spiral heating element clearly positioned inside the upper housing; the location of both the chamber cavity and heating component is directly observable throughout the entire scene.",时间按实际证据片段重定位,R1,completed,2026-07-28T01:18:39+08:00
VQ-009,空气炸锅内腔和加热部件位于哪里？,zh-CN,Air Fryer,component,development,airfryer-033-scene-0037,airfryer-033,266.9,271.004,1,,,no,"Frame at 269.4s shows the inner cavity with a mesh basket/grill, but the heating element location is not clearly visible.",,R1,completed,2026-07-28T01:18:39+08:00
VQ-009,空气炸锅内腔和加热部件位于哪里？,zh-CN,Air Fryer,component,development,airfryer-033-scene-0055,airfryer-033,397.965,402.703,2,398.0,402.7,no,第1、2、6帧（t=398.0s、t=398.9s、t=402.7s）可见空气炸锅开盖后内腔及部分内部组件，有螺丝刀插入其中操作；第3–5帧被人物面部或模糊画面遮挡。整体仅部分展示内腔位置，不够完整。,时间按实际证据片段重定位,R1,completed,2026-07-28T01:31:38+08:00
VQ-009,空气炸锅内腔和加热部件位于哪里？,zh-CN,Air Fryer,component,development,airfryer-033-scene-0056,airfryer-033,402.703,415.115,2,402.703,415.1,no,画面展示空气炸锅拆开后露出的电机、线圈等内部组件，但主要视角为底部/侧面维修视角，未清晰指向内腔与加热部件的对应位置。,AI=3→R1=2：画面虽暴露内部组件，但为维修拆解视角，未完整清晰展示内腔和加热部件的具体位置关系。,R1,completed,2026-07-28T01:31:38+08:00
VQ-009,空气炸锅内腔和加热部件位于哪里？,zh-CN,Air Fryer,component,development,airfryer-033-scene-0078,airfryer-033,566.066,570.971,3,566.1,570.0,no,6帧均呈现空气炸锅内部腔体，橙色线缆/线圈沿内壁分布，可辨识为加热部件，直接展示了内腔和加热部件的位置。,AI=2→R1=3：画面清晰展示了空气炸锅内腔及沿内壁分布的橙色加热线缆/线圈，完整回答了加热部件位置问题。,R1,completed,2026-07-28T01:31:38+08:00
VQ-009,空气炸锅内腔和加热部件位于哪里？,zh-CN,Air Fryer,component,development,airfryer-033-scene-0092,airfryer-033,653.02,655.622,3,653.02,655.6,no,第1–4帧及第6帧（t=653.0s–654.6s、t=655.7s）清晰展示空气炸锅内腔内部结构，螺旋状加热元件明确可见于内腔顶部，直接回答了加热部件的位置；第5帧（t=655.1s）为过曝白屏。,时间按实际证据片段重定位,R1,completed,2026-07-28T01:31:38+08:00
VQ-009,空气炸锅内腔和加热部件位于哪里？,zh-CN,Air Fryer,component,development,pressure-006-scene-0007,pressure-006,19.875,22.417,2,20.9,21.4,no,"Frame at 20.9s shows the inner cavity of the appliance with the basket in place, but heating components are not exposed or visible.",时间按实际证据片段重定位,R1,completed,2026-07-28T01:18:39+08:00
VQ-009,空气炸锅内腔和加热部件位于哪里？,zh-CN,Air Fryer,component,development,pressure-006-scene-0010,pressure-006,29.458,34.083,1,,,no,画面展示食物在锅内，但未明确标识内腔壁面或加热部件位置。,,R1,completed,2026-07-27T22:17:08+08:00
VQ-009,空气炸锅内腔和加热部件位于哪里？,zh-CN,Air Fryer,component,development,pressure-006-scene-0011,pressure-006,34.083,37.875,1,,,no,Frames show only the basket interior with cooked food and text about heating power; the inner cavity structure and heating component locations are not visible or described.,,R1,completed,2026-07-28T01:18:39+08:00
VQ-009,空气炸锅内腔和加热部件位于哪里？,zh-CN,Air Fryer,component,development,pressure-006-scene-0013,pressure-006,40.0,46.042,1,,,no,"The yellow air fryer exterior is visible at 40.0-42.4s and the basket with food at 43.6-44.9s, but no heating elements or inner cavity walls are exposed.",,R1,completed,2026-07-28T01:18:39+08:00
VQ-010,How do I clean the air-fryer basket after use?,en,Air Fryer,maintenance,development,airfryer-002-scene-0009,airfryer-002,241.808,257.424,1,,,no,画面是装饼与喷油步骤，无任何清洁动作或说明涉及篮的清洗。,,R1,completed,2026-07-28T01:18:39+08:00
VQ-010,How do I clean the air-fryer basket after use?,en,Air Fryer,maintenance,development,airfryer-002-scene-0010,airfryer-002,257.424,283.851,0,,,no,画面未涉及炸篮清洁。,,R1,completed,2026-07-27T22:20:03+08:00
VQ-010,How do I clean the air-fryer basket after use?,en,Air Fryer,maintenance,development,airfryer-002-scene-0011,airfryer-002,283.851,328.095,0,,,no,"Frame at t=319.2s shows pastries being dusted with powdered sugar on a plate, with no cleaning of the basket visible.",,R1,completed,2026-07-28T01:18:39+08:00
VQ-010,How do I clean the air-fryer basket after use?,en,Air Fryer,maintenance,development,airfryer-005-scene-0001,airfryer-005,0.0,50.167,0,,,no,"Scene is a recipe introduction with host standing next to air fryer and ingredients (bacon, eggs, bread visible at t=50.2s); no cleaning tools, actions, basket removal, or maintenance content appears in any frame or the ASR transcript.",,R1,completed,2026-07-28T01:18:39+08:00
VQ-010,How do I clean the air-fryer basket after use?,en,Air Fryer,maintenance,development,airfryer-005-scene-0008,airfryer-005,99.208,102.085,1,,,no,"The basket is being handled, but no cleaning action or method is shown.",,R1,completed,2026-07-28T01:18:39+08:00
VQ-010,How do I clean the air-fryer basket after use?,en,Air Fryer,maintenance,development,airfryer-005-scene-0015,airfryer-005,162.344,172.394,1,,,no,"All six frames show food preparation activity (pouring liquid, cracking egg into the air fryer basket); no cleaning tools, actions, water, soap, or cleaning instructions appear visually or in ASR.","第三轮仲裁修正：R1原记录 等级=0 时间=[None,None] 泄漏=no → 仲裁 等级=1 时间=[None,None] 泄漏=no。理由：采纳复核方：t=162.3s–172.4s全部6帧展示空气炸锅主体和炸篮（正在装入食材），同产品核心出现但为烹饪前装篮而非清洁，符合等级1。",R1,completed,2026-07-28T20:35:21+08:00
VQ-010,How do I clean the air-fryer basket after use?,en,Air Fryer,maintenance,development,airfryer-005-scene-0020,airfryer-005,199.291,202.502,1,,,no,frames show the basket on the counter while food is being seasoned; no cleaning action or method is visible.,,R1,completed,2026-07-28T01:18:39+08:00
VQ-010,How do I clean the air-fryer basket after use?,en,Air Fryer,maintenance,development,airfryer-005-scene-0023,airfryer-005,227.314,232.694,1,,,no,画面未展示炸篮清洁动作。,,R1,completed,2026-07-27T22:23:08+08:00
VQ-010,How do I clean the air-fryer basket after use?,en,Air Fryer,maintenance,development,airfryer-005-scene-0029,airfryer-005,272.56,276.897,1,,,no,"Same air fryer basket is visible at 272.6-276.9s with a cooked sandwich inside, but no cleaning action, cloth, or post-use wash procedure is shown or described.",,R1,completed,2026-07-28T01:18:39+08:00
VQ-010,How do I clean the air-fryer basket after use?,en,Air Fryer,maintenance,development,airfryer-006-scene-0005,airfryer-006,16.817,19.92,1,,,no,6帧中空气炸锅作为背景出现，画面文字为'AIR FRY AT 350°F FOR 4 MINUTES'，主讲烹饪，未见炸篮清洁动作。,互检修正：原R1=0→互检=1；空气炸锅产品（本query产品）确在画面中出现，仅未演示清洁动作，按规范产品出现但未回答应为1级而非0级。,R1,completed,2026-07-28T14:15:20+08:00
VQ-010,How do I clean the air-fryer basket after use?,en,Air Fryer,maintenance,development,airfryer-006-scene-0006,airfryer-006,19.92,24.358,0,,,no,所有帧均为烹饪/翻动食物，未见水、清洁剂、刷子或任何清洗动作。,,R1,completed,2026-07-28T01:18:39+08:00
VQ-010,How do I clean the air-fryer basket after use?,en,Air Fryer,maintenance,development,airfryer-011-scene-0001,airfryer-011,0.0,107.95,0,,,no,画面为制作三明治的烹饪流程，与清洗炸篮无关。,,R1,completed,2026-07-27T22:01:34+08:00
VQ-010,How do I clean the air-fryer basket after use?,en,Air Fryer,maintenance,development,airfryer-017-scene-0019,airfryer-017,149.049,156.757,1,,,no,The drawer is removed but no washing or cleaning action is shown.,Drawer removal is adjacent to cleaning but not cleaning itself; raised from AI grade 0 to 1.,R1,completed,2026-07-28T01:18:39+08:00
VQ-010,How do I clean the air-fryer basket after use?,en,Air Fryer,maintenance,development,airfryer-017-scene-0023,airfryer-017,172.005,185.385,2,180.0,185.385,no,第4-6帧（t=180.0s-185.4s）显示手从空气炸烤箱中取出烹饪托盘并向内部腔体喷洒清洁剂，是清洁烹饪容器/腔体的步骤，但未明确展示传统炸篮的清洗过程。,AI时间172.005-185.385覆盖整个场景窗口，实际清洁动作集中在第4-6帧（t=180.0s-185.4s）。,R1,completed,2026-07-28T01:35:01+08:00
VQ-010,How do I clean the air-fryer basket after use?,en,Air Fryer,maintenance,development,airfryer-017-scene-0025,airfryer-017,210.477,230.697,0,,,no,全部6帧（t=210.5s–230.7s）显示双手正在拆卸一台烤箱类电器的门体（拧螺丝、抬下门），桌上散落螺丝，与清洗空气炸锅炸篮完全无关。,AI=1→R1=0：画面内容为拆卸烤箱门（拧螺丝、卸门体），未出现炸篮也无任何清洗操作，与'如何清洗炸篮'查询完全不相关。,R1,completed,2026-07-28T01:31:38+08:00
VQ-010,How do I clean the air-fryer basket after use?,en,Air Fryer,maintenance,development,airfryer-017-scene-0044,airfryer-017,496.963,501.067,0,,,no,全部6帧仅显示用工具撬动空气炸锅顶部盖子，未出现炸篮，也无任何清洗动作。,AI=1→R1=0：画面展示拆卸顶盖，与清洗炸篮问题无关。,R1,completed,2026-07-28T01:35:01+08:00
VQ-010,How do I clean the air-fryer basket after use?,en,Air Fryer,maintenance,development,airfryer-017-scene-0071,airfryer-017,933.866,986.486,0,,,no,画面为空气炸锅内部加热线圈与金属网的拆解维修，未出现炸篮。,,R1,completed,2026-07-28T01:31:38+08:00
VQ-010,How do I clean the air-fryer basket after use?,en,Air Fryer,maintenance,development,airfryer-017-scene-0104,airfryer-017,1426.091,1440.539,1,,,no,6帧（t=1426.1s-1440.6s）均显示拆解空气炸锅顶盖与内部线路，未出现炸篮或任何清洗动作。,,R1,completed,2026-07-28T01:31:38+08:00
VQ-010,How do I clean the air-fryer basket after use?,en,Air Fryer,maintenance,development,airfryer-024-scene-0005,airfryer-024,16.149,19.953,1,,,no,"At t=19.2s, the scene is a product showcase with no cleaning action, tools, or dirty basket shown.","Same product shown, but no cleaning demonstration.",R1,completed,2026-07-28T01:18:39+08:00
VQ-010,How do I clean the air-fryer basket after use?,en,Air Fryer,maintenance,development,airfryer-024-scene-0006,airfryer-024,19.953,22.689,1,,,no,"Frames t=20.0s-22.7s show fries being poured out after cooking, but no cleaning action or instruction is shown.",,R1,completed,2026-07-28T01:18:39+08:00
VQ-010,How do I clean the air-fryer basket after use?,en,Air Fryer,maintenance,development,airfryer-024-scene-0022,airfryer-024,99.8,104.371,1,,,no,全部6帧仅显示手持空气炸锅篮取出装有熟鸡翅的炸篮，并展示“3-QUART Capacity”文字，无任何清洗动作或清洗后画面。,,R1,completed,2026-07-28T01:35:01+08:00
VQ-010,How do I clean the air-fryer basket after use?,en,Air Fryer,maintenance,development,airfryer-024-scene-0023,airfryer-024,104.371,106.773,3,104.4,106.773,no,6帧（t=104.4s-106.8s）均显示将空气炸锅炸篮放入洗碗机下层架，画面叠加“Dishwasher SAFE”“Easy Cleanup”字样，直接说明炸篮可用洗碗机清洗。,AI=2→R1=3，画面与字幕完整演示炸篮可放入洗碗机清洗的答案。；来源泄漏由 yes 修正为 no：联系表未见检索方法、排名、分数或答案来源暴露,R1-spotcheck,completed,2026-07-28T09:46:50+08:00
VQ-010,How do I clean the air-fryer basket after use?,en,Air Fryer,maintenance,development,airfryer-026-scene-0001,airfryer-026,0.0,213.46,1,,,no,画面展示烹饪过程及成品，未见清洗炸篮的动作或工具。,,R1,completed,2026-07-28T01:18:39+08:00
VQ-010,How do I clean the air-fryer basket after use?,en,Air Fryer,maintenance,development,airfryer-027-scene-0001,airfryer-027,0.0,7.508,0,,,no,场景无清洁动作、画面或语音涉及空气炸篮清洗。,,R1,completed,2026-07-28T01:18:39+08:00
VQ-010,How do I clean the air-fryer basket after use?,en,Air Fryer,maintenance,development,airfryer-027-scene-0002,airfryer-027,7.508,283.4,0,,,no,画面为烹饪与食用鸡翅，无清洗炸篮画面，与问题无关。,,R1,completed,2026-07-27T22:01:40+08:00
VQ-010,How do I clean the air-fryer basket after use?,en,Air Fryer,maintenance,development,airfryer-029-scene-0034,airfryer-029,181.32,197.32,1,,,no,全部6帧（t=181.3s–197.3s）显示一名穿红色厨师服的男子在'PHILIPS SUPER CHEF'背景前手持Philips空气炸锅炸篮讲解，仅展示手持炸篮和口述其不粘涂层易清洗，无任何清洗动作或步骤演示。,,R1,completed,2026-07-28T01:31:38+08:00
VQ-010,How do I clean the air-fryer basket after use?,en,Air Fryer,maintenance,development,airfryer-029-scene-0048,airfryer-029,301.24,304.4,1,,,no,"Frames 301.2-304.4s show the basket outside the air fryer with raw chicken pieces on a plate; no water, brush, sponge, or cleaning motion is visible.",,R1,completed,2026-07-28T01:18:39+08:00
VQ-010,How do I clean the air-fryer basket after use?,en,Air Fryer,maintenance,development,airfryer-029-scene-0050,airfryer-029,307.84,311.96,1,,,no,画面展示装载生鸡肉，未见清洗动作或工具。,"第三轮仲裁修正：R1原记录 等级=0 时间=[None,None] 泄漏=no → 仲裁 等级=1 时间=[None,None] 泄漏=no。理由：6帧（t=307.8s-312.0s）展示将生鸡肉装入黑色空气炸锅的炸篮中，空气炸锅及炸篮作为产品/组件清晰出现；但动作是装食物而非清洁，按规范1级。",R1,completed,2026-07-28T20:35:21+08:00
VQ-010,How do I clean the air-fryer basket after use?,en,Air Fryer,maintenance,development,airfryer-029-scene-0054,airfryer-029,321.12,324.32,0,,,no,全部6帧（t=321.1s–324.3s）显示一个绿色餐盘（带食物残渣）和旁边一台黑色空气炸锅，部分帧有人擦拭餐盘；清洗对象是餐盘而非空气炸锅炸篮。,,R1,completed,2026-07-28T01:31:38+08:00
VQ-010,How do I clean the air-fryer basket after use?,en,Air Fryer,maintenance,development,airfryer-029-scene-0069,airfryer-029,428.36,431.84,1,,,no,"the basket contains cooked chicken after use, but no cleaning action or method is demonstrated.",,R1,completed,2026-07-28T01:18:39+08:00
VQ-010,How do I clean the air-fryer basket after use?,en,Air Fryer,maintenance,development,airfryer-029-scene-0071,airfryer-029,436.0,439.76,1,,,no,"At 436.0-439.0s tongs are used to move cooked chicken in the basket, with no water, soap, or cleaning tools visible.",,R1,completed,2026-07-28T01:18:39+08:00
VQ-010,How do I clean the air-fryer basket after use?,en,Air Fryer,maintenance,development,airfryer-030-scene-0001,airfryer-030,0.0,1092.15,1,,,no,Basket handling at t=873.7 s is ambiguous and does not clearly depict washing with water and soap.,No clear cleaning action in sparse frames; lowered from AI grade 2 to 1.,R1,completed,2026-07-28T01:18:39+08:00
VQ-010,How do I clean the air-fryer basket after use?,en,Air Fryer,maintenance,development,airfryer-032-scene-0013,airfryer-032,47.6,49.6,1,,,yes,6帧仅显示带有油脂残渣的炸篮特写，未见擦拭、冲洗或其他任何清洁动作。,第三轮双复核一致修正：R1=3→indep=1：画面仅有脏炸篮展示，未演示清洁过程；ASR虽提及擦拭，但画面本身不足以独立回答清洁方法。泄漏标记由no改为yes。,R1,completed,2026-07-28T20:35:21+08:00
VQ-010,How do I clean the air-fryer basket after use?,en,Air Fryer,maintenance,development,airfryer-032-scene-0014,airfryer-032,49.6,54.1,3,49.6,54.1,no,t=49.6s展示带残渣的炸篮内部，t=52.3s至t=54.1s帧清晰展示手拿纸巾擦拭炸篮内壁油脂和食物残渣，配合ASR'wipe out any grease residue or leftover food with a paper towel'，完整直接地演示了用纸巾清洁炸篮的方法。,,R1,completed,2026-07-28T01:18:39+08:00
VQ-010,How do I clean the air-fryer basket after use?,en,Air Fryer,maintenance,development,airfryer-032-scene-0020,airfryer-032,77.067,79.367,3,77.1,78.9,no,"At t=77.1s-78.9s the metal air fryer basket is visibly covered in soap suds and being wiped with a cloth, and the ASR states using a microfiber cloth after soaking, directly answering how to clean the basket.",时间按实际证据片段重定位,R1,completed,2026-07-28T01:18:39+08:00
VQ-010,How do I clean the air-fryer basket after use?,en,Air Fryer,maintenance,development,airfryer-032-scene-0075,airfryer-032,351.533,358.067,3,351.533,358.067,no,全部6帧（t=351.5s-358.1s）持续显示空气炸锅篮在水槽下被流水冲洗，水从篮孔流出，直接演示清洗炸篮的方法。,AI=2→R1=3：画面持续清晰展示炸篮在水下冲洗，直接回答“如何清洗炸篮”问题。,R1,completed,2026-07-28T01:35:01+08:00
VQ-010,How do I clean the air-fryer basket after use?,en,Air Fryer,maintenance,development,airfryer-032-scene-0076,airfryer-032,358.067,364.033,3,358.1,364.033,no,全部6帧（t=358.1s-364.1s）均清晰显示手持棉签清理空气炸锅炸篮栅格缝隙，直接演示清洗炸篮。,AI时间358.067-364.033→R1时间358.1-364.033，按联系表帧标签并确保落在场景窗口内。,R1,completed,2026-07-28T01:31:38+08:00
VQ-010,How do I clean the air-fryer basket after use?,en,Air Fryer,maintenance,development,airfryer-032-scene-0077,airfryer-032,364.033,376.0,3,364.033,376.0,no,"From t=364.0s to t=376.0s, the video repeatedly shows a hand using cotton swabs to clean between the basket grates while the ASR describes removing gunk from crevices.",时间按实际证据片段重定位,R1,completed,2026-07-28T01:18:39+08:00
VQ-010,How do I clean the air-fryer basket after use?,en,Air Fryer,maintenance,development,airfryer-033-scene-0039,airfryer-033,276.043,281.014,2,276.043,281.0,no,第1帧 t=276.0s 与第6帧 t=281.0s 可见底部有油渍和食物残渣，ASR提到'vou lavar'（要洗），但画面中未出现实际清洗动作。,与AI等级一致，但将时间细化到残渣可见帧范围。,R1,completed,2026-07-28T01:18:39+08:00
VQ-010,How do I clean the air-fryer basket after use?,en,Air Fryer,maintenance,development,airfryer-033-scene-0040,airfryer-033,281.014,283.116,2,281.4,283.1,no,From 281.4s to 283.1s a hand uses a scraper to remove grease and residue from the dirty air fryer basket interior.,时间按实际证据片段重定位,R1,completed,2026-07-28T01:18:39+08:00
VQ-010,How do I clean the air-fryer basket after use?,en,Air Fryer,maintenance,development,airfryer-033-scene-0073,airfryer-033,525.792,532.733,1,,,no,6帧显示手持拆解后的黑色炸篮部件在白色台面上移动，未演示清洗动作。,AI=2→R1=1，画面仅展示拆解后的炸篮部件被移动，未演示清洗动作或方法。,R1,completed,2026-07-28T01:31:38+08:00
VQ-010,How do I clean the air-fryer basket after use?,en,Air Fryer,maintenance,development,airfryer-033-scene-0127,airfryer-033,1000.534,1004.338,1,,,no,6帧（t=1000.5s-1004.4s）仅显示手指向炸篮内壁的褐色残留物，未演示清洗动作或方法。,,R1,completed,2026-07-28T01:31:38+08:00
VQ-010,How do I clean the air-fryer basket after use?,en,Air Fryer,maintenance,development,airfryer-033-scene-0158,airfryer-033,1408.108,1415.382,0,,,no,"Only one frame (t=1414.0s) briefly shows the air fryer's control panel displaying '3'; no basket removal, cleaning action, sponge/brush, water rinse, or any cleaning-related instruction appears in any of the six frames or the scene text.",,R1,completed,2026-07-28T01:18:39+08:00
VQ-010,How do I clean the air-fryer basket after use?,en,Air Fryer,maintenance,development,pressure-006-scene-0007,pressure-006,19.875,22.417,1,,,no,"Frames at 20.9s-21.9s show cooked food in the basket but no cleaning action, water, sponge, or related instructions are present.","AI marked 0, but the scene shows the same air fryer product, so unrelated is wrong; downgrading to 1 since no cleaning info is available.",R1,completed,2026-07-28T01:18:39+08:00
VQ-010,How do I clean the air-fryer basket after use?,en,Air Fryer,maintenance,development,pressure-006-scene-0008,pressure-006,22.417,26.042,0,,,no,"All frames show food being loaded; no water, soap, or cleaning action appears.",,R1,completed,2026-07-28T01:18:39+08:00
VQ-010,How do I clean the air-fryer basket after use?,en,Air Fryer,maintenance,development,pressure-006-scene-0013,pressure-006,40.0,46.042,1,,,no,"Frames 43.6-44.9s show the basket containing fries and chestnuts with no water, soap, or cleaning tools.",,R1,completed,2026-07-28T01:18:39+08:00
VQ-010,How do I clean the air-fryer basket after use?,en,Air Fryer,maintenance,development,pressure-006-scene-0017,pressure-006,53.625,55.833,3,53.625,55.8,no,全部6帧（t=53.6s–55.8s）清晰展示双手在水槽下用流动自来水冲洗一个黑色分体式不粘空气炸锅篮子，字幕显示'Split type non-stick cookware clean More convenient'，完整演示了用水冲洗炸篮的清洗方法。,时间按实际证据片段重定位,R1,completed,2026-07-28T01:31:38+08:00
VQ-011,怎样清除空气炸锅中的油脂和食物残渣？,zh-CN,Air Fryer,maintenance,source_disjoint_test,airfryer-002-scene-0006,airfryer-002,126.393,137.271,1,,,no,"The scene shows only dough and pastry preparation steps; no wiping, scrubbing, soaking, or any action related to removing grease or food residue from the air fryer is depicted or described.","第三轮仲裁修正：R1原记录 等级=0 时间=[None,None] 泄漏=no → 仲裁 等级=1 时间=[None,None] 泄漏=no。理由：采纳复核方：空气炸锅在全部6帧背景中可见，同产品出现但无任何清洁动作，符合等级1。",R1,completed,2026-07-28T20:35:21+08:00
VQ-011,怎样清除空气炸锅中的油脂和食物残渣？,zh-CN,Air Fryer,maintenance,source_disjoint_test,airfryer-002-scene-0009,airfryer-002,241.808,257.424,0,,,no,画面和ASR均无任何清除油脂/残渣的清洁动作或提示。,,R1,completed,2026-07-28T01:18:39+08:00
VQ-011,怎样清除空气炸锅中的油脂和食物残渣？,zh-CN,Air Fryer,maintenance,source_disjoint_test,airfryer-002-scene-0011,airfryer-002,283.851,328.095,0,,,no,"Frame at t=310.4s shows pastries on a plate after removal, with no grease or food residue removal shown.",,R1,completed,2026-07-28T01:18:39+08:00
VQ-011,怎样清除空气炸锅中的油脂和食物残渣？,zh-CN,Air Fryer,maintenance,source_disjoint_test,airfryer-002-scene-0012,airfryer-002,328.095,337.137,1,,,no,"t=329.9s shows the air fryer on the counter behind the presenter, but the action is dusting pastries, not cleaning.","AI graded 0, but the air fryer product is visible in the background.",R1,completed,2026-07-28T01:18:39+08:00
VQ-011,怎样清除空气炸锅中的油脂和食物残渣？,zh-CN,Air Fryer,maintenance,source_disjoint_test,airfryer-005-scene-0007,airfryer-005,93.036,99.208,1,,,no,全部6帧（t≈93.0s–99.2s）显示男子打开黑色空气炸锅盖子并抽出炸篮，产品出现但画面仅演示取出炸篮这一前置步骤，未展示清除油脂或食物残渣的任何清洁动作。,,R1,completed,2026-07-28T01:35:01+08:00
VQ-011,怎样清除空气炸锅中的油脂和食物残渣？,zh-CN,Air Fryer,maintenance,source_disjoint_test,airfryer-005-scene-0008,airfryer-005,99.208,102.085,1,,,no,No grease or food-residue removal is demonstrated or described in the frames.,,R1,completed,2026-07-28T01:18:39+08:00
VQ-011,怎样清除空气炸锅中的油脂和食物残渣？,zh-CN,Air Fryer,maintenance,source_disjoint_test,airfryer-005-scene-0021,airfryer-005,202.502,207.465,1,,,no,画面为烹饪前装篮动作，与清除油脂、食物残渣等清洁操作无关。,"第三轮仲裁修正：R1原记录 等级=0 时间=[None,None] 泄漏=no → 仲裁 等级=1 时间=[None,None] 泄漏=no。理由：采纳复核方：t=202.5s–207.5s全部6帧清晰展示空气炸锅主机与装有食材的炸篮（插入动作），同产品核心出现但为烹饪前装篮而非清除油脂残渣，符合等级1。",R1,completed,2026-07-28T20:35:21+08:00
VQ-011,怎样清除空气炸锅中的油脂和食物残渣？,zh-CN,Air Fryer,maintenance,source_disjoint_test,airfryer-005-scene-0023,airfryer-005,227.314,232.694,1,,,no,画面未展示清除油脂或食物残渣动作。,,R1,completed,2026-07-27T22:23:08+08:00
VQ-011,怎样清除空气炸锅中的油脂和食物残渣？,zh-CN,Air Fryer,maintenance,source_disjoint_test,airfryer-005-scene-0029,airfryer-005,272.56,276.897,1,,,no,"Air fryer basket with cooked food is shown at 272.6-276.9s, but no grease, residue, or removal/cleaning action is demonstrated and ASR mentions only 'spatula' for removal.",,R1,completed,2026-07-28T01:18:39+08:00
VQ-011,怎样清除空气炸锅中的油脂和食物残渣？,zh-CN,Air Fryer,maintenance,source_disjoint_test,airfryer-005-scene-0031,airfryer-005,280.4,283.653,1,,,no,"At t=283.0s, the scene shows only hands transferring food to a plate and an empty basket, with no cleaning tools or residue removal.","Same product/background is shown, but no cleaning action is depicted.",R1,completed,2026-07-28T01:18:39+08:00
VQ-011,怎样清除空气炸锅中的油脂和食物残渣？,zh-CN,Air Fryer,maintenance,source_disjoint_test,airfryer-005-scene-0040,airfryer-005,352.002,355.21,0,,,no,第1–6帧（t=352.0s–355.2s）均为男子用刀叉切盘中食物并对镜头微笑，未出现空气炸锅或任何清洁动作。,,R1,completed,2026-07-28T01:35:01+08:00
VQ-011,怎样清除空气炸锅中的油脂和食物残渣？,zh-CN,Air Fryer,maintenance,source_disjoint_test,airfryer-006-scene-0005,airfryer-006,16.817,19.92,0,,,no,画面未涉及清除油脂或食物残渣。,,R1,completed,2026-07-27T22:20:03+08:00
VQ-011,怎样清除空气炸锅中的油脂和食物残渣？,zh-CN,Air Fryer,maintenance,source_disjoint_test,airfryer-006-scene-0006,airfryer-006,19.92,24.358,0,,,no,画面显示的是烹饪中的食物，未见油脂残渣清理动作或工具。,,R1,completed,2026-07-28T01:18:39+08:00
VQ-011,怎样清除空气炸锅中的油脂和食物残渣？,zh-CN,Air Fryer,maintenance,source_disjoint_test,airfryer-011-scene-0001,airfryer-011,0.0,107.95,0,,,no,画面为烹饪流程，无清除油脂、食物残渣等清洁画面，与问题无关。,,R1,completed,2026-07-27T22:01:34+08:00
VQ-011,怎样清除空气炸锅中的油脂和食物残渣？,zh-CN,Air Fryer,maintenance,source_disjoint_test,airfryer-017-scene-0019,airfryer-017,149.049,156.757,1,,,no,"No frame shows removal of oil or food residue, only drawer removal.",No residue-removal action; raised from AI grade 0 to 1.,R1,completed,2026-07-28T01:18:39+08:00
VQ-011,怎样清除空气炸锅中的油脂和食物残渣？,zh-CN,Air Fryer,maintenance,source_disjoint_test,airfryer-017-scene-0023,airfryer-017,172.005,185.385,2,180.0,185.385,no,第4-6帧（t=180.0s-185.4s）显示手取出托盘后向空气炸锅内部喷洒清洁剂，针对油脂和食物残渣清洁，但未展示擦拭、冲洗或最终清理结果。,AI时间172.005-185.385覆盖整个场景窗口，实际喷洒清洁剂动作集中在第4-6帧（t=180.0s-185.4s）。,R1,completed,2026-07-28T01:35:01+08:00
VQ-011,怎样清除空气炸锅中的油脂和食物残渣？,zh-CN,Air Fryer,maintenance,source_disjoint_test,airfryer-017-scene-0025,airfryer-017,210.477,230.697,1,,,no,全部6帧（t=210.5s–230.7s）显示双手拆卸一台烤箱类电器门体的过程（拧铰链螺丝、抬离门），ASR提及为后续清洁做准备，但画面中未实际演示清除油脂或食物残渣的动作。,AI=2→R1=1：画面仅展示拆卸门体的准备步骤，并未实际演示清除油脂或食物残渣的操作，属于部分相关但未回答核心问题。,R1,completed,2026-07-28T01:31:38+08:00
VQ-011,怎样清除空气炸锅中的油脂和食物残渣？,zh-CN,Air Fryer,maintenance,source_disjoint_test,airfryer-017-scene-0043,airfryer-017,483.483,496.963,0,,,no,The scene exclusively shows removal of protective film from the air fryer exterior (t=483.5-497.0s); there is no depiction or discussion of cleaning oil or food residue from inside the appliance.,,R1,completed,2026-07-28T01:18:39+08:00
VQ-011,怎样清除空气炸锅中的油脂和食物残渣？,zh-CN,Air Fryer,maintenance,source_disjoint_test,airfryer-017-scene-0109,airfryer-017,1489.054,1498.597,2,1489.1,1498.597,no,"Frames from t=1489.1s to t=1498.6s show the back panel being unscrewed and removed, which is a preparatory step for accessing internal components but does not show actual grease or food residue removal.",时间按实际证据片段重定位,R1,completed,2026-07-28T01:18:39+08:00
VQ-011,怎样清除空气炸锅中的油脂和食物残渣？,zh-CN,Air Fryer,maintenance,source_disjoint_test,airfryer-017-scene-0114,airfryer-017,1533.198,1537.136,0,,,no,"Frame at t=1537.1s shows the air fryer with a note attached on the kitchen counter, with no cleaning action or residue removal.",,R1,completed,2026-07-28T01:18:39+08:00
VQ-011,怎样清除空气炸锅中的油脂和食物残渣？,zh-CN,Air Fryer,maintenance,source_disjoint_test,airfryer-024-scene-0003,airfryer-024,7.574,11.478,0,,,no,"Frames at 7.6-11.5s show only frying chicken and a deep fryer setup; no cleaning, grease removal, or residue handling is depicted.",,R1,completed,2026-07-28T01:18:39+08:00
VQ-011,怎样清除空气炸锅中的油脂和食物残渣？,zh-CN,Air Fryer,maintenance,source_disjoint_test,airfryer-024-scene-0006,airfryer-024,19.953,22.689,0,,,no,"Frames t=20.0s-22.7s show only cooked fries being poured out, with no cleaning or residue removal shown.",,R1,completed,2026-07-28T01:18:39+08:00
VQ-011,怎样清除空气炸锅中的油脂和食物残渣？,zh-CN,Air Fryer,maintenance,source_disjoint_test,airfryer-024-scene-0008,airfryer-024,28.862,36.536,1,,,no,"All frames show a man removing cooked French fries from the air fryer and plating them; OCR overlays advertise 'NO MESS NO OIL' as a cooking benefit, but no visual or spoken content explains how to clean grease or food residue from the appliance.","第三轮仲裁修正：R1原记录 等级=0 时间=[None,None] 泄漏=no → 仲裁 等级=1 时间=[None,None] 泄漏=no。理由：采纳复核方：t=28.9s–36.5s全部6帧展示NuWave Brio空气炸锅取出薯条的正常使用过程，同产品核心出现但无清洁油脂/残渣内容，符合等级1。",R1,completed,2026-07-28T20:35:21+08:00
VQ-011,怎样清除空气炸锅中的油脂和食物残渣？,zh-CN,Air Fryer,maintenance,source_disjoint_test,airfryer-024-scene-0012,airfryer-024,56.69,63.73,1,,,no,"t=60.9s shows frozen chicken breasts in the air fryer basket with a calorie overlay, but no cleaning action.","AI graded 0, but the air fryer product is visible in the scene so it qualifies as same-product background.",R1,completed,2026-07-28T01:18:39+08:00
VQ-011,怎样清除空气炸锅中的油脂和食物残渣？,zh-CN,Air Fryer,maintenance,source_disjoint_test,airfryer-024-scene-0014,airfryer-024,66.9,70.137,1,,,no,"The scene shows cooked food being served from the air fryer (t=68.9-69.5s) with ASR about auto shut-off; no cleaning, oil removal, or residue-clearing action or instruction appears.","第三轮仲裁修正：R1原记录 等级=0 时间=[None,None] 泄漏=no → 仲裁 等级=1 时间=[None,None] 泄漏=no。理由：6帧（t=66.9s-70.2s）展示从空气炸锅中取出食物并配合Auto Shut-Off字幕，产品明确出现但未演示除油/除残渣操作；按规范1级。",R1,completed,2026-07-28T20:35:21+08:00
VQ-011,怎样清除空气炸锅中的油脂和食物残渣？,zh-CN,Air Fryer,maintenance,source_disjoint_test,airfryer-024-scene-0024,airfryer-024,106.773,109.109,1,,,no,"At t=108.7s, the scene shows cooked food in the basket with no wiping, rinsing, or residue removal.","Same air fryer product and basket are visible, but no cleaning action is shown.",R1,completed,2026-07-28T01:18:39+08:00
VQ-011,怎样清除空气炸锅中的油脂和食物残渣？,zh-CN,Air Fryer,maintenance,source_disjoint_test,airfryer-027-scene-0001,airfryer-027,0.0,7.508,0,,,no,场景为标题与烤箱鸡翅，无油脂/残渣清洁相关内容。,,R1,completed,2026-07-28T01:18:39+08:00
VQ-011,怎样清除空气炸锅中的油脂和食物残渣？,zh-CN,Air Fryer,maintenance,source_disjoint_test,airfryer-027-scene-0002,airfryer-027,7.508,283.4,0,,,no,画面为烹饪流程，无清除油脂、食物残渣等清洁画面，与问题无关。,,R1,completed,2026-07-27T22:01:40+08:00
VQ-011,怎样清除空气炸锅中的油脂和食物残渣？,zh-CN,Air Fryer,maintenance,source_disjoint_test,airfryer-029-scene-0008,airfryer-029,38.0,43.92,1,,,no,画面未展示清除油脂或食物残渣的动作。,,R1,completed,2026-07-27T22:14:31+08:00
VQ-011,怎样清除空气炸锅中的油脂和食物残渣？,zh-CN,Air Fryer,maintenance,source_disjoint_test,airfryer-029-scene-0029,airfryer-029,163.32,165.56,0,,,no,全部6帧（t≈163.3s–165.6s）显示红衣厨师在厨房台面前混合碗中的调料和配料，空气炸锅仅在台面右下角作为背景静物出现，画面内容为食材准备而非清洁维护。,,R1,completed,2026-07-28T01:35:01+08:00
VQ-011,怎样清除空气炸锅中的油脂和食物残渣？,zh-CN,Air Fryer,maintenance,source_disjoint_test,airfryer-029-scene-0052,airfryer-029,313.96,317.76,1,,,no,"At t=314.0s, the chef is loading food into the basket, not removing grease or food residue.","Same air fryer product is shown, but the action is loading food rather than cleaning residue.",R1,completed,2026-07-28T01:18:39+08:00
VQ-011,怎样清除空气炸锅中的油脂和食物残渣？,zh-CN,Air Fryer,maintenance,source_disjoint_test,airfryer-029-scene-0062,airfryer-029,377.0,381.28,0,,,no,全部6帧（t=377.0s–381.3s）显示手拿刷子将玻璃碗中的黄色食用油刷涂在放入炸篮的调味鸡块上，这是烹饪前的上油准备步骤，与清除油脂残渣完全相反。,,R1,completed,2026-07-28T01:35:01+08:00
VQ-011,怎样清除空气炸锅中的油脂和食物残渣？,zh-CN,Air Fryer,maintenance,source_disjoint_test,airfryer-029-scene-0072,airfryer-029,439.76,443.6,0,,,no,全部6帧（t=439.8s–443.6s）显示红衣厨师用夹子从空气炸锅中取出熟鸡肉块并摆盘，属于烹饪后取食操作，画面中无任何清洁或去除油渍残渣的动作。,,R1,completed,2026-07-28T01:35:01+08:00
VQ-011,怎样清除空气炸锅中的油脂和食物残渣？,zh-CN,Air Fryer,maintenance,source_disjoint_test,airfryer-029-scene-0073,airfryer-029,443.6,451.64,1,,,no,"The same air fryer product is shown (t=443.6s-451.6s) with food being removed post-cooking, but no action or instruction about clearing grease or food residue from the air fryer is visible or mentioned in the scene text.",,R1,completed,2026-07-28T01:18:39+08:00
VQ-011,怎样清除空气炸锅中的油脂和食物残渣？,zh-CN,Air Fryer,maintenance,source_disjoint_test,airfryer-030-scene-0001,airfryer-030,0.0,1092.15,1,,,no,No frame shows removal of grease or food residue; only general basket handling is visible.,No clear residue removal; lowered from AI grade 2 to 1.,R1,completed,2026-07-28T01:18:39+08:00
VQ-011,怎样清除空气炸锅中的油脂和食物残渣？,zh-CN,Air Fryer,maintenance,source_disjoint_test,airfryer-032-scene-0013,airfryer-032,47.6,49.6,1,,,yes,同一场景6帧仅展示炸篮内油脂和食物残渣，未呈现任何清除动作或工具。,第三轮双复核一致修正：R1=3→indep=1：画面仅展示脏污状态，未实际演示清除油脂残渣的操作。泄漏标记由no改为yes。,R1,completed,2026-07-28T20:35:21+08:00
VQ-011,怎样清除空气炸锅中的油脂和食物残渣？,zh-CN,Air Fryer,maintenance,source_disjoint_test,airfryer-032-scene-0014,airfryer-032,49.6,54.1,3,49.6,54.1,no,t=49.6s帧可见炸篮底部残留的油脂和食物碎屑，t=52.3s至t=54.1s帧展示手用纸巾将这些油脂残渣擦出并丢弃，ASR同样确认'wipe out any grease residue or leftover food with a paper towel'，直接完整回答了清除油脂残渣的操作方法。,,R1,completed,2026-07-28T01:18:39+08:00
VQ-011,怎样清除空气炸锅中的油脂和食物残渣？,zh-CN,Air Fryer,maintenance,source_disjoint_test,airfryer-032-scene-0015,airfryer-032,54.1,57.2,3,54.1,57.2,no,全部6帧（t=54.1s-57.2s）显示空气炸锅篮在水槽中被肥皂水/泡沫水浸泡冲洗，直接演示用热水肥皂水清除油脂和食物残渣的方法。,,R1,completed,2026-07-28T01:35:01+08:00
VQ-011,怎样清除空气炸锅中的油脂和食物残渣？,zh-CN,Air Fryer,maintenance,source_disjoint_test,airfryer-032-scene-0017,airfryer-032,62.567,65.333,1,,,no,"The pulled-out basket visibly contains scattered food crumbs/residue (clear at t=64.2s, t=64.8s), establishing that residue exists; however, zero cleaning action (wiping, washing, scraping) or cleaning method is demonstrated or described in ASR ('pro tip before you turn the preheat').",Downgrade from 2 to 1: scene shows the basket with food residue (adjacent to cleaning topic) but demonstrates no actual cleaning method or action — only identifies the presence of residue.,R1,completed,2026-07-28T01:18:39+08:00
VQ-011,怎样清除空气炸锅中的油脂和食物残渣？,zh-CN,Air Fryer,maintenance,source_disjoint_test,airfryer-032-scene-0096,airfryer-032,454.9,457.1,2,454.9,457.1,no,第1–6帧（t=454.9s–457.1s）展示手持带有深色油污残留的白布擦拭空气炸锅内部，呈现清洁过程及残留物，但未完整演示清洁剂使用或分步清除方法。,,R1,completed,2026-07-28T01:35:01+08:00
VQ-011,怎样清除空气炸锅中的油脂和食物残渣？,zh-CN,Air Fryer,maintenance,source_disjoint_test,airfryer-032-scene-0109,airfryer-032,510.067,513.267,1,,,no,第1–6帧（t=510.1s–513.3s）均显示用白布擦拭黑色空气炸锅外壳/侧面，未展示清除内部油脂和食物残渣的动作或方法。,,R1,completed,2026-07-28T01:35:01+08:00
VQ-011,怎样清除空气炸锅中的油脂和食物残渣？,zh-CN,Air Fryer,maintenance,source_disjoint_test,airfryer-032-scene-0111,airfryer-032,516.633,520.167,2,517.3,519.5,no,第3–5帧（t=517.3s–519.5s）特写显示手持棉签深入COSORI空气炸锅机身缝隙中擦拭，棉签上沾有棕褐色食物残渣，直接演示了用棉签清理缝隙残留的方法；但未展示整体去油或清洗炸篮等其他清洁步骤。,时间按实际证据片段重定位,R1,completed,2026-07-28T01:35:01+08:00
VQ-011,怎样清除空气炸锅中的油脂和食物残渣？,zh-CN,Air Fryer,maintenance,source_disjoint_test,airfryer-033-scene-0016,airfryer-033,121.321,134.134,0,,,no,全部6帧（t=121.3s–134.2s）显示杂物堆放区域，部分帧可见Philips Walita空气炸锅的产品外包装盒（印有炸鸡/薯条图片），但无真实设备使用、无任何清洁动作或操作演示。,,R1,completed,2026-07-28T01:35:01+08:00
VQ-011,怎样清除空气炸锅中的油脂和食物残渣？,zh-CN,Air Fryer,maintenance,source_disjoint_test,airfryer-033-scene-0039,airfryer-033,276.043,281.014,2,276.043,281.0,no,第1、6帧 t=276.0s、281.0s 清晰展示炸篮底部及内腔残留的油渍和食物碎屑，ASR提到要取出并清洗。,与AI等级一致，但将时间细化到残渣可见帧范围。,R1,completed,2026-07-28T01:18:39+08:00
VQ-011,怎样清除空气炸锅中的油脂和食物残渣？,zh-CN,Air Fryer,maintenance,source_disjoint_test,airfryer-033-scene-0040,airfryer-033,281.014,283.116,2,281.4,283.1,no,From 281.4s to 283.1s a scraper is used to dislodge grease and food particles from the basket mesh and bottom.,时间按实际证据片段重定位,R1,completed,2026-07-28T01:18:39+08:00
VQ-011,怎样清除空气炸锅中的油脂和食物残渣？,zh-CN,Air Fryer,maintenance,source_disjoint_test,pressure-006-scene-0001,pressure-006,0.0,2.208,0,,,no,"Frames t=0.0s-2.2s only show the air fryer being displayed, with no cleaning action or residue visible.",,R1,completed,2026-07-28T01:18:39+08:00
VQ-011,怎样清除空气炸锅中的油脂和食物残渣？,zh-CN,Air Fryer,maintenance,source_disjoint_test,pressure-006-scene-0004,pressure-006,7.5,15.083,0,,,no,全部6帧显示将整鸡和土豆放入锅内及盖上盖子的烹饪过程，无任何清洁、油脂或食物残渣清除动作。,,R1,completed,2026-07-28T01:35:01+08:00
VQ-011,怎样清除空气炸锅中的油脂和食物残渣？,zh-CN,Air Fryer,maintenance,source_disjoint_test,pressure-006-scene-0005,pressure-006,15.083,17.625,0,,,no,画面为空气炸锅面板/运行特写，无清洁、除油相关内容，与问题无关。,,R1,completed,2026-07-27T22:01:34+08:00
VQ-011,怎样清除空气炸锅中的油脂和食物残渣？,zh-CN,Air Fryer,maintenance,source_disjoint_test,pressure-006-scene-0007,pressure-006,19.875,22.417,1,,,no,Frames at 20.9s-21.9s show cooked chicken and potatoes but no oil/grease removal or residue cleaning is shown or spoken.,"AI marked 0, but the same air fryer is on screen; the query just has no supporting answer here, so grade 1 fits.",R1,completed,2026-07-28T01:18:39+08:00
VQ-011,怎样清除空气炸锅中的油脂和食物残渣？,zh-CN,Air Fryer,maintenance,source_disjoint_test,pressure-006-scene-0013,pressure-006,40.0,46.042,1,,,no,The scene shows the air fryer basket filled with food at 43.6-44.9s with no cleaning action or residue removal.,AI graded 0 but the scene is same-product; corrected to 1. | 第三轮仲裁复核：维持R1原判（等级/时间/泄漏均确认无误）。,R1,completed,2026-07-28T20:35:21+08:00
VQ-011,怎样清除空气炸锅中的油脂和食物残渣？,zh-CN,Air Fryer,maintenance,source_disjoint_test,pressure-006-scene-0017,pressure-006,53.625,55.833,2,53.625,55.8,no,全部6帧（t=53.6s–55.8s）展示用水冲洗空气炸锅篮子，可去除部分食物残渣，但未使用清洁剂或刷洗动作，对油脂清除的演示不完整。,时间按实际证据片段重定位,R1,completed,2026-07-28T01:31:38+08:00
VQ-012,How should the air-fryer chamber or heating area be cleaned?,en,Air Fryer,maintenance,source_disjoint_test,airfryer-002-scene-0008,airfryer-002,191.625,241.808,0,,,no,画面为准备食材，未涉及内腔或加热区清洁。,,R1,completed,2026-07-27T22:17:08+08:00
VQ-012,How should the air-fryer chamber or heating area be cleaned?,en,Air Fryer,maintenance,source_disjoint_test,airfryer-002-scene-0009,airfryer-002,241.808,257.424,0,,,no,画面未显示空气炸锅内腔或加热区域，无清洁演示或讲解。,,R1,completed,2026-07-28T01:18:39+08:00
VQ-012,How should the air-fryer chamber or heating area be cleaned?,en,Air Fryer,maintenance,source_disjoint_test,airfryer-002-scene-0010,airfryer-002,257.424,283.851,0,,,no,画面未涉及内腔或加热区清洁。,,R1,completed,2026-07-27T22:20:03+08:00
VQ-012,How should the air-fryer chamber or heating area be cleaned?,en,Air Fryer,maintenance,source_disjoint_test,airfryer-002-scene-0011,airfryer-002,283.851,328.095,0,,,no,"Frame at t=328.1s shows the basket with pastries, not the chamber or heating area being cleaned.",,R1,completed,2026-07-28T01:18:39+08:00
VQ-012,How should the air-fryer chamber or heating area be cleaned?,en,Air Fryer,maintenance,source_disjoint_test,airfryer-002-scene-0012,airfryer-002,328.095,337.137,1,,,no,t=335.3s shows the air fryer on the counter while the presenter arranges pastries; no chamber-cleaning demonstration is shown.,"AI graded 0, but the air fryer product is visible in the background.",R1,completed,2026-07-28T01:18:39+08:00
VQ-012,How should the air-fryer chamber or heating area be cleaned?,en,Air Fryer,maintenance,source_disjoint_test,airfryer-002-scene-0013,airfryer-002,337.137,345.145,0,,,no,t=341.9s shows only hands cutting pastries; no air fryer or cleaning activity is visible.,,R1,completed,2026-07-28T01:18:39+08:00
VQ-012,How should the air-fryer chamber or heating area be cleaned?,en,Air Fryer,maintenance,source_disjoint_test,airfryer-002-scene-0014,airfryer-002,345.145,357.84,0,,,no,"Frames show presenter displaying finished pastries with air fryer and ingredient packages in background (t=345.1s-357.8s); ASR confirms this is a closing/bye-bye scene with subscription prompt; no cleaning action, chamber access, or heating area cleaning instruction occurs.",,R1,completed,2026-07-28T01:18:39+08:00
VQ-012,How should the air-fryer chamber or heating area be cleaned?,en,Air Fryer,maintenance,source_disjoint_test,airfryer-005-scene-0007,airfryer-005,93.036,99.208,1,,,no,同一场景（t≈93.0s–99.2s）：男子打开盖并取出炸篮，但未对加热腔体或内部区域进行任何清洁操作，仅展示了接触设备的前置步骤。,,R1,completed,2026-07-28T01:35:01+08:00
VQ-012,How should the air-fryer chamber or heating area be cleaned?,en,Air Fryer,maintenance,source_disjoint_test,airfryer-005-scene-0008,airfryer-005,99.208,102.085,1,,,no,The open chamber is visible but no cleaning procedure is shown or described.,,R1,completed,2026-07-28T01:18:39+08:00
VQ-012,How should the air-fryer chamber or heating area be cleaned?,en,Air Fryer,maintenance,source_disjoint_test,airfryer-005-scene-0015,airfryer-005,162.344,172.394,1,,,no,"All frames show only the exterior of the air fryer and the basket being filled with food ingredients; the chamber/heating area is never opened or shown, and no cleaning is depicted.","第三轮仲裁修正：R1原记录 等级=0 时间=[None,None] 泄漏=no → 仲裁 等级=1 时间=[None,None] 泄漏=no。理由：采纳复核方：空气炸锅外部及炸篮在全部6帧中可见，同产品出现但未展示内腔/加热区亦无清洁操作，符合等级1。",R1,completed,2026-07-28T20:35:21+08:00
VQ-012,How should the air-fryer chamber or heating area be cleaned?,en,Air Fryer,maintenance,source_disjoint_test,airfryer-005-scene-0023,airfryer-005,227.314,232.694,1,,,no,画面未展示内腔或加热区清洁。,,R1,completed,2026-07-27T22:23:08+08:00
VQ-012,How should the air-fryer chamber or heating area be cleaned?,en,Air Fryer,maintenance,source_disjoint_test,airfryer-005-scene-0029,airfryer-005,272.56,276.897,1,,,no,"The air fryer is visible at 272.6-276.9s, but only the open basket with food is shown; the chamber interior and heating element are not in frame, so no chamber/heating-area cleaning is observable.","AI marked 0 but the air fryer product is visible, so grade 1 (same product, cannot answer) is more appropriate.",R1,completed,2026-07-28T01:18:39+08:00
VQ-012,How should the air-fryer chamber or heating area be cleaned?,en,Air Fryer,maintenance,source_disjoint_test,airfryer-005-scene-0039,airfryer-005,338.741,352.002,0,,,no,Only plated food is shown; no air fryer chamber or cleaning action appears.,,R1,completed,2026-07-28T01:18:39+08:00
VQ-012,How should the air-fryer chamber or heating area be cleaned?,en,Air Fryer,maintenance,source_disjoint_test,airfryer-006-scene-0005,airfryer-006,16.817,19.92,0,,,no,画面未涉及内腔或加热区清洁。,,R1,completed,2026-07-27T22:20:03+08:00
VQ-012,How should the air-fryer chamber or heating area be cleaned?,en,Air Fryer,maintenance,source_disjoint_test,airfryer-006-scene-0006,airfryer-006,19.92,24.358,0,,,no,画面只展示炸篮内食物，未展示内腔/加热区清洁过程。,,R1,completed,2026-07-28T01:18:39+08:00
VQ-012,How should the air-fryer chamber or heating area be cleaned?,en,Air Fryer,maintenance,source_disjoint_test,airfryer-011-scene-0001,airfryer-011,0.0,107.95,0,,,no,画面为烹饪流程，无内腔/加热区清洁内容，与问题无关。,,R1,completed,2026-07-27T22:01:34+08:00
VQ-012,How should the air-fryer chamber or heating area be cleaned?,en,Air Fryer,maintenance,source_disjoint_test,airfryer-017-scene-0020,airfryer-017,156.757,159.259,1,,,no,"A hand touches the interior rack at t=156.8-158.8s but no cloth, brush, sponge, or cleaning motion is shown or mentioned.",,R1,completed,2026-07-28T01:18:39+08:00
VQ-012,How should the air-fryer chamber or heating area be cleaned?,en,Air Fryer,maintenance,source_disjoint_test,airfryer-017-scene-0023,airfryer-017,172.005,185.385,3,180.0,185.385,no,第4-6帧（t=180.0s-185.4s）清晰展示手取出烹饪托盘后直接向空气炸锅内部腔体喷洒清洁剂，直接演示腔体/加热区清洁步骤。,AI=2→R1=3：画面实际展示向腔体喷洒清洁剂，直接回答腔体清洁问题；AI时间覆盖整个场景窗口，实际清洁动作集中在第4-6帧（t=180.0s-185.4s）。,R1,completed,2026-07-28T01:35:01+08:00
VQ-012,How should the air-fryer chamber or heating area be cleaned?,en,Air Fryer,maintenance,source_disjoint_test,airfryer-017-scene-0044,airfryer-017,496.963,501.067,2,497.0,501.067,no,第1-6帧（t=497.0s-501.1s）显示用工具撬动空气炸锅顶盖以进入内部，是腔体/加热区清洁前的拆卸步骤，但未展示实际清洁方法。,AI时间496.963-501.067覆盖整个场景窗口，实际顶盖拆卸动作贯穿第1-6帧（t=497.0s-501.1s）。,R1,completed,2026-07-28T01:35:01+08:00
VQ-012,How should the air-fryer chamber or heating area be cleaned?,en,Air Fryer,maintenance,source_disjoint_test,airfryer-017-scene-0065,airfryer-017,750.383,782.248,1,,,no,"The scene shows access to the air fryer's internal cooking chamber and heating area during disassembly, which is adjacent to the topic of cleaning, but neither the visuals nor ASR describe any cleaning method or procedure.",,R1,completed,2026-07-28T01:18:39+08:00
VQ-012,How should the air-fryer chamber or heating area be cleaned?,en,Air Fryer,maintenance,source_disjoint_test,airfryer-017-scene-0069,airfryer-017,915.848,921.12,2,915.848,921.12,no,第1–6帧（t=915.8s–921.2s）展示脏污的螺旋加热元件及周围金属结构，画面配合ASR提到正在松开加热元件以便移除，属于清洁前的拆卸准备步骤，但未演示实际清洁动作。,时间按实际证据片段重定位,R1,completed,2026-07-28T01:31:38+08:00
VQ-012,How should the air-fryer chamber or heating area be cleaned?,en,Air Fryer,maintenance,source_disjoint_test,airfryer-017-scene-0071,airfryer-017,933.866,986.486,1,,,no,6帧显示空气炸锅内部加热线圈与金属网，呈现了加热区域，但未演示任何清洁动作。,AI=0→R1=1，画面呈现了空气炸锅加热区域，但未演示清洁方法。,R1,completed,2026-07-28T01:31:38+08:00
VQ-012,How should the air-fryer chamber or heating area be cleaned?,en,Air Fryer,maintenance,source_disjoint_test,airfryer-017-scene-0091,airfryer-017,1288.487,1292.224,0,,,no,第1–6帧（t=1288.5s–1292.2s）均为电子元件/线路板的组装或维修画面，未出现空气炸锅及其加热区清洁。,,R1,completed,2026-07-28T01:35:01+08:00
VQ-012,How should the air-fryer chamber or heating area be cleaned?,en,Air Fryer,maintenance,source_disjoint_test,airfryer-024-scene-0011,airfryer-024,43.777,56.69,1,,,no,"The frames are product-demo animations of cooking airflow, with no chamber or heating-area cleaning shown.","第三轮仲裁修正：R1原记录 等级=0 时间=[None,None] 泄漏=no → 仲裁 等级=1 时间=[None,None] 泄漏=no。理由：采纳复核方：t=43.8s–56.7s全部6帧展示NuWave空气炸锅本体及剖面气流动画，同产品以多种形式出现但无腔体/加热区清洁内容，符合等级1。",R1,completed,2026-07-28T20:35:21+08:00
VQ-012,How should the air-fryer chamber or heating area be cleaned?,en,Air Fryer,maintenance,source_disjoint_test,airfryer-024-scene-0012,airfryer-024,56.69,63.73,1,,,no,t=60.9s shows the air fryer basket with food; no chamber or heating-area cleaning is demonstrated.,"AI graded 0, but the air fryer product is visible and in use.",R1,completed,2026-07-28T01:18:39+08:00
VQ-012,How should the air-fryer chamber or heating area be cleaned?,en,Air Fryer,maintenance,source_disjoint_test,airfryer-024-scene-0013,airfryer-024,63.73,66.9,1,,,no,第1–6帧（t=63.7s–66.9s）展示女士烹饪薯条并倒出装盘，未出现加热区或腔体清洁。,"第三轮仲裁修正：R1原记录 等级=0 时间=[None,None] 泄漏=no → 仲裁 等级=1 时间=[None,None] 泄漏=no。理由：空气炸锅产品（黑色炸锅、蓝色盘子）在所有6帧中清晰出现并正在用于烹饪/装薯条；按规范同产品但内容不回答清洁查询，应为1级而非0级。",R1,completed,2026-07-28T20:35:21+08:00
VQ-012,How should the air-fryer chamber or heating area be cleaned?,en,Air Fryer,maintenance,source_disjoint_test,airfryer-024-scene-0023,airfryer-024,104.371,106.773,1,,,no,画面展示洗碗机中的炸篮与金属配件，未出现空气炸锅加热腔体或其清洁方法。,,R1,completed,2026-07-28T01:31:38+08:00
VQ-012,How should the air-fryer chamber or heating area be cleaned?,en,Air Fryer,maintenance,source_disjoint_test,airfryer-024-scene-0024,airfryer-024,106.773,109.109,1,,,no,"At t=109.1s, the basket is being closed after checking food; no cleaning of the chamber or heating area is shown.","Same product visible, but no chamber/heating-area cleaning is shown.",R1,completed,2026-07-28T01:18:39+08:00
VQ-012,How should the air-fryer chamber or heating area be cleaned?,en,Air Fryer,maintenance,source_disjoint_test,airfryer-026-scene-0001,airfryer-026,0.0,213.46,1,,,no,画面未展示内腔/加热区清洁过程。,,R1,completed,2026-07-28T01:18:39+08:00
VQ-012,How should the air-fryer chamber or heating area be cleaned?,en,Air Fryer,maintenance,source_disjoint_test,airfryer-027-scene-0001,airfryer-027,0.0,7.508,0,,,no,画面中空气炸锅腔体或加热区均不可见，无任何清洁演示。,,R1,completed,2026-07-28T01:18:39+08:00
VQ-012,How should the air-fryer chamber or heating area be cleaned?,en,Air Fryer,maintenance,source_disjoint_test,airfryer-027-scene-0002,airfryer-027,7.508,283.4,0,,,no,画面为烹饪流程，无内腔/加热区清洁内容，与问题无关。,,R1,completed,2026-07-27T22:01:40+08:00
VQ-012,How should the air-fryer chamber or heating area be cleaned?,en,Air Fryer,maintenance,source_disjoint_test,airfryer-029-scene-0008,airfryer-029,38.0,43.92,1,,,no,画面未展示内腔或加热区的清洁动作。,,R1,completed,2026-07-27T22:14:31+08:00
VQ-012,How should the air-fryer chamber or heating area be cleaned?,en,Air Fryer,maintenance,source_disjoint_test,airfryer-029-scene-0009,airfryer-029,43.92,47.24,1,,,no,"Frame at t=45.2s shows the empty open basket and cavity, but no cleaning action or instruction is demonstrated.",,R1,completed,2026-07-28T01:18:39+08:00
VQ-012,How should the air-fryer chamber or heating area be cleaned?,en,Air Fryer,maintenance,source_disjoint_test,airfryer-029-scene-0017,airfryer-029,89.76,103.4,0,,,no,6帧均为厨师在厨房台前讲解/手势，空气炸锅仅作为背景道具放置，无任何清洁腔体或加热区域的动作。,,R1,completed,2026-07-28T01:35:01+08:00
VQ-012,How should the air-fryer chamber or heating area be cleaned?,en,Air Fryer,maintenance,source_disjoint_test,airfryer-029-scene-0032,airfryer-029,171.2,178.8,0,,,no,6帧显示厨师在台前搅拌碗中的腌料/食材，空气炸锅置于一旁，未出现任何清洁动作或腔体画面。,,R1,completed,2026-07-28T01:35:01+08:00
VQ-012,How should the air-fryer chamber or heating area be cleaned?,en,Air Fryer,maintenance,source_disjoint_test,airfryer-029-scene-0054,airfryer-029,321.12,324.32,1,,,no,全部6帧（t=321.1s–324.3s）中空气炸锅以背景方式出现在画面右侧，但无人对空气炸锅内腔或加热区域做任何清洁操作，清洗动作均针对绿色餐盘。,,R1,completed,2026-07-28T01:31:38+08:00
VQ-012,How should the air-fryer chamber or heating area be cleaned?,en,Air Fryer,maintenance,source_disjoint_test,airfryer-029-scene-0073,airfryer-029,443.6,451.64,0,,,no,Frames (t=443.6s-451.6s) show a chef removing cooked chicken from the air fryer; no cleaning of the chamber/heating area is demonstrated or discussed in ASR text.,,R1,completed,2026-07-28T01:18:39+08:00
VQ-012,How should the air-fryer chamber or heating area be cleaned?,en,Air Fryer,maintenance,source_disjoint_test,airfryer-030-scene-0001,airfryer-030,0.0,1092.15,1,,,no,The frames do not show the chamber or heating area being cleaned.,No chamber-cleaning visuals; lowered from AI grade 2 to 1.,R1,completed,2026-07-28T01:18:39+08:00
VQ-012,How should the air-fryer chamber or heating area be cleaned?,en,Air Fryer,maintenance,source_disjoint_test,airfryer-032-scene-0014,airfryer-032,49.6,54.1,2,49.6,54.1,no,t=49.6s至t=54.1s帧展示的是清洁可拆卸炸篮（用纸巾擦除内部残渣），而查询问的是加热腔室/加热区域的清洁方法；两者是不同部件，清洁方法也不完全相同，属于同一大类（清洁）下的相邻内容。,,R1,completed,2026-07-28T01:18:39+08:00
VQ-012,How should the air-fryer chamber or heating area be cleaned?,en,Air Fryer,maintenance,source_disjoint_test,airfryer-032-scene-0063,airfryer-032,289.567,292.933,2,289.6,292.9,no,6帧（t=289.6s–293.0s）显示两台空气炸锅提篮打开、加热圈暴露，ASR提及'for easy access to the heating element'与'This is the grossest part of your air fryer'，指向需清洁的加热区并提示提篮打开作为清洁准备步骤；但全程未演示任何擦拭/刷洗等清洁动作。,时间按实际证据片段重定位,R1,completed,2026-07-28T01:31:38+08:00
VQ-012,How should the air-fryer chamber or heating area be cleaned?,en,Air Fryer,maintenance,source_disjoint_test,airfryer-032-scene-0065,airfryer-032,296.9,303.467,2,296.9,303.467,no,"Across 296.9-303.5s the heating coil/chamber is shown while a hand wipes it with a white cloth and the ASR specifies 'hot water and a microfiber cloth,' directly demonstrating chamber cleaning with cloth though not the full procedure.",时间按实际证据片段重定位,R1,completed,2026-07-28T01:18:39+08:00
VQ-012,How should the air-fryer chamber or heating area be cleaned?,en,Air Fryer,maintenance,source_disjoint_test,airfryer-032-scene-0085,airfryer-032,411.367,414.6,3,411.4,414.6,no,"From t=411.4s to 414.6s a hand is shown wiping the air fryer's heating element and interior base with a white cloth, while the ASR says 'I grabbed a wet paper towel'.",时间按实际证据片段重定位,R1,completed,2026-07-28T01:18:39+08:00
VQ-012,How should the air-fryer chamber or heating area be cleaned?,en,Air Fryer,maintenance,source_disjoint_test,airfryer-032-scene-0099,airfryer-032,477.233,483.633,3,477.233,483.6,no,6帧均聚焦空气炸锅内部的螺旋加热元件，清晰显示手持蓝色刷子刷洗加热线圈上的污垢（t=477.2s-483.6s），直接演示加热区清洁。,AI时间477.233-483.633→R1时间按联系表帧标签取477.2-483.6s。,R1,completed,2026-07-28T01:35:01+08:00
VQ-012,How should the air-fryer chamber or heating area be cleaned?,en,Air Fryer,maintenance,source_disjoint_test,airfryer-032-scene-0103,airfryer-032,493.0,495.5,3,493.0,495.5,no,第1–6帧（t=493.0s–495.5s）清晰展示用白布擦拭空气炸锅内部的螺旋加热管/加热区域，直接回答加热区清洁方式。,,R1,completed,2026-07-28T01:35:01+08:00
VQ-012,How should the air-fryer chamber or heating area be cleaned?,en,Air Fryer,maintenance,source_disjoint_test,airfryer-032-scene-0108,airfryer-032,506.767,510.067,3,506.8,510.067,no,6帧均显示用布/海绵擦拭空气炸锅内部腔体与加热区域（t=506.8s-510.1s），包括顶部通风口与底部加热元件周围，直接演示了腔体清洁方法。,AI时间506.767-510.067→R1时间按联系表帧标签取506.8-510.1s。,R1,completed,2026-07-28T01:35:01+08:00
VQ-012,How should the air-fryer chamber or heating area be cleaned?,en,Air Fryer,maintenance,source_disjoint_test,airfryer-033-scene-0013,airfryer-033,96.463,102.469,0,,,no,6帧均为杂乱书桌、天花板灯、电脑屏幕与包装盒等室内环境画面，未出现空气炸锅腔体，也无任何清洁动作。,,R1,completed,2026-07-28T01:35:01+08:00
VQ-012,How should the air-fryer chamber or heating area be cleaned?,en,Air Fryer,maintenance,source_disjoint_test,airfryer-033-scene-0025,airfryer-033,198.265,202.169,1,,,no,"the chamber is open and ASR mentions cleaning intent, but no actual cleaning method or action is demonstrated.",,R1,completed,2026-07-28T01:18:39+08:00
VQ-012,How should the air-fryer chamber or heating area be cleaned?,en,Air Fryer,maintenance,source_disjoint_test,airfryer-033-scene-0036,airfryer-033,259.96,266.9,1,,,no,"The air fryer is fully disassembled with chamber and heating element exposed (t=260.0s-266.9s), placing it in a maintenance-relevant context, but no cleaning tools, wiping actions, cleaning agents, or step-by-step cleaning instructions are shown or mentioned in the Portuguese ASR text about drawer parts.",,R1,completed,2026-07-28T01:18:39+08:00
VQ-012,How should the air-fryer chamber or heating area be cleaned?,en,Air Fryer,maintenance,source_disjoint_test,airfryer-033-scene-0040,airfryer-033,281.014,283.116,2,281.4,283.1,no,"Frames 281.4-283.1s show the basket interior and removable bottom being scraped clean, not the main heating chamber.",时间按实际证据片段重定位,R1,completed,2026-07-28T01:18:39+08:00
VQ-012,How should the air-fryer chamber or heating area be cleaned?,en,Air Fryer,maintenance,source_disjoint_test,airfryer-033-scene-0082,airfryer-033,589.022,594.595,3,589.022,594.595,no,6帧均呈现拆解后空气炸锅内部金属腔体/底座的清洁过程，手用布反复擦拭腔体内壁（t=589.0s-594.6s），直接回答了如何清洁腔体。,AI=2→R1=3：画面完整展示了用布擦拭拆解后的空气炸锅内部腔体，足以直接回答清洁方式；AI时间589.022-594.595→R1时间按联系表帧标签取589.0-594.6s。,R1,completed,2026-07-28T01:35:01+08:00
VQ-012,How should the air-fryer chamber or heating area be cleaned?,en,Air Fryer,maintenance,source_disjoint_test,pressure-006-scene-0003,pressure-006,4.833,7.5,0,,,no,"Frames t=4.8s-7.5s show raw chicken being loaded into the basket, with no cleaning of the chamber or heating area.",,R1,completed,2026-07-28T01:18:39+08:00
VQ-012,How should the air-fryer chamber or heating area be cleaned?,en,Air Fryer,maintenance,source_disjoint_test,pressure-006-scene-0007,pressure-006,19.875,22.417,1,,,no,"Frames at 20.9s-21.9s expose the inner cavity and basket, but no cleaning of the chamber or heating area is depicted.","AI marked 0; same air fryer product is visible, so grade 1 is more accurate than unrelated.",R1,completed,2026-07-28T01:18:39+08:00
VQ-012,How should the air-fryer chamber or heating area be cleaned?,en,Air Fryer,maintenance,source_disjoint_test,pressure-006-scene-0008,pressure-006,22.417,26.042,0,,,no,"The frames only show loading wings into the basket, with no view of the chamber or heating area being cleaned.",,R1,completed,2026-07-28T01:18:39+08:00
VQ-012,How should the air-fryer chamber or heating area be cleaned?,en,Air Fryer,maintenance,source_disjoint_test,pressure-006-scene-0010,pressure-006,29.458,34.083,0,,,no,画面未涉及清洁动作或说明。,,R1,completed,2026-07-27T22:17:08+08:00
VQ-012,How should the air-fryer chamber or heating area be cleaned?,en,Air Fryer,maintenance,source_disjoint_test,pressure-006-scene-0017,pressure-006,53.625,55.833,1,,,no,全部6帧（t=53.6s–55.8s）展示的是冲洗可拆卸炸篮的操作，并非清洗空气炸锅内腔本体或加热区域；炸篮是独立可拆组件，与内腔/加热部位不是同一部位。,AI=2→R1=1：画面实际清洗的对象是可拆卸炸篮，而非查询所问的内腔或加热区域，二者是不同部件，仅属同产品相关组件清洗。,R1,completed,2026-07-28T01:31:38+08:00
VQ-013,炸篮没有装到位导致空气炸锅不启动时怎么办？,zh-CN,Air Fryer,troubleshooting,source_disjoint_test,airfryer-002-scene-0001,airfryer-002,0.0,11.044,0,,,no,画面无炸篮、主机或故障排查相关视觉/语音信息。,,R1,completed,2026-07-27T22:10:25+08:00
VQ-013,炸篮没有装到位导致空气炸锅不启动时怎么办？,zh-CN,Air Fryer,troubleshooting,source_disjoint_test,airfryer-002-scene-0009,airfryer-002,241.808,257.424,0,,,no,画面只是装饼，无任何炸篮未到位或设备不启动故障演示。,,R1,completed,2026-07-28T01:18:39+08:00
VQ-013,炸篮没有装到位导致空气炸锅不启动时怎么办？,zh-CN,Air Fryer,troubleshooting,source_disjoint_test,airfryer-002-scene-0010,airfryer-002,257.424,283.851,0,,,no,画面未展示炸篮未装到位或无法启动的故障排查。,,R1,completed,2026-07-27T22:20:03+08:00
VQ-013,炸篮没有装到位导致空气炸锅不启动时怎么办？,zh-CN,Air Fryer,troubleshooting,source_disjoint_test,airfryer-002-scene-0011,airfryer-002,283.851,328.095,0,,,no,"Frame at t=292.7s shows pastries being lifted from the basket normally, indicating the basket is functioning properly, with no misalignment issue shown.",,R1,completed,2026-07-28T01:18:39+08:00
VQ-013,炸篮没有装到位导致空气炸锅不启动时怎么办？,zh-CN,Air Fryer,troubleshooting,source_disjoint_test,airfryer-005-scene-0008,airfryer-005,99.208,102.085,1,,,no,The basket is handled but no troubleshooting for an improperly seated basket is shown.,,R1,completed,2026-07-28T01:18:39+08:00
VQ-013,炸篮没有装到位导致空气炸锅不启动时怎么办？,zh-CN,Air Fryer,troubleshooting,source_disjoint_test,airfryer-005-scene-0010,airfryer-005,108.674,119.766,1,,,no,"At t=115.4s, the video shows bread being arranged in the basket, not any misalignment or startup failure.","Same product is shown, but no basket-installation troubleshooting content.",R1,completed,2026-07-28T01:18:39+08:00
VQ-013,炸篮没有装到位导致空气炸锅不启动时怎么办？,zh-CN,Air Fryer,troubleshooting,source_disjoint_test,airfryer-005-scene-0013,airfryer-005,150.167,155.796,1,,,no,6帧（t=150.2s–155.8s）均显示一位男士在厨房中讲解，空气炸锅炸篮处于打开状态，但没有任何一帧展示重新装回炸篮或排查不启动问题的动作。,"第三轮仲裁修正：R1原记录 等级=0 时间=[None,None] 泄漏=no → 仲裁 等级=1 时间=[None,None] 泄漏=no。理由：采纳复核方：t=150.2s–155.8s全部6帧中黑色空气炸锅及打开的炸篮均清晰可见且为主持人讲解的核心道具，同产品出现但无故障排查动作，符合等级1。",R1,completed,2026-07-28T20:35:21+08:00
VQ-013,炸篮没有装到位导致空气炸锅不启动时怎么办？,zh-CN,Air Fryer,troubleshooting,source_disjoint_test,airfryer-005-scene-0020,airfryer-005,199.291,202.502,1,,,no,the basket is detached but the scene provides no demonstration or explanation of reseating it to fix a startup failure.,,R1,completed,2026-07-28T01:18:39+08:00
VQ-013,炸篮没有装到位导致空气炸锅不启动时怎么办？,zh-CN,Air Fryer,troubleshooting,source_disjoint_test,airfryer-005-scene-0021,airfryer-005,202.502,207.465,1,,,no,画面仅展示正常放入炸篮，未涉及炸篮未装到位、设备不启动等故障排查内容。,,R1,completed,2026-07-27T22:01:34+08:00
VQ-013,炸篮没有装到位导致空气炸锅不启动时怎么办？,zh-CN,Air Fryer,troubleshooting,source_disjoint_test,airfryer-005-scene-0023,airfryer-005,227.314,232.694,1,,,no,画面展示设备正常烹饪完成，未涉及炸篮未装到位的故障排查。,"第三轮仲裁修正：R1原记录 等级=0 时间=[None,None] 泄漏=no → 仲裁 等级=1 时间=[None,None] 泄漏=no。理由：采纳复核方：空气炸锅正常使用（取出熟食）在全部6帧中清晰呈现，同产品出现但未涉及炸篮未装到位的故障排查，符合等级1。",R1,completed,2026-07-28T20:35:21+08:00
VQ-013,炸篮没有装到位导致空气炸锅不启动时怎么办？,zh-CN,Air Fryer,troubleshooting,source_disjoint_test,airfryer-005-scene-0024,airfryer-005,232.694,239.199,2,232.7,239.199,no,"Frames at 232.7s-239.2s show the basket partially out of the unit, matching a not-fully-seated scenario, but no troubleshooting steps are demonstrated.",时间按实际证据片段重定位,R1,completed,2026-07-28T01:18:39+08:00
VQ-013,炸篮没有装到位导致空气炸锅不启动时怎么办？,zh-CN,Air Fryer,troubleshooting,source_disjoint_test,airfryer-005-scene-0027,airfryer-005,266.222,270.142,1,,,no,画面未展示炸篮未装到位或无法启动的故障排查。,,R1,completed,2026-07-27T22:14:31+08:00
VQ-013,炸篮没有装到位导致空气炸锅不启动时怎么办？,zh-CN,Air Fryer,troubleshooting,source_disjoint_test,airfryer-005-scene-0030,airfryer-005,276.897,280.4,0,,,no,At t=276.9-280.4s the man only talks/gestures near the air fryer while the basket sits on the counter; no troubleshooting of a mis-seated basket or non-starting condition is shown or spoken.,,R1,completed,2026-07-28T01:18:39+08:00
VQ-013,炸篮没有装到位导致空气炸锅不启动时怎么办？,zh-CN,Air Fryer,troubleshooting,source_disjoint_test,airfryer-006-scene-0001,airfryer-006,0.0,4.538,0,,,no,画面未涉及故障排查或炸篮安装。,,R1,completed,2026-07-27T22:14:31+08:00
VQ-013,炸篮没有装到位导致空气炸锅不启动时怎么办？,zh-CN,Air Fryer,troubleshooting,source_disjoint_test,airfryer-006-scene-0005,airfryer-006,16.817,19.92,0,,,no,画面未展示炸篮未装到位或无法启动的故障排查。,,R1,completed,2026-07-27T22:20:03+08:00
VQ-013,炸篮没有装到位导致空气炸锅不启动时怎么办？,zh-CN,Air Fryer,troubleshooting,source_disjoint_test,airfryer-006-scene-0006,airfryer-006,19.92,24.358,0,,,no,画面未涉及炸篮安装不到位或设备不启动的故障排查。,,R1,completed,2026-07-28T01:18:39+08:00
VQ-013,炸篮没有装到位导致空气炸锅不启动时怎么办？,zh-CN,Air Fryer,troubleshooting,source_disjoint_test,airfryer-011-scene-0001,airfryer-011,0.0,107.95,0,,,no,画面为正常放入食材，未涉及炸篮未装到位、设备不启动等故障排查，与问题无关。,,R1,completed,2026-07-27T22:01:34+08:00
VQ-013,炸篮没有装到位导致空气炸锅不启动时怎么办？,zh-CN,Air Fryer,troubleshooting,source_disjoint_test,airfryer-017-scene-0019,airfryer-017,149.049,156.757,2,149.049,156.757,no,"Frames t=149.0-156.8 s show the drawer/basket being removed and inspected, directly related to checking whether it is seated properly.",Drawer inspection visible; raised from AI grade 1 to 2.,R1,completed,2026-07-28T01:18:39+08:00
VQ-013,炸篮没有装到位导致空气炸锅不启动时怎么办？,zh-CN,Air Fryer,troubleshooting,source_disjoint_test,airfryer-017-scene-0020,airfryer-017,156.757,159.259,1,,,no,At t=156.8-158.8s the open air fryer interior is shown and a hand touches it; no mis-seated basket or non-start troubleshooting is shown or discussed.,,R1,completed,2026-07-28T01:18:39+08:00
VQ-013,炸篮没有装到位导致空气炸锅不启动时怎么办？,zh-CN,Air Fryer,troubleshooting,source_disjoint_test,airfryer-017-scene-0022,airfryer-017,164.264,172.005,0,,,no,画面未展示炸篮未装到位的状态或相关故障排查。,,R1,completed,2026-07-27T22:12:04+08:00
VQ-013,炸篮没有装到位导致空气炸锅不启动时怎么办？,zh-CN,Air Fryer,troubleshooting,source_disjoint_test,airfryer-017-scene-0039,airfryer-017,427.127,431.431,0,,,no,"Frame at t=430.6s shows the internal wiring and heating coil during repair, unrelated to basket seating or startup troubleshooting.",,R1,completed,2026-07-28T01:18:39+08:00
VQ-013,炸篮没有装到位导致空气炸锅不启动时怎么办？,zh-CN,Air Fryer,troubleshooting,source_disjoint_test,airfryer-017-scene-0101,airfryer-017,1370.736,1398.664,0,,,no,画面为拆解、通电测试等维修场景，故障原因是电路/热敏电阻，未涉及炸篮未装到位导致不启动，与问题无关。,,R1,completed,2026-07-27T22:01:40+08:00
VQ-013,炸篮没有装到位导致空气炸锅不启动时怎么办？,zh-CN,Air Fryer,troubleshooting,source_disjoint_test,airfryer-017-scene-0109,airfryer-017,1489.054,1498.597,1,,,no,"Frame at t=1496.7s shows continued disassembly of the air fryer rear panel, unrelated to basket alignment or startup troubleshooting.",,R1,completed,2026-07-28T01:18:39+08:00
VQ-013,炸篮没有装到位导致空气炸锅不启动时怎么办？,zh-CN,Air Fryer,troubleshooting,source_disjoint_test,airfryer-017-scene-0114,airfryer-017,1533.198,1537.136,0,,,no,"Frame at t=1534.8s shows a handwritten note being attached to the air fryer, with no basket alignment or startup troubleshooting shown.",,R1,completed,2026-07-28T01:18:39+08:00
VQ-013,炸篮没有装到位导致空气炸锅不启动时怎么办？,zh-CN,Air Fryer,troubleshooting,source_disjoint_test,airfryer-024-scene-0003,airfryer-024,7.574,11.478,0,,,no,"Frames at 9.9s-10.7s show deep-frying chicken in oil; the product is a deep fryer, not an air fryer, so basket-mis-seating troubleshooting is unrelated.",,R1,completed,2026-07-28T01:18:39+08:00
VQ-013,炸篮没有装到位导致空气炸锅不启动时怎么办？,zh-CN,Air Fryer,troubleshooting,source_disjoint_test,airfryer-024-scene-0005,airfryer-024,16.149,19.953,1,,,no,"At t=16.1s, the air fryer is displayed statically with no installation attempt or troubleshooting content.","Same product shown, but no basket-seating troubleshooting.",R1,completed,2026-07-28T01:18:39+08:00
VQ-013,炸篮没有装到位导致空气炸锅不启动时怎么办？,zh-CN,Air Fryer,troubleshooting,source_disjoint_test,airfryer-024-scene-0006,airfryer-024,19.953,22.689,0,,,no,"Frames t=20.0s-22.7s show the basket functioning normally while pouring fries, with no startup failure or troubleshooting.",,R1,completed,2026-07-28T01:18:39+08:00
VQ-013,炸篮没有装到位导致空气炸锅不启动时怎么办？,zh-CN,Air Fryer,troubleshooting,source_disjoint_test,airfryer-024-scene-0009,airfryer-024,36.536,40.974,1,,,no,画面未展示炸篮未装到位或无法启动的故障排查。,"第三轮仲裁修正：R1原记录 等级=0 时间=[None,None] 泄漏=no → 仲裁 等级=1 时间=[None,None] 泄漏=no。理由：采纳复核方：t=36.5s–41.0s全部6帧展示空气炸锅控制面板（375°F/PREHEAT FUNCTION）及烹饪模式，同产品核心出现但无炸篮未装到位排查内容，符合等级1。",R1,completed,2026-07-28T20:35:21+08:00
VQ-013,炸篮没有装到位导致空气炸锅不启动时怎么办？,zh-CN,Air Fryer,troubleshooting,source_disjoint_test,airfryer-024-scene-0024,airfryer-024,106.773,109.109,1,,,no,"At t=107.2s, the basket is pulled open smoothly with no sign of misalignment or failure to start.","Same product visible, but no startup-failure troubleshooting.",R1,completed,2026-07-28T01:18:39+08:00
VQ-013,炸篮没有装到位导致空气炸锅不启动时怎么办？,zh-CN,Air Fryer,troubleshooting,source_disjoint_test,airfryer-026-scene-0001,airfryer-026,0.0,213.46,0,,,no,画面未涉及炸篮安装不到位或设备不启动的故障排查。,,R1,completed,2026-07-28T01:18:39+08:00
VQ-013,炸篮没有装到位导致空气炸锅不启动时怎么办？,zh-CN,Air Fryer,troubleshooting,source_disjoint_test,airfryer-027-scene-0001,airfryer-027,0.0,7.508,0,,,no,场景未出现空气炸锅，无炸篮未到位或不启动的相关排查内容。,,R1,completed,2026-07-28T01:18:39+08:00
VQ-013,炸篮没有装到位导致空气炸锅不启动时怎么办？,zh-CN,Air Fryer,troubleshooting,source_disjoint_test,airfryer-029-scene-0009,airfryer-029,43.92,47.24,1,,,no,"Frame at t=47.2s shows the open basket and red latch adjacent to the unit, but no troubleshooting for basket misalignment is shown.",,R1,completed,2026-07-28T01:18:39+08:00
VQ-013,炸篮没有装到位导致空气炸锅不启动时怎么办？,zh-CN,Air Fryer,troubleshooting,source_disjoint_test,airfryer-029-scene-0010,airfryer-029,47.24,50.08,2,47.24,50.08,no,"Frame at t=47.2s shows the fry basket detached from the Philips air fryer, which is adjacent to a basket-seating scenario but no troubleshooting solution is demonstrated.",时间按实际证据片段重定位,R1,completed,2026-07-28T01:18:39+08:00
VQ-013,炸篮没有装到位导致空气炸锅不启动时怎么办？,zh-CN,Air Fryer,troubleshooting,source_disjoint_test,airfryer-029-scene-0021,airfryer-029,127.08,129.32,0,,,no,全部6帧（t=127.1s–129.3s）均为在玻璃碗中添加香料、姜蒜酱等食材的手部特写，空气炸锅仅在背景中隐约可见，未出现炸篮或任何与不启动相关的排查动作。,,R1,completed,2026-07-28T01:35:01+08:00
VQ-013,炸篮没有装到位导致空气炸锅不启动时怎么办？,zh-CN,Air Fryer,troubleshooting,source_disjoint_test,airfryer-029-scene-0050,airfryer-029,307.84,311.96,0,,,no,画面未涉及炸篮安装或设备启动故障。,,R1,completed,2026-07-28T01:18:39+08:00
VQ-013,炸篮没有装到位导致空气炸锅不启动时怎么办？,zh-CN,Air Fryer,troubleshooting,source_disjoint_test,airfryer-029-scene-0051,airfryer-029,311.96,313.96,0,,,no,"Frames t=312.0s-314.0s show normal food loading, with no basket-seating issue or appliance-start failure.",,R1,completed,2026-07-28T01:18:39+08:00
VQ-013,炸篮没有装到位导致空气炸锅不启动时怎么办？,zh-CN,Air Fryer,troubleshooting,source_disjoint_test,airfryer-029-scene-0074,airfryer-029,451.64,455.2,0,,,no,6帧（t=451.6s–455.2s）展示用夹子将烤鸡摆放到白色餐盘的装盘过程，画面主体是已烹饪完成的鸡肉，未出现炸篮装回或设备不启动的处理。,,R1,completed,2026-07-28T01:35:01+08:00
VQ-013,炸篮没有装到位导致空气炸锅不启动时怎么办？,zh-CN,Air Fryer,troubleshooting,source_disjoint_test,airfryer-029-scene-0080,airfryer-029,502.16,505.96,1,,,no,6帧（t=502.2s–506.0s）清晰展示一台黑色飞利浦空气炸锅的侧面/背面，有一只手伸向机身，但炸篮未出镜，也未演示炸篮重新装回或排查不启动的动作。,,R1,completed,2026-07-28T01:35:01+08:00
VQ-013,炸篮没有装到位导致空气炸锅不启动时怎么办？,zh-CN,Air Fryer,troubleshooting,source_disjoint_test,airfryer-030-scene-0001,airfryer-030,0.0,1092.15,0,,,no,No frame shows a basket-seating problem or any troubleshooting action.,,R1,completed,2026-07-28T01:18:39+08:00
VQ-013,炸篮没有装到位导致空气炸锅不启动时怎么办？,zh-CN,Air Fryer,troubleshooting,source_disjoint_test,airfryer-032-scene-0013,airfryer-032,47.6,49.6,0,,,no,"Frames t=47.6s-49.6s show only a dirty basket and cleaning narration, with no basket-installation troubleshooting.",,R1,completed,2026-07-28T01:18:39+08:00
VQ-013,炸篮没有装到位导致空气炸锅不启动时怎么办？,zh-CN,Air Fryer,troubleshooting,source_disjoint_test,airfryer-032-scene-0036,airfryer-032,166.9,171.667,0,,,no,画面未涉及炸篮安装或设备启动故障。,,R1,completed,2026-07-28T01:18:39+08:00
VQ-013,炸篮没有装到位导致空气炸锅不启动时怎么办？,zh-CN,Air Fryer,troubleshooting,source_disjoint_test,airfryer-032-scene-0038,airfryer-032,173.667,176.367,1,,,no,Frames at 173.7s-176.4s show the air fryer basket in normal use with a bowl of liquid; no basket mis-seating or non-starting troubleshooting is shown.,AI marked 0; the same air fryer is visible so it is not unrelated; raising to 1.,R1,completed,2026-07-28T01:18:39+08:00
VQ-013,炸篮没有装到位导致空气炸锅不启动时怎么办？,zh-CN,Air Fryer,troubleshooting,source_disjoint_test,airfryer-032-scene-0058,airfryer-032,267.2,269.833,1,,,no,Frames at 267.2s-269.8s show the basket being handled normally; no mis-seated-basket troubleshooting is depicted or spoken.,,R1,completed,2026-07-28T01:18:39+08:00
VQ-013,炸篮没有装到位导致空气炸锅不启动时怎么办？,zh-CN,Air Fryer,troubleshooting,source_disjoint_test,airfryer-032-scene-0113,airfryer-032,522.967,525.6,1,,,no,画面只是展示持有/推回空气炸篮，无任何'不启动'故障场景或排查演示。,,R1,completed,2026-07-28T01:18:39+08:00
VQ-013,炸篮没有装到位导致空气炸锅不启动时怎么办？,zh-CN,Air Fryer,troubleshooting,source_disjoint_test,airfryer-033-scene-0034,airfryer-033,251.818,257.024,1,,,no,画面为拆机后空气炸锅（顶盖已拆、内部机械外露）显示屏『300°』亮起的检修状态，但机内无炸篮、也无装回炸篮的操作或语言提示；与‘炸篮未装到位怎么办’无直接对应的解决动作。,第三轮双复核一致修正：R1=2→独立=1：场景为故障排查中设备通电状态，未演示任何炸篮安装/复位步骤，不构成对‘炸篮未装到位怎么办’的答案。,R1,completed,2026-07-28T20:35:21+08:00
VQ-013,炸篮没有装到位导致空气炸锅不启动时怎么办？,zh-CN,Air Fryer,troubleshooting,source_disjoint_test,airfryer-033-scene-0037,airfryer-033,266.9,271.004,1,,,no,Frames at 266.9s-271.0s show the unboxed air fryer with basket seated normally; no mis-seating or non-starting troubleshooting is depicted.,"AI marked 0; the same air fryer is visible so grade 1 is correct, not unrelated.",R1,completed,2026-07-28T01:18:39+08:00
VQ-013,炸篮没有装到位导致空气炸锅不启动时怎么办？,zh-CN,Air Fryer,troubleshooting,source_disjoint_test,airfryer-033-scene-0053,airfryer-033,380.747,387.654,0,,,no,全部6帧（t=380.7s–387.7s）显示戴面具的人手持螺丝和工具包，画面中完全没有出现空气炸锅或炸篮。,,R1,completed,2026-07-28T01:35:01+08:00
VQ-013,炸篮没有装到位导致空气炸锅不启动时怎么办？,zh-CN,Air Fryer,troubleshooting,source_disjoint_test,airfryer-033-scene-0056,airfryer-033,402.703,415.115,0,,,no,6帧均为拆解维修内部电路/电机画面，未出现炸篮、装篮动作或与炸篮未装到位导致不启动相关的任何演示。,AI=1→R1=0：画面为内部拆解维修，与炸篮装不到位导致不启动的问题无关。,R1,completed,2026-07-28T01:31:38+08:00
VQ-013,炸篮没有装到位导致空气炸锅不启动时怎么办？,zh-CN,Air Fryer,troubleshooting,source_disjoint_test,airfryer-033-scene-0149,airfryer-033,1314.581,1319.119,1,,,no,画面只是空气炸锅展示，无任何'未启动'故障演示或排查指导。,,R1,completed,2026-07-28T01:18:39+08:00
VQ-013,炸篮没有装到位导致空气炸锅不启动时怎么办？,zh-CN,Air Fryer,troubleshooting,source_disjoint_test,airfryer-033-scene-0159,airfryer-033,1415.382,1424.925,1,,,no,The frames show normal basket insertion but no troubleshooting for improper seating or startup failure.,,R1,completed,2026-07-28T01:18:39+08:00
VQ-013,炸篮没有装到位导致空气炸锅不启动时怎么办？,zh-CN,Air Fryer,troubleshooting,source_disjoint_test,pressure-006-scene-0002,pressure-006,2.208,4.833,1,,,no,the scene only shows lid opening; there is no content about basket seating or startup failure troubleshooting.,,R1,completed,2026-07-28T01:18:39+08:00
VQ-013,炸篮没有装到位导致空气炸锅不启动时怎么办？,zh-CN,Air Fryer,troubleshooting,source_disjoint_test,pressure-006-scene-0005,pressure-006,15.083,17.625,0,,,no,画面未涉及炸篮未装到位、设备不启动等故障排查，与问题无关。,,R1,completed,2026-07-27T22:01:34+08:00
VQ-013,炸篮没有装到位导致空气炸锅不启动时怎么办？,zh-CN,Air Fryer,troubleshooting,source_disjoint_test,pressure-006-scene-0007,pressure-006,19.875,22.417,1,,,no,Frames at 20.9s-21.9s show the basket in normal seated use with food inside; no mis-seating or non-starting troubleshooting is shown.,"AI marked 0; the same air fryer is visible, only the troubleshooting aspect is absent, so grade 1.",R1,completed,2026-07-28T01:18:39+08:00
VQ-013,炸篮没有装到位导致空气炸锅不启动时怎么办？,zh-CN,Air Fryer,troubleshooting,source_disjoint_test,pressure-006-scene-0008,pressure-006,22.417,26.042,0,,,no,The frames depict normal loading and do not show any troubleshooting for basket seating or startup failure.,,R1,completed,2026-07-28T01:18:39+08:00
VQ-013,炸篮没有装到位导致空气炸锅不启动时怎么办？,zh-CN,Air Fryer,troubleshooting,source_disjoint_test,pressure-006-scene-0009,pressure-006,26.042,29.458,0,,,no,画面未展示炸篮未装到位或无法启动的故障排查。,,R1,completed,2026-07-27T22:23:08+08:00
VQ-013,炸篮没有装到位导致空气炸锅不启动时怎么办？,zh-CN,Air Fryer,troubleshooting,source_disjoint_test,pressure-006-scene-0013,pressure-006,40.0,46.042,1,,,no,"The basket is simply loaded with food at 43.6-44.9s, with no demonstration of seating or startup failure.",AI graded 0 but scene is same-product; corrected to 1. | 第三轮仲裁复核：维持R1原判（等级/时间/泄漏均确认无误）。,R1,completed,2026-07-28T20:35:21+08:00
VQ-014,How can uneven air-fryer cooking be corrected?,en,Air Fryer,troubleshooting,source_disjoint_test,airfryer-002-scene-0007,airfryer-002,137.271,191.625,0,,,no,第1-6帧（t=137.3s-191.6s）均为在硅胶垫上涂抹蛋液、组装饼干与酥皮的点心制作画面，全程未出现空气炸锅，也未演示烹饪不均的修正。,,R1,completed,2026-07-28T01:35:01+08:00
VQ-014,How can uneven air-fryer cooking be corrected?,en,Air Fryer,troubleshooting,source_disjoint_test,airfryer-002-scene-0008,airfryer-002,191.625,241.808,1,,,no,画面未展示受热不均及纠正方法（翻面、摇晃等）。,,R1,completed,2026-07-27T22:17:08+08:00
VQ-014,How can uneven air-fryer cooking be corrected?,en,Air Fryer,troubleshooting,source_disjoint_test,airfryer-002-scene-0009,airfryer-002,241.808,257.424,1,,,no,画面展示均匀摆放的圆形饼，但无任何'不均匀烹饪'纠正的动作或语音解释。,,R1,completed,2026-07-28T01:18:39+08:00
VQ-014,How can uneven air-fryer cooking be corrected?,en,Air Fryer,troubleshooting,source_disjoint_test,airfryer-002-scene-0010,airfryer-002,257.424,283.851,0,,,no,画面未涉及受热不均及纠正方法。,,R1,completed,2026-07-27T22:20:03+08:00
VQ-014,How can uneven air-fryer cooking be corrected?,en,Air Fryer,troubleshooting,source_disjoint_test,airfryer-002-scene-0011,airfryer-002,283.851,328.095,0,,,no,"Frame at t=301.5s shows evenly baked pastries being removed, with no mention or visual of uneven cooking correction.",,R1,completed,2026-07-28T01:18:39+08:00
VQ-014,How can uneven air-fryer cooking be corrected?,en,Air Fryer,troubleshooting,source_disjoint_test,airfryer-002-scene-0012,airfryer-002,328.095,337.137,1,,,no,t=331.7s shows the air fryer on the counter while the presenter gestures; no uneven-cooking correction is shown.,"AI graded 0, but the air fryer product is visible in the background.",R1,completed,2026-07-28T01:18:39+08:00
VQ-014,How can uneven air-fryer cooking be corrected?,en,Air Fryer,troubleshooting,source_disjoint_test,airfryer-002-scene-0013,airfryer-002,337.137,345.145,0,,,no,t=343.5s shows a person holding a half-cut pastry; no air fryer or cooking-correction action is visible.,,R1,completed,2026-07-28T01:18:39+08:00
VQ-014,How can uneven air-fryer cooking be corrected?,en,Air Fryer,troubleshooting,source_disjoint_test,airfryer-005-scene-0008,airfryer-005,99.208,102.085,1,,,no,No corrective action for uneven cooking is shown or described.,,R1,completed,2026-07-28T01:18:39+08:00
VQ-014,How can uneven air-fryer cooking be corrected?,en,Air Fryer,troubleshooting,source_disjoint_test,airfryer-005-scene-0010,airfryer-005,108.674,119.766,1,,,no,"At t=113.1s, the action is limited to placing bread in the basket; nothing addresses uneven cooking correction.","Same product/background, but no evidence for correcting uneven cooking.",R1,completed,2026-07-28T01:18:39+08:00
VQ-014,How can uneven air-fryer cooking be corrected?,en,Air Fryer,troubleshooting,source_disjoint_test,airfryer-005-scene-0028,airfryer-005,270.142,272.56,1,,,no,"The man only handles the pulled-out basket at t=270.1-272.6s; no food, no cooking, and the ASR ('won't be too hot') gives no instruction on correcting uneven cooking.",,R1,completed,2026-07-28T01:18:39+08:00
VQ-014,How can uneven air-fryer cooking be corrected?,en,Air Fryer,troubleshooting,source_disjoint_test,airfryer-005-scene-0029,airfryer-005,272.56,276.897,1,,,no,"Air fryer basket with a cooked sandwich is visible at 272.6-276.9s, but no evidence of uneven cooking, rotation, shaking, or any correction technique is shown or spoken.",,R1,completed,2026-07-28T01:18:39+08:00
VQ-014,How can uneven air-fryer cooking be corrected?,en,Air Fryer,troubleshooting,source_disjoint_test,airfryer-005-scene-0031,airfryer-005,280.4,283.653,1,,,no,"At t=281.1s, the only action is placing cooked items on a plate; there is no visual or spoken discussion of uneven cooking.","Same air fryer product is shown, but no content addresses uneven cooking.",R1,completed,2026-07-28T01:18:39+08:00
VQ-014,How can uneven air-fryer cooking be corrected?,en,Air Fryer,troubleshooting,source_disjoint_test,airfryer-006-scene-0004,airfryer-006,10.878,16.817,0,,,no,"Frames show only dough-wrapping hands-on activity on a cutting board; no air fryer is present, no cooking is shown, and no troubleshooting or correction method is mentioned or depicted.",,R1,completed,2026-07-28T01:18:39+08:00
VQ-014,How can uneven air-fryer cooking be corrected?,en,Air Fryer,troubleshooting,source_disjoint_test,airfryer-006-scene-0005,airfryer-006,16.817,19.92,1,,,no,画面仅给出350°F/4分钟的烹饪设定，未涉及受热不均的纠正方法。,,R1,completed,2026-07-27T22:20:03+08:00
VQ-014,How can uneven air-fryer cooking be corrected?,en,Air Fryer,troubleshooting,source_disjoint_test,airfryer-006-scene-0006,airfryer-006,19.92,24.358,3,21.7,23.5,no,第3帧 t=21.7s 起可见用夹子将食物翻面，第4-5帧 t=22.6s-23.5s 屏幕文字明确显示'FLIP AND COOK FOR AN ADDITIONAL 1-2 MINUTES'，直接给出纠正方法。,AI等级为2，但画面与字幕直接展示了'翻动并再烹饪1-2分钟'这一纠正受热不均的具体操作，应评为3。,R1,completed,2026-07-28T01:18:39+08:00
VQ-014,How can uneven air-fryer cooking be corrected?,en,Air Fryer,troubleshooting,source_disjoint_test,airfryer-011-scene-0001,airfryer-011,0.0,107.95,0,,,no,画面为制作三明治的烹饪流程，与纠正受热不均无关。,AI预标1级，但画面与'解决受热不均'无关，修正为0级。,R1,completed,2026-07-27T22:01:34+08:00
VQ-014,How can uneven air-fryer cooking be corrected?,en,Air Fryer,troubleshooting,source_disjoint_test,airfryer-017-scene-0015,airfryer-017,125.025,133.433,0,,,no,"The air fryer shown has an 'Out of Order Again!' note attached and the speaker discusses mechanical reassembly (leaving screws out); no cooking, uneven cooking, or correction technique is shown or mentioned.",,R1,completed,2026-07-28T01:18:39+08:00
VQ-014,How can uneven air-fryer cooking be corrected?,en,Air Fryer,troubleshooting,source_disjoint_test,airfryer-017-scene-0019,airfryer-017,149.049,156.757,1,,,no,No frame shows uneven cooking or any corrective step; only drawer removal is visible.,,R1,completed,2026-07-28T01:18:39+08:00
VQ-014,How can uneven air-fryer cooking be corrected?,en,Air Fryer,troubleshooting,source_disjoint_test,airfryer-017-scene-0022,airfryer-017,164.264,172.005,0,,,no,画面未涉及受热不均及纠正方法（翻面、摇晃等）。,,R1,completed,2026-07-27T22:12:04+08:00
VQ-014,How can uneven air-fryer cooking be corrected?,en,Air Fryer,troubleshooting,source_disjoint_test,airfryer-017-scene-0039,airfryer-017,427.127,431.431,0,,,no,"Frame at t=431.4s shows continued internal wiring work, with no food or cooking process visible to address uneven cooking.",,R1,completed,2026-07-28T01:18:39+08:00
VQ-014,How can uneven air-fryer cooking be corrected?,en,Air Fryer,troubleshooting,source_disjoint_test,airfryer-017-scene-0071,airfryer-017,933.866,986.486,0,,,no,画面为加热元件拆解维修，无任何关于烹饪不均匀或纠正方法的视觉信息。,,R1,completed,2026-07-28T01:31:38+08:00
VQ-014,How can uneven air-fryer cooking be corrected?,en,Air Fryer,troubleshooting,source_disjoint_test,airfryer-017-scene-0091,airfryer-017,1288.487,1292.224,0,,,no,第1–6帧（t=1288.5s–1292.2s）均为电子元件/线路板的组装或维修画面，与空气炸锅烹饪无关。,,R1,completed,2026-07-28T01:35:01+08:00
VQ-014,How can uneven air-fryer cooking be corrected?,en,Air Fryer,troubleshooting,source_disjoint_test,airfryer-017-scene-0092,airfryer-017,1292.224,1295.027,0,,,no,6帧均为空气炸锅拆解维修画面，仅展示thermal fuse等内部元件，未出现烹饪食物或纠正 uneven cooking 的任何步骤。,,R1,completed,2026-07-28T01:31:38+08:00
VQ-014,How can uneven air-fryer cooking be corrected?,en,Air Fryer,troubleshooting,source_disjoint_test,airfryer-024-scene-0006,airfryer-024,19.953,22.689,0,,,no,"Frames t=20.0s-22.7s show fries being poured out normally, with no mention or visual of uneven cooking.",,R1,completed,2026-07-28T01:18:39+08:00
VQ-014,How can uneven air-fryer cooking be corrected?,en,Air Fryer,troubleshooting,source_disjoint_test,airfryer-024-scene-0009,airfryer-024,36.536,40.974,1,,,no,画面未涉及受热不均及纠正方法。,,R1,completed,2026-07-27T22:17:08+08:00
VQ-014,How can uneven air-fryer cooking be corrected?,en,Air Fryer,troubleshooting,source_disjoint_test,airfryer-024-scene-0011,airfryer-024,43.777,56.69,1,,,no,"The frames describe power and airflow features, with no information about correcting uneven cooking.","第三轮仲裁修正：R1原记录 等级=0 时间=[None,None] 泄漏=no → 仲裁 等级=1 时间=[None,None] 泄漏=no。理由：采纳复核方：空气炸锅产品（含控制面板和剖面动画）在全部6帧中清晰展示，同产品出现但仅介绍功率/气流特性无受热不均纠正信息，符合等级1。",R1,completed,2026-07-28T20:35:21+08:00
VQ-014,How can uneven air-fryer cooking be corrected?,en,Air Fryer,troubleshooting,source_disjoint_test,airfryer-024-scene-0012,airfryer-024,56.69,63.73,1,,,no,"t=58.1s shows a hand pulling the basket out of the air fryer, but no demonstration of correcting uneven cooking.","AI graded 0, but the air fryer product is visible and in use.",R1,completed,2026-07-28T01:18:39+08:00
VQ-014,How can uneven air-fryer cooking be corrected?,en,Air Fryer,troubleshooting,source_disjoint_test,airfryer-024-scene-0014,airfryer-024,66.9,70.137,1,,,no,Frames depict a woman operating the air fryer and then serving cooked food onto a plate (t=66.9-70.2s); there is no mention or visual of uneven cooking or any corrective technique.,"第三轮仲裁修正：R1原记录 等级=0 时间=[None,None] 泄漏=no → 仲裁 等级=1 时间=[None,None] 泄漏=no。理由：画面展示女士操作空气炸锅并装盘，未涉及受热不均的纠正方法；产品出现但内容不回答查询，按规范1级。",R1,completed,2026-07-28T20:35:21+08:00
VQ-014,How can uneven air-fryer cooking be corrected?,en,Air Fryer,troubleshooting,source_disjoint_test,airfryer-024-scene-0019,airfryer-024,81.214,85.852,1,,,no,Nearly all frames show people eating outdoors; the single brief air fryer dial shot contains no information about correcting uneven cooking.,,R1,completed,2026-07-28T01:18:39+08:00
VQ-014,How can uneven air-fryer cooking be corrected?,en,Air Fryer,troubleshooting,source_disjoint_test,airfryer-024-scene-0020,airfryer-024,85.852,93.56,1,,,no,画面仅展示温度控制面板操作与精确温控说明，未提及受热不均的纠正方法（如翻面、摇晃炸篮等）。,AI原判为2级，但画面/语音只强调温控精确性，未直接说明如何解决 uneven cooking，故降为1级。,R1,completed,2026-07-27T22:10:25+08:00
VQ-014,How can uneven air-fryer cooking be corrected?,en,Air Fryer,troubleshooting,source_disjoint_test,airfryer-026-scene-0001,airfryer-026,0.0,213.46,0,,,no,画面未展示受热不均或翻动/调整食物的纠正操作。,,R1,completed,2026-07-28T01:18:39+08:00
VQ-014,How can uneven air-fryer cooking be corrected?,en,Air Fryer,troubleshooting,source_disjoint_test,airfryer-027-scene-0001,airfryer-027,0.0,7.508,0,,,no,画面无空气炸锅，无不均匀烹饪纠正方案。,,R1,completed,2026-07-28T01:18:39+08:00
VQ-014,How can uneven air-fryer cooking be corrected?,en,Air Fryer,troubleshooting,source_disjoint_test,airfryer-027-scene-0002,airfryer-027,7.508,283.4,1,,,no,画面 173s 帧男士手持鸡翅评价，ASR 提到'seem to be evenly cooked'，呈现了均匀烹饪的结果，但未展示'如何纠正不均匀'的方法，只能部分回答。,"时间按男士评价鸡翅熟度的画面调整为 t≈170-210s。 | 第三轮仲裁修正：R1原记录 等级=2 时间=[170.0,210.0] 泄漏=no → 仲裁 等级=1 时间=[None,None] 泄漏=no。理由：第3帧（t=117.9s）显示Gourmia空气炸锅产品明确出现，第4-5帧（t=163.0s/229.1s）为男士品尝鸡翅呈现均匀烹饪结果；但所有6帧均未演示翻动、摇匀或调整摆放等纠正不均匀的具体方法，仅显示结果非方法，按规范应为1级。",R1,completed,2026-07-28T20:35:21+08:00
VQ-014,How can uneven air-fryer cooking be corrected?,en,Air Fryer,troubleshooting,source_disjoint_test,airfryer-029-scene-0003,airfryer-029,14.36,18.64,0,,,no,全部6帧（14.4s–18.6s）为Philips空气炸锅广告标题卡，展示产品与'80% less oil'宣传语，无烹饪操作或受热不均纠正内容。,,R1,completed,2026-07-28T01:35:01+08:00
VQ-014,How can uneven air-fryer cooking be corrected?,en,Air Fryer,troubleshooting,source_disjoint_test,airfryer-029-scene-0008,airfryer-029,38.0,43.92,0,,,no,画面未涉及受热不均及纠正方法。,,R1,completed,2026-07-27T22:14:31+08:00
VQ-014,How can uneven air-fryer cooking be corrected?,en,Air Fryer,troubleshooting,source_disjoint_test,airfryer-029-scene-0011,airfryer-029,50.08,53.48,0,,,no,The scene only displays the air fryer unit with basket removed beside it (t=52.1-52.8s); there is no visual or spoken content about uneven cooking or any correction method.,,R1,completed,2026-07-28T01:18:39+08:00
VQ-014,How can uneven air-fryer cooking be corrected?,en,Air Fryer,troubleshooting,source_disjoint_test,airfryer-029-scene-0032,airfryer-029,171.2,178.8,0,,,no,同一场景中6帧均为厨师准备腌料涂层，未演示空气炸锅烹饪过程或任何纠正 uneven cooking 的操作。,,R1,completed,2026-07-28T01:35:01+08:00
VQ-014,How can uneven air-fryer cooking be corrected?,en,Air Fryer,troubleshooting,source_disjoint_test,airfryer-029-scene-0045,airfryer-029,272.4,276.6,1,,,no,画面只涉及温度设置，未提及受热不均的纠正方法。,,R1,completed,2026-07-27T22:23:08+08:00
VQ-014,How can uneven air-fryer cooking be corrected?,en,Air Fryer,troubleshooting,source_disjoint_test,airfryer-029-scene-0055,airfryer-029,324.32,326.44,1,,,no,画面仅展示控制旋钮与指南，未涉及受热不均问题或纠正方法，无法回答。,,R1,completed,2026-07-27T22:01:40+08:00
VQ-014,How can uneven air-fryer cooking be corrected?,en,Air Fryer,troubleshooting,source_disjoint_test,airfryer-029-scene-0061,airfryer-029,355.96,377.0,1,,,no,第0–5帧（356.0s–377.0s）显示厨师将腌肉放入空气炸锅并涂抹油脂，属于烹饪前准备，未演示纠正受热不均的方法。,,R1,completed,2026-07-28T01:35:01+08:00
VQ-014,How can uneven air-fryer cooking be corrected?,en,Air Fryer,troubleshooting,source_disjoint_test,airfryer-029-scene-0064,airfryer-029,391.28,393.36,1,,,no,"The clip from t=391.3s to 393.4s shows a hand turning a control knob, which is a setting adjustment but not a specific correction for uneven cooking.",,R1,completed,2026-07-28T01:18:39+08:00
VQ-014,How can uneven air-fryer cooking be corrected?,en,Air Fryer,troubleshooting,source_disjoint_test,airfryer-029-scene-0087,airfryer-029,536.8,611.52,0,,,no,"The chef eats and praises the chicken's color and juiciness from t=536.8s to 611.0s, without mentioning or demonstrating any correction for uneven cooking.",,R1,completed,2026-07-28T01:18:39+08:00
VQ-014,How can uneven air-fryer cooking be corrected?,en,Air Fryer,troubleshooting,source_disjoint_test,airfryer-030-scene-0001,airfryer-030,0.0,1092.15,0,,,no,No frame addresses uneven cooking or shows any corrective step.,,R1,completed,2026-07-28T01:18:39+08:00
VQ-014,How can uneven air-fryer cooking be corrected?,en,Air Fryer,troubleshooting,source_disjoint_test,airfryer-032-scene-0027,airfryer-032,100.1,108.833,0,,,no,6帧（t=100.1s–108.8s）均为一位女士在厨房对镜头讲话，背景可见橱柜和微波炉，未清晰展示空气炸锅，也没有演示如何纠正受热不均（如翻动食物、调整摆放等）的动作。,,R1,completed,2026-07-28T01:35:01+08:00
VQ-014,How can uneven air-fryer cooking be corrected?,en,Air Fryer,troubleshooting,source_disjoint_test,airfryer-032-scene-0039,airfryer-032,176.367,179.167,1,,,no,ASR提到的柠檬汁+400°F 5-10分钟是去除异味的方法，并非'不均匀烹饪'纠正方案；画面也无相关纠正演示。,AI=2→R1=1：ASR关于柠檬汁+400°F属异味处理，与不均匀烹饪纠正无关。,R1,completed,2026-07-28T01:18:39+08:00
VQ-014,How can uneven air-fryer cooking be corrected?,en,Air Fryer,troubleshooting,source_disjoint_test,airfryer-032-scene-0063,airfryer-032,289.567,292.933,1,,,no,6帧（t=289.6s–293.0s）显示空气炸锅提篮打开、加热圈暴露，ASR聚焦于加热元件的脏污（'the grossest part'）需清洁；未提及或演示任何与烹饪不均匀相关的纠正步骤。,,R1,completed,2026-07-28T01:31:38+08:00
VQ-014,How can uneven air-fryer cooking be corrected?,en,Air Fryer,troubleshooting,source_disjoint_test,airfryer-032-scene-0077,airfryer-032,364.033,376.0,1,,,no,全部6帧仅展示用棉签清洁炸篮栅格，未出现与“纠正不均匀烹饪”直接相关的操作或说明，属于相邻维护内容但未回答问题。,"Cleaning the basket grates is adjacent to airflow and even cooking, so grade 2 fits better than grade 1. | 第三轮双复核一致修正：等级1≠R1的2；画面仅展示清洁炸篮栅格，未直接演示或说明如何纠正不均匀烹饪。",R1,completed,2026-07-28T20:35:21+08:00
VQ-014,How can uneven air-fryer cooking be corrected?,en,Air Fryer,troubleshooting,source_disjoint_test,airfryer-032-scene-0085,airfryer-032,411.367,414.6,1,,,no,"The scene from t=411.4s to 414.6s demonstrates wiping the heating element, which is a cleaning step rather than a method for correcting uneven cooking.",,R1,completed,2026-07-28T01:18:39+08:00
VQ-014,How can uneven air-fryer cooking be corrected?,en,Air Fryer,troubleshooting,source_disjoint_test,airfryer-032-scene-0087,airfryer-032,422.667,424.7,0,,,no,全部6帧（422.7s–424.7s）仅展示双手拿着脏纸巾和黑色电热炉灶，未出现空气炸锅，与纠正受热不均无关。,,R1,completed,2026-07-28T01:35:01+08:00
VQ-014,How can uneven air-fryer cooking be corrected?,en,Air Fryer,troubleshooting,source_disjoint_test,airfryer-032-scene-0109,airfryer-032,510.067,513.267,0,,,no,第1–6帧（t=510.1s–513.3s）均为擦拭空气炸锅外壳，与解决受热不均无关。,,R1,completed,2026-07-28T01:35:01+08:00
VQ-014,How can uneven air-fryer cooking be corrected?,en,Air Fryer,troubleshooting,source_disjoint_test,airfryer-033-scene-0024,airfryer-033,188.689,198.265,1,,,no,第4帧（t=194.4s）可见从塑料袋中取出的黑色空气炸锅，但全为开箱展示，未演示烹饪过程或受热不均的修正方法。,AI=0→R1=1：画面确实出现空气炸锅开箱，但仅展示产品，未演示受热不均的烹饪或修正。,R1,completed,2026-07-28T01:35:01+08:00
VQ-014,How can uneven air-fryer cooking be corrected?,en,Air Fryer,troubleshooting,source_disjoint_test,airfryer-033-scene-0034,airfryer-033,251.818,257.024,1,,,no,画面展示拆机内部，未涉及受热不均的纠正方法。,,R1,completed,2026-07-27T22:23:08+08:00
VQ-014,How can uneven air-fryer cooking be corrected?,en,Air Fryer,troubleshooting,source_disjoint_test,airfryer-033-scene-0086,airfryer-033,614.982,626.293,0,,,no,6帧（t=615.0s–626.3s）显示空气炸锅拆修过程：手持有拆下的控制面板、机身内部电线束与PCB板暴露；与'烹饪不均匀校正'无任何关联，未演示任何与烹饪性能修正相关的操作或设置步骤。,AI=1→R1=0：场景为拆修中持握控制面板，未涉及任何烹饪不均匀性的修正动作或说明，不能给到相关等级1。,R1,completed,2026-07-28T01:31:38+08:00
VQ-014,How can uneven air-fryer cooking be corrected?,en,Air Fryer,troubleshooting,source_disjoint_test,airfryer-033-scene-0124,airfryer-033,984.051,988.922,1,,,no,第1–5帧（984.1s–988.0s）显示手在拆解/修理黑色空气炸锅内部，产品出现但未演示任何解决受热不均的烹饪操作。,,R1,completed,2026-07-28T01:35:01+08:00
VQ-014,How can uneven air-fryer cooking be corrected?,en,Air Fryer,troubleshooting,source_disjoint_test,airfryer-033-scene-0141,airfryer-033,1222.289,1263.03,0,,,no,全部6帧（1222.3s–1263.0s）展示空气炸锅外壳/抽屉的机械对齐维修，未涉及烹饪过程中受热不均的纠正方法。,,R1,completed,2026-07-28T01:35:01+08:00
VQ-014,How can uneven air-fryer cooking be corrected?,en,Air Fryer,troubleshooting,source_disjoint_test,airfryer-033-scene-0149,airfryer-033,1314.581,1319.119,1,,,no,仅显示空气炸锅面板与打开的炸篮，无任何不均匀烹饪纠正或解释的画面或语音内容。,,R1,completed,2026-07-28T01:18:39+08:00
VQ-014,How can uneven air-fryer cooking be corrected?,en,Air Fryer,troubleshooting,source_disjoint_test,airfryer-033-scene-0152,airfryer-033,1338.539,1375.409,1,,,no,画面为手按压按钮和装有土豆的炸篮，无任何关于不均匀烹饪纠正的画面或语音内容。,,R1,completed,2026-07-28T01:18:39+08:00
VQ-014,How can uneven air-fryer cooking be corrected?,en,Air Fryer,troubleshooting,source_disjoint_test,pressure-006-scene-0005,pressure-006,15.083,17.625,0,,,no,画面为空气炸锅面板与烹饪画面，未展示受热不均或任何纠正操作，与问题无关。,,R1,completed,2026-07-27T22:01:34+08:00
VQ-014,How can uneven air-fryer cooking be corrected?,en,Air Fryer,troubleshooting,source_disjoint_test,pressure-006-scene-0006,pressure-006,17.625,19.875,0,,,no,Frames show food cooking with orange glow through the visual window; nothing about uneven cooking problems or corrective techniques is present.,,R1,completed,2026-07-28T01:18:39+08:00
VQ-014,How can uneven air-fryer cooking be corrected?,en,Air Fryer,troubleshooting,source_disjoint_test,pressure-006-scene-0007,pressure-006,19.875,22.417,1,,,no,Frames at 20.9s-21.9s show evenly browned chicken and potatoes with no signs of uneven cooking or any corrective action.,"AI marked 0; same air fryer product, no correction info available, so grade 1.",R1,completed,2026-07-28T01:18:39+08:00
VQ-014,How can uneven air-fryer cooking be corrected?,en,Air Fryer,troubleshooting,source_disjoint_test,pressure-006-scene-0008,pressure-006,22.417,26.042,0,,,no,Only loading is shown; there is no visual or spoken guidance about correcting uneven cooking.,,R1,completed,2026-07-28T01:18:39+08:00
VQ-014,How can uneven air-fryer cooking be corrected?,en,Air Fryer,troubleshooting,source_disjoint_test,pressure-006-scene-0010,pressure-006,29.458,34.083,0,,,no,画面未涉及受热不均及纠正方法。,,R1,completed,2026-07-27T22:17:08+08:00
VQ-014,How can uneven air-fryer cooking be corrected?,en,Air Fryer,troubleshooting,source_disjoint_test,pressure-006-scene-0011,pressure-006,34.083,37.875,0,,,no,Frames show cooked chicken wings in basket with 'rapid heating' text; nothing about uneven cooking or corrective actions is shown or mentioned.,,R1,completed,2026-07-28T01:18:39+08:00
VQ-014,How can uneven air-fryer cooking be corrected?,en,Air Fryer,troubleshooting,source_disjoint_test,pressure-006-scene-0016,pressure-006,51.167,53.625,0,,,no,全部6帧（51.2s–53.6s）仅展示盘中烤鸡与蔬菜面包，未出现空气炸锅，也未展示任何解决受热不均的操作。,,R1,completed,2026-07-28T01:35:01+08:00
VQ-015,空气炸锅冒烟或有明显油烟时怎样处理？,zh-CN,Air Fryer,troubleshooting,source_disjoint_test,airfryer-002-scene-0001,airfryer-002,0.0,11.044,0,,,no,画面无油烟、冒烟或处理异常的迹象与说明。,,R1,completed,2026-07-27T22:10:25+08:00
VQ-015,空气炸锅冒烟或有明显油烟时怎样处理？,zh-CN,Air Fryer,troubleshooting,source_disjoint_test,airfryer-002-scene-0006,airfryer-002,126.393,137.271,1,,,no,"All frames show calm food-prep activity with no smoke, steam, or oil mist visible; the scene contains zero content about diagnosing or responding to air fryer smoking or oil-fume issues.","第三轮仲裁修正：R1原记录 等级=0 时间=[None,None] 泄漏=no → 仲裁 等级=1 时间=[None,None] 泄漏=no。理由：采纳复核方：空气炸锅在全部6帧背景中可见，同产品出现但无烟雾/油烟及处理内容，符合等级1。",R1,completed,2026-07-28T20:35:21+08:00
VQ-015,空气炸锅冒烟或有明显油烟时怎样处理？,zh-CN,Air Fryer,troubleshooting,source_disjoint_test,airfryer-002-scene-0009,airfryer-002,241.808,257.424,0,,,no,画面无烟雾、油烟或相关处理动作；ASR仅提到'place our cookies'等装载步骤。,,R1,completed,2026-07-28T01:18:39+08:00
VQ-015,空气炸锅冒烟或有明显油烟时怎样处理？,zh-CN,Air Fryer,troubleshooting,source_disjoint_test,airfryer-002-scene-0010,airfryer-002,257.424,283.851,0,,,no,画面无油烟/冒烟迹象，ASR也未提及处理方法。,,R1,completed,2026-07-27T22:20:03+08:00
VQ-015,空气炸锅冒烟或有明显油烟时怎样处理？,zh-CN,Air Fryer,troubleshooting,source_disjoint_test,airfryer-005-scene-0008,airfryer-005,99.208,102.085,1,,,no,"No smoke, oil smoke, or handling thereof is visible in the frames.","Upgraded from AI grade 0 because the same air fryer product and use context appear, though the specific smoke issue is not addressed.",R1,completed,2026-07-28T01:18:39+08:00
VQ-015,空气炸锅冒烟或有明显油烟时怎样处理？,zh-CN,Air Fryer,troubleshooting,source_disjoint_test,airfryer-005-scene-0021,airfryer-005,202.502,207.465,1,,,no,画面为正常装篮过程，无烟、无油烟处理动作，与问题无关。,"第三轮仲裁修正：R1原记录 等级=0 时间=[None,None] 泄漏=no → 仲裁 等级=1 时间=[None,None] 泄漏=no。理由：采纳复核方：空气炸锅及炸篮在全部6帧中为核心视觉对象，同产品出现但为正常装篮过程无烟雾/油烟迹象，符合等级1。",R1,completed,2026-07-28T20:35:21+08:00
VQ-015,空气炸锅冒烟或有明显油烟时怎样处理？,zh-CN,Air Fryer,troubleshooting,source_disjoint_test,airfryer-005-scene-0023,airfryer-005,227.314,232.694,1,,,no,画面无油烟/冒烟迹象，ASR也未提及处理方法。,"第三轮仲裁修正：R1原记录 等级=0 时间=[None,None] 泄漏=no → 仲裁 等级=1 时间=[None,None] 泄漏=no。理由：采纳复核方：空气炸锅在全部6帧中为主体对象，同产品出现但画面无烟雾/油烟迹象及处理方法，符合等级1。",R1,completed,2026-07-28T20:35:21+08:00
VQ-015,空气炸锅冒烟或有明显油烟时怎样处理？,zh-CN,Air Fryer,troubleshooting,source_disjoint_test,airfryer-005-scene-0025,airfryer-005,239.199,243.87,1,,,no,画面无油烟/冒烟迹象，ASR也未提及处理方法。,,R1,completed,2026-07-27T22:10:25+08:00
VQ-015,空气炸锅冒烟或有明显油烟时怎样处理？,zh-CN,Air Fryer,troubleshooting,source_disjoint_test,airfryer-005-scene-0027,airfryer-005,266.222,270.142,1,,,no,画面无油烟/冒烟迹象，ASR也未提及处理方法。,"第三轮仲裁修正：R1原记录 等级=0 时间=[None,None] 泄漏=no → 仲裁 等级=1 时间=[None,None] 泄漏=no。理由：采纳复核方：空气炸锅炸篮在全部6帧中清晰可见，同产品出现但无烟雾/油烟迹象及ASR提及处理方法，符合等级1。",R1,completed,2026-07-28T20:35:21+08:00
VQ-015,空气炸锅冒烟或有明显油烟时怎样处理？,zh-CN,Air Fryer,troubleshooting,source_disjoint_test,airfryer-005-scene-0029,airfryer-005,272.56,276.897,0,,,no,"Frames at 272.6-276.9s show a normal cooked sandwich in the basket with no smoke, oil smoke, or any troubleshooting behavior; ASR only mentions spatula use.",,R1,completed,2026-07-28T01:18:39+08:00
VQ-015,空气炸锅冒烟或有明显油烟时怎样处理？,zh-CN,Air Fryer,troubleshooting,source_disjoint_test,airfryer-006-scene-0001,airfryer-006,0.0,4.538,0,,,no,画面无油烟或异常处理相关内容。,,R1,completed,2026-07-27T22:14:31+08:00
VQ-015,空气炸锅冒烟或有明显油烟时怎样处理？,zh-CN,Air Fryer,troubleshooting,source_disjoint_test,airfryer-006-scene-0005,airfryer-006,16.817,19.92,0,,,no,画面无油烟/冒烟迹象，ASR也未提及处理方法。,,R1,completed,2026-07-27T22:20:03+08:00
VQ-015,空气炸锅冒烟或有明显油烟时怎样处理？,zh-CN,Air Fryer,troubleshooting,source_disjoint_test,airfryer-006-scene-0006,airfryer-006,19.92,24.358,0,,,no,画面无烟雾、油烟，也无处理冒烟的语音或文字说明。,,R1,completed,2026-07-28T01:18:39+08:00
VQ-015,空气炸锅冒烟或有明显油烟时怎样处理？,zh-CN,Air Fryer,troubleshooting,source_disjoint_test,airfryer-011-scene-0001,airfryer-011,0.0,107.95,0,,,no,画面为正常烹饪，无烟、无油烟处理动作，与问题无关。,,R1,completed,2026-07-27T22:01:34+08:00
VQ-015,空气炸锅冒烟或有明显油烟时怎样处理？,zh-CN,Air Fryer,troubleshooting,source_disjoint_test,airfryer-017-scene-0018,airfryer-017,146.046,149.049,1,,,no,6帧（t=146.0s–149.1s）仅展示贴有“Out of Order”纸条的空气炸锅及手部掠过，无冒烟/油烟或其处理内容。,,R1,completed,2026-07-28T01:45:19+08:00
VQ-015,空气炸锅冒烟或有明显油烟时怎样处理？,zh-CN,Air Fryer,troubleshooting,source_disjoint_test,airfryer-017-scene-0020,airfryer-017,156.757,159.259,0,,,no,"No smoke, vapor, or oily residue is visible in any frame 156.8-158.8s.",,R1,completed,2026-07-28T01:18:39+08:00
VQ-015,空气炸锅冒烟或有明显油烟时怎样处理？,zh-CN,Air Fryer,troubleshooting,source_disjoint_test,airfryer-017-scene-0039,airfryer-017,427.127,431.431,0,,,no,"Frame at t=427.1s shows internal repair with no smoke, oil, or related troubleshooting; the OCR warning to unplug power is a generic safety message not tied to smoke.",,R1,completed,2026-07-28T01:18:39+08:00
VQ-015,空气炸锅冒烟或有明显油烟时怎样处理？,zh-CN,Air Fryer,troubleshooting,source_disjoint_test,airfryer-017-scene-0040,airfryer-017,431.431,442.042,0,,,no,第1-6帧（t=431.4s-442.1s）均为拆解后的空气炸锅内部线路与元件检修，画面中央有'UNPLUG POWER BEFORE GOING BACK TO WORK'字幕，未出现冒烟或油烟处理内容。,"AI=0→R1=1：画面为拆解后内部线路检修，未涉及冒烟或油烟的处理。 | 第三轮仲裁修正：R1原记录 等级=1 时间=[None,None] 泄漏=no → 仲裁 等级=0 时间=[None,None] 泄漏=no。理由：采纳复核方：t=431.4s–442.1s全部6帧为拆解后的内部线路/元件检修（ASR提及'I'm not getting any power'），属规范明确列举的'无关的维修/拆解'范畴（与冒烟/油烟查询完全无关），应判0级而非1级。",R1,completed,2026-07-28T20:35:21+08:00
VQ-015,空气炸锅冒烟或有明显油烟时怎样处理？,zh-CN,Air Fryer,troubleshooting,source_disjoint_test,airfryer-017-scene-0055,airfryer-017,637.103,644.711,1,,,no,第1-6帧（t=637.1s-644.7s）均为空气炸锅内部电路板、保险丝与线路的检测操作，未出现冒烟、油烟及处理动作。,AI=0→R1=1：产品内部电路可见，但场景为电气检测，与油烟/冒烟处理无关。,R1,completed,2026-07-28T01:35:01+08:00
VQ-015,空气炸锅冒烟或有明显油烟时怎样处理？,zh-CN,Air Fryer,troubleshooting,source_disjoint_test,airfryer-017-scene-0103,airfryer-017,1417.149,1426.091,0,,,no,"the scene shows repair/disassembly of an air fryer with no smoke, oil smoke, or related troubleshooting visible at any frame.",,R1,completed,2026-07-28T01:18:39+08:00
VQ-015,空气炸锅冒烟或有明显油烟时怎样处理？,zh-CN,Air Fryer,troubleshooting,source_disjoint_test,airfryer-017-scene-0104,airfryer-017,1426.091,1440.539,0,,,no,画面为空气炸锅拆解维修，无任何关于冒烟、油烟或故障处理的视觉或文字信息。,,R1,completed,2026-07-28T01:31:38+08:00
VQ-015,空气炸锅冒烟或有明显油烟时怎样处理？,zh-CN,Air Fryer,troubleshooting,source_disjoint_test,airfryer-017-scene-0112,airfryer-017,1506.839,1523.722,0,,,no,画面无油烟/冒烟迹象，ASR也未提及处理方法。,,R1,completed,2026-07-27T22:20:03+08:00
VQ-015,空气炸锅冒烟或有明显油烟时怎样处理？,zh-CN,Air Fryer,troubleshooting,source_disjoint_test,airfryer-024-scene-0003,airfryer-024,7.574,11.478,0,,,no,Frames at 9.9s-10.7s show oil bubbling around chicken in a deep fryer; no air fryer or smoke-troubleshooting content is present.,,R1,completed,2026-07-28T01:18:39+08:00
VQ-015,空气炸锅冒烟或有明显油烟时怎样处理？,zh-CN,Air Fryer,troubleshooting,source_disjoint_test,airfryer-024-scene-0005,airfryer-024,16.149,19.953,1,,,no,"At t=17.7s, there is no smoke, oil vapor, or any cooking malfunction depicted.","Same product shown, but no smoke or malfunction handling.",R1,completed,2026-07-28T01:18:39+08:00
VQ-015,空气炸锅冒烟或有明显油烟时怎样处理？,zh-CN,Air Fryer,troubleshooting,source_disjoint_test,airfryer-024-scene-0006,airfryer-024,19.953,22.689,0,,,no,"Frames t=20.0s-22.7s show only cooked fries being transferred, with no smoke, oil smoke, or troubleshooting.",,R1,completed,2026-07-28T01:18:39+08:00
VQ-015,空气炸锅冒烟或有明显油烟时怎样处理？,zh-CN,Air Fryer,troubleshooting,source_disjoint_test,airfryer-024-scene-0011,airfryer-024,43.777,56.69,1,,,no,"No smoke, oil smoke, or related troubleshooting appears in the product-demo frames.","第三轮仲裁修正：R1原记录 等级=0 时间=[None,None] 泄漏=no → 仲裁 等级=1 时间=[None,None] 泄漏=no。理由：采纳复核方：空气炸锅产品演示动画在全部6帧中出现，同产品可见但无冒烟/油烟/故障处理内容，符合等级1。",R1,completed,2026-07-28T20:35:21+08:00
VQ-015,空气炸锅冒烟或有明显油烟时怎样处理？,zh-CN,Air Fryer,troubleshooting,source_disjoint_test,airfryer-024-scene-0023,airfryer-024,104.371,106.773,1,,,no,画面仅展示洗碗机清洗场景，无任何冒烟、油烟或故障处理内容。,"第三轮仲裁修正：R1原记录 等级=0 时间=[None,None] 泄漏=no → 仲裁 等级=1 时间=[None,None] 泄漏=no。理由：6帧（t=104.4s-106.8s）展示炸篮放入洗碗机并叠加Dishwasher SAFE / Easy Cleanup文字，空气炸锅组件明确出现；但场景为洗碗机清洁而非冒烟/油烟处理，按同产品不回答评为1级。",R1,completed,2026-07-28T20:35:21+08:00
VQ-015,空气炸锅冒烟或有明显油烟时怎样处理？,zh-CN,Air Fryer,troubleshooting,source_disjoint_test,airfryer-024-scene-0024,airfryer-024,106.773,109.109,1,,,no,"At t=106.8s, there is no smoke, oil smoke, or any abnormal condition visible.","Same product visible, but no smoke or oil-smoke handling.",R1,completed,2026-07-28T01:18:39+08:00
VQ-015,空气炸锅冒烟或有明显油烟时怎样处理？,zh-CN,Air Fryer,troubleshooting,source_disjoint_test,airfryer-027-scene-0001,airfryer-027,0.0,7.508,0,,,no,画面无烟雾、油烟或相关处理动作。,,R1,completed,2026-07-28T01:18:39+08:00
VQ-015,空气炸锅冒烟或有明显油烟时怎样处理？,zh-CN,Air Fryer,troubleshooting,source_disjoint_test,airfryer-029-scene-0008,airfryer-029,38.0,43.92,0,,,no,画面无油烟/冒烟迹象，ASR也未提及处理方法。,,R1,completed,2026-07-27T22:14:31+08:00
VQ-015,空气炸锅冒烟或有明显油烟时怎样处理？,zh-CN,Air Fryer,troubleshooting,source_disjoint_test,airfryer-029-scene-0035,airfryer-029,197.32,200.52,1,,,no,"At t=197.3-200.5s, the chef handles raw chicken near an inactive air fryer with no visible smoke, oil fumes, or remedial action.","The air fryer appears in the kitchen scene, but no smoke or oil fumes are shown.",R1,completed,2026-07-28T01:18:39+08:00
VQ-015,空气炸锅冒烟或有明显油烟时怎样处理？,zh-CN,Air Fryer,troubleshooting,source_disjoint_test,airfryer-029-scene-0062,airfryer-029,377.0,381.28,0,,,no,同场景（t=377.0s–381.3s）：画面内容为给鸡块刷油的烹饪准备工作，无冒烟、油烟现象，也无任何故障排查或处理操作。,,R1,completed,2026-07-28T01:35:01+08:00
VQ-015,空气炸锅冒烟或有明显油烟时怎样处理？,zh-CN,Air Fryer,troubleshooting,source_disjoint_test,airfryer-029-scene-0064,airfryer-029,391.28,393.36,0,,,no,"From t=391.3s to 393.4s the scene shows only a hand adjusting a control knob; there is no smoke, oil fumes, or troubleshooting action visible.",,R1,completed,2026-07-28T01:18:39+08:00
VQ-015,空气炸锅冒烟或有明显油烟时怎样处理？,zh-CN,Air Fryer,troubleshooting,source_disjoint_test,airfryer-029-scene-0066,airfryer-029,403.92,405.96,0,,,no,画面为空气炸锅旋钮特写，无冒烟、油烟或处理动作，与问题无关。,,R1,completed,2026-07-27T22:01:34+08:00
VQ-015,空气炸锅冒烟或有明显油烟时怎样处理？,zh-CN,Air Fryer,troubleshooting,source_disjoint_test,airfryer-029-scene-0080,airfryer-029,502.16,505.96,1,,,no,6帧（t=502.2s–506.0s）展示黑色飞利浦空气炸锅侧面/背面及一只手伸向机身，但未出现冒烟、油烟或任何处理烟雾的动作。,AI=0→R1=1：画面确实呈现了空气炸锅本体，但未展示冒烟/油烟及其处理，属于产品出现但未回答查询。,R1,completed,2026-07-28T01:35:01+08:00
VQ-015,空气炸锅冒烟或有明显油烟时怎样处理？,zh-CN,Air Fryer,troubleshooting,source_disjoint_test,airfryer-030-scene-0001,airfryer-030,0.0,1092.15,1,,,no,No frame shows smoke or oil smoke; only the presenter and appliance are visible.,No smoke visible in sparse frames; lowered from AI grade 2 to 1.,R1,completed,2026-07-28T01:18:39+08:00
VQ-015,空气炸锅冒烟或有明显油烟时怎样处理？,zh-CN,Air Fryer,troubleshooting,source_disjoint_test,airfryer-032-scene-0004,airfryer-032,10.567,12.733,1,,,no,第1-6帧（t=10.6s-12.8s）显示用抹布清洁空气炸锅内部脏污发热管/底部，属于深度清洁，但未提及或演示冒烟/油烟出现时的处理。,AI=0→R1=1：产品出现且为清洁发热管，但未直接回答冒烟/油烟时的处理。,R1,completed,2026-07-28T01:35:01+08:00
VQ-015,空气炸锅冒烟或有明显油烟时怎样处理？,zh-CN,Air Fryer,troubleshooting,source_disjoint_test,airfryer-032-scene-0006,airfryer-032,14.767,16.767,0,,,no,画面未展示油烟、冒烟或处理步骤。,,R1,completed,2026-07-27T22:17:08+08:00
VQ-015,空气炸锅冒烟或有明显油烟时怎样处理？,zh-CN,Air Fryer,troubleshooting,source_disjoint_test,airfryer-032-scene-0014,airfryer-032,49.6,54.1,1,,,no,t=49.6s至t=54.1s帧展示的是日常清洁炸篮内残留物的常规操作，未涉及任何冒烟、油烟异常情况的处理方法（如检查温度、减少油脂量、清洁进风口等），同产品同品牌但与冒烟问题无关。,,R1,completed,2026-07-28T01:18:39+08:00
VQ-015,空气炸锅冒烟或有明显油烟时怎样处理？,zh-CN,Air Fryer,troubleshooting,source_disjoint_test,airfryer-032-scene-0017,airfryer-032,62.567,65.333,0,,,no,"Frames show a black air fryer with basket partially pulled out containing dry food crumbs; no smoke, fumes, vapor, or any troubleshooting guidance for smoke/oil issues is visible or audible.",,R1,completed,2026-07-28T01:18:39+08:00
VQ-015,空气炸锅冒烟或有明显油烟时怎样处理？,zh-CN,Air Fryer,troubleshooting,source_disjoint_test,airfryer-032-scene-0029,airfryer-032,127.133,131.2,1,,,no,6帧（t=127.1s–131.2s）显示一位女士在黑色空气炸锅旁开合检查，ASR提到新机异味，但未演示冒烟/油烟的处理方法。,,R1,completed,2026-07-28T01:45:19+08:00
VQ-015,空气炸锅冒烟或有明显油烟时怎样处理？,zh-CN,Air Fryer,troubleshooting,source_disjoint_test,airfryer-032-scene-0040,airfryer-032,179.167,182.167,1,,,no,ASR提到异味可放到室外安全处运行，属于异味/烟雾类 troubleshooting 的相邻建议，但画面未展示油烟处理。,AI原判为0级，但语音给出“气味太浓时放到室外运行”的相邻处理建议，故升为1级。,R1,completed,2026-07-27T22:12:04+08:00
VQ-015,空气炸锅冒烟或有明显油烟时怎样处理？,zh-CN,Air Fryer,troubleshooting,source_disjoint_test,airfryer-032-scene-0058,airfryer-032,267.2,269.833,1,,,no,"Frames at 267.2s-269.8s show the basket and appliance being handled with no smoke, oil smoke, or troubleshooting content.","AI marked 0; the same air fryer product is visible so it should be 1, not unrelated.",R1,completed,2026-07-28T01:18:39+08:00
VQ-015,空气炸锅冒烟或有明显油烟时怎样处理？,zh-CN,Air Fryer,troubleshooting,source_disjoint_test,airfryer-032-scene-0096,airfryer-032,454.9,457.1,1,,,no,第1–6帧（t=454.9s–457.1s）展示清洁内部油污残留，与冒烟或油烟处理无关。,,R1,completed,2026-07-28T01:35:01+08:00
VQ-015,空气炸锅冒烟或有明显油烟时怎样处理？,zh-CN,Air Fryer,troubleshooting,source_disjoint_test,airfryer-032-scene-0109,airfryer-032,510.067,513.267,1,,,no,第1–6帧（t=510.1s–513.3s）仅展示外壳清洁，未涉及冒烟或油烟处理方法。,,R1,completed,2026-07-28T01:35:01+08:00
VQ-015,空气炸锅冒烟或有明显油烟时怎样处理？,zh-CN,Air Fryer,troubleshooting,source_disjoint_test,airfryer-032-scene-0113,airfryer-032,522.967,525.6,0,,,no,6帧画面均无烟雾、油烟或相关处理动作；ASR仅提及通风口气流和干燥过夜。,,R1,completed,2026-07-28T01:18:39+08:00
VQ-015,空气炸锅冒烟或有明显油烟时怎样处理？,zh-CN,Air Fryer,troubleshooting,source_disjoint_test,airfryer-033-scene-0017,airfryer-033,134.134,139.84,0,,,no,6帧（t=134.1s–139.9s）为杂乱储物空间与搬运黑色袋子，未见空气炸锅、冒烟或油烟处理。,,R1,completed,2026-07-28T01:45:19+08:00
VQ-015,空气炸锅冒烟或有明显油烟时怎样处理？,zh-CN,Air Fryer,troubleshooting,source_disjoint_test,airfryer-033-scene-0034,airfryer-033,251.818,257.024,1,,,no,ASR提到断电/拆机，但画面无油烟或冒烟，未直接展示油烟处理方法。,,R1,completed,2026-07-27T22:23:08+08:00
VQ-015,空气炸锅冒烟或有明显油烟时怎样处理？,zh-CN,Air Fryer,troubleshooting,source_disjoint_test,airfryer-033-scene-0039,airfryer-033,276.043,281.014,0,,,no,所有帧均未出现烟雾或油烟，ASR仅讨论清洗，未提及冒烟处理。,AI等级为1，但画面中无烟雾、油烟，也无相关处理语音，应评为0。,R1,completed,2026-07-28T01:18:39+08:00
VQ-015,空气炸锅冒烟或有明显油烟时怎样处理？,zh-CN,Air Fryer,troubleshooting,source_disjoint_test,airfryer-033-scene-0046,airfryer-033,327.027,340.741,0,,,no,6帧（t=327.0s–340.8s）均为空气炸锅后盖/内部拆解，画面未见冒烟、油烟或任何相关处理动作。,,R1,completed,2026-07-28T01:45:19+08:00
VQ-015,空气炸锅冒烟或有明显油烟时怎样处理？,zh-CN,Air Fryer,troubleshooting,source_disjoint_test,airfryer-033-scene-0125,airfryer-033,988.922,994.795,0,,,no,"t=991.3s shows a hand holding a cleaning-product box near the open air fryer, but no smoke or smoke-handling action is visible.","AI graded 0, but the air fryer product is visible and the context is maintenance-related. | 第三轮仲裁修正：R1原记录 等级=1 时间=[None,None] 泄漏=no → 仲裁 等级=0 时间=[None,None] 泄漏=no。理由：6帧（t=988.9s-994.8s）展示手持BAUTECH COLA粘合剂盒靠近空气炸锅内部，配文提及'secagem em 3 horas'（干燥3小时），属修补/粘合维修场景；按规范'无关的维修/拆解'明确属0级，与查询'冒烟/油烟处理'完全无关。",R1,completed,2026-07-28T20:35:21+08:00
VQ-015,空气炸锅冒烟或有明显油烟时怎样处理？,zh-CN,Air Fryer,troubleshooting,source_disjoint_test,airfryer-033-scene-0134,airfryer-033,1088.555,1127.995,0,,,no,第2-5帧（t=1096.4s-1120.1s）显示破损的黑色空气炸锅外壳及贴胶带修补动作，未见冒烟、油烟或对应处理步骤。,"AI=0→R1=1：空气炸锅外壳破损可见，但场景为外壳修补，与油烟/冒烟处理无关。 | 第三轮仲裁修正：R1原记录 等级=1 时间=[None,None] 泄漏=no → 仲裁 等级=0 时间=[None,None] 泄漏=no。理由：6帧（t=1088.6s-1128.0s）显示WALITA空气炸锅外壳破损裂纹+贴银色胶带修补（Darth Vader）+柯基嗅纸箱，属外壳破损贴胶带维修场景；按规范'无关的维修/拆解'应为0级，与查询'冒烟/油烟处理'完全无关。",R1,completed,2026-07-28T20:35:21+08:00
VQ-015,空气炸锅冒烟或有明显油烟时怎样处理？,zh-CN,Air Fryer,troubleshooting,source_disjoint_test,airfryer-033-scene-0149,airfryer-033,1314.581,1319.119,0,,,no,画面中无烟雾或油烟迹象；ASR/OCR均无相关烟雾处理内容。,,R1,completed,2026-07-28T01:18:39+08:00
VQ-015,空气炸锅冒烟或有明显油烟时怎样处理？,zh-CN,Air Fryer,troubleshooting,source_disjoint_test,pressure-006-scene-0003,pressure-006,4.833,7.5,0,,,no,"Frames t=4.8s-7.5s show raw chicken preparation and loading, with no smoke or oil-smoke issue present.",,R1,completed,2026-07-28T01:18:39+08:00
VQ-015,空气炸锅冒烟或有明显油烟时怎样处理？,zh-CN,Air Fryer,troubleshooting,source_disjoint_test,pressure-006-scene-0005,pressure-006,15.083,17.625,0,,,no,画面为正常运行状态，无烟、无油烟处理动作，与问题无关。,,R1,completed,2026-07-27T22:01:34+08:00
VQ-015,空气炸锅冒烟或有明显油烟时怎样处理？,zh-CN,Air Fryer,troubleshooting,source_disjoint_test,pressure-006-scene-0007,pressure-006,19.875,22.417,1,,,no,No smoke or oil smoke appears in any frame of the window and ASR/OCR contain no smoke-troubleshooting content.,AI marked 0; the same air fryer is visible so it is not unrelated; raising to 1.,R1,completed,2026-07-28T01:18:39+08:00
VQ-015,空气炸锅冒烟或有明显油烟时怎样处理？,zh-CN,Air Fryer,troubleshooting,source_disjoint_test,pressure-006-scene-0009,pressure-006,26.042,29.458,0,,,no,画面无油烟/冒烟迹象，ASR也未提及处理方法。,,R1,completed,2026-07-27T22:23:08+08:00
VQ-015,空气炸锅冒烟或有明显油烟时怎样处理？,zh-CN,Air Fryer,troubleshooting,source_disjoint_test,pressure-006-scene-0013,pressure-006,40.0,46.042,1,,,no,"No smoke, oil spray, or troubleshooting action is visible in any frame from 40.0-44.9s.",AI graded 0 but scene is same-product; corrected to 1. | 第三轮仲裁复核：维持R1原判（等级/时间/泄漏均确认无误）。,R1,completed,2026-07-28T20:35:21+08:00
VQ-016,How can a hot air-fryer basket be removed safely?,en,Air Fryer,safety,source_disjoint_test,airfryer-002-scene-0009,airfryer-002,241.808,257.424,1,,,no,画面显示人手握持炸篮放入饼，属于'处理炸篮'的相关产品动作，但非'从热设备取出'演示，无安全取出指导。,AI=0→R1=1：炸篮确实被手持展示，但内容是装入而非取出热篮，提升到1（同产品但无法回答安全取出）。,R1,completed,2026-07-28T01:18:39+08:00
VQ-016,How can a hot air-fryer basket be removed safely?,en,Air Fryer,safety,source_disjoint_test,airfryer-002-scene-0010,airfryer-002,257.424,283.851,1,,,no,画面展示手持炸篮，但未说明高温安全取篮方法。,,R1,completed,2026-07-27T22:20:03+08:00
VQ-016,How can a hot air-fryer basket be removed safely?,en,Air Fryer,safety,source_disjoint_test,airfryer-002-scene-0011,airfryer-002,283.851,328.095,1,,,no,"Frame at t=301.5s shows a hand using red tongs to lift hot pastries from the basket, but the basket itself is not being removed.","Only food is removed with tongs, not the basket itself; downgraded from AI 2.",R1,completed,2026-07-28T01:18:39+08:00
VQ-016,How can a hot air-fryer basket be removed safely?,en,Air Fryer,safety,source_disjoint_test,airfryer-005-scene-0007,airfryer-005,93.036,99.208,2,94.3,98.8,no,第2–5帧（t≈94.3s–98.8s）清晰演示了男子拉开空气炸锅盖子并将炸篮完整抽出的动作过程；但全程未出现防烫手套等安全防护措施或'小心烫手'之类的安全提示，故为部分回答。,时间按实际证据片段重定位,R1,completed,2026-07-28T01:35:01+08:00
VQ-016,How can a hot air-fryer basket be removed safely?,en,Air Fryer,safety,source_disjoint_test,airfryer-005-scene-0008,airfryer-005,99.208,102.085,1,,,no,The basket is shown but no safe removal procedure for a hot basket is demonstrated.,,R1,completed,2026-07-28T01:18:39+08:00
VQ-016,How can a hot air-fryer basket be removed safely?,en,Air Fryer,safety,source_disjoint_test,airfryer-005-scene-0020,airfryer-005,199.291,202.502,1,,,no,frames 199.3-202.5s only show the basket already removed and resting on the counter; no action or technique for safely removing a hot basket is shown.,"AI grade 2 overstates relevance: the scene shows the end state of a removed basket, not the safe-removal procedure.",R1,completed,2026-07-28T01:18:39+08:00
VQ-016,How can a hot air-fryer basket be removed safely?,en,Air Fryer,safety,source_disjoint_test,airfryer-005-scene-0023,airfryer-005,227.314,232.694,1,,,no,画面展示手接触炸篮把手，但未说明高温安全取篮方法。,,R1,completed,2026-07-27T22:23:08+08:00
VQ-016,How can a hot air-fryer basket be removed safely?,en,Air Fryer,safety,source_disjoint_test,airfryer-005-scene-0028,airfryer-005,270.142,272.56,1,,,no,The basket is already out at t=270.1s and the man merely gestures near it; no demonstration of a safe hot-basket removal grip or temperature check is shown.,,R1,completed,2026-07-28T01:18:39+08:00
VQ-016,How can a hot air-fryer basket be removed safely?,en,Air Fryer,safety,source_disjoint_test,airfryer-005-scene-0029,airfryer-005,272.56,276.897,2,272.6,276.897,no,"Across 272.6-276.9s the ASR explicitly says 'won't be too hot, but if it is, you can just use a spatula to get it out' while a hand removes food from the basket, together indicating a safe-removal method for a hot basket, though the spatula itself is not clearly visible in frame.",时间按实际证据片段重定位,R1,completed,2026-07-28T01:18:39+08:00
VQ-016,How can a hot air-fryer basket be removed safely?,en,Air Fryer,safety,source_disjoint_test,airfryer-006-scene-0005,airfryer-006,16.817,19.92,0,,,no,画面未展示取篮动作或防烫安全措施。,,R1,completed,2026-07-27T22:20:03+08:00
VQ-016,How can a hot air-fryer basket be removed safely?,en,Air Fryer,safety,source_disjoint_test,airfryer-006-scene-0006,airfryer-006,19.92,24.358,1,,,no,第1帧 t=19.9s 炸篮被拉出，但未展示防烫措施或安全取篮方法。,,R1,completed,2026-07-28T01:18:39+08:00
VQ-016,How can a hot air-fryer basket be removed safely?,en,Air Fryer,safety,source_disjoint_test,airfryer-011-scene-0001,airfryer-011,0.0,107.95,1,,,no,画面86.3s帧展示切分/取食三明治，未展示如何安全取出高温炸篮（无手套、工具或操作步骤），无法直接回答。,,R1,completed,2026-07-27T22:01:34+08:00
VQ-016,How can a hot air-fryer basket be removed safely?,en,Air Fryer,safety,source_disjoint_test,airfryer-017-scene-0020,airfryer-017,156.757,159.259,1,,,no,"The basket is not in frame at t=156.8-158.8s and no safe-removal grip, oven mitt, or safety instruction is demonstrated.",,R1,completed,2026-07-28T01:18:39+08:00
VQ-016,How can a hot air-fryer basket be removed safely?,en,Air Fryer,safety,source_disjoint_test,airfryer-017-scene-0022,airfryer-017,164.264,172.005,1,,,no,画面展示取出烤盘/托盘，但未说明高温安全取篮方法。,,R1,completed,2026-07-27T22:12:04+08:00
VQ-016,How can a hot air-fryer basket be removed safely?,en,Air Fryer,safety,source_disjoint_test,airfryer-017-scene-0025,airfryer-017,210.477,230.697,0,,,no,全部6帧（t=210.5s–230.7s）显示双手拆卸烤箱门体（拧螺丝、取下门），全程无炸篮出现，也未展示任何炸篮取出或安全操作。,,R1,completed,2026-07-28T01:31:38+08:00
VQ-016,How can a hot air-fryer basket be removed safely?,en,Air Fryer,safety,source_disjoint_test,airfryer-017-scene-0028,airfryer-017,253.019,278.111,0,,,no,6帧（t=253.0s–278.1s）均为用螺丝刀拆卸空气炸锅底壳螺丝，未见炸篮，更无热炸篮安全取出动作。,,R1,completed,2026-07-28T01:45:19+08:00
VQ-016,How can a hot air-fryer basket be removed safely?,en,Air Fryer,safety,source_disjoint_test,airfryer-017-scene-0071,airfryer-017,933.866,986.486,0,,,no,画面仅展示内部加热线圈与金属网，未出现炸篮或其取出动作。,,R1,completed,2026-07-28T01:31:38+08:00
VQ-016,How can a hot air-fryer basket be removed safely?,en,Air Fryer,safety,source_disjoint_test,airfryer-017-scene-0072,airfryer-017,986.486,1016.048,0,,,no,6帧（t=986.5s–1016.1s）显示拆解空气炸锅内部加热管并附安全警告，未见炸篮及其安全取出。,,R1,completed,2026-07-28T01:45:19+08:00
VQ-016,How can a hot air-fryer basket be removed safely?,en,Air Fryer,safety,source_disjoint_test,airfryer-017-scene-0104,airfryer-017,1426.091,1440.539,1,,,no,6帧显示拆解空气炸锅顶盖及内部组件，未演示高温炸篮的安全取出动作。,,R1,completed,2026-07-28T01:31:38+08:00
VQ-016,How can a hot air-fryer basket be removed safely?,en,Air Fryer,safety,source_disjoint_test,airfryer-024-scene-0006,airfryer-024,19.953,22.689,1,,,no,"Frames t=20.0s-22.7s show the basket being held and used to pour fries, but no safe-removal technique is demonstrated.",,R1,completed,2026-07-28T01:18:39+08:00
VQ-016,How can a hot air-fryer basket be removed safely?,en,Air Fryer,safety,source_disjoint_test,airfryer-024-scene-0011,airfryer-024,43.777,56.69,1,,,no,"No basket removal, hot or otherwise, is shown in the frames.","第三轮仲裁修正：R1原记录 等级=0 时间=[None,None] 泄漏=no → 仲裁 等级=1 时间=[None,None] 泄漏=no。理由：采纳复核方：空气炸锅（含控制面板和剖面图）在全部6帧中展示，同产品出现但无炸篮取出动作或高温安全操作演示，符合等级1。",R1,completed,2026-07-28T20:35:21+08:00
VQ-016,How can a hot air-fryer basket be removed safely?,en,Air Fryer,safety,source_disjoint_test,airfryer-024-scene-0012,airfryer-024,56.69,63.73,2,58.1,63.7,no,"t=58.1s shows a hand grasping the air fryer basket handle and pulling the basket out of the appliance, demonstrating the removal action.",时间按实际证据片段重定位,R1,completed,2026-07-28T01:18:39+08:00
VQ-016,How can a hot air-fryer basket be removed safely?,en,Air Fryer,safety,source_disjoint_test,airfryer-024-scene-0013,airfryer-024,63.73,66.9,1,,,no,第3–5帧（t=65.0s–66.3s）显示将炸篮从主机中提起并倒出薯条，但未展示高温炸篮的安全取出方法或防护措施。,AI=2→R1=1：画面仅展示普通取出炸篮倒出食物，未演示高温状态下的安全取出方法或防护动作。,R1,completed,2026-07-28T01:35:01+08:00
VQ-016,How can a hot air-fryer basket be removed safely?,en,Air Fryer,safety,source_disjoint_test,airfryer-024-scene-0015,airfryer-024,70.137,73.974,2,70.137,73.974,no,"Frames t=70.1s-74.0s show a hand lifting the basket containing cooked food out of the appliance, but no explicit safety instruction is given.",时间按实际证据片段重定位,R1,completed,2026-07-28T01:18:39+08:00
VQ-016,How can a hot air-fryer basket be removed safely?,en,Air Fryer,safety,source_disjoint_test,airfryer-024-scene-0023,airfryer-024,104.371,106.773,1,,,no,画面展示洗碗机中的炸篮，未涉及从高温空气炸锅中取出炸篮的安全操作。,"第三轮仲裁修正：R1原记录 等级=0 时间=[None,None] 泄漏=no → 仲裁 等级=1 时间=[None,None] 泄漏=no。理由：炸篮作为产品组件在所有6帧中清晰可见（洗碗机场景），但未演示如何从高温炸锅中安全取出炸篮；按规范1级。",R1,completed,2026-07-28T20:35:21+08:00
VQ-016,How can a hot air-fryer basket be removed safely?,en,Air Fryer,safety,source_disjoint_test,airfryer-026-scene-0001,airfryer-026,0.0,213.46,1,,,no,画面未展示取出热炸篮的动作或安全提示。,,R1,completed,2026-07-28T01:18:39+08:00
VQ-016,How can a hot air-fryer basket be removed safely?,en,Air Fryer,safety,source_disjoint_test,airfryer-027-scene-0001,airfryer-027,0.0,7.508,0,,,no,场景无空气炸锅显示，无高温取篮的安全操作或提示。,,R1,completed,2026-07-28T01:18:39+08:00
VQ-016,How can a hot air-fryer basket be removed safely?,en,Air Fryer,safety,source_disjoint_test,airfryer-027-scene-0002,airfryer-027,7.508,283.4,0,,,no,画面无高温炸篮取出动作或安全工具，与问题无关。,,R1,completed,2026-07-27T22:01:40+08:00
VQ-016,How can a hot air-fryer basket be removed safely?,en,Air Fryer,safety,source_disjoint_test,airfryer-029-scene-0011,airfryer-029,50.08,53.48,2,50.08,53.48,no,"The basket is visibly detached and placed next to the main unit in multiple frames (t=52.1s, t=52.8s), demonstrating the post-removal state; however no actual removal action or safety instruction (e.g., handling hot surfaces) is shown.",,R1,completed,2026-07-28T01:18:39+08:00
VQ-016,How can a hot air-fryer basket be removed safely?,en,Air Fryer,safety,source_disjoint_test,airfryer-029-scene-0050,airfryer-029,307.84,311.96,1,,,no,画面展示放入食物，未展示取出热炸篮的动作或安全提示。,,R1,completed,2026-07-28T01:18:39+08:00
VQ-016,How can a hot air-fryer basket be removed safely?,en,Air Fryer,safety,source_disjoint_test,airfryer-029-scene-0060,airfryer-029,352.56,355.96,1,,,no,全部6帧（t=352.6s–356.0s）均为厨房主持人场景，红衣厨师在 PHILIPS 空气炸锅前讲解/演示，炸篮已抽出于锅外、内有食物，ASR 在讲'温度降到 180 度'，未演示取出热炸篮的握持、防烫或安全步骤。,AI=2→R1=1：场景显示炸篮已取出且有食物，但缺乏任何'如何安全取出'的操作动作或安全提示，无法直接回答该 query。,R1,completed,2026-07-28T01:45:19+08:00
VQ-016,How can a hot air-fryer basket be removed safely?,en,Air Fryer,safety,source_disjoint_test,airfryer-029-scene-0069,airfryer-029,428.36,431.84,1,,,no,frames show a hand on the handle of the open basket but no actual removal motion or safety technique for a hot basket.,,R1,completed,2026-07-28T01:18:39+08:00
VQ-016,How can a hot air-fryer basket be removed safely?,en,Air Fryer,safety,source_disjoint_test,airfryer-029-scene-0071,airfryer-029,436.0,439.76,1,,,no,The basket is already open throughout 436.0-439.0s and no safe removal motion or technique is demonstrated.,,R1,completed,2026-07-28T01:18:39+08:00
VQ-016,How can a hot air-fryer basket be removed safely?,en,Air Fryer,safety,source_disjoint_test,airfryer-030-scene-0001,airfryer-030,0.0,1092.15,2,873.5,874.0,no,仅第5帧（t=873.7s）显示用夹子夹取炸篮内食物/炸篮，与热炸篮安全取出相关，但未完整呈现取出动作与防烫细节。,"Sparse sampling places basket handling at 655.3-873.7 s, not 630-645 s. | 第三轮双复核一致修正：R1时间655.3-873.7→indep=873.5-874.0：655.3s帧仅显示手持包装盒，未呈现热炸篮取出相关画面，真正相关帧仅在873.7s附近。",R1,completed,2026-07-28T20:35:21+08:00
VQ-016,How can a hot air-fryer basket be removed safely?,en,Air Fryer,safety,source_disjoint_test,airfryer-032-scene-0013,airfryer-032,47.6,49.6,1,,,no,"Frames t=47.6s-49.6s show a dirty basket with cleaning narration, but no basket removal or safety guidance is shown.",,R1,completed,2026-07-28T01:18:39+08:00
VQ-016,How can a hot air-fryer basket be removed safely?,en,Air Fryer,safety,source_disjoint_test,airfryer-032-scene-0014,airfryer-032,49.6,54.1,1,,,no,t=49.6s至t=54.1s帧中炸篮已经从主机中取出并在手中进行清洁，全程未展示将炸篮从热的主机中取出的过程，也没有任何安全提示（如戴隔热手套、握住手柄等），无法回答安全取出热炸篮的方法。,,R1,completed,2026-07-28T01:18:39+08:00
VQ-016,How can a hot air-fryer basket be removed safely?,en,Air Fryer,safety,source_disjoint_test,airfryer-032-scene-0040,airfryer-032,179.167,182.167,1,,,no,画面展示拉开抽屉露出炸篮，但未展示高温安全取篮动作或防烫措施。,,R1,completed,2026-07-27T22:12:04+08:00
VQ-016,How can a hot air-fryer basket be removed safely?,en,Air Fryer,safety,source_disjoint_test,airfryer-032-scene-0077,airfryer-032,364.033,376.0,1,,,no,"At t=368.8s, the basket is being cleaned at a sink; no action shows removing a hot basket safely.","Same basket is shown, but no hot-basket removal action is depicted.",R1,completed,2026-07-28T01:18:39+08:00
VQ-016,How can a hot air-fryer basket be removed safely?,en,Air Fryer,safety,source_disjoint_test,airfryer-032-scene-0082,airfryer-032,397.1,401.7,1,,,no,全部6帧显示螺丝刀拧下炸篮/手柄组件螺丝，属于拆解维护而非“如何安全取出热炸篮”，未回答查询。,第三轮双复核一致修正：等级1≠R1的2；画面为拧螺丝拆解炸篮，并非安全取出热炸篮的操作。,R1,completed,2026-07-28T20:35:21+08:00
VQ-016,How can a hot air-fryer basket be removed safely?,en,Air Fryer,safety,source_disjoint_test,airfryer-032-scene-0107,airfryer-032,503.967,506.767,2,505.1,506.767,no,"At t=505.6s-t=506.8s a hand pulls the basket/drip-tray assembly out from the air fryer body, showing the physical removal action; however no explicit safety instruction (e.g., use oven mitts, wait for cooling) is visible or stated — the hand appears bare without protective gear.",时间按实际证据片段重定位,R1,completed,2026-07-28T01:18:39+08:00
VQ-016,How can a hot air-fryer basket be removed safely?,en,Air Fryer,safety,source_disjoint_test,airfryer-033-scene-0032,airfryer-033,233.1,242.109,1,,,no,第3–5帧（t=236.7s–240.3s）为拆解中的空气炸锅顶视图，炸篮已与主机分离放在右侧布面上，手放在主机内部，但全程未演示如何从主机中安全取出热炸篮，也没有把手势/防烫提示。,AI=2→R1=1：仅展示炸篮已分离的拆解状态，无任何'安全取出热炸篮'的动作演示或说明，不能直接回答该 query。,R1,completed,2026-07-28T01:45:19+08:00
VQ-016,How can a hot air-fryer basket be removed safely?,en,Air Fryer,safety,source_disjoint_test,airfryer-033-scene-0036,airfryer-033,259.96,266.9,2,260.0,266.9,no,"The basket is visibly detached from the main body and placed beside the unit throughout all frames (t=260.0s-266.9s), showing the post-removal state; however the actual removal motion, handle grip technique, or safety procedure for removing a hot basket is not demonstrated — only the end result of removal is visible.","AI gave grade 3 claiming direct demonstration of safe removal, but the contact sheet shows the basket already removed in every frame with no removal action or safety technique shown; downgraded to grade 2 as only the result (basket detached) is visible, not the process.",R1,completed,2026-07-28T01:18:39+08:00
VQ-016,How can a hot air-fryer basket be removed safely?,en,Air Fryer,safety,source_disjoint_test,airfryer-033-scene-0039,airfryer-033,276.043,281.014,1,,,no,第2-5帧 t=277.0s-280.0s 可见手拉炸篮手柄，但无隔热垫、防烫提示或安全操作说明。,AI等级为2，但画面虽展示拉出炸篮，未展示防烫、安全取篮方法或提示。,R1,completed,2026-07-28T01:18:39+08:00
VQ-016,How can a hot air-fryer basket be removed safely?,en,Air Fryer,safety,source_disjoint_test,airfryer-033-scene-0040,airfryer-033,281.014,283.116,1,,,no,The scene from 281.4-283.1s shows cleaning inside the basket with no removal action or safety demonstration.,,R1,completed,2026-07-28T01:18:39+08:00
VQ-016,How can a hot air-fryer basket be removed safely?,en,Air Fryer,safety,source_disjoint_test,airfryer-033-scene-0064,airfryer-033,465.499,470.437,2,465.5,470.4,no,t=465.5s至t=470.4s帧中人物操作的是已经从主机拆出放置在布面上的炸篮（t=468.5s至t=469.4s伸手入篮内），并未展示从热主机中安全取出炸篮的动作过程或任何安全注意事项（如防烫、握持方式等），属于相邻内容。,时间按实际证据片段重定位,R1,completed,2026-07-28T01:18:39+08:00
VQ-016,How can a hot air-fryer basket be removed safely?,en,Air Fryer,safety,source_disjoint_test,airfryer-033-scene-0073,airfryer-033,525.792,532.733,1,,,no,6帧显示拆解后的炸篮部件被手持摆放，未演示高温状态下安全取出炸篮的操作。,AI=2→R1=1，画面仅展示已拆解的炸篮部件，未演示高温炸篮的安全取出步骤。,R1,completed,2026-07-28T01:31:38+08:00
VQ-016,How can a hot air-fryer basket be removed safely?,en,Air Fryer,safety,source_disjoint_test,pressure-006-scene-0007,pressure-006,19.875,22.417,1,,,no,Frames at 20.9s-21.9s show the basket seated with food inside from a top angle; no safety instruction on handling a hot basket is provided.,"AI marked 0; same air fryer product visible, no removal-safety answer present, so grade 1.",R1,completed,2026-07-28T01:18:39+08:00
VQ-016,How can a hot air-fryer basket be removed safely?,en,Air Fryer,safety,source_disjoint_test,pressure-006-scene-0008,pressure-006,22.417,26.042,1,,,no,"The frames show placing wings into the basket, not removing a hot basket or any safety procedure.",,R1,completed,2026-07-28T01:18:39+08:00
VQ-016,How can a hot air-fryer basket be removed safely?,en,Air Fryer,safety,source_disjoint_test,pressure-006-scene-0013,pressure-006,40.0,46.042,1,,,no,"The basket is already pulled out and loaded with food at 43.6-44.9s, with no removal motion or safety step shown.",AI graded 0 but scene is same-product; corrected to 1. | 第三轮仲裁复核：维持R1原判（等级/时间/泄漏均确认无误）。,R1,completed,2026-07-28T20:35:21+08:00
VQ-016,How can a hot air-fryer basket be removed safely?,en,Air Fryer,safety,source_disjoint_test,pressure-006-scene-0017,pressure-006,53.625,55.833,1,,,no,全部6帧（t=53.6s–55.8s）中炸篮已脱离主机并在水槽中被冲洗，但画面未展示从主机中取出炸篮的过程，也无任何安全注意事项说明。,AI=2→R1=1：画面中炸篮已被取出并直接进入水洗环节，未演示'如何安全取出'的动作过程或安全提示，无法回答该查询。,R1,completed,2026-07-28T01:31:38+08:00
VQ-017,使用空气炸锅时怎样避免堵住进出风口？,zh-CN,Air Fryer,safety,source_disjoint_test,airfryer-002-scene-0001,airfryer-002,0.0,11.044,0,,,no,画面未展示进出风口位置，也无避免堵塞的相关说明。,,R1,completed,2026-07-27T22:10:25+08:00
VQ-017,使用空气炸锅时怎样避免堵住进出风口？,zh-CN,Air Fryer,safety,source_disjoint_test,airfryer-002-scene-0007,airfryer-002,137.271,191.625,0,,,no,第1-6帧（t=137.3s-191.6s）均为手工制作酥皮点心过程，无空气炸锅及进出风口相关画面或说明。,,R1,completed,2026-07-28T01:35:01+08:00
VQ-017,使用空气炸锅时怎样避免堵住进出风口？,zh-CN,Air Fryer,safety,source_disjoint_test,airfryer-002-scene-0009,airfryer-002,241.808,257.424,0,,,no,画面未显示空气炸锅进出风口或堵塞防范相关内容；ASR/OCR也未涉及。,,R1,completed,2026-07-28T01:18:39+08:00
VQ-017,使用空气炸锅时怎样避免堵住进出风口？,zh-CN,Air Fryer,safety,source_disjoint_test,airfryer-002-scene-0010,airfryer-002,257.424,283.851,0,,,no,画面未展示进出风口或堵塞风险说明。,,R1,completed,2026-07-27T22:20:03+08:00
VQ-017,使用空气炸锅时怎样避免堵住进出风口？,zh-CN,Air Fryer,safety,source_disjoint_test,airfryer-005-scene-0010,airfryer-005,108.674,119.766,1,,,no,"At t=119.8s, the basket is open with bread inside and no vent obstruction or airflow discussion is shown.","Same air fryer product, but no vent blockage evidence or instruction.",R1,completed,2026-07-28T01:18:39+08:00
VQ-017,使用空气炸锅时怎样避免堵住进出风口？,zh-CN,Air Fryer,safety,source_disjoint_test,airfryer-005-scene-0021,airfryer-005,202.502,207.465,1,,,no,画面仅展示炸篮放入机身，未出现进出风口、 airflow 相关画面或提示，无法回答如何避免堵住风口。,,R1,completed,2026-07-27T22:01:34+08:00
VQ-017,使用空气炸锅时怎样避免堵住进出风口？,zh-CN,Air Fryer,safety,source_disjoint_test,airfryer-005-scene-0023,airfryer-005,227.314,232.694,1,,,no,画面未展示进出风口或堵塞风险说明。,"第三轮仲裁修正：R1原记录 等级=0 时间=[None,None] 泄漏=no → 仲裁 等级=1 时间=[None,None] 泄漏=no。理由：采纳复核方：空气炸锅在全部6帧中出现，同产品但未展示进出风口或堵塞风险说明，符合等级1。",R1,completed,2026-07-28T20:35:21+08:00
VQ-017,使用空气炸锅时怎样避免堵住进出风口？,zh-CN,Air Fryer,safety,source_disjoint_test,airfryer-005-scene-0025,airfryer-005,239.199,243.87,1,,,no,画面未展示进出风口位置或堵塞风险，无相关说明。,,R1,completed,2026-07-27T22:10:25+08:00
VQ-017,使用空气炸锅时怎样避免堵住进出风口？,zh-CN,Air Fryer,safety,source_disjoint_test,airfryer-005-scene-0029,airfryer-005,272.56,276.897,0,,,no,"Frames at 272.6-276.9s show only the open basket with food on a kitchen counter; no air vents, airflow discussion, or blockage information is visible or spoken.",,R1,completed,2026-07-28T01:18:39+08:00
VQ-017,使用空气炸锅时怎样避免堵住进出风口？,zh-CN,Air Fryer,safety,source_disjoint_test,airfryer-005-scene-0031,airfryer-005,280.4,283.653,1,,,no,"At t=280.4s, the frames focus on plate and basket placement, with no view of air vents or instructions about blocking them.","Same air fryer product is visible, but no vent-related evidence appears.",R1,completed,2026-07-28T01:18:39+08:00
VQ-017,使用空气炸锅时怎样避免堵住进出风口？,zh-CN,Air Fryer,safety,source_disjoint_test,airfryer-006-scene-0001,airfryer-006,0.0,4.538,0,,,no,画面未展示进出风口或堵塞风险说明。,,R1,completed,2026-07-27T22:14:31+08:00
VQ-017,使用空气炸锅时怎样避免堵住进出风口？,zh-CN,Air Fryer,safety,source_disjoint_test,airfryer-006-scene-0004,airfryer-006,10.878,16.817,0,,,no,All frames show hands wrapping cookies in dough on a cutting board; no air fryer device or its vents are visible anywhere in the scene.,,R1,completed,2026-07-28T01:18:39+08:00
VQ-017,使用空气炸锅时怎样避免堵住进出风口？,zh-CN,Air Fryer,safety,source_disjoint_test,airfryer-006-scene-0005,airfryer-006,16.817,19.92,0,,,no,画面未展示进出风口或堵塞风险说明。,,R1,completed,2026-07-27T22:20:03+08:00
VQ-017,使用空气炸锅时怎样避免堵住进出风口？,zh-CN,Air Fryer,safety,source_disjoint_test,airfryer-006-scene-0006,airfryer-006,19.92,24.358,0,,,no,画面未展示进出风口位置，也未提及避免堵塞的注意事项。,,R1,completed,2026-07-28T01:18:39+08:00
VQ-017,使用空气炸锅时怎样避免堵住进出风口？,zh-CN,Air Fryer,safety,source_disjoint_test,airfryer-011-scene-0001,airfryer-011,0.0,107.95,0,,,no,画面为烹饪流程，未出现进出风口或防堵提示，与问题无关。,,R1,completed,2026-07-27T22:01:34+08:00
VQ-017,使用空气炸锅时怎样避免堵住进出风口？,zh-CN,Air Fryer,safety,source_disjoint_test,airfryer-017-scene-0019,airfryer-017,149.049,156.757,1,,,no,The frames show the appliance exterior but no vents or guidance about blocking them.,Same product visible; raised from AI grade 0 to 1.,R1,completed,2026-07-28T01:18:39+08:00
VQ-017,使用空气炸锅时怎样避免堵住进出风口？,zh-CN,Air Fryer,safety,source_disjoint_test,airfryer-017-scene-0020,airfryer-017,156.757,159.259,0,,,no,No air-vent intake or exhaust opening is the focus of frames 156.8-158.8s; only the internal coil/rack is shown with no blockage discussion.,"AI gave 1 (same product), but no vent-related content is visible in the scene so 0 is more accurate.",R1,completed,2026-07-28T01:18:39+08:00
VQ-017,使用空气炸锅时怎样避免堵住进出风口？,zh-CN,Air Fryer,safety,source_disjoint_test,airfryer-017-scene-0022,airfryer-017,164.264,172.005,0,,,no,画面未展示进出风口或堵塞风险。,,R1,completed,2026-07-27T22:12:04+08:00
VQ-017,使用空气炸锅时怎样避免堵住进出风口？,zh-CN,Air Fryer,safety,source_disjoint_test,airfryer-017-scene-0024,airfryer-017,185.385,210.477,0,,,no,全部6帧（t=185.4s–210.5s）显示拆开的空气炸锅内部，叠加字幕'TOO BIG / TOO SMALL / KINDA WORKS'对比螺丝刀尺寸，ASR 在抱怨标准螺丝刀太大、微型螺丝刀又太小找不到合适工具，是维修场景，与'避免堵住进出风口'无关。,,R1,completed,2026-07-28T01:45:19+08:00
VQ-017,使用空气炸锅时怎样避免堵住进出风口？,zh-CN,Air Fryer,safety,source_disjoint_test,airfryer-017-scene-0049,airfryer-017,558.491,561.161,1,,,no,第1–6帧（t=558.5s–561.2s）显示一人用螺丝刀操作拆开的空气炸锅底部面板，产品出现但为拆解维修画面，未涉及进出风口。,,R1,completed,2026-07-28T01:45:19+08:00
VQ-017,使用空气炸锅时怎样避免堵住进出风口？,zh-CN,Air Fryer,safety,source_disjoint_test,airfryer-017-scene-0066,airfryer-017,782.248,840.273,0,,,no,全部6帧（t=782.2s–840.3s）均为空气炸锅维修拆解画面，展示风扇电机、转轴、加热元件等内部组件及标注（'REMOVE NUT''NOTHING TO GRAB'），与进出风口防堵塞完全无关。,,R1,completed,2026-07-28T01:31:38+08:00
VQ-017,使用空气炸锅时怎样避免堵住进出风口？,zh-CN,Air Fryer,safety,source_disjoint_test,airfryer-017-scene-0074,airfryer-017,1022.388,1030.196,0,,,no,第1–6帧（t=1022.4s–1030.2s）显示一人在拆开的电器内部拉拽电线、使用工具，纯内部接线操作，与进出风口无关。,,R1,completed,2026-07-28T01:45:19+08:00
VQ-017,使用空气炸锅时怎样避免堵住进出风口？,zh-CN,Air Fryer,safety,source_disjoint_test,airfryer-017-scene-0111,airfryer-017,1503.268,1506.839,1,,,no,第1–6帧（t=1503.3s–1506.8s）显示一人用螺丝刀拆解空气炸锅内部组件，产品出现但内容为维修拆解，与'避免堵住进出风口'完全无关。,,R1,completed,2026-07-28T01:45:19+08:00
VQ-017,使用空气炸锅时怎样避免堵住进出风口？,zh-CN,Air Fryer,safety,source_disjoint_test,airfryer-024-scene-0006,airfryer-024,19.953,22.689,0,,,no,"Frames t=20.0s-22.7s show only fries being poured out, with no mention or visual of air vents or airflow obstruction.",,R1,completed,2026-07-28T01:18:39+08:00
VQ-017,使用空气炸锅时怎样避免堵住进出风口？,zh-CN,Air Fryer,safety,source_disjoint_test,airfryer-024-scene-0008,airfryer-024,28.862,36.536,1,,,no,"The frames depict standard air fryer operation — pulling out the basket of cooked fries and serving them; no visual, spoken, or text content addresses avoiding blockage of air intake or exhaust vents.","第三轮仲裁修正：R1原记录 等级=0 时间=[None,None] 泄漏=no → 仲裁 等级=1 时间=[None,None] 泄漏=no。理由：采纳复核方：空气炸锅在全部6帧使用过程中清晰可见，同产品出现但未展示进出风口或堵塞风险说明，符合等级1。",R1,completed,2026-07-28T20:35:21+08:00
VQ-017,使用空气炸锅时怎样避免堵住进出风口？,zh-CN,Air Fryer,safety,source_disjoint_test,airfryer-024-scene-0009,airfryer-024,36.536,40.974,1,,,no,画面未展示进出风口或堵塞风险说明。,"第三轮仲裁修正：R1原记录 等级=0 时间=[None,None] 泄漏=no → 仲裁 等级=1 时间=[None,None] 泄漏=no。理由：采纳复核方：空气炸锅控制面板在全部6帧中清晰展示，同产品出现但未涉及进出风口堵塞问题，符合等级1。",R1,completed,2026-07-28T20:35:21+08:00
VQ-017,使用空气炸锅时怎样避免堵住进出风口？,zh-CN,Air Fryer,safety,source_disjoint_test,airfryer-024-scene-0011,airfryer-024,43.777,56.69,1,,,no,The frames show airflow animations but no guidance on avoiding vent blockage.,"第三轮仲裁修正：R1原记录 等级=0 时间=[None,None] 泄漏=no → 仲裁 等级=1 时间=[None,None] 泄漏=no。理由：采纳复核方：空气炸锅含气流动画在全部6帧中清晰可见，同产品出现但无进出风口堵塞相关指导内容，符合等级1。",R1,completed,2026-07-28T20:35:21+08:00
VQ-017,使用空气炸锅时怎样避免堵住进出风口？,zh-CN,Air Fryer,safety,source_disjoint_test,airfryer-024-scene-0012,airfryer-024,56.69,63.73,1,,,no,"t=59.5s shows the air fryer basket being handled, but no vents or guidance about avoiding blocked airflow is shown.","AI graded 0, but the air fryer product is visible and in use.",R1,completed,2026-07-28T01:18:39+08:00
VQ-017,使用空气炸锅时怎样避免堵住进出风口？,zh-CN,Air Fryer,safety,source_disjoint_test,airfryer-024-scene-0013,airfryer-024,63.73,66.9,1,,,no,第1–6帧（t=63.7s–66.9s）均为烹饪和倒出薯条，未涉及进出风口或堵塞问题。,"第三轮仲裁修正：R1原记录 等级=0 时间=[None,None] 泄漏=no → 仲裁 等级=1 时间=[None,None] 泄漏=no。理由：女士操作空气炸锅装薯条的画面在所有帧可见，产品明确出现但未涉及进出风口话题；按规范1级而非0级。",R1,completed,2026-07-28T20:35:21+08:00
VQ-017,使用空气炸锅时怎样避免堵住进出风口？,zh-CN,Air Fryer,safety,source_disjoint_test,airfryer-024-scene-0014,airfryer-024,66.9,70.137,1,,,no,The scene covers air fryer operation and food serving (t=66.9-70.2s) with 'EASY To Use!' text overlays; no content addresses air vent placement or avoiding blockage of intake/exhaust vents.,"第三轮仲裁修正：R1原记录 等级=0 时间=[None,None] 泄漏=no → 仲裁 等级=1 时间=[None,None] 泄漏=no。理由：空气炸锅产品在画面中清晰出现并正在使用，未涉及进出风口/堵塞话题；按规范1级。",R1,completed,2026-07-28T20:35:21+08:00
VQ-017,使用空气炸锅时怎样避免堵住进出风口？,zh-CN,Air Fryer,safety,source_disjoint_test,airfryer-027-scene-0001,airfryer-027,0.0,7.508,0,,,no,画面无空气炸锅出现，ASR/OCR也未涉及进出风口堵塞防范。,,R1,completed,2026-07-28T01:18:39+08:00
VQ-017,使用空气炸锅时怎样避免堵住进出风口？,zh-CN,Air Fryer,safety,source_disjoint_test,airfryer-029-scene-0008,airfryer-029,38.0,43.92,1,,,no,画面未展示进出风口位置或堵塞风险说明。,,R1,completed,2026-07-27T22:14:31+08:00
VQ-017,使用空气炸锅时怎样避免堵住进出风口？,zh-CN,Air Fryer,safety,source_disjoint_test,airfryer-029-scene-0050,airfryer-029,307.84,311.96,1,,,no,画面未展示进出风口或避免堵塞的相关内容。,,R1,completed,2026-07-28T01:18:39+08:00
VQ-017,使用空气炸锅时怎样避免堵住进出风口？,zh-CN,Air Fryer,safety,source_disjoint_test,airfryer-029-scene-0064,airfryer-029,391.28,393.36,1,,,no,The scene from t=391.3s to 393.4s focuses on the control knob and open drawer; no intake/exhaust vents are shown or discussed.,,R1,completed,2026-07-28T01:18:39+08:00
VQ-017,使用空气炸锅时怎样避免堵住进出风口？,zh-CN,Air Fryer,safety,source_disjoint_test,airfryer-029-scene-0066,airfryer-029,403.92,405.96,0,,,no,画面仅展示旋钮与品牌标识，未出现进出风口或防堵相关内容，与问题无关。,,R1,completed,2026-07-27T22:01:34+08:00
VQ-017,使用空气炸锅时怎样避免堵住进出风口？,zh-CN,Air Fryer,safety,source_disjoint_test,airfryer-029-scene-0070,airfryer-029,431.84,436.0,0,,,no,The scene shows a chef stirring food in an air fryer but provides no visual or spoken information about air vents or how to avoid blocking them.,,R1,completed,2026-07-28T01:18:39+08:00
VQ-017,使用空气炸锅时怎样避免堵住进出风口？,zh-CN,Air Fryer,safety,source_disjoint_test,airfryer-029-scene-0080,airfryer-029,502.16,505.96,1,,,no,6帧（t=502.2s–506.0s）呈现了空气炸锅后部格栅状进出风口外观，有一只手在机身附近移动，但未演示如何避免堵住风口（如保持距离、清洁方式等）。,AI=0→R1=1：画面展示了进出风口外观，但未完整演示避免堵住风口的方法，未直接回答查询。,R1,completed,2026-07-28T01:35:01+08:00
VQ-017,使用空气炸锅时怎样避免堵住进出风口？,zh-CN,Air Fryer,safety,source_disjoint_test,airfryer-029-scene-0082,airfryer-029,517.0,520.88,0,,,no,第1–6帧（t=517.0s–520.9s）仅显示一只手搭在Philips空气炸锅盖子上静止不动，无任何与进出风口相关的内容。,,R1,completed,2026-07-28T01:45:19+08:00
VQ-017,使用空气炸锅时怎样避免堵住进出风口？,zh-CN,Air Fryer,safety,source_disjoint_test,airfryer-030-scene-0001,airfryer-030,0.0,1092.15,1,,,no,No frame displays air intake/exhaust vents or guidance about blocking them.,,R1,completed,2026-07-28T01:18:39+08:00
VQ-017,使用空气炸锅时怎样避免堵住进出风口？,zh-CN,Air Fryer,safety,source_disjoint_test,airfryer-032-scene-0013,airfryer-032,47.6,49.6,1,,,uncertain,画面仅显示炸篮残渣，未展示进出风口位置，也未演示如何避免堵塞风口。,第三轮双复核一致修正：R1=2→indep=1：脏炸篮画面与风口堵塞问题关联过远，未呈现风口或防堵方法。泄漏标记由no改为uncertain。,R1,completed,2026-07-28T20:35:21+08:00
VQ-017,使用空气炸锅时怎样避免堵住进出风口？,zh-CN,Air Fryer,safety,source_disjoint_test,airfryer-032-scene-0014,airfryer-032,49.6,54.1,1,,,no,t=49.6s至t=54.1s帧仅展示用纸巾清洁炸篮内部的油脂残留，画面和语音均未涉及进出风口的位置、结构或如何避免堵塞的内容，同产品但与进出风口堵塞问题无直接关联。,,R1,completed,2026-07-28T01:18:39+08:00
VQ-017,使用空气炸锅时怎样避免堵住进出风口？,zh-CN,Air Fryer,safety,source_disjoint_test,airfryer-032-scene-0042,airfryer-032,194.067,196.8,1,,,no,"Frames show residue buildup on and around the spiral heating element interior (t=194.1s-196.8s), which is near airflow paths, but there is no instruction, demonstration, or verbal guidance about how to avoid blocking vents; ASR mentions deep cleaning but not vent blockage prevention.",,R1,completed,2026-07-28T01:18:39+08:00
VQ-017,使用空气炸锅时怎样避免堵住进出风口？,zh-CN,Air Fryer,safety,source_disjoint_test,airfryer-032-scene-0049,airfryer-032,235.6,240.2,1,,,no,全部6帧（t=235.6s–240.2s）展示空气炸锅内部的螺旋加热元件特写，产品出现但画面仅聚焦加热部件本身，未涉及进出风口或防堵塞任何内容。,,R1,completed,2026-07-28T01:31:38+08:00
VQ-017,使用空气炸锅时怎样避免堵住进出风口？,zh-CN,Air Fryer,safety,source_disjoint_test,airfryer-032-scene-0055,airfryer-032,255.8,262.3,0,,,no,第1–2帧（t=255.8–257.1s）与第6帧（t=262.3s）为手拔插头离开墙壁插座，第3–5帧（t=258.4–261.0s）为穿粉色开衫的女主在厨房讲解，ASR 内容为'拔插头、待空气炸锅完全冷却后再清洁内部、着急就把炸篮拉出帮助降温'，与进出风口堵塞完全无关。,,R1,completed,2026-07-28T01:45:19+08:00
VQ-017,使用空气炸锅时怎样避免堵住进出风口？,zh-CN,Air Fryer,safety,source_disjoint_test,airfryer-032-scene-0058,airfryer-032,267.2,269.833,1,,,no,Frames at 267.2s-269.8s show only the basket exterior and appliance body; vents and airflow-blocking guidance are not addressed.,"AI marked 0; same air fryer visible, raising to 1 since not unrelated.",R1,completed,2026-07-28T01:18:39+08:00
VQ-017,使用空气炸锅时怎样避免堵住进出风口？,zh-CN,Air Fryer,safety,source_disjoint_test,airfryer-032-scene-0062,airfryer-032,286.967,289.567,1,,,no,"The scene from t=287.0s to 289.6s shows the heating element after turning the unit upside down, with no view of intake/exhaust vents or instructions about blocking them.",,R1,completed,2026-07-28T01:18:39+08:00
VQ-017,使用空气炸锅时怎样避免堵住进出风口？,zh-CN,Air Fryer,safety,source_disjoint_test,airfryer-032-scene-0109,airfryer-032,510.067,513.267,1,,,no,第1–6帧（t=510.1s–513.3s）展示外壳擦拭，虽ASR提及风扇通风口检查，但画面未演示使用中如何避免堵住进出风口。,,R1,completed,2026-07-28T01:35:01+08:00
VQ-017,使用空气炸锅时怎样避免堵住进出风口？,zh-CN,Air Fryer,safety,source_disjoint_test,airfryer-032-scene-0113,airfryer-032,522.967,525.6,1,,,no,ASR提到'airflow of the vents'，但仅在描述干燥过夜，未给出如何避免堵塞进出风口的指导；画面也未显示风口。,,R1,completed,2026-07-28T01:18:39+08:00
VQ-017,使用空气炸锅时怎样避免堵住进出风口？,zh-CN,Air Fryer,safety,source_disjoint_test,airfryer-033-scene-0034,airfryer-033,251.818,257.024,1,,,no,画面展示拆机后的内部结构，但未说明进出风口位置或堵塞风险。,,R1,completed,2026-07-27T22:23:08+08:00
VQ-017,使用空气炸锅时怎样避免堵住进出风口？,zh-CN,Air Fryer,safety,source_disjoint_test,airfryer-033-scene-0039,airfryer-033,276.043,281.014,0,,,no,所有帧仅展示炸篮内部残渣，未出现风口或堵塞相关视觉/语音。,AI等级为2，但画面与语音均未涉及进出风口位置或避免堵塞的方法。,R1,completed,2026-07-28T01:18:39+08:00
VQ-017,使用空气炸锅时怎样避免堵住进出风口？,zh-CN,Air Fryer,safety,source_disjoint_test,airfryer-033-scene-0054,airfryer-033,387.654,397.965,0,,,no,全部6帧（t=387.7s–398.0s）显示戴狼面具的人在用适配器钥匙/胶带对空气炸锅外壳做改装，ASR 讨论'适配器钥匙塞不进小孔、用无人机钥匙加绝缘胶带才塞入'，与进出风口/气流堵塞完全无关。,,R1,completed,2026-07-28T01:45:19+08:00
VQ-017,使用空气炸锅时怎样避免堵住进出风口？,zh-CN,Air Fryer,safety,source_disjoint_test,airfryer-033-scene-0055,airfryer-033,397.965,402.703,1,,,no,全部6帧中空气炸锅内腔在第1、2、6帧较清晰可见，有人用螺丝刀在内腔操作，但画面未涉及进出风口位置或防堵塞的任何信息，产品出现但不回答查询。,,R1,completed,2026-07-28T01:31:38+08:00
VQ-017,使用空气炸锅时怎样避免堵住进出风口？,zh-CN,Air Fryer,safety,source_disjoint_test,airfryer-033-scene-0105,airfryer-033,803.871,814.414,1,,,no,全部6帧（t=803.9s–814.4s）为顶视拆解中的空气炸锅，双手在操作内部组件/控制模块，ASR 提到'用小钥匙在调螺丝'，是维修场景，未涉及进出风口、食物摆放或气流堵塞相关的内容。,AI=1→R1=1 同级：产品仍是空气炸锅（同产品），但场景为拆解维修而非使用，没有对'如何避免堵住进出风口'有任何提示或演示，因此不给 2/3。,R1,completed,2026-07-28T01:45:19+08:00
VQ-017,使用空气炸锅时怎样避免堵住进出风口？,zh-CN,Air Fryer,safety,source_disjoint_test,airfryer-033-scene-0107,airfryer-033,818.151,821.321,0,,,no,第1–6帧（t=818.2s–821.4s）显示一人用蓝色工具修理拆开电器底座的内部线路，属线路维修，与进出风口无关。,,R1,completed,2026-07-28T01:45:19+08:00
VQ-017,使用空气炸锅时怎样避免堵住进出风口？,zh-CN,Air Fryer,safety,source_disjoint_test,airfryer-033-scene-0149,airfryer-033,1314.581,1319.119,1,,,no,画面未清晰显示空气炸锅的进出风口位置，ASR/OCR也未涉及堵塞防范内容。,,R1,completed,2026-07-28T01:18:39+08:00
VQ-017,使用空气炸锅时怎样避免堵住进出风口？,zh-CN,Air Fryer,safety,source_disjoint_test,airfryer-033-scene-0159,airfryer-033,1415.382,1424.925,1,,,no,No frame displays air vents or actions to avoid blocking them.,,R1,completed,2026-07-28T01:18:39+08:00
VQ-017,使用空气炸锅时怎样避免堵住进出风口？,zh-CN,Air Fryer,safety,source_disjoint_test,pressure-006-scene-0002,pressure-006,2.208,4.833,1,,,no,frames focus on lid opening; no air vents or guidance about avoiding blocked vents are visible.,,R1,completed,2026-07-28T01:18:39+08:00
VQ-017,使用空气炸锅时怎样避免堵住进出风口？,zh-CN,Air Fryer,safety,source_disjoint_test,pressure-006-scene-0005,pressure-006,15.083,17.625,0,,,no,画面仅展示空气炸锅外部与面板，未出现进出风口或防堵提示，与问题无关。,,R1,completed,2026-07-27T22:01:34+08:00
VQ-017,使用空气炸锅时怎样避免堵住进出风口？,zh-CN,Air Fryer,safety,source_disjoint_test,pressure-006-scene-0007,pressure-006,19.875,22.417,1,,,no,Frames at 19.9s-22.5s show only the closed appliance exterior and the basket interior; vents or airflow-blocking guidance are not addressed.,"AI marked 0; the same air fryer is on screen so grade 1 is correct, not unrelated.",R1,completed,2026-07-28T01:18:39+08:00
VQ-017,使用空气炸锅时怎样避免堵住进出风口？,zh-CN,Air Fryer,safety,source_disjoint_test,pressure-006-scene-0008,pressure-006,22.417,26.042,1,,,no,The frames show food on the perforated tray but do not display air vents or actions to avoid blocking them.,,R1,completed,2026-07-28T01:18:39+08:00
VQ-017,使用空气炸锅时怎样避免堵住进出风口？,zh-CN,Air Fryer,safety,source_disjoint_test,pressure-006-scene-0009,pressure-006,26.042,29.458,0,,,no,画面未展示进出风口或堵塞风险说明。,,R1,completed,2026-07-27T22:23:08+08:00
VQ-017,使用空气炸锅时怎样避免堵住进出风口？,zh-CN,Air Fryer,safety,source_disjoint_test,pressure-006-scene-0013,pressure-006,40.0,46.042,1,,,no,"The side vents are visible at 42.4s, but no guidance on placement or avoiding blockage is shown.",AI graded 0 but scene is same-product with vents visible; corrected to 1. | 第三轮仲裁复核：维持R1原判（等级/时间/泄漏均确认无误）。,R1,completed,2026-07-28T20:35:21+08:00
VQ-018,How do I fill an espresso machine with water and prepare it for extraction?,en,Espresso Machine,operation,development,espresso-001-scene-0002,espresso-001,2.035,10.244,1,,,no,第1-2帧与第6帧展示带油脂的浓缩咖啡杯，第3-5帧展示机器萃取，但未演示加水或准备步骤。,,R1,completed,2026-07-28T01:55:19+08:00
VQ-018,How do I fill an espresso machine with water and prepare it for extraction?,en,Espresso Machine,operation,development,espresso-001-scene-0004,espresso-001,14.214,18.685,1,,,no,6帧（t=14.2s–18.7s）展示咖啡师在操作意式咖啡机，杯下有电子秤，机器正在萃取或刚结束，但未见加水或准备步骤。,AI=1→R1=1，与AI一致。,R1,completed,2026-07-28T01:45:19+08:00
VQ-018,How do I fill an espresso machine with water and prepare it for extraction?,en,Espresso Machine,operation,development,espresso-001-scene-0006,espresso-001,23.59,25.759,1,,,no,第1–6帧（t=23.6s–25.8s）显示一人左手持粉碗、右手按咖啡机按钮，未展示加水或准备萃取的任何步骤。,,R1,completed,2026-07-28T01:45:19+08:00
VQ-018,How do I fill an espresso machine with water and prepare it for extraction?,en,Espresso Machine,operation,development,espresso-001-scene-0007,espresso-001,25.759,32.666,1,,,no,6帧画面展示粉碗填粉与压粉过程，无注水或萃取准备动作。,,R1,completed,2026-07-28T01:45:19+08:00
VQ-018,How do I fill an espresso machine with water and prepare it for extraction?,en,Espresso Machine,operation,development,espresso-001-scene-0008,espresso-001,32.666,47.014,1,,,no,第1–6帧（t≈32.7s–47.0s）展示意式咖啡机正在萃取，但未展示水箱加水或萃取准备步骤。,,R1,completed,2026-07-28T01:45:19+08:00
VQ-018,How do I fill an espresso machine with water and prepare it for extraction?,en,Espresso Machine,operation,development,espresso-002-scene-0001,espresso-002,0.0,44.68,1,,,no,全部6帧（t=0s–44.7s）咖啡机已在萃取状态，向蓝色杯子出液，未展示注水或萃取前准备步骤。,"第三轮仲裁修正：R1原记录 等级=0 时间=[None,None] 泄漏=no → 仲裁 等级=1 时间=[None,None] 泄漏=no。理由：6帧（t=0s-44.7s）特写展示意式咖啡机正在向蓝色杯子萃取出液并形成克丽玛，产品明确出现且正在工作；但未演示水箱加水或萃取前准备步骤，按同产品不回答为1级。",R1,completed,2026-07-28T20:35:21+08:00
VQ-018,How do I fill an espresso machine with water and prepare it for extraction?,en,Espresso Machine,operation,development,espresso-003-scene-0001,espresso-003,0.0,140.95,0,,,no,第1–6帧（t=0.0s–140.9s）均为黄色 Moccamaster 滴滤式咖啡机在厨房台面上冲泡咖啡的画面，没有出现意式浓缩咖啡机，也未展示加水或萃取准备步骤。,AI=1→R1=0：画面为滴滤咖啡机，非意式咖啡机，且未演示加水或准备萃取。,R1,completed,2026-07-28T01:45:19+08:00
VQ-018,How do I fill an espresso machine with water and prepare it for extraction?,en,Espresso Machine,operation,development,espresso-004-scene-0001,espresso-004,0.0,32.213,0,,,no,第1帧（t=0s）几乎全黑；后续帧展示已完成浓缩的静态特写和'PREHEAT IT'文字卡；全程无注水操作。,,R1,completed,2026-07-28T01:45:19+08:00
VQ-018,How do I fill an espresso machine with water and prepare it for extraction?,en,Espresso Machine,operation,development,espresso-004-scene-0002,espresso-004,32.213,34.382,1,,,no,全部帧显示一只手握着白色杯子放在意式咖啡机蒸汽棒下方，画面叠加“PREHEAT IT”字样，未展示水箱加水或萃取准备步骤。,,R1,completed,2026-07-28T01:45:19+08:00
VQ-018,How do I fill an espresso machine with water and prepare it for extraction?,en,Espresso Machine,operation,development,espresso-004-scene-0005,espresso-004,40.972,45.518,1,,,no,6帧画面分别出现GRIND（磨豆）、REDISTRIBUTE（粉碗内咖啡粉）、TAMP（手用压粉器压粉）字样及对应动作，全部聚焦于粉碗内咖啡粉准备，未见水箱注水或萃取准备操作。,,R1,completed,2026-07-28T01:45:19+08:00
VQ-018,How do I fill an espresso machine with water and prepare it for extraction?,en,Espresso Machine,operation,development,espresso-004-scene-0006,espresso-004,45.518,48.855,1,,,no,画面展示粉碗独立特写及PURGE按钮按压后水流从冲煮头流出，这属于冲洗/维护动作，并非水箱注水或萃取准备。,,R1,completed,2026-07-28T01:45:19+08:00
VQ-018,How do I fill an espresso machine with water and prepare it for extraction?,en,Espresso Machine,operation,development,espresso-004-scene-0007,espresso-004,48.855,51.983,1,,,no,第1-5帧展示意式咖啡机手柄旋入冲煮头并按下启动键，属于萃取准备，但未演示向水箱加水步骤。,,R1,completed,2026-07-28T01:55:19+08:00
VQ-018,How do I fill an espresso machine with water and prepare it for extraction?,en,Espresso Machine,operation,development,espresso-004-scene-0011,espresso-004,66.33,88.68,0,,,no,6帧画面均为咖啡从咖啡机分流注入杯中的艺术分屏/黑白镜头及片尾Coffee Circle商标，未出现往水箱加水或准备萃取的动作。,AI=0→R1=0，与AI一致。,R1,completed,2026-07-28T01:45:19+08:00
VQ-018,How do I fill an espresso machine with water and prepare it for extraction?,en,Espresso Machine,operation,development,espresso-005-scene-0001,espresso-005,0.0,55.87,1,,,no,第1-6帧展示意式咖啡机及咖啡从手柄流入红色杯子，产品出现，但未演示加水或萃取准备步骤。,AI=0→R1=1：画面中出现意式咖啡机并正在萃取，产品出现，但未展示加水或准备步骤。,R1,completed,2026-07-28T01:55:19+08:00
VQ-018,How do I fill an espresso machine with water and prepare it for extraction?,en,Espresso Machine,operation,development,espresso-006-scene-0001,espresso-006,0.0,49.41,0,,,no,画面展示BOSCH咖啡机向玻璃杯中倾倒分层饮品（先奶后咖啡形成分层），无注水或萃取准备动作。,,R1,completed,2026-07-28T01:45:19+08:00
VQ-018,How do I fill an espresso machine with water and prepare it for extraction?,en,Espresso Machine,operation,development,espresso-008-scene-0001,espresso-008,0.0,60.8,1,,,no,第1-6帧展示一台全自动咖啡机及出咖啡过程，产品出现，但未展示加水或萃取准备步骤。,AI=0→R1=1：画面中出现全自动咖啡机并正在出咖啡，产品确实出现，但未展示加水或萃取准备步骤。,R1,completed,2026-07-28T01:55:19+08:00
VQ-018,How do I fill an espresso machine with water and prepare it for extraction?,en,Espresso Machine,operation,development,espresso-009-scene-0001,espresso-009,0.0,83.82,0,,,no,全部帧（t=0.0s–83.7s）显示一台黑色 Tassimo 胶囊咖啡机向蓝色杯子出液，不是意式浓缩咖啡机，也未展示加水或萃取准备。,,R1,completed,2026-07-28T01:45:19+08:00
VQ-018,How do I fill an espresso machine with water and prepare it for extraction?,en,Espresso Machine,operation,development,espresso-015-scene-0001,espresso-015,0.0,4.082,1,,,no,第1-6帧为冲煮头特写，手柄已锁定，未演示加水或萃取前准备动作。,,R1,completed,2026-07-28T01:55:19+08:00
VQ-018,How do I fill an espresso machine with water and prepare it for extraction?,en,Espresso Machine,operation,development,espresso-015-scene-0002,espresso-015,4.082,37.448,0,,,no,6帧均为咖啡从冲煮头流入红色杯子的萃取画面（t=4.1s–37.4s），机器已在运行，没有加水或准备步骤。,AI=0→R1=0，与AI一致。,R1,completed,2026-07-28T01:45:19+08:00
VQ-018,How do I fill an espresso machine with water and prepare it for extraction?,en,Espresso Machine,operation,development,espresso-015-scene-0003,espresso-015,37.448,43.15,1,,,no,第1–6帧（t≈37.4s–43.2s）展示意式咖啡机正在将浓缩咖啡注入红色杯子，但未展示加水或萃取准备步骤。,AI=0→R1=1：咖啡机出现，但画面为萃取中而非加水准备。,R1,completed,2026-07-28T01:45:19+08:00
VQ-018,How do I fill an espresso machine with water and prepare it for extraction?,en,Espresso Machine,operation,development,espresso-016-scene-0002,espresso-016,2.714,4.849,1,,,no,全部6帧（t=2.7s–4.8s）展示在手柄粉碗中准备咖啡粉的操作（分布/填压），属于萃取准备工作的一部分，但未涉及注水步骤。,,R1,completed,2026-07-28T01:45:19+08:00
VQ-018,How do I fill an espresso machine with water and prepare it for extraction?,en,Espresso Machine,operation,development,espresso-016-scene-0003,espresso-016,4.849,13.391,1,,,no,第1–6帧（t=4.8s–13.4s）仅展示在木质砧板上往手柄中装粉、压粉，未出现给咖啡机水箱加水或为萃取做准备的步骤。,,R1,completed,2026-07-28T01:45:19+08:00
VQ-018,How do I fill an espresso machine with water and prepare it for extraction?,en,Espresso Machine,operation,development,espresso-016-scene-0004,espresso-016,13.391,16.12,1,,,no,6帧画面展示一台意式咖啡机与磨豆机的静态外观（红色杯子置于机器顶部），无注水或萃取准备动作演示。,,R1,completed,2026-07-28T01:45:19+08:00
VQ-018,How do I fill an espresso machine with water and prepare it for extraction?,en,Espresso Machine,operation,development,espresso-017-scene-0001,espresso-017,0.0,574.25,0,,,no,6帧展示Jura咖啡机整机及拆下外壳、水盒、冲泡组件（t=0.0s–574.2s），没有加水或准备萃取的画面。,AI=0→R1=0，与AI一致。,R1,completed,2026-07-28T01:45:19+08:00
VQ-018,How do I fill an espresso machine with water and prepare it for extraction?,en,Espresso Machine,operation,development,espresso-017-scene-0002,espresso-017,574.25,586.633,0,,,no,全部6帧（t=574.2s–586.6s）均为拆解状态的意式咖啡机内部结构，有人用螺丝刀操作零件，无任何注水或萃取准备动作。,,R1,completed,2026-07-28T01:45:19+08:00
VQ-018,How do I fill an espresso machine with water and prepare it for extraction?,en,Espresso Machine,operation,development,espresso-017-scene-0003,espresso-017,586.633,663.84,0,,,no,6帧均为拆解Jura咖啡机内部冲泡组件的维修画面（t=586.6s–663.8s），未见加水或准备萃取步骤。,AI=0→R1=0，与AI一致。,R1,completed,2026-07-28T01:45:19+08:00
VQ-018,How do I fill an espresso machine with water and prepare it for extraction?,en,Espresso Machine,operation,development,espresso-018-scene-0006,espresso-018,21.101,24.02,1,,,uncertain,第1-6帧（t=21.1s-24.0s）展示黑色便携式咖啡机正在出咖啡，底部字幕出现'Just add ground coffee and hot water'，但未实际演示向机器加水或萃取准备动作。,,R1,completed,2026-07-28T01:55:19+08:00
VQ-018,How do I fill an espresso machine with water and prepare it for extraction?,en,Espresso Machine,operation,development,espresso-018-scene-0007,espresso-018,24.02,28.524,2,24.02,28.524,no,第1–2帧（t=24.0s–24.9s）字幕显示'Just add ground coffee and hot water'同时画面有热水注入设备；第3–5帧（t=25.8s–27.7s）展示泵动操作字幕'Pump a few times for espresso'；第6帧（t=28.6s）显示浓缩流出。整体覆盖了便携机注水准备到泵动萃取的主要步骤。,时间按实际证据片段重定位；来源泄漏由 yes 修正为 no：联系表未见检索方法、排名、分数或答案来源暴露,R1-spotcheck,completed,2026-07-28T09:46:50+08:00
VQ-018,How do I fill an espresso machine with water and prepare it for extraction?,en,Espresso Machine,operation,development,espresso-018-scene-0008,espresso-018,28.524,31.776,0,,,no,全部6帧（t=28.5s–31.8s）展示人手持杯饮用和查看MiniPresso部件，无注水或萃取准备操作。,,R1,completed,2026-07-28T01:45:19+08:00
VQ-018,How do I fill an espresso machine with water and prepare it for extraction?,en,Espresso Machine,operation,development,espresso-018-scene-0016,espresso-018,53.711,55.963,0,,,no,6帧画面显示水被倒入一个透明容器（带『INSIDER PICKS』标识），并非咖啡机水箱，无任何意式咖啡机出现。,,R1,completed,2026-07-28T01:45:19+08:00
VQ-018,How do I fill an espresso machine with water and prepare it for extraction?,en,Espresso Machine,operation,development,espresso-040-scene-0001,espresso-040,0.0,8.64,1,,,no,6帧（t=0.0s–8.6s）展示一只手将手柄插入Ninja咖啡机并旋转锁定，是萃取准备步骤，但未展示加水。,AI=1→R1=1，与AI一致。,R1,completed,2026-07-28T01:45:19+08:00
VQ-019,咖啡粉怎样装入并压实在手柄中？,zh-CN,Espresso Machine,operation,development,espresso-001-scene-0001,espresso-001,0.0,2.035,0,,,no,6帧均为黑屏/极暗画面（t=0.0s），无可见产品、组件或操作，无法判断咖啡粉装填与压实。,,R1,completed,2026-07-28T01:45:19+08:00
VQ-019,咖啡粉怎样装入并压实在手柄中？,zh-CN,Espresso Machine,operation,development,espresso-001-scene-0006,espresso-001,23.59,25.759,1,,,no,第1–6帧（t=23.6s–25.8s）仅显示手持粉碗并按按钮，无装粉或压实粉碗的动作演示。,,R1,completed,2026-07-28T01:45:19+08:00
VQ-019,咖啡粉怎样装入并压实在手柄中？,zh-CN,Espresso Machine,operation,development,espresso-001-scene-0007,espresso-001,25.759,32.666,3,25.8,32.666,no,6帧画面完整呈现手柄中咖啡粉的装填与压实过程：装粉→压粉→多次压实→最终压好的粉碗特写，直接演示咖啡粉装入并压实在手柄中的完整操作。,时间按实际证据片段重定位,R1,completed,2026-07-28T01:45:19+08:00
VQ-019,咖啡粉怎样装入并压实在手柄中？,zh-CN,Espresso Machine,operation,development,espresso-002-scene-0001,espresso-002,0.0,44.68,0,,,no,全部6帧（t=0s–44.7s）仅展示萃取过程中的出液画面，无咖啡粉装填或压实操作。,,R1,completed,2026-07-28T01:45:19+08:00
VQ-019,咖啡粉怎样装入并压实在手柄中？,zh-CN,Espresso Machine,operation,development,espresso-003-scene-0001,espresso-003,0.0,140.95,0,,,no,全部帧只显示 Moccamaster 滴滤咖啡机及其玻璃壶、滤篮，没有手柄、压粉器或咖啡粉压实的动作。,,R1,completed,2026-07-28T01:45:19+08:00
VQ-019,咖啡粉怎样装入并压实在手柄中？,zh-CN,Espresso Machine,operation,development,espresso-004-scene-0004,espresso-004,37.718,40.972,2,37.718,40.972,no,第1–6帧（t=37.7s–41.0s）分屏显示研磨机将咖啡粉落入并填满手柄，展示了'装入'步骤，但未见压粉锤压实动作。,,R1,completed,2026-07-28T01:45:19+08:00
VQ-019,咖啡粉怎样装入并压实在手柄中？,zh-CN,Espresso Machine,operation,development,espresso-004-scene-0005,espresso-004,40.972,45.518,3,41.0,45.5,no,第2-5帧（REDISTRIBUTE+TAMP多帧）清晰呈现粉碗中咖啡粉的重新分布与用压粉器反复压实动作，直接演示咖啡粉装入并压实在手柄中的完整步骤。,时间按实际证据片段重定位,R1,completed,2026-07-28T01:45:19+08:00
VQ-019,咖啡粉怎样装入并压实在手柄中？,zh-CN,Espresso Machine,operation,development,espresso-005-scene-0001,espresso-005,0.0,55.87,0,,,no,画面展示萃取过程，未出现将咖啡粉装入粉碗或压粉的动作。,,R1,completed,2026-07-28T01:55:19+08:00
VQ-019,咖啡粉怎样装入并压实在手柄中？,zh-CN,Espresso Machine,operation,development,espresso-006-scene-0001,espresso-006,0.0,49.41,0,,,no,画面为饮品倾倒过程，无粉碗/手柄出现。,,R1,completed,2026-07-28T01:45:19+08:00
VQ-019,咖啡粉怎样装入并压实在手柄中？,zh-CN,Espresso Machine,operation,development,espresso-008-scene-0001,espresso-008,0.0,60.8,0,,,no,全自动咖啡机无外露手柄，画面中未展示咖啡粉装入或压粉动作。,,R1,completed,2026-07-28T01:55:19+08:00
VQ-019,咖啡粉怎样装入并压实在手柄中？,zh-CN,Espresso Machine,operation,development,espresso-009-scene-0001,espresso-009,0.0,83.82,0,,,no,Tassimo 胶囊机使用胶囊，画面中没有手柄、粉碗或咖啡粉压实动作。,,R1,completed,2026-07-28T01:45:19+08:00
VQ-019,咖啡粉怎样装入并压实在手柄中？,zh-CN,Espresso Machine,operation,development,espresso-015-scene-0001,espresso-015,0.0,4.082,1,,,no,冲煮头与手柄可见，但所有帧均未显示将咖啡粉装入粉碗或压粉动作。,,R1,completed,2026-07-28T01:55:19+08:00
VQ-019,咖啡粉怎样装入并压实在手柄中？,zh-CN,Espresso Machine,operation,development,espresso-015-scene-0002,espresso-015,4.082,37.448,0,,,no,画面展示萃取进行中，没有往手柄装粉或压粉的动作。,AI=0→R1=0，与AI一致。,R1,completed,2026-07-28T01:45:19+08:00
VQ-019,咖啡粉怎样装入并压实在手柄中？,zh-CN,Espresso Machine,operation,development,espresso-015-scene-0003,espresso-015,37.448,43.15,0,,,no,画面中没有手柄、粉碗、咖啡粉装入或压实动作。,,R1,completed,2026-07-28T01:45:19+08:00
VQ-019,咖啡粉怎样装入并压实在手柄中？,zh-CN,Espresso Machine,operation,development,espresso-016-scene-0002,espresso-016,2.714,4.849,2,2.714,4.8,no,全部6帧（t=2.7s–4.8s）清晰展示双手在木质台面上将咖啡粉装入粉碗（filter basket）并用工具分布/整理粉面，旁边有电子秤称重，覆盖了装粉的主要步骤；但画面中压实（tamping）动作不够明确。,时间按实际证据片段重定位,R1,completed,2026-07-28T01:45:19+08:00
VQ-019,咖啡粉怎样装入并压实在手柄中？,zh-CN,Espresso Machine,operation,development,espresso-016-scene-0003,espresso-016,4.849,13.391,3,4.849,13.391,no,第1–6帧（t=4.8s–13.4s）依次呈现用勺子将咖啡粉装入手柄粉碗、用手指布粉、用压粉器压实咖啡粉的全过程。,AI时间9.698-13.391→R1时间4.849-13.391s，装粉动作从第1帧即开始。,R1,completed,2026-07-28T01:45:19+08:00
VQ-019,咖啡粉怎样装入并压实在手柄中？,zh-CN,Espresso Machine,operation,development,espresso-017-scene-0001,espresso-017,0.0,574.25,0,,,no,画面为拆机维修，没有手柄、粉碗，也没有装粉和压粉动作。,AI=0→R1=0，与AI一致。,R1,completed,2026-07-28T01:45:19+08:00
VQ-019,咖啡粉怎样装入并压实在手柄中？,zh-CN,Espresso Machine,operation,development,espresso-017-scene-0002,espresso-017,574.25,586.633,0,,,no,全部6帧（t=574.2s–586.6s）显示拆解维修中的咖啡机内部，无手柄、无咖啡粉、无装填压实动作。,,R1,completed,2026-07-28T01:45:19+08:00
VQ-019,咖啡粉怎样装入并压实在手柄中？,zh-CN,Espresso Machine,operation,development,espresso-017-scene-0003,espresso-017,586.633,663.84,0,,,no,画面显示拆下并检查堵塞的冲泡组件，没有出现手柄、粉碗，也没有装粉或压粉动作。,AI=0→R1=0，与AI一致。,R1,completed,2026-07-28T01:45:19+08:00
VQ-019,咖啡粉怎样装入并压实在手柄中？,zh-CN,Espresso Machine,operation,development,espresso-018-scene-0006,espresso-018,21.101,24.02,1,,,uncertain,画面展示便携式咖啡机萃取过程，字幕提示添加研磨咖啡，但所有帧均未显示将咖啡粉装入并压实在手柄中的具体动作。,AI=2→R1=1：画面仅展示萃取与字幕提示，未实际演示咖啡粉装入并压实在手柄中的动作。,R1,completed,2026-07-28T01:55:19+08:00
VQ-019,咖啡粉怎样装入并压实在手柄中？,zh-CN,Espresso Machine,operation,development,espresso-018-scene-0007,espresso-018,24.02,28.524,1,,,no,画面中出现MiniPresso便携咖啡机且字幕提到'add ground coffee'，但实际画面仅展示注水和泵动，未显示将咖啡粉装入手柄/腔体及压实的具体动作。,,R1,completed,2026-07-28T01:45:19+08:00
VQ-019,咖啡粉怎样装入并压实在手柄中？,zh-CN,Espresso Machine,operation,development,espresso-018-scene-0008,espresso-018,28.524,31.776,1,,,no,第5–6帧（t=30.5s–31.2s）中人双手持有MiniPresso的黑色圆柱形腔体部件，但未展示将咖啡粉装入或压实的动作。,,R1,completed,2026-07-28T01:45:19+08:00
VQ-019,咖啡粉怎样装入并压实在手柄中？,zh-CN,Espresso Machine,operation,development,espresso-018-scene-0017,espresso-018,55.963,58.257,0,,,no,6帧（t=56.0s–58.3s）均显示一人手持/按压绿色Stojo可折叠杯，画面产品与标题文字均为可折叠杯，未出现咖啡粉、手柄或意式咖啡机。,,R1,completed,2026-07-28T01:45:19+08:00
VQ-019,咖啡粉怎样装入并压实在手柄中？,zh-CN,Espresso Machine,operation,development,espresso-040-scene-0001,espresso-040,0.0,8.64,1,,,no,画面展示手柄锁入动作，但没有装粉或压粉画面。,AI=1→R1=1，与AI一致。,R1,completed,2026-07-28T01:45:19+08:00
VQ-020,How do I lock in the portafilter and start an espresso shot?,en,Espresso Machine,operation,development,espresso-001-scene-0006,espresso-001,23.59,25.759,1,,,no,第1–6帧（t=23.6s–25.8s）显示手持粉碗并按咖啡机按钮，但未清晰演示将粉碗锁入冲煮头或启动萃取的动作，仅为相邻步骤的模糊暗示。,AI=2→R1=1：画面仅显示手持粉碗+按按钮，未明确演示锁入粉碗或启动萃取的操作，不足以构成部分回答。,R1,completed,2026-07-28T01:45:19+08:00
VQ-020,How do I lock in the portafilter and start an espresso shot?,en,Espresso Machine,operation,development,espresso-001-scene-0007,espresso-001,25.759,32.666,1,,,no,画面展示压粉过程，未出现粉碗锁入冲煮头或启动萃取的动作。,,R1,completed,2026-07-28T01:45:19+08:00
VQ-020,How do I lock in the portafilter and start an espresso shot?,en,Espresso Machine,operation,development,espresso-001-scene-0008,espresso-001,32.666,47.014,1,,,no,手柄已安装在冲煮头上并正在出液，但没有展示将其旋入锁定或按下启动键的动作。,,R1,completed,2026-07-28T01:45:19+08:00
VQ-020,How do I lock in the portafilter and start an espresso shot?,en,Espresso Machine,operation,development,espresso-002-scene-0001,espresso-002,0.0,44.68,0,,,no,萃取已在进行中（t=0s起即有咖啡液流入杯子），未展示手柄锁定或启动萃取的动作。,,R1,completed,2026-07-28T01:45:19+08:00
VQ-020,How do I lock in the portafilter and start an espresso shot?,en,Espresso Machine,operation,development,espresso-003-scene-0001,espresso-003,0.0,140.95,0,,,no,全部帧均为 Moccamaster 滴滤咖啡机将液体滴入玻璃壶，没有手柄、锁入动作或意式萃取启动。,,R1,completed,2026-07-28T01:45:19+08:00
VQ-020,How do I lock in the portafilter and start an espresso shot?,en,Espresso Machine,operation,development,espresso-004-scene-0001,espresso-004,0.0,32.213,0,,,no,画面主要为静态浓缩成品特写和文字标题卡（t=0s–32.2s），最后一帧虽有带手柄的机器图但无锁定或启动萃取动作演示。,,R1,completed,2026-07-28T01:45:19+08:00
VQ-020,How do I lock in the portafilter and start an espresso shot?,en,Espresso Machine,operation,development,espresso-004-scene-0005,espresso-004,40.972,45.518,1,,,no,画面集中于粉碗内咖啡粉的研磨、分布与压实步骤，未出现粉碗锁入冲煮头或启动萃取的视觉动作。,,R1,completed,2026-07-28T01:45:19+08:00
VQ-020,How do I lock in the portafilter and start an espresso shot?,en,Espresso Machine,operation,development,espresso-004-scene-0006,espresso-004,45.518,48.855,1,,,no,画面展示粉碗独立展示与PURGE水流，未见粉碗锁入冲煮头或启动萃取的动作。,,R1,completed,2026-07-28T01:45:19+08:00
VQ-020,How do I lock in the portafilter and start an espresso shot?,en,Espresso Machine,operation,development,espresso-004-scene-0007,espresso-004,48.855,51.983,3,48.9,51.3,no,第1-5帧（t=48.9s-51.3s）依次清晰展示将手柄旋入冲煮头并按下启动按钮，完整演示'锁入手柄并启动萃取'。,AI=2→R1=3：第1-5帧清晰展示将手柄旋入冲煮头并按下启动按钮的完整动作，直接回答如何锁入手柄并启动萃取。,R1,completed,2026-07-28T01:55:19+08:00
VQ-020,How do I lock in the portafilter and start an espresso shot?,en,Espresso Machine,operation,development,espresso-005-scene-0001,espresso-005,0.0,55.87,1,,,no,手柄已锁定在冲煮头中且萃取正在进行，但未展示锁入或按下启动键的完整过程。,,R1,completed,2026-07-28T01:55:19+08:00
VQ-020,How do I lock in the portafilter and start an espresso shot?,en,Espresso Machine,operation,development,espresso-006-scene-0001,espresso-006,0.0,49.41,0,,,no,画面无粉碗锁入或启动萃取的动作。,,R1,completed,2026-07-28T01:45:19+08:00
VQ-020,How do I lock in the portafilter and start an espresso shot?,en,Espresso Machine,operation,development,espresso-008-scene-0001,espresso-008,0.0,60.8,1,,,no,全自动咖啡机正在出咖啡，但无手柄可锁定，也未展示启动萃取的按键操作特写。,,R1,completed,2026-07-28T01:55:19+08:00
VQ-020,How do I lock in the portafilter and start an espresso shot?,en,Espresso Machine,operation,development,espresso-009-scene-0001,espresso-009,0.0,83.82,0,,,no,未出现意式咖啡机手柄及锁入冲煮头、启动萃取的动作。,,R1,completed,2026-07-28T01:45:19+08:00
VQ-020,How do I lock in the portafilter and start an espresso shot?,en,Espresso Machine,operation,development,espresso-015-scene-0001,espresso-015,0.0,4.082,1,,,no,手柄已插入冲煮头，呈现锁定状态，但未展示旋紧或按下启动键的完整过程。,,R1,completed,2026-07-28T01:55:19+08:00
VQ-020,How do I lock in the portafilter and start an espresso shot?,en,Espresso Machine,operation,development,espresso-015-scene-0002,espresso-015,4.082,37.448,1,,,no,第2–5帧（t=10.8s–30.8s）可见冲煮头已锁好且正在出咖啡，但未展示锁入手柄或启动萃取的动作本身。,AI=1→R1=1，与AI一致。,R1,completed,2026-07-28T01:45:19+08:00
VQ-020,How do I lock in the portafilter and start an espresso shot?,en,Espresso Machine,operation,development,espresso-016-scene-0001,espresso-016,0.0,2.714,0,,,no,6帧（t=0.0s–2.7s）主要展示台面咖啡研磨机、咖啡豆袋和威士忌瓶，背景虽有咖啡机但无手柄锁定或启动萃取动作。,,R1,completed,2026-07-28T01:45:19+08:00
VQ-020,How do I lock in the portafilter and start an espresso shot?,en,Espresso Machine,operation,development,espresso-016-scene-0002,espresso-016,2.714,4.849,1,,,no,手柄（portafilter）放在桌面上装粉而非锁定在机器上，全程（t=2.7s–4.8s）无锁定或启动萃取动作。,,R1,completed,2026-07-28T01:45:19+08:00
VQ-020,How do I lock in the portafilter and start an espresso shot?,en,Espresso Machine,operation,development,espresso-016-scene-0003,espresso-016,4.849,13.391,1,,,no,画面只展示装粉压粉，未展示将手柄旋入冲煮头或启动萃取的动作。,,R1,completed,2026-07-28T01:45:19+08:00
VQ-020,How do I lock in the portafilter and start an espresso shot?,en,Espresso Machine,operation,development,espresso-017-scene-0001,espresso-017,0.0,574.25,0,,,no,拆机场景中没有锁入手柄或启动萃取的操作。,AI=0→R1=0，与AI一致。,R1,completed,2026-07-28T01:45:19+08:00
VQ-020,How do I lock in the portafilter and start an espresso shot?,en,Espresso Machine,operation,development,espresso-017-scene-0002,espresso-017,574.25,586.633,0,,,no,全部6帧（t=574.2s–586.6s）为拆解维修画面，无完整咖啡机、无手柄锁定、无启动萃取操作。,,R1,completed,2026-07-28T01:45:19+08:00
VQ-020,How do I lock in the portafilter and start an espresso shot?,en,Espresso Machine,operation,development,espresso-017-scene-0003,espresso-017,586.633,663.84,0,,,no,画面为拆机维修，没有手柄锁入冲煮头或启动萃取的操作。,AI=0→R1=0，与AI一致。,R1,completed,2026-07-28T01:45:19+08:00
VQ-020,How do I lock in the portafilter and start an espresso shot?,en,Espresso Machine,operation,development,espresso-018-scene-0001,espresso-018,0.0,3.586,0,,,no,6帧均只显示户外手持minipresso便携式咖啡机，未出现锁定portafilter或启动萃取的动作/步骤。,,R1,completed,2026-07-28T01:45:19+08:00
VQ-020,How do I lock in the portafilter and start an espresso shot?,en,Espresso Machine,operation,development,espresso-018-scene-0007,espresso-018,24.02,28.524,1,,,no,第3–5帧（t=25.8s–27.7s）展示泵动操作使设备开始萃取，但MiniPresso无传统锁入手柄机制，画面也未展示任何锁定动作。,,R1,completed,2026-07-28T01:45:19+08:00
VQ-020,How do I lock in the portafilter and start an espresso shot?,en,Espresso Machine,operation,development,espresso-018-scene-0010,espresso-018,34.153,36.906,0,,,no,6帧（t=34.2s–36.9s）为户外手持Minipresso便携设备，文字叠加显示价格，未见传统手柄锁定或启动萃取动作。,,R1,completed,2026-07-28T01:45:19+08:00
VQ-020,How do I lock in the portafilter and start an espresso shot?,en,Espresso Machine,operation,development,espresso-018-scene-0019,espresso-018,60.425,63.47,0,,,no,6帧（t=60.4s–63.5s）分别为地铁站男子用绿色杯子饮水、触摸墙面以及户外骑行者手持物品，与意式咖啡机无关。,,R1,completed,2026-07-28T01:45:19+08:00
VQ-020,How do I lock in the portafilter and start an espresso shot?,en,Espresso Machine,operation,development,espresso-040-scene-0001,espresso-040,0.0,8.64,2,0.0,8.6,no,第1–5帧（t=0.0s–6.9s）清晰展示手将手柄插入并旋转锁定在冲煮头上，但6帧均未展示启动萃取的动作。,AI=3→R1=2，仅展示锁定手柄，未展示启动萃取。,R1,completed,2026-07-28T01:45:19+08:00
VQ-021,咖啡机预热完成可以萃取时是什么状态？,zh-CN,Espresso Machine,state,development,espresso-001-scene-0001,espresso-001,0.0,2.035,0,,,no,6帧均为黑屏/极暗画面（t=0.0s），无任何咖啡机状态指示灯、蒸汽或萃取相关视觉信息。,,R1,completed,2026-07-28T01:45:19+08:00
VQ-021,咖啡机预热完成可以萃取时是什么状态？,zh-CN,Espresso Machine,state,development,espresso-001-scene-0006,espresso-001,23.59,25.759,1,,,no,第1–6帧（t=23.6s–25.8s）显示操作咖啡机但无任何预热状态指示灯或就绪标识可见。,,R1,completed,2026-07-28T01:45:19+08:00
VQ-021,咖啡机预热完成可以萃取时是什么状态？,zh-CN,Espresso Machine,state,development,espresso-001-scene-0007,espresso-001,25.759,32.666,1,,,no,画面为压粉步骤，未展示咖啡机面板状态或预热完成指示。,,R1,completed,2026-07-28T01:45:19+08:00
VQ-021,咖啡机预热完成可以萃取时是什么状态？,zh-CN,Espresso Machine,state,development,espresso-001-scene-0008,espresso-001,32.666,47.014,2,32.666,47.014,no,画面呈现萃取中的状态，说明机器已完成预热，但未直接展示预热完成尚未萃取的待机就绪状态。,,R1,completed,2026-07-28T01:45:19+08:00
VQ-021,咖啡机预热完成可以萃取时是什么状态？,zh-CN,Espresso Machine,state,development,espresso-002-scene-0001,espresso-002,0.0,44.68,2,0.0,44.68,no,全部6帧（t=0s–44.7s）连续展示咖啡机稳定萃取、杯中crema逐渐加厚的过程，间接表明机器已处于可正常工作的加热就绪状态，但未明确标注或说明预热完成指示。,,R1,completed,2026-07-28T01:45:19+08:00
VQ-021,咖啡机预热完成可以萃取时是什么状态？,zh-CN,Espresso Machine,state,development,espresso-003-scene-0001,espresso-003,0.0,140.95,0,,,no,第1–6帧均为滴滤咖啡机冲泡画面，没有出现意式咖啡机预热完成可萃取的指示灯、压力表或萃取状态。,AI=2→R1=0：画面设备为滴滤咖啡机，非意式咖啡机，无法回答其预热完成状态。,R1,completed,2026-07-28T01:45:19+08:00
VQ-021,咖啡机预热完成可以萃取时是什么状态？,zh-CN,Espresso Machine,state,development,espresso-004-scene-0001,espresso-004,0.0,32.213,1,,,no,多帧（t=6.4s–25.1s）展示带有良好crema的完成浓缩暗示机器可正常工作，末帧（t=32.2s）有'PREHEAT IT'文字提示预热概念，但均未明确展示预热完成的就绪状态或指示信号。,,R1,completed,2026-07-28T01:45:19+08:00
VQ-021,咖啡机预热完成可以萃取时是什么状态？,zh-CN,Espresso Machine,state,development,espresso-004-scene-0002,espresso-004,32.213,34.382,1,,,no,画面仅展示用蒸汽棒预热杯子，未展示咖啡机预热完成、可萃取时的指示灯或压力状态。,,R1,completed,2026-07-28T01:45:19+08:00
VQ-021,咖啡机预热完成可以萃取时是什么状态？,zh-CN,Espresso Machine,state,development,espresso-004-scene-0005,espresso-004,40.972,45.518,1,,,no,画面展示压粉过程，无咖啡机控制面板、指示灯信号或任何预热完成状态的视觉信息呈现。,,R1,completed,2026-07-28T01:45:19+08:00
VQ-021,咖啡机预热完成可以萃取时是什么状态？,zh-CN,Espresso Machine,state,development,espresso-004-scene-0007,espresso-004,48.855,51.983,0,,,no,画面展示按启动键和手柄操作，未出现预热完成、就绪灯亮或温度表达到萃取状态等视觉信号。,AI=1→R1=0：画面仅展示操作手柄与按启动键，未展示预热完成/就绪状态。,R1,completed,2026-07-28T01:55:19+08:00
VQ-021,咖啡机预热完成可以萃取时是什么状态？,zh-CN,Espresso Machine,state,development,espresso-004-scene-0008,espresso-004,51.983,57.28,2,52.0,57.28,no,6帧展示意式咖啡机压力表及咖啡从萃取口流入杯中，显示机器处于萃取状态，但未明确展示预热完成/可萃取前的就绪状态指示。,AI=3→R1=2：画面展示萃取进行中及压力表读数，但未明确展示预热完成/可萃取前的就绪状态指示；AI时间同步按帧标签调整为52.0-57.3s。,R1,completed,2026-07-28T01:45:19+08:00
VQ-021,咖啡机预热完成可以萃取时是什么状态？,zh-CN,Espresso Machine,state,development,espresso-005-scene-0001,espresso-005,0.0,55.87,1,,,no,画面展示萃取进行中，未展示预热完成、就绪灯或温度表达到可萃取状态。,AI=2→R1=1：画面展示萃取进行中，但未展示预热完成/就绪状态。,R1,completed,2026-07-28T01:55:19+08:00
VQ-021,咖啡机预热完成可以萃取时是什么状态？,zh-CN,Espresso Machine,state,development,espresso-006-scene-0001,espresso-006,0.0,49.41,1,,,no,画面中BOSCH机器正在出品分层饮品，但无可识别的预热完成指示信号（如特定指示灯/显示状态），仅能推断机器处于工作状态。,AI=2→R1=1：无明确预热完成状态指示，仅能推断机器在工作。,R1,completed,2026-07-28T01:45:19+08:00
VQ-021,咖啡机预热完成可以萃取时是什么状态？,zh-CN,Espresso Machine,state,development,espresso-008-scene-0001,espresso-008,0.0,60.8,0,,,no,机器正在出咖啡，未展示预热完成、就绪灯或温度表等状态信号。,AI=1→R1=0：全自动咖啡机正在出咖啡，未展示预热完成/就绪状态。,R1,completed,2026-07-28T01:55:19+08:00
VQ-021,咖啡机预热完成可以萃取时是什么状态？,zh-CN,Espresso Machine,state,development,espresso-009-scene-0001,espresso-009,0.0,83.82,0,,,no,Tassimo 胶囊机正在出液，但画面未展示意式咖啡机预热完成可萃取的状态。,AI=1→R1=0：设备为 Tassimo 胶囊机，非意式咖啡机。,R1,completed,2026-07-28T01:45:19+08:00
VQ-021,咖啡机预热完成可以萃取时是什么状态？,zh-CN,Espresso Machine,state,development,espresso-015-scene-0001,espresso-015,0.0,4.082,0,,,no,画面为冲煮头静态/水流出特写，无预热完成指示灯、温度表或就绪提示。,AI=1→R1=0：画面为冲煮头特写与手柄锁定状态，未展示预热完成可萃取时的具体状态。,R1,completed,2026-07-28T01:55:19+08:00
VQ-021,咖啡机预热完成可以萃取时是什么状态？,zh-CN,Espresso Machine,state,development,espresso-015-scene-0002,espresso-015,4.082,37.448,1,,,no,画面仅展示萃取正在进行，未明确显示预热完成指示灯或 readiness 状态。,AI=2→R1=1，仅见萃取中，无预热完成状态。,R1,completed,2026-07-28T01:45:19+08:00
VQ-021,咖啡机预热完成可以萃取时是什么状态？,zh-CN,Espresso Machine,state,development,espresso-015-scene-0003,espresso-015,37.448,43.15,2,37.448,43.15,no,第1–6帧显示咖啡机正在萃取，绿色指示灯亮起、压力表有读数，但并未展示预热完成尚未萃取的待机就绪状态。,AI=3→R1=2：画面展示的是萃取中状态，而非预热完成可萃取的明确就绪状态。,R1,completed,2026-07-28T01:45:19+08:00
VQ-021,咖啡机预热完成可以萃取时是什么状态？,zh-CN,Espresso Machine,state,development,espresso-016-scene-0001,espresso-016,0.0,2.714,0,,,no,6帧（t=0.0s–2.7s）为研磨机及周边静物特写，无预热完成指示灯或萃取状态变化。,,R1,completed,2026-07-28T01:45:19+08:00
VQ-021,咖啡机预热完成可以萃取时是什么状态？,zh-CN,Espresso Machine,state,development,espresso-016-scene-0002,espresso-016,2.714,4.849,1,,,no,画面聚焦于桌面上的装粉准备操作（t=2.7s–4.8s），咖啡机主体仅在背景部分可见，未展示预热状态或就绪指示。,,R1,completed,2026-07-28T01:45:19+08:00
VQ-021,咖啡机预热完成可以萃取时是什么状态？,zh-CN,Espresso Machine,state,development,espresso-016-scene-0003,espresso-016,4.849,13.391,1,,,no,所有帧均为手柄装粉压粉，未出现咖啡机预热完成指示灯、压力表或准备萃取的状态。,,R1,completed,2026-07-28T01:45:19+08:00
VQ-021,咖啡机预热完成可以萃取时是什么状态？,zh-CN,Espresso Machine,state,development,espresso-016-scene-0004,espresso-016,13.391,16.12,1,,,no,画面为咖啡机静置特写，无控制面板指示灯信号等可表明预热完成状态的视觉信息。,,R1,completed,2026-07-28T01:45:19+08:00
VQ-021,咖啡机预热完成可以萃取时是什么状态？,zh-CN,Espresso Machine,state,development,espresso-017-scene-0001,espresso-017,0.0,574.25,0,,,no,画面为拆解咖啡机，未显示预热完成或 readiness 状态。,AI=0→R1=0，与AI一致。,R1,completed,2026-07-28T01:45:19+08:00
VQ-021,咖啡机预热完成可以萃取时是什么状态？,zh-CN,Espresso Machine,state,development,espresso-017-scene-0002,espresso-017,574.25,586.633,0,,,no,全部6帧（t=574.2s–586.6s）展示的是拆解状态下的咖啡机内部零件，机器未组装更不可能处于预热就绪状态。,,R1,completed,2026-07-28T01:45:19+08:00
VQ-021,咖啡机预热完成可以萃取时是什么状态？,zh-CN,Espresso Machine,state,development,espresso-017-scene-0003,espresso-017,586.633,663.84,0,,,no,画面展示拆解中的咖啡机，未显示预热完成指示灯、温度或 readiness 等可萃取状态。,AI=0→R1=0，与AI一致。,R1,completed,2026-07-28T01:45:19+08:00
VQ-021,咖啡机预热完成可以萃取时是什么状态？,zh-CN,Espresso Machine,state,development,espresso-018-scene-0001,espresso-018,0.0,3.586,0,,,no,6帧仅展示手持便携式咖啡机，无预热指示灯、压力表或萃取状态显示。,,R1,completed,2026-07-28T01:45:19+08:00
VQ-021,咖啡机预热完成可以萃取时是什么状态？,zh-CN,Espresso Machine,state,development,espresso-018-scene-0006,espresso-018,21.101,24.02,0,,,no,第1-6帧均为便携式咖啡机出咖啡的画面，未展示咖啡机预热完成、就绪指示灯或任何可萃取状态信号。,AI=1→R1=0：画面显示萃取进行中，未展示咖啡机预热完成可萃取时的状态。,R1,completed,2026-07-28T01:55:19+08:00
VQ-021,咖啡机预热完成可以萃取时是什么状态？,zh-CN,Espresso Machine,state,development,espresso-018-scene-0007,espresso-018,24.02,28.524,1,,,no,设备使用预加热的热水直接注入后泵动萃取，画面和字幕均未展示或提及机器自身预热状态/就绪指示。,,R1,completed,2026-07-28T01:45:19+08:00
VQ-021,咖啡机预热完成可以萃取时是什么状态？,zh-CN,Espresso Machine,state,development,espresso-018-scene-0009,espresso-018,31.776,34.153,0,,,no,画面为手动按压便携式咖啡机，无预热完成状态指示。,,R1,completed,2026-07-28T01:45:19+08:00
VQ-021,咖啡机预热完成可以萃取时是什么状态？,zh-CN,Espresso Machine,state,development,espresso-018-scene-0010,espresso-018,34.153,36.906,0,,,no,6帧（t=34.2s–36.9s）仅展示Minipresso便携设备外观，无预热指示灯、无萃取准备状态。,,R1,completed,2026-07-28T01:45:19+08:00
VQ-021,咖啡机预热完成可以萃取时是什么状态？,zh-CN,Espresso Machine,state,development,espresso-018-scene-0012,espresso-018,40.659,44.412,1,,,no,第2-5帧（t=41.4s-43.7s）显示咖啡流入黑色杯子，但这是便携旅行器具，未展示预热完成/可萃取的状态指示。,,R1,completed,2026-07-28T01:45:19+08:00
VQ-021,咖啡机预热完成可以萃取时是什么状态？,zh-CN,Espresso Machine,state,development,espresso-040-scene-0001,espresso-040,0.0,8.64,1,,,no,画面只展示锁入手柄，没有显示预热完成状态或指示灯。,AI=1→R1=1，与AI一致。,R1,completed,2026-07-28T01:45:19+08:00
VQ-022,What does a normal espresso extraction look like?,en,Espresso Machine,state,development,espresso-001-scene-0002,espresso-001,2.035,10.244,3,2.035,10.2,no,第1帧（t=2.0s）和第6帧（t=10.2s）展示杯中油脂丰富的浓缩咖啡，第3-5帧展示咖啡从机器流入杯中，完整呈现正常萃取外观。,R1时间2.035-10.2s：第1帧t=2.0s略早于场景窗口起点2.035s，故x取窗口起点，y取末帧标签10.2s。,R1,completed,2026-07-28T01:55:19+08:00
VQ-022,What does a normal espresso extraction look like?,en,Espresso Machine,state,development,espresso-001-scene-0005,espresso-001,18.685,23.59,1,,,no,6帧展示咖啡师在吧台操作意式咖啡机，ASR提到pulling a shot，但距离较远，未能清晰展示咖啡液流出细节。,"AI时间18.685-23.59→R1时间18.7-23.6s（按联系表帧标签）。 | 第三轮仲裁修正：R1原记录 等级=2 时间=[18.7,23.59] 泄漏=no → 仲裁 等级=1 时间=[None,None] 泄漏=no。理由：6帧（t=18.7s-23.6s）为吧台远景，咖啡师操作意式咖啡机但前景有调味瓶遮挡，无法清晰看到咖啡液流出/克丽玛形成等正常萃取可视化细节；按规范产品出现但未清晰演示萃取细节应为1级。",R1,completed,2026-07-28T20:35:21+08:00
VQ-022,What does a normal espresso extraction look like?,en,Espresso Machine,state,development,espresso-001-scene-0008,espresso-001,32.666,47.014,3,32.666,47.014,no,第1–6帧清晰展示浓缩咖啡从手柄粉碗中流出、汇聚到白色杯中形成油脂的正常萃取全过程。,,R1,completed,2026-07-28T01:45:19+08:00
VQ-022,What does a normal espresso extraction look like?,en,Espresso Machine,state,development,espresso-002-scene-0001,espresso-002,0.0,44.68,3,0.0,44.68,no,全部6帧（t=0s–44.7s）完整展示了一次标准浓缩萃取全过程：深褐色咖啡液稳定流入蓝色杯子，表面逐渐形成厚实金黄棕色crema，是典型的正常萃取外观。,,R1,completed,2026-07-28T01:45:19+08:00
VQ-022,What does a normal espresso extraction look like?,en,Espresso Machine,state,development,espresso-003-scene-0001,espresso-003,0.0,140.95,0,,,no,画面显示滴滤咖啡机将液体滴入玻璃壶，并非意式浓缩咖啡的高压萃取过程。,,R1,completed,2026-07-28T01:45:19+08:00
VQ-022,What does a normal espresso extraction look like?,en,Espresso Machine,state,development,espresso-004-scene-0001,espresso-004,0.0,32.213,2,6.4,25.1,no,第2–5帧（t=6.4s–25.1s）从多个角度展示了一杯正常浓缩咖啡的外观：表面覆盖均匀的金黄棕色crema、色泽浓郁，呈现了正常萃取结果的典型视觉特征，但未展示动态萃取过程（流速/流动形态）。,时间按实际证据片段重定位,R1,completed,2026-07-28T01:45:19+08:00
VQ-022,What does a normal espresso extraction look like?,en,Espresso Machine,state,development,espresso-004-scene-0008,espresso-004,51.983,57.28,3,52.0,57.28,no,第1-6帧（t=52.0s-57.3s）清晰展示咖啡从萃取口稳定流入杯中，同时压力表显示读数，直接呈现正常浓缩咖啡萃取过程。,AI时间51.983-57.28→R1时间52.0-57.3s（按联系表帧标签）。,R1,completed,2026-07-28T01:45:19+08:00
VQ-022,What does a normal espresso extraction look like?,en,Espresso Machine,state,development,espresso-004-scene-0010,espresso-004,61.742,66.33,3,61.742,66.3,no,第1-6帧（t=61.7s-66.3s）清晰展示浓缩咖啡从咖啡机萃取口持续注入杯中，呈现正常萃取的完整过程。,AI时间61.742-66.33→R1时间61.7-66.3s（按联系表帧标签）。,R1,completed,2026-07-28T01:45:19+08:00
VQ-022,What does a normal espresso extraction look like?,en,Espresso Machine,state,development,espresso-005-scene-0001,espresso-005,0.0,55.87,3,11.2,44.7,no,第2-5帧（t=11.2s-44.7s）清晰展示咖啡从手柄流入红色杯子，直接演示正常浓缩咖啡萃取外观。,R1时间11.2-44.7s：按联系表帧标签，第2-5帧清晰展示咖啡从手柄流入红色杯子，直接演示正常萃取。,R1,completed,2026-07-28T01:55:19+08:00
VQ-022,What does a normal espresso extraction look like?,en,Espresso Machine,state,development,espresso-006-scene-0001,espresso-006,0.0,49.41,1,,,no,画面展示的是加奶的分层饮品制作过程，并非典型的浓缩咖啡萃取（深色液体直接流入小杯）。,AI=2→R1=1：画面为加奶分层饮品而非典型浓缩萃取。,R1,completed,2026-07-28T01:45:19+08:00
VQ-022,What does a normal espresso extraction look like?,en,Espresso Machine,state,development,espresso-008-scene-0001,espresso-008,0.0,60.8,2,12.1,48.6,no,第2-5帧（t=12.1s-48.6s）展示咖啡从机器注入白色杯子，呈现萃取过程，但无法确认是否为浓缩咖啡及油脂状态。,R1时间12.1-48.6s：按联系表帧标签，第2-5帧展示咖啡从机器注入杯中，第1帧和第6帧为机器待机/面板画面。,R1,completed,2026-07-28T01:55:19+08:00
VQ-022,What does a normal espresso extraction look like?,en,Espresso Machine,state,development,espresso-009-scene-0001,espresso-009,0.0,83.82,0,,,no,画面为胶囊咖啡机出液，不是意式浓缩咖啡的高压萃取。,,R1,completed,2026-07-28T01:45:19+08:00
VQ-022,What does a normal espresso extraction look like?,en,Espresso Machine,state,development,espresso-015-scene-0001,espresso-015,0.0,4.082,1,,,no,第3帧（t=1.6s）可见水从冲煮头流出，但未呈现浓缩咖啡流入杯中、油脂形成等正常萃取外观。,,R1,completed,2026-07-28T01:55:19+08:00
VQ-022,What does a normal espresso extraction look like?,en,Espresso Machine,state,development,espresso-015-scene-0002,espresso-015,4.082,37.448,3,4.1,30.8,no,第1–5帧（t=4.1s–30.8s）持续展示浓缩咖啡从冲煮头均匀流出、形成crema并落入红杯，完整呈现正常萃取外观。,"AI=3→R1=3，与AI一致。 | 第三轮仲裁修正：R1原记录 等级=3 时间=[4.1,37.4] 泄漏=no → 仲裁 等级=3 时间=[4.1,30.8] 泄漏=no。理由：第1-5帧清晰展示正常浓缩萃取及crema形成，第6帧为手部遮挡画面，采纳复核方修正后的时间区间。",R1,completed,2026-07-28T20:35:21+08:00
VQ-022,What does a normal espresso extraction look like?,en,Espresso Machine,state,development,espresso-015-scene-0003,espresso-015,37.448,43.15,3,37.448,43.15,no,第1–6帧清晰呈现浓缩咖啡从机器流出、在红色杯子中形成油脂的正常萃取过程。,,R1,completed,2026-07-28T01:45:19+08:00
VQ-022,What does a normal espresso extraction look like?,en,Espresso Machine,state,development,espresso-016-scene-0003,espresso-016,4.849,13.391,1,,,no,全部帧只展示准备咖啡粉，没有浓缩咖啡从手柄流出的萃取画面。,,R1,completed,2026-07-28T01:45:19+08:00
VQ-022,What does a normal espresso extraction look like?,en,Espresso Machine,state,development,espresso-016-scene-0004,espresso-016,13.391,16.12,1,,,no,6帧画面均未显示清晰的浓缩咖啡从冲煮头流出的萃取过程，红色杯子仅置于机器顶部，无典型萃取流液呈现。,AI=2→R1=1：画面未呈现可识别的浓缩咖啡萃取流液动作。,R1,completed,2026-07-28T01:45:19+08:00
VQ-022,What does a normal espresso extraction look like?,en,Espresso Machine,state,development,espresso-017-scene-0001,espresso-017,0.0,574.25,0,,,no,拆机场景中没有萃取出液的完整画面。,AI=0→R1=0，与AI一致。,R1,completed,2026-07-28T01:45:19+08:00
VQ-022,What does a normal espresso extraction look like?,en,Espresso Machine,state,development,espresso-017-scene-0002,espresso-017,574.25,586.633,0,,,no,全部6帧（t=574.2s–586.6s）为拆解维修场景，无任何萃取过程或浓缩咖啡液流出。,,R1,completed,2026-07-28T01:45:19+08:00
VQ-022,What does a normal espresso extraction look like?,en,Espresso Machine,state,development,espresso-017-scene-0003,espresso-017,586.633,663.84,0,,,no,6帧均为拆机维修场景，没有正常萃取出液的完整画面。,AI=0→R1=0，与AI一致。,R1,completed,2026-07-28T01:45:19+08:00
VQ-022,What does a normal espresso extraction look like?,en,Espresso Machine,state,development,espresso-018-scene-0002,espresso-018,3.586,7.756,1,,,no,6帧中只有第1、2、6帧显示成品咖啡液表面，其余为户外人物饮用场景，未展示萃取流出过程。,AI=2→R1=1：画面只展示萃取后的咖啡成品（带crema），未呈现萃取流出过程；AI时间同步清空。,R1,completed,2026-07-28T01:45:19+08:00
VQ-022,What does a normal espresso extraction look like?,en,Espresso Machine,state,development,espresso-018-scene-0003,espresso-018,7.756,14.47,3,9.1,13.2,no,第2-5帧（t=9.1s-13.2s）清晰展示深色液体从Wacaco便携咖啡机滴入透明玻璃杯，呈现浓缩咖啡萃取过程。,AI=2→R1=3：画面完整演示咖啡从便携咖啡机萃取流入杯中的过程，可直接回答正常萃取外观；R1时间按联系表帧标签取实际萃取可见区间。,R1,completed,2026-07-28T01:45:19+08:00
VQ-022,What does a normal espresso extraction look like?,en,Espresso Machine,state,development,espresso-018-scene-0007,espresso-018,24.02,28.524,2,25.8,28.524,no,第3–5帧（t=25.8s–27.7s）展示手动泵动操作，第6帧（t=28.6s）清晰显示浓缩咖啡液从设备出口流入杯中，呈现了便携式机的萃取过程外观。,时间按实际证据片段重定位；来源泄漏由 yes 修正为 no：联系表未见检索方法、排名、分数或答案来源暴露,R1-spotcheck,completed,2026-07-28T09:46:50+08:00
VQ-022,What does a normal espresso extraction look like?,en,Espresso Machine,state,development,espresso-018-scene-0009,espresso-018,31.776,34.153,1,,,no,6帧均只显示手动按压便携式咖啡机，未见咖啡流出或萃取过程。,,R1,completed,2026-07-28T01:45:19+08:00
VQ-022,What does a normal espresso extraction look like?,en,Espresso Machine,state,development,espresso-018-scene-0012,espresso-018,40.659,44.412,2,41.4,44.4,no,第2-6帧（t=41.4s-44.4s）显示咖啡从便携器具流入杯中，呈现了萃取动作，但未完整展示标准意式咖啡机萃取的流速、crema等特征。,AI时间40.659-44.412→R1时间41.4-44.4s（按联系表帧标签），画面仅展示便携器具出咖啡，未完整呈现标准意式萃取特征。,R1,completed,2026-07-28T01:45:19+08:00
VQ-022,What does a normal espresso extraction look like?,en,Espresso Machine,state,development,espresso-018-scene-0018,espresso-018,58.257,60.425,0,,,no,所有6帧（t=58.3s-60.4s）均为地铁站内男子喝绿色瓶装饮料的画面，无咖啡机或浓缩咖啡萃取。,,R1,completed,2026-07-28T01:45:19+08:00
VQ-022,What does a normal espresso extraction look like?,en,Espresso Machine,state,development,espresso-040-scene-0001,espresso-040,0.0,8.64,1,,,no,画面为锁入手柄的准备动作，没有萃取出液画面。,AI=1→R1=1，与AI一致。,R1,completed,2026-07-28T01:45:19+08:00
VQ-023,一杯浓缩咖啡萃取结束时有什么可见信号？,zh-CN,Espresso Machine,state,development,espresso-001-scene-0002,espresso-001,2.035,10.244,1,,,no,画面展示咖啡持续流入杯中，但未出现萃取结束时的水流停止、液面变化或提示信号。,AI=2→R1=1：画面展示萃取过程，但未展示萃取结束时的可见信号。,R1,completed,2026-07-28T01:55:19+08:00
VQ-023,一杯浓缩咖啡萃取结束时有什么可见信号？,zh-CN,Espresso Machine,state,development,espresso-001-scene-0004,espresso-001,14.214,18.685,1,,,no,画面展示咖啡师观察萃取，但各帧均未明确展示萃取结束的可见信号（如液流停止）。,AI=2→R1=1，未清晰展示萃取结束信号。,R1,completed,2026-07-28T01:45:19+08:00
VQ-023,一杯浓缩咖啡萃取结束时有什么可见信号？,zh-CN,Espresso Machine,state,development,espresso-001-scene-0008,espresso-001,32.666,47.014,2,32.666,47.014,no,第5帧（t≈44.1s）出现一杯已萃取好的浓缩咖啡，最后一帧回到手柄，但未明确显示萃取结束的停止信号。,,R1,completed,2026-07-28T01:45:19+08:00
VQ-023,一杯浓缩咖啡萃取结束时有什么可见信号？,zh-CN,Espresso Machine,state,development,espresso-002-scene-0001,espresso-002,0.0,44.68,2,0.0,44.68,no,全部6帧（t=0s–44.7s）展示萃取进程和crema形成过程，但未明确捕捉到萃取结束的时刻（如流速停止/变金黄/断流等结束信号），最后一帧（t=44.7s）杯中已有完整crema但结束瞬间不明确。,,R1,completed,2026-07-28T01:45:19+08:00
VQ-023,一杯浓缩咖啡萃取结束时有什么可见信号？,zh-CN,Espresso Machine,state,development,espresso-003-scene-0001,espresso-003,0.0,140.95,0,,,no,全部帧为滴滤咖啡机持续滴液，没有浓缩咖啡萃取结束时的流量停止、压力变化或提示信号。,AI=2→R1=0：设备为滴滤咖啡机且未展示萃取结束信号。,R1,completed,2026-07-28T01:45:19+08:00
VQ-023,一杯浓缩咖啡萃取结束时有什么可见信号？,zh-CN,Espresso Machine,state,development,espresso-004-scene-0001,espresso-004,0.0,32.213,1,,,no,多帧（t=6.4s–25.1s）展示已完成浓缩的静态外观（crema完好），但未显示萃取结束时刻的任何动态信号（如流速变化/停止/颜色转变）。,,R1,completed,2026-07-28T01:45:19+08:00
VQ-023,一杯浓缩咖啡萃取结束时有什么可见信号？,zh-CN,Espresso Machine,state,development,espresso-004-scene-0008,espresso-004,51.983,57.28,1,,,no,6帧展示萃取进行中，但未展示萃取结束、流速停止等可见信号。,"AI时间51.983-57.28→R1时间52.0-57.3s（按联系表帧标签）。 | 第三轮仲裁修正：R1原记录 等级=2 时间=[52,57.28] 泄漏=no → 仲裁 等级=1 时间=[None,None] 泄漏=no。理由：6帧均显示萃取进行中，未见萃取结束或流速停止等可见信号，产品出现但不回答查询，采纳复核方1级意见。",R1,completed,2026-07-28T20:35:21+08:00
VQ-023,一杯浓缩咖啡萃取结束时有什么可见信号？,zh-CN,Espresso Machine,state,development,espresso-004-scene-0010,espresso-004,61.742,66.33,1,,,no,第1-6帧（t=61.7s-66.3s）仅显示咖啡持续注入杯中，未见萃取结束（水流停止、滴落完成等）的明确信号。,AI=2→R1=1：画面仅展示萃取进行中，未呈现萃取结束的可见信号。,R1,completed,2026-07-28T01:45:19+08:00
VQ-023,一杯浓缩咖啡萃取结束时有什么可见信号？,zh-CN,Espresso Machine,state,development,espresso-004-scene-0011,espresso-004,66.33,88.68,1,,,no,第1–3、6帧（t=66.7s–75.2s、88.4s）可见浓缩咖啡正在流出，但所有帧均未展示萃取停止、流速变化或机器提示等结束信号。,AI=1→R1=1，与AI一致。,R1,completed,2026-07-28T01:45:19+08:00
VQ-023,一杯浓缩咖啡萃取结束时有什么可见信号？,zh-CN,Espresso Machine,state,development,espresso-005-scene-0001,espresso-005,0.0,55.87,1,,,no,画面展示咖啡持续流入红色杯子，但未出现萃取结束时的水流停止或提示信号。,AI=2→R1=1：画面展示萃取过程，但未展示萃取结束时的可见信号。,R1,completed,2026-07-28T01:55:19+08:00
VQ-023,一杯浓缩咖啡萃取结束时有什么可见信号？,zh-CN,Espresso Machine,state,development,espresso-006-scene-0001,espresso-006,0.0,49.41,0,,,no,画面展示完整分层饮品的制作过程，未呈现浓缩咖啡萃取结束的可见信号（如停止滴落、颜色变化）。,AI=2→R1=0：画面无萃取结束的可见信号。,R1,completed,2026-07-28T01:45:19+08:00
VQ-023,一杯浓缩咖啡萃取结束时有什么可见信号？,zh-CN,Espresso Machine,state,development,espresso-008-scene-0001,espresso-008,0.0,60.8,1,,,no,画面展示咖啡持续注入杯中，但未出现萃取结束时的停止信号或液面变化。,AI=2→R1=1：画面展示咖啡持续注入杯中，但未展示萃取结束时的停止信号。,R1,completed,2026-07-28T01:55:19+08:00
VQ-023,一杯浓缩咖啡萃取结束时有什么可见信号？,zh-CN,Espresso Machine,state,development,espresso-009-scene-0001,espresso-009,0.0,83.82,0,,,no,未展示浓缩咖啡萃取结束的信号。,,R1,completed,2026-07-28T01:45:19+08:00
VQ-023,一杯浓缩咖啡萃取结束时有什么可见信号？,zh-CN,Espresso Machine,state,development,espresso-015-scene-0001,espresso-015,0.0,4.082,0,,,no,画面未展示萃取结束时的水流停止、压力回落或提示信号。,,R1,completed,2026-07-28T01:55:19+08:00
VQ-023,一杯浓缩咖啡萃取结束时有什么可见信号？,zh-CN,Espresso Machine,state,development,espresso-015-scene-0002,espresso-015,4.082,37.448,1,,,no,画面展示萃取出液过程，但所有帧均未展示萃取结束、流速停止或滴落结束等可见信号。,AI=2→R1=1，未见萃取结束信号。,R1,completed,2026-07-28T01:45:19+08:00
VQ-023,一杯浓缩咖啡萃取结束时有什么可见信号？,zh-CN,Espresso Machine,state,development,espresso-015-scene-0003,espresso-015,37.448,43.15,2,37.448,43.15,no,最后一帧（t≈43.2s）杯中咖啡接近满杯，暗示萃取可能结束，但未明确显示流量停止或机器提示等结束信号。,AI=3→R1=2：未明确呈现萃取结束的可见信号。,R1,completed,2026-07-28T01:45:19+08:00
VQ-023,一杯浓缩咖啡萃取结束时有什么可见信号？,zh-CN,Espresso Machine,state,development,espresso-016-scene-0001,espresso-016,0.0,2.714,0,,,no,6帧（t=0.0s–2.7s）未见浓缩咖啡萃取过程，无流速、颜色变化等结束信号。,,R1,completed,2026-07-28T01:45:19+08:00
VQ-023,一杯浓缩咖啡萃取结束时有什么可见信号？,zh-CN,Espresso Machine,state,development,espresso-016-scene-0003,espresso-016,4.849,13.391,0,,,no,场景中未发生萃取，更无萃取结束时的流量停止、液面变化等信号。,,R1,completed,2026-07-28T01:45:19+08:00
VQ-023,一杯浓缩咖啡萃取结束时有什么可见信号？,zh-CN,Espresso Machine,state,development,espresso-016-scene-0004,espresso-016,13.391,16.12,1,,,no,画面未呈现浓缩咖啡萃取过程，也无停止滴落、颜色变化等萃取结束的可见信号。,AI=2→R1=1：画面无萃取结束的可视信号。,R1,completed,2026-07-28T01:45:19+08:00
VQ-023,一杯浓缩咖啡萃取结束时有什么可见信号？,zh-CN,Espresso Machine,state,development,espresso-017-scene-0001,espresso-017,0.0,574.25,0,,,no,拆机场景中没有萃取过程及结束信号。,AI=0→R1=0，与AI一致。,R1,completed,2026-07-28T01:45:19+08:00
VQ-023,一杯浓缩咖啡萃取结束时有什么可见信号？,zh-CN,Espresso Machine,state,development,espresso-017-scene-0002,espresso-017,574.25,586.633,0,,,no,全部6帧（t=574.2s–586.6s）是拆解维修画面，无萃取过程因此也无萃取结束的任何可见信号。,,R1,completed,2026-07-28T01:45:19+08:00
VQ-023,一杯浓缩咖啡萃取结束时有什么可见信号？,zh-CN,Espresso Machine,state,development,espresso-017-scene-0003,espresso-017,586.633,663.84,0,,,no,拆机维修画面中没有萃取过程，也未见萃取结束时的停止、滴落等信号。,AI=0→R1=0，与AI一致。,R1,completed,2026-07-28T01:45:19+08:00
VQ-023,一杯浓缩咖啡萃取结束时有什么可见信号？,zh-CN,Espresso Machine,state,development,espresso-018-scene-0003,espresso-018,7.756,14.47,1,,,no,第2-5帧（t=9.1s-13.2s）显示咖啡持续滴入杯中，但未见萃取结束（水流停止、滴落完成等）的明确信号。,AI=2→R1=1：画面仅展示萃取进行中，未呈现萃取结束的可见信号。,R1,completed,2026-07-28T01:45:19+08:00
VQ-023,一杯浓缩咖啡萃取结束时有什么可见信号？,zh-CN,Espresso Machine,state,development,espresso-018-scene-0006,espresso-018,21.101,24.02,0,,,no,画面呈现萃取持续滴落，未出现水流停止、压力变化或提示音等萃取结束信号。,,R1,completed,2026-07-28T01:55:19+08:00
VQ-023,一杯浓缩咖啡萃取结束时有什么可见信号？,zh-CN,Espresso Machine,state,development,espresso-018-scene-0007,espresso-018,24.02,28.524,0,,,no,画面展示了萃取进行中的泵动和出液（t=25.8s–28.6s），但所有帧均未显示萃取结束时刻或任何结束信号（如流速变慢/变黄/停止）。,,R1,completed,2026-07-28T01:45:19+08:00
VQ-023,一杯浓缩咖啡萃取结束时有什么可见信号？,zh-CN,Espresso Machine,state,development,espresso-018-scene-0011,espresso-018,36.906,40.659,0,,,no,所有6帧（t=36.9s-40.7s）展示露营场景中男子用小型深色设备饮用，未见浓缩咖啡萃取过程或结束信号。,,R1,completed,2026-07-28T01:45:19+08:00
VQ-023,一杯浓缩咖啡萃取结束时有什么可见信号？,zh-CN,Espresso Machine,state,development,espresso-018-scene-0012,espresso-018,40.659,44.412,1,,,no,第2-5帧显示咖啡正在流入杯中，但未展示萃取停止/结束信号。,,R1,completed,2026-07-28T01:45:19+08:00
VQ-023,一杯浓缩咖啡萃取结束时有什么可见信号？,zh-CN,Espresso Machine,state,development,espresso-018-scene-0013,espresso-018,44.412,47.873,0,,,no,所有6帧（t=44.4s-47.9s）均为手持memobottle水瓶的画面，无咖啡机或萃取相关内容。,,R1,completed,2026-07-28T01:45:19+08:00
VQ-023,一杯浓缩咖啡萃取结束时有什么可见信号？,zh-CN,Espresso Machine,state,development,espresso-018-scene-0017,espresso-018,55.963,58.257,0,,,no,6帧（t=56.0s–58.3s）均为Stojo可折叠杯的展示与折叠演示，无浓缩咖啡萃取过程及结束信号。,,R1,completed,2026-07-28T01:45:19+08:00
VQ-023,一杯浓缩咖啡萃取结束时有什么可见信号？,zh-CN,Espresso Machine,state,development,espresso-018-scene-0024,espresso-018,77.565,82.736,1,,,no,所有6帧（t=77.6s-82.8s）仅展示户外场景中手持/收纳便携咖啡机，无任何萃取过程或结束信号。,"第三轮仲裁修正：R1原记录 等级=0 时间=[None,None] 泄漏=no → 仲裁 等级=1 时间=[None,None] 泄漏=no。理由：画面为户外手持/收纳Wacaco便携式意式咖啡机，产品出现但无任何萃取结束信号，采纳复核方1级意见。",R1,completed,2026-07-28T20:35:21+08:00
VQ-023,一杯浓缩咖啡萃取结束时有什么可见信号？,zh-CN,Espresso Machine,state,development,espresso-040-scene-0001,espresso-040,0.0,8.64,1,,,no,画面为锁入手柄，没有萃取过程，也没有萃取结束信号。,AI=1→R1=1，与AI一致。,R1,completed,2026-07-28T01:45:19+08:00
VQ-024,Where are the portafilter and filter basket on an espresso machine?,en,Espresso Machine,component,development,espresso-001-scene-0006,espresso-001,23.59,25.759,1,,,no,第1–6帧（t=23.6s–25.8s）中粉碗被拿在手中而非展示其在机器上的位置，滤杯篮也未单独指出位置，无法回答'在哪里'。,AI=3→R1=1：粉碗仅在手中持握而未展示其在机器上的安装位置，滤杯篮未被识别定位，不构成直接完整回答。,R1,completed,2026-07-28T01:45:19+08:00
VQ-024,Where are the portafilter and filter basket on an espresso machine?,en,Espresso Machine,component,development,espresso-001-scene-0007,espresso-001,25.759,32.666,1,,,no,画面中粉碗/手柄在手中独立展示，未显示其在咖啡机冲煮头上的具体安装位置。,AI=3→R1=1：粉碗在手中未锁入机器，未展示其在机器上的位置。,R1,completed,2026-07-28T01:45:19+08:00
VQ-024,Where are the portafilter and filter basket on an espresso machine?,en,Espresso Machine,component,development,espresso-001-scene-0008,espresso-001,32.666,47.014,3,32.666,47.014,no,第1–4帧及第6帧清晰展示手柄已锁入冲煮头，粉碗可见，直接呈现手柄与粉碗在咖啡机上的位置。,AI=2→R1=3：画面清楚展示了手柄锁入冲煮头、粉碗在手柄中的位置。,R1,completed,2026-07-28T01:45:19+08:00
VQ-024,Where are the portafilter and filter basket on an espresso machine?,en,Espresso Machine,component,development,espresso-002-scene-0001,espresso-002,0.0,44.68,2,0.0,44.68,no,全部6帧（t=0s–44.7s）中金属手柄（portafilter）锁定在机身冲煮头下方正在出液的位置清晰可见，隐含展示了其在机上的位置，但未做任何标注或指向说明。,,R1,completed,2026-07-28T01:45:19+08:00
VQ-024,Where are the portafilter and filter basket on an espresso machine?,en,Espresso Machine,component,development,espresso-003-scene-0001,espresso-003,0.0,140.95,0,,,no,画面中没有意式咖啡机的手柄和粉碗，只有滴滤机的滤篮和玻璃壶。,,R1,completed,2026-07-28T01:45:19+08:00
VQ-024,Where are the portafilter and filter basket on an espresso machine?,en,Espresso Machine,component,development,espresso-004-scene-0003,espresso-004,34.382,37.718,3,34.382,37.718,no,分屏画面：左侧多帧（t=34.4s–37.7s）清晰展示意式咖啡机冲煮头（group head），右侧多帧展示手举的portafilter（含filter basket），直接回答了两个部件的位置与外观。,,R1,completed,2026-07-28T01:45:19+08:00
VQ-024,Where are the portafilter and filter basket on an espresso machine?,en,Espresso Machine,component,development,espresso-004-scene-0004,espresso-004,37.718,40.972,1,,,no,画面中出现手持手柄接粉，但6帧均未展示手柄或粉碗在咖啡机冲煮头上的安装位置。,AI=3→R1=1：画面仅展示手持手柄接取咖啡粉，未说明手柄与粉碗在咖啡机上的具体位置。,R1,completed,2026-07-28T01:45:19+08:00
VQ-024,Where are the portafilter and filter basket on an espresso machine?,en,Espresso Machine,component,development,espresso-004-scene-0006,espresso-004,45.518,48.855,2,45.518,48.855,no,第1-2帧（t=45.5s-46.2s）清晰展示粉碗独立特写，可见粉碗与滤篮形态；PURGE水流帧可见冲煮头位置，但粉碗未锁入机器。,AI=2→R1=2：粉碗形态可见但未锁入机器展示具体安装位置。,R1,completed,2026-07-28T01:45:19+08:00
VQ-024,Where are the portafilter and filter basket on an espresso machine?,en,Espresso Machine,component,development,espresso-004-scene-0007,espresso-004,48.855,51.983,2,48.9,50.7,no,第1-3帧（t=48.9s-50.1s）展示手柄与冲煮头连接，可见手柄及内部滤网篮位置，但无文字标注。,R1时间48.9-50.7s：仅前3帧清晰展示手柄与滤网篮位置，后帧转为按键启动而非定位展示。,R1,completed,2026-07-28T01:55:19+08:00
VQ-024,Where are the portafilter and filter basket on an espresso machine?,en,Espresso Machine,component,development,espresso-005-scene-0001,espresso-005,0.0,55.87,3,0.0,55.87,no,第1-6帧均清晰展示意式咖啡机的手柄及内部滤网篮，直接回答二者在冲煮头处的位置。,AI=2→R1=3：第1-6帧均清晰展示手柄及内部滤网篮，直接回答二者位置。,R1,completed,2026-07-28T01:55:19+08:00
VQ-024,Where are the portafilter and filter basket on an espresso machine?,en,Espresso Machine,component,development,espresso-006-scene-0001,espresso-006,0.0,49.41,0,,,no,画面中BOSCH一体式咖啡机为胶囊/豆仓类型，未见传统粉碗或滤篮。,,R1,completed,2026-07-28T01:45:19+08:00
VQ-024,Where are the portafilter and filter basket on an espresso machine?,en,Espresso Machine,component,development,espresso-008-scene-0001,espresso-008,0.0,60.8,0,,,no,全自动咖啡机无外露手柄与滤网篮，画面中未展示二者位置。,,R1,completed,2026-07-28T01:55:19+08:00
VQ-024,Where are the portafilter and filter basket on an espresso machine?,en,Espresso Machine,component,development,espresso-009-scene-0001,espresso-009,0.0,83.82,0,,,no,Tassimo 胶囊机没有手柄和粉碗。,,R1,completed,2026-07-28T01:45:19+08:00
VQ-024,Where are the portafilter and filter basket on an espresso machine?,en,Espresso Machine,component,development,espresso-015-scene-0001,espresso-015,0.0,4.082,3,0.0,3.3,no,第1-5帧（t=0.0s-3.3s）清晰展示冲煮头中已锁定的手柄及内部滤网篮，直接回答二者位置。,R1时间0.0-3.3s：按联系表帧标签，前5帧清晰展示手柄与滤网篮，末帧t=4.1s超出场景窗口上限4.082s。,R1,completed,2026-07-28T01:55:19+08:00
VQ-024,Where are the portafilter and filter basket on an espresso machine?,en,Espresso Machine,component,development,espresso-015-scene-0002,espresso-015,4.082,37.448,1,,,no,第2–5帧（t=10.8s–30.8s）可见冲煮头上的金属手柄，但未明确说明其位置，也未清晰展示粉篮。,AI=2→R1=1，仅手柄可见，未说明位置及粉篮。,R1,completed,2026-07-28T01:45:19+08:00
VQ-024,Where are the portafilter and filter basket on an espresso machine?,en,Espresso Machine,component,development,espresso-016-scene-0002,espresso-016,2.714,4.849,2,2.714,4.8,no,全部6帧（t=2.7s–4.8s）中手柄（portafilter）和粉碗（filter basket）作为核心操作对象被清晰展示——双手正在其中装填咖啡粉，但其位置是在桌面电子秤上而非安装在咖啡机上，因此回答了'长什么样/在哪操作'但未展示'在机器上的安装位置'。,AI=3→R1=2：手柄和粉碗确实清晰可见并被操作，但它们位于桌面而非安装在咖啡机上，未能回答'在咖啡机上何处'这一关键位置信息。,R1,completed,2026-07-28T01:45:19+08:00
VQ-024,Where are the portafilter and filter basket on an espresso machine?,en,Espresso Machine,component,development,espresso-016-scene-0003,espresso-016,4.849,13.391,1,,,no,第1–6帧可见手柄及粉碗放在砧板上，但未安装到咖啡机上，无法说明其在咖啡机上的位置。,AI=3→R1=1：仅展示手柄在砧板上，未展示其在咖啡机上的安装位置。,R1,completed,2026-07-28T01:45:19+08:00
VQ-024,Where are the portafilter and filter basket on an espresso machine?,en,Espresso Machine,component,development,espresso-016-scene-0004,espresso-016,13.391,16.12,2,13.4,16.1,no,6帧画面中粉碗/手柄可见装在机器冲煮头上，可识别其在咖啡机上的位置，但场景并非专门展示粉碗位置，整体画面更偏咖啡机外观展示。,AI=3→R1=2：粉碗虽可见，但场景主要展示咖啡机整体外观，未专门突出粉碗位置。,R1,completed,2026-07-28T01:45:19+08:00
VQ-024,Where are the portafilter and filter basket on an espresso machine?,en,Espresso Machine,component,development,espresso-017-scene-0001,espresso-017,0.0,574.25,0,,,no,该机型为全自动Jura，画面中没有传统手柄和粉篮，也未指出其位置。,AI=1→R1=0，机型为全自动，无手柄/粉篮。,R1,completed,2026-07-28T01:45:19+08:00
VQ-024,Where are the portafilter and filter basket on an espresso machine?,en,Espresso Machine,component,development,espresso-017-scene-0002,espresso-017,574.25,586.633,0,,,no,全部6帧（t=574.2s–586.6s）中拆解的咖啡机内部结构里无法识别出手柄（portafilter）或粉碗（filter basket）组件。,AI=1→R1=0：拆解画面中完全不可见手柄或粉碗组件，无法提供任何位置信息。,R1,completed,2026-07-28T01:45:19+08:00
VQ-024,Where are the portafilter and filter basket on an espresso machine?,en,Espresso Machine,component,development,espresso-017-scene-0003,espresso-017,586.633,663.84,0,,,no,该机型为全自动Jura，画面中冲泡组件已被拆下，没有传统手柄和粉篮，也未指出其位置。,AI=0→R1=0，与AI一致。,R1,completed,2026-07-28T01:45:19+08:00
VQ-024,Where are the portafilter and filter basket on an espresso machine?,en,Espresso Machine,component,development,espresso-018-scene-0001,espresso-018,0.0,3.586,0,,,no,画面只显示便携式minipresso咖啡机整体，未展示portafilter和filter basket的位置。,,R1,completed,2026-07-28T01:45:19+08:00
VQ-024,Where are the portafilter and filter basket on an espresso machine?,en,Espresso Machine,component,development,espresso-018-scene-0003,espresso-018,7.756,14.47,0,,,no,所有6帧（t=7.8s-14.5s）仅展示Wacaco便携咖啡机整体及咖啡滴落，未清晰显示或标识冲煮手柄（portafilter）和粉碗（filter basket）。,,R1,completed,2026-07-28T01:45:19+08:00
VQ-024,Where are the portafilter and filter basket on an espresso machine?,en,Espresso Machine,component,development,espresso-018-scene-0005,espresso-018,18.39,21.101,0,,,no,全部6帧（t=18.4s–21.1s）展示的是Wacaco便携式手压咖啡器（非意式咖啡机），手持操作并叠加文字'No paper filter needed'，无任何portafilter或filter basket组件出现。,,R1,completed,2026-07-28T01:45:19+08:00
VQ-024,Where are the portafilter and filter basket on an espresso machine?,en,Espresso Machine,component,development,espresso-018-scene-0007,espresso-018,24.02,28.524,0,,,no,MiniPresso为一体化便携设计，无传统可拆卸的手柄（portafilter）和粉碗（filter basket）组件在画面中被标识或展示位置。,,R1,completed,2026-07-28T01:45:19+08:00
VQ-024,Where are the portafilter and filter basket on an espresso machine?,en,Espresso Machine,component,development,espresso-018-scene-0010,espresso-018,34.153,36.906,0,,,no,6帧（t=34.2s–36.9s）中Minipresso为便携一体式设计，未清晰展示传统手柄与粉碗结构及其在机身的位置。,,R1,completed,2026-07-28T01:45:19+08:00
VQ-024,Where are the portafilter and filter basket on an espresso machine?,en,Espresso Machine,component,development,espresso-040-scene-0001,espresso-040,0.0,8.64,3,0.0,8.6,no,第1–5帧（t=0.0s–6.9s）清晰展示手柄位于冲煮头正前方，并通过插入/旋转动作演示了手柄与冲煮头的连接位置。,AI=3→R1=3，与AI一致。,R1,completed,2026-07-28T01:45:19+08:00
VQ-025,咖啡机蒸汽棒怎样打开并用于打奶泡？,zh-CN,Espresso Machine,component,development,espresso-001-scene-0001,espresso-001,0.0,2.035,0,,,no,6帧均为黑屏/极暗画面（t=0.0s），未出现蒸汽棒、奶缸或打奶泡动作。,,R1,completed,2026-07-28T01:45:19+08:00
VQ-025,咖啡机蒸汽棒怎样打开并用于打奶泡？,zh-CN,Espresso Machine,component,development,espresso-001-scene-0003,espresso-001,10.244,14.214,0,,,no,全部6帧（t=10.2s–14.2s）仅显示量杯中的浓缩咖啡液（含crema层），无咖啡机本体、无蒸汽棒、无打奶泡操作。,AI=1→R1=0：画面只有萃取完成的浓缩咖啡饮品，无任何咖啡机或蒸汽棒可见，完全不相关。,R1,completed,2026-07-28T01:45:19+08:00
VQ-025,咖啡机蒸汽棒怎样打开并用于打奶泡？,zh-CN,Espresso Machine,component,development,espresso-001-scene-0004,espresso-001,14.214,18.685,0,,,no,左侧可见蒸汽棒，但没有打开蒸汽或打奶泡的动作。,AI=0→R1=0，与AI一致。,R1,completed,2026-07-28T01:45:19+08:00
VQ-025,咖啡机蒸汽棒怎样打开并用于打奶泡？,zh-CN,Espresso Machine,component,development,espresso-001-scene-0005,espresso-001,18.685,23.59,1,,,no,画面显示咖啡师操作咖啡机，但未清晰展示蒸汽棒或打奶泡动作。,,R1,completed,2026-07-28T01:45:19+08:00
VQ-025,咖啡机蒸汽棒怎样打开并用于打奶泡？,zh-CN,Espresso Machine,component,development,espresso-001-scene-0006,espresso-001,23.59,25.759,0,,,no,第1–6帧（t=23.6s–25.8s）无蒸汽棒出现，也无打奶泡动作，与该查询完全无关。,,R1,completed,2026-07-28T01:45:19+08:00
VQ-025,咖啡机蒸汽棒怎样打开并用于打奶泡？,zh-CN,Espresso Machine,component,development,espresso-002-scene-0001,espresso-002,0.0,44.68,0,,,no,全部6帧（t=0s–44.7s）仅展示萃取出液，无蒸汽棒、无打奶泡操作。,,R1,completed,2026-07-28T01:45:19+08:00
VQ-025,咖啡机蒸汽棒怎样打开并用于打奶泡？,zh-CN,Espresso Machine,component,development,espresso-003-scene-0001,espresso-003,0.0,140.95,0,,,no,全部帧未出现蒸汽棒或打奶泡动作。,,R1,completed,2026-07-28T01:45:19+08:00
VQ-025,咖啡机蒸汽棒怎样打开并用于打奶泡？,zh-CN,Espresso Machine,component,development,espresso-004-scene-0001,espresso-004,0.0,32.213,0,,,no,全部6帧（t=0s–32.2s）无蒸汽棒出现，无打奶泡操作。,,R1,completed,2026-07-28T01:45:19+08:00
VQ-025,咖啡机蒸汽棒怎样打开并用于打奶泡？,zh-CN,Espresso Machine,component,development,espresso-004-scene-0002,espresso-004,32.213,34.382,1,,,no,所有帧均只有杯子置于蒸汽棒下方预热，未展示蒸汽棒开关操作或打奶泡动作。,AI=2→R1=1：仅展示蒸汽棒用于预热杯子，未展示如何打开及打奶泡。,R1,completed,2026-07-28T01:45:19+08:00
VQ-025,咖啡机蒸汽棒怎样打开并用于打奶泡？,zh-CN,Espresso Machine,component,development,espresso-004-scene-0005,espresso-004,40.972,45.518,0,,,no,6帧画面全部为粉碗内咖啡粉处理，无蒸汽棒出现，无任何打奶泡操作。,,R1,completed,2026-07-28T01:45:19+08:00
VQ-025,咖啡机蒸汽棒怎样打开并用于打奶泡？,zh-CN,Espresso Machine,component,development,espresso-004-scene-0007,espresso-004,48.855,51.983,0,,,no,画面聚焦于冲煮头与手柄区域，未见蒸汽棒及打奶泡操作。,,R1,completed,2026-07-28T01:55:19+08:00
VQ-025,咖啡机蒸汽棒怎样打开并用于打奶泡？,zh-CN,Espresso Machine,component,development,espresso-005-scene-0001,espresso-005,0.0,55.87,0,,,no,画面中无蒸汽棒，未展示打开蒸汽棒或打奶泡操作。,,R1,completed,2026-07-28T01:55:19+08:00
VQ-025,咖啡机蒸汽棒怎样打开并用于打奶泡？,zh-CN,Espresso Machine,component,development,espresso-006-scene-0001,espresso-006,0.0,49.41,1,,,no,画面中机器出品含牛奶的饮品，但未见蒸汽棒使用或打奶泡的动作演示。,,R1,completed,2026-07-28T01:45:19+08:00
VQ-025,咖啡机蒸汽棒怎样打开并用于打奶泡？,zh-CN,Espresso Machine,component,development,espresso-008-scene-0001,espresso-008,0.0,60.8,0,,,no,画面中未见蒸汽棒及打奶泡操作。,,R1,completed,2026-07-28T01:55:19+08:00
VQ-025,咖啡机蒸汽棒怎样打开并用于打奶泡？,zh-CN,Espresso Machine,component,development,espresso-009-scene-0001,espresso-009,0.0,83.82,0,,,no,未出现蒸汽棒或打奶泡动作。,,R1,completed,2026-07-28T01:45:19+08:00
VQ-025,咖啡机蒸汽棒怎样打开并用于打奶泡？,zh-CN,Espresso Machine,component,development,espresso-015-scene-0001,espresso-015,0.0,4.082,0,,,no,画面为冲煮头特写，未见蒸汽棒及任何打奶泡操作。,,R1,completed,2026-07-28T01:55:19+08:00
VQ-025,咖啡机蒸汽棒怎样打开并用于打奶泡？,zh-CN,Espresso Machine,component,development,espresso-015-scene-0002,espresso-015,4.082,37.448,0,,,no,画面只展示萃取出咖啡，未见蒸汽棒及打奶泡操作。,AI=0→R1=0，与AI一致。,R1,completed,2026-07-28T01:45:19+08:00
VQ-025,咖啡机蒸汽棒怎样打开并用于打奶泡？,zh-CN,Espresso Machine,component,development,espresso-016-scene-0001,espresso-016,0.0,2.714,0,,,no,6帧（t=0.0s–2.7s）画面以研磨机为中心，无蒸汽棒、无奶缸、无打奶泡动作。,,R1,completed,2026-07-28T01:45:19+08:00
VQ-025,咖啡机蒸汽棒怎样打开并用于打奶泡？,zh-CN,Espresso Machine,component,development,espresso-016-scene-0003,espresso-016,4.849,13.391,0,,,no,画面中没有蒸汽棒，也没有打奶泡动作。,,R1,completed,2026-07-28T01:45:19+08:00
VQ-025,咖啡机蒸汽棒怎样打开并用于打奶泡？,zh-CN,Espresso Machine,component,development,espresso-016-scene-0004,espresso-016,13.391,16.12,1,,,no,画面中咖啡机的蒸汽棒可见，但未展示任何打开阀门或打奶泡的动作演示。,AI=2→R1=1：蒸汽棒虽可见但无使用动作演示。,R1,completed,2026-07-28T01:45:19+08:00
VQ-025,咖啡机蒸汽棒怎样打开并用于打奶泡？,zh-CN,Espresso Machine,component,development,espresso-017-scene-0001,espresso-017,0.0,574.25,0,,,no,拆机画面中没有蒸汽棒，也没有打奶泡或打开蒸汽的操作。,AI=0→R1=0，与AI一致。,R1,completed,2026-07-28T01:45:19+08:00
VQ-025,咖啡机蒸汽棒怎样打开并用于打奶泡？,zh-CN,Espresso Machine,component,development,espresso-017-scene-0002,espresso-017,574.25,586.633,0,,,no,全部6帧（t=574.2s–586.6s）为拆解维修场景，无蒸汽棒、无打奶泡操作。,,R1,completed,2026-07-28T01:45:19+08:00
VQ-025,咖啡机蒸汽棒怎样打开并用于打奶泡？,zh-CN,Espresso Machine,component,development,espresso-017-scene-0003,espresso-017,586.633,663.84,0,,,no,拆机维修画面中没有蒸汽棒，也没有打奶泡或打开蒸汽的操作。,AI=0→R1=0，与AI一致。,R1,completed,2026-07-28T01:45:19+08:00
VQ-025,咖啡机蒸汽棒怎样打开并用于打奶泡？,zh-CN,Espresso Machine,component,development,espresso-018-scene-0007,espresso-018,24.02,28.524,0,,,no,全部6帧（t=24.0s–28.6s）中MiniPresso便携机无蒸汽棒部件，也无任何打奶泡操作。,,R1,completed,2026-07-28T01:45:19+08:00
VQ-025,咖啡机蒸汽棒怎样打开并用于打奶泡？,zh-CN,Espresso Machine,component,development,espresso-018-scene-0009,espresso-018,31.776,34.153,0,,,no,手动便携式咖啡机无蒸汽棒，画面未展示打奶泡操作。,,R1,completed,2026-07-28T01:45:19+08:00
VQ-025,咖啡机蒸汽棒怎样打开并用于打奶泡？,zh-CN,Espresso Machine,component,development,espresso-018-scene-0010,espresso-018,34.153,36.906,0,,,no,6帧（t=34.2s–36.9s）为户外场景，设备为便携浓缩咖啡机，无蒸汽棒及打奶泡相关动作。,,R1,completed,2026-07-28T01:45:19+08:00
VQ-025,咖啡机蒸汽棒怎样打开并用于打奶泡？,zh-CN,Espresso Machine,component,development,espresso-018-scene-0012,espresso-018,40.659,44.412,0,,,no,画面中只有便携器具倒咖啡，无蒸汽棒或打奶泡操作。,,R1,completed,2026-07-28T01:45:19+08:00
VQ-025,咖啡机蒸汽棒怎样打开并用于打奶泡？,zh-CN,Espresso Machine,component,development,espresso-018-scene-0013,espresso-018,44.412,47.873,0,,,no,所有6帧（t=44.4s-47.9s）均为手持memobottle水瓶，无咖啡机、蒸汽棒或打奶泡相关画面。,,R1,completed,2026-07-28T01:45:19+08:00
VQ-025,咖啡机蒸汽棒怎样打开并用于打奶泡？,zh-CN,Espresso Machine,component,development,espresso-018-scene-0017,espresso-018,55.963,58.257,0,,,no,6帧（t=56.0s–58.3s）中仅有可折叠杯出现，无咖啡机本体及蒸汽棒，更无打开蒸汽棒或打奶泡动作。,,R1,completed,2026-07-28T01:45:19+08:00
VQ-025,咖啡机蒸汽棒怎样打开并用于打奶泡？,zh-CN,Espresso Machine,component,development,espresso-040-scene-0001,espresso-040,0.0,8.64,0,,,no,画面只展示手柄锁定，未见蒸汽棒及打奶泡操作。,AI=0→R1=0，与AI一致。,R1,completed,2026-07-28T01:45:19+08:00
VQ-026,Where are the group head and drip tray on an espresso machine?,en,Espresso Machine,component,development,espresso-001-scene-0002,espresso-001,2.035,10.244,2,5.3,8.6,no,第3-5帧（t=5.3s-8.6s）可见冲煮头与手柄连接区域，但接水盘未明确展示或标注。,AI=1→R1=2：第3-5帧可见冲煮头区域，但接水盘未明确展示。,R1,completed,2026-07-28T01:55:19+08:00
VQ-026,Where are the group head and drip tray on an espresso machine?,en,Espresso Machine,component,development,espresso-001-scene-0004,espresso-001,14.214,18.685,1,,,no,画面中冲煮头下方区域可见，接水盘在机身底部隐约可见，但未明确标识其位置。,AI=1→R1=1，与AI一致。,R1,completed,2026-07-28T01:45:19+08:00
VQ-026,Where are the group head and drip tray on an espresso machine?,en,Espresso Machine,component,development,espresso-001-scene-0006,espresso-001,23.59,25.759,1,,,no,第1–6帧（t=23.6s–25.8s）中冲煮头区域部分可见但接水盘未出现在画面中，无法回答其位置。,,R1,completed,2026-07-28T01:45:19+08:00
VQ-026,Where are the group head and drip tray on an espresso machine?,en,Espresso Machine,component,development,espresso-001-scene-0008,espresso-001,32.666,47.014,2,32.666,47.014,no,冲煮头与手柄位置清晰可见，但接水盘在特写中未明显展示。,AI=1→R1=2：冲煮头可见，但接水盘未清晰展示。,R1,completed,2026-07-28T01:45:19+08:00
VQ-026,Where are the group head and drip tray on an espresso machine?,en,Espresso Machine,component,development,espresso-002-scene-0001,espresso-002,0.0,44.68,1,,,no,画面中机身下部冲煮头区域隐约可见（出液位置），但接水盘（drip tray）在该角度下不可见或未被展示。,,R1,completed,2026-07-28T01:45:19+08:00
VQ-026,Where are the group head and drip tray on an espresso machine?,en,Espresso Machine,component,development,espresso-003-scene-0001,espresso-003,0.0,140.95,0,,,no,未展示意式咖啡机的冲煮头（group head）和接水盘（drip tray）。,,R1,completed,2026-07-28T01:45:19+08:00
VQ-026,Where are the group head and drip tray on an espresso machine?,en,Espresso Machine,component,development,espresso-004-scene-0003,espresso-004,34.382,37.718,2,34.382,37.718,no,左侧分屏（t=34.4s–37.7s）清晰展示了group head的位置和外观，但整段画面未出现drip tray（接水盘），仅部分回答了query。,AI=3→R1=2：画面仅展示group head位置，未显示drip tray接水盘，属于部分回答。,R1,completed,2026-07-28T01:45:19+08:00
VQ-026,Where are the group head and drip tray on an espresso machine?,en,Espresso Machine,component,development,espresso-004-scene-0006,espresso-004,45.518,48.855,2,46.2,48.855,no,第3-5帧（t≈46.2s-48.9s）PURGE操作时水流从冲煮头流出，下方接水盘可见其位置，但场景主目的是冲洗而非位置说明。,时间按实际证据片段重定位,R1,completed,2026-07-28T01:45:19+08:00
VQ-026,Where are the group head and drip tray on an espresso machine?,en,Espresso Machine,component,development,espresso-004-scene-0010,espresso-004,61.742,66.33,3,61.742,66.3,no,第1-6帧（t=61.7s-66.3s）右侧显示白色杯子置于滴水盘上，左侧显示咖啡从萃取口/冲煮头下方流出，可定位滴水盘与冲煮头位置。,AI时间61.742-66.33→R1时间61.7-66.3s（按联系表帧标签）。,R1,completed,2026-07-28T01:45:19+08:00
VQ-026,Where are the group head and drip tray on an espresso machine?,en,Espresso Machine,component,development,espresso-005-scene-0001,espresso-005,0.0,55.87,2,0.0,55.87,no,第1-6帧清晰展示冲煮头位置，但接水盘被红色杯子遮挡/未明确展示。,AI=1→R1=2：第1-6帧清晰展示冲煮头，但接水盘被红色杯子遮挡/未明确展示。,R1,completed,2026-07-28T01:55:19+08:00
VQ-026,Where are the group head and drip tray on an espresso machine?,en,Espresso Machine,component,development,espresso-006-scene-0001,espresso-006,0.0,49.41,0,,,no,画面为BOSCH一体式咖啡机正面出品特写，未清晰展示冲煮头与接水盘位置。,,R1,completed,2026-07-28T01:45:19+08:00
VQ-026,Where are the group head and drip tray on an espresso machine?,en,Espresso Machine,component,development,espresso-008-scene-0001,espresso-008,0.0,60.8,0,,,no,全自动咖啡机无外露冲煮头，接水盘也未在画面中明确展示。,AI=1→R1=0：全自动咖啡机无外露冲煮头，画面中未展示接水盘位置。,R1,completed,2026-07-28T01:55:19+08:00
VQ-026,Where are the group head and drip tray on an espresso machine?,en,Espresso Machine,component,development,espresso-009-scene-0001,espresso-009,0.0,83.82,0,,,no,未展示意式咖啡机的冲煮头和接水盘。,,R1,completed,2026-07-28T01:45:19+08:00
VQ-026,Where are the group head and drip tray on an espresso machine?,en,Espresso Machine,component,development,espresso-015-scene-0001,espresso-015,0.0,4.082,2,0.0,3.3,no,第1-5帧（t=0.0s-3.3s）清晰展示冲煮头位置，但接水盘未在画面中出现。,AI=3→R1=2：第1-5帧清晰展示冲煮头，但接水盘未在画面中出现，仅能部分回答位置问题。,R1,completed,2026-07-28T01:55:19+08:00
VQ-026,Where are the group head and drip tray on an espresso machine?,en,Espresso Machine,component,development,espresso-015-scene-0002,espresso-015,4.082,37.448,0,,,no,画面聚焦于冲煮头出液，未展示冲煮头与接水盘的相对位置，接水盘不可见。,AI=1→R1=0，接水盘未出现。,R1,completed,2026-07-28T01:45:19+08:00
VQ-026,Where are the group head and drip tray on an espresso machine?,en,Espresso Machine,component,development,espresso-015-scene-0003,espresso-015,37.448,43.15,3,37.448,43.15,no,画面中红色杯子正放在金属接水盘上，咖啡从冲煮头/出水口下方流出，清楚展示了冲煮头与接水盘的位置。,,R1,completed,2026-07-28T01:45:19+08:00
VQ-026,Where are the group head and drip tray on an espresso machine?,en,Espresso Machine,component,development,espresso-016-scene-0001,espresso-016,0.0,2.714,0,,,no,6帧（t=0.0s–2.7s）未清晰展示冲煮头与接水盘在咖啡机上的位置，仅见研磨机特写。,,R1,completed,2026-07-28T01:45:19+08:00
VQ-026,Where are the group head and drip tray on an espresso machine?,en,Espresso Machine,component,development,espresso-016-scene-0002,espresso-016,2.714,4.849,1,,,no,背景中隐约可见咖啡机的一部分，但冲煮头（group head）和接水盘（drip tray）均未被展示或标识。,,R1,completed,2026-07-28T01:45:19+08:00
VQ-026,Where are the group head and drip tray on an espresso machine?,en,Espresso Machine,component,development,espresso-016-scene-0003,espresso-016,4.849,13.391,0,,,no,全部帧均未展示冲煮头或接水盘。,AI=1→R1=0：场景中未出现冲煮头和接水盘。,R1,completed,2026-07-28T01:45:19+08:00
VQ-026,Where are the group head and drip tray on an espresso machine?,en,Espresso Machine,component,development,espresso-016-scene-0004,espresso-016,13.391,16.12,2,13.4,16.1,no,冲煮头与下方接水盘作为咖啡机组件在画面中清晰可见，可识别其位置，但场景并未专门标注或突出这两者的位置。,AI=3→R1=2：冲煮头与接水盘虽可见，但场景主要展示整体机器外观。,R1,completed,2026-07-28T01:45:19+08:00
VQ-026,Where are the group head and drip tray on an espresso machine?,en,Espresso Machine,component,development,espresso-017-scene-0001,espresso-017,0.0,574.25,1,,,no,第1帧（t=0.0s）和第4帧（t=344.6s）可见从机身底部抽出接水盘，能提示接水盘位置；但冲煮头未明确展示或标识。,AI=2→R1=1，仅接水盘位置可见，冲煮头未明确展示。,R1,completed,2026-07-28T01:45:19+08:00
VQ-026,Where are the group head and drip tray on an espresso machine?,en,Espresso Machine,component,development,espresso-017-scene-0002,espresso-017,574.25,586.633,0,,,no,全部6帧（t=574.2s–586.6s）展示的拆解内部结构中无法识别出冲煮头（group head）或接水盘（drip tray）。,AI=1→R1=0：拆解画面中冲煮头和接水盘均不可见，无法提供位置信息。,R1,completed,2026-07-28T01:45:19+08:00
VQ-026,Where are the group head and drip tray on an espresso machine?,en,Espresso Machine,component,development,espresso-017-scene-0003,espresso-017,586.633,663.84,0,,,no,画面展示拆下冲泡组件等内部零件，未清晰标识或定位冲煮头与接水盘。,AI=0→R1=0，与AI一致。,R1,completed,2026-07-28T01:45:19+08:00
VQ-026,Where are the group head and drip tray on an espresso machine?,en,Espresso Machine,component,development,espresso-018-scene-0003,espresso-018,7.756,14.47,0,,,no,所有6帧（t=7.8s-14.5s）展示的是便携咖啡机，未见传统意式咖啡机的冲煮头（group head）和滴水盘（drip tray）。,,R1,completed,2026-07-28T01:45:19+08:00
VQ-026,Where are the group head and drip tray on an espresso machine?,en,Espresso Machine,component,development,espresso-018-scene-0006,espresso-018,21.101,24.02,0,,,no,该设备为便携式手动咖啡机，画面中无传统意式咖啡机的冲煮头(group head)与接水盘(drip tray)结构。,AI=1→R1=0：便携式咖啡机无传统冲煮头与接水盘结构，画面未展示二者位置。,R1,completed,2026-07-28T01:55:19+08:00
VQ-026,Where are the group head and drip tray on an espresso machine?,en,Espresso Machine,component,development,espresso-018-scene-0007,espresso-018,24.02,28.524,0,,,no,MiniPresso便携机无传统冲煮头（group head）和接水盘（drip tray）结构，画面中也未标识任何对应部件。,,R1,completed,2026-07-28T01:45:19+08:00
VQ-026,Where are the group head and drip tray on an espresso machine?,en,Espresso Machine,component,development,espresso-018-scene-0010,espresso-018,34.153,36.906,0,,,no,6帧（t=34.2s–36.9s）未展示Minipresso的冲煮头、接水盘等组件，无法回答其位置。,,R1,completed,2026-07-28T01:45:19+08:00
VQ-026,Where are the group head and drip tray on an espresso machine?,en,Espresso Machine,component,development,espresso-018-scene-0012,espresso-018,40.659,44.412,0,,,no,画面为便携旅行咖啡器具倒咖啡，未展示意式咖啡机的group head或drip tray。,,R1,completed,2026-07-28T01:45:19+08:00
VQ-026,Where are the group head and drip tray on an espresso machine?,en,Espresso Machine,component,development,espresso-018-scene-0023,espresso-018,74.771,77.565,0,,,no,全部6帧（t=74.7s–77.6s）展示眼镜放入手机壳、黄色钱包取卡等物品，与意式咖啡机完全无关。,,R1,completed,2026-07-28T01:45:19+08:00
VQ-026,Where are the group head and drip tray on an espresso machine?,en,Espresso Machine,component,development,espresso-040-scene-0001,espresso-040,0.0,8.64,2,0.0,8.6,no,第1–5帧（t=0.0s–6.9s）可见冲煮头及手柄连接位置，但接水盘未在画面中出现。,AI=2→R1=2，与AI一致。,R1,completed,2026-07-28T01:45:19+08:00
VQ-027,萃取后怎样冲洗咖啡机冲煮头？,zh-CN,Espresso Machine,maintenance,development,espresso-001-scene-0001,espresso-001,0.0,2.035,0,,,no,6帧均为黑屏/极暗画面（t=0.0s），无冲煮头、无冲洗动作。,,R1,completed,2026-07-28T01:45:19+08:00
VQ-027,萃取后怎样冲洗咖啡机冲煮头？,zh-CN,Espresso Machine,maintenance,development,espresso-001-scene-0004,espresso-001,14.214,18.685,0,,,no,画面为萃取或准备阶段，没有冲洗冲煮头的动作。,AI=1→R1=0，未见冲煮头冲洗。,R1,completed,2026-07-28T01:45:19+08:00
VQ-027,萃取后怎样冲洗咖啡机冲煮头？,zh-CN,Espresso Machine,maintenance,development,espresso-001-scene-0006,espresso-001,23.59,25.759,1,,,no,第1–6帧（t=23.6s–25.8s）无冲洗冲煮头的任何动作或工具出现。,,R1,completed,2026-07-28T01:45:19+08:00
VQ-027,萃取后怎样冲洗咖啡机冲煮头？,zh-CN,Espresso Machine,maintenance,development,espresso-001-scene-0008,espresso-001,32.666,47.014,0,,,no,画面只展示萃取，没有萃取后冲洗冲煮头的动作。,,R1,completed,2026-07-28T01:45:19+08:00
VQ-027,萃取后怎样冲洗咖啡机冲煮头？,zh-CN,Espresso Machine,maintenance,development,espresso-002-scene-0001,espresso-002,0.0,44.68,0,,,no,全部6帧（t=0s–44.7s）展示的是萃取过程中，无任何冲洗冲煮头的动作或水流。,,R1,completed,2026-07-28T01:45:19+08:00
VQ-027,萃取后怎样冲洗咖啡机冲煮头？,zh-CN,Espresso Machine,maintenance,development,espresso-003-scene-0001,espresso-003,0.0,140.95,0,,,no,画面仅显示滴滤咖啡机冲泡，没有冲煮头冲洗动作。,,R1,completed,2026-07-28T01:45:19+08:00
VQ-027,萃取后怎样冲洗咖啡机冲煮头？,zh-CN,Espresso Machine,maintenance,development,espresso-004-scene-0003,espresso-004,34.382,37.718,1,,,no,画面展示了意式咖啡机冲煮头和portafilter（t=34.4s–37.7s），但无任何冲洗冲煮头的动作演示。,,R1,completed,2026-07-28T01:45:19+08:00
VQ-027,萃取后怎样冲洗咖啡机冲煮头？,zh-CN,Espresso Machine,maintenance,development,espresso-004-scene-0006,espresso-004,45.518,48.855,3,46.2,48.855,no,第3-5帧（t≈46.2s-48.9s）清晰展示手按PURGE按钮后水流从冲煮头流出，直接演示冲洗冲煮头的标准操作。,AI=2→R1=3：PURGE按钮+水流从冲煮头流出正是冲洗冲煮头的操作演示。,R1,completed,2026-07-28T01:45:19+08:00
VQ-027,萃取后怎样冲洗咖啡机冲煮头？,zh-CN,Espresso Machine,maintenance,development,espresso-005-scene-0001,espresso-005,0.0,55.87,0,,,no,画面展示萃取过程，未展示萃取后冲洗冲煮头的动作。,,R1,completed,2026-07-28T01:55:19+08:00
VQ-027,萃取后怎样冲洗咖啡机冲煮头？,zh-CN,Espresso Machine,maintenance,development,espresso-006-scene-0001,espresso-006,0.0,49.41,0,,,no,画面为机器正常出品饮品，无任何冲洗冲煮头动作。,,R1,completed,2026-07-28T01:45:19+08:00
VQ-027,萃取后怎样冲洗咖啡机冲煮头？,zh-CN,Espresso Machine,maintenance,development,espresso-008-scene-0001,espresso-008,0.0,60.8,0,,,no,画面展示机器出咖啡，未展示冲煮头冲洗或清洁动作。,,R1,completed,2026-07-28T01:55:19+08:00
VQ-027,萃取后怎样冲洗咖啡机冲煮头？,zh-CN,Espresso Machine,maintenance,development,espresso-009-scene-0001,espresso-009,0.0,83.82,0,,,no,画面为胶囊机冲泡，无冲煮头冲洗动作。,,R1,completed,2026-07-28T01:45:19+08:00
VQ-027,萃取后怎样冲洗咖啡机冲煮头？,zh-CN,Espresso Machine,maintenance,development,espresso-015-scene-0001,espresso-015,0.0,4.082,2,0.0,3.3,no,第3-4帧（t=1.6s-2.4s）可见水从冲煮头流出，呈现冲洗动作，但未明确展示萃取后的冲洗上下文。,AI=1→R1=2：第3-4帧可见水从冲煮头流出，呈现冲洗动作，但未明确展示萃取后的冲洗上下文。,R1,completed,2026-07-28T01:55:19+08:00
VQ-027,萃取后怎样冲洗咖啡机冲煮头？,zh-CN,Espresso Machine,maintenance,development,espresso-015-scene-0002,espresso-015,4.082,37.448,0,,,no,画面为萃取出液，没有萃取后冲洗冲煮头的动作。,AI=0→R1=0，与AI一致。,R1,completed,2026-07-28T01:45:19+08:00
VQ-027,萃取后怎样冲洗咖啡机冲煮头？,zh-CN,Espresso Machine,maintenance,development,espresso-016-scene-0001,espresso-016,0.0,2.714,0,,,no,6帧（t=0.0s–2.7s）无冲煮头冲洗、无清水流出、无清洁刷等动作。,,R1,completed,2026-07-28T01:45:19+08:00
VQ-027,萃取后怎样冲洗咖啡机冲煮头？,zh-CN,Espresso Machine,maintenance,development,espresso-016-scene-0002,espresso-016,2.714,4.849,0,,,no,全部6帧（t=2.7s–4.8s）展示的是萃取前的装粉准备阶段，与萃取后冲洗冲煮头完全无关。,AI=1→R1=0：画面为萃取前装粉操作，与'萃取后冲洗冲煮头'的问题主题完全不相关。,R1,completed,2026-07-28T01:45:19+08:00
VQ-027,萃取后怎样冲洗咖啡机冲煮头？,zh-CN,Espresso Machine,maintenance,development,espresso-016-scene-0003,espresso-016,4.849,13.391,0,,,no,画面仅展示装粉压粉，没有萃取后冲洗冲煮头的动作。,AI=1→R1=0：无冲煮头冲洗相关内容。,R1,completed,2026-07-28T01:45:19+08:00
VQ-027,萃取后怎样冲洗咖啡机冲煮头？,zh-CN,Espresso Machine,maintenance,development,espresso-016-scene-0004,espresso-016,13.391,16.12,0,,,no,画面为咖啡机静置特写，无任何冲洗冲煮头的水流动作或操作演示。,AI=1→R1=0：画面无冲洗冲煮头的相关动作。,R1,completed,2026-07-28T01:45:19+08:00
VQ-027,萃取后怎样冲洗咖啡机冲煮头？,zh-CN,Espresso Machine,maintenance,development,espresso-017-scene-0001,espresso-017,0.0,574.25,0,,,no,拆机画面中没有萃取后冲洗冲煮头的操作。,AI=1→R1=0，画面未展示冲煮头冲洗。,R1,completed,2026-07-28T01:45:19+08:00
VQ-027,萃取后怎样冲洗咖啡机冲煮头？,zh-CN,Espresso Machine,maintenance,development,espresso-017-scene-0002,espresso-017,574.25,586.633,0,,,no,全部6帧（t=574.2s–586.6s）为拆解维修操作，无冲洗冲煮头的任何动作或水流。,,R1,completed,2026-07-28T01:45:19+08:00
VQ-027,萃取后怎样冲洗咖啡机冲煮头？,zh-CN,Espresso Machine,maintenance,development,espresso-017-scene-0003,espresso-017,586.633,663.84,1,,,no,画面展示拆下并清洗堵塞的冲泡组件，与冲煮头清洁相关，但并非萃取后冲洗冲煮头的标准操作。,AI=1→R1=1，与AI一致。,R1,completed,2026-07-28T01:45:19+08:00
VQ-027,萃取后怎样冲洗咖啡机冲煮头？,zh-CN,Espresso Machine,maintenance,development,espresso-018-scene-0005,espresso-018,18.39,21.101,0,,,no,全部6帧（t=18.4s–21.1s）为Wacaco便携咖啡器，非意式咖啡机，无冲煮头、无冲洗动作。,,R1,completed,2026-07-28T01:45:19+08:00
VQ-027,萃取后怎样冲洗咖啡机冲煮头？,zh-CN,Espresso Machine,maintenance,development,espresso-018-scene-0007,espresso-018,24.02,28.524,0,,,no,全部6帧（t=24.0s–28.6s）展示的是注水、泵动、出液过程，无任何冲洗冲煮头的动作。,,R1,completed,2026-07-28T01:45:19+08:00
VQ-027,萃取后怎样冲洗咖啡机冲煮头？,zh-CN,Espresso Machine,maintenance,development,espresso-018-scene-0009,espresso-018,31.776,34.153,0,,,no,画面只显示手动按压操作，未出现冲煮头冲洗步骤。,,R1,completed,2026-07-28T01:45:19+08:00
VQ-027,萃取后怎样冲洗咖啡机冲煮头？,zh-CN,Espresso Machine,maintenance,development,espresso-018-scene-0010,espresso-018,34.153,36.906,0,,,no,6帧（t=34.2s–36.9s）未见任何冲煮头冲洗、清洁动作或相关器具。,,R1,completed,2026-07-28T01:45:19+08:00
VQ-027,萃取后怎样冲洗咖啡机冲煮头？,zh-CN,Espresso Machine,maintenance,development,espresso-018-scene-0013,espresso-018,44.412,47.873,0,,,no,所有6帧（t=44.4s-47.9s）均为手持memobottle水瓶，无咖啡机冲煮头或冲洗动作。,,R1,completed,2026-07-28T01:45:19+08:00
VQ-027,萃取后怎样冲洗咖啡机冲煮头？,zh-CN,Espresso Machine,maintenance,development,espresso-040-scene-0001,espresso-040,0.0,8.64,1,,,no,画面为锁入手柄，没有萃取后冲洗冲煮头的动作。,AI=1→R1=1，与AI一致。,R1,completed,2026-07-28T01:45:19+08:00
VQ-028,How should an espresso-machine steam wand be wiped and purged after steaming milk?,en,Espresso Machine,maintenance,source_disjoint_test,espresso-001-scene-0002,espresso-001,2.035,10.244,0,,,no,画面中未见蒸汽棒，也未展示擦拭或排空蒸汽棒动作。,,R1,completed,2026-07-28T01:55:19+08:00
VQ-028,How should an espresso-machine steam wand be wiped and purged after steaming milk?,en,Espresso Machine,maintenance,source_disjoint_test,espresso-001-scene-0004,espresso-001,14.214,18.685,1,,,no,第1-6帧（t=14.2s-18.7s）显示咖啡师操作意式咖啡机，蒸汽棒在画面中可见，但没有擦拭或排空蒸汽棒的动作。,互检修正：原R1=0→互检=1；蒸汽棒（本query核心组件）在画面中可见，仅未演示清洁动作，应为1级而非0级。,R1,completed,2026-07-28T14:15:20+08:00
VQ-028,How should an espresso-machine steam wand be wiped and purged after steaming milk?,en,Espresso Machine,maintenance,source_disjoint_test,espresso-001-scene-0005,espresso-001,18.685,23.59,0,,,no,画面未展示蒸汽棒清洁或放气步骤。,,R1,completed,2026-07-28T01:45:19+08:00
VQ-028,How should an espresso-machine steam wand be wiped and purged after steaming milk?,en,Espresso Machine,maintenance,source_disjoint_test,espresso-001-scene-0006,espresso-001,23.59,25.759,0,,,no,第1–6帧（t=23.6s–25.8s）无蒸汽棒、擦拭或排放蒸汽的动作，与查询无关。,,R1,completed,2026-07-28T01:45:19+08:00
VQ-028,How should an espresso-machine steam wand be wiped and purged after steaming milk?,en,Espresso Machine,maintenance,source_disjoint_test,espresso-001-scene-0007,espresso-001,25.759,32.666,0,,,no,画面无蒸汽棒，无擦拭或排空操作。,,R1,completed,2026-07-28T01:45:19+08:00
VQ-028,How should an espresso-machine steam wand be wiped and purged after steaming milk?,en,Espresso Machine,maintenance,source_disjoint_test,espresso-002-scene-0001,espresso-002,0.0,44.68,0,,,no,无蒸汽棒出现，无擦拭或排放操作。,,R1,completed,2026-07-28T01:45:19+08:00
VQ-028,How should an espresso-machine steam wand be wiped and purged after steaming milk?,en,Espresso Machine,maintenance,source_disjoint_test,espresso-003-scene-0001,espresso-003,0.0,140.95,0,,,no,没有出现蒸汽棒，也没有擦拭或放空蒸汽棒的动作。,,R1,completed,2026-07-28T01:45:19+08:00
VQ-028,How should an espresso-machine steam wand be wiped and purged after steaming milk?,en,Espresso Machine,maintenance,source_disjoint_test,espresso-004-scene-0002,espresso-004,32.213,34.382,1,,,no,画面只展示预热杯子，没有蒸汽棒擦拭或放空动作。,,R1,completed,2026-07-28T01:45:19+08:00
VQ-028,How should an espresso-machine steam wand be wiped and purged after steaming milk?,en,Espresso Machine,maintenance,source_disjoint_test,espresso-004-scene-0005,espresso-004,40.972,45.518,0,,,no,画面无蒸汽棒出现，无擦拭或排空操作，与蒸汽棒维护完全无关。,,R1,completed,2026-07-28T01:45:19+08:00
VQ-028,How should an espresso-machine steam wand be wiped and purged after steaming milk?,en,Espresso Machine,maintenance,source_disjoint_test,espresso-004-scene-0006,espresso-004,45.518,48.855,1,,,no,画面中PURGE操作产生的水流来自冲煮头而非蒸汽棒，未演示蒸汽棒的擦拭或排空动作。,AI=2→R1=1：PURGE水流来自冲煮头，非蒸汽棒擦拭/排空。,R1,completed,2026-07-28T01:45:19+08:00
VQ-028,How should an espresso-machine steam wand be wiped and purged after steaming milk?,en,Espresso Machine,maintenance,source_disjoint_test,espresso-004-scene-0011,espresso-004,66.33,88.68,0,,,no,画面只呈现咖啡出液与品牌片尾，全程未见蒸汽棒，更无擦拭或排空蒸汽棒的动作。,AI=0→R1=0，与AI一致。,R1,completed,2026-07-28T01:45:19+08:00
VQ-028,How should an espresso-machine steam wand be wiped and purged after steaming milk?,en,Espresso Machine,maintenance,source_disjoint_test,espresso-005-scene-0001,espresso-005,0.0,55.87,0,,,no,画面中无蒸汽棒，未展示擦拭或排空蒸汽棒动作。,,R1,completed,2026-07-28T01:55:19+08:00
VQ-028,How should an espresso-machine steam wand be wiped and purged after steaming milk?,en,Espresso Machine,maintenance,source_disjoint_test,espresso-006-scene-0001,espresso-006,0.0,49.41,0,,,no,画面无蒸汽棒擦拭或排空操作。,,R1,completed,2026-07-28T01:45:19+08:00
VQ-028,How should an espresso-machine steam wand be wiped and purged after steaming milk?,en,Espresso Machine,maintenance,source_disjoint_test,espresso-008-scene-0001,espresso-008,0.0,60.8,0,,,no,画面中无蒸汽棒，未展示擦拭或排空蒸汽棒。,,R1,completed,2026-07-28T01:55:19+08:00
VQ-028,How should an espresso-machine steam wand be wiped and purged after steaming milk?,en,Espresso Machine,maintenance,source_disjoint_test,espresso-009-scene-0001,espresso-009,0.0,83.82,0,,,no,没有蒸汽棒，也没有擦拭或放空动作。,,R1,completed,2026-07-28T01:45:19+08:00
VQ-028,How should an espresso-machine steam wand be wiped and purged after steaming milk?,en,Espresso Machine,maintenance,source_disjoint_test,espresso-015-scene-0001,espresso-015,0.0,4.082,0,,,no,画面中无蒸汽棒，也未展示擦拭或排空蒸汽棒的任何动作。,,R1,completed,2026-07-28T01:55:19+08:00
VQ-028,How should an espresso-machine steam wand be wiped and purged after steaming milk?,en,Espresso Machine,maintenance,source_disjoint_test,espresso-015-scene-0002,espresso-015,4.082,37.448,0,,,no,画面只展示萃取，没有蒸汽棒，也没有擦拭或排空蒸汽棒。,AI=0→R1=0，与AI一致。,R1,completed,2026-07-28T01:45:19+08:00
VQ-028,How should an espresso-machine steam wand be wiped and purged after steaming milk?,en,Espresso Machine,maintenance,source_disjoint_test,espresso-015-scene-0003,espresso-015,37.448,43.15,0,,,no,画面中没有蒸汽棒，也没有擦拭或放空动作。,,R1,completed,2026-07-28T01:45:19+08:00
VQ-028,How should an espresso-machine steam wand be wiped and purged after steaming milk?,en,Espresso Machine,maintenance,source_disjoint_test,espresso-016-scene-0002,espresso-016,2.714,4.849,0,,,no,全部6帧（t=2.7s–4.8s）无蒸汽棒、无擦拭、无排放操作。,,R1,completed,2026-07-28T01:45:19+08:00
VQ-028,How should an espresso-machine steam wand be wiped and purged after steaming milk?,en,Espresso Machine,maintenance,source_disjoint_test,espresso-016-scene-0003,espresso-016,4.849,13.391,0,,,no,未出现蒸汽棒及擦拭、放空动作。,,R1,completed,2026-07-28T01:45:19+08:00
VQ-028,How should an espresso-machine steam wand be wiped and purged after steaming milk?,en,Espresso Machine,maintenance,source_disjoint_test,espresso-016-scene-0004,espresso-016,13.391,16.12,0,,,no,画面无蒸汽棒擦拭或排空动作，也无相关操作演示。,AI=1→R1=0：画面与蒸汽棒擦拭排空完全无关。,R1,completed,2026-07-28T01:45:19+08:00
VQ-028,How should an espresso-machine steam wand be wiped and purged after steaming milk?,en,Espresso Machine,maintenance,source_disjoint_test,espresso-017-scene-0001,espresso-017,0.0,574.25,0,,,no,拆机场景中没有蒸汽棒，也没有擦拭或排空蒸汽棒的动作。,AI=0→R1=0，与AI一致。,R1,completed,2026-07-28T01:45:19+08:00
VQ-028,How should an espresso-machine steam wand be wiped and purged after steaming milk?,en,Espresso Machine,maintenance,source_disjoint_test,espresso-017-scene-0003,espresso-017,586.633,663.84,0,,,no,拆机维修场景中没有蒸汽棒，也没有擦拭或排空蒸汽棒的动作。,AI=0→R1=0，与AI一致。,R1,completed,2026-07-28T01:45:19+08:00
VQ-028,How should an espresso-machine steam wand be wiped and purged after steaming milk?,en,Espresso Machine,maintenance,source_disjoint_test,espresso-018-scene-0005,espresso-018,18.39,21.101,0,,,no,全部6帧（t=18.4s–21.1s）为Wacaco便携咖啡器，无蒸汽棒、无清洁或排气相关操作。,,R1,completed,2026-07-28T01:45:19+08:00
VQ-028,How should an espresso-machine steam wand be wiped and purged after steaming milk?,en,Espresso Machine,maintenance,source_disjoint_test,espresso-018-scene-0007,espresso-018,24.02,28.524,0,,,no,MiniPresso无蒸汽棒，画面中无任何擦拭或排放蒸汽的操作。,,R1,completed,2026-07-28T01:45:19+08:00
VQ-028,How should an espresso-machine steam wand be wiped and purged after steaming milk?,en,Espresso Machine,maintenance,source_disjoint_test,espresso-018-scene-0012,espresso-018,40.659,44.412,0,,,no,画面未出现蒸汽棒及清洁/放气动作。,,R1,completed,2026-07-28T01:45:19+08:00
VQ-028,How should an espresso-machine steam wand be wiped and purged after steaming milk?,en,Espresso Machine,maintenance,source_disjoint_test,espresso-018-scene-0014,espresso-018,47.873,50.083,0,,,no,全部6帧（t=47.9s–50.1s）展示人物操作米色斜挎包（打开包体、放入透明袋等），无咖啡机或蒸汽棒。,,R1,completed,2026-07-28T01:45:19+08:00
VQ-028,How should an espresso-machine steam wand be wiped and purged after steaming milk?,en,Espresso Machine,maintenance,source_disjoint_test,espresso-018-scene-0019,espresso-018,60.425,63.47,0,,,no,6帧（t=60.4s–63.5s）为公共交通与户外骑行画面，无咖啡机、蒸汽棒及清洁动作。,,R1,completed,2026-07-28T01:45:19+08:00
VQ-028,How should an espresso-machine steam wand be wiped and purged after steaming milk?,en,Espresso Machine,maintenance,source_disjoint_test,espresso-040-scene-0001,espresso-040,0.0,8.64,0,,,no,画面中没有蒸汽棒，也没有擦拭或排空蒸汽棒的动作。,AI=0→R1=0，与AI一致。,R1,completed,2026-07-28T01:45:19+08:00
VQ-029,怎样取出并清空意式咖啡机接水盘？,zh-CN,Espresso Machine,maintenance,source_disjoint_test,espresso-001-scene-0001,espresso-001,0.0,2.035,0,,,no,6帧均为黑屏/极暗画面（t=0.0s），无接水盘及其取出/清空动作。,,R1,completed,2026-07-28T01:45:19+08:00
VQ-029,怎样取出并清空意式咖啡机接水盘？,zh-CN,Espresso Machine,maintenance,source_disjoint_test,espresso-001-scene-0006,espresso-001,23.59,25.759,0,,,no,第1–6帧（t=23.6s–25.8s）未展示接水盘，更无取出或清空的任何动作。,,R1,completed,2026-07-28T01:45:19+08:00
VQ-029,怎样取出并清空意式咖啡机接水盘？,zh-CN,Espresso Machine,maintenance,source_disjoint_test,espresso-001-scene-0008,espresso-001,32.666,47.014,0,,,no,未展示接水盘，也无取出或清空动作。,,R1,completed,2026-07-28T01:45:19+08:00
VQ-029,怎样取出并清空意式咖啡机接水盘？,zh-CN,Espresso Machine,maintenance,source_disjoint_test,espresso-002-scene-0001,espresso-002,0.0,44.68,0,,,no,全部6帧（t=0s–44.7s）中无接水盘可见，也无取出/清空操作。,,R1,completed,2026-07-28T01:45:19+08:00
VQ-029,怎样取出并清空意式咖啡机接水盘？,zh-CN,Espresso Machine,maintenance,source_disjoint_test,espresso-003-scene-0001,espresso-003,0.0,140.95,0,,,no,画面中未展示接水盘，也没有取出或清空动作。,,R1,completed,2026-07-28T01:45:19+08:00
VQ-029,怎样取出并清空意式咖啡机接水盘？,zh-CN,Espresso Machine,maintenance,source_disjoint_test,espresso-004-scene-0003,espresso-004,34.382,37.718,0,,,no,全6帧（t=34.4s–37.7s）仅展示冲煮头和portafilter，未出现接水盘（drip tray）及其取出/清空操作。,,R1,completed,2026-07-28T01:45:19+08:00
VQ-029,怎样取出并清空意式咖啡机接水盘？,zh-CN,Espresso Machine,maintenance,source_disjoint_test,espresso-004-scene-0005,espresso-004,40.972,45.518,0,,,no,画面为咖啡粉研磨与压实，未涉及接水盘。,,R1,completed,2026-07-28T01:45:19+08:00
VQ-029,怎样取出并清空意式咖啡机接水盘？,zh-CN,Espresso Machine,maintenance,source_disjoint_test,espresso-004-scene-0006,espresso-004,45.518,48.855,0,,,no,画面为PURGE冲洗操作，无任何接水盘取出或清空动作。,,R1,completed,2026-07-28T01:45:19+08:00
VQ-029,怎样取出并清空意式咖啡机接水盘？,zh-CN,Espresso Machine,maintenance,source_disjoint_test,espresso-005-scene-0001,espresso-005,0.0,55.87,0,,,no,画面未展示接水盘及其取出、清空动作。,,R1,completed,2026-07-28T01:55:19+08:00
VQ-029,怎样取出并清空意式咖啡机接水盘？,zh-CN,Espresso Machine,maintenance,source_disjoint_test,espresso-006-scene-0001,espresso-006,0.0,49.41,0,,,no,画面无接水盘取出或清空动作。,,R1,completed,2026-07-28T01:45:19+08:00
VQ-029,怎样取出并清空意式咖啡机接水盘？,zh-CN,Espresso Machine,maintenance,source_disjoint_test,espresso-008-scene-0001,espresso-008,0.0,60.8,0,,,no,画面未展示接水盘及其取出、清空动作。,,R1,completed,2026-07-28T01:55:19+08:00
VQ-029,怎样取出并清空意式咖啡机接水盘？,zh-CN,Espresso Machine,maintenance,source_disjoint_test,espresso-009-scene-0001,espresso-009,0.0,83.82,0,,,no,未展示接水盘及取出清空动作。,,R1,completed,2026-07-28T01:45:19+08:00
VQ-029,怎样取出并清空意式咖啡机接水盘？,zh-CN,Espresso Machine,maintenance,source_disjoint_test,espresso-015-scene-0001,espresso-015,0.0,4.082,0,,,no,画面为冲煮头特写，未展示接水盘及其取出、清空动作。,,R1,completed,2026-07-28T01:55:19+08:00
VQ-029,怎样取出并清空意式咖啡机接水盘？,zh-CN,Espresso Machine,maintenance,source_disjoint_test,espresso-015-scene-0002,espresso-015,4.082,37.448,0,,,no,画面聚焦于冲煮头和杯子，未见接水盘，也没有取出/清空动作。,AI=0→R1=0，与AI一致。,R1,completed,2026-07-28T01:45:19+08:00
VQ-029,怎样取出并清空意式咖啡机接水盘？,zh-CN,Espresso Machine,maintenance,source_disjoint_test,espresso-015-scene-0003,espresso-015,37.448,43.15,1,,,no,接水盘可见并承载红色杯子，但没有取出或清空动作。,,R1,completed,2026-07-28T01:45:19+08:00
VQ-029,怎样取出并清空意式咖啡机接水盘？,zh-CN,Espresso Machine,maintenance,source_disjoint_test,espresso-016-scene-0001,espresso-016,0.0,2.714,0,,,no,6帧（t=0.0s–2.7s）未展示接水盘结构及其取出、清空动作。,,R1,completed,2026-07-28T01:45:19+08:00
VQ-029,怎样取出并清空意式咖啡机接水盘？,zh-CN,Espresso Machine,maintenance,source_disjoint_test,espresso-016-scene-0003,espresso-016,4.849,13.391,0,,,no,未展示接水盘，也无取出或清空动作。,,R1,completed,2026-07-28T01:45:19+08:00
VQ-029,怎样取出并清空意式咖啡机接水盘？,zh-CN,Espresso Machine,maintenance,source_disjoint_test,espresso-016-scene-0004,espresso-016,13.391,16.12,1,,,no,接水盘在咖啡机底部可见，但未演示任何取出或清空动作。,AI=2→R1=1：接水盘虽可见但无取出清空动作演示。,R1,completed,2026-07-28T01:45:19+08:00
VQ-029,怎样取出并清空意式咖啡机接水盘？,zh-CN,Espresso Machine,maintenance,source_disjoint_test,espresso-017-scene-0001,espresso-017,0.0,574.25,2,0.0,344.6,no,第1帧（t=0.0s）和第4帧（t=344.6s）可见手将接水盘从机身底部抽出，回答了取出的动作，但未明确展示清空过程。,AI=1→R1=2，画面明确展示了接水盘取出动作。,R1,completed,2026-07-28T01:45:19+08:00
VQ-029,怎样取出并清空意式咖啡机接水盘？,zh-CN,Espresso Machine,maintenance,source_disjoint_test,espresso-017-scene-0002,espresso-017,574.25,586.633,0,,,no,全部6帧（t=574.2s–586.6s）中未见接水盘组件，也无取出或清空的任何操作。,AI=1→R1=0：画面中完全无接水盘可见，也无取出/清空操作。,R1,completed,2026-07-28T01:45:19+08:00
VQ-029,怎样取出并清空意式咖啡机接水盘？,zh-CN,Espresso Machine,maintenance,source_disjoint_test,espresso-017-scene-0003,espresso-017,586.633,663.84,0,,,no,画面为拆解内部组件，未展示接水盘的取出或清空动作。,AI=1→R1=0，维修画面未涉及接水盘操作。,R1,completed,2026-07-28T01:45:19+08:00
VQ-029,怎样取出并清空意式咖啡机接水盘？,zh-CN,Espresso Machine,maintenance,source_disjoint_test,espresso-018-scene-0005,espresso-018,18.39,21.101,0,,,no,全部6帧（t=18.4s–21.1s）为Wacaco便携咖啡器，非意式咖啡机，无接水盘及取出操作。,,R1,completed,2026-07-28T01:45:19+08:00
VQ-029,怎样取出并清空意式咖啡机接水盘？,zh-CN,Espresso Machine,maintenance,source_disjoint_test,espresso-018-scene-0007,espresso-018,24.02,28.524,0,,,no,全部6帧（t=24.0s–28.6s）中无接水盘出现，也无取出或清空操作。,,R1,completed,2026-07-28T01:45:19+08:00
VQ-029,怎样取出并清空意式咖啡机接水盘？,zh-CN,Espresso Machine,maintenance,source_disjoint_test,espresso-018-scene-0012,espresso-018,40.659,44.412,0,,,no,画面只展示倒咖啡，未出现接水盘取出或清空动作。,,R1,completed,2026-07-28T01:45:19+08:00
VQ-029,怎样取出并清空意式咖啡机接水盘？,zh-CN,Espresso Machine,maintenance,source_disjoint_test,espresso-040-scene-0001,espresso-040,0.0,8.64,0,,,no,画面聚焦于冲煮头区域，未见接水盘，也没有取出/清空动作。,AI=0→R1=0，与AI一致。,R1,completed,2026-07-28T01:45:19+08:00
VQ-030,What visible checks help when an espresso machine produces no water?,en,Espresso Machine,troubleshooting,source_disjoint_test,espresso-001-scene-0002,espresso-001,2.035,10.244,0,,,no,咖啡机正常出咖啡，与'不出水'场景矛盾，且未展示任何检查步骤。,AI=1→R1=0：画面显示咖啡机正常出咖啡，与'不出水'场景矛盾，且未展示任何检查步骤。,R1,completed,2026-07-28T01:55:19+08:00
VQ-030,What visible checks help when an espresso machine produces no water?,en,Espresso Machine,troubleshooting,source_disjoint_test,espresso-001-scene-0004,espresso-001,14.214,18.685,0,,,no,画面展示机器正常出咖啡，与无出水故障排查无关。,AI=1→R1=0，机器正常出水。,R1,completed,2026-07-28T01:45:19+08:00
VQ-030,What visible checks help when an espresso machine produces no water?,en,Espresso Machine,troubleshooting,source_disjoint_test,espresso-001-scene-0006,espresso-001,23.59,25.759,1,,,no,第1–6帧（t=23.6s–25.8s）仅显示常规操作咖啡机，无任何不出水的排查检查步骤。,,R1,completed,2026-07-28T01:45:19+08:00
VQ-030,What visible checks help when an espresso machine produces no water?,en,Espresso Machine,troubleshooting,source_disjoint_test,espresso-001-scene-0008,espresso-001,32.666,47.014,0,,,no,咖啡机正常出液，未展示不出水时的检查步骤。,,R1,completed,2026-07-28T01:45:19+08:00
VQ-030,What visible checks help when an espresso machine produces no water?,en,Espresso Machine,troubleshooting,source_disjoint_test,espresso-002-scene-0001,espresso-002,0.0,44.68,0,,,no,咖啡机正常出液中，无任何不出水故障及检查步骤。,,R1,completed,2026-07-28T01:45:19+08:00
VQ-030,What visible checks help when an espresso machine produces no water?,en,Espresso Machine,troubleshooting,source_disjoint_test,espresso-003-scene-0001,espresso-003,0.0,140.95,0,,,no,咖啡机正在正常滴液，没有展示不出水时的检查步骤。,,R1,completed,2026-07-28T01:45:19+08:00
VQ-030,What visible checks help when an espresso machine produces no water?,en,Espresso Machine,troubleshooting,source_disjoint_test,espresso-004-scene-0002,espresso-004,32.213,34.382,0,,,no,画面与咖啡机不出水故障排查无关。,,R1,completed,2026-07-28T01:45:19+08:00
VQ-030,What visible checks help when an espresso machine produces no water?,en,Espresso Machine,troubleshooting,source_disjoint_test,espresso-004-scene-0003,espresso-004,34.382,37.718,1,,,no,画面展示空portafilter和冲煮头，叠加文字'DRY IT'暗示干燥检查（t=34.4s–37.7s），但未明确演示不出水的故障排查步骤。,"第三轮仲裁修正：R1原记录 等级=1 时间=[None,None] 泄漏=uncertain → 仲裁 等级=1 时间=[None,None] 泄漏=no。理由：6帧（t=34.4s-37.7s）分屏展示冲煮头特写和空粉碗，叠加'DRY IT'文字暗示干燥检查步骤；产品明确出现但未明确演示不出水的故障排查步骤，按规范1级；'DRY IT'为碎片化指引非查询原文或答案文本，泄漏按默认no。",R1,completed,2026-07-28T20:35:21+08:00
VQ-030,What visible checks help when an espresso machine produces no water?,en,Espresso Machine,troubleshooting,source_disjoint_test,espresso-004-scene-0006,espresso-004,45.518,48.855,2,46.2,48.855,no,第3-5帧（t≈46.2s-48.9s）显示手按PURGE按钮后水流从冲煮头流出，可作为'无水时检查水路/泵'的可视检查步骤。,时间按实际证据片段重定位,R1,completed,2026-07-28T01:45:19+08:00
VQ-030,What visible checks help when an espresso machine produces no water?,en,Espresso Machine,troubleshooting,source_disjoint_test,espresso-004-scene-0008,espresso-004,51.983,57.28,1,,,no,画面展示咖啡机正常出水萃取，未涉及无水故障排查。,,R1,completed,2026-07-28T01:45:19+08:00
VQ-030,What visible checks help when an espresso machine produces no water?,en,Espresso Machine,troubleshooting,source_disjoint_test,espresso-005-scene-0001,espresso-005,0.0,55.87,0,,,no,咖啡机正常出咖啡，与'不出水'场景矛盾，且未展示检查步骤。,,R1,completed,2026-07-28T01:55:19+08:00
VQ-030,What visible checks help when an espresso machine produces no water?,en,Espresso Machine,troubleshooting,source_disjoint_test,espresso-006-scene-0001,espresso-006,0.0,49.41,0,,,no,画面为机器正常出品状态，无任何故障排查的可视检查动作或步骤。,,R1,completed,2026-07-28T01:45:19+08:00
VQ-030,What visible checks help when an espresso machine produces no water?,en,Espresso Machine,troubleshooting,source_disjoint_test,espresso-008-scene-0001,espresso-008,0.0,60.8,0,,,no,机器正在正常出咖啡，与'不出水'场景矛盾，且未展示检查步骤。,,R1,completed,2026-07-28T01:55:19+08:00
VQ-030,What visible checks help when an espresso machine produces no water?,en,Espresso Machine,troubleshooting,source_disjoint_test,espresso-009-scene-0001,espresso-009,0.0,83.82,0,,,no,机器正常出液，未展示不出水时的检查步骤。,,R1,completed,2026-07-28T01:45:19+08:00
VQ-030,What visible checks help when an espresso machine produces no water?,en,Espresso Machine,troubleshooting,source_disjoint_test,espresso-015-scene-0001,espresso-015,0.0,4.082,0,,,no,画面中水从冲煮头正常流出，与'咖啡机不出水'故障场景矛盾，且未展示任何检查步骤。,AI=1→R1=0：画面中机器正常出水，与'不出水'场景矛盾，且未展示任何检查步骤。,R1,completed,2026-07-28T01:55:19+08:00
VQ-030,What visible checks help when an espresso machine produces no water?,en,Espresso Machine,troubleshooting,source_disjoint_test,espresso-015-scene-0002,espresso-015,4.082,37.448,0,,,no,画面展示咖啡正常流出，与无出水故障排查无关。,AI=0→R1=0，与AI一致。,R1,completed,2026-07-28T01:45:19+08:00
VQ-030,What visible checks help when an espresso machine produces no water?,en,Espresso Machine,troubleshooting,source_disjoint_test,espresso-015-scene-0003,espresso-015,37.448,43.15,1,,,no,咖啡机正在正常出水萃取，没有展示不出水时的检查步骤。,,R1,completed,2026-07-28T01:45:19+08:00
VQ-030,What visible checks help when an espresso machine produces no water?,en,Espresso Machine,troubleshooting,source_disjoint_test,espresso-016-scene-0001,espresso-016,0.0,2.714,0,,,no,6帧（t=0.0s–2.7s）为研磨机及周边静物，无水输出故障排查的相关检查动作。,,R1,completed,2026-07-28T01:45:19+08:00
VQ-030,What visible checks help when an espresso machine produces no water?,en,Espresso Machine,troubleshooting,source_disjoint_test,espresso-016-scene-0002,espresso-016,2.714,4.849,0,,,no,画面为装粉准备操作，无任何故障排查或不出水检查内容。,,R1,completed,2026-07-28T01:45:19+08:00
VQ-030,What visible checks help when an espresso machine produces no water?,en,Espresso Machine,troubleshooting,source_disjoint_test,espresso-016-scene-0003,espresso-016,4.849,13.391,0,,,no,画面未涉及咖啡机不出水的检查步骤。,,R1,completed,2026-07-28T01:45:19+08:00
VQ-030,What visible checks help when an espresso machine produces no water?,en,Espresso Machine,troubleshooting,source_disjoint_test,espresso-016-scene-0004,espresso-016,13.391,16.12,1,,,no,画面中咖啡机处于静态展示状态，无任何故障排查的可视检查动作或步骤演示。,,R1,completed,2026-07-28T01:45:19+08:00
VQ-030,What visible checks help when an espresso machine produces no water?,en,Espresso Machine,troubleshooting,source_disjoint_test,espresso-017-scene-0001,espresso-017,0.0,574.25,0,,,no,画面为整机拆解，没有针对无出水故障的可见检查步骤。,AI=0→R1=0，与AI一致。,R1,completed,2026-07-28T01:45:19+08:00
VQ-030,What visible checks help when an espresso machine produces no water?,en,Espresso Machine,troubleshooting,source_disjoint_test,espresso-017-scene-0002,espresso-017,574.25,586.633,0,,,no,全部6帧（t=574.2s–586.6s）仅展示通用拆解维修操作，未演示任何不出水的具体检查步骤。,AI=1→R1=0：虽为维修场景但未展示任何具体的不出水诊断/检查步骤，仅为通用拆解。,R1,completed,2026-07-28T01:45:19+08:00
VQ-030,What visible checks help when an espresso machine produces no water?,en,Espresso Machine,troubleshooting,source_disjoint_test,espresso-017-scene-0003,espresso-017,586.633,663.84,1,,,no,第3–4帧（t=617.5s–632.9s）展示拆下并查看堵塞的冲泡组件，可视为无出水故障排查的相邻内容，但未明确演示可见检查步骤。,AI=2→R1=1，画面是拆机维修而非面向无出水问题的可见检查教学。,R1,completed,2026-07-28T01:45:19+08:00
VQ-030,What visible checks help when an espresso machine produces no water?,en,Espresso Machine,troubleshooting,source_disjoint_test,espresso-018-scene-0007,espresso-018,24.02,28.524,0,,,no,设备正常运行出液中，未展示任何不出水故障的诊断或检查步骤。,,R1,completed,2026-07-28T01:45:19+08:00
VQ-030,What visible checks help when an espresso machine produces no water?,en,Espresso Machine,troubleshooting,source_disjoint_test,espresso-018-scene-0016,espresso-018,53.711,55.963,0,,,no,画面内容为水倒入透明容器，无咖啡机出现，与无水故障排查完全无关。,,R1,completed,2026-07-28T01:45:19+08:00
VQ-030,What visible checks help when an espresso machine produces no water?,en,Espresso Machine,troubleshooting,source_disjoint_test,espresso-040-scene-0001,espresso-040,0.0,8.64,1,,,no,画面展示正常锁定手柄操作，与无出水故障排查无关。,AI=1→R1=1，与AI一致。,R1,completed,2026-07-28T01:45:19+08:00
VQ-031,浓缩咖啡流速过快或过慢时怎样调整？,zh-CN,Espresso Machine,troubleshooting,source_disjoint_test,espresso-001-scene-0002,espresso-001,2.035,10.244,0,,,no,画面未展示调节咖啡流速的任何机构或操作。,AI=1→R1=0：画面未展示任何流速调节机构或操作。,R1,completed,2026-07-28T01:55:19+08:00
VQ-031,浓缩咖啡流速过快或过慢时怎样调整？,zh-CN,Espresso Machine,troubleshooting,source_disjoint_test,espresso-001-scene-0004,espresso-001,14.214,18.685,0,,,no,画面展示萃取过程，没有流速调节动作或说明。,AI=1→R1=0，未见流速调整。,R1,completed,2026-07-28T01:45:19+08:00
VQ-031,浓缩咖啡流速过快或过慢时怎样调整？,zh-CN,Espresso Machine,troubleshooting,source_disjoint_test,espresso-001-scene-0006,espresso-001,23.59,25.759,1,,,no,第1–6帧（t=23.6s–25.8s）无萃取流速展示，也无研磨度/压粉力度等调整操作。,,R1,completed,2026-07-28T01:45:19+08:00
VQ-031,浓缩咖啡流速过快或过慢时怎样调整？,zh-CN,Espresso Machine,troubleshooting,source_disjoint_test,espresso-001-scene-0007,espresso-001,25.759,32.666,1,,,no,画面为压粉步骤，未涉及萃取流速调整。,,R1,completed,2026-07-28T01:45:19+08:00
VQ-031,浓缩咖啡流速过快或过慢时怎样调整？,zh-CN,Espresso Machine,troubleshooting,source_disjoint_test,espresso-001-scene-0008,espresso-001,32.666,47.014,1,,,no,只展示萃取过程，没有流速调节动作。,,R1,completed,2026-07-28T01:45:19+08:00
VQ-031,浓缩咖啡流速过快或过慢时怎样调整？,zh-CN,Espresso Machine,troubleshooting,source_disjoint_test,espresso-002-scene-0001,espresso-002,0.0,44.68,1,,,no,画面展示正常萃取出液过程，但未涉及任何流速快慢的判断标准或调节方法。,,R1,completed,2026-07-28T01:45:19+08:00
VQ-031,浓缩咖啡流速过快或过慢时怎样调整？,zh-CN,Espresso Machine,troubleshooting,source_disjoint_test,espresso-003-scene-0001,espresso-003,0.0,140.95,0,,,no,画面只有滴滤咖啡机正常出液，没有流速调节动作。,,R1,completed,2026-07-28T01:45:19+08:00
VQ-031,浓缩咖啡流速过快或过慢时怎样调整？,zh-CN,Espresso Machine,troubleshooting,source_disjoint_test,espresso-004-scene-0001,espresso-004,0.0,32.213,0,,,no,画面为浓缩成品特写和文字标题卡，无任何流速调节相关内容。,,R1,completed,2026-07-28T01:45:19+08:00
VQ-031,浓缩咖啡流速过快或过慢时怎样调整？,zh-CN,Espresso Machine,troubleshooting,source_disjoint_test,espresso-004-scene-0002,espresso-004,32.213,34.382,0,,,no,画面未展示浓缩咖啡萃取及流速调节。,,R1,completed,2026-07-28T01:45:19+08:00
VQ-031,浓缩咖啡流速过快或过慢时怎样调整？,zh-CN,Espresso Machine,troubleshooting,source_disjoint_test,espresso-004-scene-0005,espresso-004,40.972,45.518,1,,,no,画面为咖啡粉准备步骤（研磨/分布/压实），未涉及萃取过程或流速调整操作。,,R1,completed,2026-07-28T01:45:19+08:00
VQ-031,浓缩咖啡流速过快或过慢时怎样调整？,zh-CN,Espresso Machine,troubleshooting,source_disjoint_test,espresso-004-scene-0006,espresso-004,45.518,48.855,0,,,no,画面为PURGE冲洗操作，无萃取过程或流速调整动作。,AI=1→R1=0：画面无流速调整相关内容。,R1,completed,2026-07-28T01:45:19+08:00
VQ-031,浓缩咖啡流速过快或过慢时怎样调整？,zh-CN,Espresso Machine,troubleshooting,source_disjoint_test,espresso-004-scene-0007,espresso-004,48.855,51.983,0,,,no,画面未展示任何调节咖啡流速的旋钮、拨杆或操作步骤。,AI=1→R1=0：画面未展示任何流速调节机构或操作。,R1,completed,2026-07-28T01:55:19+08:00
VQ-031,浓缩咖啡流速过快或过慢时怎样调整？,zh-CN,Espresso Machine,troubleshooting,source_disjoint_test,espresso-004-scene-0008,espresso-004,51.983,57.28,1,,,no,画面只显示萃取过程，未展示流速调整动作或方法。,,R1,completed,2026-07-28T01:45:19+08:00
VQ-031,浓缩咖啡流速过快或过慢时怎样调整？,zh-CN,Espresso Machine,troubleshooting,source_disjoint_test,espresso-005-scene-0001,espresso-005,0.0,55.87,0,,,no,画面未展示调节浓缩咖啡流速的任何机构或操作。,AI=1→R1=0：画面未展示任何流速调节机构或操作。,R1,completed,2026-07-28T01:55:19+08:00
VQ-031,浓缩咖啡流速过快或过慢时怎样调整？,zh-CN,Espresso Machine,troubleshooting,source_disjoint_test,espresso-006-scene-0001,espresso-006,0.0,49.41,0,,,no,画面无萃取流速调整相关内容。,,R1,completed,2026-07-28T01:45:19+08:00
VQ-031,浓缩咖啡流速过快或过慢时怎样调整？,zh-CN,Espresso Machine,troubleshooting,source_disjoint_test,espresso-008-scene-0001,espresso-008,0.0,60.8,0,,,no,画面未展示任何调节流速的机构或操作。,,R1,completed,2026-07-28T01:55:19+08:00
VQ-031,浓缩咖啡流速过快或过慢时怎样调整？,zh-CN,Espresso Machine,troubleshooting,source_disjoint_test,espresso-009-scene-0001,espresso-009,0.0,83.82,0,,,no,胶囊机出液，未展示浓缩咖啡流速调节。,,R1,completed,2026-07-28T01:45:19+08:00
VQ-031,浓缩咖啡流速过快或过慢时怎样调整？,zh-CN,Espresso Machine,troubleshooting,source_disjoint_test,espresso-015-scene-0001,espresso-015,0.0,4.082,0,,,no,画面未展示任何调节浓缩咖啡流速的旋钮、拨杆或操作。,AI=1→R1=0：画面未展示任何流速调节操作。,R1,completed,2026-07-28T01:55:19+08:00
VQ-031,浓缩咖啡流速过快或过慢时怎样调整？,zh-CN,Espresso Machine,troubleshooting,source_disjoint_test,espresso-015-scene-0002,espresso-015,4.082,37.448,1,,,no,画面展示萃取过程，但未展示如何调整流速或相关参数。,AI=1→R1=1，与AI一致。,R1,completed,2026-07-28T01:45:19+08:00
VQ-031,浓缩咖啡流速过快或过慢时怎样调整？,zh-CN,Espresso Machine,troubleshooting,source_disjoint_test,espresso-015-scene-0003,espresso-015,37.448,43.15,1,,,no,只展示萃取过程，没有流速调节动作。,,R1,completed,2026-07-28T01:45:19+08:00
VQ-031,浓缩咖啡流速过快或过慢时怎样调整？,zh-CN,Espresso Machine,troubleshooting,source_disjoint_test,espresso-016-scene-0001,espresso-016,0.0,2.714,0,,,no,6帧（t=0.0s–2.7s）未出现萃取流速画面及研磨度/粉量调整动作。,,R1,completed,2026-07-28T01:45:19+08:00
VQ-031,浓缩咖啡流速过快或过慢时怎样调整？,zh-CN,Espresso Machine,troubleshooting,source_disjoint_test,espresso-016-scene-0003,espresso-016,4.849,13.391,1,,,no,只展示压粉动作，未展示萃取流速及调节操作。,,R1,completed,2026-07-28T01:45:19+08:00
VQ-031,浓缩咖啡流速过快或过慢时怎样调整？,zh-CN,Espresso Machine,troubleshooting,source_disjoint_test,espresso-016-scene-0004,espresso-016,13.391,16.12,0,,,no,画面为咖啡机静态展示，无萃取过程也无流速调整相关动作或信息。,AI=1→R1=0：画面无流速调整相关内容。,R1,completed,2026-07-28T01:45:19+08:00
VQ-031,浓缩咖啡流速过快或过慢时怎样调整？,zh-CN,Espresso Machine,troubleshooting,source_disjoint_test,espresso-017-scene-0001,espresso-017,0.0,574.25,0,,,no,拆机画面中没有流速调节或相关调试内容。,AI=0→R1=0，与AI一致。,R1,completed,2026-07-28T01:45:19+08:00
VQ-031,浓缩咖啡流速过快或过慢时怎样调整？,zh-CN,Espresso Machine,troubleshooting,source_disjoint_test,espresso-017-scene-0002,espresso-017,574.25,586.633,0,,,no,全部6帧（t=574.2s–586.6s）为拆解维修画面，无任何关于萃取流速调整的内容。,,R1,completed,2026-07-28T01:45:19+08:00
VQ-031,浓缩咖啡流速过快或过慢时怎样调整？,zh-CN,Espresso Machine,troubleshooting,source_disjoint_test,espresso-017-scene-0003,espresso-017,586.633,663.84,0,,,no,画面仅展示拆洗冲泡组件，没有流速调节或相关故障排查内容。,AI=0→R1=0，与AI一致。,R1,completed,2026-07-28T01:45:19+08:00
VQ-031,浓缩咖啡流速过快或过慢时怎样调整？,zh-CN,Espresso Machine,troubleshooting,source_disjoint_test,espresso-018-scene-0001,espresso-018,0.0,3.586,0,,,no,6帧均为手持展示，未出现任何流速调整动作或说明。,,R1,completed,2026-07-28T01:45:19+08:00
VQ-031,浓缩咖啡流速过快或过慢时怎样调整？,zh-CN,Espresso Machine,troubleshooting,source_disjoint_test,espresso-018-scene-0006,espresso-018,21.101,24.02,0,,,no,画面仅展示咖啡从便携式设备流出，未出现任何调节流速的旋钮、按键或操作动作。,,R1,completed,2026-07-28T01:55:19+08:00
VQ-031,浓缩咖啡流速过快或过慢时怎样调整？,zh-CN,Espresso Machine,troubleshooting,source_disjoint_test,espresso-018-scene-0007,espresso-018,24.02,28.524,1,,,no,设备通过手动泵动产生压力萃取，但画面未展示任何流速调节方法或技巧。,,R1,completed,2026-07-28T01:45:19+08:00
VQ-031,浓缩咖啡流速过快或过慢时怎样调整？,zh-CN,Espresso Machine,troubleshooting,source_disjoint_test,espresso-018-scene-0009,espresso-018,31.776,34.153,1,,,no,画面仅展示手动按压器具，未显示流速调整方法。,,R1,completed,2026-07-28T01:45:19+08:00
VQ-031,浓缩咖啡流速过快或过慢时怎样调整？,zh-CN,Espresso Machine,troubleshooting,source_disjoint_test,espresso-018-scene-0014,espresso-018,47.873,50.083,0,,,no,全部6帧（t=47.9s–50.1s）为斜挎包展示场景，无咖啡机、无萃取流速相关内容。,,R1,completed,2026-07-28T01:45:19+08:00
VQ-031,浓缩咖啡流速过快或过慢时怎样调整？,zh-CN,Espresso Machine,troubleshooting,source_disjoint_test,espresso-018-scene-0025,espresso-018,82.736,86.572,0,,,no,全部6帧（t=82.7s–86.6s）展示手操作棕色皮具（皮夹/包的拉链开合），与浓缩咖啡流速调整无关。,,R1,completed,2026-07-28T01:45:19+08:00
VQ-031,浓缩咖啡流速过快或过慢时怎样调整？,zh-CN,Espresso Machine,troubleshooting,source_disjoint_test,espresso-040-scene-0001,espresso-040,0.0,8.64,1,,,no,画面仅展示锁入手柄，没有流速调节动作或说明。,AI=1→R1=1，与AI一致。,R1,completed,2026-07-28T01:45:19+08:00
VQ-032,How do I address an espresso-machine steam wand that is blocked or produces no steam?,en,Espresso Machine,troubleshooting,source_disjoint_test,espresso-001-scene-0001,espresso-001,0.0,2.035,0,,,no,6帧均为黑屏/极暗画面（t=0.0s），无蒸汽棒堵塞或无蒸汽的排查画面。,,R1,completed,2026-07-28T01:45:19+08:00
VQ-032,How do I address an espresso-machine steam wand that is blocked or produces no steam?,en,Espresso Machine,troubleshooting,source_disjoint_test,espresso-001-scene-0002,espresso-001,2.035,10.244,0,,,no,画面中无蒸汽棒，未展示蒸汽棒故障排查。,,R1,completed,2026-07-28T01:55:19+08:00
VQ-032,How do I address an espresso-machine steam wand that is blocked or produces no steam?,en,Espresso Machine,troubleshooting,source_disjoint_test,espresso-001-scene-0004,espresso-001,14.214,18.685,0,,,no,萃取画面中未涉及蒸汽棒堵塞或无蒸汽问题。,AI=0→R1=0，与AI一致。,R1,completed,2026-07-28T01:45:19+08:00
VQ-032,How do I address an espresso-machine steam wand that is blocked or produces no steam?,en,Espresso Machine,troubleshooting,source_disjoint_test,espresso-001-scene-0005,espresso-001,18.685,23.59,1,,,no,画面只显示咖啡师操作咖啡机萃取，未涉及蒸汽棒故障处理。,,R1,completed,2026-07-28T01:45:19+08:00
VQ-032,How do I address an espresso-machine steam wand that is blocked or produces no steam?,en,Espresso Machine,troubleshooting,source_disjoint_test,espresso-001-scene-0006,espresso-001,23.59,25.759,0,,,no,第1–6帧（t=23.6s–25.8s）无蒸汽棒相关内容，与堵塞/不出蒸汽故障排除无关。,,R1,completed,2026-07-28T01:45:19+08:00
VQ-032,How do I address an espresso-machine steam wand that is blocked or produces no steam?,en,Espresso Machine,troubleshooting,source_disjoint_test,espresso-001-scene-0007,espresso-001,25.759,32.666,0,,,no,画面无蒸汽棒排障操作。,,R1,completed,2026-07-28T01:45:19+08:00
VQ-032,How do I address an espresso-machine steam wand that is blocked or produces no steam?,en,Espresso Machine,troubleshooting,source_disjoint_test,espresso-001-scene-0008,espresso-001,32.666,47.014,0,,,no,未出现蒸汽棒及相关故障处理。,,R1,completed,2026-07-28T01:45:19+08:00
VQ-032,How do I address an espresso-machine steam wand that is blocked or produces no steam?,en,Espresso Machine,troubleshooting,source_disjoint_test,espresso-002-scene-0001,espresso-002,0.0,44.68,0,,,no,无蒸汽棒相关内容。,,R1,completed,2026-07-28T01:45:19+08:00
VQ-032,How do I address an espresso-machine steam wand that is blocked or produces no steam?,en,Espresso Machine,troubleshooting,source_disjoint_test,espresso-003-scene-0001,espresso-003,0.0,140.95,0,,,no,没有出现蒸汽棒，也没有堵塞或无蒸汽的处理。,,R1,completed,2026-07-28T01:45:19+08:00
VQ-032,How do I address an espresso-machine steam wand that is blocked or produces no steam?,en,Espresso Machine,troubleshooting,source_disjoint_test,espresso-004-scene-0002,espresso-004,32.213,34.382,1,,,no,只展示蒸汽棒预热杯子，未展示堵塞或无蒸汽的处理方法。,,R1,completed,2026-07-28T01:45:19+08:00
VQ-032,How do I address an espresso-machine steam wand that is blocked or produces no steam?,en,Espresso Machine,troubleshooting,source_disjoint_test,espresso-004-scene-0005,espresso-004,40.972,45.518,1,,,no,画面中无蒸汽棒出现，仅展示咖啡粉研磨与压实过程，与蒸汽棒排障无关。,,R1,completed,2026-07-28T01:45:19+08:00
VQ-032,How do I address an espresso-machine steam wand that is blocked or produces no steam?,en,Espresso Machine,troubleshooting,source_disjoint_test,espresso-004-scene-0006,espresso-004,45.518,48.855,1,,,no,PURGE操作演示的水流来自冲煮头，画面未涉及蒸汽棒本身，未演示蒸汽棒疏通或排障。,AI=2→R1=1：水流来自冲煮头非蒸汽棒，未演示蒸汽棒排障。,R1,completed,2026-07-28T01:45:19+08:00
VQ-032,How do I address an espresso-machine steam wand that is blocked or produces no steam?,en,Espresso Machine,troubleshooting,source_disjoint_test,espresso-004-scene-0007,espresso-004,48.855,51.983,0,,,no,画面中无蒸汽棒，也未展示疏通蒸汽棒或排查不出蒸汽的任何步骤。,,R1,completed,2026-07-28T01:55:19+08:00
VQ-032,How do I address an espresso-machine steam wand that is blocked or produces no steam?,en,Espresso Machine,troubleshooting,source_disjoint_test,espresso-004-scene-0008,espresso-004,51.983,57.28,0,,,no,画面聚焦萃取口和压力表，未出现蒸汽棒或相关故障处理。,,R1,completed,2026-07-28T01:45:19+08:00
VQ-032,How do I address an espresso-machine steam wand that is blocked or produces no steam?,en,Espresso Machine,troubleshooting,source_disjoint_test,espresso-005-scene-0001,espresso-005,0.0,55.87,0,,,no,画面中无蒸汽棒，未展示蒸汽棒堵塞或不出蒸汽的处理。,,R1,completed,2026-07-28T01:55:19+08:00
VQ-032,How do I address an espresso-machine steam wand that is blocked or produces no steam?,en,Espresso Machine,troubleshooting,source_disjoint_test,espresso-006-scene-0001,espresso-006,0.0,49.41,0,,,no,画面无蒸汽棒排障操作。,,R1,completed,2026-07-28T01:45:19+08:00
VQ-032,How do I address an espresso-machine steam wand that is blocked or produces no steam?,en,Espresso Machine,troubleshooting,source_disjoint_test,espresso-008-scene-0001,espresso-008,0.0,60.8,0,,,no,画面中无蒸汽棒，未展示蒸汽棒故障处理。,,R1,completed,2026-07-28T01:55:19+08:00
VQ-032,How do I address an espresso-machine steam wand that is blocked or produces no steam?,en,Espresso Machine,troubleshooting,source_disjoint_test,espresso-009-scene-0001,espresso-009,0.0,83.82,0,,,no,没有蒸汽棒及堵塞或无蒸汽的处理。,,R1,completed,2026-07-28T01:45:19+08:00
VQ-032,How do I address an espresso-machine steam wand that is blocked or produces no steam?,en,Espresso Machine,troubleshooting,source_disjoint_test,espresso-015-scene-0001,espresso-015,0.0,4.082,0,,,no,画面中无蒸汽棒，未展示蒸汽棒堵塞或不出蒸汽的处理。,,R1,completed,2026-07-28T01:55:19+08:00
VQ-032,How do I address an espresso-machine steam wand that is blocked or produces no steam?,en,Espresso Machine,troubleshooting,source_disjoint_test,espresso-015-scene-0002,espresso-015,4.082,37.448,0,,,no,萃取画面中无蒸汽棒，也未处理蒸汽棒堵塞问题。,AI=0→R1=0，与AI一致。,R1,completed,2026-07-28T01:45:19+08:00
VQ-032,How do I address an espresso-machine steam wand that is blocked or produces no steam?,en,Espresso Machine,troubleshooting,source_disjoint_test,espresso-015-scene-0003,espresso-015,37.448,43.15,0,,,no,未出现蒸汽棒及相关故障处理。,,R1,completed,2026-07-28T01:45:19+08:00
VQ-032,How do I address an espresso-machine steam wand that is blocked or produces no steam?,en,Espresso Machine,troubleshooting,source_disjoint_test,espresso-016-scene-0001,espresso-016,0.0,2.714,0,,,no,6帧（t=0.0s–2.7s）无蒸汽棒、无堵塞疏通、无蒸汽排查相关画面。,,R1,completed,2026-07-28T01:45:19+08:00
VQ-032,How do I address an espresso-machine steam wand that is blocked or produces no steam?,en,Espresso Machine,troubleshooting,source_disjoint_test,espresso-016-scene-0003,espresso-016,4.849,13.391,0,,,no,没有蒸汽棒，也没有堵塞或无蒸汽的处理。,,R1,completed,2026-07-28T01:45:19+08:00
VQ-032,How do I address an espresso-machine steam wand that is blocked or produces no steam?,en,Espresso Machine,troubleshooting,source_disjoint_test,espresso-016-scene-0004,espresso-016,13.391,16.12,1,,,no,画面中蒸汽棒虽可见但无任何疏通或排障动作演示。,,R1,completed,2026-07-28T01:45:19+08:00
VQ-032,How do I address an espresso-machine steam wand that is blocked or produces no steam?,en,Espresso Machine,troubleshooting,source_disjoint_test,espresso-017-scene-0001,espresso-017,0.0,574.25,0,,,no,拆机画面中没有蒸汽棒，也未处理蒸汽棒堵塞或无蒸汽问题。,AI=1→R1=0，画面未涉及蒸汽棒。,R1,completed,2026-07-28T01:45:19+08:00
VQ-032,How do I address an espresso-machine steam wand that is blocked or produces no steam?,en,Espresso Machine,troubleshooting,source_disjoint_test,espresso-017-scene-0002,espresso-017,574.25,586.633,0,,,no,全部6帧（t=574.2s–586.6s）中无蒸汽棒组件可见，也无任何蒸汽相关故障排查内容。,AI=1→R1=0：该设备在此场景中以拆解形态出现，无蒸汽棒且无任何蒸汽故障处理信息。,R1,completed,2026-07-28T01:45:19+08:00
VQ-032,How do I address an espresso-machine steam wand that is blocked or produces no steam?,en,Espresso Machine,troubleshooting,source_disjoint_test,espresso-017-scene-0003,espresso-017,586.633,663.84,1,,,no,拆机清洗堵塞组件与蒸汽棒堵塞问题相邻相关，但画面未出现蒸汽棒，也未直接处理无蒸汽故障。,AI=2→R1=1，未直接展示蒸汽棒堵塞排查。,R1,completed,2026-07-28T01:45:19+08:00
VQ-032,How do I address an espresso-machine steam wand that is blocked or produces no steam?,en,Espresso Machine,troubleshooting,source_disjoint_test,espresso-018-scene-0005,espresso-018,18.39,21.101,0,,,no,全部6帧（t=18.4s–21.1s）为Wacaco便携咖啡器，非意式咖啡机，无蒸汽棒及故障排查内容。,,R1,completed,2026-07-28T01:45:19+08:00
VQ-032,How do I address an espresso-machine steam wand that is blocked or produces no steam?,en,Espresso Machine,troubleshooting,source_disjoint_test,espresso-018-scene-0006,espresso-018,21.101,24.02,0,,,no,便携式咖啡机画面中无蒸汽棒，也无任何与蒸汽棒堵塞或不出蒸汽相关的操作。,,R1,completed,2026-07-28T01:55:19+08:00
VQ-032,How do I address an espresso-machine steam wand that is blocked or produces no steam?,en,Espresso Machine,troubleshooting,source_disjoint_test,espresso-018-scene-0007,espresso-018,24.02,28.524,0,,,no,MiniPresso无蒸汽棒系统，画面与蒸汽堵塞/无蒸汽问题完全无关。,,R1,completed,2026-07-28T01:45:19+08:00
VQ-032,How do I address an espresso-machine steam wand that is blocked or produces no steam?,en,Espresso Machine,troubleshooting,source_disjoint_test,espresso-018-scene-0008,espresso-018,28.524,31.776,0,,,no,MiniPresso为手动非电动设备，无蒸汽棒系统，画面与蒸汽堵塞问题无关。,,R1,completed,2026-07-28T01:45:19+08:00
VQ-032,How do I address an espresso-machine steam wand that is blocked or produces no steam?,en,Espresso Machine,troubleshooting,source_disjoint_test,espresso-018-scene-0018,espresso-018,58.257,60.425,0,,,no,所有6帧（t=58.3s-60.4s）均为地铁站内男子喝瓶装饮料，无任何咖啡机或蒸汽棒相关画面。,,R1,completed,2026-07-28T01:45:19+08:00
VQ-032,How do I address an espresso-machine steam wand that is blocked or produces no steam?,en,Espresso Machine,troubleshooting,source_disjoint_test,espresso-018-scene-0019,espresso-018,60.425,63.47,0,,,no,6帧（t=60.4s–63.5s）为人物饮水、触摸墙面、骑行场景，无蒸汽棒故障排查相关内容。,,R1,completed,2026-07-28T01:45:19+08:00
VQ-032,How do I address an espresso-machine steam wand that is blocked or produces no steam?,en,Espresso Machine,troubleshooting,source_disjoint_test,espresso-040-scene-0001,espresso-040,0.0,8.64,0,,,no,画面未涉及蒸汽棒，也未处理蒸汽棒堵塞或无蒸汽问题。,AI=0→R1=0，与AI一致。,R1,completed,2026-07-28T01:45:19+08:00
VQ-033,使用咖啡机蒸汽棒时怎样避免被高温蒸汽烫伤？,zh-CN,Espresso Machine,safety,source_disjoint_test,espresso-001-scene-0001,espresso-001,0.0,2.035,0,,,no,6帧均为黑屏/极暗画面（t=0.0s），无蒸汽棒及高温蒸汽相关安全提示。,,R1,completed,2026-07-28T01:45:19+08:00
VQ-033,使用咖啡机蒸汽棒时怎样避免被高温蒸汽烫伤？,zh-CN,Espresso Machine,safety,source_disjoint_test,espresso-001-scene-0004,espresso-001,14.214,18.685,0,,,no,萃取画面中无蒸汽棒使用，也没有防烫伤提示。,AI=0→R1=0，与AI一致。,R1,completed,2026-07-28T01:45:19+08:00
VQ-033,使用咖啡机蒸汽棒时怎样避免被高温蒸汽烫伤？,zh-CN,Espresso Machine,safety,source_disjoint_test,espresso-001-scene-0006,espresso-001,23.59,25.759,0,,,no,第1–6帧（t=23.6s–25.8s）无蒸汽棒操作，无防烫伤安全提示或示范。,,R1,completed,2026-07-28T01:45:19+08:00
VQ-033,使用咖啡机蒸汽棒时怎样避免被高温蒸汽烫伤？,zh-CN,Espresso Machine,safety,source_disjoint_test,espresso-001-scene-0007,espresso-001,25.759,32.666,0,,,no,画面无蒸汽棒使用或烫伤预防相关内容。,,R1,completed,2026-07-28T01:45:19+08:00
VQ-033,使用咖啡机蒸汽棒时怎样避免被高温蒸汽烫伤？,zh-CN,Espresso Machine,safety,source_disjoint_test,espresso-002-scene-0001,espresso-002,0.0,44.68,0,,,no,无蒸汽棒操作，无任何防烫安全提示。,,R1,completed,2026-07-28T01:45:19+08:00
VQ-033,使用咖啡机蒸汽棒时怎样避免被高温蒸汽烫伤？,zh-CN,Espresso Machine,safety,source_disjoint_test,espresso-003-scene-0001,espresso-003,0.0,140.95,0,,,no,未出现蒸汽棒及防烫伤相关安全提示或动作。,,R1,completed,2026-07-28T01:45:19+08:00
VQ-033,使用咖啡机蒸汽棒时怎样避免被高温蒸汽烫伤？,zh-CN,Espresso Machine,safety,source_disjoint_test,espresso-004-scene-0001,espresso-004,0.0,32.213,0,,,no,无蒸汽棒、无蒸汽操作、无安全提示内容。,,R1,completed,2026-07-28T01:45:19+08:00
VQ-033,使用咖啡机蒸汽棒时怎样避免被高温蒸汽烫伤？,zh-CN,Espresso Machine,safety,source_disjoint_test,espresso-004-scene-0002,espresso-004,32.213,34.382,1,,,no,画面仅展示杯子在蒸汽棒下预热，未出现防烫伤的安全提示或动作。,AI=2→R1=1：未展示避免烫伤的具体操作。,R1,completed,2026-07-28T01:45:19+08:00
VQ-033,使用咖啡机蒸汽棒时怎样避免被高温蒸汽烫伤？,zh-CN,Espresso Machine,safety,source_disjoint_test,espresso-004-scene-0005,espresso-004,40.972,45.518,0,,,no,画面无蒸汽棒出现，无烫伤预防相关内容。,,R1,completed,2026-07-28T01:45:19+08:00
VQ-033,使用咖啡机蒸汽棒时怎样避免被高温蒸汽烫伤？,zh-CN,Espresso Machine,safety,source_disjoint_test,espresso-004-scene-0006,espresso-004,45.518,48.855,0,,,no,画面无蒸汽棒出现，无烫伤预防相关内容。,,R1,completed,2026-07-28T01:45:19+08:00
VQ-033,使用咖啡机蒸汽棒时怎样避免被高温蒸汽烫伤？,zh-CN,Espresso Machine,safety,source_disjoint_test,espresso-005-scene-0001,espresso-005,0.0,55.87,0,,,no,画面中无蒸汽棒及高温蒸汽，未展示防烫伤操作。,,R1,completed,2026-07-28T01:55:19+08:00
VQ-033,使用咖啡机蒸汽棒时怎样避免被高温蒸汽烫伤？,zh-CN,Espresso Machine,safety,source_disjoint_test,espresso-006-scene-0001,espresso-006,0.0,49.41,0,,,no,画面无蒸汽棒使用或烫伤预防相关内容。,,R1,completed,2026-07-28T01:45:19+08:00
VQ-033,使用咖啡机蒸汽棒时怎样避免被高温蒸汽烫伤？,zh-CN,Espresso Machine,safety,source_disjoint_test,espresso-008-scene-0001,espresso-008,0.0,60.8,0,,,no,画面中无蒸汽棒及高温蒸汽，未展示防烫伤提示。,,R1,completed,2026-07-28T01:55:19+08:00
VQ-033,使用咖啡机蒸汽棒时怎样避免被高温蒸汽烫伤？,zh-CN,Espresso Machine,safety,source_disjoint_test,espresso-009-scene-0001,espresso-009,0.0,83.82,0,,,no,没有蒸汽棒及烫伤防护内容。,,R1,completed,2026-07-28T01:45:19+08:00
VQ-033,使用咖啡机蒸汽棒时怎样避免被高温蒸汽烫伤？,zh-CN,Espresso Machine,safety,source_disjoint_test,espresso-015-scene-0001,espresso-015,0.0,4.082,0,,,no,画面中无蒸汽棒及高温蒸汽，未展示防烫伤操作或提示。,,R1,completed,2026-07-28T01:55:19+08:00
VQ-033,使用咖啡机蒸汽棒时怎样避免被高温蒸汽烫伤？,zh-CN,Espresso Machine,safety,source_disjoint_test,espresso-015-scene-0002,espresso-015,4.082,37.448,0,,,no,萃取画面中无蒸汽棒操作，也无防烫伤提示。,AI=0→R1=0，与AI一致。,R1,completed,2026-07-28T01:45:19+08:00
VQ-033,使用咖啡机蒸汽棒时怎样避免被高温蒸汽烫伤？,zh-CN,Espresso Machine,safety,source_disjoint_test,espresso-015-scene-0003,espresso-015,37.448,43.15,0,,,no,未出现蒸汽棒及烫伤防护内容。,,R1,completed,2026-07-28T01:45:19+08:00
VQ-033,使用咖啡机蒸汽棒时怎样避免被高温蒸汽烫伤？,zh-CN,Espresso Machine,safety,source_disjoint_test,espresso-016-scene-0001,espresso-016,0.0,2.714,0,,,no,6帧（t=0.0s–2.7s）未见蒸汽棒及高温蒸汽，无防烫伤操作或提示。,,R1,completed,2026-07-28T01:45:19+08:00
VQ-033,使用咖啡机蒸汽棒时怎样避免被高温蒸汽烫伤？,zh-CN,Espresso Machine,safety,source_disjoint_test,espresso-016-scene-0004,espresso-016,13.391,16.12,0,,,no,画面无蒸汽棒使用画面，也无烫伤预防相关动作或警示。,AI=1→R1=0：画面与蒸汽棒烫伤预防完全无关。,R1,completed,2026-07-28T01:45:19+08:00
VQ-033,使用咖啡机蒸汽棒时怎样避免被高温蒸汽烫伤？,zh-CN,Espresso Machine,safety,source_disjoint_test,espresso-017-scene-0001,espresso-017,0.0,574.25,0,,,no,拆机场景中没有蒸汽棒操作，也没有防烫伤提示。,AI=0→R1=0，与AI一致。,R1,completed,2026-07-28T01:45:19+08:00
VQ-033,使用咖啡机蒸汽棒时怎样避免被高温蒸汽烫伤？,zh-CN,Espresso Machine,safety,source_disjoint_test,espresso-017-scene-0002,espresso-017,574.25,586.633,0,,,no,全部6帧（t=574.2s–586.6s）为拆解维修场景，无蒸汽棒操作及任何防烫安全提示。,,R1,completed,2026-07-28T01:45:19+08:00
VQ-033,使用咖啡机蒸汽棒时怎样避免被高温蒸汽烫伤？,zh-CN,Espresso Machine,safety,source_disjoint_test,espresso-017-scene-0003,espresso-017,586.633,663.84,0,,,no,拆机维修画面中无蒸汽、无蒸汽棒操作，也没有防烫伤提示。,AI=0→R1=0，与AI一致。,R1,completed,2026-07-28T01:45:19+08:00
VQ-033,使用咖啡机蒸汽棒时怎样避免被高温蒸汽烫伤？,zh-CN,Espresso Machine,safety,source_disjoint_test,espresso-018-scene-0006,espresso-018,21.101,24.02,0,,,no,画面中无蒸汽棒及高温蒸汽操作，未展示如何避免蒸汽烫伤的安全动作或提示。,,R1,completed,2026-07-28T01:55:19+08:00
VQ-033,使用咖啡机蒸汽棒时怎样避免被高温蒸汽烫伤？,zh-CN,Espresso Machine,safety,source_disjoint_test,espresso-018-scene-0007,espresso-018,24.02,28.524,0,,,no,无蒸汽棒、无蒸汽操作，因此无任何高温蒸汽防烫安全内容。,,R1,completed,2026-07-28T01:45:19+08:00
VQ-033,使用咖啡机蒸汽棒时怎样避免被高温蒸汽烫伤？,zh-CN,Espresso Machine,safety,source_disjoint_test,espresso-018-scene-0008,espresso-018,28.524,31.776,0,,,no,无蒸汽棒、无蒸汽操作，无任何防烫安全提示。,,R1,completed,2026-07-28T01:45:19+08:00
VQ-033,使用咖啡机蒸汽棒时怎样避免被高温蒸汽烫伤？,zh-CN,Espresso Machine,safety,source_disjoint_test,espresso-018-scene-0009,espresso-018,31.776,34.153,0,,,no,画面为手动器具操作，未涉及蒸汽棒或高温蒸汽。,,R1,completed,2026-07-28T01:45:19+08:00
VQ-033,使用咖啡机蒸汽棒时怎样避免被高温蒸汽烫伤？,zh-CN,Espresso Machine,safety,source_disjoint_test,espresso-018-scene-0012,espresso-018,40.659,44.412,0,,,no,画面未涉及蒸汽棒或高温蒸汽安全操作。,,R1,completed,2026-07-28T01:45:19+08:00
VQ-033,使用咖啡机蒸汽棒时怎样避免被高温蒸汽烫伤？,zh-CN,Espresso Machine,safety,source_disjoint_test,espresso-018-scene-0017,espresso-018,55.963,58.257,0,,,no,6帧（t=56.0s–58.3s）仅展示可折叠杯的使用场景，未出现蒸汽棒、高温蒸汽或任何防烫伤相关信息。,,R1,completed,2026-07-28T01:45:19+08:00
VQ-033,使用咖啡机蒸汽棒时怎样避免被高温蒸汽烫伤？,zh-CN,Espresso Machine,safety,source_disjoint_test,espresso-018-scene-0026,espresso-018,86.572,93.49,0,,,no,"联系表6帧（t=86.6s、88.0s、89.3s、90.7s、92.1s、93.5s）全部为黑底白/青字文字卡，循环显示'INSIDER PICKS / If you're on the go and want these products, use our links'与'It won't cost you extra, and we'll earn some money to support our videos'。无任何咖啡机、蒸汽棒、蒸汽或人物演示画面。",,R1,completed,2026-07-28T01:55:19+08:00
VQ-033,使用咖啡机蒸汽棒时怎样避免被高温蒸汽烫伤？,zh-CN,Espresso Machine,safety,source_disjoint_test,espresso-040-scene-0001,espresso-040,0.0,8.64,0,,,no,画面中没有蒸汽棒使用，也没有防烫伤提示。,AI=0→R1=0，与AI一致。,R1,completed,2026-07-28T01:45:19+08:00
VQ-034,How should espresso-machine pressure be allowed to release before removing the portafilter?,en,Espresso Machine,safety,source_disjoint_test,espresso-001-scene-0004,espresso-001,14.214,18.685,0,,,no,画面展示萃取或刚结束的状态，没有泄压或取下手柄步骤。,AI=1→R1=0，未见泄压/取手柄。,R1,completed,2026-07-28T01:45:19+08:00
VQ-034,How should espresso-machine pressure be allowed to release before removing the portafilter?,en,Espresso Machine,safety,source_disjoint_test,espresso-001-scene-0006,espresso-001,23.59,25.759,1,,,no,第1–6帧（t=23.6s–25.8s）显示手持粉碗并按按钮，但无卸压等待或压力释放相关的任何说明或动作。,,R1,completed,2026-07-28T01:45:19+08:00
VQ-034,How should espresso-machine pressure be allowed to release before removing the portafilter?,en,Espresso Machine,safety,source_disjoint_test,espresso-001-scene-0007,espresso-001,25.759,32.666,1,,,no,画面为压粉步骤，未展示取下粉碗前的释压操作。,,R1,completed,2026-07-28T01:45:19+08:00
VQ-034,How should espresso-machine pressure be allowed to release before removing the portafilter?,en,Espresso Machine,safety,source_disjoint_test,espresso-001-scene-0008,espresso-001,32.666,47.014,0,,,no,未展示释放压力或取下手柄的安全步骤。,,R1,completed,2026-07-28T01:45:19+08:00
VQ-034,How should espresso-machine pressure be allowed to release before removing the portafilter?,en,Espresso Machine,safety,source_disjoint_test,espresso-002-scene-0001,espresso-002,0.0,44.68,0,,,no,全部6帧（t=0s–44.7s）为持续萃取画面，未展示手柄拆卸或压力释放操作。,,R1,completed,2026-07-28T01:45:19+08:00
VQ-034,How should espresso-machine pressure be allowed to release before removing the portafilter?,en,Espresso Machine,safety,source_disjoint_test,espresso-003-scene-0001,espresso-003,0.0,140.95,0,,,no,画面中没有手柄拆卸，也没有压力释放步骤。,,R1,completed,2026-07-28T01:45:19+08:00
VQ-034,How should espresso-machine pressure be allowed to release before removing the portafilter?,en,Espresso Machine,safety,source_disjoint_test,espresso-004-scene-0003,espresso-004,34.382,37.718,1,,,no,画面中portafilter被手持举起（t=34.4s–37.7s），但未展示压力释放操作或安全卸压步骤。,,R1,completed,2026-07-28T01:45:19+08:00
VQ-034,How should espresso-machine pressure be allowed to release before removing the portafilter?,en,Espresso Machine,safety,source_disjoint_test,espresso-004-scene-0004,espresso-004,37.718,40.972,0,,,no,6帧均为研磨机落粉到手柄的过程，无压力释放、无取下手柄相关操作或文字。,,R1,completed,2026-07-28T01:45:19+08:00
VQ-034,How should espresso-machine pressure be allowed to release before removing the portafilter?,en,Espresso Machine,safety,source_disjoint_test,espresso-004-scene-0005,espresso-004,40.972,45.518,1,,,no,画面仅展示咖啡粉准备过程，未显示取下粉碗前的释压操作或机器压力状态。,,R1,completed,2026-07-28T01:45:19+08:00
VQ-034,How should espresso-machine pressure be allowed to release before removing the portafilter?,en,Espresso Machine,safety,source_disjoint_test,espresso-004-scene-0006,espresso-004,45.518,48.855,1,,,no,画面展示PURGE按钮产生水流从冲煮头流出，这属于主动冲洗而非取粉碗前的自然释压操作（释压通常指停止萃取后等待压力下降）。,AI=2→R1=1：PURGE冲洗水流不等同于取粉碗前的释压操作。,R1,completed,2026-07-28T01:45:19+08:00
VQ-034,How should espresso-machine pressure be allowed to release before removing the portafilter?,en,Espresso Machine,safety,source_disjoint_test,espresso-004-scene-0007,espresso-004,48.855,51.983,1,,,no,第6帧（t=52.0s）出现卸下手柄动作，但未展示事先释放压力的步骤或提示。,,R1,completed,2026-07-28T01:55:19+08:00
VQ-034,How should espresso-machine pressure be allowed to release before removing the portafilter?,en,Espresso Machine,safety,source_disjoint_test,espresso-005-scene-0001,espresso-005,0.0,55.87,0,,,no,画面未展示压力释放步骤或卸下手柄前的泄压动作。,,R1,completed,2026-07-28T01:55:19+08:00
VQ-034,How should espresso-machine pressure be allowed to release before removing the portafilter?,en,Espresso Machine,safety,source_disjoint_test,espresso-006-scene-0001,espresso-006,0.0,49.41,0,,,no,画面无粉碗释压或取下操作。,,R1,completed,2026-07-28T01:45:19+08:00
VQ-034,How should espresso-machine pressure be allowed to release before removing the portafilter?,en,Espresso Machine,safety,source_disjoint_test,espresso-008-scene-0001,espresso-008,0.0,60.8,0,,,no,全自动咖啡机无手柄，画面中未展示压力释放或卸下手柄步骤。,,R1,completed,2026-07-28T01:55:19+08:00
VQ-034,How should espresso-machine pressure be allowed to release before removing the portafilter?,en,Espresso Machine,safety,source_disjoint_test,espresso-009-scene-0001,espresso-009,0.0,83.82,0,,,no,未展示释放压力或取下手柄的步骤。,,R1,completed,2026-07-28T01:45:19+08:00
VQ-034,How should espresso-machine pressure be allowed to release before removing the portafilter?,en,Espresso Machine,safety,source_disjoint_test,espresso-015-scene-0001,espresso-015,0.0,4.082,1,,,no,手柄锁定在冲煮头中，但未展示卸下手柄前释放压力的步骤。,,R1,completed,2026-07-28T01:55:19+08:00
VQ-034,How should espresso-machine pressure be allowed to release before removing the portafilter?,en,Espresso Machine,safety,source_disjoint_test,espresso-015-scene-0002,espresso-015,4.082,37.448,0,,,no,画面展示萃取中，没有泄压或取下手柄步骤。,AI=0→R1=0，与AI一致。,R1,completed,2026-07-28T01:45:19+08:00
VQ-034,How should espresso-machine pressure be allowed to release before removing the portafilter?,en,Espresso Machine,safety,source_disjoint_test,espresso-015-scene-0003,espresso-015,37.448,43.15,0,,,no,未展示释放压力或取下手柄的步骤。,,R1,completed,2026-07-28T01:45:19+08:00
VQ-034,How should espresso-machine pressure be allowed to release before removing the portafilter?,en,Espresso Machine,safety,source_disjoint_test,espresso-016-scene-0002,espresso-016,2.714,4.849,0,,,no,全部6帧（t=2.7s–4.8s）为装粉阶段，未展示萃取后手柄拆卸或压力释放操作。,,R1,completed,2026-07-28T01:45:19+08:00
VQ-034,How should espresso-machine pressure be allowed to release before removing the portafilter?,en,Espresso Machine,safety,source_disjoint_test,espresso-016-scene-0003,espresso-016,4.849,13.391,1,,,no,画面只有装粉压粉，未展示萃取后释放压力再取下手柄的安全步骤。,,R1,completed,2026-07-28T01:45:19+08:00
VQ-034,How should espresso-machine pressure be allowed to release before removing the portafilter?,en,Espresso Machine,safety,source_disjoint_test,espresso-016-scene-0004,espresso-016,13.391,16.12,0,,,no,画面无释压操作、无取下粉碗动作、无相关安全提示。,,R1,completed,2026-07-28T01:45:19+08:00
VQ-034,How should espresso-machine pressure be allowed to release before removing the portafilter?,en,Espresso Machine,safety,source_disjoint_test,espresso-017-scene-0001,espresso-017,0.0,574.25,0,,,no,拆机场景中没有萃取、泄压或取下手柄的步骤。,AI=0→R1=0，与AI一致。,R1,completed,2026-07-28T01:45:19+08:00
VQ-034,How should espresso-machine pressure be allowed to release before removing the portafilter?,en,Espresso Machine,safety,source_disjoint_test,espresso-017-scene-0003,espresso-017,586.633,663.84,0,,,no,画面为拆机状态，没有萃取后的泄压或取下手柄步骤。,AI=0→R1=0，与AI一致。,R1,completed,2026-07-28T01:45:19+08:00
VQ-034,How should espresso-machine pressure be allowed to release before removing the portafilter?,en,Espresso Machine,safety,source_disjoint_test,espresso-018-scene-0001,espresso-018,0.0,3.586,0,,,no,画面未展示压力释放或拆卸portafilter的步骤。,,R1,completed,2026-07-28T01:45:19+08:00
VQ-034,How should espresso-machine pressure be allowed to release before removing the portafilter?,en,Espresso Machine,safety,source_disjoint_test,espresso-018-scene-0006,espresso-018,21.101,24.02,0,,,no,画面未展示压力释放动作或卸下手柄前的任何泄压步骤。,,R1,completed,2026-07-28T01:55:19+08:00
VQ-034,How should espresso-machine pressure be allowed to release before removing the portafilter?,en,Espresso Machine,safety,source_disjoint_test,espresso-018-scene-0007,espresso-018,24.02,28.524,0,,,no,全部6帧（t=24.0s–28.6s）未展示手柄拆卸或压力释放的相关操作。,,R1,completed,2026-07-28T01:45:19+08:00
VQ-034,How should espresso-machine pressure be allowed to release before removing the portafilter?,en,Espresso Machine,safety,source_disjoint_test,espresso-018-scene-0010,espresso-018,34.153,36.906,0,,,no,6帧（t=34.2s–36.9s）仅展示手持便携设备，无压力释放、无取下手柄操作。,,R1,completed,2026-07-28T01:45:19+08:00
VQ-034,How should espresso-machine pressure be allowed to release before removing the portafilter?,en,Espresso Machine,safety,source_disjoint_test,espresso-018-scene-0021,espresso-018,66.597,69.892,0,,,no,联系表6帧（t=66.6s、67.3s、67.9s、68.6s、69.2s、69.9s）均为手从黑色手机壳中取出ThinOPTICS折叠眼镜并展开的产品特写，含'1. ThinOPTICS'标题。画面无任何浓缩咖啡机、手柄或压力相关组件。,,R1,completed,2026-07-28T01:55:19+08:00
VQ-034,How should espresso-machine pressure be allowed to release before removing the portafilter?,en,Espresso Machine,safety,source_disjoint_test,espresso-040-scene-0001,espresso-040,0.0,8.64,1,,,no,画面展示锁入手柄，没有泄压或取下手柄步骤。,AI=1→R1=1，与AI一致。,R1,completed,2026-07-28T01:45:19+08:00
VQ-035,怎样把内胆和食材正确放入电压力锅？,zh-CN,Pressure Cooker,operation,development,pressure-001-scene-0001,pressure-001,0.0,120.65,0,,,no,全6帧（t=0.0s–120.6s）显示一个不锈钢炉灶式压力锅静止在台面上，仅阀门处有蒸汽冒出，无内胆、无食材、无放置动作。,,R1,completed,2026-07-28T01:55:19+08:00
VQ-035,怎样把内胆和食材正确放入电压力锅？,zh-CN,Pressure Cooker,operation,development,pressure-010-scene-0004,pressure-010,102.035,143.911,1,,,no,第1–2帧（t=102.0s–110.4s）显示人将食材倒入电压力锅内胆并搅拌，但未展示如何正确放置内胆本身。,,R1,completed,2026-07-28T01:55:19+08:00
VQ-035,怎样把内胆和食材正确放入电压力锅？,zh-CN,Pressure Cooker,operation,development,pressure-010-scene-0006,pressure-010,147.915,182.549,2,161.3,174.8,no,帧3-5（t=161.3s-174.8s）清晰显示人将炼乳、黄油、肉豆蔻等食材倒入压力锅内胆，并配合字幕'12 OZ EVAPORATED MILK / 2 TABLESPOONS BUTTER / 1/4 TEASPOON GROUND NUTMEG'。展示食材放入步骤，但未演示内胆如何放入锅体。,AI=2→R1=2 一致；时间按帧标签修正为 161.3-174.8s（AI 152-160 过早，对应合盖/排气帧）,R1,completed,2026-07-28T01:55:19+08:00
VQ-035,怎样把内胆和食材正确放入电压力锅？,zh-CN,Pressure Cooker,operation,development,pressure-011-scene-0009,pressure-011,53.353,62.196,2,56.9,62.196,no,第1-6帧（t=53.4s–62.2s）显示厨师戴黑色手套将生猪肉块放入电压力锅（Instant Pot款式）内胆中，第3-6帧（t=56.9s–62.2s）清晰展示放入动作；ASR提及'place that in there'确认放入操作。,时间按实际证据片段重定位,R1,completed,2026-07-28T01:55:19+08:00
VQ-035,怎样把内胆和食材正确放入电压力锅？,zh-CN,Pressure Cooker,operation,development,pressure-011-scene-0010,pressure-011,62.196,73.073,2,62.2,73.073,no,6帧俯视画面显示厨师依次往压力锅中加入洋葱、调料、液体等食材（t=62.2s-73.1s），演示了放入食材的过程，但未展示内胆本身的放置。,时间按实际证据片段重定位,R1,completed,2026-07-28T01:55:19+08:00
VQ-035,怎样把内胆和食材正确放入电压力锅？,zh-CN,Pressure Cooker,operation,development,pressure-011-scene-0016,pressure-011,125.859,136.67,1,,,no,6帧主要为厨师站在Instant Pot旁讲解，首尾帧特写控制面板显示0n（t=125.9s、136.7s），中间帧未出现将内胆或食材放入锅体的动作。,,R1,completed,2026-07-28T01:55:19+08:00
VQ-035,怎样把内胆和食材正确放入电压力锅？,zh-CN,Pressure Cooker,operation,development,pressure-011-scene-0018,pressure-011,143.744,147.147,1,,,no,第1–6帧显示厨师打开Instant Pot并用夹子取出食物，与放入内胆和食材的问题方向相反。,"AI=1→R1=0：画面展示取出食物而非放入。 | 第三轮仲裁修正：R1原记录 等级=0 时间=[None,None] 泄漏=no → 仲裁 等级=1 时间=[None,None] 泄漏=no。理由：第1-6帧中Instant Pot清晰可见且正被开盖取食，但未演示如何放入内胆和食材，按规范产品出现但不回答query应判1级，采纳复核方意见。",R1,completed,2026-07-28T20:35:21+08:00
VQ-035,怎样把内胆和食材正确放入电压力锅？,zh-CN,Pressure Cooker,operation,development,pressure-011-scene-0020,pressure-011,159.76,163.297,1,,,no,6帧均为Instant Pot控制面板特写，未出现内胆或放入食材的动作。,"AI=1→R1=0：画面仅展示控制面板，与放入内胆和食材无关。 | 第三轮仲裁修正：R1原记录 等级=0 时间=[None,None] 泄漏=no → 仲裁 等级=1 时间=[None,None] 泄漏=no。理由：全帧为Instant Pot控制面板特写，产品出现但未出现内胆或放入食材动作，产品出现但不回答，采纳复核方意见判1级。",R1,completed,2026-07-28T20:35:21+08:00
VQ-035,怎样把内胆和食材正确放入电压力锅？,zh-CN,Pressure Cooker,operation,development,pressure-011-scene-0026,pressure-011,220.521,229.096,2,220.521,229.096,no,第1–6帧（t=220.5s–229.1s）显示厨师将绿色砧板上的食物倒入压力锅中，演示了放入食材的动作，但未展示内胆本身的放置。,时间按实际证据片段重定位,R1,completed,2026-07-28T01:55:19+08:00
VQ-035,怎样把内胆和食材正确放入电压力锅？,zh-CN,Pressure Cooker,operation,development,pressure-011-scene-0027,pressure-011,229.096,240.741,2,229.1,240.741,no,第1-6帧（229.1s-240.8s）显示戴黑色手套的人将绿色砧板上的碎肉倒入开盖的不锈钢压力锅中，演示了食材放入动作，但未展示内胆如何放入锅体。,时间按实际证据片段重定位,R1,completed,2026-07-28T01:55:19+08:00
VQ-035,怎样把内胆和食材正确放入电压力锅？,zh-CN,Pressure Cooker,operation,development,pressure-011-scene-0028,pressure-011,240.741,249.249,1,,,no,6帧（t=240.7s、242.4s、244.2s、245.9s、247.6s、249.3s）均为俯视角度，厨师戴黑手套在已开盖的压力锅内搅拌猪肉/汤汁；内胆在主机内、食材已在内胆中。没有演示'把内胆放入主机'或'把食材放入内胆'的动作。,,R1,completed,2026-07-28T01:55:19+08:00
VQ-035,怎样把内胆和食材正确放入电压力锅？,zh-CN,Pressure Cooker,operation,development,pressure-012-scene-0007,pressure-012,20.654,24.024,2,21.3,24.0,no,第1帧（t=20.7s）俯拍展示空不锈钢内胆，第2-6帧（t=21.3s–24.0s）用红色夹子将调味鸡块逐一放入内胆中，清晰演示了食材放入内胆的动作；但未展示内胆放入锅体的步骤。,时间按实际证据片段重定位,R1,completed,2026-07-28T01:55:19+08:00
VQ-035,怎样把内胆和食材正确放入电压力锅？,zh-CN,Pressure Cooker,operation,development,pressure-012-scene-0016,pressure-012,58.725,62.462,1,,,no,6帧（t=58.7s–62.5s）显示深色酱汁被倒入内胆中、鸡块已在内胆里、之后用木勺搅拌——内胆和食材可见，但'把内胆放入主机'和'把食材放入内胆'的具体放置动作未演示，画面是食材已在内胆中的中段操作。,,R1,completed,2026-07-28T01:55:19+08:00
VQ-035,怎样把内胆和食材正确放入电压力锅？,zh-CN,Pressure Cooker,operation,development,pressure-012-scene-0017,pressure-012,62.462,66.133,1,,,no,第1-3帧（t=62.5s、63.2s、63.9s）和第6帧（t=66.1s）从锅内俯视角度看到鸡块和酱汁在被锅铲搅拌，内胆可见但已装着食材；第4-5帧（t=64.7s、65.4s）显示盖子被放上/旋拧。画面未演示'把内胆放入主机'或'把食材放入内胆'的动作。,,R1,completed,2026-07-28T01:55:19+08:00
VQ-035,怎样把内胆和食材正确放入电压力锅？,zh-CN,Pressure Cooker,operation,development,pressure-012-scene-0019,pressure-012,69.269,72.806,1,,,no,帧3-5（t=70.7s-72.1s）显示压力锅内胆盛有煮熟的鸡肉并被夹子取出，画面动作方向与'放入内胆和食材'相反，未演示放入步骤。,,R1,completed,2026-07-28T01:55:19+08:00
VQ-035,怎样把内胆和食材正确放入电压力锅？,zh-CN,Pressure Cooker,operation,development,pressure-012-scene-0022,pressure-012,81.448,84.785,1,,,no,第1-6帧（81.4s-84.8s）显示电压力锅内部有深色沸腾液体，一只手用红色夹子将食物块放入锅中，但未展示内胆如何正确放入锅体。,AI=2→R1=1：画面仅展示往已有液体的压力锅中投放食物块，未演示内胆取出/放入步骤，无法完整回答“怎样把内胆和食材正确放入”。,R1,completed,2026-07-28T01:55:19+08:00
VQ-035,怎样把内胆和食材正确放入电压力锅？,zh-CN,Pressure Cooker,operation,development,pressure-020-scene-0005,pressure-020,120.988,146.38,1,,,no,6帧均为电压力锅俯拍，内胆已在锅体内，画面仅展示往米中加橄榄油、倒水（t=121.0s-146.4s），并未演示将内胆放入锅体或食材正确放入内胆的完整动作。,,R1,completed,2026-07-28T01:55:19+08:00
VQ-035,怎样把内胆和食材正确放入电压力锅？,zh-CN,Pressure Cooker,operation,development,pressure-020-scene-0006,pressure-020,146.38,154.955,0,,,no,第1-6帧（146.4s-155.0s）仅展示台面上的电压力锅及一位男士俯身操作，未出现内胆或食材放入动作。,,R1,completed,2026-07-28T01:55:19+08:00
VQ-035,怎样把内胆和食材正确放入电压力锅？,zh-CN,Pressure Cooker,operation,development,pressure-020-scene-0008,pressure-020,176.677,181.248,1,,,no,6 帧显示压力锅已合盖且手在操作锅盖/顶部阀门（ASR 表明为'释放蒸汽'），未演示放入内胆和食材的步骤。,,R1,completed,2026-07-28T01:55:19+08:00
VQ-035,怎样把内胆和食材正确放入电压力锅？,zh-CN,Pressure Cooker,operation,development,pressure-026-scene-0001,pressure-026,0.0,9.576,0,,,no,画面为1983年Activision游戏《Pressure Cooker》的标题卡，6帧（0.0s-9.6s）均未出现实体电压力锅或任何操作演示。,,R1,completed,2026-07-28T01:55:19+08:00
VQ-035,怎样把内胆和食材正确放入电压力锅？,zh-CN,Pressure Cooker,operation,development,pressure-027-scene-0007,pressure-027,100.601,121.788,1,,,no,6帧（t=100.6-121.8s）显示穿围裙女士站在压力锅旁讲解/手势，t=109.1s和113.3s手触碰锅沿、t=117.6s似在处理食材，但未清晰演示内胆放置或食材倒入锅内的完整动作。,AI=2→R1=1：6帧仅见女士在锅旁并偶尔触碰/处理食材，未明确演示'把内胆和食材放入压力锅'的完整动作，无法判定为部分回答。,R1,completed,2026-07-28T01:55:19+08:00
VQ-035,怎样把内胆和食材正确放入电压力锅？,zh-CN,Pressure Cooker,operation,development,pressure-027-scene-0012,pressure-027,185.252,195.262,1,,,no,6帧均为一位女士在厨房台面旁讲解并比划（t=185.3s-195.3s），电压力锅和食材在画面中，但未出现将内胆或食材放入锅体的动作。,,R1,completed,2026-07-28T01:55:19+08:00
VQ-035,怎样把内胆和食材正确放入电压力锅？,zh-CN,Pressure Cooker,operation,development,pressure-027-scene-0016,pressure-027,219.386,228.128,2,219.4,228.1,no,帧1（t=219.4s）/帧3（t=222.9s）/帧6（t=228.1s）显示人在压力锅内加入液体/食材并用木勺搅拌，帧4-5 手持 jalapeños 等食材准备下锅，演示食材放入过程；但未演示内胆放入锅体的步骤。,时间按实际证据片段重定位,R1,completed,2026-07-28T01:55:19+08:00
VQ-035,怎样把内胆和食材正确放入电压力锅？,zh-CN,Pressure Cooker,operation,development,pressure-027-scene-0019,pressure-027,238.972,256.823,2,239.0,256.8,no,第1-6帧（t=239.0s–256.8s）显示一名女性将土豆食材加入电压力锅内锅中，展示了放入食材的动作；但未展示内胆放置步骤或'正确'放置方法的完整说明。,时间按实际证据片段重定位,R1,completed,2026-07-28T01:55:19+08:00
VQ-035,怎样把内胆和食材正确放入电压力锅？,zh-CN,Pressure Cooker,operation,development,pressure-027-scene-0021,pressure-027,265.399,280.38,1,,,no,6帧显示主讲人用电压力锅搅拌锅内食材（t=265.4s-280.4s），未出现将内胆或食材放入锅体的放置动作。,,R1,completed,2026-07-28T01:55:19+08:00
VQ-035,怎样把内胆和食材正确放入电压力锅？,zh-CN,Pressure Cooker,operation,development,pressure-027-scene-0023,pressure-027,292.526,296.263,1,,,no,全6帧（t=292.5s–296.3s）显示女性用勺子在电压力锅中搅拌已有食材，锅盖呈打开状态，非放置内胆或新食材的操作。,,R1,completed,2026-07-28T01:55:19+08:00
VQ-035,怎样把内胆和食材正确放入电压力锅？,zh-CN,Pressure Cooker,operation,development,pressure-032-scene-0002,pressure-032,30.364,1379.311,1,,,no,6帧（t=30.4/300.2/570.0/839.8/1109.5/1379.3s）为宽时间窗口的厨房场景，t=839.8s可见锅在炉上，但无内胆或食材放入动作演示。,AI=1→R1=1：保持。产品偶现但无放入演示。,R1,completed,2026-07-28T01:55:19+08:00
VQ-035,怎样把内胆和食材正确放入电压力锅？,zh-CN,Pressure Cooker,operation,development,pressure-032-scene-0003,pressure-032,1379.311,1438.637,0,,,no,场景为传统 stove-top 压力锅，画面中没有取出或放入内胆、也没有放入食材的动作。,,R1,completed,2026-07-28T01:55:19+08:00
VQ-035,怎样把内胆和食材正确放入电压力锅？,zh-CN,Pressure Cooker,operation,development,pressure-033-scene-0020,pressure-033,196.096,204.071,1,,,no,画面主要展示“Points to Remember: Before Cooking Check gasket and valves”字幕和厨师站立讲解，没有内胆或食材放入动作。,,R1,completed,2026-07-28T01:55:19+08:00
VQ-035,怎样把内胆和食材正确放入电压力锅？,zh-CN,Pressure Cooker,operation,development,pressure-033-scene-0045,pressure-033,456.523,474.975,2,456.523,471.3,no,帧1-3（t=456.5s-463.9s）俯视锅中胡萝卜/土豆并有手在搅拌加入食材；帧4-5（t=467.6s-471.3s）手将锅盖盖到压力锅上。展示食材放入与合盖动作，但未演示内胆放入锅体的步骤。,AI=2→R1=2 一致；时间按联系表帧标签微调为 456.5-471.3s（剔除重复末帧）,R1,completed,2026-07-28T01:55:19+08:00
VQ-035,怎样把内胆和食材正确放入电压力锅？,zh-CN,Pressure Cooker,operation,development,pressure-033-scene-0051,pressure-033,533.934,536.236,1,,,no,6帧（t=533.9-536.2s）为压力锅盖特写，可见橙色浮子阀顶起和蒸汽冒出，但画面只取锅盖部分，无内胆或食材放入画面。,AI=0→R1=1：产品（锅盖）可见，但6帧无内胆或食材放入演示。,R1,completed,2026-07-28T01:55:19+08:00
VQ-035,怎样把内胆和食材正确放入电压力锅？,zh-CN,Pressure Cooker,operation,development,pressure-033-scene-0068,pressure-033,792.326,799.633,0,,,no,厨师手持锅盖和密封圈，未展示内胆或食材放入。,,R1,completed,2026-07-28T01:55:19+08:00
VQ-035,怎样把内胆和食材正确放入电压力锅？,zh-CN,Pressure Cooker,operation,development,pressure-036-scene-0007,pressure-036,78.312,91.658,2,78.312,91.658,no,6帧依次展示取出内胆/蒸篮、展示锅底、将蒸篮放回锅内（t=78.3s-91.7s），演示了内胆组件的装放，但未展示食材放入过程。,,R1,completed,2026-07-28T01:55:19+08:00
VQ-035,怎样把内胆和食材正确放入电压力锅？,zh-CN,Pressure Cooker,operation,development,pressure-036-scene-0008,pressure-036,91.658,99.333,2,91.7,99.3,no,第1-6帧（91.7s-99.3s）清晰演示双手将不锈钢内胆放入黑色电压力锅并调整到位，但未展示食材如何放入。,AI=3→R1=2：画面仅演示内胆放入，未展示食材放入步骤，不能完整回答“怎样把内胆和食材正确放入”。,R1,completed,2026-07-28T01:55:19+08:00
VQ-035,怎样把内胆和食材正确放入电压力锅？,zh-CN,Pressure Cooker,operation,development,pressure-036-scene-0012,pressure-036,174.675,219.353,2,192.4,219.35,no,第3-4帧（t=192.4s、201.5s）显示屏读数'00:15'且内胆中已装入鸡块食材；第5帧（t=210.4s）显示手将黑色锅盖放上锅体；第6帧（t=219.4s）显示盖已盖好、显示'OFF'。内胆始终在主机内未演示放入动作，但可看到食材入内胆→盖盖的相邻步骤。,AI时间174.675-219.353→R1时间192.4s-219.35s（按联系表帧标签），AI 标注的整个窗口过宽，收紧至呈现食材入内胆和盖盖动作的帧。,R1,completed,2026-07-28T01:55:19+08:00
VQ-035,怎样把内胆和食材正确放入电压力锅？,zh-CN,Pressure Cooker,operation,development,pressure-037-scene-0003,pressure-037,10.801,14.512,0,,,no,6帧（t=10.8-14.5s）均为菜肴照片拼贴，中央文字'The Instant Pot has a cult following'，Instant Pot只是拼贴中的一张图，无任何内胆或食材放入演示动作。,,R1,completed,2026-07-28T01:55:19+08:00
VQ-035,怎样把内胆和食材正确放入电压力锅？,zh-CN,Pressure Cooker,operation,development,pressure-037-scene-0004,pressure-037,14.512,17.807,2,16.5,17.1,no,第4-5帧（t=16.5s-17.1s）清晰显示手将鸡蛋放入电压力锅内的蒸架中，演示了放入食材，但未展示内胆取放。,AI时间14.512-17.807→R1时间16.5-17.1：仅第4-5帧展示放食材，其余帧为开合锅盖。,R1,completed,2026-07-28T01:55:19+08:00
VQ-035,怎样把内胆和食材正确放入电压力锅？,zh-CN,Pressure Cooker,operation,development,pressure-037-scene-0007,pressure-037,31.276,34.279,1,,,no,6帧（t=31.3-34.3s）为Instant Pot控制面板特写，手指按按钮，红色数字'30'，但无内胆或食材放入画面。,AI=1→R1=1：保持。产品（控制面板）出现但无内胆/食材放入演示。,R1,completed,2026-07-28T01:55:19+08:00
VQ-035,怎样把内胆和食材正确放入电压力锅？,zh-CN,Pressure Cooker,operation,development,pressure-037-scene-0011,pressure-037,54.17,61.384,2,54.2,61.384,no,第1帧（t=54.2s）和第6帧（t=61.4s）显示将通心粉倒入电压力锅内，第5帧（t=59.9s）显示将鸡蛋放入蒸架，演示了放入食材的过程，但未展示内胆的取放。,时间按实际证据片段重定位,R1,completed,2026-07-28T01:55:19+08:00
VQ-035,怎样把内胆和食材正确放入电压力锅？,zh-CN,Pressure Cooker,operation,development,pressure-040-scene-0005,pressure-040,74.474,77.945,1,,,no,6帧（t=74.5-77.9s）显示银色压力锅在台面上，手放在锅盖上，周围摆有食材（小碗橙片、玻璃罐、深色小碗、白瓶），但未演示'把内胆和食材放入'的动作。,AI=1→R1=1：保持。压力锅出现但无内胆放入演示。,R1,completed,2026-07-28T01:55:19+08:00
VQ-035,怎样把内胆和食材正确放入电压力锅？,zh-CN,Pressure Cooker,operation,development,pressure-040-scene-0007,pressure-040,104.338,111.311,1,,,no,画面中两位主持人在演播室交谈，压力锅仅作为背景道具出现，未演示放入内胆或食材。,,R1,completed,2026-07-28T01:55:19+08:00
VQ-035,怎样把内胆和食材正确放入电压力锅？,zh-CN,Pressure Cooker,operation,development,pressure-040-scene-0013,pressure-040,179.913,181.982,1,,,no,画面显示手持装有食材的碗靠近Fagor压力锅，随后倒入，但未展示内胆如何正确放入锅体。,,R1,completed,2026-07-28T01:55:19+08:00
VQ-035,怎样把内胆和食材正确放入电压力锅？,zh-CN,Pressure Cooker,operation,development,pressure-040-scene-0020,pressure-040,227.461,244.178,1,,,no,第1-6帧（227.5s-244.2s）为电视演播室远景，可见台面上的电压力锅和人物互动，但未清晰展示内胆取出/放入或食材正确放置的具体动作。,,R1,completed,2026-07-28T01:55:19+08:00
VQ-035,怎样把内胆和食材正确放入电压力锅？,zh-CN,Pressure Cooker,operation,development,pressure-040-scene-0023,pressure-040,254.154,265.766,1,,,no,6 帧均为 PCTV 演播室两位主持人站在料理台前，压力锅置于台面但无人进行放入内胆/食材的动作演示。,AI=2→R1=1：未演示放入内胆/食材动作，仅同产品同框出现,R1,completed,2026-07-28T01:55:19+08:00
VQ-035,怎样把内胆和食材正确放入电压力锅？,zh-CN,Pressure Cooker,operation,development,pressure-040-scene-0024,pressure-040,265.766,268.235,1,,,no,全6帧（t=265.8s–268.2s）显示穿绿色厨师服的人将锅盖盖上并关闭压力锅，全程未展示内胆或食材放入操作。,,R1,completed,2026-07-28T01:55:19+08:00
VQ-035,怎样把内胆和食材正确放入电压力锅？,zh-CN,Pressure Cooker,operation,development,pressure-040-scene-0033,pressure-040,379.179,414.147,2,379.2,407.2,no,画面显示两位主持人在压力锅中加入奶油、蓝莓等食材并搅拌（t=379.2s-407.2s），展示了往已装好的内胆中添加食材，但未演示将内胆放入锅体的动作，仅部分回答。,AI时间379.179-414.147→R1时间379.2-407.2：按实际添加食材的帧范围修正，排除末尾品尝画面。,R1,completed,2026-07-28T01:55:19+08:00
VQ-036,How do I align and lock a pressure-cooker lid?,en,Pressure Cooker,operation,development,pressure-001-scene-0001,pressure-001,0.0,120.65,0,,,no,全6帧（t=0.0s–120.6s）仅显示压力锅整体外观和蒸汽释放，未展示锅盖对齐或锁定操作。,,R1,completed,2026-07-28T01:55:19+08:00
VQ-036,How do I align and lock a pressure-cooker lid?,en,Pressure Cooker,operation,development,pressure-010-scene-0004,pressure-010,102.035,143.911,3,114.8,132.5,no,第3-5帧（t=114.8s-132.5s）展示双手将锅盖放到锅体上并旋转锁定的完整动作，演示了对齐和锁定锅盖的过程。,AI=2→R1=3：画面清晰演示了锅盖放置与旋转锁定全过程。 | 时间区间按联系表帧标签收紧为114.8-132.5s（原118.8-135.6s），等级保持3。,R1,completed,2026-07-28T14:15:20+08:00
VQ-036,How do I align and lock a pressure-cooker lid?,en,Pressure Cooker,operation,development,pressure-010-scene-0006,pressure-010,147.915,182.549,0,,,no,帧1-2 显示已合盖及排气，帧3-5 显示开盖后加食材；均未演示对齐/锁扣锅盖的动作。,,R1,completed,2026-07-28T01:55:19+08:00
VQ-036,How do I align and lock a pressure-cooker lid?,en,Pressure Cooker,operation,development,pressure-010-scene-0008,pressure-010,186.553,232.766,1,,,no,画面为制作通心粉，锅盖放在一旁，未演示对准锁定。,AI=0→R1=1：压力锅产品出现，但画面内容为烹饪而非锅盖锁定。,R1,completed,2026-07-28T01:55:19+08:00
VQ-036,How do I align and lock a pressure-cooker lid?,en,Pressure Cooker,operation,development,pressure-011-scene-0017,pressure-011,136.67,143.744,1,,,no,厨师在第1–6帧中演示开盖，未展示对准与锁定锅盖步骤。,,R1,completed,2026-07-28T01:55:19+08:00
VQ-036,How do I align and lock a pressure-cooker lid?,en,Pressure Cooker,operation,development,pressure-011-scene-0019,pressure-011,147.147,159.76,1,,,no,第4-5帧（t=154.7s-157.3s）显示厨师将锅盖放回压力锅并按压闭合，但未演示对准标记或锁定机制的具体操作手法。,AI=2→R1=1：仅展示将盖子放回锅上并按压，未演示对准或锁定机制的具体操作步骤。,R1,completed,2026-07-28T01:55:19+08:00
VQ-036,How do I align and lock a pressure-cooker lid?,en,Pressure Cooker,operation,development,pressure-011-scene-0024,pressure-011,200.567,214.214,1,,,no,厨师在第1–6帧中仅演示开盖，未展示锅盖对准与锁定步骤。,,R1,completed,2026-07-28T01:55:19+08:00
VQ-036,How do I align and lock a pressure-cooker lid?,en,Pressure Cooker,operation,development,pressure-012-scene-0017,pressure-012,62.462,66.133,2,64.7,65.4,no,第4帧（t=64.7s）显示带黑色提手的锅盖从上方被放上压力锅锅口；第5帧（t=65.4s）手握住提手正在旋拧盖子（对齐+锁定的实际操作）。但未呈现盖子上的对齐刻度线特写或锁定卡位的明确指示。,AI时间62.462-66.133→R1时间64.7s-65.4s（按联系表帧标签），第4-5帧才呈现盖子被放上并旋拧动作。,R1,completed,2026-07-28T01:55:19+08:00
VQ-036,How do I align and lock a pressure-cooker lid?,en,Pressure Cooker,operation,development,pressure-012-scene-0019,pressure-012,69.269,72.806,1,,,no,帧1/帧2/帧6 显示锅盖俯视，帧2 可见手在盖把附近，但无对齐/锁扣的具体动作演示。,,R1,completed,2026-07-28T01:55:19+08:00
VQ-036,How do I align and lock a pressure-cooker lid?,en,Pressure Cooker,operation,development,pressure-012-scene-0020,pressure-012,72.806,77.744,1,,,no,第1–6帧（t=72.8–77.7s）显示用红夹子夹取食物并倒入玉米淀粉混合物，未出现锅盖或对准/锁定动作。,AI=0→R1=1：压力锅内胆出现，但画面未演示锅盖的对准与锁定。,R1,completed,2026-07-28T01:55:19+08:00
VQ-036,How do I align and lock a pressure-cooker lid?,en,Pressure Cooker,operation,development,pressure-020-scene-0002,pressure-020,7.307,82.716,0,,,no,"6帧(t=7.3-82.7s)中第2-5帧均显示红衣男子在厨房中手持Royal Basmati Rice袋和压力锅站立讲解,没有任何盖子对齐、锁定、按压等动作演示。",,R1,completed,2026-07-28T01:55:19+08:00
VQ-036,How do I align and lock a pressure-cooker lid?,en,Pressure Cooker,operation,development,pressure-020-scene-0006,pressure-020,146.38,154.955,0,,,no,第1-6帧（146.4s-155.0s）中压力锅锅盖始终关闭，未展示锅盖对准/旋转锁定动作。,,R1,completed,2026-07-28T01:55:19+08:00
VQ-036,How do I align and lock a pressure-cooker lid?,en,Pressure Cooker,operation,development,pressure-020-scene-0007,pressure-020,154.955,176.677,0,,,no,"6帧(t=155.0-176.7s)均显示COSORI压力锅正面,显示屏固定显示'0:06',无任何盖子对齐、旋转或锁定动作。",,R1,completed,2026-07-28T01:55:19+08:00
VQ-036,How do I align and lock a pressure-cooker lid?,en,Pressure Cooker,operation,development,pressure-020-scene-0008,pressure-020,176.677,181.248,1,,,no,帧1-2 显示手按压锅盖侧把手与顶部旋钮，但 ASR 明确'we wanna just let the steam out right away'，该动作属于泄压而非对齐/锁扣锅盖。,AI=2→R1=1：动作是泄压（turn knob to venting）而非锁盖，无对齐/锁扣演示,R1,completed,2026-07-28T01:55:19+08:00
VQ-036,How do I align and lock a pressure-cooker lid?,en,Pressure Cooker,operation,development,pressure-020-scene-0009,pressure-020,181.248,245.36,1,,,no,第1–6帧（t=181.2–245.3s）显示男子打开压力锅盖、搅拌并盛出米饭，动作为取盖而非对准/锁定锅盖。,AI=0→R1=1：压力锅产品出现，但画面演示的是取下锅盖，未展示对准和锁定锅盖。,R1,completed,2026-07-28T01:55:19+08:00
VQ-036,How do I align and lock a pressure-cooker lid?,en,Pressure Cooker,operation,development,pressure-026-scene-0002,pressure-026,9.576,304.771,0,,,no,第1、6帧为Atari 2600游戏《Pressure Cooker》标题卡，中间帧为游戏画面，并非真实压力锅产品。,,R1,completed,2026-07-28T01:55:19+08:00
VQ-036,How do I align and lock a pressure-cooker lid?,en,Pressure Cooker,operation,development,pressure-027-scene-0012,pressure-027,185.252,195.262,1,,,no,6帧均未出现锅盖对准或旋锁的动作，画面中锅盖敞开，主讲人仅站立讲解（t=185.3s-195.3s）。,"第三轮仲裁修正：R1原记录 等级=0 时间=[None,None] 泄漏=no → 仲裁 等级=1 时间=[None,None] 泄漏=no。理由：6帧中压力锅锅盖敞开、主讲人讲解食材，产品出现但未演示锅盖对准或旋锁动作，采纳复核方意见判1级。",R1,completed,2026-07-28T20:35:21+08:00
VQ-036,How do I align and lock a pressure-cooker lid?,en,Pressure Cooker,operation,development,pressure-027-scene-0027,pressure-027,321.788,328.929,1,,,no,第1–6帧（t=321.8–328.9s）均显示一位女士在搅拌压力锅中的食物，锅盖已取下，没有出现对准/锁定锅盖的动作。,AI=0→R1=1：压力锅产品出现并正在使用，但未演示如何对准和锁定锅盖。,R1,completed,2026-07-28T01:55:19+08:00
VQ-036,How do I align and lock a pressure-cooker lid?,en,Pressure Cooker,operation,development,pressure-027-scene-0029,pressure-027,332.733,345.045,2,332.733,345.0,no,女士在第1–6帧（t=332.733s–345.0s）手持锅盖并指向阀门，ASR说明盖盖前要检查压力阀是否关闭，与锅盖密封相关，但未完整演示对准与锁定把手的动作。,时间按实际证据片段重定位,R1,completed,2026-07-28T01:55:19+08:00
VQ-036,How do I align and lock a pressure-cooker lid?,en,Pressure Cooker,operation,development,pressure-027-scene-0037,pressure-027,416.049,433.166,1,,,no,女士站在压力锅旁全程口头讲解并配合手势（第4帧t=426.3s曾指向压力锅），但未演示锅盖的对准或锁定操作。,,R1,completed,2026-07-28T01:55:19+08:00
VQ-036,How do I align and lock a pressure-cooker lid?,en,Pressure Cooker,operation,development,pressure-028-scene-0001,pressure-028,0.0,722.4,1,,,no,"6帧(t=0.0-722.4s)中t=144.5/289.0/433.4/577.9s展示女主持人在厨房做虾仁烩饭,包括站在Instant Pot旁、煎锅煎虾、加入食材等,无任何盖子对齐或锁定动作。","第三轮仲裁修正：R1原记录 等级=0 时间=[None,None] 泄漏=no → 仲裁 等级=1 时间=[None,None] 泄漏=no。理由：Instant Pot作为同产品在烹饪场景中出现，但未演示query所问的盖子对齐/锁定操作，按规范'同产品但内容不回答→通常1'采纳复核方意见。",R1,completed,2026-07-28T20:35:21+08:00
VQ-036,How do I align and lock a pressure-cooker lid?,en,Pressure Cooker,operation,development,pressure-032-scene-0002,pressure-032,30.364,1379.311,1,,,no,6帧为宽时间间隔厨房场景，无锅盖对齐、转动或锁定的具体动作画面。,AI=1→R1=1：保持。产品出现但无对齐/锁定演示。,R1,completed,2026-07-28T01:55:19+08:00
VQ-036,How do I align and lock a pressure-cooker lid?,en,Pressure Cooker,operation,development,pressure-032-scene-0003,pressure-032,1379.311,1438.637,1,,,no,锅盖虽盖在锅体上，但6帧均未展示对准、旋转或锁定锅盖的操作过程。,,R1,completed,2026-07-28T01:55:19+08:00
VQ-036,How do I align and lock a pressure-cooker lid?,en,Pressure Cooker,operation,development,pressure-033-scene-0017,pressure-033,154.021,172.806,2,161.5,169.0,no,"第3-5帧(t=161.5-169.0s)显示厨师双手举起并检视压力锅盖,ASR同步说'put the lid on the pressure cooker... a little indicator like this one does here. It's ali[gned]',描述了指示标记对齐手柄的步骤。",时间按实际证据片段重定位,R1,completed,2026-07-28T01:55:19+08:00
VQ-036,How do I align and lock a pressure-cooker lid?,en,Pressure Cooker,operation,development,pressure-033-scene-0032,pressure-033,291.959,293.961,1,,,no,第1–6帧（t=292.0–294.0s）均为压力锅锅盖特写，红黑旋钮静止，无对准或锁定锅盖的动作演示。,,R1,completed,2026-07-28T01:55:19+08:00
VQ-036,How do I align and lock a pressure-cooker lid?,en,Pressure Cooker,operation,development,pressure-033-scene-0056,pressure-033,588.388,591.758,3,588.4,591.1,no,第1–5帧（t=588.4s–591.1s）清晰显示手将压力锅盖对准锅体、对齐指示标并扳动把手完成锁定，ASR同步说明锁定步骤，直接回答如何对准并锁定锅盖；第6帧为揭盖动作。,AI=1→R1=3：画面实际演示了锅盖对准、对齐指示标并锁定把手的完整动作，并非仅手持锅盖。,R1,completed,2026-07-28T01:55:19+08:00
VQ-036,How do I align and lock a pressure-cooker lid?,en,Pressure Cooker,operation,development,pressure-033-scene-0070,pressure-033,804.104,827.427,1,,,no,第1、4、6帧（t=804.1s / t=818.1s / t=827.4s）厨师手持锅盖进行讲解，但始终未将锅盖放到锅体上演示对准或锁定的操作过程。,,R1,completed,2026-07-28T01:55:19+08:00
VQ-036,How do I align and lock a pressure-cooker lid?,en,Pressure Cooker,operation,development,pressure-036-scene-0009,pressure-036,99.333,109.343,1,,,no,全部6帧双手均在锅盖上指点各部件（红色指示灯、排气口等），但锅盖始终在锅体上，未演示取下后重新对准锁定的完整操作。,,R1,completed,2026-07-28T01:55:19+08:00
VQ-036,How do I align and lock a pressure-cooker lid?,en,Pressure Cooker,operation,development,pressure-036-scene-0010,pressure-036,109.343,118.819,1,,,no,第1–6帧（t=109.3–118.8s）显示一人指向显示“OFF”的电压力锅控制面板，未演示对准/锁定锅盖。,AI=0→R1=1：电压力锅产品出现，但画面未展示锅盖对准与锁定操作。,R1,completed,2026-07-28T01:55:19+08:00
VQ-036,How do I align and lock a pressure-cooker lid?,en,Pressure Cooker,operation,development,pressure-036-scene-0012,pressure-036,174.675,219.353,1,,,no,第5帧（t=210.4s）显示手正把带黑色提手的锅盖放上压力锅锅体；第6帧（t=219.4s）盖子已盖在锅上、显示'OFF'、人手在锅体侧面。但画面未呈现盖子旋拧锁定的具体动作或锁定标记对齐细节，仅能确认盖子已被放置在锅上。,"AI时间174.675-219.353→R1时间210.4s-219.35s（按联系表帧标签），AI 时间范围过大；仅第5-6帧呈现盖子被放上锅体的动作。 | 第三轮仲裁修正：R1原记录 等级=2 时间=[210.4,219.35] 泄漏=no → 仲裁 等级=1 时间=[None,None] 泄漏=no。理由：第5-6帧仅显示锅盖被放置于锅体且显示OFF，未见旋拧锁定或对齐标记的完整演示，采纳复核方1级意见。",R1,completed,2026-07-28T20:35:21+08:00
VQ-036,How do I align and lock a pressure-cooker lid?,en,Pressure Cooker,operation,development,pressure-037-scene-0004,pressure-037,14.512,17.807,1,,,no,第1-3帧和第6帧显示拿取、放置锅盖，但未见旋转锁定或对齐卡位的完整演示。,,R1,completed,2026-07-28T01:55:19+08:00
VQ-036,How do I align and lock a pressure-cooker lid?,en,Pressure Cooker,operation,development,pressure-037-scene-0008,pressure-037,34.279,41.284,1,,,no,"t=41.3s帧显示女主持人将盖子放回Instant Pot(关闭动作),但未展示对齐指示标记或锁定机构的细节。",,R1,completed,2026-07-28T01:55:19+08:00
VQ-036,How do I align and lock a pressure-cooker lid?,en,Pressure Cooker,operation,development,pressure-037-scene-0009,pressure-037,41.284,45.955,1,,,no,"全部6帧仅显示手在转动压力锅顶部的旋钮控制器，屏幕文字标注'It's a slow cooker, pressure cooker, and steamer ALL IN ONE'，未演示锅盖对准或锁定的操作。",AI=2→R1=1：画面仅展示手指转动顶部旋钮的功能设置操作，并非对准或锁定锅盖的动作。,R1,completed,2026-07-28T01:55:19+08:00
VQ-036,How do I align and lock a pressure-cooker lid?,en,Pressure Cooker,operation,development,pressure-037-scene-0017,pressure-037,90.951,99.42,1,,,no,第1、2、6帧显示手按压电压力锅锅盖把手，但未呈现对准、旋转锁定的完整过程；中间帧为推广文字与标题卡。,,R1,completed,2026-07-28T01:55:19+08:00
VQ-036,How do I align and lock a pressure-cooker lid?,en,Pressure Cooker,operation,development,pressure-040-scene-0005,pressure-040,74.474,77.945,1,,,no,6帧手均静止放在锅盖顶部，未见锅盖转动、卡槽对齐或锁定标记的明确动作。,AI=2→R1=1：手在锅盖上但无对齐/锁定动作，不构成对'如何对齐并锁定锅盖'的部分回答。,R1,completed,2026-07-28T01:55:19+08:00
VQ-036,How do I align and lock a pressure-cooker lid?,en,Pressure Cooker,operation,development,pressure-040-scene-0023,pressure-040,254.154,265.766,0,,,no,6 帧无锅盖对齐/锁扣动作演示。,AI=1→R1=0,R1,completed,2026-07-28T01:55:19+08:00
VQ-036,How do I align and lock a pressure-cooker lid?,en,Pressure Cooker,operation,development,pressure-040-scene-0024,pressure-040,265.766,268.235,2,266.4,268.2,no,第2-6帧（t=266.4s–268.2s）清晰展示人员将锅盖对准放置到压力锅上并用手锁紧闭合的操作过程，ASR同步提到'put our lid on'及'hardest part'。,AI=1→R1=2：画面实际展示了将锅盖对准放置并锁闭的完整动作，直接回答了'align and lock'的查询，AI低估了相关性。,R1,completed,2026-07-28T01:55:19+08:00
VQ-036,How do I align and lock a pressure-cooker lid?,en,Pressure Cooker,operation,development,pressure-040-scene-0025,pressure-040,268.235,283.016,2,271.2,280.1,no,"第2-5帧(t=271.2-280.1s)显示女主持人将盖子放上压力锅并用手掌向下按压盖顶,ASR同步说'click it down where it says lock';但未特写展示对齐指示标记的细节。","AI=1→R1=2:画面清晰展示盖子放置并按下的动作步骤,且ASR明确说明'click it down where it says lock'的锁定方式,部分回答了如何对齐和锁定锅盖。",R1,completed,2026-07-28T01:55:19+08:00
VQ-036,How do I align and lock a pressure-cooker lid?,en,Pressure Cooker,operation,development,pressure-040-scene-0040,pressure-040,517.584,530.831,0,,,no,全部6帧为PCTV三人访谈节目画面，压力锅仅在台面上作为背景道具出现，无人接触或操作锅盖。,,R1,completed,2026-07-28T01:55:19+08:00
VQ-037,怎样选择压力烹饪程序并设置时间？,zh-CN,Pressure Cooker,operation,development,pressure-001-scene-0001,pressure-001,0.0,120.65,0,,,no,全6帧（t=0.0s–120.6s）为传统炉灶式压力锅（非电压力锅），无控制面板、无程序选择或时间设置画面。,,R1,completed,2026-07-28T01:55:19+08:00
VQ-037,怎样选择压力烹饪程序并设置时间？,zh-CN,Pressure Cooker,operation,development,pressure-010-scene-0003,pressure-010,98.031,102.035,0,,,no,全部6帧（t=98.0s–102.0s）均为黑底白字'One Hot Moment Later...'转场标题卡，无压力锅产品或任何操作内容。,,R1,completed,2026-07-28T02:00:15+08:00
VQ-037,怎样选择压力烹饪程序并设置时间？,zh-CN,Pressure Cooker,operation,development,pressure-010-scene-0004,pressure-010,102.035,143.911,1,,,no,6帧中控制面板均显示0:00，未见选择压力烹饪程序或设置时间的操作演示。,第三轮仲裁复核：维持R1原判（等级/时间/泄漏均确认无误）。,R1,completed,2026-07-28T20:35:21+08:00
VQ-037,怎样选择压力烹饪程序并设置时间？,zh-CN,Pressure Cooker,operation,development,pressure-010-scene-0005,pressure-010,143.911,147.915,0,,,no,全部6帧（t=143.9s-147.9s）均为黑底白字的标题卡'~8 Minutes Later'，未出现任何压力锅或压力烹饪程序操作的画面。,,R1,completed,2026-07-28T02:00:15+08:00
VQ-037,怎样选择压力烹饪程序并设置时间？,zh-CN,Pressure Cooker,operation,development,pressure-010-scene-0006,pressure-010,147.915,182.549,0,,,no,6 帧均未出现选择程序或设置时间的按键动作；控制面板虽在帧1/帧6 可见但无任何操作演示。,AI=1→R1=0：仅出现面板显示但完全无程序/时间设置动作，不能算部分回答,R1,completed,2026-07-28T01:55:19+08:00
VQ-037,怎样选择压力烹饪程序并设置时间？,zh-CN,Pressure Cooker,operation,development,pressure-010-scene-0007,pressure-010,182.549,186.553,0,,,no,第1-6帧（t=182.5s-186.6s）均为黑色背景转场文字'ANOTHER HOT MOMENT LATER....'，未出现任何产品。,,R1,completed,2026-07-28T02:00:15+08:00
VQ-037,怎样选择压力烹饪程序并设置时间？,zh-CN,Pressure Cooker,operation,development,pressure-011-scene-0012,pressure-011,86.887,98.198,3,89.1,98.198,no,第2帧（t=89.1s）手按下Instant Pot Duo Nova的'Pressure Cook'按钮，第5-6帧（t=95.9s–98.2s）显示屏亮起蓝色'0:10'，完整演示了选择压力烹饪程序并设置时间为10分钟的过程。,时间按实际证据片段重定位,R1,completed,2026-07-28T02:00:15+08:00
VQ-037,怎样选择压力烹饪程序并设置时间？,zh-CN,Pressure Cooker,operation,development,pressure-011-scene-0014,pressure-011,102.302,123.357,2,102.302,123.357,no,第1-6帧（t=102.3s-123.4s）显示Instant Pot Duo Nova控制面板，手按压+/-按钮调整时间，显示屏在0:00与On之间变化，展示了时间设置操作，但未展示如何选择具体烹饪程序。,时间按实际证据片段重定位,R1,completed,2026-07-28T02:00:15+08:00
VQ-037,怎样选择压力烹饪程序并设置时间？,zh-CN,Pressure Cooker,operation,development,pressure-011-scene-0020,pressure-011,159.76,163.297,2,159.8,163.297,no,第1–6帧（t=159.8s–163.3s）显示手按压按键后显示屏从00:00变为00:30，但点亮的是Sauté按钮，并非压力烹饪程序。,时间按实际证据片段重定位,R1,completed,2026-07-28T01:55:19+08:00
VQ-037,怎样选择压力烹饪程序并设置时间？,zh-CN,Pressure Cooker,operation,development,pressure-012-scene-0008,pressure-012,24.024,27.728,0,,,no,全部6帧（t=24.0s–27.8s）显示用红夹子在压力锅内翻煎鸡块（有油和蒸汽），属于食材预处理/煎制步骤，与选择烹饪程序或设置时间无关。,,R1,completed,2026-07-28T02:00:15+08:00
VQ-037,怎样选择压力烹饪程序并设置时间？,zh-CN,Pressure Cooker,operation,development,pressure-012-scene-0014,pressure-012,47.281,50.884,0,,,no,全部6帧为向碗中添加姜粉（GROUND GINGER）和红辣椒碎（RED PEPPER FLAKES）的食材准备画面，全程无压力锅产品出现。,,R1,completed,2026-07-28T02:00:15+08:00
VQ-037,怎样选择压力烹饪程序并设置时间？,zh-CN,Pressure Cooker,operation,development,pressure-012-scene-0018,pressure-012,66.133,69.269,2,66.133,69.269,no,6帧（t=66.1s-69.3s）显示Instant Pot控制面板显示屏持续呈现'Pressure Cook'模式倒计时00:04-00:05，手指按下COOK按钮；展示了程序选定后运行的最终状态，但未演示如何选择程序和设定时间的过程。,时间按实际证据片段重定位,R1,completed,2026-07-28T02:00:15+08:00
VQ-037,怎样选择压力烹饪程序并设置时间？,zh-CN,Pressure Cooker,operation,development,pressure-012-scene-0019,pressure-012,69.269,72.806,0,,,no,6 帧未出现控制面板的程序选择或时间设置动作。,AI=1→R1=0：完全无程序/时间设置动作，产品出现但与查询无关,R1,completed,2026-07-28T01:55:19+08:00
VQ-037,怎样选择压力烹饪程序并设置时间？,zh-CN,Pressure Cooker,operation,development,pressure-012-scene-0023,pressure-012,84.785,88.488,1,,,no,6帧（t=84.8s–88.5s）均为俯视压力锅内食物，一只手用木勺搅拌深色汤汁中的肉块，未见控制面板或程序时间设置动作。,,R1,completed,2026-07-28T02:00:15+08:00
VQ-037,怎样选择压力烹饪程序并设置时间？,zh-CN,Pressure Cooker,operation,development,pressure-012-scene-0030,pressure-012,106.64,108.642,0,,,no,全部6帧（t=106.6s-108.6s）均为红烧酱汁鸡块配芝麻和葱花的菜品特写，未出现压力锅或程序/时间设置画面。,,R1,completed,2026-07-28T02:00:15+08:00
VQ-037,怎样选择压力烹饪程序并设置时间？,zh-CN,Pressure Cooker,operation,development,pressure-020-scene-0001,pressure-020,0.0,7.307,0,,,no,全部6帧（t=0.0s–7.3s）为azlife YouTube频道品牌动画，仅显示logo和订阅按钮，未出现任何压力锅或操作界面。,,R1,completed,2026-07-28T02:00:15+08:00
VQ-037,怎样选择压力烹饪程序并设置时间？,zh-CN,Pressure Cooker,operation,development,pressure-020-scene-0005,pressure-020,120.988,146.38,1,,,no,6帧均只显示往锅内胆中的米加油加水（t=121.0s-146.4s），未出现手按控制面板选择white rice程序或设置时间的画面，无法回答如何选择压力烹饪程序并设置时间。,AI=2→R1=1：仅展示食材准备，未显示控制面板选程序或设时间。,R1,completed,2026-07-28T01:55:19+08:00
VQ-037,怎样选择压力烹饪程序并设置时间？,zh-CN,Pressure Cooker,operation,development,pressure-020-scene-0006,pressure-020,146.38,154.955,2,148.1,153.2,no,第2-5帧（148.1s-153.2s）可见电压力锅控制面板及手指按压按键动作，配合ASR提到按white rice按钮，能部分演示程序选择，但未显示时间设置。,AI=1→R1=2：画面清晰展示控制面板和按键操作，能部分回答选择程序，但未展示时间设置，故为部分回答。,R1,completed,2026-07-28T01:55:19+08:00
VQ-037,怎样选择压力烹饪程序并设置时间？,zh-CN,Pressure Cooker,operation,development,pressure-020-scene-0007,pressure-020,154.955,176.677,2,155.0,176.677,no,"6帧显示屏均显示'0:06'(6分钟计时),t=163.7s和t=168.0s帧有手指在按钮上操作,ASR提到'white rice setting'和'six minutes',画面呈现了时间设置与程序提示。",时间按实际证据片段重定位,R1,completed,2026-07-28T01:55:19+08:00
VQ-037,怎样选择压力烹饪程序并设置时间？,zh-CN,Pressure Cooker,operation,development,pressure-026-scene-0001,pressure-026,0.0,9.576,0,,,no,画面为1983年Activision游戏《Pressure Cooker》的标题卡，6帧均未出现实体电压力锅或程序/时间设置内容。,,R1,completed,2026-07-28T01:55:19+08:00
VQ-037,怎样选择压力烹饪程序并设置时间？,zh-CN,Pressure Cooker,operation,development,pressure-026-scene-0006,pressure-026,322.889,328.161,0,,,no,全部6帧均为同一张黑白人物肖像照（戴眼镜穿衬衫的微笑男子），无任何压力锅或厨房设备画面。,,R1,completed,2026-07-28T02:00:15+08:00
VQ-037,怎样选择压力烹饪程序并设置时间？,zh-CN,Pressure Cooker,operation,development,pressure-027-scene-0007,pressure-027,100.601,121.788,1,,,no,6帧为女士站立讲解或触碰锅体，无控制面板按钮操作、程序选择或时间设置画面。,AI=0→R1=1：产品（压力锅）清晰出现在画面右侧，但画面内容与'选择压力烹饪程序并设置时间'无关，按规则属'产品出现但不回答'。,R1,completed,2026-07-28T01:55:19+08:00
VQ-037,怎样选择压力烹饪程序并设置时间？,zh-CN,Pressure Cooker,operation,development,pressure-027-scene-0009,pressure-027,126.76,167.968,1,,,no,第1-6帧（t=126.8s-168.0s）均显示一位女士在灶台前用压力锅翻炒/调味，未出现控制面板、程序选择或时间设置画面。,"第三轮仲裁修正：R1原记录 等级=0 时间=[None,None] 泄漏=no → 仲裁 等级=1 时间=[None,None] 泄漏=no。理由：女士在压力锅旁翻炒/调味，产品清晰可见，但未出现控制面板、程序选择或时间设置画面，采纳复核方意见判1级。",R1,completed,2026-07-28T20:35:21+08:00
VQ-037,怎样选择压力烹饪程序并设置时间？,zh-CN,Pressure Cooker,operation,development,pressure-027-scene-0011,pressure-027,181.081,185.252,0,,,no,全部6帧（t=181.1s–185.3s）均为电视节目演播室场景，一位男士坐在沙发上，背景大屏中有一位女士在料理，但压力锅只在远处屏幕中隐约出现，未展示任何选择程序或设置时间的操作。,,R1,completed,2026-07-28T02:00:15+08:00
VQ-037,怎样选择压力烹饪程序并设置时间？,zh-CN,Pressure Cooker,operation,development,pressure-027-scene-0029,pressure-027,332.733,345.045,1,,,no,画面仅展示锅盖阀门检查，未出现控制面板程序或时间设置。,,R1,completed,2026-07-28T01:55:19+08:00
VQ-037,怎样选择压力烹饪程序并设置时间？,zh-CN,Pressure Cooker,operation,development,pressure-027-scene-0035,pressure-027,390.624,412.179,2,399.3,407.9,no,第3–5帧（t=399.3s–407.9s）中女士俯身用手指按压/转动电压力锅控制面板，配合ASR提到“turn the dial to the stew setting”，可见选择炖煮程序的动作，但未明确展示时间设置步骤。,AI时间390.6-412.2→R1时间399.3-407.9：仅中间三帧清楚呈现控制面板操作，首尾两帧为讲解手势，未涉及程序选择。,R1,completed,2026-07-28T02:00:15+08:00
VQ-037,怎样选择压力烹饪程序并设置时间？,zh-CN,Pressure Cooker,operation,development,pressure-027-scene-0041,pressure-027,476.543,480.848,0,,,no,全部6帧（t=476.5s–480.8s）为一位系围裙的女性站在桌前讲解，桌上可见慢炖锅（crock pot），ASR讨论奶酪和慢炖锅，与压力锅选择程序或设置时间完全无关。,,R1,completed,2026-07-28T02:00:15+08:00
VQ-037,怎样选择压力烹饪程序并设置时间？,zh-CN,Pressure Cooker,operation,development,pressure-032-scene-0002,pressure-032,30.364,1379.311,0,,,no,6帧为间隔稀疏的厨房概览场景（30s/300s/570s/840s/1110s/1379s），无控制面板按钮操作或程序选择画面；AI标注的1053-1076s不在联系表任一帧内。,AI=2→R1=0：6帧均无程序选择/时间设置画面，AI所标时间范围1053.82-1076.042s在联系表帧外，按视觉证据应为0。,R1,completed,2026-07-28T01:55:19+08:00
VQ-037,怎样选择压力烹饪程序并设置时间？,zh-CN,Pressure Cooker,operation,development,pressure-032-scene-0003,pressure-032,1379.311,1438.637,1,,,no,传统炉顶压力锅无程序面板，画面中仅见人站在灶台旁，未出现设置时间或程序的动作。,AI=2→R1=1：炉顶压力锅无程序选择界面，画面也未展示时间设置操作。,R1,completed,2026-07-28T01:55:19+08:00
VQ-037,怎样选择压力烹饪程序并设置时间？,zh-CN,Pressure Cooker,operation,development,pressure-032-scene-0004,pressure-032,1438.637,1679.23,0,,,no,全部6帧为烹饪结束后场景（厨房中两人活动、水龙头冲水冷却、盛菜入碗、用餐），无程序选择或时间设置操作。,,R1,completed,2026-07-28T02:00:15+08:00
VQ-037,怎样选择压力烹饪程序并设置时间？,zh-CN,Pressure Cooker,operation,development,pressure-033-scene-0020,pressure-033,196.096,204.071,0,,,no,6帧中没有程序选择界面、旋钮或时间设置动作。,,R1,completed,2026-07-28T01:55:19+08:00
VQ-037,怎样选择压力烹饪程序并设置时间？,zh-CN,Pressure Cooker,operation,development,pressure-033-scene-0024,pressure-033,234.434,240.44,1,,,no,第1-6帧（t=234.4s-240.4s）显示传统高压锅及'大火启动、小火烹饪'文字提示，未出现程序选择或时间设置演示。,AI=2→R1=1：画面仅展示传统高压锅火力使用提示，未演示电压力锅的程序选择或时间设置操作。,R1,completed,2026-07-28T02:00:15+08:00
VQ-037,怎样选择压力烹饪程序并设置时间？,zh-CN,Pressure Cooker,operation,development,pressure-033-scene-0030,pressure-033,274.274,281.181,1,,,no,第1、3-5帧（t=274.3s、277.1s、278.4s、279.8s）显示手调节灶头旋钮，第2、6帧显示灶上压力锅，但未展示程序选择或时间设置界面。,,R1,completed,2026-07-28T02:00:15+08:00
VQ-037,怎样选择压力烹饪程序并设置时间？,zh-CN,Pressure Cooker,operation,development,pressure-033-scene-0031,pressure-033,281.181,291.959,1,,,no,6帧（t=281.2s–292.0s）中厨师身着白色制服在灶台前讲解并手持锅盖，虽有语音提到30秒烹饪时间，但画面中未见选择程序或设置时间的具体操作。,,R1,completed,2026-07-28T02:00:15+08:00
VQ-037,怎样选择压力烹饪程序并设置时间？,zh-CN,Pressure Cooker,operation,development,pressure-033-scene-0034,pressure-033,307.407,309.676,1,,,no,6帧（t=307.4s–309.7s）均为压力锅锅盖及压力调节阀的特写，一只手在按压阀门，未见控制面板或程序时间设置。,,R1,completed,2026-07-28T02:00:15+08:00
VQ-037,怎样选择压力烹饪程序并设置时间？,zh-CN,Pressure Cooker,operation,development,pressure-033-scene-0051,pressure-033,533.934,536.236,1,,,no,6帧均为锅盖特写，无控制面板、按钮或程序选择/时间设置画面。,AI=0→R1=1：产品（锅盖）可见，但6帧无程序选择画面。,R1,completed,2026-07-28T01:55:19+08:00
VQ-037,怎样选择压力烹饪程序并设置时间？,zh-CN,Pressure Cooker,operation,development,pressure-033-scene-0054,pressure-033,556.523,576.61,1,,,no,全部6帧（t=550.6s–576.6s）显示手操作压力锅盖上的排气阀/调节器，第5帧（t=573.0s）出现文字'The New FAGOR DUO features'列出高压低压、蒸汽释放位置、安全指示器等特性，但全程未展示选择烹饪程序或设置时间的操作。,,R1,completed,2026-07-28T02:00:15+08:00
VQ-037,怎样选择压力烹饪程序并设置时间？,zh-CN,Pressure Cooker,operation,development,pressure-036-scene-0011,pressure-036,118.819,174.675,3,118.819,174.675,no,第1-6帧（t=118.8s-174.7s）清晰展示一款带旋钮的压力锅控制面板，手转动旋钮浏览预设程序（ASR提及bean/chili/porridge/cake/eggs/slow cook/rice等），显示屏时间值在00:15→00:20→00:30→00:15间变化，完整演示了选择程序和设置时间两个步骤。,时间按实际证据片段重定位,R1,completed,2026-07-28T02:00:15+08:00
VQ-037,怎样选择压力烹饪程序并设置时间？,zh-CN,Pressure Cooker,operation,development,pressure-036-scene-0015,pressure-036,268.101,302.503,3,268.101,302.5,no,6帧（t=268.1s-302.5s）持续显示压力锅控制面板：'Pressure Cook'模式下的倒计时依次从'00:30'调整到'00:15'再到'00:08'（手指转动旋钮/按按钮），最后回到'00:30'，清晰演示了Pressure Cook程序选择和时间调整全过程。,时间按实际证据片段重定位,R1,completed,2026-07-28T02:00:15+08:00
VQ-037,怎样选择压力烹饪程序并设置时间？,zh-CN,Pressure Cooker,operation,development,pressure-037-scene-0003,pressure-037,10.801,14.512,0,,,no,6帧为菜肴拼贴+宣传文字，整段为宣传片头画面，无控制面板程序选择或时间设置画面。,,R1,completed,2026-07-28T01:55:19+08:00
VQ-037,怎样选择压力烹饪程序并设置时间？,zh-CN,Pressure Cooker,operation,development,pressure-037-scene-0005,pressure-037,17.807,27.731,1,,,no,6帧（t=17.8s-27.8s）依次显示切蛋、放生肉、翻炒通心粉、盛出等做饭过程（带'INSIDER PICKS'水印和'The pot takes half the time'字幕），压力锅可见但未演示程序选择或时间设置操作。,,R1,completed,2026-07-28T02:00:15+08:00
VQ-037,怎样选择压力烹饪程序并设置时间？,zh-CN,Pressure Cooker,operation,development,pressure-037-scene-0007,pressure-037,31.276,34.279,2,31.276,34.279,no,6帧（t=31.3-34.3s）特写Instant Pot控制面板，手指按压'-'/'+'等按钮，显示屏红色数字'30'，表明在调整时间；面板上方显示'Manual'等模式文字，但具体压力程序选择未被ASR/VLM明确说明。,AI=2→R1=2，时间同：保持。控制面板按钮被按压+显示时间'30'，部分回答时间设置。,R1,completed,2026-07-28T01:55:19+08:00
VQ-037,怎样选择压力烹饪程序并设置时间？,zh-CN,Pressure Cooker,operation,development,pressure-037-scene-0011,pressure-037,54.17,61.384,1,,,no,6帧画面均围绕通心粉和鸡蛋备料，未出现选择程序或设置时间的操作界面或动作。,,R1,completed,2026-07-28T01:55:19+08:00
VQ-037,怎样选择压力烹饪程序并设置时间？,zh-CN,Pressure Cooker,operation,development,pressure-037-scene-0014,pressure-037,77.731,80.234,2,77.731,80.2,no,第1-6帧（t=77.7s-80.2s）显示手在Instant Pot控制面板上连续按压按钮，显示屏数字从OFF变为9再变为7最后回到OFF，展示了时间数值的调整过程，但未展示如何选择具体烹饪程序。,时间按实际证据片段重定位,R1,completed,2026-07-28T02:00:15+08:00
VQ-037,怎样选择压力烹饪程序并设置时间？,zh-CN,Pressure Cooker,operation,development,pressure-040-scene-0001,pressure-040,0.0,4.805,0,,,no,第1-6帧（t=0.0s-4.8s）均为'Mountain Morning Show'节目标志动画与雪山背景，未出现压力锅。,,R1,completed,2026-07-28T02:00:15+08:00
VQ-037,怎样选择压力烹饪程序并设置时间？,zh-CN,Pressure Cooker,operation,development,pressure-040-scene-0003,pressure-040,63.897,70.237,1,,,no,全部6帧（t=63.9s–70.3s）为FAGOR压力锅控制面板静态特写，显示屏从00:33倒数至00:19，可见PRESSURE COOK等按钮，但无手操作按钮、无选择程序或设置时间的动作演示。,AI=2→R1=1：控制面板可见且有时间显示，但无人手操作选择程序或设置时间的动作过程，仅为静态面板+倒计时画面。,R1,completed,2026-07-28T02:00:15+08:00
VQ-037,怎样选择压力烹饪程序并设置时间？,zh-CN,Pressure Cooker,operation,development,pressure-040-scene-0005,pressure-040,74.474,77.945,1,,,no,6帧手在锅盖上而非控制面板，显示屏可见但未显示程序切换或时间调节动作。,AI=1→R1=1：保持。压力锅出现但无程序选择/时间设置操作。,R1,completed,2026-07-28T01:55:19+08:00
VQ-037,怎样选择压力烹饪程序并设置时间？,zh-CN,Pressure Cooker,operation,development,pressure-040-scene-0009,pressure-040,125.859,134.234,1,,,no,第1-6帧（t=125.9s-134.2s）显示演播室中两位主持人围绕一台小型厨电交谈，产品出现但未展示程序选择或时间设置操作。,,R1,completed,2026-07-28T02:00:15+08:00
VQ-037,怎样选择压力烹饪程序并设置时间？,zh-CN,Pressure Cooker,operation,development,pressure-040-scene-0025,pressure-040,268.235,283.016,1,,,no,"画面仅显示女主持人放置/按压锅盖的动作,未展示程序选择按钮或时间设置步骤,显示屏内容也不清晰指示压力程序。",,R1,completed,2026-07-28T01:55:19+08:00
VQ-037,怎样选择压力烹饪程序并设置时间？,zh-CN,Pressure Cooker,operation,development,pressure-040-scene-0027,pressure-040,302.636,307.274,0,,,no,6帧（t=302.6s-307.3s）均为雪山景观配'MOUNTAIN MORNING SHOW'台标动画，未出现任何压力锅或烹饪画面。,,R1,completed,2026-07-28T02:00:15+08:00
VQ-038,What visible signs show that a pressure cooker is building pressure?,en,Pressure Cooker,state,development,pressure-001-scene-0001,pressure-001,0.0,120.65,2,48.3,120.6,no,第3-6帧（t=48.3s–120.6s）可见蒸汽从红色阀帽处逐渐增强释放，且浮子阀呈升起状态，表明压力已建立并正在调节；但未展示'建压过程中'的动态变化（如浮子阀上升过程）。,AI=3→R1=2：画面仅静态展示已加压状态的蒸汽释放现象，未演示压力'建立中'的动态标志（如浮子阀从下往上升起的过程），故降为部分回答。,R1,completed,2026-07-28T01:55:19+08:00
VQ-038,What visible signs show that a pressure cooker is building pressure?,en,Pressure Cooker,state,development,pressure-010-scene-0004,pressure-010,102.035,143.911,0,,,no,画面仅显示控制面板0:00，未见蒸汽释放、浮子阀升起等压力建立的可视迹象。,AI=1→R1=0：画面未展示压力建立的任何可见迹象。,R1,completed,2026-07-28T01:55:19+08:00
VQ-038,What visible signs show that a pressure cooker is building pressure?,en,Pressure Cooker,state,development,pressure-010-scene-0006,pressure-010,147.915,182.549,0,,,no,帧2（t=154.8s）虽有蒸汽冒出，但 ASR 明确'depressurize ... venting'，属泄压过程，并非压力上升时的可见迹象。,,R1,completed,2026-07-28T01:55:19+08:00
VQ-038,What visible signs show that a pressure cooker is building pressure?,en,Pressure Cooker,state,development,pressure-011-scene-0016,pressure-011,125.859,136.67,1,,,no,6帧显示Instant Pot通电状态（控制面板显示0n，t=125.9s、136.7s），但未见压力上升标志（蒸汽、浮子阀升起、压力指示器变化）。,,R1,completed,2026-07-28T01:55:19+08:00
VQ-038,What visible signs show that a pressure cooker is building pressure?,en,Pressure Cooker,state,development,pressure-011-scene-0017,pressure-011,136.67,143.744,1,,,no,画面为烹饪后开盖，无压力上升迹象。,,R1,completed,2026-07-28T01:55:19+08:00
VQ-038,What visible signs show that a pressure cooker is building pressure?,en,Pressure Cooker,state,development,pressure-011-scene-0018,pressure-011,143.744,147.147,1,,,no,开盖取食场景中未见蒸汽、浮子阀等压力建立迹象。,"AI=1→R1=0：未展示压力建立的可见迹象。 | 第三轮仲裁修正：R1原记录 等级=0 时间=[None,None] 泄漏=no → 仲裁 等级=1 时间=[None,None] 泄漏=no。理由：压力锅产品在取食过程中清晰可见，但全帧未见蒸汽、浮子阀等压力建立迹象，产品出现但不回答，采纳复核方意见判1级。",R1,completed,2026-07-28T20:35:21+08:00
VQ-038,What visible signs show that a pressure cooker is building pressure?,en,Pressure Cooker,state,development,pressure-011-scene-0024,pressure-011,200.567,214.214,1,,,no,画面为烹饪后开盖，未显示压力上升中的蒸汽、响声或压力指示器。,,R1,completed,2026-07-28T01:55:19+08:00
VQ-038,What visible signs show that a pressure cooker is building pressure?,en,Pressure Cooker,state,development,pressure-012-scene-0016,pressure-012,58.725,62.462,0,,,no,6帧画面只有酱汁倒入和木勺搅拌，无蒸汽喷出、无阀门动作、无压力指示针或显示屏压力读数的变化，看不到任何升压迹象。,AI=1→R1=0：画面没有任何压力升高的视觉迹象（蒸汽/阀门/指示），仅是倒入酱汁和搅拌。,R1,completed,2026-07-28T01:55:19+08:00
VQ-038,What visible signs show that a pressure cooker is building pressure?,en,Pressure Cooker,state,development,pressure-012-scene-0017,pressure-012,62.462,66.133,0,,,no,6帧画面无蒸汽喷出、无阀门动作、无压力指示针变化、无显示屏压力读数；只有食材和盖盖动作。,AI=1→R1=0,R1,completed,2026-07-28T01:55:19+08:00
VQ-038,What visible signs show that a pressure cooker is building pressure?,en,Pressure Cooker,state,development,pressure-012-scene-0019,pressure-012,69.269,72.806,0,,,no,6 帧无任何压力上升迹象（蒸汽、压力指示、嘶声等），画面是开盖取熟食。,AI=1→R1=0,R1,completed,2026-07-28T01:55:19+08:00
VQ-038,What visible signs show that a pressure cooker is building pressure?,en,Pressure Cooker,state,development,pressure-012-scene-0021,pressure-012,77.744,81.448,1,,,no,第0–5帧（t=77.7s–81.5s）中，压力锅内盛有深棕色液体并被木勺搅拌，液面略有气泡，但锅盖敞开，未显示压力指示器、浮子阀升起或蒸汽释放等加压迹象。,AI=2→R1=1：画面仅为开盖搅拌液体且液面微沸，并非压力锅封闭加压时的可见迹象，无法回答query。,R1,completed,2026-07-28T02:00:15+08:00
VQ-038,What visible signs show that a pressure cooker is building pressure?,en,Pressure Cooker,state,development,pressure-012-scene-0022,pressure-012,81.448,84.785,1,,,no,第1-6帧（81.4s-84.8s）显示锅内深色液体持续沸腾、冒泡，可视为压力锅正在升压的可见迹象之一，但未出现压力指示器或蒸汽阀等明确标识。,"时间按实际证据片段重定位 | 第三轮仲裁修正：R1原记录 等级=2 时间=[81.448,84.785] 泄漏=no → 仲裁 等级=1 时间=[None,None] 泄漏=no。理由：第1-6帧显示锅内液体沸腾冒泡，但锅盖敞开，不能作为封闭升压的可靠迹象，产品出现但不回答query，采纳复核方意见由R1的2级降至1级。",R1,completed,2026-07-28T20:35:21+08:00
VQ-038,What visible signs show that a pressure cooker is building pressure?,en,Pressure Cooker,state,development,pressure-020-scene-0002,pressure-020,7.307,82.716,0,,,no,"所有可见帧均显示男子站立展示压力锅,无蒸汽、无压力指示灯、无阀门动作等任何压力建立迹象。",,R1,completed,2026-07-28T01:55:19+08:00
VQ-038,What visible signs show that a pressure cooker is building pressure?,en,Pressure Cooker,state,development,pressure-020-scene-0003,pressure-020,82.716,105.939,0,,,no,全部6帧（t=82.7s-105.9s）均为俯视水槽中冲洗普通金属锅/米饭的画面，未见压力锅在运行，也无压力建立的可视迹象。,,R1,completed,2026-07-28T02:00:15+08:00
VQ-038,What visible signs show that a pressure cooker is building pressure?,en,Pressure Cooker,state,development,pressure-020-scene-0007,pressure-020,154.955,176.677,1,,,no,"画面仅显示'0:06'计时器,无蒸汽泄出、无压力指示灯变化、无阀门动作等任何压力建立迹象。","AI=2→R1=1:'0:06'是计时器显示,不是压力建立迹象;无蒸汽/压力指示等可视化证据。",R1,completed,2026-07-28T01:55:19+08:00
VQ-038,What visible signs show that a pressure cooker is building pressure?,en,Pressure Cooker,state,development,pressure-020-scene-0008,pressure-020,176.677,181.248,0,,,no,6 帧压力锅处于合盖状态，无压力上升迹象（嘶声、蒸汽溢出、指示器上升）。,AI=1→R1=0,R1,completed,2026-07-28T01:55:19+08:00
VQ-038,What visible signs show that a pressure cooker is building pressure?,en,Pressure Cooker,state,development,pressure-026-scene-0008,pressure-026,333.133,339.94,0,,,no,全部6帧均为Activision Keystone Kapers游戏卡带封面（t=333.1s–340.0s），画面中未出现压力锅或任何压力相关迹象。,,R1,completed,2026-07-28T02:00:15+08:00
VQ-038,What visible signs show that a pressure cooker is building pressure?,en,Pressure Cooker,state,development,pressure-026-scene-0010,pressure-026,357.023,372.22,0,,,no,全部6帧均为AppStar Games结束logo与致谢字幕（t=357.0s–372.2s），画面中未出现压力锅或任何压力相关迹象。,,R1,completed,2026-07-28T02:00:15+08:00
VQ-038,What visible signs show that a pressure cooker is building pressure?,en,Pressure Cooker,state,development,pressure-027-scene-0012,pressure-027,185.252,195.262,1,,,no,6帧均未显示压力上升的可见标志（如蒸汽、压力指示器弹起、浮子阀升起），仅展示敞盖准备阶段（t=185.3s-195.3s）。,"第三轮仲裁修正：R1原记录 等级=0 时间=[None,None] 泄漏=no → 仲裁 等级=1 时间=[None,None] 泄漏=no。理由：压力锅敞盖置于台面，未显示蒸汽、压力指示器弹起或浮子阀升起等压力上升标志，产品出现但不回答，采纳复核方意见判1级。",R1,completed,2026-07-28T20:35:21+08:00
VQ-038,What visible signs show that a pressure cooker is building pressure?,en,Pressure Cooker,state,development,pressure-027-scene-0013,pressure-027,195.262,198.098,0,,,no,"全部6帧均为""Virginia This Morning""电视演播室场景，主持人坐在蓝色沙发上，压力锅仅出现在背景屏幕中，前景无实体压力锅及压力建立相关动作。",,R1,completed,2026-07-28T02:00:15+08:00
VQ-038,What visible signs show that a pressure cooker is building pressure?,en,Pressure Cooker,state,development,pressure-027-scene-0023,pressure-027,292.526,296.263,0,,,no,全6帧（t=292.5s–296.3s）锅盖打开状态下搅拌食材，无建压迹象（无蒸汽、无浮子阀、无密闭状态）。,,R1,completed,2026-07-28T01:55:19+08:00
VQ-038,What visible signs show that a pressure cooker is building pressure?,en,Pressure Cooker,state,development,pressure-027-scene-0027,pressure-027,321.788,328.929,1,,,no,第1–6帧（t=321.8–328.9s）均显示一位女士在搅拌压力锅中的食物，无压力阀动作、蒸汽或压力指示等可见建压迹象。,,R1,completed,2026-07-28T01:55:19+08:00
VQ-038,What visible signs show that a pressure cooker is building pressure?,en,Pressure Cooker,state,development,pressure-027-scene-0029,pressure-027,332.733,345.045,1,,,no,仅讲解阀门关闭检查，未展示压力上升时的可见迹象。,AI=2→R1=1：画面未实际展示压力上升迹象，仅说明使用前应检查阀门关闭。,R1,completed,2026-07-28T01:55:19+08:00
VQ-038,What visible signs show that a pressure cooker is building pressure?,en,Pressure Cooker,state,development,pressure-027-scene-0034,pressure-027,387.621,390.624,0,,,no,全部6帧为电视演播室场景（t=387.6s–390.6s），前景男主持人坐在蓝色沙发上，背景屏幕显示'Virginia this morning'，画面中未清晰出现压力锅，亦无压力建立迹象。,,R1,completed,2026-07-28T02:00:15+08:00
VQ-038,What visible signs show that a pressure cooker is building pressure?,en,Pressure Cooker,state,development,pressure-032-scene-0002,pressure-032,30.364,1379.311,0,,,no,6帧为间隔稀疏的厨房概览场景，未见浮子阀顶起、锅体摇动或蒸汽集中喷出等加压迹象；AI标注的1150-1160s不在联系表任一帧内。,AI=2→R1=0：6帧均未显示加压迹象，AI时间1150.364-1160.364s不在联系表帧内，按视觉证据应为0。,R1,completed,2026-07-28T01:55:19+08:00
VQ-038,What visible signs show that a pressure cooker is building pressure?,en,Pressure Cooker,state,development,pressure-032-scene-0003,pressure-032,1379.311,1438.637,2,1379.311,1438.637,no,第1帧（t=1379.3s）和第6帧（t=1438.7s）特写压力锅锅盖与限压阀，配合 ASR 中“supposed to rock”“get really noisy”说明压力建立时的可见/可听迹象，但未直观展示持续摇滚动作。,时间按实际证据片段重定位,R1,completed,2026-07-28T01:55:19+08:00
VQ-038,What visible signs show that a pressure cooker is building pressure?,en,Pressure Cooker,state,development,pressure-032-scene-0004,pressure-032,1438.637,1679.23,0,,,no,全部6帧为烹饪后处理和用餐场景（水冷降温、搅拌盛盘、端碗进食），无建压过程的任何视觉迹象。,,R1,completed,2026-07-28T02:00:15+08:00
VQ-038,What visible signs show that a pressure cooker is building pressure?,en,Pressure Cooker,state,development,pressure-033-scene-0010,pressure-033,99.666,109.376,0,,,no,全部6帧为厨师手持并旋转压力锅及其锅盖，讲解阀门内置设计，但未演示锅内加压或任何压力上升的可见迹象。,,R1,completed,2026-07-28T02:00:15+08:00
VQ-038,What visible signs show that a pressure cooker is building pressure?,en,Pressure Cooker,state,development,pressure-033-scene-0017,pressure-033,154.021,172.806,1,,,no,"画面中厨师手持压力锅盖展示,无蒸汽、无压力指示灯、无阀门动作等任何压力建立迹象。",,R1,completed,2026-07-28T01:55:19+08:00
VQ-038,What visible signs show that a pressure cooker is building pressure?,en,Pressure Cooker,state,development,pressure-033-scene-0032,pressure-033,291.959,293.961,1,,,no,第1–6帧（t=292.0–294.0s）均为压力锅锅盖静态特写，未见阀门移动、蒸汽冒出或压力指示变化等可见建压迹象。,AI=2→R1=1：画面仅呈现静态锅盖，ASR虽提到“noisy/reached high pressure”但属听觉信息，未展示可见的建压迹象。,R1,completed,2026-07-28T01:55:19+08:00
VQ-038,What visible signs show that a pressure cooker is building pressure?,en,Pressure Cooker,state,development,pressure-033-scene-0034,pressure-033,307.407,309.676,2,307.407,309.676,no,全部6帧持续特写压力锅锅盖上的压力调节阀（红色指示杆），一只手在按压/触碰阀门，配合ASR提到“visibly you can see the level of pressure”，呈现了可通过压力调节阀观察压力水平的画面，但未完整展示压力逐渐建立的动态过程。,时间按实际证据片段重定位,R1,completed,2026-07-28T02:00:15+08:00
VQ-038,What visible signs show that a pressure cooker is building pressure?,en,Pressure Cooker,state,development,pressure-033-scene-0037,pressure-033,319.019,335.936,0,,,no,第1-6帧（t=319.0s-336.0s）均为厨师在厨房中手持/搬运压力锅，画面可见压力锅但无压力指示器弹起、蒸汽或嘶嘶声等压力建立的可视迹象，ASR内容实际在演示泄压而非建压。,,R1,completed,2026-07-28T02:00:15+08:00
VQ-038,What visible signs show that a pressure cooker is building pressure?,en,Pressure Cooker,state,development,pressure-033-scene-0050,pressure-033,520.22,533.934,2,523.0,531.2,no,第1–5帧（t=520.2s–531.2s）中，厨师手持并翻转压力锅盖，展示压力调节阀与弹簧机构，并配合讲解压力上升时弹簧压缩、调节阀竖起的可见迹象，但未实际演示锅内加压过程。,AI=2→R1=2：等级一致，但时间从全窗口收窄为t=523.0–531.2s以覆盖机制讲解与演示区间。,R1,completed,2026-07-28T02:00:15+08:00
VQ-038,What visible signs show that a pressure cooker is building pressure?,en,Pressure Cooker,state,development,pressure-033-scene-0051,pressure-033,533.934,536.236,2,533.934,536.236,no,6帧（t=533.9-536.2s）为压力锅盖特写，橙色浮子阀顶起+蒸汽持续从锅盖冒出，部分展示'压力正在建立/已建立'的可见迹象。,,R1,completed,2026-07-28T01:55:19+08:00
VQ-038,What visible signs show that a pressure cooker is building pressure?,en,Pressure Cooker,state,development,pressure-033-scene-0055,pressure-033,576.61,588.388,2,579.0,586.0,no,第3-5帧（t=581.3s-586.0s）厨师举起压力锅锅盖并指向压力调节器/指示器，ASR同步说明该机构在加压时会竖起以显示锅内蒸汽，但画面未实时展示压力实际建立过程。,AI时间576.61-588.388覆盖整个场景窗口，R1按联系表帧标签将时间收窄为锅盖指示器演示区间579.0s-586.0s。,R1,completed,2026-07-28T02:00:15+08:00
VQ-038,What visible signs show that a pressure cooker is building pressure?,en,Pressure Cooker,state,development,pressure-036-scene-0002,pressure-036,24.358,33.667,1,,,no,全部6帧显示Simfonio电压力锅及蓝色显示屏上的00:13（t=24.4s–33.7s），但未见蒸汽、压力指示器升起或嘶嘶声等压力建立迹象。,,R1,completed,2026-07-28T02:00:15+08:00
VQ-038,What visible signs show that a pressure cooker is building pressure?,en,Pressure Cooker,state,development,pressure-036-scene-0003,pressure-036,33.667,50.717,0,,,no,全部6帧为男子在厨房开箱并介绍压力锅外观，未展示加压、蒸汽或压力指示器等与query相关的画面。,,R1,completed,2026-07-28T02:00:15+08:00
VQ-038,What visible signs show that a pressure cooker is building pressure?,en,Pressure Cooker,state,development,pressure-036-scene-0005,pressure-036,65.999,72.773,0,,,no,全部6帧（t=66.0s-72.8s）中电压力锅处于打开状态，人物仅手持白色汤勺与透明量杯展示配件，未见加压运行，也无压力建立的可视迹象。,,R1,completed,2026-07-28T02:00:15+08:00
VQ-038,What visible signs show that a pressure cooker is building pressure?,en,Pressure Cooker,state,development,pressure-036-scene-0008,pressure-036,91.658,99.333,0,,,no,第1-6帧（91.7s-99.3s）仅演示内胆放入，锅内无液体沸腾、无压力指示器升起等升压迹象。,,R1,completed,2026-07-28T01:55:19+08:00
VQ-038,What visible signs show that a pressure cooker is building pressure?,en,Pressure Cooker,state,development,pressure-036-scene-0009,pressure-036,99.333,109.343,3,99.333,109.3,no,第1-6帧（t=99.3s-109.3s）清晰展示黑色不锈钢锅盖上的红色指示灯（pop-up indicator）处于亮起状态，双手依次指向该指示灯及周围部件，ASR同步说明'pop-up indicator to let you know when it is pressurized'。,时间按实际证据片段重定位,R1,completed,2026-07-28T01:55:19+08:00
VQ-038,What visible signs show that a pressure cooker is building pressure?,en,Pressure Cooker,state,development,pressure-037-scene-0004,pressure-037,14.512,17.807,0,,,no,画面处于开盖放食材阶段，无蒸汽、压力指示器或压力建立迹象。,,R1,completed,2026-07-28T01:55:19+08:00
VQ-038,What visible signs show that a pressure cooker is building pressure?,en,Pressure Cooker,state,development,pressure-037-scene-0006,pressure-037,27.731,31.276,1,,,no,全部6帧显示一位女士手持Instant Pot并讲解酸奶功能（t=27.7s–31.3s），字幕为'You can even make yogurt in this thing'，未见蒸汽、压力指示器升起或嘶嘶声等压力建立迹象。,,R1,completed,2026-07-28T02:00:15+08:00
VQ-038,What visible signs show that a pressure cooker is building pressure?,en,Pressure Cooker,state,development,pressure-037-scene-0008,pressure-037,34.279,41.284,1,,,no,"画面中盖子被打开/关闭,显示屏从'OFF'(t=38.6s)变为'8:00'计时设置(t=39.9s),无蒸汽、压力指示灯等任何压力建立迹象。",,R1,completed,2026-07-28T01:55:19+08:00
VQ-038,What visible signs show that a pressure cooker is building pressure?,en,Pressure Cooker,state,development,pressure-037-scene-0009,pressure-037,41.284,45.955,1,,,no,全部6帧均为手转动旋钮的近景特写，无任何压力建立的视觉迹象（如指示灯亮起、蒸汽冒出、浮子弹出等）。,AI=2→R1=1：仅显示旋钮操作，无任何压力建立的可视证据（指示灯、蒸汽、浮子均未出现）。,R1,completed,2026-07-28T01:55:19+08:00
VQ-038,What visible signs show that a pressure cooker is building pressure?,en,Pressure Cooker,state,development,pressure-037-scene-0014,pressure-037,77.731,80.234,1,,,no,全部6帧（t=77.7s-80.2s）仅为按钮按压和时间数字切换（OFF/9/7），无任何建压迹象（如蒸汽、指示灯、浮子阀上升等）。,,R1,completed,2026-07-28T02:00:15+08:00
VQ-038,What visible signs show that a pressure cooker is building pressure?,en,Pressure Cooker,state,development,pressure-037-scene-0015,pressure-037,80.234,86.072,1,,,no,全部6帧均为女子吃三明治或在锅中搅拌通心粉，未出现压力锅加压、蒸汽或压力指示器等画面，产品与query主题无关。,,R1,completed,2026-07-28T02:00:15+08:00
VQ-038,What visible signs show that a pressure cooker is building pressure?,en,Pressure Cooker,state,development,pressure-040-scene-0001,pressure-040,0.0,4.805,0,,,no,第1-6帧（t=0.0s-4.8s）均为'Mountain Morning Show'节目标志动画与雪山背景，未出现压力锅。,,R1,completed,2026-07-28T02:00:15+08:00
VQ-038,What visible signs show that a pressure cooker is building pressure?,en,Pressure Cooker,state,development,pressure-040-scene-0003,pressure-040,63.897,70.237,1,,,no,全部6帧（t=63.9s–70.3s）仅显示控制面板倒计时（00:33→00:19），无压力建立的可视迹象（如压力指示灯、密封圈咬合、蒸汽泄漏等）。,,R1,completed,2026-07-28T02:00:15+08:00
VQ-038,What visible signs show that a pressure cooker is building pressure?,en,Pressure Cooker,state,development,pressure-040-scene-0019,pressure-040,216.149,227.461,0,,,no,全部6帧（t=216.1s-227.5s）为PCTV演播室烹饪节目画面，两位主持人在操作台后交谈备料，台上虽有厨具但未见压力锅压力指示器弹起、蒸汽释放或锅盖动作等压力建立迹象。,,R1,completed,2026-07-28T02:00:15+08:00
VQ-038,What visible signs show that a pressure cooker is building pressure?,en,Pressure Cooker,state,development,pressure-040-scene-0022,pressure-040,248.615,254.154,1,,,no,全部6帧均显示台面上的电压力锅及00:00数字屏（t=248.6s–254.2s），有人向锅内倒液体，但未出现蒸汽、压力指示器升起或嘶嘶声等压力建立迹象。,AI=0→R1=1：产品确实出现，但画面仅展示倒液体和待机显示，未演示压力建立的可见迹象。,R1,completed,2026-07-28T02:00:15+08:00
VQ-038,What visible signs show that a pressure cooker is building pressure?,en,Pressure Cooker,state,development,pressure-040-scene-0024,pressure-040,265.766,268.235,0,,,no,全6帧（t=265.8s–268.2s）仅展示关盖操作，压力锅刚闭合尚未开始加热，无任何建压迹象（无蒸汽、无浮子阀动作、无声音）。,,R1,completed,2026-07-28T01:55:19+08:00
VQ-038,What visible signs show that a pressure cooker is building pressure?,en,Pressure Cooker,state,development,pressure-040-scene-0025,pressure-040,268.235,283.016,1,,,no,"画面中压力锅盖正在被放置,无蒸汽泄出、无压力指示灯变化、无阀门动作等任何压力建立迹象。",,R1,completed,2026-07-28T01:55:19+08:00
VQ-039,压力锅达到压力并开始计时时怎样显示？,zh-CN,Pressure Cooker,state,development,pressure-001-scene-0001,pressure-001,0.0,120.65,0,,,no,全6帧（t=0.0s–120.6s）为传统炉灶式压力锅，无数字显示屏、无计时器、无任何状态指示，无法回答'达到压力后怎样显示'的问题。,AI=1→R1=0：该压力锅为炉灶式无控制面板/显示屏/计时器，产品出现但不具备查询所问的显示功能，应判不相关。,R1,completed,2026-07-28T01:55:19+08:00
VQ-039,压力锅达到压力并开始计时时怎样显示？,zh-CN,Pressure Cooker,state,development,pressure-010-scene-0003,pressure-010,98.031,102.035,0,,,no,全部6帧（t=98.0s–102.0s）均为黑底白字'One Hot Moment Later...'转场标题卡，无产品或显示屏内容。,,R1,completed,2026-07-28T02:00:15+08:00
VQ-039,压力锅达到压力并开始计时时怎样显示？,zh-CN,Pressure Cooker,state,development,pressure-010-scene-0004,pressure-010,102.035,143.911,1,,,no,控制面板显示0:00，但无法据此判断是达到压力并开始计时后的显示状态，未清晰演示所问状态。,AI=3→R1=1：仅显示0:00，不能证明是达到压力并开始计时的显示。,R1,completed,2026-07-28T01:55:19+08:00
VQ-039,压力锅达到压力并开始计时时怎样显示？,zh-CN,Pressure Cooker,state,development,pressure-010-scene-0005,pressure-010,143.911,147.915,0,,,no,全部6帧（t=143.9s-147.9s）均为黑底白字标题卡'~8 Minutes Later'，未出现压力锅达到压力或开始计时的显示屏画面。,,R1,completed,2026-07-28T02:00:15+08:00
VQ-039,压力锅达到压力并开始计时时怎样显示？,zh-CN,Pressure Cooker,state,development,pressure-010-scene-0006,pressure-010,147.915,182.549,0,,,no,帧1/帧6 显示控制面板有数字，但画面内容为泄压/加食材过程，未出现'达到压力/开始计时'那一刻的显示状态。,AI=2→R1=0：面板数字无法确认为'达到压力/开始计时'的显示状态，无直接证据,R1,completed,2026-07-28T01:55:19+08:00
VQ-039,压力锅达到压力并开始计时时怎样显示？,zh-CN,Pressure Cooker,state,development,pressure-010-scene-0007,pressure-010,182.549,186.553,0,,,no,第1-6帧（t=182.5s-186.6s）均为黑色背景转场文字'ANOTHER HOT MOMENT LATER....'，未出现任何产品。,,R1,completed,2026-07-28T02:00:15+08:00
VQ-039,压力锅达到压力并开始计时时怎样显示？,zh-CN,Pressure Cooker,state,development,pressure-011-scene-0012,pressure-011,86.887,98.198,2,89.1,98.198,no,第2-6帧（t=89.1s–98.2s）演示按Pressure Cook后显示屏显示蓝色'0:10'，展示了时间设置后的显示格式，但未展示'达到压力后开始倒计时'的状态变化（如On灯亮起或倒计时开始递减）。,AI=3→R1=2：画面仅展示设置时间后显示屏显示'0:10'的过程，未演示达到压力后计时开始的特定显示状态变化。,R1,completed,2026-07-28T02:00:15+08:00
VQ-039,压力锅达到压力并开始计时时怎样显示？,zh-CN,Pressure Cooker,state,development,pressure-011-scene-0014,pressure-011,102.302,123.357,1,,,no,全部6帧（t=102.3s-123.4s）均显示Instant Pot控制面板的初始设置阶段（手按+/-按钮、显示屏显示0:00或On），未展示压力达到后开始倒计时的显示状态。,AI=2→R1=1：画面仅展示初始设置阶段的按钮操作和0:00/On显示，未演示压力达到并开始计时时的显示屏状态变化。,R1,completed,2026-07-28T02:00:15+08:00
VQ-039,压力锅达到压力并开始计时时怎样显示？,zh-CN,Pressure Cooker,state,development,pressure-011-scene-0020,pressure-011,159.76,163.297,1,,,no,显示屏显示00:30且Sauté灯亮，但这是sauté模式设置，并非压力建立后的计时显示。,AI=2→R1=1：画面为sauté模式设置，未展示压力达到并开始计时的状态。,R1,completed,2026-07-28T01:55:19+08:00
VQ-039,压力锅达到压力并开始计时时怎样显示？,zh-CN,Pressure Cooker,state,development,pressure-012-scene-0017,pressure-012,62.462,66.133,0,,,no,6帧画面中压力锅控制面板完全不在视野内（画面是锅内俯视或盖顶俯视），无任何压力达到/计时的数字读数或指示灯变化。,,R1,completed,2026-07-28T01:55:19+08:00
VQ-039,压力锅达到压力并开始计时时怎样显示？,zh-CN,Pressure Cooker,state,development,pressure-012-scene-0018,pressure-012,66.133,69.269,2,66.133,69.269,no,6帧显示Instant Pot显示屏在'Pressure Cook'模式下倒计时00:04-00:05，展现了压力锅计时进行中的显示状态，但未明确捕捉'刚达到压力并开始计时'那一刻的状态过渡。,时间按实际证据片段重定位,R1,completed,2026-07-28T02:00:15+08:00
VQ-039,压力锅达到压力并开始计时时怎样显示？,zh-CN,Pressure Cooker,state,development,pressure-012-scene-0019,pressure-012,69.269,72.806,0,,,no,6 帧未显示面板'达到压力/开始计时'的显示画面。,,R1,completed,2026-07-28T01:55:19+08:00
VQ-039,压力锅达到压力并开始计时时怎样显示？,zh-CN,Pressure Cooker,state,development,pressure-020-scene-0001,pressure-020,0.0,7.307,0,,,no,全部6帧为azlife频道开场动画，画面中没有压力锅，也没有压力状态显示或计时界面。,,R1,completed,2026-07-28T02:00:15+08:00
VQ-039,压力锅达到压力并开始计时时怎样显示？,zh-CN,Pressure Cooker,state,development,pressure-020-scene-0006,pressure-020,146.38,154.955,1,,,no,第1-6帧（146.4s-155.0s）虽可见红色数字显示屏，但数字内容无法辨认，未明确展示达到压力或开始计时的状态。,,R1,completed,2026-07-28T01:55:19+08:00
VQ-039,压力锅达到压力并开始计时时怎样显示？,zh-CN,Pressure Cooker,state,development,pressure-020-scene-0007,pressure-020,154.955,176.677,2,155.0,176.677,no,"6帧显示屏均显示'0:06'倒计时计时器,与烹饪计时进行时的显示一致;但画面未明确呈现'压力达到'瞬间的状态变化。","AI=3→R1=2:画面静态显示'0:06'计时器,符合计时进行中外观,但无法明确判断是否达到压力;保守评2级。",R1,completed,2026-07-28T01:55:19+08:00
VQ-039,压力锅达到压力并开始计时时怎样显示？,zh-CN,Pressure Cooker,state,development,pressure-020-scene-0008,pressure-020,176.677,181.248,0,,,no,6 帧控制面板不可见或无内容，无法展示达到压力后开始计时的显示状态。,AI=1→R1=0,R1,completed,2026-07-28T01:55:19+08:00
VQ-039,压力锅达到压力并开始计时时怎样显示？,zh-CN,Pressure Cooker,state,development,pressure-026-scene-0003,pressure-026,304.771,313.28,0,,,no,全部6帧（t=304.8s–313.3s）展示的是Atari 2600游戏卡带包装盒'ACTIVISION PRESSURE COOKER'，属于电子游戏产品，非真实压力锅电器，无任何压力状态或计时显示。,,R1,completed,2026-07-28T02:00:15+08:00
VQ-039,压力锅达到压力并开始计时时怎样显示？,zh-CN,Pressure Cooker,state,development,pressure-026-scene-0004,pressure-026,313.28,318.885,0,,,no,全部6帧（t=313.3s–318.9s）均为Atari 2600复古游戏'Pressure Cooker'的运行画面，显示得分52655和剩余命数08，并非真实压力锅电器及其压力/计时显示。,,R1,completed,2026-07-28T02:00:15+08:00
VQ-039,压力锅达到压力并开始计时时怎样显示？,zh-CN,Pressure Cooker,state,development,pressure-026-scene-0007,pressure-026,328.161,333.133,0,,,no,全部6帧（t=328.2s-333.2s）均为Atari 2600像素游戏画面，显示分数5000与平台角色，未出现任何压力锅或压力/计时显示。,,R1,completed,2026-07-28T02:00:15+08:00
VQ-039,压力锅达到压力并开始计时时怎样显示？,zh-CN,Pressure Cooker,state,development,pressure-027-scene-0008,pressure-027,121.788,126.76,0,,,no,全部6帧（t=121.8s–126.8s）均为'Virginia This Morning'电视演播室访谈画面，男主持坐在蓝色沙发上、女主持在大屏幕中，全程无任何压力锅产品或显示屏出现。,,R1,completed,2026-07-28T02:00:15+08:00
VQ-039,压力锅达到压力并开始计时时怎样显示？,zh-CN,Pressure Cooker,state,development,pressure-027-scene-0020,pressure-027,256.823,265.399,0,,,no,全部6帧（t=256.8s-265.4s）为电视演播室场景，男士坐在蓝色沙发上，背景屏幕虽有烹饪节目小画面，但主画面中未清晰出现压力锅或其压力/计时显示。,,R1,completed,2026-07-28T02:00:15+08:00
VQ-039,压力锅达到压力并开始计时时怎样显示？,zh-CN,Pressure Cooker,state,development,pressure-027-scene-0029,pressure-027,332.733,345.045,1,,,no,未展示压力锅显示屏或达到压力、开始计时的显示。,AI=0→R1=1：产品出现但内容未回答显示问题。 | 第三轮仲裁复核：维持R1原判（等级/时间/泄漏均确认无误）。,R1,completed,2026-07-28T20:35:21+08:00
VQ-039,压力锅达到压力并开始计时时怎样显示？,zh-CN,Pressure Cooker,state,development,pressure-027-scene-0030,pressure-027,345.045,352.553,0,,,no,全部6帧均为电视演播室沙发上的人物访谈场景，背景屏幕显示节目标识，未出现压力锅控制面板或压力/计时显示画面。,,R1,completed,2026-07-28T02:00:15+08:00
VQ-039,压力锅达到压力并开始计时时怎样显示？,zh-CN,Pressure Cooker,state,development,pressure-027-scene-0036,pressure-027,412.179,416.049,0,,,no,全部6帧（t=412.2s–416.1s）均为'Virginia This Morning'电视演播室访谈画面，与row 1586同类场景，无压力锅产品或显示屏出现。,,R1,completed,2026-07-28T02:00:15+08:00
VQ-039,压力锅达到压力并开始计时时怎样显示？,zh-CN,Pressure Cooker,state,development,pressure-027-scene-0037,pressure-027,416.049,433.166,1,,,no,ASR提到压力上升和烹饪计时过程，但画面中压力锅的控制面板及显示屏未被清晰展示，无法看到压力状态或计时的显示方式。,,R1,completed,2026-07-28T01:55:19+08:00
VQ-039,压力锅达到压力并开始计时时怎样显示？,zh-CN,Pressure Cooker,state,development,pressure-032-scene-0003,pressure-032,1379.311,1438.637,0,,,no,炉顶压力锅无电子显示屏，6帧中未出现计时或压力到达指示器。,,R1,completed,2026-07-28T01:55:19+08:00
VQ-039,压力锅达到压力并开始计时时怎样显示？,zh-CN,Pressure Cooker,state,development,pressure-033-scene-0020,pressure-033,196.096,204.071,0,,,no,场景为使用前的安全提醒，无压力到达或计时显示画面。,,R1,completed,2026-07-28T01:55:19+08:00
VQ-039,压力锅达到压力并开始计时时怎样显示？,zh-CN,Pressure Cooker,state,development,pressure-033-scene-0024,pressure-033,234.434,240.44,1,,,no,第1-6帧（t=234.4s-240.4s）显示传统高压锅及'Cooking starts after reaching full pressure'文字提示，未出现任何计时显示画面。,,R1,completed,2026-07-28T02:00:15+08:00
VQ-039,压力锅达到压力并开始计时时怎样显示？,zh-CN,Pressure Cooker,state,development,pressure-033-scene-0030,pressure-033,274.274,281.181,1,,,no,第1、3-5帧（t=274.3s、277.1s、278.4s、279.8s）显示调节灶头火力动作，第2、6帧显示压力锅，但未出现任何计时显示或倒计时界面。,AI=2→R1=1：画面仅演示调小火力并口述计时开始条件，未展示计时如何显示。,R1,completed,2026-07-28T02:00:15+08:00
VQ-039,压力锅达到压力并开始计时时怎样显示？,zh-CN,Pressure Cooker,state,development,pressure-033-scene-0032,pressure-033,291.959,293.961,1,,,no,第1–6帧（t=292.0–294.0s）均为压力锅锅盖特写，未出现显示屏、计时器或加压计时的显示内容。,,R1,completed,2026-07-28T01:55:19+08:00
VQ-039,压力锅达到压力并开始计时时怎样显示？,zh-CN,Pressure Cooker,state,development,pressure-033-scene-0051,pressure-033,533.934,536.236,1,,,no,6帧均为锅盖特写，未出现显示屏、计时器数字或'压力达到'指示灯。,AI=0→R1=1：产品（锅盖）可见，但6帧无显示屏/计时器。,R1,completed,2026-07-28T01:55:19+08:00
VQ-039,压力锅达到压力并开始计时时怎样显示？,zh-CN,Pressure Cooker,state,development,pressure-033-scene-0055,pressure-033,576.61,588.388,0,,,no,第1-6帧（t=576.6s-588.4s）厨师主要演示锅盖与压力调节器，未出现计时器或达到压力后计时显示的特写/说明。,,R1,completed,2026-07-28T02:00:15+08:00
VQ-039,压力锅达到压力并开始计时时怎样显示？,zh-CN,Pressure Cooker,state,development,pressure-033-scene-0063,pressure-033,758.425,760.961,1,,,no,全部6帧（t=758.4s–761.0s）展示炉灶上正在工作的压力锅，有蒸汽冒出，叠加文字'- FAST (up to 70% quicker)'；但画面未显示任何数码屏或计时器来展示'达到压力并开始计时时的显示状态'，仅有蒸汽和营销文字。,,R1,completed,2026-07-28T02:00:15+08:00
VQ-039,压力锅达到压力并开始计时时怎样显示？,zh-CN,Pressure Cooker,state,development,pressure-036-scene-0002,pressure-036,24.358,33.667,1,,,no,全部6帧显示Simfonio电压力锅蓝色显示屏固定显示00:13（t=24.4s–33.7s），仅呈现静态定时数字，未演示达到压力后计时开始的显示变化或压力指示器状态。,AI=2→R1=1：画面只显示静态的00:13数字，未演示压力达到后计时开始的显示过程。,R1,completed,2026-07-28T02:00:15+08:00
VQ-039,压力锅达到压力并开始计时时怎样显示？,zh-CN,Pressure Cooker,state,development,pressure-036-scene-0010,pressure-036,109.343,118.819,1,,,no,第1–6帧（t=109.3–118.8s）中电压力锅显示屏始终显示“OFF”，未展示达到压力或开始计时的显示状态。,,R1,completed,2026-07-28T01:55:19+08:00
VQ-039,压力锅达到压力并开始计时时怎样显示？,zh-CN,Pressure Cooker,state,development,pressure-036-scene-0011,pressure-036,118.819,174.675,1,,,no,全部6帧展示的是设置阶段（旋钮选择程序、显示屏显示00:15/00:20/00:30等预设时间值），非压力达到后开始自动倒计时的运行状态。,AI=2→R1=1：画面仅展示程序选择和时间设置的初始阶段，未演示压力达到后显示屏的实际倒计时状态。,R1,completed,2026-07-28T02:00:15+08:00
VQ-039,压力锅达到压力并开始计时时怎样显示？,zh-CN,Pressure Cooker,state,development,pressure-036-scene-0017,pressure-036,309.309,351.57,1,,,no,第0–2帧及第5帧（t=309.3s、317.8s、326.2s、351.6s）展示厨房中一台黑色电压力锅（Sim Pot），其数码屏显示'OFF'和'00:15'，表明尚未进入加压计时状态；第3–4帧为品牌赞助卡，与产品无关。画面中出现压力锅但未展示'达到压力并开始计时'的状态显示。,,R1,completed,2026-07-28T02:00:15+08:00
VQ-039,压力锅达到压力并开始计时时怎样显示？,zh-CN,Pressure Cooker,state,development,pressure-037-scene-0007,pressure-037,31.276,34.279,1,,,no,6帧显示控制面板+红色数字'30'，但无'压力达到'指示灯、'On'高压指示或明确的'加压-开始计时'转换状态。,AI=2→R1=1：仅显示数字'30'，未观察到明确的'压力达到/计时开始'显示状态（如高压灯、计时归零起跳等）。,R1,completed,2026-07-28T01:55:19+08:00
VQ-039,压力锅达到压力并开始计时时怎样显示？,zh-CN,Pressure Cooker,state,development,pressure-037-scene-0008,pressure-037,34.279,41.284,1,,,no,"t=39.9s帧显示屏为'8:00'计时设置,场景上下文是盖子正在被关闭的设置阶段,不是压力达到后的显示状态。","AI=3→R1=1:'8:00'是计时器设置阶段的数字,非压力达到后显示;画面上下文是盖子关闭的设置阶段。",R1,completed,2026-07-28T01:55:19+08:00
VQ-039,压力锅达到压力并开始计时时怎样显示？,zh-CN,Pressure Cooker,state,development,pressure-037-scene-0014,pressure-037,77.731,80.234,1,,,no,全部6帧显示手动按压按钮使显示屏数字在OFF/9/7之间切换，这是手动设置/调整阶段，并非压力达到后开始自动倒计时的稳定显示状态。,AI=2→R1=1：画面展示的是手动调整时间的设置阶段（数字被手动改变），并非压力达到后开始自动倒计时的显示状态。,R1,completed,2026-07-28T02:00:15+08:00
VQ-039,压力锅达到压力并开始计时时怎样显示？,zh-CN,Pressure Cooker,state,development,pressure-040-scene-0001,pressure-040,0.0,4.805,0,,,no,第1-6帧（t=0.0s-4.8s）均为'Mountain Morning Show'节目标志动画与雪山背景，未出现压力锅。,,R1,completed,2026-07-28T02:00:15+08:00
VQ-039,压力锅达到压力并开始计时时怎样显示？,zh-CN,Pressure Cooker,state,development,pressure-040-scene-0003,pressure-040,63.897,70.237,1,,,no,全部6帧（t=63.9s–70.3s）显示屏显示倒计时数字从00:33递减至00:19，但这是已进行中的倒计时，未展示'达到压力并开始计时'那一刻的特殊显示状态或转换过程。,AI=2→R1=1：仅显示已进行的倒计时（00:33→00:19），未展示达到压力并启动计时的特定显示状态或转换标识。,R1,completed,2026-07-28T02:00:15+08:00
VQ-039,压力锅达到压力并开始计时时怎样显示？,zh-CN,Pressure Cooker,state,development,pressure-040-scene-0005,pressure-040,74.474,77.945,1,,,no,6帧显示屏显示'0:00'（起始状态），无高压指示灯、'On'指示或计时归零开始的明确状态。,AI=1→R1=1：保持。压力锅出现但无'达到压力并开始计时'的明确显示。,R1,completed,2026-07-28T01:55:19+08:00
VQ-039,压力锅达到压力并开始计时时怎样显示？,zh-CN,Pressure Cooker,state,development,pressure-040-scene-0013,pressure-040,179.913,181.982,1,,,no,控制面板显示00:28，但场景核心是添加食材，无法确认这是压力达到并开始计时的显示。,AI=2→R1=1：00:28出现在加料场景中，不能确认是压力达到后的计时显示。,R1,completed,2026-07-28T01:55:19+08:00
VQ-039,压力锅达到压力并开始计时时怎样显示？,zh-CN,Pressure Cooker,state,development,pressure-040-scene-0025,pressure-040,268.235,283.016,1,,,no,"t=280.1s帧可见红色数字显示但场景上下文是放置锅盖阶段,不是压力达到后的显示状态;无法直接回答'压力达到并开始计时'的显示方式。","AI=2→R1=1:显示屏内容不明确指示压力达到,场景上下文是盖子被放置/按下阶段,不是烹饪计时进行中。",R1,completed,2026-07-28T01:55:19+08:00
VQ-040,What indicates that pressure-cooker cooking is complete and keep-warm has started?,en,Pressure Cooker,state,development,pressure-001-scene-0001,pressure-001,0.0,120.65,0,,,no,全6帧（t=0.0s–120.6s）仅显示压力锅运行中持续释放蒸汽，无烹饪完成指示、无保温模式切换信号；且此为炉灶式压力锅本身无保温功能。,AI=2→R1=0：画面仅展示工作中的蒸汽释放，无任何烹饪完成或保温启动的视觉证据，AI高估了相关性。,R1,completed,2026-07-28T01:55:19+08:00
VQ-040,What indicates that pressure-cooker cooking is complete and keep-warm has started?,en,Pressure Cooker,state,development,pressure-010-scene-0002,pressure-010,16.75,98.031,0,,,no,全部6帧（t=16.8s–98.0s）展示通心粉、奶酪、黄油、肉豆蔻等食材及压力锅（显示屏显示OFF或初始状态），为烹饪准备阶段，未见完成提示或保温启动。,,R1,completed,2026-07-28T02:00:15+08:00
VQ-040,What indicates that pressure-cooker cooking is complete and keep-warm has started?,en,Pressure Cooker,state,development,pressure-010-scene-0004,pressure-010,102.035,143.911,0,,,no,控制面板显示0:00，未见保温指示灯或完成提示，无法表明烹饪完成并进入保温。,AI=1→R1=0,R1,completed,2026-07-28T01:55:19+08:00
VQ-040,What indicates that pressure-cooker cooking is complete and keep-warm has started?,en,Pressure Cooker,state,development,pressure-010-scene-0005,pressure-010,143.911,147.915,0,,,no,全部6帧（t=143.9s-147.9s）均为黑底白字标题卡'~8 Minutes Later'，未显示烹饪完成或保温启动的指示画面。,,R1,completed,2026-07-28T02:00:15+08:00
VQ-040,What indicates that pressure-cooker cooking is complete and keep-warm has started?,en,Pressure Cooker,state,development,pressure-010-scene-0006,pressure-010,147.915,182.549,0,,,no,6 帧无保温开始或烹饪完成的指示；画面为泄压后加食材。,,R1,completed,2026-07-28T01:55:19+08:00
VQ-040,What indicates that pressure-cooker cooking is complete and keep-warm has started?,en,Pressure Cooker,state,development,pressure-011-scene-0012,pressure-011,86.887,98.198,1,,,no,第2-6帧（t=89.1s–98.2s）演示的是启动压力烹饪（按Pressure Cook键设为0:10分钟）的开始阶段，Keep Warm按钮仅作为标签可见但未激活，未展示烹饪完成或保温启动的任何指示。,AI=2→R1=1：画面展示的是启动烹饪程序的过程（按键设时），而非烹饪完成或保温启动的指示信号。,R1,completed,2026-07-28T02:00:15+08:00
VQ-040,What indicates that pressure-cooker cooking is complete and keep-warm has started?,en,Pressure Cooker,state,development,pressure-011-scene-0017,pressure-011,136.67,143.744,3,136.7,143.744,no,ASR明确提到‘pork has been keeping warm in the Instapot’，第1–6帧（t=136.7s–143.744s）展示随后打开锅盖，直接说明烹饪完成并已进入保温状态。,AI=2→R1=3：ASR明确提及食物已在保温状态，画面完整展示开盖过程，直接回答‘烹饪完成并进入保温’。,R1,completed,2026-07-28T01:55:19+08:00
VQ-040,What indicates that pressure-cooker cooking is complete and keep-warm has started?,en,Pressure Cooker,state,development,pressure-011-scene-0019,pressure-011,147.147,159.76,1,,,no,第1-3帧（t=147.1s-152.2s）显示从锅内取出熟肉暗示烹饪已完成，但全部6帧均无保温模式启动的任何视觉指示或文字说明。,AI=2→R1=1：取出熟肉仅暗示烹饪结束，画面和语音均未显示或提及保温模式启动的标志。,R1,completed,2026-07-28T01:55:19+08:00
VQ-040,What indicates that pressure-cooker cooking is complete and keep-warm has started?,en,Pressure Cooker,state,development,pressure-011-scene-0023,pressure-011,177.144,200.567,1,,,no,帧1-3(t=177.1s-186.5s)与帧6(t=200.0s)为俯视食物准备画面(切肉/酱)，帧4-5(t=191.2s-195.9s)显示厨师站在压力锅旁；全片无烹饪完成指示或保温状态可视信息。,"第三轮仲裁修正：R1原记录 等级=0 时间=[None,None] 泄漏=no → 仲裁 等级=1 时间=[None,None] 泄漏=no。理由：帧4-5中压力锅清晰可见，但全片无烹饪完成指示或保温状态可视信息，产品出现但不回答，采纳复核方意见判1级。",R1,completed,2026-07-28T20:35:21+08:00
VQ-040,What indicates that pressure-cooker cooking is complete and keep-warm has started?,en,Pressure Cooker,state,development,pressure-011-scene-0024,pressure-011,200.567,214.214,2,208.8,214.2,no,第4–6帧（t=208.8s–214.2s）显示厨师打开锅盖，ASR说明压力排尽后才能开盖，暗示烹饪结束，但未明确展示保温启动指示。,AI时间200.567-214.214→R1时间208.8-214.2s：回答内容主要体现在开盖动作时段。,R1,completed,2026-07-28T01:55:19+08:00
VQ-040,What indicates that pressure-cooker cooking is complete and keep-warm has started?,en,Pressure Cooker,state,development,pressure-012-scene-0017,pressure-012,62.462,66.133,0,,,no,6帧画面均为烹饪准备阶段（食材搅拌、盖盖），无烹饪完成或keep-warm模式启动的指示（无显示切换、无语音、无指示灯）。,AI=1→R1=0,R1,completed,2026-07-28T01:55:19+08:00
VQ-040,What indicates that pressure-cooker cooking is complete and keep-warm has started?,en,Pressure Cooker,state,development,pressure-012-scene-0018,pressure-012,66.133,69.269,1,,,no,6帧显示压力锅处于'Pressure Cook'模式倒计时中（00:04/00:05），未显示烹饪完成的'Keep Warm'指示符或烹饪结束状态。,,R1,completed,2026-07-28T02:00:15+08:00
VQ-040,What indicates that pressure-cooker cooking is complete and keep-warm has started?,en,Pressure Cooker,state,development,pressure-012-scene-0019,pressure-012,69.269,72.806,1,,,no,帧3-5 显示煮熟的鸡肉被夹子取出，间接提示烹饪已完成；但无任何保温模式启动的具体可视指示（面板变化、指示灯、声音等）。,AI=2→R1=1：仅有'取出熟食'的间接暗示，无'烹饪完成'或'保温开始'的具体指示标志,R1,completed,2026-07-28T01:55:19+08:00
VQ-040,What indicates that pressure-cooker cooking is complete and keep-warm has started?,en,Pressure Cooker,state,development,pressure-012-scene-0024,pressure-012,88.488,92.059,2,88.5,92.059,no,第1、2、6帧（t=88.5s、89.2s、92.1s）清晰显示压力锅内装有煮熟裹酱的肉块，第4–5帧（t=90.6s–91.3s）显示将煮好的肉盛出到米饭上，可提示烹饪已完成，但未见压力锅显示屏或保温启动指示。,时间按实际证据片段重定位,R1,completed,2026-07-28T02:00:15+08:00
VQ-040,What indicates that pressure-cooker cooking is complete and keep-warm has started?,en,Pressure Cooker,state,development,pressure-020-scene-0002,pressure-020,7.307,82.716,0,,,no,"画面仅展示男子介绍压力锅和大米,无任何烹饪完成或保温启动的指示(显示屏未读出'Keep Warm'或归零)。",,R1,completed,2026-07-28T01:55:19+08:00
VQ-040,What indicates that pressure-cooker cooking is complete and keep-warm has started?,en,Pressure Cooker,state,development,pressure-020-scene-0007,pressure-020,154.955,176.677,0,,,no,"6帧显示屏始终显示'0:06',从未出现'0:00'或'Keep Warm'字样,无任何烹饪完成指示。","AI=3→R1=0:6帧显示屏始终为'0:06',未出现'0:00'或'Keep Warm',与AI所述的'0:06→0:00'变化不符;实际无完成指示。",R1,completed,2026-07-28T01:55:19+08:00
VQ-040,What indicates that pressure-cooker cooking is complete and keep-warm has started?,en,Pressure Cooker,state,development,pressure-020-scene-0008,pressure-020,176.677,181.248,1,,,no,ASR 提到'it's done ... the rice is done'，但 6 帧画面无任何'完成'或'保温开始'的可视指示（面板变化、指示灯等）。,AI=2→R1=1：仅有语音提示完成，无视觉证据,R1,completed,2026-07-28T01:55:19+08:00
VQ-040,What indicates that pressure-cooker cooking is complete and keep-warm has started?,en,Pressure Cooker,state,development,pressure-026-scene-0002,pressure-026,9.576,304.771,0,,,no,第1–6帧均为Atari游戏《Pressure Cooker》标题与游戏画面，无真实压力锅烹饪完成或保温指示。,,R1,completed,2026-07-28T01:55:19+08:00
VQ-040,What indicates that pressure-cooker cooking is complete and keep-warm has started?,en,Pressure Cooker,state,development,pressure-026-scene-0010,pressure-026,357.023,372.22,0,,,no,全部6帧均为AppStar Games结束logo与致谢字幕（t=357.0s–372.2s），画面中未出现压力锅或任何烹饪完成/保温相关迹象。,,R1,completed,2026-07-28T02:00:15+08:00
VQ-040,What indicates that pressure-cooker cooking is complete and keep-warm has started?,en,Pressure Cooker,state,development,pressure-027-scene-0004,pressure-027,26.393,66.8,0,,,no,全部6帧（t=26.4s-66.8s）为电视访谈节目场景，主持人坐在沙发上与屏幕中的嘉宾对话，未出现压力锅或烹饪完成/保温指示。,,R1,completed,2026-07-28T02:00:15+08:00
VQ-040,What indicates that pressure-cooker cooking is complete and keep-warm has started?,en,Pressure Cooker,state,development,pressure-027-scene-0021,pressure-027,265.399,280.38,0,,,no,6帧均为烹饪前搅拌食材，未显示烹饪完成或转入保温状态的指示（如显示屏变化、蜂鸣、保温灯亮）（t=265.4s-280.4s）。,,R1,completed,2026-07-28T01:55:19+08:00
VQ-040,What indicates that pressure-cooker cooking is complete and keep-warm has started?,en,Pressure Cooker,state,development,pressure-027-scene-0023,pressure-027,292.526,296.263,0,,,no,全6帧（t=292.5s–296.3s）处于备菜/搅拌阶段，锅盖打开，非烹饪完成状态。,,R1,completed,2026-07-28T01:55:19+08:00
VQ-040,What indicates that pressure-cooker cooking is complete and keep-warm has started?,en,Pressure Cooker,state,development,pressure-027-scene-0027,pressure-027,321.788,328.929,1,,,no,第1–6帧（t=321.8–328.9s）均显示一位女士在搅拌压力锅中的食物，无烹饪完成提示或保温启动指示。,,R1,completed,2026-07-28T01:55:19+08:00
VQ-040,What indicates that pressure-cooker cooking is complete and keep-warm has started?,en,Pressure Cooker,state,development,pressure-027-scene-0029,pressure-027,332.733,345.045,1,,,no,未涉及烹饪完成或保温启动的指示。,,R1,completed,2026-07-28T01:55:19+08:00
VQ-040,What indicates that pressure-cooker cooking is complete and keep-warm has started?,en,Pressure Cooker,state,development,pressure-027-scene-0033,pressure-027,368.068,387.621,0,,,no,所有6帧(t=368.1s-387.7s)显示一名穿围裙的女士在桌旁做手势/讲话，黑色压力锅放在桌上但盖子始终关闭；未出现烹饪完成指示、保温状态灯或显示屏，无法回答完成/保温信号。,,R1,completed,2026-07-28T02:00:15+08:00
VQ-040,What indicates that pressure-cooker cooking is complete and keep-warm has started?,en,Pressure Cooker,state,development,pressure-027-scene-0037,pressure-027,416.049,433.166,1,,,no,ASR描述了烹饪后的自然排气（5分钟）和按钮辅助排气步骤，但未说明什么视觉或听觉标志表示保温模式已启动；画面中女士仅做手势讲解，无保温指示灯或界面显示。,AI=2→R1=1：ASR仅描述烹饪后的排气流程安排，未回答'什么标志表示保温已启动'这一核心问题。,R1,completed,2026-07-28T01:55:19+08:00
VQ-040,What indicates that pressure-cooker cooking is complete and keep-warm has started?,en,Pressure Cooker,state,development,pressure-028-scene-0001,pressure-028,0.0,722.4,1,,,no,"画面展示烹饪过程中的食材处理(切柠檬、煎虾、加料入Instant Pot),无烹饪完成或保温启动的指示。","第三轮仲裁修正：R1原记录 等级=0 时间=[None,None] 泄漏=no → 仲裁 等级=1 时间=[None,None] 泄漏=no。理由：Instant Pot作为同产品在烹饪场景中出现，但未显示烹饪完成或保温启动的指示，按规范'同产品但内容不回答→通常1'采纳复核方意见。",R1,completed,2026-07-28T20:35:21+08:00
VQ-040,What indicates that pressure-cooker cooking is complete and keep-warm has started?,en,Pressure Cooker,state,development,pressure-032-scene-0003,pressure-032,1379.311,1438.637,0,,,no,场景中没有完成提示、保温指示灯或任何表示已进入保温状态的画面。,AI=1→R1=0：画面与音频均未展示烹饪完成或保温启动的指示。,R1,completed,2026-07-28T01:55:19+08:00
VQ-040,What indicates that pressure-cooker cooking is complete and keep-warm has started?,en,Pressure Cooker,state,development,pressure-032-scene-0004,pressure-032,1438.637,1679.23,0,,,no,全部6帧为烹饪后场景（冷却释放压力、盛菜、用餐），虽暗示烹饪已结束但未展示任何完成指示器或保温模式启动信号。,,R1,completed,2026-07-28T02:00:15+08:00
VQ-040,What indicates that pressure-cooker cooking is complete and keep-warm has started?,en,Pressure Cooker,state,development,pressure-033-scene-0017,pressure-033,154.021,172.806,1,,,no,"画面中厨师正在操作锅盖,未进入烹饪完成或保温启动阶段,显示屏无'Keep Warm'或'0:00'指示。",,R1,completed,2026-07-28T01:55:19+08:00
VQ-040,What indicates that pressure-cooker cooking is complete and keep-warm has started?,en,Pressure Cooker,state,development,pressure-033-scene-0024,pressure-033,234.434,240.44,0,,,no,第1-6帧（t=234.4s-240.4s）仅显示传统高压锅使用提示文字，未涉及烹饪完成或保温启动指示。,AI=2→R1=0：画面内容与烹饪完成/保温启动无关，且传统高压锅无保温功能指示。,R1,completed,2026-07-28T02:00:15+08:00
VQ-040,What indicates that pressure-cooker cooking is complete and keep-warm has started?,en,Pressure Cooker,state,development,pressure-033-scene-0032,pressure-033,291.959,293.961,1,,,no,第1–6帧（t=292.0–294.0s）均为压力锅锅盖静态特写，ASR“reached my high pressure”表示刚开始建压，未显示烹饪完成或保温启动指示。,AI=2→R1=1：音频表示达到高压（开始阶段），并非烹饪完成或保温启动，画面也无相应指示。,R1,completed,2026-07-28T01:55:19+08:00
VQ-040,What indicates that pressure-cooker cooking is complete and keep-warm has started?,en,Pressure Cooker,state,development,pressure-033-scene-0039,pressure-033,339.173,383.884,0,,,no,所有6帧(t=339.2s-383.9s)显示一位亚裔厨师在厨房中做手势/讲话/持碗，压力锅放在台面上但无任何完成指示灯或保温状态显示；ASR讲泄压'popping sound'但未对应可视信号。,,R1,completed,2026-07-28T02:00:15+08:00
VQ-040,What indicates that pressure-cooker cooking is complete and keep-warm has started?,en,Pressure Cooker,state,development,pressure-033-scene-0051,pressure-033,533.934,536.236,1,,,no,6帧浮子阀始终顶起+蒸汽持续冒出，呈现加压/保压特征，未出现'Keep Warm'指示、计时归零或浮子阀落下的'烹饪完成/保温开始'状态。,AI=2→R1=1：浮子阀顶起+蒸汽为加压/保压特征，并非烹饪完成/保温开始的状态。,R1,completed,2026-07-28T01:55:19+08:00
VQ-040,What indicates that pressure-cooker cooking is complete and keep-warm has started?,en,Pressure Cooker,state,development,pressure-033-scene-0054,pressure-033,556.523,576.61,1,,,no,全部6帧（t=550.6s–576.6s）仅展示手操作压力锅盖上的蒸汽释放阀/调节器，以及第5帧（t=573.0s）的文字特性列表，未展示任何烹饪完成指示或保温模式启动的信号。,AI=2→R1=1：画面仅操作排气阀并列出产品特性文字，未演示或说明烹饪完成及保温启动的任何指示信号。,R1,completed,2026-07-28T02:00:15+08:00
VQ-040,What indicates that pressure-cooker cooking is complete and keep-warm has started?,en,Pressure Cooker,state,development,pressure-036-scene-0002,pressure-036,24.358,33.667,1,,,no,全部6帧显示电压力锅显示屏固定为00:13（t=24.4s–33.7s），未见烹饪完成或保温启动的指示（如L0:00、保温灯等）。,AI=2→R1=1：画面仅显示静态倒计时数字，未展示烹饪完成或保温启动的指示。,R1,completed,2026-07-28T02:00:15+08:00
VQ-040,What indicates that pressure-cooker cooking is complete and keep-warm has started?,en,Pressure Cooker,state,development,pressure-036-scene-0008,pressure-036,91.658,99.333,0,,,no,第1-6帧（91.7s-99.3s）仅演示内胆放入，未展示烹饪完成或保温启动的显示/提示。,,R1,completed,2026-07-28T01:55:19+08:00
VQ-040,What indicates that pressure-cooker cooking is complete and keep-warm has started?,en,Pressure Cooker,state,development,pressure-036-scene-0009,pressure-036,99.333,109.343,1,,,no,红色指示灯（pop-up indicator）的功能是表示压力锅正处于加压/高压状态，并不表示烹饪完成或保温模式启动；ASR也仅说明该指示器用于判断是否已加压。,AI=2→R1=1：红色指示灯表示的是加压状态而非烹饪完成或保温启动，与query所问的'cooking complete and keep-warm'不匹配。,R1,completed,2026-07-28T01:55:19+08:00
VQ-040,What indicates that pressure-cooker cooking is complete and keep-warm has started?,en,Pressure Cooker,state,development,pressure-036-scene-0011,pressure-036,118.819,174.675,1,,,no,全部6帧为控制面板设置操作（旋钮选程序、时间值00:15/00:20/00:30变化），无烹饪完成或保温启动的指示信号。,,R1,completed,2026-07-28T02:00:15+08:00
VQ-040,What indicates that pressure-cooker cooking is complete and keep-warm has started?,en,Pressure Cooker,state,development,pressure-036-scene-0012,pressure-036,174.675,219.353,0,,,no,6帧画面均未出现烹饪完成或keep-warm模式的指示：显示屏仅显示'OFF'或'00:15'，无状态切换指示灯、无语音/VLM中关于完成的提示，画面只是准备和盖盖阶段。,AI=1→R1=0,R1,completed,2026-07-28T01:55:19+08:00
VQ-040,What indicates that pressure-cooker cooking is complete and keep-warm has started?,en,Pressure Cooker,state,development,pressure-036-scene-0014,pressure-036,227.327,268.101,2,227.327,259.9,no,第1-5帧（t=227.3s-259.9s）呈现用食品温度计插入鸡肉测温、将鸡肉取出并展示打开盖子的电压力锅内部，可部分说明'烹饪完成'的判断；但所有帧均未显示保温启动指示或控制面板状态。,AI时间227.327-268.101→R1时间227.3-259.9，按联系表帧标签将时间范围收紧至实际展示测温与取食内容的帧。,R1,completed,2026-07-28T02:00:15+08:00
VQ-040,What indicates that pressure-cooker cooking is complete and keep-warm has started?,en,Pressure Cooker,state,development,pressure-037-scene-0002,pressure-037,7.506,10.801,0,,,no,全部6帧（t=7.5s-10.8s）为一位戴眼镜女性手持并食用食物，虽有字幕'electric pot'，但画面中未出现压力锅本体，也无任何完成/保温指示。,,R1,completed,2026-07-28T02:00:15+08:00
VQ-040,What indicates that pressure-cooker cooking is complete and keep-warm has started?,en,Pressure Cooker,state,development,pressure-037-scene-0008,pressure-037,34.279,41.284,1,,,no,"显示屏为'8:00'(设置阶段),未出现'0:00'或'Keep Warm'指示,无烹饪完成的迹象。","AI=2→R1=1:'8:00'是计时设置,不是烹饪完成指示(应为'0:00'或'Keep Warm')。",R1,completed,2026-07-28T01:55:19+08:00
VQ-040,What indicates that pressure-cooker cooking is complete and keep-warm has started?,en,Pressure Cooker,state,development,pressure-037-scene-0013,pressure-037,66.597,77.731,1,,,no,第3帧（t=71.1s）显示Instant Pot商品页面，OCR含Automatic keep-warm功能描述，但画面为静态产品介绍而非实际烹饪完成及保温启动的指示演示。,,R1,completed,2026-07-28T02:00:15+08:00
VQ-040,What indicates that pressure-cooker cooking is complete and keep-warm has started?,en,Pressure Cooker,state,development,pressure-037-scene-0014,pressure-037,77.731,80.234,1,,,no,全部6帧为按钮操作和数字切换画面（OFF/9/7），无烹饪完成或保温模式启动的任何指示信号。,,R1,completed,2026-07-28T02:00:15+08:00
VQ-040,What indicates that pressure-cooker cooking is complete and keep-warm has started?,en,Pressure Cooker,state,development,pressure-040-scene-0003,pressure-040,63.897,70.237,1,,,no,全部6帧（t=63.9s–70.3s）显示屏显示倒计时从00:33递减至00:19，明显是烹饪进行中的状态，并非烹饪完成（00:00）或保温启动的指示；KEEP WARM按钮仅作为标签可见但未被激活。,AI=3→R1=1：画面显示的是烹饪中途倒计时（00:33→00:19），不是烹饪完成或保温启动状态，AI严重误判。,R1,completed,2026-07-28T02:00:15+08:00
VQ-040,What indicates that pressure-cooker cooking is complete and keep-warm has started?,en,Pressure Cooker,state,development,pressure-040-scene-0005,pressure-040,74.474,77.945,1,,,no,6帧显示压力锅+食材预备状态，显示屏'0:00'，未出现'Keep Warm'、计时归零或任何完成/保温指示。,AI=0→R1=1：产品出现但无烹饪完成/保温指示画面。,R1,completed,2026-07-28T01:55:19+08:00
VQ-040,What indicates that pressure-cooker cooking is complete and keep-warm has started?,en,Pressure Cooker,state,development,pressure-040-scene-0011,pressure-040,158.492,163.964,0,,,no,全部6帧（t=158.5s–164.0s）为两位主持人在演示电压力锅的使用，画面以人物操作为主，未见显示屏状态、完成蜂鸣或保温启动指示。,,R1,completed,2026-07-28T02:00:15+08:00
VQ-040,What indicates that pressure-cooker cooking is complete and keep-warm has started?,en,Pressure Cooker,state,development,pressure-040-scene-0024,pressure-040,265.766,268.235,0,,,no,全6帧（t=265.8s–268.2s）仅展示关盖瞬间操作，无烹饪完成或保温启动的任何指示信息。,AI=1→R1=0：画面仅展示关盖操作，与烹饪完成/保温启动完全无关。,R1,completed,2026-07-28T01:55:19+08:00
VQ-040,What indicates that pressure-cooker cooking is complete and keep-warm has started?,en,Pressure Cooker,state,development,pressure-040-scene-0034,pressure-040,414.147,441.708,1,,,no,6帧（t=414.1s-441.7s）中虽有电压力锅置于演播室台面并由人手搅拌，但无任何控制面板、显示屏或保温状态指示的特写，无法回答烹饪完成与保温启动的指示。,,R1,completed,2026-07-28T02:00:15+08:00
VQ-040,What indicates that pressure-cooker cooking is complete and keep-warm has started?,en,Pressure Cooker,state,development,pressure-040-scene-0038,pressure-040,474.508,514.715,0,,,no,全部6帧（t=474.5s–514.7s）为PCTV演播室三人品尝/交谈画面，电压力锅置于台面作为背景，未见完成提示、显示屏特写或保温启动指示。,,R1,completed,2026-07-28T02:00:15+08:00
VQ-040,What indicates that pressure-cooker cooking is complete and keep-warm has started?,en,Pressure Cooker,state,development,pressure-040-scene-0040,pressure-040,517.584,530.831,1,,,no,压力锅在台面上可见，ASR提及'warming mode'和'we're done'暗示烹饪结束进入保温，但画面无任何保温模式标识或指示灯。,,R1,completed,2026-07-28T01:55:19+08:00
VQ-040,What indicates that pressure-cooker cooking is complete and keep-warm has started?,en,Pressure Cooker,state,development,pressure-040-scene-0044,pressure-040,560.06,641.675,0,,,no,全部6帧（t=560.1s–641.7s）均为PCTV演播室多人交谈/品尝画面，电压力锅仅作为背景道具置于台面，未见显示屏、完成提示或保温启动指示。,,R1,completed,2026-07-28T02:00:15+08:00
VQ-041,压力锅密封圈怎样安装在锅盖上？,zh-CN,Pressure Cooker,component,development,pressure-001-scene-0001,pressure-001,0.0,120.65,0,,,no,全6帧（t=0.0s–120.6s）仅显示压力锅整体外观，密封圈不可见也无安装操作演示。,,R1,completed,2026-07-28T01:55:19+08:00
VQ-041,压力锅密封圈怎样安装在锅盖上？,zh-CN,Pressure Cooker,component,development,pressure-010-scene-0001,pressure-010,0.0,16.75,1,,,no,第1-6帧（t=0.0s-16.7s）中压力锅只作为背景出现在桌上，主讲人处理食材，没有展示密封圈安装。,AI=0→R1=1：压力锅确实出现在画面背景中，但未演示 query 所问的密封圈安装操作。 | 第三轮仲裁复核：维持R1原判（等级/时间/泄漏均确认无误）。,R1,completed,2026-07-28T20:35:21+08:00
VQ-041,压力锅密封圈怎样安装在锅盖上？,zh-CN,Pressure Cooker,component,development,pressure-010-scene-0004,pressure-010,102.035,143.911,0,,,no,6帧均未展示密封圈或其安装到锅盖的过程。,AI=1→R1=0,R1,completed,2026-07-28T01:55:19+08:00
VQ-041,压力锅密封圈怎样安装在锅盖上？,zh-CN,Pressure Cooker,component,development,pressure-010-scene-0006,pressure-010,147.915,182.549,0,,,no,6 帧无任何密封圈安装画面。,,R1,completed,2026-07-28T01:55:19+08:00
VQ-041,压力锅密封圈怎样安装在锅盖上？,zh-CN,Pressure Cooker,component,development,pressure-010-scene-0010,pressure-010,240.007,251.08,1,,,no,帧1-3(t=240.0s-244.4s)与帧6(t=251.0s)为压力锅+一盘通心粉的静态镜头，帧4-5(t=246.6s-248.8s)为黑底制作人员名单字幕；全片无密封圈安装到锅盖的动作或说明。,"第三轮仲裁修正：R1原记录 等级=0 时间=[None,None] 泄漏=no → 仲裁 等级=1 时间=[None,None] 泄漏=no。理由：压力锅在静态镜头中清晰可见，但全片无密封圈或锅盖安装动作，采纳复核方1级意见。",R1,completed,2026-07-28T20:35:21+08:00
VQ-041,压力锅密封圈怎样安装在锅盖上？,zh-CN,Pressure Cooker,component,development,pressure-011-scene-0016,pressure-011,125.859,136.67,1,,,no,6帧均未出现锅盖或密封圈，更无安装密封圈动作，仅展示厨师和通电的Instant Pot（t=125.9s-136.7s）。,"第三轮仲裁修正：R1原记录 等级=0 时间=[None,None] 泄漏=no → 仲裁 等级=1 时间=[None,None] 泄漏=no。理由：Instant Pot整机及控制面板清晰可见，但未出现锅盖或密封圈，无安装动作，采纳复核方1级意见。",R1,completed,2026-07-28T20:35:21+08:00
VQ-041,压力锅密封圈怎样安装在锅盖上？,zh-CN,Pressure Cooker,component,development,pressure-011-scene-0017,pressure-011,136.67,143.744,1,,,no,画面为开盖，无密封圈安装演示。,AI=0→R1=1：产品出现但内容不涉及密封圈安装。,R1,completed,2026-07-28T01:55:19+08:00
VQ-041,压力锅密封圈怎样安装在锅盖上？,zh-CN,Pressure Cooker,component,development,pressure-011-scene-0023,pressure-011,177.144,200.567,1,,,no,画面主要内容为俯视食物准备(切肉/酱)，帧5(t=195.9s)仅显示戴黑手套的手握住压力锅盖把手；未出现任何密封圈被取出/安装到锅盖上的动作。,"第三轮仲裁修正：R1原记录 等级=0 时间=[None,None] 泄漏=no → 仲裁 等级=1 时间=[None,None] 泄漏=no。理由：第5帧可见锅盖把手，压力锅产品出现，但未出现密封圈被取出或安装到锅盖上的动作，按规范应判1级，采纳复核方意见。",R1,completed,2026-07-28T20:35:21+08:00
VQ-041,压力锅密封圈怎样安装在锅盖上？,zh-CN,Pressure Cooker,component,development,pressure-011-scene-0024,pressure-011,200.567,214.214,1,,,no,画面为开盖动作，未出现密封圈及安装步骤。,AI=0→R1=1：产品出现，但内容不涉及密封圈安装。,R1,completed,2026-07-28T01:55:19+08:00
VQ-041,压力锅密封圈怎样安装在锅盖上？,zh-CN,Pressure Cooker,component,development,pressure-012-scene-0017,pressure-012,62.462,66.133,0,,,no,6帧画面中无密封圈出现，无任何在锅盖上安装密封圈的动作。,AI=1→R1=0,R1,completed,2026-07-28T01:55:19+08:00
VQ-041,压力锅密封圈怎样安装在锅盖上？,zh-CN,Pressure Cooker,component,development,pressure-012-scene-0019,pressure-012,69.269,72.806,0,,,no,6 帧无密封圈安装画面。,,R1,completed,2026-07-28T01:55:19+08:00
VQ-041,压力锅密封圈怎样安装在锅盖上？,zh-CN,Pressure Cooker,component,development,pressure-012-scene-0022,pressure-012,81.448,84.785,0,,,no,第1-6帧（81.4s-84.8s）仅展示食物入锅和沸腾液体，未出现锅盖、密封圈或安装动作。,,R1,completed,2026-07-28T01:55:19+08:00
VQ-041,压力锅密封圈怎样安装在锅盖上？,zh-CN,Pressure Cooker,component,development,pressure-012-scene-0023,pressure-012,84.785,88.488,1,,,no,6帧均为锅内食物搅拌画面，锅体俯视可见，但锅盖、密封圈及安装动作均未出现。,AI=0→R1=1：压力锅产品确实出现在画面中，但画面仅展示锅内搅拌，未演示密封圈安装。,R1,completed,2026-07-28T02:00:15+08:00
VQ-041,压力锅密封圈怎样安装在锅盖上？,zh-CN,Pressure Cooker,component,development,pressure-020-scene-0006,pressure-020,146.38,154.955,0,,,no,第1-6帧（146.4s-155.0s）未出现锅盖、密封圈或安装动作。,,R1,completed,2026-07-28T01:55:19+08:00
VQ-041,压力锅密封圈怎样安装在锅盖上？,zh-CN,Pressure Cooker,component,development,pressure-020-scene-0008,pressure-020,176.677,181.248,0,,,no,6 帧无密封圈安装画面。,AI=1→R1=0,R1,completed,2026-07-28T01:55:19+08:00
VQ-041,压力锅密封圈怎样安装在锅盖上？,zh-CN,Pressure Cooker,component,development,pressure-026-scene-0001,pressure-026,0.0,9.576,0,,,no,画面为1983年Activision游戏《Pressure Cooker》的标题卡，6帧均未出现实体压力锅、锅盖或密封圈。,,R1,completed,2026-07-28T01:55:19+08:00
VQ-041,压力锅密封圈怎样安装在锅盖上？,zh-CN,Pressure Cooker,component,development,pressure-027-scene-0011,pressure-027,181.081,185.252,0,,,no,全部6帧均为“Virginia This Morning”演播室场景，背景大屏中的压力锅画面过小且模糊，未出现锅盖或密封圈安装动作。,,R1,completed,2026-07-28T02:00:15+08:00
VQ-041,压力锅密封圈怎样安装在锅盖上？,zh-CN,Pressure Cooker,component,development,pressure-027-scene-0019,pressure-027,238.972,256.823,1,,,no,全6帧（t=239.0s–256.8s）女性在往压力锅内加食材，全程无锅盖出现、无密封圈、无安装操作。,"第三轮仲裁修正：R1原记录 等级=0 时间=[None,None] 泄漏=no → 仲裁 等级=1 时间=[None,None] 泄漏=no。理由：全帧女性在往压力锅内加食材，压力锅产品出现但全程无锅盖、无密封圈、无安装操作，按规范应判1级，采纳复核方意见。",R1,completed,2026-07-28T20:35:21+08:00
VQ-041,压力锅密封圈怎样安装在锅盖上？,zh-CN,Pressure Cooker,component,development,pressure-027-scene-0029,pressure-027,332.733,345.045,1,,,no,未展示密封圈及安装。,,R1,completed,2026-07-28T01:55:19+08:00
VQ-041,压力锅密封圈怎样安装在锅盖上？,zh-CN,Pressure Cooker,component,development,pressure-028-scene-0001,pressure-028,0.0,722.4,1,,,no,"画面中Instant Pot整体可见,但无任何密封圈安装到锅盖上的特写或操作演示。","第三轮仲裁修正：R1原记录 等级=0 时间=[None,None] 泄漏=no → 仲裁 等级=1 时间=[None,None] 泄漏=no。理由：Instant Pot锅盖整体可见，但6帧均未展示密封圈安装到锅盖卡槽的动作，按规范采纳复核方1级意见。",R1,completed,2026-07-28T20:35:21+08:00
VQ-041,压力锅密封圈怎样安装在锅盖上？,zh-CN,Pressure Cooker,component,development,pressure-032-scene-0001,pressure-032,0.0,30.364,0,,,no,第1-6帧（t=0.0s-30.4s）显示市场摊位蔬菜和片尾字幕，完全没有出现压力锅。,,R1,completed,2026-07-28T02:00:15+08:00
VQ-041,压力锅密封圈怎样安装在锅盖上？,zh-CN,Pressure Cooker,component,development,pressure-032-scene-0002,pressure-032,30.364,1379.311,1,,,no,6帧为宽时间厨房场景，部分帧可见锅体，但无密封圈安装到锅盖卡槽的演示动作。,AI=1→R1=1：保持。产品出现但无密封圈安装演示。,R1,completed,2026-07-28T01:55:19+08:00
VQ-041,压力锅密封圈怎样安装在锅盖上？,zh-CN,Pressure Cooker,component,development,pressure-032-scene-0003,pressure-032,1379.311,1438.637,0,,,no,6帧画面均未出现密封圈，也无将其安装到锅盖的动作。,,R1,completed,2026-07-28T01:55:19+08:00
VQ-041,压力锅密封圈怎样安装在锅盖上？,zh-CN,Pressure Cooker,component,development,pressure-033-scene-0020,pressure-033,196.096,204.071,1,,,no,第1、3、6帧可见锅盖上的蓝色密封圈，但只是展示，未演示如何安装到锅盖。,,R1,completed,2026-07-28T01:55:19+08:00
VQ-041,压力锅密封圈怎样安装在锅盖上？,zh-CN,Pressure Cooker,component,development,pressure-033-scene-0036,pressure-033,312.946,319.019,0,,,no,帧1-6(t=312.9s-319.1s)均为压力锅盖把手的特写镜头，叠加文字'Points to Remember: Lid won't open until steam has been released'；未出现密封圈被安装到锅盖上的任何动作或说明。,,R1,completed,2026-07-28T02:00:15+08:00
VQ-041,压力锅密封圈怎样安装在锅盖上？,zh-CN,Pressure Cooker,component,development,pressure-033-scene-0045,pressure-033,456.523,474.975,0,,,no,6 帧均未出现密封圈部件特写或安装动作；帧4-5 仅显示手合锅盖。,,R1,completed,2026-07-28T01:55:19+08:00
VQ-041,压力锅密封圈怎样安装在锅盖上？,zh-CN,Pressure Cooker,component,development,pressure-033-scene-0051,pressure-033,533.934,536.236,1,,,no,6帧为锅盖特写，未显示密封圈安装到锅盖上的卡槽、按压或嵌合过程。,AI=0→R1=1：锅盖可见但无密封圈安装画面。,R1,completed,2026-07-28T01:55:19+08:00
VQ-041,压力锅密封圈怎样安装在锅盖上？,zh-CN,Pressure Cooker,component,development,pressure-033-scene-0067,pressure-033,788.388,792.326,1,,,no,所有6帧(t=788.4s-792.3s)显示厨师双手拿着一只浅蓝色硅胶密封圈在压力锅上方翻转/检查；ASR说'you should always remove the rubbery gasket from the underside of the lid'，但画面未演示把密封圈安装到锅盖上的动作。,,R1,completed,2026-07-28T02:00:15+08:00
VQ-041,压力锅密封圈怎样安装在锅盖上？,zh-CN,Pressure Cooker,component,development,pressure-033-scene-0070,pressure-033,804.104,827.427,2,808.8,822.8,no,第2-3帧（t=808.8s-813.4s）及第5帧（t=822.8s）清晰显示厨师手持蓝色密封圈（gasket）并与锅盖配合展示安装位置，ASR同步说明'insert the gasket under the underside of the lid'。,AI=1→R1=2：画面明确展示厨师手持密封圈与锅盖配合演示安装方法，且ASR同步说明将密封圈装入锅盖底部的步骤。,R1,completed,2026-07-28T01:55:19+08:00
VQ-041,压力锅密封圈怎样安装在锅盖上？,zh-CN,Pressure Cooker,component,development,pressure-036-scene-0006,pressure-036,72.773,78.312,0,,,no,第1-6帧（t=72.8s-78.3s）显示一人手持电压力锅盖并操作锅体，但所有帧均未展示密封圈或将其安装到锅盖上的动作。,,R1,completed,2026-07-28T02:00:15+08:00
VQ-041,压力锅密封圈怎样安装在锅盖上？,zh-CN,Pressure Cooker,component,development,pressure-036-scene-0008,pressure-036,91.658,99.333,0,,,no,第1-6帧（91.7s-99.3s）仅演示内胆放入，未出现锅盖密封圈或安装动作。,,R1,completed,2026-07-28T01:55:19+08:00
VQ-041,压力锅密封圈怎样安装在锅盖上？,zh-CN,Pressure Cooker,component,development,pressure-036-scene-0009,pressure-036,99.333,109.343,1,,,no,画面详细展示了锅盖的外部特征和红色指示灯位置，但未展示密封圈的存在或其安装方式。,,R1,completed,2026-07-28T01:55:19+08:00
VQ-041,压力锅密封圈怎样安装在锅盖上？,zh-CN,Pressure Cooker,component,development,pressure-036-scene-0012,pressure-036,174.675,219.353,0,,,no,全部6帧画面均未出现密封圈、锅盖内侧或任何装配动作；画面仅展示压力锅整机外观、显示屏和鸡肉食材。,,R1,completed,2026-07-28T01:55:19+08:00
VQ-041,压力锅密封圈怎样安装在锅盖上？,zh-CN,Pressure Cooker,component,development,pressure-037-scene-0003,pressure-037,10.801,14.512,0,,,no,6帧为菜肴拼贴+宣传文字，整段无锅盖或密封圈特写，更无密封圈安装演示。,,R1,completed,2026-07-28T01:55:19+08:00
VQ-041,压力锅密封圈怎样安装在锅盖上？,zh-CN,Pressure Cooker,component,development,pressure-037-scene-0004,pressure-037,14.512,17.807,0,,,no,6帧中没有密封圈，也无安装动作。,,R1,completed,2026-07-28T01:55:19+08:00
VQ-041,压力锅密封圈怎样安装在锅盖上？,zh-CN,Pressure Cooker,component,development,pressure-037-scene-0009,pressure-037,41.284,45.955,1,,,no,画面显示压力锅盖及旋钮区域的特写镜头，但全程无密封圈的拆装操作或安装方法的展示。,,R1,completed,2026-07-28T01:55:19+08:00
VQ-041,压力锅密封圈怎样安装在锅盖上？,zh-CN,Pressure Cooker,component,development,pressure-037-scene-0011,pressure-037,54.17,61.384,0,,,no,全部6帧均为食材处理画面，没有出现锅盖、密封圈或安装动作。,,R1,completed,2026-07-28T01:55:19+08:00
VQ-041,压力锅密封圈怎样安装在锅盖上？,zh-CN,Pressure Cooker,component,development,pressure-037-scene-0014,pressure-037,77.731,80.234,0,,,no,全部6帧仅显示Instant Pot控制面板操作，无密封圈或锅盖相关内容。,,R1,completed,2026-07-28T02:00:15+08:00
VQ-041,压力锅密封圈怎样安装在锅盖上？,zh-CN,Pressure Cooker,component,development,pressure-040-scene-0017,pressure-040,204.805,208.308,0,,,no,第1-6帧（t=204.8s-208.3s）显示一位女性将液体从金属杯倒入压力锅，全程没有密封圈或锅盖安装动作。,,R1,completed,2026-07-28T02:00:15+08:00
VQ-041,压力锅密封圈怎样安装在锅盖上？,zh-CN,Pressure Cooker,component,development,pressure-040-scene-0024,pressure-040,265.766,268.235,0,,,no,全6帧（t=265.8s–268.2s）展示的是将已有锅盖盖上的操作，并非密封圈的安装步骤。,AI=1→R1=0：画面展示的是盖锅盖操作而非密封圈安装，与查询内容不符。,R1,completed,2026-07-28T01:55:19+08:00
VQ-041,压力锅密封圈怎样安装在锅盖上？,zh-CN,Pressure Cooker,component,development,pressure-040-scene-0025,pressure-040,268.235,283.016,0,,,no,"画面中锅盖被放置/按压,但无密封圈安装的任何特写或相关操作。",,R1,completed,2026-07-28T01:55:19+08:00
VQ-042,Where are the steam-release and float valves on a pressure-cooker lid?,en,Pressure Cooker,component,development,pressure-001-scene-0001,pressure-001,0.0,120.65,1,,,no,全6帧（t=0.0s–120.6s）可见压力锅顶部中央有红色阀帽（排气阀大致位置），但画面未明确标识或分别指出排气阀和浮子阀的具体位置。,,R1,completed,2026-07-28T01:55:19+08:00
VQ-042,Where are the steam-release and float valves on a pressure-cooker lid?,en,Pressure Cooker,component,development,pressure-010-scene-0004,pressure-010,102.035,143.911,2,135.6,143.9,no,第5–6帧（t=135.6s–143.9s）显示锅盖锁定后手正在调节顶部的蒸汽释放阀，展示了蒸汽释放阀在锅盖上的位置。,AI=0→R1=2：画面实际展示了蒸汽释放阀在锅盖上的位置。,R1,completed,2026-07-28T01:55:19+08:00
VQ-042,Where are the steam-release and float valves on a pressure-cooker lid?,en,Pressure Cooker,component,development,pressure-010-scene-0006,pressure-010,147.915,182.549,0,,,no,帧1/帧6 俯视锅盖可见顶部黑色旋钮，但未明确指向/讲解蒸汽阀或浮子阀位置。,,R1,completed,2026-07-28T01:55:19+08:00
VQ-042,Where are the steam-release and float valves on a pressure-cooker lid?,en,Pressure Cooker,component,development,pressure-011-scene-0017,pressure-011,136.67,143.744,1,,,no,锅盖未特写，未指示蒸汽释放阀或浮子阀位置。,AI=0→R1=1：产品出现但内容未回答阀门位置。,R1,completed,2026-07-28T01:55:19+08:00
VQ-042,Where are the steam-release and float valves on a pressure-cooker lid?,en,Pressure Cooker,component,development,pressure-011-scene-0023,pressure-011,177.144,200.567,1,,,no,画面以食物准备为主，帧4-5(t=191.2s-195.9s)显示厨师与压力锅，帧5中盖子把手可见但未露出/标识蒸汽释放阀或浮子阀。,"第三轮仲裁修正：R1原记录 等级=0 时间=[None,None] 泄漏=no → 仲裁 等级=1 时间=[None,None] 泄漏=no。理由：帧4-5显示厨师与压力锅，锅盖可见但未露出或标识蒸汽释放阀/浮子阀，产品出现但不回答，采纳复核方意见判1级。",R1,completed,2026-07-28T20:35:21+08:00
VQ-042,Where are the steam-release and float valves on a pressure-cooker lid?,en,Pressure Cooker,component,development,pressure-011-scene-0024,pressure-011,200.567,214.214,1,,,no,锅盖未特写，未指示蒸汽释放阀或浮子阀位置。,AI=0→R1=1：产品出现但内容未回答阀门位置问题。,R1,completed,2026-07-28T01:55:19+08:00
VQ-042,Where are the steam-release and float valves on a pressure-cooker lid?,en,Pressure Cooker,component,development,pressure-012-scene-0017,pressure-012,62.462,66.133,0,,,no,第4-5帧虽能看到盖子顶部的提手，但画面没有任何展示蒸汽释放阀、浮子阀位置或结构细节的特写或指示。,,R1,completed,2026-07-28T01:55:19+08:00
VQ-042,Where are the steam-release and float valves on a pressure-cooker lid?,en,Pressure Cooker,component,development,pressure-012-scene-0018,pressure-012,66.133,69.269,1,,,no,6帧仅显示Instant Pot控制面板显示屏及COOK按钮按压画面，未出现锅盖、限压阀或浮阀的视觉信息。,AI=0→R1=1：同产品（Instant Pot压力锅）出现，但仅显示面板，未展示盖子上的阀门位置。,R1,completed,2026-07-28T02:00:15+08:00
VQ-042,Where are the steam-release and float valves on a pressure-cooker lid?,en,Pressure Cooker,component,development,pressure-012-scene-0019,pressure-012,69.269,72.806,0,,,no,锅盖俯视帧中未见蒸汽阀或浮子阀的特写/标识/讲解。,,R1,completed,2026-07-28T01:55:19+08:00
VQ-042,Where are the steam-release and float valves on a pressure-cooker lid?,en,Pressure Cooker,component,development,pressure-020-scene-0006,pressure-020,146.38,154.955,0,,,no,第1-6帧（146.4s-155.0s）锅盖始终关闭，未展示蒸汽释放阀或浮子阀位置。,,R1,completed,2026-07-28T01:55:19+08:00
VQ-042,Where are the steam-release and float valves on a pressure-cooker lid?,en,Pressure Cooker,component,development,pressure-020-scene-0007,pressure-020,154.955,176.677,0,,,no,"画面仅显示COSORI压力锅正面,锅盖部分细节不可见,无任何阀门位置特写。",,R1,completed,2026-07-28T01:55:19+08:00
VQ-042,Where are the steam-release and float valves on a pressure-cooker lid?,en,Pressure Cooker,component,development,pressure-020-scene-0008,pressure-020,176.677,181.248,2,177.6,178.5,no,帧2-3（t=177.6s-178.5s）清晰显示锅盖顶部中央有一黑色旋钮（蒸汽释放阀），人手正在操作该旋钮，可识别蒸汽阀位置；但浮子阀位置未单独呈现。,AI时间176.677-181.248→R1时间177.6-178.5s（仅框定操作阀门的帧）,R1,completed,2026-07-28T01:55:19+08:00
VQ-042,Where are the steam-release and float valves on a pressure-cooker lid?,en,Pressure Cooker,component,development,pressure-026-scene-0002,pressure-026,9.576,304.771,0,,,no,第1–6帧均为Atari游戏《Pressure Cooker》画面，非真实压力锅锅盖，不存在排气阀与浮子阀。,,R1,completed,2026-07-28T01:55:19+08:00
VQ-042,Where are the steam-release and float valves on a pressure-cooker lid?,en,Pressure Cooker,component,development,pressure-026-scene-0003,pressure-026,304.771,313.28,0,,,no,全部6帧（t=304.8s–313.3s）仅显示Atari 2600游戏卡带包装盒，无真实压力锅锅盖、排气阀或浮子阀等物理部件可见。,,R1,completed,2026-07-28T02:00:15+08:00
VQ-042,Where are the steam-release and float valves on a pressure-cooker lid?,en,Pressure Cooker,component,development,pressure-027-scene-0007,pressure-027,100.601,121.788,1,,,no,6帧画面右侧压力锅可见，锅盖外观可辨但蒸汽释放阀与浮子阀位置未被特写或文字标识。,AI=0→R1=1：压力锅出现在画面中，但6帧未给出阀/浮子位置特写或解释，按规则属'产品出现但不回答'。,R1,completed,2026-07-28T01:55:19+08:00
VQ-042,Where are the steam-release and float valves on a pressure-cooker lid?,en,Pressure Cooker,component,development,pressure-027-scene-0029,pressure-027,332.733,345.045,3,332.733,345.0,no,第1–6帧（t=332.733s–345.0s）女士持续手持锅盖并手指向锅盖上的压力阀/蒸汽阀，直接指示其所在位置。,AI=2→R1=3：画面明确指向并展示锅盖上的蒸汽释放阀位置，直接回答阀门位置问题。,R1,completed,2026-07-28T01:55:19+08:00
VQ-042,Where are the steam-release and float valves on a pressure-cooker lid?,en,Pressure Cooker,component,development,pressure-027-scene-0033,pressure-027,368.068,387.621,0,,,no,所有6帧(t=368.1s-387.7s)中压力锅盖一直关闭，未露出或标注任何蒸汽释放阀/浮子阀位置；ASR只笼统说'steam is not where you open it'，无具体阀门定位。,,R1,completed,2026-07-28T02:00:15+08:00
VQ-042,Where are the steam-release and float valves on a pressure-cooker lid?,en,Pressure Cooker,component,development,pressure-028-scene-0001,pressure-028,0.0,722.4,1,,,no,"Instant Pot锅盖被盖上,但未特写展示排气阀或浮球阀的位置。","第三轮仲裁修正：R1原记录 等级=0 时间=[None,None] 泄漏=no → 仲裁 等级=1 时间=[None,None] 泄漏=no。理由：Instant Pot锅盖整体可见，但6帧均未给出排气阀或浮球阀的特写位置标注，按规范采纳复核方1级意见。",R1,completed,2026-07-28T20:35:21+08:00
VQ-042,Where are the steam-release and float valves on a pressure-cooker lid?,en,Pressure Cooker,component,development,pressure-032-scene-0002,pressure-032,30.364,1379.311,1,,,no,6帧为宽时间厨房场景，蒸汽释放阀与浮子阀未被特写或文字标识其位置。,AI=1→R1=1：保持。产品出现但无阀门位置特写。,R1,completed,2026-07-28T01:55:19+08:00
VQ-042,Where are the steam-release and float valves on a pressure-cooker lid?,en,Pressure Cooker,component,development,pressure-032-scene-0003,pressure-032,1379.311,1438.637,0,,,no,锅盖整体可见，但没有标注或特写蒸汽释放阀、浮子阀的位置。,,R1,completed,2026-07-28T01:55:19+08:00
VQ-042,Where are the steam-release and float valves on a pressure-cooker lid?,en,Pressure Cooker,component,development,pressure-032-scene-0004,pressure-032,1438.637,1679.23,0,,,no,全部6帧为厨房全景和用餐场景，无锅盖特写，未显示排气阀或浮子阀的位置。,,R1,completed,2026-07-28T02:00:15+08:00
VQ-042,Where are the steam-release and float valves on a pressure-cooker lid?,en,Pressure Cooker,component,development,pressure-033-scene-0010,pressure-033,99.666,109.376,1,,,no,第0–5帧（t=99.7s–109.4s）中厨师展示锅盖内外侧并提到阀门在盖内，但未明确标出蒸汽释放阀与浮子阀的具体位置。,,R1,completed,2026-07-28T02:00:15+08:00
VQ-042,Where are the steam-release and float valves on a pressure-cooker lid?,en,Pressure Cooker,component,development,pressure-033-scene-0032,pressure-033,291.959,293.961,1,,,no,第1–6帧（t=292.0–294.0s）虽展示锅盖顶部，但未标注或指出排气阀与浮子阀的具体位置。,,R1,completed,2026-07-28T01:55:19+08:00
VQ-042,Where are the steam-release and float valves on a pressure-cooker lid?,en,Pressure Cooker,component,development,pressure-033-scene-0036,pressure-033,312.946,319.019,0,,,no,帧1-6为锅盖特写与安全提示文字叠加；锅盖上的蒸汽释放阀/浮子阀未出现或被单独指出，ASR只说'Now this is done.'。,,R1,completed,2026-07-28T02:00:15+08:00
VQ-042,Where are the steam-release and float valves on a pressure-cooker lid?,en,Pressure Cooker,component,development,pressure-033-scene-0051,pressure-033,533.934,536.236,2,533.934,536.236,no,6帧（t=533.9-536.2s）锅盖特写，清晰展示锅盖顶部橙色浮子阀的具体位置；ASR同步说明'pressure regulator valve into an upright position'，部分回答蒸汽释放阀/浮子阀位置。,AI=1→R1=2：6帧特写清楚标示浮子阀在锅盖顶部的位置，并对压力调节阀有ASR说明，构成对'阀门位置'的部分回答。,R1,completed,2026-07-28T01:55:19+08:00
VQ-042,Where are the steam-release and float valves on a pressure-cooker lid?,en,Pressure Cooker,component,development,pressure-033-scene-0054,pressure-033,556.523,576.61,2,556.523,576.6,no,第1-4帧及第6帧（t=550.6s–564.8s、t=576.6s）手在压力锅盖上操作蒸汽释放阀/调节器，第5帧（t=573.0s）文字列出'Steam Release Position'和'Visual Safety Indicator'特性，部分展示了排气阀位置但未明确指出浮子阀位置。,时间按实际证据片段重定位,R1,completed,2026-07-28T02:00:15+08:00
VQ-042,Where are the steam-release and float valves on a pressure-cooker lid?,en,Pressure Cooker,component,development,pressure-033-scene-0066,pressure-033,771.004,788.388,1,,,no,第1、3帧（t=771.0s、778.0s）等显示多个压力锅及'Two independent valves'字幕，但未具体指出锅盖上的 steam-release 和 float valves 位置。,AI=0→R1=1,R1,completed,2026-07-28T02:00:15+08:00
VQ-042,Where are the steam-release and float valves on a pressure-cooker lid?,en,Pressure Cooker,component,development,pressure-033-scene-0067,pressure-033,788.388,792.326,0,,,no,所有6帧(t=788.4s-792.3s)镜头聚焦于厨师手中浅蓝色密封圈，压力锅锅体在下半部分可见；锅盖上的蒸汽释放阀/浮子阀未出现或被标识，ASR只讲清洁密封圈。,,R1,completed,2026-07-28T02:00:15+08:00
VQ-042,Where are the steam-release and float valves on a pressure-cooker lid?,en,Pressure Cooker,component,development,pressure-036-scene-0005,pressure-036,65.999,72.773,0,,,no,全部6帧（t=66.0s-72.8s）只展示了打开的压力锅锅体与配件，锅盖未被展示，无法看到蒸汽释放阀或浮子阀的位置。,,R1,completed,2026-07-28T02:00:15+08:00
VQ-042,Where are the steam-release and float valves on a pressure-cooker lid?,en,Pressure Cooker,component,development,pressure-036-scene-0009,pressure-036,99.333,109.343,1,,,no,ASR提到'vent and a lock'以及'pop-up indicator'，双手在锅盖上广泛指点，但并未明确指出排气阀（steam-release valve）和浮子阀（float valve）各自的具体位置。,,R1,completed,2026-07-28T01:55:19+08:00
VQ-042,Where are the steam-release and float valves on a pressure-cooker lid?,en,Pressure Cooker,component,development,pressure-036-scene-0010,pressure-036,109.343,118.819,1,,,no,第1–6帧（t=109.3–118.8s）为电压力锅正面控制面板视角，锅盖顶部的排气阀与浮子阀未被展示或标注。,AI=0→R1=1：电压力锅产品出现，但画面未展示锅盖上的蒸汽释放阀和浮子阀位置。,R1,completed,2026-07-28T01:55:19+08:00
VQ-042,Where are the steam-release and float valves on a pressure-cooker lid?,en,Pressure Cooker,component,development,pressure-036-scene-0012,pressure-036,174.675,219.353,0,,,no,画面中锅盖在第5-6帧可见，但仅呈现盖子顶部与提手外部轮廓，没有任何顶视/特写展示蒸汽释放阀、浮子阀位置或结构细节。,,R1,completed,2026-07-28T01:55:19+08:00
VQ-042,Where are the steam-release and float valves on a pressure-cooker lid?,en,Pressure Cooker,component,development,pressure-037-scene-0004,pressure-037,14.512,17.807,0,,,no,锅盖上有把手，但未标注或特写蒸汽释放阀、浮子阀位置。,AI=1→R1=0：未展示蒸汽释放阀和浮子阀的具体位置。,R1,completed,2026-07-28T01:55:19+08:00
VQ-042,Where are the steam-release and float valves on a pressure-cooker lid?,en,Pressure Cooker,component,development,pressure-037-scene-0008,pressure-037,34.279,41.284,1,,,no,"Instant Pot锅盖可见,但无任何特写镜头展示排气阀或浮球阀的位置。",,R1,completed,2026-07-28T01:55:19+08:00
VQ-042,Where are the steam-release and float valves on a pressure-cooker lid?,en,Pressure Cooker,component,development,pressure-037-scene-0009,pressure-037,41.284,45.955,1,,,no,锅盖区域虽有特写，但双手仅操作旋钮控制器，未指出排气阀或浮子阀在锅盖上的具体位置。,,R1,completed,2026-07-28T01:55:19+08:00
VQ-042,Where are the steam-release and float valves on a pressure-cooker lid?,en,Pressure Cooker,component,development,pressure-037-scene-0017,pressure-037,90.951,99.42,1,,,no,画面仅显示按压锅盖把手，未特写或指示蒸汽释放阀、浮子阀的具体位置。,,R1,completed,2026-07-28T01:55:19+08:00
VQ-042,Where are the steam-release and float valves on a pressure-cooker lid?,en,Pressure Cooker,component,development,pressure-040-scene-0024,pressure-040,265.766,268.235,0,,,no,全6帧（t=265.8s–268.2s）锅盖被手持/放置但未特写或指出排气阀和浮子阀的具体位置。,,R1,completed,2026-07-28T01:55:19+08:00
VQ-042,Where are the steam-release and float valves on a pressure-cooker lid?,en,Pressure Cooker,component,development,pressure-040-scene-0025,pressure-040,268.235,283.016,0,,,no,锅盖可见但无特写镜头展示排气阀或浮球阀的位置。,,R1,completed,2026-07-28T01:55:19+08:00
VQ-042,Where are the steam-release and float valves on a pressure-cooker lid?,en,Pressure Cooker,component,development,pressure-040-scene-0040,pressure-040,517.584,530.831,0,,,no,全部6帧为访谈场景，压力锅在背景中且距离较远，完全无法看到锅盖上任何阀门部件的位置。,,R1,completed,2026-07-28T01:55:19+08:00
VQ-043,压力锅内胆和控制面板怎样配合使用？,zh-CN,Pressure Cooker,component,development,pressure-001-scene-0001,pressure-001,0.0,120.65,0,,,no,全6帧（t=0.0s–120.6s）为炉灶式压力锅无控制面板，内胆也未取出或展示，无配合使用相关内容。,,R1,completed,2026-07-28T01:55:19+08:00
VQ-043,压力锅内胆和控制面板怎样配合使用？,zh-CN,Pressure Cooker,component,development,pressure-010-scene-0004,pressure-010,102.035,143.911,1,,,no,画面中内胆已放入锅体且控制面板显示0:00，但未演示内胆与控制面板如何配合设置或工作。,,R1,completed,2026-07-28T01:55:19+08:00
VQ-043,压力锅内胆和控制面板怎样配合使用？,zh-CN,Pressure Cooker,component,development,pressure-010-scene-0006,pressure-010,147.915,182.549,1,,,no,帧1/帧6 控制面板可见数字显示，帧3-5 显示内胆盛装食材；全片未演示内胆与面板配合使用的具体操作或说明。,,R1,completed,2026-07-28T01:55:19+08:00
VQ-043,压力锅内胆和控制面板怎样配合使用？,zh-CN,Pressure Cooker,component,development,pressure-010-scene-0008,pressure-010,186.553,232.766,1,,,no,场景展示添加奶酪和搅拌食物，未说明内胆与控制面板如何配合。,,R1,completed,2026-07-28T01:55:19+08:00
VQ-043,压力锅内胆和控制面板怎样配合使用？,zh-CN,Pressure Cooker,component,development,pressure-011-scene-0012,pressure-011,86.887,98.198,1,,,no,第2-6帧（t=89.1s–98.2s）手在Instant Pot控制面板上按Pressure Cook键并设置时间，演示了控制面板的操作方式，但全程未出现内胆，未能展示两者如何配合使用。,"AI=3→R1=2：仅演示了控制面板按键操作（按Pressure Cook设时），但画面中完全未出现内胆，无法展示两者配合使用的关系。 | 第三轮仲裁修正：R1原记录 等级=2 时间=[89.1,98.198] 泄漏=no → 仲裁 等级=1 时间=[None,None] 泄漏=no。理由：画面仅展示控制面板按键操作，全程未出现内胆，无法展示内胆与控制面板如何配合使用，采纳复核方1级意见。",R1,completed,2026-07-28T20:35:21+08:00
VQ-043,压力锅内胆和控制面板怎样配合使用？,zh-CN,Pressure Cooker,component,development,pressure-011-scene-0014,pressure-011,102.302,123.357,1,,,no,全部6帧仅显示Instant Pot控制面板及手部操作按钮，完全未见内胆，无法展示内胆与控制面板如何配合使用。,AI=2→R1=1：画面仅展示控制面板操作，内胆完全未出现，无法回答两者如何配合使用。,R1,completed,2026-07-28T02:00:15+08:00
VQ-043,压力锅内胆和控制面板怎样配合使用？,zh-CN,Pressure Cooker,component,development,pressure-011-scene-0016,pressure-011,125.859,136.67,1,,,no,画面中有Instant Pot控制面板显示0n（t=125.9s、136.7s），但未展示内胆与控制面板如何配合（如放置内胆后按键选择程序、反馈显示等）。,,R1,completed,2026-07-28T01:55:19+08:00
VQ-043,压力锅内胆和控制面板怎样配合使用？,zh-CN,Pressure Cooker,component,development,pressure-011-scene-0020,pressure-011,159.76,163.297,1,,,no,仅显示控制面板操作，未同时展示内胆及其与控制面板的配合关系。,AI=2→R1=1：仅有控制面板，无内胆配合演示。,R1,completed,2026-07-28T01:55:19+08:00
VQ-043,压力锅内胆和控制面板怎样配合使用？,zh-CN,Pressure Cooker,component,development,pressure-011-scene-0028,pressure-011,240.741,249.249,0,,,no,6帧画面均为俯视锅内，厨师在搅拌；压力锅控制面板/显示屏完全不在视野内，无法看到按键或读数配合。,,R1,completed,2026-07-28T01:55:19+08:00
VQ-043,压力锅内胆和控制面板怎样配合使用？,zh-CN,Pressure Cooker,component,development,pressure-012-scene-0016,pressure-012,58.725,62.462,0,,,no,6帧画面均为锅内俯视（倒酱汁、搅拌），控制面板/显示屏完全不在视野内，无法呈现内胆和面板的'配合使用'。,,R1,completed,2026-07-28T01:55:19+08:00
VQ-043,压力锅内胆和控制面板怎样配合使用？,zh-CN,Pressure Cooker,component,development,pressure-012-scene-0017,pressure-012,62.462,66.133,0,,,no,全部6帧画面没有出现压力锅的控制面板/显示屏（前3帧是锅内俯视、后2帧是盖顶俯视、最后一帧又回到锅内），无法看到面板读数或按键操作。,AI=1→R1=0：6帧中控制面板/显示屏完全不在视野内，无法呈现内胆和控制面板的'配合使用'。,R1,completed,2026-07-28T01:55:19+08:00
VQ-043,压力锅内胆和控制面板怎样配合使用？,zh-CN,Pressure Cooker,component,development,pressure-012-scene-0018,pressure-012,66.133,69.269,2,66.133,69.269,no,6帧显示Instant Pot控制面板显示屏在'Pressure Cook'模式下倒计时运行、手指按压COOK按钮，展示了面板主动运行状态，但未直接演示内胆如何放入/取出与面板协同的具体配合操作。,时间按实际证据片段重定位,R1,completed,2026-07-28T02:00:15+08:00
VQ-043,压力锅内胆和控制面板怎样配合使用？,zh-CN,Pressure Cooker,component,development,pressure-012-scene-0019,pressure-012,69.269,72.806,1,,,no,帧3-5 内胆盛装鸡肉，但 6 帧未出现控制面板的操作演示，无'配合使用'的具体说明。,,R1,completed,2026-07-28T01:55:19+08:00
VQ-043,压力锅内胆和控制面板怎样配合使用？,zh-CN,Pressure Cooker,component,development,pressure-012-scene-0021,pressure-012,77.744,81.448,0,,,no,全部6帧仅展示锅内搅拌深色液体，未出现控制面板或内胆与控制面板配合操作。,,R1,completed,2026-07-28T02:00:15+08:00
VQ-043,压力锅内胆和控制面板怎样配合使用？,zh-CN,Pressure Cooker,component,development,pressure-012-scene-0023,pressure-012,84.785,88.488,1,,,no,全部6帧只展示锅内食材和搅拌动作，未见内胆取出/放回，也未见控制面板及其配合操作。,AI=0→R1=1：压力锅本体可见，但画面未展示内胆与控制面板的配合使用。,R1,completed,2026-07-28T02:00:15+08:00
VQ-043,压力锅内胆和控制面板怎样配合使用？,zh-CN,Pressure Cooker,component,development,pressure-020-scene-0006,pressure-020,146.38,154.955,1,,,no,第1-6帧（146.4s-155.0s）展示了电压力锅控制面板，但未展示内胆与其配合的工作过程。,,R1,completed,2026-07-28T01:55:19+08:00
VQ-043,压力锅内胆和控制面板怎样配合使用？,zh-CN,Pressure Cooker,component,development,pressure-020-scene-0007,pressure-020,154.955,176.677,1,,,no,"控制面板和'0:06'显示可见,手指在按钮上操作;但内胆未单独展示,与面板的配合使用未被明确演示。","AI=2→R1=1:画面仅显示面板交互,内胆未单独展示或演示其与面板的配合;保守评1级。",R1,completed,2026-07-28T01:55:19+08:00
VQ-043,压力锅内胆和控制面板怎样配合使用？,zh-CN,Pressure Cooker,component,development,pressure-026-scene-0001,pressure-026,0.0,9.576,0,,,no,画面为1983年Activision游戏《Pressure Cooker》的标题卡，6帧均未出现实体电压力锅、内胆或控制面板。,,R1,completed,2026-07-28T01:55:19+08:00
VQ-043,压力锅内胆和控制面板怎样配合使用？,zh-CN,Pressure Cooker,component,development,pressure-026-scene-0003,pressure-026,304.771,313.28,0,,,no,全部6帧（t=304.8s–313.3s）仅显示游戏卡带包装盒，无真实压力锅内胆或控制面板，无法展示二者如何配合使用。,,R1,completed,2026-07-28T02:00:15+08:00
VQ-043,压力锅内胆和控制面板怎样配合使用？,zh-CN,Pressure Cooker,component,development,pressure-026-scene-0009,pressure-026,339.94,357.023,0,,,no,第1-6帧（t=339.9s-357.0s）全部是 Garry Kitchen's GameMaker 广告画面，没有出现压力锅。,,R1,completed,2026-07-28T02:00:15+08:00
VQ-043,压力锅内胆和控制面板怎样配合使用？,zh-CN,Pressure Cooker,component,development,pressure-027-scene-0010,pressure-027,167.968,181.081,1,,,no,6帧均显示女士在已组装好的压力锅中搅拌食材（t=170.6–181.1s），未出现内胆装入/取出及控制面板配合操作。,"第三轮仲裁修正：R1原记录 等级=0 时间=[None,None] 泄漏=no → 仲裁 等级=1 时间=[None,None] 泄漏=no。理由：帧1-4中女士在已组装好的压力锅中搅拌食材，产品出现但未出现内胆装入/取出及控制面板配合操作，采纳复核方意见判1级。",R1,completed,2026-07-28T20:35:21+08:00
VQ-043,压力锅内胆和控制面板怎样配合使用？,zh-CN,Pressure Cooker,component,development,pressure-027-scene-0026,pressure-027,317.417,321.788,1,,,no,6帧均为主持人坐在演播室沙发上看屏幕（t=317.4–321.8s），背景屏幕中压力锅仅作为烹饪搅拌的远景画面，未展示内胆与控制面板配合。,,R1,completed,2026-07-28T02:00:15+08:00
VQ-043,压力锅内胆和控制面板怎样配合使用？,zh-CN,Pressure Cooker,component,development,pressure-027-scene-0029,pressure-027,332.733,345.045,1,,,no,未展示内胆或控制面板配合。,,R1,completed,2026-07-28T01:55:19+08:00
VQ-043,压力锅内胆和控制面板怎样配合使用？,zh-CN,Pressure Cooker,component,development,pressure-027-scene-0039,pressure-027,438.972,468.368,0,,,no,6帧中黑色压力锅虽在台面右侧可见（t=439.0–468.4s），但女士全程在准备碗装食物配料，未触碰锅体，更无内胆与控制面板配合演示。,,R1,completed,2026-07-28T02:00:15+08:00
VQ-043,压力锅内胆和控制面板怎样配合使用？,zh-CN,Pressure Cooker,component,development,pressure-032-scene-0002,pressure-032,30.364,1379.311,1,,,no,6帧为宽时间厨房场景，部分帧可见锅体与炉台，但无内胆与控制面板交互操作画面。,AI=1→R1=1：保持。产品出现但无配合演示。,R1,completed,2026-07-28T01:55:19+08:00
VQ-043,压力锅内胆和控制面板怎样配合使用？,zh-CN,Pressure Cooker,component,development,pressure-032-scene-0003,pressure-032,1379.311,1438.637,0,,,no,炉顶压力锅无控制面板，画面中也没有内胆取出/放入或与面板配合的操作。,AI=1→R1=0：该产品为炉顶压力锅，无控制面板，未展示内胆与面板配合。,R1,completed,2026-07-28T01:55:19+08:00
VQ-043,压力锅内胆和控制面板怎样配合使用？,zh-CN,Pressure Cooker,component,development,pressure-033-scene-0020,pressure-033,196.096,204.071,0,,,no,画面中未出现内胆，也没有控制面板操作或二者配合演示。,AI=1→R1=0：未展示内胆与控制面板，无配合操作。,R1,completed,2026-07-28T01:55:19+08:00
VQ-043,压力锅内胆和控制面板怎样配合使用？,zh-CN,Pressure Cooker,component,development,pressure-033-scene-0034,pressure-033,307.407,309.676,1,,,no,6帧画面仅展示锅盖和压力调节阀，手在操作阀门，未见内胆，也未见控制面板及其配合动作。,,R1,completed,2026-07-28T02:00:15+08:00
VQ-043,压力锅内胆和控制面板怎样配合使用？,zh-CN,Pressure Cooker,component,development,pressure-033-scene-0051,pressure-033,533.934,536.236,1,,,no,6帧均为锅盖特写，未取到控制面板或内胆，二者'配合使用'无法从画面观察。,AI=0→R1=1：锅盖可见但无控制面板或内胆，无法演示配合使用。,R1,completed,2026-07-28T01:55:19+08:00
VQ-043,压力锅内胆和控制面板怎样配合使用？,zh-CN,Pressure Cooker,component,development,pressure-033-scene-0054,pressure-033,556.523,576.61,1,,,no,全部6帧（t=550.6s–576.6s）仅展示盖上的排气阀操作和产品特性文字，未出现内胆或控制面板。,,R1,completed,2026-07-28T02:00:15+08:00
VQ-043,压力锅内胆和控制面板怎样配合使用？,zh-CN,Pressure Cooker,component,development,pressure-033-scene-0055,pressure-033,576.61,588.388,1,,,no,第1-6帧（t=576.6s-588.4s）中压力锅主体与锅盖可见，但演示重点是锅盖锁定与压力指示器，未展示内胆与控制面板之间的配合操作。,,R1,completed,2026-07-28T02:00:15+08:00
VQ-043,压力锅内胆和控制面板怎样配合使用？,zh-CN,Pressure Cooker,component,development,pressure-033-scene-0056,pressure-033,588.388,591.758,1,,,no,全部6帧均为锅盖放置与锁定操作，未出现内胆拆卸或控制面板使用演示。,,R1,completed,2026-07-28T01:55:19+08:00
VQ-043,压力锅内胆和控制面板怎样配合使用？,zh-CN,Pressure Cooker,component,development,pressure-033-scene-0057,pressure-033,591.758,596.396,1,,,no,6帧显示厨师将压力锅盖合上并转动锁定（t=591.8–596.4s），画面未涉及内胆装入/取出或控制面板操作。,,R1,completed,2026-07-28T02:00:15+08:00
VQ-043,压力锅内胆和控制面板怎样配合使用？,zh-CN,Pressure Cooker,component,development,pressure-036-scene-0005,pressure-036,65.999,72.773,1,,,no,全部6帧（t=66.0s-72.8s）中电压力锅打开，可见内胆与前部控制面板，但人物仅展示汤勺和量杯，未演示内胆与控制面板如何配合操作。,,R1,completed,2026-07-28T02:00:15+08:00
VQ-043,压力锅内胆和控制面板怎样配合使用？,zh-CN,Pressure Cooker,component,development,pressure-036-scene-0011,pressure-036,118.819,174.675,1,,,no,全部6帧仅展示压力锅控制面板（旋钮+按键+显示屏）的操作过程，内胆完全未出现在画面中，无法展示二者如何配合。,AI=2→R1=1：画面详细展示了控制面板操作流程，但内胆完全未出现，无法说明内胆与控制面板如何配合使用。,R1,completed,2026-07-28T02:00:15+08:00
VQ-043,压力锅内胆和控制面板怎样配合使用？,zh-CN,Pressure Cooker,component,development,pressure-036-scene-0012,pressure-036,174.675,219.353,1,,,no,6帧中控制面板（蓝底显示屏，显示'OFF'或'00:15'、红色按钮）与内胆（始终在主机内、装有鸡块）均可见，但未演示任何按键操作与内胆放入/取出之间的配合流程；面板只有计时显示，没有'配合使用'的过程展示。,,R1,completed,2026-07-28T01:55:19+08:00
VQ-043,压力锅内胆和控制面板怎样配合使用？,zh-CN,Pressure Cooker,component,development,pressure-036-scene-0015,pressure-036,268.101,302.503,1,,,no,"5帧为压力锅控制面板/显示屏特写（t=268.1s,275.0s,281.9s,288.7s,302.5s），1帧（t=295.6s）为男人在厨房操作压力锅（蒸汽冒出）的远景，但均未明确演示内胆放入或内胆与控制面板的直接配合操作。",AI=2→R1=1：仅显示控制面板与显示屏操作，未直接演示内胆放置及与面板的配合使用过程。,R1,completed,2026-07-28T02:00:15+08:00
VQ-043,压力锅内胆和控制面板怎样配合使用？,zh-CN,Pressure Cooker,component,development,pressure-037-scene-0004,pressure-037,14.512,17.807,0,,,no,虽然控制面板可见，但无内胆取出/放入，也无二者配合操作。,AI=1→R1=0：未展示内胆与控制面板的配合。,R1,completed,2026-07-28T01:55:19+08:00
VQ-043,压力锅内胆和控制面板怎样配合使用？,zh-CN,Pressure Cooker,component,development,pressure-037-scene-0007,pressure-037,31.276,34.279,1,,,no,6帧为控制面板+手指按压，无内胆画面可见，无法演示内胆与控制面板的配合使用。,AI=2→R1=1：仅展示控制面板按压，无内胆与面板配合画面，不构成对'内胆和控制面板配合'的部分回答。,R1,completed,2026-07-28T01:55:19+08:00
VQ-043,压力锅内胆和控制面板怎样配合使用？,zh-CN,Pressure Cooker,component,development,pressure-037-scene-0014,pressure-037,77.731,80.234,1,,,no,全部6帧仅显示Instant Pot控制面板及手部按钮操作（显示屏OFF/9/7切换），内胆完全未出现在画面中。,AI=2→R1=1：画面仅展示控制面板操作，无内胆出现，无法说明两者如何配合使用。,R1,completed,2026-07-28T02:00:15+08:00
VQ-043,压力锅内胆和控制面板怎样配合使用？,zh-CN,Pressure Cooker,component,development,pressure-040-scene-0003,pressure-040,63.897,70.237,1,,,no,全部6帧（t=63.9s–70.3s）仅展示控制面板外观和倒计时，未出现内胆，也未演示两者如何配合使用。,AI=2→R1=1：仅展示控制面板静态画面和倒计时，无内胆出现，未演示两者配合关系。,R1,completed,2026-07-28T02:00:15+08:00
VQ-043,压力锅内胆和控制面板怎样配合使用？,zh-CN,Pressure Cooker,component,development,pressure-040-scene-0005,pressure-040,74.474,77.945,1,,,no,6帧显示屏可见，但内胆画面不可见，无法演示内胆与控制面板的配合使用。,AI=1→R1=1：保持。压力锅出现但无内胆与面板交互。,R1,completed,2026-07-28T01:55:19+08:00
VQ-043,压力锅内胆和控制面板怎样配合使用？,zh-CN,Pressure Cooker,component,development,pressure-040-scene-0022,pressure-040,248.615,254.154,1,,,no,全部6帧显示电压力锅控制面板及00:00显示（t=248.6s–254.2s），有人倒液体入锅，但未见内胆取出、对准、与控制面板联动的操作演示。,,R1,completed,2026-07-28T02:00:15+08:00
VQ-043,压力锅内胆和控制面板怎样配合使用？,zh-CN,Pressure Cooker,component,development,pressure-040-scene-0025,pressure-040,268.235,283.016,1,,,no,"控制面板/显示屏可见,但内胆未单独展示,与面板的配合使用未被明确演示。",,R1,completed,2026-07-28T01:55:19+08:00
VQ-044,How should the pressure-cooker lid and sealing ring be cleaned?,en,Pressure Cooker,maintenance,development,pressure-001-scene-0001,pressure-001,0.0,120.65,0,,,no,全6帧（t=0.0s–120.6s）无任何清洁操作或拆解锅盖/密封圈的画面。,,R1,completed,2026-07-28T01:55:19+08:00
VQ-044,How should the pressure-cooker lid and sealing ring be cleaned?,en,Pressure Cooker,maintenance,development,pressure-010-scene-0004,pressure-010,102.035,143.911,0,,,no,场景为烹饪前准备，未出现清洗锅盖或密封圈的画面。,,R1,completed,2026-07-28T01:55:19+08:00
VQ-044,How should the pressure-cooker lid and sealing ring be cleaned?,en,Pressure Cooker,maintenance,development,pressure-010-scene-0006,pressure-010,147.915,182.549,0,,,no,6 帧无任何清洁动作或清洁讲解。,,R1,completed,2026-07-28T01:55:19+08:00
VQ-044,How should the pressure-cooker lid and sealing ring be cleaned?,en,Pressure Cooker,maintenance,development,pressure-011-scene-0017,pressure-011,136.67,143.744,1,,,no,无清洗画面或说明。,AI=0→R1=1：产品出现但内容未涉及清洗。,R1,completed,2026-07-28T01:55:19+08:00
VQ-044,How should the pressure-cooker lid and sealing ring be cleaned?,en,Pressure Cooker,maintenance,development,pressure-011-scene-0023,pressure-011,177.144,200.567,1,,,no,画面主要为俯视食物准备与厨师站在压力锅旁；未演示锅盖或密封圈的任何清洁动作，ASR只讲'sauteing/quick release'，与清洁无关。,"第三轮仲裁修正：R1原记录 等级=0 时间=[None,None] 泄漏=no → 仲裁 等级=1 时间=[None,None] 泄漏=no。理由：画面以食物准备为主，压力锅产品出现但未演示锅盖或密封圈清洁动作，按规范产品出现但不回答，采纳复核方意见判1级。",R1,completed,2026-07-28T20:35:21+08:00
VQ-044,How should the pressure-cooker lid and sealing ring be cleaned?,en,Pressure Cooker,maintenance,development,pressure-011-scene-0024,pressure-011,200.567,214.214,1,,,no,场景仅展示开盖，无清洗动作或说明。,,R1,completed,2026-07-28T01:55:19+08:00
VQ-044,How should the pressure-cooker lid and sealing ring be cleaned?,en,Pressure Cooker,maintenance,development,pressure-012-scene-0017,pressure-012,62.462,66.133,0,,,no,6帧画面均为烹饪过程中的食材搅拌和盖盖动作，无清洗锅盖、密封圈或任何清洁工具/水流出现。,,R1,completed,2026-07-28T01:55:19+08:00
VQ-044,How should the pressure-cooker lid and sealing ring be cleaned?,en,Pressure Cooker,maintenance,development,pressure-012-scene-0019,pressure-012,69.269,72.806,0,,,no,6 帧无任何清洁动作。,,R1,completed,2026-07-28T01:55:19+08:00
VQ-044,How should the pressure-cooker lid and sealing ring be cleaned?,en,Pressure Cooker,maintenance,development,pressure-020-scene-0003,pressure-020,82.716,105.939,0,,,no,全部6帧（t=82.7s-105.9s）只显示在水槽中冲洗一个普通金属锅，未见压力锅锅盖、密封圈或相关清洁动作。,,R1,completed,2026-07-28T02:00:15+08:00
VQ-044,How should the pressure-cooker lid and sealing ring be cleaned?,en,Pressure Cooker,maintenance,development,pressure-020-scene-0004,pressure-020,105.939,120.988,0,,,no,全部6帧均为在水槽中用金属盆冲洗大米并倒入滤网（t=105.9–121.0s），未出现压力锅及其锅盖、密封圈。,,R1,completed,2026-07-28T02:00:15+08:00
VQ-044,How should the pressure-cooker lid and sealing ring be cleaned?,en,Pressure Cooker,maintenance,development,pressure-020-scene-0006,pressure-020,146.38,154.955,0,,,no,第1-6帧（146.4s-155.0s）未展示锅盖、密封圈或清洗过程。,,R1,completed,2026-07-28T01:55:19+08:00
VQ-044,How should the pressure-cooker lid and sealing ring be cleaned?,en,Pressure Cooker,maintenance,development,pressure-020-scene-0008,pressure-020,176.677,181.248,0,,,no,6 帧无清洁画面。,,R1,completed,2026-07-28T01:55:19+08:00
VQ-044,How should the pressure-cooker lid and sealing ring be cleaned?,en,Pressure Cooker,maintenance,development,pressure-020-scene-0009,pressure-020,181.248,245.36,1,,,no,第1–6帧（t=181.2–245.3s）显示男子盛出米饭并讲解，未出现锅盖、密封圈或清洗动作。,AI=0→R1=1：压力锅产品出现，但画面未演示锅盖和密封圈的清洁。,R1,completed,2026-07-28T01:55:19+08:00
VQ-044,How should the pressure-cooker lid and sealing ring be cleaned?,en,Pressure Cooker,maintenance,development,pressure-026-scene-0002,pressure-026,9.576,304.771,0,,,no,第1–6帧均为Atari游戏《Pressure Cooker》标题与游戏画面，无真实压力锅及清洁演示。,,R1,completed,2026-07-28T01:55:19+08:00
VQ-044,How should the pressure-cooker lid and sealing ring be cleaned?,en,Pressure Cooker,maintenance,development,pressure-027-scene-0005,pressure-027,66.8,79.646,1,,,no,第1–6帧（t=66.8s–79.6s）女性主持人站在料理台前讲解辣椒食谱，台面上压力锅盖着盖子静置，全程无任何锅盖或密封圈的清理操作。,"第三轮仲裁修正：R1原记录 等级=0 时间=[None,None] 泄漏=no → 仲裁 等级=1 时间=[None,None] 泄漏=no。理由：台面上带盖压力锅清晰可见，但全程无锅盖或密封圈清洗操作，产品出现但不回答，采纳复核方意见判1级。",R1,completed,2026-07-28T20:35:21+08:00
VQ-044,How should the pressure-cooker lid and sealing ring be cleaned?,en,Pressure Cooker,maintenance,development,pressure-027-scene-0010,pressure-027,167.968,181.081,1,,,no,全部6帧均为烹饪/搅拌画面（t=168.0–181.1s），未见锅盖或密封圈清洗动作。,"第三轮仲裁修正：R1原记录 等级=0 时间=[None,None] 泄漏=no → 仲裁 等级=1 时间=[None,None] 泄漏=no。理由：全帧为烹饪/搅拌画面，压力锅产品清晰可见，但未见锅盖或密封圈清洗动作，按规范应判1级，采纳复核方意见。",R1,completed,2026-07-28T20:35:21+08:00
VQ-044,How should the pressure-cooker lid and sealing ring be cleaned?,en,Pressure Cooker,maintenance,development,pressure-027-scene-0027,pressure-027,321.788,328.929,1,,,no,第1–6帧（t=321.8–328.9s）均显示一位女士在搅拌压力锅中的食物，未出现锅盖、密封圈或清洗动作。,AI=0→R1=1：压力锅产品出现，但画面未展示锅盖和密封圈的清洁方法。,R1,completed,2026-07-28T01:55:19+08:00
VQ-044,How should the pressure-cooker lid and sealing ring be cleaned?,en,Pressure Cooker,maintenance,development,pressure-027-scene-0029,pressure-027,332.733,345.045,1,,,no,未涉及清洗。,,R1,completed,2026-07-28T01:55:19+08:00
VQ-044,How should the pressure-cooker lid and sealing ring be cleaned?,en,Pressure Cooker,maintenance,development,pressure-028-scene-0001,pressure-028,0.0,722.4,1,,,no,"画面均为烹饪过程,无任何锅盖或密封圈的清洁动作演示。","第三轮仲裁修正：R1原记录 等级=0 时间=[None,None] 泄漏=no → 仲裁 等级=1 时间=[None,None] 泄漏=no。理由：6帧均为Instant Pot烹饪过程，无任何锅盖或密封圈的拆卸/清洗/擦干动作，产品出现但不回答query，采纳复核方1级意见。",R1,completed,2026-07-28T20:35:21+08:00
VQ-044,How should the pressure-cooker lid and sealing ring be cleaned?,en,Pressure Cooker,maintenance,development,pressure-032-scene-0002,pressure-032,30.364,1379.311,1,,,no,6帧为宽时间厨房场景，未出现锅盖或密封圈的拆下/清洗/重装动作。,AI=1→R1=1：保持。产品出现但无清洁动作。,R1,completed,2026-07-28T01:55:19+08:00
VQ-044,How should the pressure-cooker lid and sealing ring be cleaned?,en,Pressure Cooker,maintenance,development,pressure-032-scene-0003,pressure-032,1379.311,1438.637,0,,,no,场景中没有清洗锅盖、密封圈或任何拆卸动作。,,R1,completed,2026-07-28T01:55:19+08:00
VQ-044,How should the pressure-cooker lid and sealing ring be cleaned?,en,Pressure Cooker,maintenance,development,pressure-032-scene-0004,pressure-032,1438.637,1679.23,0,,,no,全部6帧为烹饪后活动和用餐场景，无锅盖或密封圈的清洁操作。,,R1,completed,2026-07-28T02:00:15+08:00
VQ-044,How should the pressure-cooker lid and sealing ring be cleaned?,en,Pressure Cooker,maintenance,development,pressure-033-scene-0020,pressure-033,196.096,204.071,0,,,no,字幕仅提醒“check gasket and valves”，未展示清洗密封圈或锅盖的过程。,AI=1→R1=0：仅有检查提示，无清洗动作或步骤。,R1,completed,2026-07-28T01:55:19+08:00
VQ-044,How should the pressure-cooker lid and sealing ring be cleaned?,en,Pressure Cooker,maintenance,development,pressure-033-scene-0022,pressure-033,210.077,231.164,1,,,no,第1–6帧（t=210.1s–231.2s）厨师手持浅蓝色密封圈（gasket）和金属锅盖进行展示讲解，ASR内容为检查密封圈有无破损及更换周期，全程无任何清洗动作或清洁用品出现。,AI=2→R1=1：画面仅展示/持握密封圈与锅盖，内容为检查破损而非清洗操作，未回答'如何清理'的问题。,R1,completed,2026-07-28T02:12:44+08:00
VQ-044,How should the pressure-cooker lid and sealing ring be cleaned?,en,Pressure Cooker,maintenance,development,pressure-033-scene-0049,pressure-033,515.682,520.22,1,,,no,6帧为双手拆握压力锅盖并露出密封圈（t=515.7–520.3s），但未见水、清洁剂或擦拭等清洗动作。,,R1,completed,2026-07-28T02:00:15+08:00
VQ-044,How should the pressure-cooker lid and sealing ring be cleaned?,en,Pressure Cooker,maintenance,development,pressure-033-scene-0067,pressure-033,788.388,792.326,2,788.388,792.326,no,所有6帧(t=788.4s-792.3s)画面显示厨师双手持浅蓝色橡胶密封圈在压力锅上方，ASR直接说'you should always remove the rubbery gasket from the underside of the lid. You should always wash the rubbery gasket in a mild liquid dishwashing soap'，清楚说明密封圈的清洁方法；但画面只展示持握，未演示水洗过程，且未涉及锅盖本身清洁。,,R1,completed,2026-07-28T02:00:15+08:00
VQ-044,How should the pressure-cooker lid and sealing ring be cleaned?,en,Pressure Cooker,maintenance,development,pressure-033-scene-0068,pressure-033,792.326,799.633,2,792.326,799.633,no,"6帧中厨师手持密封圈与锅盖，配合 ASR 明确说明“wash the rubbery gasket in mild liquid dishwashing soap”“towel dry or air dry before insert it back in the underside of the lid”“lid should never be put in the dishwasher”“wash with soft sponge, warm water, and liquid dishwashing soap”，完整演示了密封圈与锅盖的清洗方式。","AI=2→R1=3：ASR 完整说明了密封圈和锅盖的清洗步骤与注意事项。 | 第三轮仲裁修正：R1原记录 等级=3 时间=[792.326,799.6] 泄漏=no → 仲裁 等级=2 时间=[792.326,799.633] 泄漏=no。理由：厨师手持密封圈与锅盖配合ASR讲解清洗步骤，但画面未实际演示水洗或擦拭动作，采纳复核方2级及时间区间。",R1,completed,2026-07-28T20:35:21+08:00
VQ-044,How should the pressure-cooker lid and sealing ring be cleaned?,en,Pressure Cooker,maintenance,development,pressure-033-scene-0070,pressure-033,804.104,827.427,1,,,no,"ASR提到用软海绵和洗洁精清洗锅盖（'wash it with a soft sponge, warm water, and liquid dishwashing soap'），但画面仅展示手持锅盖和密封圈，无实际清洗动作演示。",,R1,completed,2026-07-28T01:55:19+08:00
VQ-044,How should the pressure-cooker lid and sealing ring be cleaned?,en,Pressure Cooker,maintenance,development,pressure-036-scene-0008,pressure-036,91.658,99.333,0,,,no,第1-6帧（91.7s-99.3s）仅演示内胆放入，未展示锅盖、密封圈或清洗过程。,,R1,completed,2026-07-28T01:55:19+08:00
VQ-044,How should the pressure-cooker lid and sealing ring be cleaned?,en,Pressure Cooker,maintenance,development,pressure-036-scene-0009,pressure-036,99.333,109.343,1,,,no,场景内容为锅盖部件的功能介绍（指示灯、排气口、锁定装置），无任何清理或清洁相关的操作演示。,,R1,completed,2026-07-28T01:55:19+08:00
VQ-044,How should the pressure-cooker lid and sealing ring be cleaned?,en,Pressure Cooker,maintenance,development,pressure-036-scene-0012,pressure-036,174.675,219.353,0,,,no,全部6帧画面为烹饪准备阶段（计时设置、放食材、盖盖），无任何清洗锅盖或密封圈的动作、海绵/刷子/水流或语音提及。,,R1,completed,2026-07-28T01:55:19+08:00
VQ-044,How should the pressure-cooker lid and sealing ring be cleaned?,en,Pressure Cooker,maintenance,development,pressure-036-scene-0014,pressure-036,227.327,268.101,0,,,no,6帧（t=227.3s-268.1s）均为烹饪后取食与测温场景，未出现清洗锅盖或密封圈的动作与说明。,,R1,completed,2026-07-28T02:00:15+08:00
VQ-044,How should the pressure-cooker lid and sealing ring be cleaned?,en,Pressure Cooker,maintenance,development,pressure-037-scene-0004,pressure-037,14.512,17.807,0,,,no,场景中没有清洗锅盖或密封圈的动作。,,R1,completed,2026-07-28T01:55:19+08:00
VQ-044,How should the pressure-cooker lid and sealing ring be cleaned?,en,Pressure Cooker,maintenance,development,pressure-037-scene-0008,pressure-037,34.279,41.284,1,,,no,"锅盖可见并被开合,但无任何清洁动作或清洁剂使用演示。",,R1,completed,2026-07-28T01:55:19+08:00
VQ-044,How should the pressure-cooker lid and sealing ring be cleaned?,en,Pressure Cooker,maintenance,development,pressure-037-scene-0009,pressure-037,41.284,45.955,1,,,no,压力锅盖出现在画面中并有手部操作，但无任何清理动作或清洁方法的说明。,,R1,completed,2026-07-28T01:55:19+08:00
VQ-044,How should the pressure-cooker lid and sealing ring be cleaned?,en,Pressure Cooker,maintenance,development,pressure-037-scene-0012,pressure-037,61.384,66.597,0,,,uncertain,第1–6帧（t=61.4s–66.6s）画面为鸡蛋相关内容（水煮蛋、剥壳、食用），无压力锅或密封圈出现；OCR浮层含Instant Pot促销文字但画面本身完全无关。,,R1,completed,2026-07-28T02:12:44+08:00
VQ-044,How should the pressure-cooker lid and sealing ring be cleaned?,en,Pressure Cooker,maintenance,development,pressure-037-scene-0015,pressure-037,80.234,86.072,0,,,no,全部6帧均为女子吃三明治或搅拌通心粉，未展示锅盖、密封圈或任何清洁操作。,,R1,completed,2026-07-28T02:00:15+08:00
VQ-044,How should the pressure-cooker lid and sealing ring be cleaned?,en,Pressure Cooker,maintenance,development,pressure-040-scene-0005,pressure-040,74.474,77.945,1,,,no,6帧手仅放在锅盖上，无锅盖或密封圈的拆下/清洗/装回动作。,AI=1→R1=1：保持。压力锅出现但无清洁动作。,R1,completed,2026-07-28T01:55:19+08:00
VQ-044,How should the pressure-cooker lid and sealing ring be cleaned?,en,Pressure Cooker,maintenance,development,pressure-040-scene-0023,pressure-040,254.154,265.766,0,,,no,6 帧无清洁画面或讲解。,,R1,completed,2026-07-28T01:55:19+08:00
VQ-044,How should the pressure-cooker lid and sealing ring be cleaned?,en,Pressure Cooker,maintenance,development,pressure-040-scene-0024,pressure-040,265.766,268.235,0,,,no,全6帧（t=265.8s–268.2s）无任何清洁锅盖或密封圈的操作画面。,,R1,completed,2026-07-28T01:55:19+08:00
VQ-044,How should the pressure-cooker lid and sealing ring be cleaned?,en,Pressure Cooker,maintenance,development,pressure-040-scene-0025,pressure-040,268.235,283.016,0,,,no,"画面仅展示锅盖被放置/按压,无任何清洁动作或清洁剂使用的演示。",,R1,completed,2026-07-28T01:55:19+08:00
VQ-044,How should the pressure-cooker lid and sealing ring be cleaned?,en,Pressure Cooker,maintenance,development,pressure-040-scene-0040,pressure-040,517.584,530.831,0,,,no,全部6帧为访谈讨论场景，三位主持人围绕餐桌交谈，无任何清理锅盖或密封圈的内容。,,R1,completed,2026-07-28T01:55:19+08:00
VQ-045,怎样清理压力锅的排气阀和防堵部件？,zh-CN,Pressure Cooker,maintenance,source_disjoint_test,pressure-001-scene-0001,pressure-001,0.0,120.65,0,,,no,全6帧（t=0.0s–120.6s）排气阀红色阀帽可见但无拆卸或清理操作，与查询的'怎样清理'完全无关。,AI=1→R1=0：虽然排气阀可见，但画面无任何清理/拆卸/维护操作，不应给分。,R1,completed,2026-07-28T01:55:19+08:00
VQ-045,怎样清理压力锅的排气阀和防堵部件？,zh-CN,Pressure Cooker,maintenance,source_disjoint_test,pressure-010-scene-0001,pressure-010,0.0,16.75,1,,,no,第1-6帧（t=0.0s-16.7s）压力锅在背景中，主讲人处理食材，没有清洁排气阀或防堵部件的动作。,AI=0→R1=1：压力锅确实出现在画面背景中，但未演示 query 所问的清洁操作。 | 第三轮仲裁复核：维持R1原判（等级/时间/泄漏均确认无误）。,R1,completed,2026-07-28T20:35:21+08:00
VQ-045,怎样清理压力锅的排气阀和防堵部件？,zh-CN,Pressure Cooker,maintenance,source_disjoint_test,pressure-010-scene-0004,pressure-010,102.035,143.911,0,,,no,6帧均未展示排气阀或防堵部件的清理过程。,,R1,completed,2026-07-28T01:55:19+08:00
VQ-045,怎样清理压力锅的排气阀和防堵部件？,zh-CN,Pressure Cooker,maintenance,source_disjoint_test,pressure-010-scene-0006,pressure-010,147.915,182.549,0,,,no,6 帧无清洁排气阀或防堵部件的画面/讲解。,,R1,completed,2026-07-28T01:55:19+08:00
VQ-045,怎样清理压力锅的排气阀和防堵部件？,zh-CN,Pressure Cooker,maintenance,source_disjoint_test,pressure-010-scene-0010,pressure-010,240.007,251.08,1,,,no,画面为压力锅与通心粉盘的静态镜头加黑底制作人员名单；未演示排气阀或防堵部件的任何清洁动作。,"第三轮仲裁修正：R1原记录 等级=0 时间=[None,None] 泄漏=no → 仲裁 等级=1 时间=[None,None] 泄漏=no。理由：压力锅在静态镜头中清晰可见，但未演示排气阀或防堵部件清洁，采纳复核方1级意见。",R1,completed,2026-07-28T20:35:21+08:00
VQ-045,怎样清理压力锅的排气阀和防堵部件？,zh-CN,Pressure Cooker,maintenance,source_disjoint_test,pressure-011-scene-0017,pressure-011,136.67,143.744,1,,,no,仅展示开盖，未清理排气阀或防堵部件。,,R1,completed,2026-07-28T01:55:19+08:00
VQ-045,怎样清理压力锅的排气阀和防堵部件？,zh-CN,Pressure Cooker,maintenance,source_disjoint_test,pressure-011-scene-0019,pressure-011,147.147,159.76,1,,,no,全部6帧均为取肉/放盖的烹饪操作场景，无任何排气阀或防堵部件的清理动作。,"第三轮仲裁修正：R1原记录 等级=0 时间=[None,None] 泄漏=no → 仲裁 等级=1 时间=[None,None] 泄漏=no。理由：全帧显示从压力锅取肉并放回锅盖，产品出现但未演示排气阀或防堵部件清理，按规范应判1级，采纳复核方意见。",R1,completed,2026-07-28T20:35:21+08:00
VQ-045,怎样清理压力锅的排气阀和防堵部件？,zh-CN,Pressure Cooker,maintenance,source_disjoint_test,pressure-011-scene-0023,pressure-011,177.144,200.567,1,,,no,画面内容为俯视食物准备与压力锅旁厨师，未出现排气阀或防堵部件的任何清洁演示；ASR讨论翻炒、加肉、快速泄压，与清洁无关。,"第三轮仲裁修正：R1原记录 等级=0 时间=[None,None] 泄漏=no → 仲裁 等级=1 时间=[None,None] 泄漏=no。理由：帧4-5中压力锅可见，但未出现排气阀或防堵部件的任何清洁演示，产品出现但不回答，采纳复核方意见判1级。",R1,completed,2026-07-28T20:35:21+08:00
VQ-045,怎样清理压力锅的排气阀和防堵部件？,zh-CN,Pressure Cooker,maintenance,source_disjoint_test,pressure-011-scene-0024,pressure-011,200.567,214.214,1,,,no,画面未涉及排气阀、防堵部件的清理。,AI=0→R1=1：产品出现但内容未回答清理问题。,R1,completed,2026-07-28T01:55:19+08:00
VQ-045,怎样清理压力锅的排气阀和防堵部件？,zh-CN,Pressure Cooker,maintenance,source_disjoint_test,pressure-012-scene-0017,pressure-012,62.462,66.133,0,,,no,6帧画面没有排气阀、防堵罩等部件的特写，也没有清洁这些部件的动作。,,R1,completed,2026-07-28T01:55:19+08:00
VQ-045,怎样清理压力锅的排气阀和防堵部件？,zh-CN,Pressure Cooker,maintenance,source_disjoint_test,pressure-012-scene-0018,pressure-012,66.133,69.269,1,,,no,6帧仅显示控制面板显示屏与COOK按钮按压，未演示排气阀或防堵部件的拆卸/清理动作。,AI=0→R1=1：同产品（压力锅）出现，但仅显示面板，未涉及清洁阀/防堵件的操作。,R1,completed,2026-07-28T02:00:15+08:00
VQ-045,怎样清理压力锅的排气阀和防堵部件？,zh-CN,Pressure Cooker,maintenance,source_disjoint_test,pressure-012-scene-0019,pressure-012,69.269,72.806,0,,,no,6 帧无排气阀/防堵部件的清洁动作。,,R1,completed,2026-07-28T01:55:19+08:00
VQ-045,怎样清理压力锅的排气阀和防堵部件？,zh-CN,Pressure Cooker,maintenance,source_disjoint_test,pressure-012-scene-0023,pressure-012,84.785,88.488,1,,,no,6帧画面仅限于锅内食物搅拌，未见排气阀、防堵部件及任何清洁动作。,AI=0→R1=1：压力锅产品可见，但画面未涉及排气阀或防堵部件的清理。,R1,completed,2026-07-28T02:00:15+08:00
VQ-045,怎样清理压力锅的排气阀和防堵部件？,zh-CN,Pressure Cooker,maintenance,source_disjoint_test,pressure-020-scene-0003,pressure-020,82.716,105.939,0,,,no,全部6帧（t=82.7s-105.9s）仅展示冲洗普通金属锅，未见压力锅排气阀、防堵部件及其清理操作。,,R1,completed,2026-07-28T02:00:15+08:00
VQ-045,怎样清理压力锅的排气阀和防堵部件？,zh-CN,Pressure Cooker,maintenance,source_disjoint_test,pressure-020-scene-0004,pressure-020,105.939,120.988,0,,,no,6帧均为洗米/沥水画面（t=105.9–121.0s），未见压力锅排气阀或防堵部件。,,R1,completed,2026-07-28T02:00:15+08:00
VQ-045,怎样清理压力锅的排气阀和防堵部件？,zh-CN,Pressure Cooker,maintenance,source_disjoint_test,pressure-020-scene-0006,pressure-020,146.38,154.955,0,,,no,第1-6帧（146.4s-155.0s）未展示排气阀、防堵部件或清理动作。,,R1,completed,2026-07-28T01:55:19+08:00
VQ-045,怎样清理压力锅的排气阀和防堵部件？,zh-CN,Pressure Cooker,maintenance,source_disjoint_test,pressure-020-scene-0007,pressure-020,154.955,176.677,0,,,no,"画面仅为压力锅正面+操作按钮,无任何排气阀或防堵部件的清洁动作。",,R1,completed,2026-07-28T01:55:19+08:00
VQ-045,怎样清理压力锅的排气阀和防堵部件？,zh-CN,Pressure Cooker,maintenance,source_disjoint_test,pressure-020-scene-0008,pressure-020,176.677,181.248,0,,,no,6 帧无清洁排气阀的动作。,AI=1→R1=0,R1,completed,2026-07-28T01:55:19+08:00
VQ-045,怎样清理压力锅的排气阀和防堵部件？,zh-CN,Pressure Cooker,maintenance,source_disjoint_test,pressure-026-scene-0001,pressure-026,0.0,9.576,0,,,no,画面为1983年Activision游戏《Pressure Cooker》的标题卡，6帧均未出现实体压力锅、排气阀或防堵部件。,,R1,completed,2026-07-28T01:55:19+08:00
VQ-045,怎样清理压力锅的排气阀和防堵部件？,zh-CN,Pressure Cooker,maintenance,source_disjoint_test,pressure-027-scene-0007,pressure-027,100.601,121.788,1,,,no,6帧为女士讲解或触碰锅体，无任何排气阀或防堵部件的拆卸/清洁动作。,AI=0→R1=1：压力锅出现但无清洁动作，按规则属'产品出现但不回答'。,R1,completed,2026-07-28T01:55:19+08:00
VQ-045,怎样清理压力锅的排气阀和防堵部件？,zh-CN,Pressure Cooker,maintenance,source_disjoint_test,pressure-027-scene-0009,pressure-027,126.76,167.968,1,,,no,第1-6帧（t=126.8s-168.0s）均显示烹饪操作（翻炒香肠、添加调料），未出现排气阀、防堵部件或清洁动作。,"第三轮仲裁修正：R1原记录 等级=0 时间=[None,None] 泄漏=no → 仲裁 等级=1 时间=[None,None] 泄漏=no。理由：全帧显示烹饪操作（翻炒香肠、添加调料），压力锅产品出现但未涉及排气阀或防堵部件清洁，采纳复核方意见判1级。",R1,completed,2026-07-28T20:35:21+08:00
VQ-045,怎样清理压力锅的排气阀和防堵部件？,zh-CN,Pressure Cooker,maintenance,source_disjoint_test,pressure-027-scene-0029,pressure-027,332.733,345.045,1,,,no,未演示排气阀或防堵部件清理。,,R1,completed,2026-07-28T01:55:19+08:00
VQ-045,怎样清理压力锅的排气阀和防堵部件？,zh-CN,Pressure Cooker,maintenance,source_disjoint_test,pressure-028-scene-0001,pressure-028,0.0,722.4,1,,,no,画面中无排气阀或防堵部件的拆解/清洁演示。,"第三轮仲裁修正：R1原记录 等级=0 时间=[None,None] 泄漏=no → 仲裁 等级=1 时间=[None,None] 泄漏=no。理由：Instant Pot可见，但6帧均无排气阀、防堵罩的拆解/刷洗/通针清理演示，产品出现但不回答query，采纳复核方1级意见。",R1,completed,2026-07-28T20:35:21+08:00
VQ-045,怎样清理压力锅的排气阀和防堵部件？,zh-CN,Pressure Cooker,maintenance,source_disjoint_test,pressure-032-scene-0002,pressure-032,30.364,1379.311,0,,,no,6帧为宽时间厨房概览场景，无排气阀或防堵部件的拆卸/清洁操作。,AI=0→R1=0：保持。无清洁演示且产品未作为操作主体。,R1,completed,2026-07-28T01:55:19+08:00
VQ-045,怎样清理压力锅的排气阀和防堵部件？,zh-CN,Pressure Cooker,maintenance,source_disjoint_test,pressure-032-scene-0003,pressure-032,1379.311,1438.637,0,,,no,画面仅展示锅体在灶台上，无排气阀、防堵部件及清洁演示。,,R1,completed,2026-07-28T01:55:19+08:00
VQ-045,怎样清理压力锅的排气阀和防堵部件？,zh-CN,Pressure Cooker,maintenance,source_disjoint_test,pressure-033-scene-0020,pressure-033,196.096,204.071,0,,,no,画面中无排气阀、防堵部件的拆卸或清洗动作。,AI=1→R1=0：仅字幕提示检查阀门，无清理排气阀和防堵部件的画面。,R1,completed,2026-07-28T01:55:19+08:00
VQ-045,怎样清理压力锅的排气阀和防堵部件？,zh-CN,Pressure Cooker,maintenance,source_disjoint_test,pressure-033-scene-0022,pressure-033,210.077,231.164,1,,,no,第1–6帧（t=210.1s–231.2s）同一场景仅展示密封圈和锅盖，未出现排气阀或防堵部件，也无任何清理动作演示。,AI=2→R1=1：画面只展示密封圈与锅盖，未涉及排气阀/防堵部件的清理操作。,R1,completed,2026-07-28T02:12:44+08:00
VQ-045,怎样清理压力锅的排气阀和防堵部件？,zh-CN,Pressure Cooker,maintenance,source_disjoint_test,pressure-033-scene-0032,pressure-033,291.959,293.961,1,,,no,第1–6帧（t=292.0–294.0s）均为锅盖静态特写，无拆卸、清洗排气阀或防堵部件的动作。,AI=0→R1=1：压力锅锅盖出现，但画面未演示排气阀和防堵部件的清理。,R1,completed,2026-07-28T01:55:19+08:00
VQ-045,怎样清理压力锅的排气阀和防堵部件？,zh-CN,Pressure Cooker,maintenance,source_disjoint_test,pressure-033-scene-0051,pressure-033,533.934,536.236,1,,,no,6帧为锅盖特写，未出现排气阀或防堵部件的拆卸、刷洗或重装动作。,AI=0→R1=1：锅盖可见但无清洁动作。,R1,completed,2026-07-28T01:55:19+08:00
VQ-045,怎样清理压力锅的排气阀和防堵部件？,zh-CN,Pressure Cooker,maintenance,source_disjoint_test,pressure-033-scene-0056,pressure-033,588.388,591.758,1,,,no,画面仅展示锅盖开合与锁定，未涉及排气阀或防堵部件的清理。,,R1,completed,2026-07-28T01:55:19+08:00
VQ-045,怎样清理压力锅的排气阀和防堵部件？,zh-CN,Pressure Cooker,maintenance,source_disjoint_test,pressure-033-scene-0068,pressure-033,792.326,799.633,0,,,no,画面与音频仅涉及密封圈和锅盖，未提及排气阀或防堵部件清洁。,,R1,completed,2026-07-28T01:55:19+08:00
VQ-045,怎样清理压力锅的排气阀和防堵部件？,zh-CN,Pressure Cooker,maintenance,source_disjoint_test,pressure-036-scene-0004,pressure-036,50.717,65.999,0,,,no,第1–6帧（t=50.7s–66.0s）人物向黑色电压力锅中放入/取出红色硅胶隔热手套，展示配件内容，与排气阀或防堵部件清理完全无关。,,R1,completed,2026-07-28T02:12:44+08:00
VQ-045,怎样清理压力锅的排气阀和防堵部件？,zh-CN,Pressure Cooker,maintenance,source_disjoint_test,pressure-036-scene-0006,pressure-036,72.773,78.312,0,,,no,第1-6帧（t=72.8s-78.3s）仅有手持锅盖与锅体的画面，没有清洁排气阀或防堵部件的动作或相关部件特写。,,R1,completed,2026-07-28T02:00:15+08:00
VQ-045,怎样清理压力锅的排气阀和防堵部件？,zh-CN,Pressure Cooker,maintenance,source_disjoint_test,pressure-036-scene-0007,pressure-036,78.312,91.658,0,,,no,6帧仅展示内胆、蒸篮的取放与展示，未出现排气阀、防堵罩及其清理动作（t=78.3s-91.7s）。,,R1,completed,2026-07-28T01:55:19+08:00
VQ-045,怎样清理压力锅的排气阀和防堵部件？,zh-CN,Pressure Cooker,maintenance,source_disjoint_test,pressure-036-scene-0009,pressure-036,99.333,109.343,1,,,no,双手在锅盖上操作指点各个部件，但无排气阀或防堵部件的拆卸、清理或维护动作。,,R1,completed,2026-07-28T01:55:19+08:00
VQ-045,怎样清理压力锅的排气阀和防堵部件？,zh-CN,Pressure Cooker,maintenance,source_disjoint_test,pressure-037-scene-0003,pressure-037,10.801,14.512,0,,,no,6帧为菜肴拼贴+宣传文字，无排气阀或防堵部件的清洁操作画面。,,R1,completed,2026-07-28T01:55:19+08:00
VQ-045,怎样清理压力锅的排气阀和防堵部件？,zh-CN,Pressure Cooker,maintenance,source_disjoint_test,pressure-037-scene-0004,pressure-037,14.512,17.807,0,,,no,画面中无排气阀、防堵部件及清洁动作。,,R1,completed,2026-07-28T01:55:19+08:00
VQ-045,怎样清理压力锅的排气阀和防堵部件？,zh-CN,Pressure Cooker,maintenance,source_disjoint_test,pressure-037-scene-0008,pressure-037,34.279,41.284,0,,,no,画面中无任何排气阀或防堵部件的拆解/清洁演示。,,R1,completed,2026-07-28T01:55:19+08:00
VQ-045,怎样清理压力锅的排气阀和防堵部件？,zh-CN,Pressure Cooker,maintenance,source_disjoint_test,pressure-037-scene-0009,pressure-037,41.284,45.955,0,,,no,全部6帧仅为旋钮操作的特写镜头，无排气阀或防堵部件的出现，更无清理内容。,,R1,completed,2026-07-28T01:55:19+08:00
VQ-045,怎样清理压力锅的排气阀和防堵部件？,zh-CN,Pressure Cooker,maintenance,source_disjoint_test,pressure-037-scene-0011,pressure-037,54.17,61.384,0,,,no,画面内容限定在倒入食材与放鸡蛋，无排气阀、防堵部件及清洁动作。,,R1,completed,2026-07-28T01:55:19+08:00
VQ-045,怎样清理压力锅的排气阀和防堵部件？,zh-CN,Pressure Cooker,maintenance,source_disjoint_test,pressure-037-scene-0014,pressure-037,77.731,80.234,0,,,no,全部6帧为控制面板按钮操作（显示屏数字切换），无排气阀或防堵部件清理内容。,,R1,completed,2026-07-28T02:00:15+08:00
VQ-045,怎样清理压力锅的排气阀和防堵部件？,zh-CN,Pressure Cooker,maintenance,source_disjoint_test,pressure-040-scene-0003,pressure-040,63.897,70.237,0,,,no,全部6帧（t=63.9s–70.3s）仅显示控制面板，无排气阀、防堵部件或任何清理操作。,,R1,completed,2026-07-28T02:00:15+08:00
VQ-045,怎样清理压力锅的排气阀和防堵部件？,zh-CN,Pressure Cooker,maintenance,source_disjoint_test,pressure-040-scene-0024,pressure-040,265.766,268.235,0,,,no,全6帧（t=265.8s–268.2s）无排气阀或防堵部件的清理操作。,,R1,completed,2026-07-28T01:55:19+08:00
VQ-045,怎样清理压力锅的排气阀和防堵部件？,zh-CN,Pressure Cooker,maintenance,source_disjoint_test,pressure-040-scene-0025,pressure-040,268.235,283.016,0,,,no,"画面中压力锅阀门部位无特写,无任何排气阀或防堵部件的清洁操作。",,R1,completed,2026-07-28T01:55:19+08:00
VQ-046,How is the pressure-cooker inner pot cleaned and reinstalled?,en,Pressure Cooker,maintenance,source_disjoint_test,pressure-001-scene-0001,pressure-001,0.0,120.65,0,,,no,全6帧（t=0.0s–120.6s）内胆始终在锅内未取出，无清洁或重装操作。,,R1,completed,2026-07-28T01:55:19+08:00
VQ-046,How is the pressure-cooker inner pot cleaned and reinstalled?,en,Pressure Cooker,maintenance,source_disjoint_test,pressure-010-scene-0004,pressure-010,102.035,143.911,0,,,no,场景为烹饪准备，未展示内胆清洗或重新安装步骤。,,R1,completed,2026-07-28T01:55:19+08:00
VQ-046,How is the pressure-cooker inner pot cleaned and reinstalled?,en,Pressure Cooker,maintenance,source_disjoint_test,pressure-010-scene-0006,pressure-010,147.915,182.549,0,,,no,6 帧无清洁内胆或重新安装的画面。,,R1,completed,2026-07-28T01:55:19+08:00
VQ-046,How is the pressure-cooker inner pot cleaned and reinstalled?,en,Pressure Cooker,maintenance,source_disjoint_test,pressure-010-scene-0008,pressure-010,186.553,232.766,1,,,no,画面为烹饪与装盘，无内胆清洗或装回演示。,AI=0→R1=1：产品出现但内容与内胆清洗装回无关。,R1,completed,2026-07-28T01:55:19+08:00
VQ-046,How is the pressure-cooker inner pot cleaned and reinstalled?,en,Pressure Cooker,maintenance,source_disjoint_test,pressure-011-scene-0014,pressure-011,102.302,123.357,1,,,no,全部6帧均为Instant Pot控制面板操作画面（按压+/-按钮、显示屏0:00/On），无任何清洗或重装内胆的内容。,"第三轮仲裁修正：R1原记录 等级=0 时间=[None,None] 泄漏=no → 仲裁 等级=1 时间=[None,None] 泄漏=no。理由：控制面板清晰可见，但无任何清洗或重装内胆的内容，采纳复核方1级意见。",R1,completed,2026-07-28T20:35:21+08:00
VQ-046,How is the pressure-cooker inner pot cleaned and reinstalled?,en,Pressure Cooker,maintenance,source_disjoint_test,pressure-011-scene-0016,pressure-011,125.859,136.67,1,,,no,6帧均未出现内胆清洗、取出或重新装回的动作，仅展示整机通电状态（t=125.9s-136.7s）。,"第三轮仲裁修正：R1原记录 等级=0 时间=[None,None] 泄漏=no → 仲裁 等级=1 时间=[None,None] 泄漏=no。理由：Instant Pot整机清晰可见，但未出现内胆清洗、取出或重新装回的动作，采纳复核方1级意见。",R1,completed,2026-07-28T20:35:21+08:00
VQ-046,How is the pressure-cooker inner pot cleaned and reinstalled?,en,Pressure Cooker,maintenance,source_disjoint_test,pressure-011-scene-0017,pressure-011,136.67,143.744,1,,,no,无内胆取出、清洗或装回画面。,,R1,completed,2026-07-28T01:55:19+08:00
VQ-046,How is the pressure-cooker inner pot cleaned and reinstalled?,en,Pressure Cooker,maintenance,source_disjoint_test,pressure-011-scene-0019,pressure-011,147.147,159.76,1,,,no,全部6帧仅显示从压力锅取肉并将盖子放回，无内胆清理或重新安装的任何操作。,"第三轮仲裁修正：R1原记录 等级=0 时间=[None,None] 泄漏=no → 仲裁 等级=1 时间=[None,None] 泄漏=no。理由：画面仅显示取肉与放盖，压力锅产品出现但未涉及内胆清理或重新安装，产品出现但不回答，采纳复核方意见判1级。",R1,completed,2026-07-28T20:35:21+08:00
VQ-046,How is the pressure-cooker inner pot cleaned and reinstalled?,en,Pressure Cooker,maintenance,source_disjoint_test,pressure-011-scene-0029,pressure-011,249.249,255.989,0,,,no,"第1–6帧（t=249.2s, 250.6s, 251.9s, 253.3s, 254.6s, 256.0s）显示一位厨师在专业厨房中将锅从压力锅移到砧板上并开始装盘，ASR 提到取锅和摆盘；所有6帧均未出现清洗内胆或重装内胆的动作。",,R1,completed,2026-07-28T02:12:44+08:00
VQ-046,How is the pressure-cooker inner pot cleaned and reinstalled?,en,Pressure Cooker,maintenance,source_disjoint_test,pressure-012-scene-0017,pressure-012,62.462,66.133,0,,,no,画面中内胆始终在主机内，未被取出；无任何清洗工具、水流或重装动作。,,R1,completed,2026-07-28T01:55:19+08:00
VQ-046,How is the pressure-cooker inner pot cleaned and reinstalled?,en,Pressure Cooker,maintenance,source_disjoint_test,pressure-012-scene-0019,pressure-012,69.269,72.806,0,,,no,内胆虽可见，但画面是取出熟食而非清洁/重装。,AI=1→R1=0：无清洁/重装动作,R1,completed,2026-07-28T01:55:19+08:00
VQ-046,How is the pressure-cooker inner pot cleaned and reinstalled?,en,Pressure Cooker,maintenance,source_disjoint_test,pressure-020-scene-0002,pressure-020,7.307,82.716,0,,,no,"6帧画面均显示男子在台面旁讲解,未出现内胆取出、清洗或重新安装的动作。",,R1,completed,2026-07-28T01:55:19+08:00
VQ-046,How is the pressure-cooker inner pot cleaned and reinstalled?,en,Pressure Cooker,maintenance,source_disjoint_test,pressure-020-scene-0003,pressure-020,82.716,105.939,0,,,no,全部6帧（t=82.7s-105.9s）显示冲洗一个普通金属锅，无法确认其为压力锅内胆，且未展示任何重新安装动作。,,R1,completed,2026-07-28T02:00:15+08:00
VQ-046,How is the pressure-cooker inner pot cleaned and reinstalled?,en,Pressure Cooker,maintenance,source_disjoint_test,pressure-020-scene-0004,pressure-020,105.939,120.988,0,,,no,6帧均为水槽中冲洗大米场景（t=105.9–121.0s），盆中物为大米而非压力锅内胆清洗，无拆装过程。,,R1,completed,2026-07-28T02:00:15+08:00
VQ-046,How is the pressure-cooker inner pot cleaned and reinstalled?,en,Pressure Cooker,maintenance,source_disjoint_test,pressure-020-scene-0006,pressure-020,146.38,154.955,0,,,no,第1-6帧（146.4s-155.0s）未展示内胆清洗或重新安装动作。,,R1,completed,2026-07-28T01:55:19+08:00
VQ-046,How is the pressure-cooker inner pot cleaned and reinstalled?,en,Pressure Cooker,maintenance,source_disjoint_test,pressure-020-scene-0008,pressure-020,176.677,181.248,0,,,no,6 帧无内胆清洁/重装动作。,AI=1→R1=0,R1,completed,2026-07-28T01:55:19+08:00
VQ-046,How is the pressure-cooker inner pot cleaned and reinstalled?,en,Pressure Cooker,maintenance,source_disjoint_test,pressure-027-scene-0005,pressure-027,66.8,79.646,1,,,no,同上场景（t=66.8s–79.6s），主持人讲解食谱，锅内胆未取出、无清洗或重新安装动作。,"第三轮仲裁修正：R1原记录 等级=0 时间=[None,None] 泄漏=no → 仲裁 等级=1 时间=[None,None] 泄漏=no。理由：压力锅在台面可见，但锅内胆未取出、无清洗或重新安装动作，按规范产品出现但不回答应判1级，采纳复核方意见。",R1,completed,2026-07-28T20:35:21+08:00
VQ-046,How is the pressure-cooker inner pot cleaned and reinstalled?,en,Pressure Cooker,maintenance,source_disjoint_test,pressure-027-scene-0007,pressure-027,100.601,121.788,1,,,no,6帧为女士讲解或触碰锅体，无内胆取出、清洗或重装的操作画面。,AI=0→R1=1：压力锅出现但无内胆清洁/重装动作，按规则属'产品出现但不回答'。,R1,completed,2026-07-28T01:55:19+08:00
VQ-046,How is the pressure-cooker inner pot cleaned and reinstalled?,en,Pressure Cooker,maintenance,source_disjoint_test,pressure-027-scene-0021,pressure-027,265.399,280.38,0,,,no,6帧仅展示在锅内胆中搅拌食材，无清洗内胆、取出或重新装回动作（t=265.4s-280.4s）。,,R1,completed,2026-07-28T01:55:19+08:00
VQ-046,How is the pressure-cooker inner pot cleaned and reinstalled?,en,Pressure Cooker,maintenance,source_disjoint_test,pressure-027-scene-0023,pressure-027,292.526,296.263,0,,,no,全6帧（t=292.5s–296.3s）为搅拌食材操作，无内胆清洁或重装画面。,,R1,completed,2026-07-28T01:55:19+08:00
VQ-046,How is the pressure-cooker inner pot cleaned and reinstalled?,en,Pressure Cooker,maintenance,source_disjoint_test,pressure-027-scene-0027,pressure-027,321.788,328.929,1,,,no,第1–6帧（t=321.8–328.9s）均显示一位女士在搅拌压力锅中的食物，未展示内胆清洗或重新安装过程。,AI=0→R1=1：压力锅产品出现，但画面未演示内胆清洁与重装。,R1,completed,2026-07-28T01:55:19+08:00
VQ-046,How is the pressure-cooker inner pot cleaned and reinstalled?,en,Pressure Cooker,maintenance,source_disjoint_test,pressure-027-scene-0029,pressure-027,332.733,345.045,1,,,no,未涉及内胆清洗或装回。,,R1,completed,2026-07-28T01:55:19+08:00
VQ-046,How is the pressure-cooker inner pot cleaned and reinstalled?,en,Pressure Cooker,maintenance,source_disjoint_test,pressure-028-scene-0001,pressure-028,0.0,722.4,1,,,no,"画面中Instant Pot在使用中,内胆未取出展示,无清洁或重新安装的动作。","第三轮仲裁修正：R1原记录 等级=0 时间=[None,None] 泄漏=no → 仲裁 等级=1 时间=[None,None] 泄漏=no。理由：Instant Pot可见但内胆始终在主机内，6帧中无任何取出、清洗、擦干或重新装回画面，采纳复核方1级意见。",R1,completed,2026-07-28T20:35:21+08:00
VQ-046,How is the pressure-cooker inner pot cleaned and reinstalled?,en,Pressure Cooker,maintenance,source_disjoint_test,pressure-032-scene-0002,pressure-032,30.364,1379.311,0,,,no,6帧为宽时间厨房概览场景，无内胆取出、清洗或装回操作。,AI=0→R1=0：保持。无内胆清洁/重装演示。,R1,completed,2026-07-28T01:55:19+08:00
VQ-046,How is the pressure-cooker inner pot cleaned and reinstalled?,en,Pressure Cooker,maintenance,source_disjoint_test,pressure-032-scene-0003,pressure-032,1379.311,1438.637,0,,,no,6帧中没有出现内胆的清洗、擦干或重新装回动作。,,R1,completed,2026-07-28T01:55:19+08:00
VQ-046,How is the pressure-cooker inner pot cleaned and reinstalled?,en,Pressure Cooker,maintenance,source_disjoint_test,pressure-032-scene-0004,pressure-032,1438.637,1679.23,0,,,no,全部6帧为烹饪后场景（冷却、盛菜、用餐），无内胆清洗或重装操作。,,R1,completed,2026-07-28T02:00:15+08:00
VQ-046,How is the pressure-cooker inner pot cleaned and reinstalled?,en,Pressure Cooker,maintenance,source_disjoint_test,pressure-033-scene-0010,pressure-033,99.666,109.376,0,,,no,全部6帧仅展示厨师手持锅体与锅盖，未出现内胆清洁或重新安装步骤。,,R1,completed,2026-07-28T02:00:15+08:00
VQ-046,How is the pressure-cooker inner pot cleaned and reinstalled?,en,Pressure Cooker,maintenance,source_disjoint_test,pressure-033-scene-0020,pressure-033,196.096,204.071,0,,,no,6帧中没有内胆清洗、擦干或重新装入的画面。,AI=1→R1=0：未涉及内胆清洁与重装。,R1,completed,2026-07-28T01:55:19+08:00
VQ-046,How is the pressure-cooker inner pot cleaned and reinstalled?,en,Pressure Cooker,maintenance,source_disjoint_test,pressure-033-scene-0056,pressure-033,588.388,591.758,1,,,no,6帧均围绕锅盖操作，无内胆取出、清洗或装回画面。,,R1,completed,2026-07-28T01:55:19+08:00
VQ-046,How is the pressure-cooker inner pot cleaned and reinstalled?,en,Pressure Cooker,maintenance,source_disjoint_test,pressure-033-scene-0058,pressure-033,596.396,629.396,0,,,no,"第1–6帧（t=596.4s, 603.0s, 609.6s, 616.2s, 622.8s, 629.4s）展示炉上压力锅内正在烹调的食物（粥/汤类、橄榄、couscous等）以及手端起/放回小锅的画面；所有6帧均未出现清洗内胆或重装内胆的步骤或画面。",,R1,completed,2026-07-28T02:12:44+08:00
VQ-046,How is the pressure-cooker inner pot cleaned and reinstalled?,en,Pressure Cooker,maintenance,source_disjoint_test,pressure-033-scene-0067,pressure-033,788.388,792.326,1,,,no,所有6帧(t=788.4s-792.3s)画面显示厨师拿浅蓝色密封圈与压力锅锅体；ASR与画面都聚焦于密封圈清洁，未演示内锅的清洁或重装回主机。,,R1,completed,2026-07-28T02:00:15+08:00
VQ-046,How is the pressure-cooker inner pot cleaned and reinstalled?,en,Pressure Cooker,maintenance,source_disjoint_test,pressure-033-scene-0068,pressure-033,792.326,799.633,0,,,no,场景围绕密封圈和锅盖清洗，未出现内胆的清洁或重装。,AI=2→R1=0：内容为密封圈与锅盖清洗，与内胆清洁重装无关。,R1,completed,2026-07-28T01:55:19+08:00
VQ-046,How is the pressure-cooker inner pot cleaned and reinstalled?,en,Pressure Cooker,maintenance,source_disjoint_test,pressure-033-scene-0069,pressure-033,799.633,804.104,1,,,no,第1–6帧（t=799.6s–804.1s）特写镜头中人物手持不锈钢压力锅锅盖在锅体上方展示/讲解，全程仅涉及锅盖未出现内胆，也无清洗或装回动作；ASR虽提及洗内胆但画面未对应。,,R1,completed,2026-07-28T02:12:44+08:00
VQ-046,How is the pressure-cooker inner pot cleaned and reinstalled?,en,Pressure Cooker,maintenance,source_disjoint_test,pressure-033-scene-0070,pressure-033,804.104,827.427,1,,,no,场景聚焦于锅盖和密封圈的展示操作，内胆未出现在画面中，也未提及内胆的清理或重新安装。,,R1,completed,2026-07-28T01:55:19+08:00
VQ-046,How is the pressure-cooker inner pot cleaned and reinstalled?,en,Pressure Cooker,maintenance,source_disjoint_test,pressure-036-scene-0007,pressure-036,78.312,91.658,1,,,no,6帧展示取出和放回蒸篮/内胆（t=78.3s-91.7s），但未出现清洗动作，也未完整演示内胆的清洁与重新安装流程。,,R1,completed,2026-07-28T01:55:19+08:00
VQ-046,How is the pressure-cooker inner pot cleaned and reinstalled?,en,Pressure Cooker,maintenance,source_disjoint_test,pressure-036-scene-0008,pressure-036,91.658,99.333,2,91.7,99.3,no,第1-6帧（91.7s-99.3s）清晰演示将不锈钢内胆重新放入电压力锅体，但未出现清洗步骤。,时间按实际证据片段重定位,R1,completed,2026-07-28T01:55:19+08:00
VQ-046,How is the pressure-cooker inner pot cleaned and reinstalled?,en,Pressure Cooker,maintenance,source_disjoint_test,pressure-036-scene-0012,pressure-036,174.675,219.353,0,,,no,画面中内胆始终在主机内、有食材，未出现内胆被取出清洗再装回的步骤或任何清洗工具/水流。,,R1,completed,2026-07-28T01:55:19+08:00
VQ-046,How is the pressure-cooker inner pot cleaned and reinstalled?,en,Pressure Cooker,maintenance,source_disjoint_test,pressure-037-scene-0001,pressure-037,0.0,7.506,0,,,no,"第1–6帧（t=0.0s, 1.5s, 3.0s, 4.5s, 6.0s, 7.5s）显示用夹子在大锅中翻炒/盛起芝士通心粉，含 INSIDER PICKS 与'The internet is OBSESSED with this electric pot'标题叠层；所有6帧均未涉及压力锅内胆清洗或重装动作。",,R1,completed,2026-07-28T02:12:44+08:00
VQ-046,How is the pressure-cooker inner pot cleaned and reinstalled?,en,Pressure Cooker,maintenance,source_disjoint_test,pressure-037-scene-0004,pressure-037,14.512,17.807,0,,,no,6帧中没有内胆清洗、擦干或重新装回的画面。,AI=1→R1=0：未涉及内胆清洁与重装。,R1,completed,2026-07-28T01:55:19+08:00
VQ-046,How is the pressure-cooker inner pot cleaned and reinstalled?,en,Pressure Cooker,maintenance,source_disjoint_test,pressure-037-scene-0005,pressure-037,17.807,27.731,1,,,no,6帧均显示食物准备与烹饪过程（切蛋、放肉入锅、翻炒通心粉、盛出），压力锅可见但未演示内胆的拆卸、清洗或重装操作。,AI=0→R1=1：同产品（压力锅）出现，但画面均为食物准备，未涉及清洁或重装内胆的过程。,R1,completed,2026-07-28T02:00:15+08:00
VQ-046,How is the pressure-cooker inner pot cleaned and reinstalled?,en,Pressure Cooker,maintenance,source_disjoint_test,pressure-037-scene-0008,pressure-037,34.279,41.284,1,,,no,"t=35.7s和t=37.1s帧中Instant Pot盖子打开可见内胆,但无任何清洁或重新安装的动作演示。",,R1,completed,2026-07-28T01:55:19+08:00
VQ-046,How is the pressure-cooker inner pot cleaned and reinstalled?,en,Pressure Cooker,maintenance,source_disjoint_test,pressure-037-scene-0014,pressure-037,77.731,80.234,0,,,no,全部6帧为控制面板操作画面，无内胆清洗或重装内容。,,R1,completed,2026-07-28T02:00:15+08:00
VQ-046,How is the pressure-cooker inner pot cleaned and reinstalled?,en,Pressure Cooker,maintenance,source_disjoint_test,pressure-040-scene-0005,pressure-040,74.474,77.945,1,,,no,6帧手在锅盖上，无内胆取出、清洗或装回动作。,AI=1→R1=1：保持。压力锅出现但无内胆清洁/重装动作。,R1,completed,2026-07-28T01:55:19+08:00
VQ-046,How is the pressure-cooker inner pot cleaned and reinstalled?,en,Pressure Cooker,maintenance,source_disjoint_test,pressure-040-scene-0016,pressure-040,194.995,204.805,0,,,no,第1–6帧（t=195.0s–204.8s）电视演播室厨房场景（PARK CITY TELEVISION），女性向压力锅中倾倒食材进行烹饪准备，无内胆清洗或重新安装操作。,,R1,completed,2026-07-28T02:12:44+08:00
VQ-046,How is the pressure-cooker inner pot cleaned and reinstalled?,en,Pressure Cooker,maintenance,source_disjoint_test,pressure-040-scene-0022,pressure-040,248.615,254.154,1,,,no,全部6帧显示向电压力锅中倒液体（t=248.6s–254.2s），画面仅展示产品外观，未出现内胆清洗或重新安装的动作演示。,AI=0→R1=1：产品确实出现，但画面未展示内胆清洗或重新安装步骤，仅显示倒液体。,R1,completed,2026-07-28T02:00:15+08:00
VQ-046,How is the pressure-cooker inner pot cleaned and reinstalled?,en,Pressure Cooker,maintenance,source_disjoint_test,pressure-040-scene-0024,pressure-040,265.766,268.235,0,,,no,全6帧（t=265.8s–268.2s）内胆未取出，无清洁或重装操作。,,R1,completed,2026-07-28T01:55:19+08:00
VQ-047,压力锅不能密封或一直漏气时怎样检查？,zh-CN,Pressure Cooker,troubleshooting,source_disjoint_test,pressure-001-scene-0001,pressure-001,0.0,120.65,0,,,no,全6帧（t=0.0s–120.6s）显示压力锅正常工作中从阀门释放蒸汽（属正常操作现象），无密封故障排查步骤或异常漏气的诊断画面。,AI=1→R1=0：蒸汽从阀门释放是正常工作现象而非密封故障标志，画面无任何排查/检查步骤。,R1,completed,2026-07-28T01:55:19+08:00
VQ-047,压力锅不能密封或一直漏气时怎样检查？,zh-CN,Pressure Cooker,troubleshooting,source_disjoint_test,pressure-010-scene-0001,pressure-010,0.0,16.75,1,,,no,第1-6帧（t=0.0s-16.7s）压力锅在背景中，主讲人处理食材，没有密封或漏气检查动作。,AI=0→R1=1：压力锅确实出现在画面背景中，但未演示 query 所问的漏气检查操作。 | 第三轮仲裁复核：维持R1原判（等级/时间/泄漏均确认无误）。,R1,completed,2026-07-28T20:35:21+08:00
VQ-047,压力锅不能密封或一直漏气时怎样检查？,zh-CN,Pressure Cooker,troubleshooting,source_disjoint_test,pressure-010-scene-0004,pressure-010,102.035,143.911,0,,,no,画面仅展示正常使用准备，未涉及密封或漏气故障排查。,,R1,completed,2026-07-28T01:55:19+08:00
VQ-047,压力锅不能密封或一直漏气时怎样检查？,zh-CN,Pressure Cooker,troubleshooting,source_disjoint_test,pressure-010-scene-0006,pressure-010,147.915,182.549,0,,,no,6 帧无密封/漏气检查或故障排查画面。,,R1,completed,2026-07-28T01:55:19+08:00
VQ-047,压力锅不能密封或一直漏气时怎样检查？,zh-CN,Pressure Cooker,troubleshooting,source_disjoint_test,pressure-010-scene-0010,pressure-010,240.007,251.08,1,,,no,画面为压力锅与通心粉盘的静态镜头加黑底制作人员名单；未演示任何密封/漏气检查动作或诊断步骤。,"第三轮仲裁修正：R1原记录 等级=0 时间=[None,None] 泄漏=no → 仲裁 等级=1 时间=[None,None] 泄漏=no。理由：压力锅在静态镜头中清晰可见，但无密封或漏气检查动作，采纳复核方1级意见。",R1,completed,2026-07-28T20:35:21+08:00
VQ-047,压力锅不能密封或一直漏气时怎样检查？,zh-CN,Pressure Cooker,troubleshooting,source_disjoint_test,pressure-011-scene-0016,pressure-011,125.859,136.67,1,,,no,6帧未展示锅盖、密封圈或排气阀，也无漏气排查动作，仅为厨师讲解和整机显示（t=125.9s-136.7s）。,"第三轮仲裁修正：R1原记录 等级=0 时间=[None,None] 泄漏=no → 仲裁 等级=1 时间=[None,None] 泄漏=no。理由：Instant Pot整机清晰可见，但未展示锅盖、密封圈或排气阀及漏气排查动作，采纳复核方1级意见。",R1,completed,2026-07-28T20:35:21+08:00
VQ-047,压力锅不能密封或一直漏气时怎样检查？,zh-CN,Pressure Cooker,troubleshooting,source_disjoint_test,pressure-011-scene-0017,pressure-011,136.67,143.744,1,,,no,未展示密封或漏气检查。,,R1,completed,2026-07-28T01:55:19+08:00
VQ-047,压力锅不能密封或一直漏气时怎样检查？,zh-CN,Pressure Cooker,troubleshooting,source_disjoint_test,pressure-011-scene-0018,pressure-011,143.744,147.147,1,,,no,画面仅展示开盖取食，未涉及密封或漏气检查。,"第三轮仲裁修正：R1原记录 等级=0 时间=[None,None] 泄漏=no → 仲裁 等级=1 时间=[None,None] 泄漏=no。理由：画面仅展示开盖取食，压力锅产品出现但未涉及密封或漏气检查，按规范应为1级，采纳复核方意见。",R1,completed,2026-07-28T20:35:21+08:00
VQ-047,压力锅不能密封或一直漏气时怎样检查？,zh-CN,Pressure Cooker,troubleshooting,source_disjoint_test,pressure-011-scene-0024,pressure-011,200.567,214.214,1,,,no,仅演示开盖，未展示密封或漏气检查步骤。,,R1,completed,2026-07-28T01:55:19+08:00
VQ-047,压力锅不能密封或一直漏气时怎样检查？,zh-CN,Pressure Cooker,troubleshooting,source_disjoint_test,pressure-012-scene-0017,pressure-012,62.462,66.133,0,,,no,画面未出现任何'密封不良/漏气'的迹象或检查动作（无蒸汽泄漏、无检查密封圈的动作）。,,R1,completed,2026-07-28T01:55:19+08:00
VQ-047,压力锅不能密封或一直漏气时怎样检查？,zh-CN,Pressure Cooker,troubleshooting,source_disjoint_test,pressure-012-scene-0019,pressure-012,69.269,72.806,0,,,no,6 帧无密封/漏气检查或排查动作。,,R1,completed,2026-07-28T01:55:19+08:00
VQ-047,压力锅不能密封或一直漏气时怎样检查？,zh-CN,Pressure Cooker,troubleshooting,source_disjoint_test,pressure-012-scene-0021,pressure-012,77.744,81.448,0,,,no,全部6帧仅展示锅内搅拌深色液体，未出现密封圈检查、漏气排查或相关维修操作。,,R1,completed,2026-07-28T02:00:15+08:00
VQ-047,压力锅不能密封或一直漏气时怎样检查？,zh-CN,Pressure Cooker,troubleshooting,source_disjoint_test,pressure-012-scene-0023,pressure-012,84.785,88.488,1,,,no,6帧均为锅内搅拌画面，锅体可见，但无密封检查、漏气排查或相关故障处理演示。,,R1,completed,2026-07-28T02:00:15+08:00
VQ-047,压力锅不能密封或一直漏气时怎样检查？,zh-CN,Pressure Cooker,troubleshooting,source_disjoint_test,pressure-020-scene-0006,pressure-020,146.38,154.955,0,,,no,第1-6帧（146.4s-155.0s）未展示压力锅漏气、密封检查或故障排查过程。,,R1,completed,2026-07-28T01:55:19+08:00
VQ-047,压力锅不能密封或一直漏气时怎样检查？,zh-CN,Pressure Cooker,troubleshooting,source_disjoint_test,pressure-020-scene-0008,pressure-020,176.677,181.248,0,,,no,6 帧无漏气检查画面。,AI=1→R1=0,R1,completed,2026-07-28T01:55:19+08:00
VQ-047,压力锅不能密封或一直漏气时怎样检查？,zh-CN,Pressure Cooker,troubleshooting,source_disjoint_test,pressure-026-scene-0001,pressure-026,0.0,9.576,0,,,no,画面为1983年Activision游戏《Pressure Cooker》的标题卡，6帧均未出现实体压力锅或漏气/密封检查内容。,,R1,completed,2026-07-28T01:55:19+08:00
VQ-047,压力锅不能密封或一直漏气时怎样检查？,zh-CN,Pressure Cooker,troubleshooting,source_disjoint_test,pressure-027-scene-0011,pressure-027,181.081,185.252,0,,,no,6帧画面均为演播室场景，仅背景屏幕中可见烹饪画面，未展示压力锅密封性检查、漏气排查或任何维修动作。,,R1,completed,2026-07-28T02:00:15+08:00
VQ-047,压力锅不能密封或一直漏气时怎样检查？,zh-CN,Pressure Cooker,troubleshooting,source_disjoint_test,pressure-027-scene-0016,pressure-027,219.386,228.128,1,,,no,6 帧均为食材加入/搅拌过程，无任何密封/漏气检查或故障排查画面。,"第三轮仲裁修正：R1原记录 等级=0 时间=[None,None] 泄漏=no → 仲裁 等级=1 时间=[None,None] 泄漏=no。理由：6帧均为食材加入/搅拌过程，压力锅产品清晰可见但无任何密封/漏气检查或故障排查画面，采纳复核方意见判1级。",R1,completed,2026-07-28T20:35:21+08:00
VQ-047,压力锅不能密封或一直漏气时怎样检查？,zh-CN,Pressure Cooker,troubleshooting,source_disjoint_test,pressure-027-scene-0019,pressure-027,238.972,256.823,1,,,no,全6帧（t=239.0s–256.8s）为正常烹饪场景（向锅内添加土豆食材），无密封问题或排查步骤。,"第三轮仲裁修正：R1原记录 等级=0 时间=[None,None] 泄漏=no → 仲裁 等级=1 时间=[None,None] 泄漏=no。理由：全帧为正常烹饪场景（向锅内添加土豆食材），压力锅产品出现但无密封问题或排查步骤，产品出现但不回答，采纳复核方意见判1级。",R1,completed,2026-07-28T20:35:21+08:00
VQ-047,压力锅不能密封或一直漏气时怎样检查？,zh-CN,Pressure Cooker,troubleshooting,source_disjoint_test,pressure-027-scene-0026,pressure-027,317.417,321.788,0,,,no,6帧均为演播室主持人观看屏幕画面（t=317.4–321.8s），未见压力锅密封/漏气检查相关动作。,,R1,completed,2026-07-28T02:00:15+08:00
VQ-047,压力锅不能密封或一直漏气时怎样检查？,zh-CN,Pressure Cooker,troubleshooting,source_disjoint_test,pressure-027-scene-0029,pressure-027,332.733,345.045,2,332.733,345.0,no,女士在第1–6帧（t=332.733s–345.0s）指向压力阀并说明盖盖前需检查阀门是否关闭，否则无法升压，部分回答了密封/漏气检查的要点。,时间按实际证据片段重定位,R1,completed,2026-07-28T01:55:19+08:00
VQ-047,压力锅不能密封或一直漏气时怎样检查？,zh-CN,Pressure Cooker,troubleshooting,source_disjoint_test,pressure-027-scene-0037,pressure-027,416.049,433.166,0,,,no,全部6帧为女士口头讲解烹饪使用流程，无密封性检查、漏气排查等故障诊断内容。,,R1,completed,2026-07-28T01:55:19+08:00
VQ-047,压力锅不能密封或一直漏气时怎样检查？,zh-CN,Pressure Cooker,troubleshooting,source_disjoint_test,pressure-032-scene-0002,pressure-032,30.364,1379.311,0,,,no,6帧为宽时间厨房概览场景，无密封检查、漏气诊断或处理画面。,AI=0→R1=0：保持。无漏气检查演示。,R1,completed,2026-07-28T01:55:19+08:00
VQ-047,压力锅不能密封或一直漏气时怎样检查？,zh-CN,Pressure Cooker,troubleshooting,source_disjoint_test,pressure-032-scene-0003,pressure-032,1379.311,1438.637,0,,,no,音频提到未正常摇滚，但未展示如何检查密封圈、锅盖或排查漏气。,,R1,completed,2026-07-28T01:55:19+08:00
VQ-047,压力锅不能密封或一直漏气时怎样检查？,zh-CN,Pressure Cooker,troubleshooting,source_disjoint_test,pressure-033-scene-0020,pressure-033,196.096,204.071,2,196.1,204.071,no,第2-3帧（t=197.7s-199.3s）清晰显示“Before Cooking Check gasket and valves”字幕，第1、6帧手指向锅盖阀门，提示密封相关检查，但未完整演示漏气排查步骤。,时间按实际证据片段重定位,R1,completed,2026-07-28T01:55:19+08:00
VQ-047,压力锅不能密封或一直漏气时怎样检查？,zh-CN,Pressure Cooker,troubleshooting,source_disjoint_test,pressure-033-scene-0022,pressure-033,210.077,231.164,2,210.1,231.164,no,第1–6帧（t=210.1s–231.2s）厨师逐帧展示并讲解密封圈（gasket），配合ASR说明需检查密封圈有无撕裂或裂纹、每12-18个月更换，这正是密封漏气故障排查的核心步骤之一。,时间按实际证据片段重定位,R1,completed,2026-07-28T02:12:44+08:00
VQ-047,压力锅不能密封或一直漏气时怎样检查？,zh-CN,Pressure Cooker,troubleshooting,source_disjoint_test,pressure-033-scene-0032,pressure-033,291.959,293.961,1,,,no,第1–6帧（t=292.0–294.0s）均为锅盖静态特写，未展示密封不良或漏气检查的步骤。,,R1,completed,2026-07-28T01:55:19+08:00
VQ-047,压力锅不能密封或一直漏气时怎样检查？,zh-CN,Pressure Cooker,troubleshooting,source_disjoint_test,pressure-033-scene-0036,pressure-033,312.946,319.019,0,,,no,帧1-6为锅盖特写与安全提示文字'Lid won't open until steam has been released'；未演示任何密封检查或漏气排查动作。,,R1,completed,2026-07-28T02:00:15+08:00
VQ-047,压力锅不能密封或一直漏气时怎样检查？,zh-CN,Pressure Cooker,troubleshooting,source_disjoint_test,pressure-033-scene-0051,pressure-033,533.934,536.236,1,,,no,6帧仅显示蒸汽从锅盖冒出（可能为正常泄压），未给出任何密封检查/漏气诊断步骤（如检查密封圈、浮子阀位置等）。,AI=1→R1=1：保持。锅盖可见但无诊断步骤。,R1,completed,2026-07-28T01:55:19+08:00
VQ-047,压力锅不能密封或一直漏气时怎样检查？,zh-CN,Pressure Cooker,troubleshooting,source_disjoint_test,pressure-033-scene-0063,pressure-033,758.425,760.961,0,,,no,全部6帧（t=758.4s–761.0s）展示压力锅正常工作中冒蒸汽的画面，属于正常运行状态演示，没有任何检查密封性或漏气故障排查的操作步骤出现。,,R1,completed,2026-07-28T02:00:15+08:00
VQ-047,压力锅不能密封或一直漏气时怎样检查？,zh-CN,Pressure Cooker,troubleshooting,source_disjoint_test,pressure-036-scene-0006,pressure-036,72.773,78.312,0,,,no,第1-6帧（t=72.8s-78.3s）画面集中在锅盖和锅体操作上，没有任何检查密封或漏气排查的动作/解说。,,R1,completed,2026-07-28T02:00:15+08:00
VQ-047,压力锅不能密封或一直漏气时怎样检查？,zh-CN,Pressure Cooker,troubleshooting,source_disjoint_test,pressure-036-scene-0007,pressure-036,78.312,91.658,0,,,no,6帧仅展示内胆与蒸篮的拆装，未涉及锅盖密封、密封圈或漏气检查（t=78.3s-91.7s）。,,R1,completed,2026-07-28T01:55:19+08:00
VQ-047,压力锅不能密封或一直漏气时怎样检查？,zh-CN,Pressure Cooker,troubleshooting,source_disjoint_test,pressure-036-scene-0009,pressure-036,99.333,109.343,1,,,no,场景仅展示锅盖上的压力指示灯和各部件的位置识别，无密封性检查、漏气排查等故障诊断内容。,,R1,completed,2026-07-28T01:55:19+08:00
VQ-047,压力锅不能密封或一直漏气时怎样检查？,zh-CN,Pressure Cooker,troubleshooting,source_disjoint_test,pressure-036-scene-0010,pressure-036,109.343,118.819,1,,,no,第1–6帧（t=109.3–118.8s）显示显示屏为“OFF”，未展示密封检查或漏气排查步骤。,AI=0→R1=1：电压力锅产品出现，但画面未演示无法密封/漏气的检查方法。,R1,completed,2026-07-28T01:55:19+08:00
VQ-047,压力锅不能密封或一直漏气时怎样检查？,zh-CN,Pressure Cooker,troubleshooting,source_disjoint_test,pressure-036-scene-0014,pressure-036,227.327,268.101,0,,,no,全部6帧（t=227.3s-268.1s）展示的是烹饪完成后的取食与测温，没有检查密封圈、排气阀或漏气排查的画面。,,R1,completed,2026-07-28T02:00:15+08:00
VQ-047,压力锅不能密封或一直漏气时怎样检查？,zh-CN,Pressure Cooker,troubleshooting,source_disjoint_test,pressure-037-scene-0003,pressure-037,10.801,14.512,0,,,no,6帧为菜肴拼贴+宣传文字，无锅盖密封或漏气检查相关画面。,,R1,completed,2026-07-28T01:55:19+08:00
VQ-047,压力锅不能密封或一直漏气时怎样检查？,zh-CN,Pressure Cooker,troubleshooting,source_disjoint_test,pressure-037-scene-0004,pressure-037,14.512,17.807,0,,,no,画面中无漏气检查、密封圈排查或相关 troubleshoot 动作。,,R1,completed,2026-07-28T01:55:19+08:00
VQ-047,压力锅不能密封或一直漏气时怎样检查？,zh-CN,Pressure Cooker,troubleshooting,source_disjoint_test,pressure-037-scene-0008,pressure-037,34.279,41.284,0,,,no,"画面中盖子正常打开/关闭,无任何漏气检查或密封故障排查演示。",,R1,completed,2026-07-28T01:55:19+08:00
VQ-047,压力锅不能密封或一直漏气时怎样检查？,zh-CN,Pressure Cooker,troubleshooting,source_disjoint_test,pressure-037-scene-0011,pressure-037,54.17,61.384,0,,,no,场景仅展示备料，无密封检查、漏气排查或相关故障处理。,,R1,completed,2026-07-28T01:55:19+08:00
VQ-047,压力锅不能密封或一直漏气时怎样检查？,zh-CN,Pressure Cooker,troubleshooting,source_disjoint_test,pressure-037-scene-0014,pressure-037,77.731,80.234,0,,,no,全部6帧为正常按钮操作和数字调整画面，无漏气检查或密封问题排查内容。,,R1,completed,2026-07-28T02:00:15+08:00
VQ-047,压力锅不能密封或一直漏气时怎样检查？,zh-CN,Pressure Cooker,troubleshooting,source_disjoint_test,pressure-040-scene-0017,pressure-040,204.805,208.308,0,,,no,第1-6帧（t=204.8s-208.3s）画面为往压力锅中倒液体，没有检查密封或漏气的动作。,,R1,completed,2026-07-28T02:00:15+08:00
VQ-047,压力锅不能密封或一直漏气时怎样检查？,zh-CN,Pressure Cooker,troubleshooting,source_disjoint_test,pressure-040-scene-0024,pressure-040,265.766,268.235,0,,,no,全6帧（t=265.8s–268.2s）为正常关盖操作，无密封故障排查或异常检测内容。,,R1,completed,2026-07-28T01:55:19+08:00
VQ-047,压力锅不能密封或一直漏气时怎样检查？,zh-CN,Pressure Cooker,troubleshooting,source_disjoint_test,pressure-040-scene-0025,pressure-040,268.235,283.016,0,,,no,"画面仅展示盖子被放置和按下的过程,无任何漏气检查或密封故障排查演示。",AI=1→R1=0,R1,completed,2026-07-28T01:55:19+08:00
VQ-048,What should I do when an electric pressure cooker shows a burn warning?,en,Pressure Cooker,troubleshooting,source_disjoint_test,pressure-001-scene-0001,pressure-001,0.0,120.65,0,,,no,全6帧（t=0.0s–120.6s）为炉灶式压力锅，无显示屏、无burn warning提示、无对应处理操作。,,R1,completed,2026-07-28T01:55:19+08:00
VQ-048,What should I do when an electric pressure cooker shows a burn warning?,en,Pressure Cooker,troubleshooting,source_disjoint_test,pressure-010-scene-0002,pressure-010,16.75,98.031,0,,,no,全部6帧为通心粉、奶酪等食材准备和压力锅初始画面，未见burn warning提示或相关故障处理演示。,,R1,completed,2026-07-28T02:00:15+08:00
VQ-048,What should I do when an electric pressure cooker shows a burn warning?,en,Pressure Cooker,troubleshooting,source_disjoint_test,pressure-010-scene-0004,pressure-010,102.035,143.911,0,,,no,控制面板显示0:00，未见burn警告或相关处理演示。,,R1,completed,2026-07-28T01:55:19+08:00
VQ-048,What should I do when an electric pressure cooker shows a burn warning?,en,Pressure Cooker,troubleshooting,source_disjoint_test,pressure-010-scene-0006,pressure-010,147.915,182.549,0,,,no,6 帧无烧焦警告提示或相应处理画面。,,R1,completed,2026-07-28T01:55:19+08:00
VQ-048,What should I do when an electric pressure cooker shows a burn warning?,en,Pressure Cooker,troubleshooting,source_disjoint_test,pressure-011-scene-0012,pressure-011,86.887,98.198,1,,,no,全部6帧（t=86.9s–98.2s）为正常的Instant Pot启动操作（按Pressure Cook设时0:10），无烧焦警告或错误代码出现。,"第三轮仲裁修正：R1原记录 等级=0 时间=[None,None] 泄漏=no → 仲裁 等级=1 时间=[None,None] 泄漏=no。理由：Instant Pot控制面板清晰可见且为正常启动操作，无烧焦警告或错误代码出现，采纳复核方1级意见。",R1,completed,2026-07-28T20:35:21+08:00
VQ-048,What should I do when an electric pressure cooker shows a burn warning?,en,Pressure Cooker,troubleshooting,source_disjoint_test,pressure-011-scene-0014,pressure-011,102.302,123.357,1,,,no,全部6帧为正常操作控制面板画面，无烧焦警告或故障提示信息。,"第三轮仲裁修正：R1原记录 等级=0 时间=[None,None] 泄漏=no → 仲裁 等级=1 时间=[None,None] 泄漏=no。理由：控制面板清晰可见且为正常操作，无烧焦警告或故障提示信息，采纳复核方1级意见。",R1,completed,2026-07-28T20:35:21+08:00
VQ-048,What should I do when an electric pressure cooker shows a burn warning?,en,Pressure Cooker,troubleshooting,source_disjoint_test,pressure-011-scene-0016,pressure-011,125.859,136.67,1,,,no,控制面板显示0n（t=125.9s、136.7s），未出现burn警告提示，也无对应处理动作。,"第三轮仲裁修正：R1原记录 等级=0 时间=[None,None] 泄漏=no → 仲裁 等级=1 时间=[None,None] 泄漏=no。理由：Instant Pot整机及控制面板显示On，未出现burn警告提示，也无对应处理动作，采纳复核方1级意见。",R1,completed,2026-07-28T20:35:21+08:00
VQ-048,What should I do when an electric pressure cooker shows a burn warning?,en,Pressure Cooker,troubleshooting,source_disjoint_test,pressure-011-scene-0017,pressure-011,136.67,143.744,1,,,no,画面无燃烧警告或相关处理。,AI=0→R1=1：产品出现但内容未涉及燃烧警告。,R1,completed,2026-07-28T01:55:19+08:00
VQ-048,What should I do when an electric pressure cooker shows a burn warning?,en,Pressure Cooker,troubleshooting,source_disjoint_test,pressure-011-scene-0024,pressure-011,200.567,214.214,1,,,no,画面无燃烧警告显示或相关处理说明。,AI=0→R1=1：产品出现但内容未涉及燃烧警告。,R1,completed,2026-07-28T01:55:19+08:00
VQ-048,What should I do when an electric pressure cooker shows a burn warning?,en,Pressure Cooker,troubleshooting,source_disjoint_test,pressure-012-scene-0006,pressure-012,17.251,20.654,0,,,no,全部6帧（t=17.3s–20.7s）显示玻璃碗中撒黑胡椒的生鸡肉块及向金属锅倒入菜籽油的画面，全程未出现任何压力锅产品。,,R1,completed,2026-07-28T02:12:44+08:00
VQ-048,What should I do when an electric pressure cooker shows a burn warning?,en,Pressure Cooker,troubleshooting,source_disjoint_test,pressure-012-scene-0014,pressure-012,47.281,50.884,0,,,no,全部6帧为食材准备场景（向碗中加调料），无压力锅产品或烧焦警告内容。,,R1,completed,2026-07-28T02:00:15+08:00
VQ-048,What should I do when an electric pressure cooker shows a burn warning?,en,Pressure Cooker,troubleshooting,source_disjoint_test,pressure-012-scene-0018,pressure-012,66.133,69.269,1,,,no,6帧显示压力锅显示屏正常运行（Pressure Cook模式倒计时00:04-05），未显示烧灼警告（burn）信息或对应处理操作。,AI=0→R1=1：同产品（压力锅）出现，但显示屏无烧灼警告，未演示处理方法。,R1,completed,2026-07-28T02:00:15+08:00
VQ-048,What should I do when an electric pressure cooker shows a burn warning?,en,Pressure Cooker,troubleshooting,source_disjoint_test,pressure-012-scene-0019,pressure-012,69.269,72.806,0,,,no,6 帧无烧焦警告画面。,,R1,completed,2026-07-28T01:55:19+08:00
VQ-048,What should I do when an electric pressure cooker shows a burn warning?,en,Pressure Cooker,troubleshooting,source_disjoint_test,pressure-020-scene-0002,pressure-020,7.307,82.716,0,,,no,"画面无任何烧焦警告(burn warning)显示或相关故障排查讨论,仅展示产品与食材。",,R1,completed,2026-07-28T01:55:19+08:00
VQ-048,What should I do when an electric pressure cooker shows a burn warning?,en,Pressure Cooker,troubleshooting,source_disjoint_test,pressure-020-scene-0004,pressure-020,105.939,120.988,0,,,no,6帧均为洗米画面（t=105.9–121.0s），未见电压力锅及burn warning相关提示。,,R1,completed,2026-07-28T02:00:15+08:00
VQ-048,What should I do when an electric pressure cooker shows a burn warning?,en,Pressure Cooker,troubleshooting,source_disjoint_test,pressure-020-scene-0006,pressure-020,146.38,154.955,0,,,no,第1-6帧（146.4s-155.0s）显示屏未出现burn字样或燃烧警告处理内容。,,R1,completed,2026-07-28T01:55:19+08:00
VQ-048,What should I do when an electric pressure cooker shows a burn warning?,en,Pressure Cooker,troubleshooting,source_disjoint_test,pressure-020-scene-0007,pressure-020,154.955,176.677,0,,,no,画面中无任何烧焦警告显示或相关故障排查内容。,,R1,completed,2026-07-28T01:55:19+08:00
VQ-048,What should I do when an electric pressure cooker shows a burn warning?,en,Pressure Cooker,troubleshooting,source_disjoint_test,pressure-020-scene-0008,pressure-020,176.677,181.248,0,,,no,6 帧无烧焦警告画面。,,R1,completed,2026-07-28T01:55:19+08:00
VQ-048,What should I do when an electric pressure cooker shows a burn warning?,en,Pressure Cooker,troubleshooting,source_disjoint_test,pressure-026-scene-0007,pressure-026,328.161,333.133,0,,,no,全部6帧（t=328.2s-333.2s）均为复古电子游戏画面，无压力锅、无 burn warning 相关元素。,,R1,completed,2026-07-28T02:00:15+08:00
VQ-048,What should I do when an electric pressure cooker shows a burn warning?,en,Pressure Cooker,troubleshooting,source_disjoint_test,pressure-027-scene-0025,pressure-027,302.503,317.417,0,,,no,全部6帧（t=302.5s–317.5s）显示一名围裙女性向电压力锅中倒入罐装番茄和高汤并搅拌，纯属食材准备步骤，未出现任何烧焦警告提示或相关排障操作。,,R1,completed,2026-07-28T02:12:44+08:00
VQ-048,What should I do when an electric pressure cooker shows a burn warning?,en,Pressure Cooker,troubleshooting,source_disjoint_test,pressure-027-scene-0026,pressure-027,317.417,321.788,0,,,no,6帧均为演播室场景（t=317.4–321.8s），画面及背景屏幕均未出现burn warning或相关故障处理。,,R1,completed,2026-07-28T02:00:15+08:00
VQ-048,What should I do when an electric pressure cooker shows a burn warning?,en,Pressure Cooker,troubleshooting,source_disjoint_test,pressure-027-scene-0029,pressure-027,332.733,345.045,1,,,no,未涉及燃烧警告。,AI=0→R1=1：产品出现但内容未涉及燃烧警告。 | 第三轮仲裁复核：维持R1原判（等级/时间/泄漏均确认无误）。,R1,completed,2026-07-28T20:35:21+08:00
VQ-048,What should I do when an electric pressure cooker shows a burn warning?,en,Pressure Cooker,troubleshooting,source_disjoint_test,pressure-027-scene-0033,pressure-027,368.068,387.621,0,,,no,所有6帧(t=368.1s-387.7s)画面中压力锅盖关闭、无任何显示屏/警示灯内容可见；ASR讨论安全性与按钮设定，未提及烧焦警告或排查步骤。,,R1,completed,2026-07-28T02:00:15+08:00
VQ-048,What should I do when an electric pressure cooker shows a burn warning?,en,Pressure Cooker,troubleshooting,source_disjoint_test,pressure-027-scene-0037,pressure-027,416.049,433.166,0,,,no,场景为一般烹饪流程讲解，未涉及烧干警告（burn warning）的识别或处理方法。,,R1,completed,2026-07-28T01:55:19+08:00
VQ-048,What should I do when an electric pressure cooker shows a burn warning?,en,Pressure Cooker,troubleshooting,source_disjoint_test,pressure-028-scene-0001,pressure-028,0.0,722.4,1,,,no,画面中无任何烧焦警告显示或相关故障排查内容。,"第三轮仲裁修正：R1原记录 等级=0 时间=[None,None] 泄漏=no → 仲裁 等级=1 时间=[None,None] 泄漏=no。理由：Instant Pot显示屏可见但无BURN字样或任何错误代码/烧焦提示，产品出现但不回答query，采纳复核方1级意见。",R1,completed,2026-07-28T20:35:21+08:00
VQ-048,What should I do when an electric pressure cooker shows a burn warning?,en,Pressure Cooker,troubleshooting,source_disjoint_test,pressure-032-scene-0002,pressure-032,30.364,1379.311,0,,,no,6帧为宽时间厨房概览场景，显示屏未出现'BURN'或任何烧焦警告文字。,AI=0→R1=0：保持。无烧焦警告画面。,R1,completed,2026-07-28T01:55:19+08:00
VQ-048,What should I do when an electric pressure cooker shows a burn warning?,en,Pressure Cooker,troubleshooting,source_disjoint_test,pressure-032-scene-0003,pressure-032,1379.311,1438.637,0,,,no,炉顶压力锅不存在 burn warning 显示，画面中无相关内容。,,R1,completed,2026-07-28T01:55:19+08:00
VQ-048,What should I do when an electric pressure cooker shows a burn warning?,en,Pressure Cooker,troubleshooting,source_disjoint_test,pressure-032-scene-0004,pressure-032,1438.637,1679.23,0,,,no,全部6帧为正常烹饪后活动（冷却降压、用餐），无烧焦警告或错误提示。,,R1,completed,2026-07-28T02:00:15+08:00
VQ-048,What should I do when an electric pressure cooker shows a burn warning?,en,Pressure Cooker,troubleshooting,source_disjoint_test,pressure-033-scene-0017,pressure-033,154.021,172.806,0,,,no,"画面中无任何烧焦警告(burn warning)显示或相关故障排查内容,仅展示厨师手持锅盖。",,R1,completed,2026-07-28T01:55:19+08:00
VQ-048,What should I do when an electric pressure cooker shows a burn warning?,en,Pressure Cooker,troubleshooting,source_disjoint_test,pressure-033-scene-0018,pressure-033,172.806,181.582,0,,,no,"第1–6帧（t=172.8s, 174.6s, 176.3s, 178.1s, 179.8s, 181.6s）显示厨师手与炉上多口压力锅盖的互动（合盖/取盖），ASR 讨论盖子对位与单手合盖；未出现显示屏、烧焦提示或排查操作。",,R1,completed,2026-07-28T02:12:44+08:00
VQ-048,What should I do when an electric pressure cooker shows a burn warning?,en,Pressure Cooker,troubleshooting,source_disjoint_test,pressure-033-scene-0024,pressure-033,234.434,240.44,0,,,no,第1-6帧（t=234.4s-240.4s）均为传统高压锅使用提示文字，未出现burn警告或故障处理画面。,,R1,completed,2026-07-28T02:00:15+08:00
VQ-048,What should I do when an electric pressure cooker shows a burn warning?,en,Pressure Cooker,troubleshooting,source_disjoint_test,pressure-033-scene-0029,pressure-033,269.803,274.274,0,,,no,"第1–6帧（t=269.8s, 270.7s, 271.6s, 272.5s, 273.4s, 274.3s）显示用钳子掀起压力锅盖的手部特写，并伴随炉上其他锅具画面；所有6帧均未出现压力锅显示屏、烧焦提示或任何排查动作。",,R1,completed,2026-07-28T02:12:44+08:00
VQ-048,What should I do when an electric pressure cooker shows a burn warning?,en,Pressure Cooker,troubleshooting,source_disjoint_test,pressure-033-scene-0032,pressure-033,291.959,293.961,1,,,no,第1–6帧（t=292.0–294.0s）均为锅盖静态特写，未见“burn”警告显示或相关处理动作。,AI=0→R1=1：压力锅锅盖出现，但画面未显示烧干警告及处理方法。,R1,completed,2026-07-28T01:55:19+08:00
VQ-048,What should I do when an electric pressure cooker shows a burn warning?,en,Pressure Cooker,troubleshooting,source_disjoint_test,pressure-033-scene-0036,pressure-033,312.946,319.019,0,,,no,帧1-6为锅盖特写与安全提示文字'Lid won't open until steam has been released'；未出现电压力锅显示烧焦警告的画面或对应排查动作。,,R1,completed,2026-07-28T02:00:15+08:00
VQ-048,What should I do when an electric pressure cooker shows a burn warning?,en,Pressure Cooker,troubleshooting,source_disjoint_test,pressure-033-scene-0039,pressure-033,339.173,383.884,0,,,no,所有6帧(t=339.2s-383.9s)显示厨师在厨房讲话/做手势，未见任何电压力锅显示烧焦警告画面或排查动作；ASR讨论泄压与营养保留，与烧焦警告无关。,,R1,completed,2026-07-28T02:00:15+08:00
VQ-048,What should I do when an electric pressure cooker shows a burn warning?,en,Pressure Cooker,troubleshooting,source_disjoint_test,pressure-033-scene-0068,pressure-033,792.326,799.633,0,,,no,画面中没有 burn warning 显示，也无相关故障处理。,,R1,completed,2026-07-28T01:55:19+08:00
VQ-048,What should I do when an electric pressure cooker shows a burn warning?,en,Pressure Cooker,troubleshooting,source_disjoint_test,pressure-036-scene-0008,pressure-036,91.658,99.333,0,,,no,第1-6帧（91.7s-99.3s）仅演示内胆放入，未出现控制面板报警或burn提示。,,R1,completed,2026-07-28T01:55:19+08:00
VQ-048,What should I do when an electric pressure cooker shows a burn warning?,en,Pressure Cooker,troubleshooting,source_disjoint_test,pressure-036-scene-0009,pressure-036,99.333,109.343,1,,,no,画面中的红色指示灯为压力状态指示器（pressurized indicator），并非烧干警告（burn warning）；场景完全不涉及警告处理。,,R1,completed,2026-07-28T01:55:19+08:00
VQ-048,What should I do when an electric pressure cooker shows a burn warning?,en,Pressure Cooker,troubleshooting,source_disjoint_test,pressure-036-scene-0010,pressure-036,109.343,118.819,1,,,no,第1–6帧（t=109.3–118.8s）中显示屏始终显示“OFF”，未出现“burn”警告或处理演示。,AI=0→R1=1：电压力锅产品出现，但画面未显示烧干警告及应对措施。,R1,completed,2026-07-28T01:55:19+08:00
VQ-048,What should I do when an electric pressure cooker shows a burn warning?,en,Pressure Cooker,troubleshooting,source_disjoint_test,pressure-036-scene-0014,pressure-036,227.327,268.101,0,,,no,6帧（t=227.3s-268.1s）均未显示 burn warning 提示或处理 burn 警告的任何操作，仅展示烹饪后取食。,,R1,completed,2026-07-28T02:00:15+08:00
VQ-048,What should I do when an electric pressure cooker shows a burn warning?,en,Pressure Cooker,troubleshooting,source_disjoint_test,pressure-037-scene-0001,pressure-037,0.0,7.506,0,,,no,"第1–6帧（t=0.0s, 1.5s, 3.0s, 4.5s, 6.0s, 7.5s）展示通心粉在大锅中翻炒/盛起的画面，仅含 INSIDER PICKS 标题叠层；所有6帧均未出现压力锅显示屏、烧焦提示或任何故障排查画面。",,R1,completed,2026-07-28T02:12:44+08:00
VQ-048,What should I do when an electric pressure cooker shows a burn warning?,en,Pressure Cooker,troubleshooting,source_disjoint_test,pressure-037-scene-0004,pressure-037,14.512,17.807,0,,,no,控制面板未显示 burn warning，也无相关处理。,,R1,completed,2026-07-28T01:55:19+08:00
VQ-048,What should I do when an electric pressure cooker shows a burn warning?,en,Pressure Cooker,troubleshooting,source_disjoint_test,pressure-037-scene-0007,pressure-037,31.276,34.279,1,,,no,6帧显示控制面板+数字'30'，显示屏上无'BURN'或烧焦警告文字。,AI=1→R1=1：保持。产品出现但无烧焦警告画面。,R1,completed,2026-07-28T01:55:19+08:00
VQ-048,What should I do when an electric pressure cooker shows a burn warning?,en,Pressure Cooker,troubleshooting,source_disjoint_test,pressure-037-scene-0013,pressure-037,66.597,77.731,0,,,no,全部6帧为Instant Pot商品页面、客户评价和Pinterest/Amazon宣传图，未见burn warning或故障处理相关内容。,,R1,completed,2026-07-28T02:00:15+08:00
VQ-048,What should I do when an electric pressure cooker shows a burn warning?,en,Pressure Cooker,troubleshooting,source_disjoint_test,pressure-037-scene-0014,pressure-037,77.731,80.234,0,,,no,全部6帧为正常操作画面（按钮按压、数字OFF/9/7），无烧焦警告或错误代码。,,R1,completed,2026-07-28T02:00:15+08:00
VQ-048,What should I do when an electric pressure cooker shows a burn warning?,en,Pressure Cooker,troubleshooting,source_disjoint_test,pressure-040-scene-0002,pressure-040,4.805,63.897,0,,,no,"第1–6帧（t=4.8s, 16.6s, 30.4s, 40.2s, 50.0s, 63.9s）显示 PCTV（Park City Television）演播室访谈节目画面，桌上有压力锅但仅作背景道具；未出现压力锅显示屏、烧焦提示或任何排查步骤。",,R1,completed,2026-07-28T02:12:44+08:00
VQ-048,What should I do when an electric pressure cooker shows a burn warning?,en,Pressure Cooker,troubleshooting,source_disjoint_test,pressure-040-scene-0003,pressure-040,63.897,70.237,0,,,no,全部6帧（t=63.9s–70.3s）仅显示正常工作的控制面板倒计时，无烧焦警告或相关处理指导。,,R1,completed,2026-07-28T02:00:15+08:00
VQ-048,What should I do when an electric pressure cooker shows a burn warning?,en,Pressure Cooker,troubleshooting,source_disjoint_test,pressure-040-scene-0024,pressure-040,265.766,268.235,0,,,no,全6帧（t=265.8s–268.2s）无burn warning提示、无屏幕显示、无处理步骤。,,R1,completed,2026-07-28T01:55:19+08:00
VQ-048,What should I do when an electric pressure cooker shows a burn warning?,en,Pressure Cooker,troubleshooting,source_disjoint_test,pressure-040-scene-0025,pressure-040,268.235,283.016,0,,,no,"画面无任何'burn'警告显示或相关故障排查内容,仅展示产品与盖子操作。",,R1,completed,2026-07-28T01:55:19+08:00
VQ-048,What should I do when an electric pressure cooker shows a burn warning?,en,Pressure Cooker,troubleshooting,source_disjoint_test,pressure-040-scene-0044,pressure-040,560.06,641.675,0,,,no,全部6帧（t=560.1s–641.7s）为演播室烹饪节目场景，人物在交谈和品尝食物，电压力锅无特写，未见burn warning提示或故障处理演示。,,R1,completed,2026-07-28T02:00:15+08:00
VQ-049,压力锅释放压力后锅盖仍打不开时怎么办？,zh-CN,Pressure Cooker,troubleshooting,source_disjoint_test,pressure-001-scene-0001,pressure-001,0.0,120.65,0,,,no,全6帧（t=0.0s–120.6s）锅盖始终盖合状态，无人尝试开盖，无打不开盖时的处理方法。,AI=1→R1=0：画面全程锅盖闭合无开盖尝试，与查询的故障处理完全无关。,R1,completed,2026-07-28T01:55:19+08:00
VQ-049,压力锅释放压力后锅盖仍打不开时怎么办？,zh-CN,Pressure Cooker,troubleshooting,source_disjoint_test,pressure-010-scene-0001,pressure-010,0.0,16.75,1,,,no,第1-6帧（t=0.0s-16.7s）压力锅在背景中，主讲人处理食材，没有释放压力后开盖 troubleshooting。,AI=0→R1=1：压力锅确实出现在画面背景中，但未演示 query 所问的打不开盖处理。 | 第三轮仲裁复核：维持R1原判（等级/时间/泄漏均确认无误）。,R1,completed,2026-07-28T20:35:21+08:00
VQ-049,压力锅释放压力后锅盖仍打不开时怎么办？,zh-CN,Pressure Cooker,troubleshooting,source_disjoint_test,pressure-010-scene-0004,pressure-010,102.035,143.911,0,,,no,场景未展示释放压力后锅盖打不开的情况及处理方法。,,R1,completed,2026-07-28T01:55:19+08:00
VQ-049,压力锅释放压力后锅盖仍打不开时怎么办？,zh-CN,Pressure Cooker,troubleshooting,source_disjoint_test,pressure-010-scene-0005,pressure-010,143.911,147.915,0,,,no,全部6帧（t=143.9s-147.9s）均为黑底白字标题卡'~8 Minutes Later'，未显示压力释放或锅盖打不开的画面。,,R1,completed,2026-07-28T02:00:15+08:00
VQ-049,压力锅释放压力后锅盖仍打不开时怎么办？,zh-CN,Pressure Cooker,troubleshooting,source_disjoint_test,pressure-010-scene-0006,pressure-010,147.915,182.549,0,,,no,画面显示锅盖已成功打开并加食材，未涉及打不开的故障排查。,,R1,completed,2026-07-28T01:55:19+08:00
VQ-049,压力锅释放压力后锅盖仍打不开时怎么办？,zh-CN,Pressure Cooker,troubleshooting,source_disjoint_test,pressure-010-scene-0010,pressure-010,240.007,251.08,1,,,no,画面为压力锅与通心粉盘的静态镜头加黑底制作人员名单；未演示泄压后锅盖仍打不开时的处理或排查动作。,"第三轮仲裁修正：R1原记录 等级=0 时间=[None,None] 泄漏=no → 仲裁 等级=1 时间=[None,None] 泄漏=no。理由：压力锅在静态镜头中清晰可见，但未演示泄压后锅盖打不开的处理，采纳复核方1级意见。",R1,completed,2026-07-28T20:35:21+08:00
VQ-049,压力锅释放压力后锅盖仍打不开时怎么办？,zh-CN,Pressure Cooker,troubleshooting,source_disjoint_test,pressure-011-scene-0016,pressure-011,125.859,136.67,1,,,no,6帧未展示释放压力、尝试开盖或卡盖处理动作，仅展示整机通电和厨师讲解（t=125.9s-136.7s）。,"第三轮仲裁修正：R1原记录 等级=0 时间=[None,None] 泄漏=no → 仲裁 等级=1 时间=[None,None] 泄漏=no。理由：Instant Pot整机清晰可见，但未展示释放压力、尝试开盖或卡盖处理动作，采纳复核方1级意见。",R1,completed,2026-07-28T20:35:21+08:00
VQ-049,压力锅释放压力后锅盖仍打不开时怎么办？,zh-CN,Pressure Cooker,troubleshooting,source_disjoint_test,pressure-011-scene-0017,pressure-011,136.67,143.744,1,,,no,画面为正常开盖，未展示锅盖卡住故障处理。,,R1,completed,2026-07-28T01:55:19+08:00
VQ-049,压力锅释放压力后锅盖仍打不开时怎么办？,zh-CN,Pressure Cooker,troubleshooting,source_disjoint_test,pressure-011-scene-0023,pressure-011,177.144,200.567,1,,,no,帧4(t=191.2s)显示厨师站在压力锅旁、帧5(t=195.9s)显示戴黑手套的手握住盖子把手；ASR提到'quick release the pressure'，但未演示锅盖释放后仍打不开时的具体处理动作。,,R1,completed,2026-07-28T02:00:15+08:00
VQ-049,压力锅释放压力后锅盖仍打不开时怎么办？,zh-CN,Pressure Cooker,troubleshooting,source_disjoint_test,pressure-011-scene-0024,pressure-011,200.567,214.214,1,,,no,画面只是正常开盖，未表现锅盖卡住故障及解决方法。,AI=2→R1=1：场景未实际演示‘锅盖打不开’的故障处理，仅展示正常开盖。,R1,completed,2026-07-28T01:55:19+08:00
VQ-049,压力锅释放压力后锅盖仍打不开时怎么办？,zh-CN,Pressure Cooker,troubleshooting,source_disjoint_test,pressure-012-scene-0017,pressure-012,62.462,66.133,0,,,no,画面中盖子被正常放上/旋拧，没有出现'盖子打不开'的故障画面或处理演示。,,R1,completed,2026-07-28T01:55:19+08:00
VQ-049,压力锅释放压力后锅盖仍打不开时怎么办？,zh-CN,Pressure Cooker,troubleshooting,source_disjoint_test,pressure-012-scene-0019,pressure-012,69.269,72.806,0,,,no,锅盖可正常打开，无卡盖故障演示。,,R1,completed,2026-07-28T01:55:19+08:00
VQ-049,压力锅释放压力后锅盖仍打不开时怎么办？,zh-CN,Pressure Cooker,troubleshooting,source_disjoint_test,pressure-012-scene-0021,pressure-012,77.744,81.448,0,,,no,全部6帧仅展示锅内搅拌深色液体，未出现释放压力后锅盖卡住或相关处理方法。,,R1,completed,2026-07-28T02:00:15+08:00
VQ-049,压力锅释放压力后锅盖仍打不开时怎么办？,zh-CN,Pressure Cooker,troubleshooting,source_disjoint_test,pressure-012-scene-0023,pressure-012,84.785,88.488,1,,,no,全部6帧展示锅内食材搅拌，锅盖未出现，也无释压后开盖困难的解决方法演示。,AI=0→R1=1：压力锅产品可见，但画面未展示释压后开盖相关操作。,R1,completed,2026-07-28T02:00:15+08:00
VQ-049,压力锅释放压力后锅盖仍打不开时怎么办？,zh-CN,Pressure Cooker,troubleshooting,source_disjoint_test,pressure-020-scene-0006,pressure-020,146.38,154.955,0,,,no,第1-6帧（146.4s-155.0s）未展示释压后锅盖卡住的处理过程。,,R1,completed,2026-07-28T01:55:19+08:00
VQ-049,压力锅释放压力后锅盖仍打不开时怎么办？,zh-CN,Pressure Cooker,troubleshooting,source_disjoint_test,pressure-020-scene-0007,pressure-020,154.955,176.677,0,,,no,"画面显示计时器进行中,锅盖未被打开,无任何锅盖卡住打不开的故障场景或排查演示。",,R1,completed,2026-07-28T01:55:19+08:00
VQ-049,压力锅释放压力后锅盖仍打不开时怎么办？,zh-CN,Pressure Cooker,troubleshooting,source_disjoint_test,pressure-020-scene-0008,pressure-020,176.677,181.248,0,,,no,锅盖可正常操作，无卡盖故障演示。,AI=1→R1=0,R1,completed,2026-07-28T01:55:19+08:00
VQ-049,压力锅释放压力后锅盖仍打不开时怎么办？,zh-CN,Pressure Cooker,troubleshooting,source_disjoint_test,pressure-026-scene-0001,pressure-026,0.0,9.576,0,,,no,画面为1983年Activision游戏《Pressure Cooker》的标题卡，6帧均未出现实体压力锅或开盖故障处理内容。,,R1,completed,2026-07-28T01:55:19+08:00
VQ-049,压力锅释放压力后锅盖仍打不开时怎么办？,zh-CN,Pressure Cooker,troubleshooting,source_disjoint_test,pressure-027-scene-0011,pressure-027,181.081,185.252,0,,,no,全部6帧（t=181.1s–185.3s）均为电视演播室场景，未出现压力锅释压、开盖或锅盖卡住的 troubleshooting 画面。,,R1,completed,2026-07-28T02:00:15+08:00
VQ-049,压力锅释放压力后锅盖仍打不开时怎么办？,zh-CN,Pressure Cooker,troubleshooting,source_disjoint_test,pressure-027-scene-0029,pressure-027,332.733,345.045,1,,,no,未展示锅盖卡住故障处理。,,R1,completed,2026-07-28T01:55:19+08:00
VQ-049,压力锅释放压力后锅盖仍打不开时怎么办？,zh-CN,Pressure Cooker,troubleshooting,source_disjoint_test,pressure-027-scene-0037,pressure-027,416.049,433.166,1,,,no,ASR提到通过按钮排气后即可打开锅盖，但未涉及'排气后锅盖仍打不开'这一特殊故障情况的处理方法。,,R1,completed,2026-07-28T01:55:19+08:00
VQ-049,压力锅释放压力后锅盖仍打不开时怎么办？,zh-CN,Pressure Cooker,troubleshooting,source_disjoint_test,pressure-032-scene-0002,pressure-032,30.364,1379.311,1,,,no,6帧为宽时间厨房概览场景，部分帧可见锅体，但无锅盖卡住时的强制泄压/冷却/手动排气处理画面。,AI=1→R1=1：保持。产品出现但无打不开的处理动作。,R1,completed,2026-07-28T01:55:19+08:00
VQ-049,压力锅释放压力后锅盖仍打不开时怎么办？,zh-CN,Pressure Cooker,troubleshooting,source_disjoint_test,pressure-032-scene-0003,pressure-032,1379.311,1438.637,0,,,no,画面未展示压力释放后锅盖卡住或相关处理动作。,,R1,completed,2026-07-28T01:55:19+08:00
VQ-049,压力锅释放压力后锅盖仍打不开时怎么办？,zh-CN,Pressure Cooker,troubleshooting,source_disjoint_test,pressure-033-scene-0036,pressure-033,312.946,319.019,2,312.946,319.019,no,所有6帧(t=312.9s-319.1s)显示锅盖特写并叠加文字'Points to Remember: Lid won't open until steam has been released'，直接对应'锅盖释放压力后仍打不开'的场景——必须先释放蒸汽才能开盖；ASR只说'Now this is done.'。,,R1,completed,2026-07-28T02:00:15+08:00
VQ-049,压力锅释放压力后锅盖仍打不开时怎么办？,zh-CN,Pressure Cooker,troubleshooting,source_disjoint_test,pressure-033-scene-0051,pressure-033,533.934,536.236,1,,,no,6帧为锅盖特写，未出现锅盖卡住时的强制泄压、手动排气或冷却处理动作。,AI=1→R1=1：保持。锅盖可见但无打不开的处理动作。,R1,completed,2026-07-28T01:55:19+08:00
VQ-049,压力锅释放压力后锅盖仍打不开时怎么办？,zh-CN,Pressure Cooker,troubleshooting,source_disjoint_test,pressure-033-scene-0056,pressure-033,588.388,591.758,1,,,no,画面演示正常揭盖，未表现压力释放后锅盖卡住的故障及处理方法。,,R1,completed,2026-07-28T01:55:19+08:00
VQ-049,压力锅释放压力后锅盖仍打不开时怎么办？,zh-CN,Pressure Cooker,troubleshooting,source_disjoint_test,pressure-033-scene-0070,pressure-033,804.104,827.427,0,,,no,全部6帧为锅盖和密封圈的正常操作演示/讲解，无任何关于排气后锅盖仍打不开的故障排除内容。,,R1,completed,2026-07-28T01:55:19+08:00
VQ-049,压力锅释放压力后锅盖仍打不开时怎么办？,zh-CN,Pressure Cooker,troubleshooting,source_disjoint_test,pressure-033-scene-0071,pressure-033,827.427,829.696,1,,,no,全部6帧（t=827.4s–829.7s）为手持不锈钢压力锅锅盖的特写，手将锅盖翻转展示底部玻璃面（ASR提及倒扣存放），仅涉及锅盖收纳操作，与'释放压力后盖仍打不开'的排障问题无关。,AI=0→R1=1：压力锅及锅盖在画面中被手持操作、清晰可见，但动作仅为收纳展示，不涉及卡盖排障。,R1,completed,2026-07-28T02:12:44+08:00
VQ-049,压力锅释放压力后锅盖仍打不开时怎么办？,zh-CN,Pressure Cooker,troubleshooting,source_disjoint_test,pressure-036-scene-0006,pressure-036,72.773,78.312,0,,,no,第1-6帧（t=72.8s-78.3s）未显示释放压力操作，也没有锅盖打不开后的 troubleshooting 动作。,,R1,completed,2026-07-28T02:00:15+08:00
VQ-049,压力锅释放压力后锅盖仍打不开时怎么办？,zh-CN,Pressure Cooker,troubleshooting,source_disjoint_test,pressure-036-scene-0009,pressure-036,99.333,109.343,1,,,no,场景聚焦于锅盖部件介绍和压力指示灯说明，无关于排气后锅盖卡住无法打开的故障排除内容。,,R1,completed,2026-07-28T01:55:19+08:00
VQ-049,压力锅释放压力后锅盖仍打不开时怎么办？,zh-CN,Pressure Cooker,troubleshooting,source_disjoint_test,pressure-036-scene-0010,pressure-036,109.343,118.819,1,,,no,第1–6帧（t=109.3–118.8s）显示显示屏为“OFF”，未演示泄压后锅盖打不开的解决方法。,AI=0→R1=1：电压力锅产品出现，但画面未展示锅盖无法打开的故障处理。,R1,completed,2026-07-28T01:55:19+08:00
VQ-049,压力锅释放压力后锅盖仍打不开时怎么办？,zh-CN,Pressure Cooker,troubleshooting,source_disjoint_test,pressure-037-scene-0003,pressure-037,10.801,14.512,0,,,no,6帧为菜肴拼贴+宣传文字，无锅盖卡住时的处理演示或画面。,,R1,completed,2026-07-28T01:55:19+08:00
VQ-049,压力锅释放压力后锅盖仍打不开时怎么办？,zh-CN,Pressure Cooker,troubleshooting,source_disjoint_test,pressure-037-scene-0008,pressure-037,34.279,41.284,1,,,no,"t=34.3s和t=35.7s帧显示盖子被正常打开,无任何锅盖卡住打不开的故障场景或排查演示。",,R1,completed,2026-07-28T01:55:19+08:00
VQ-049,压力锅释放压力后锅盖仍打不开时怎么办？,zh-CN,Pressure Cooker,troubleshooting,source_disjoint_test,pressure-037-scene-0011,pressure-037,54.17,61.384,0,,,no,画面中没有压力释放、锅盖打不开或相关 troubleshoot 动作。,,R1,completed,2026-07-28T01:55:19+08:00
VQ-049,压力锅释放压力后锅盖仍打不开时怎么办？,zh-CN,Pressure Cooker,troubleshooting,source_disjoint_test,pressure-037-scene-0014,pressure-037,77.731,80.234,0,,,no,全部6帧为控制面板操作，无锅盖打不开的排查或压力释放后处理内容。,,R1,completed,2026-07-28T02:00:15+08:00
VQ-049,压力锅释放压力后锅盖仍打不开时怎么办？,zh-CN,Pressure Cooker,troubleshooting,source_disjoint_test,pressure-037-scene-0017,pressure-037,90.951,99.42,1,,,no,场景为普通开合把手演示，未涉及泄压后锅盖打不开的故障处理。,,R1,completed,2026-07-28T01:55:19+08:00
VQ-049,压力锅释放压力后锅盖仍打不开时怎么办？,zh-CN,Pressure Cooker,troubleshooting,source_disjoint_test,pressure-040-scene-0008,pressure-040,111.311,125.859,1,,,no,全部6帧（t=111.3s–125.9s）为PCTV演播室访谈场景，桌上可见一台压力锅作为展示品，两位主持人仅讨论产品功能（如延时设置），未演示任何锅盖卡住后的排障步骤。,AI=0→R1=1：压力锅产品在演播室桌面上清晰可见并作为谈话主题道具，但确实未回答'释放压力后盖打不开怎么办'的查询内容。,R1,completed,2026-07-28T02:12:44+08:00
VQ-049,压力锅释放压力后锅盖仍打不开时怎么办？,zh-CN,Pressure Cooker,troubleshooting,source_disjoint_test,pressure-040-scene-0017,pressure-040,204.805,208.308,0,,,no,第1-6帧（t=204.8s-208.3s）只有倒液体动作，没有释放压力或锅盖打不开的处理。,,R1,completed,2026-07-28T02:00:15+08:00
VQ-049,压力锅释放压力后锅盖仍打不开时怎么办？,zh-CN,Pressure Cooker,troubleshooting,source_disjoint_test,pressure-040-scene-0024,pressure-040,265.766,268.235,0,,,no,全6帧（t=265.8s–268.2s）展示的是关盖而非开盖操作，无打不开盖的处理方法。,,R1,completed,2026-07-28T01:55:19+08:00
VQ-049,压力锅释放压力后锅盖仍打不开时怎么办？,zh-CN,Pressure Cooker,troubleshooting,source_disjoint_test,pressure-040-scene-0025,pressure-040,268.235,283.016,1,,,no,"ASR提及'click it down where it says lock',但画面是盖子被放置/按下的正常操作,不是锅盖卡住打不开的故障场景;不能直接回答此query。","AI=2→R1=1:画面显示的是正常盖子锁定操作,ASR也只是描述锁定方式,不是解决锅盖卡住打不开的故障;与query情景不符。",R1,completed,2026-07-28T01:55:19+08:00
VQ-050,How is natural pressure release performed on a pressure cooker before opening the lid?,en,Pressure Cooker,safety,source_disjoint_test,pressure-001-scene-0001,pressure-001,0.0,120.65,1,,,no,第3-6帧（t=48.3s–120.6s）可见蒸汽从阀门逐渐增强释放，呈现自然泄压现象，但画面无任何操作说明、步骤指导或等待提示。,AI=2→R1=1：画面仅被动展示蒸汽释放现象，未演示如何执行自然泄压操作（如等待浮子阀落下等步骤说明）。,R1,completed,2026-07-28T01:55:19+08:00
VQ-050,How is natural pressure release performed on a pressure cooker before opening the lid?,en,Pressure Cooker,safety,source_disjoint_test,pressure-010-scene-0004,pressure-010,102.035,143.911,0,,,no,6帧均未展示自然泄压操作或开盖前等待过程。,,R1,completed,2026-07-28T01:55:19+08:00
VQ-050,How is natural pressure release performed on a pressure cooker before opening the lid?,en,Pressure Cooker,safety,source_disjoint_test,pressure-010-scene-0006,pressure-010,147.915,182.549,1,,,no,帧1（t=147.9s）手置于锅盖顶部旋钮，帧2（t=154.8s）蒸汽泄出，配合 ASR'turn the knob here to venting and let all the steam rise out of the pot'，演示了开阀排气动作；但严格而言属快速释压，与自然释压（不干预）不同。,"AI时间152-158→R1时间147.9-154.8s（按帧标签定位实际排气首段） | 第三轮仲裁修正：R1原记录 等级=2 时间=[147.915,154.8] 泄漏=no → 仲裁 等级=1 时间=[None,None] 泄漏=no。理由：画面展示手动旋转排气阀并释放蒸汽，属于快速泄压，并非查询所问的自然泄压（不干预等待），采纳复核方1级意见。",R1,completed,2026-07-28T20:35:21+08:00
VQ-050,How is natural pressure release performed on a pressure cooker before opening the lid?,en,Pressure Cooker,safety,source_disjoint_test,pressure-011-scene-0017,pressure-011,136.67,143.744,1,,,no,仅显示开盖结果，未演示自然泄压过程。,,R1,completed,2026-07-28T01:55:19+08:00
VQ-050,How is natural pressure release performed on a pressure cooker before opening the lid?,en,Pressure Cooker,safety,source_disjoint_test,pressure-011-scene-0023,pressure-011,177.144,200.567,1,,,no,帧5(t=195.9s)显示戴黑手套的手握住压力锅盖把手，ASR提到'quick release the pressure'与'once all the pressure is out we'll be able to open'；但画面未演示自然泄压的具体方法或等待过程。,,R1,completed,2026-07-28T02:00:15+08:00
VQ-050,How is natural pressure release performed on a pressure cooker before opening the lid?,en,Pressure Cooker,safety,source_disjoint_test,pressure-011-scene-0024,pressure-011,200.567,214.214,1,,,no,仅显示开盖结果，未演示自然泄压等待过程。,,R1,completed,2026-07-28T01:55:19+08:00
VQ-050,How is natural pressure release performed on a pressure cooker before opening the lid?,en,Pressure Cooker,safety,source_disjoint_test,pressure-012-scene-0017,pressure-012,62.462,66.133,0,,,no,6帧画面中无任何自然泄压的动作或迹象（无蒸汽喷出、无浮子阀下降、无倒计时等待）。,,R1,completed,2026-07-28T01:55:19+08:00
VQ-050,How is natural pressure release performed on a pressure cooker before opening the lid?,en,Pressure Cooker,safety,source_disjoint_test,pressure-012-scene-0019,pressure-012,69.269,72.806,0,,,no,6 帧无压力释放动作或讲解。,,R1,completed,2026-07-28T01:55:19+08:00
VQ-050,How is natural pressure release performed on a pressure cooker before opening the lid?,en,Pressure Cooker,safety,source_disjoint_test,pressure-020-scene-0007,pressure-020,154.955,176.677,0,,,no,"画面中锅盖保持关闭状态,无任何自然泄压过程或等待压力下降的演示。",,R1,completed,2026-07-28T01:55:19+08:00
VQ-050,How is natural pressure release performed on a pressure cooker before opening the lid?,en,Pressure Cooker,safety,source_disjoint_test,pressure-020-scene-0008,pressure-020,176.677,181.248,1,,,no,帧2-3 显示手操作顶部阀门释放蒸汽，但 ASR 明确'let the steam out right away'，属快速泄压（quick release）而非自然释压（natural release，等压自行下降）。,AI=2→R1=1：演示的是快速泄压，与自然释压（不干预、等压自行下降）不同,R1,completed,2026-07-28T01:55:19+08:00
VQ-050,How is natural pressure release performed on a pressure cooker before opening the lid?,en,Pressure Cooker,safety,source_disjoint_test,pressure-020-scene-0009,pressure-020,181.248,245.36,1,,,no,第1–6帧（t=181.2–245.3s）显示男子直接打开锅盖盛出米饭，未展示开盖前自然泄压的等待过程。,AI=0→R1=1：压力锅产品出现且打开了锅盖，但未演示自然泄压的具体操作过程。,R1,completed,2026-07-28T01:55:19+08:00
VQ-050,How is natural pressure release performed on a pressure cooker before opening the lid?,en,Pressure Cooker,safety,source_disjoint_test,pressure-027-scene-0023,pressure-027,292.526,296.263,0,,,no,全6帧（t=292.5s–296.3s）锅盖打开状态搅拌食材，与泄压操作完全无关。,,R1,completed,2026-07-28T01:55:19+08:00
VQ-050,How is natural pressure release performed on a pressure cooker before opening the lid?,en,Pressure Cooker,safety,source_disjoint_test,pressure-027-scene-0029,pressure-027,332.733,345.045,1,,,no,未演示自然泄压过程。,,R1,completed,2026-07-28T01:55:19+08:00
VQ-050,How is natural pressure release performed on a pressure cooker before opening the lid?,en,Pressure Cooker,safety,source_disjoint_test,pressure-027-scene-0037,pressure-027,416.049,433.166,2,416.049,433.166,no,ASR在整个场景中明确说明'let it sit for five more minutes to let the pressure release naturally'（静置5分钟让压力自然释放），直接回答了自然排气的操作方法；女士站在压力锅旁配合手势讲解。,时间按实际证据片段重定位,R1,completed,2026-07-28T01:55:19+08:00
VQ-050,How is natural pressure release performed on a pressure cooker before opening the lid?,en,Pressure Cooker,safety,source_disjoint_test,pressure-032-scene-0002,pressure-032,30.364,1379.311,0,,,no,6帧为宽时间厨房概览场景，未见自然泄压动作（如浇水冷却锅体或关火静置泄压）；AI标注的1153-1176s不在联系表任一帧内。,AI=2→R1=0：6帧无自然泄压演示，AI时间1153.82-1176.042s不在联系表帧内，按视觉证据应为0。,R1,completed,2026-07-28T01:55:19+08:00
VQ-050,How is natural pressure release performed on a pressure cooker before opening the lid?,en,Pressure Cooker,safety,source_disjoint_test,pressure-032-scene-0003,pressure-032,1379.311,1438.637,0,,,no,6帧中没有自然泄压等待、蒸汽消散或开盖安全操作。,,R1,completed,2026-07-28T01:55:19+08:00
VQ-050,How is natural pressure release performed on a pressure cooker before opening the lid?,en,Pressure Cooker,safety,source_disjoint_test,pressure-032-scene-0004,pressure-032,1438.637,1679.23,0,,,no,全部6帧为烹饪后场景，ASR提及用水冷却释放压力但画面未清晰展示自然排气（静置等待降压）的具体操作步骤。,,R1,completed,2026-07-28T02:00:15+08:00
VQ-050,How is natural pressure release performed on a pressure cooker before opening the lid?,en,Pressure Cooker,safety,source_disjoint_test,pressure-033-scene-0032,pressure-033,291.959,293.961,1,,,no,第1–6帧（t=292.0–294.0s）均为锅盖静态特写，未演示自然泄压或开盖前的等待过程。,,R1,completed,2026-07-28T01:55:19+08:00
VQ-050,How is natural pressure release performed on a pressure cooker before opening the lid?,en,Pressure Cooker,safety,source_disjoint_test,pressure-033-scene-0034,pressure-033,307.407,309.676,1,,,no,6帧均为锅盖压力调节阀特写，手在按压阀门，ASR提到没有蒸汽再排出，但未明确演示自然释压后开盖的操作流程。,,R1,completed,2026-07-28T02:00:15+08:00
VQ-050,How is natural pressure release performed on a pressure cooker before opening the lid?,en,Pressure Cooker,safety,source_disjoint_test,pressure-033-scene-0036,pressure-033,312.946,319.019,1,,,no,所有6帧显示锅盖特写与文字'Lid won't open until steam has been released'，提示开盖前必须先释放蒸汽、暗示自然泄压的必要性；但未演示具体的自然泄压操作方法或等待过程。,"第三轮仲裁修正：R1原记录 等级=2 时间=[312.946,319.019] 泄漏=no → 仲裁 等级=1 时间=[None,None] 泄漏=no。理由：6帧仅文字提示'Lid won't open until steam has been released'，未演示自然泄压的具体操作方法或等待过程，采纳复核方1级意见。",R1,completed,2026-07-28T20:35:21+08:00
VQ-050,How is natural pressure release performed on a pressure cooker before opening the lid?,en,Pressure Cooker,safety,source_disjoint_test,pressure-033-scene-0039,pressure-033,339.173,383.884,1,,,no,所有6帧(t=339.2s-383.9s)显示厨师在压力锅旁做手势/讲话，ASR提到'you want to run cold water over the pressure cooker'作为泄压方式；但画面未实际演示自然泄压过程或操作动作。,,R1,completed,2026-07-28T02:00:15+08:00
VQ-050,How is natural pressure release performed on a pressure cooker before opening the lid?,en,Pressure Cooker,safety,source_disjoint_test,pressure-033-scene-0054,pressure-033,556.523,576.61,1,,,no,全部6帧（t=550.6s–576.6s）展示的是手动操作排气阀/调节器及产品特性介绍，ASR虽提到自动蒸汽释放但画面未演示自然降压（等待压力自然下降）的具体操作步骤。,,R1,completed,2026-07-28T02:00:15+08:00
VQ-050,How is natural pressure release performed on a pressure cooker before opening the lid?,en,Pressure Cooker,safety,source_disjoint_test,pressure-033-scene-0056,pressure-033,588.388,591.758,1,,,no,场景仅展示锅盖锁定与揭盖，未演示自然泄压等待过程。,AI=0→R1=1：压力锅产品确实出现，但画面内容与‘自然泄压’问题无关，属同产品不相关。,R1,completed,2026-07-28T01:55:19+08:00
VQ-050,How is natural pressure release performed on a pressure cooker before opening the lid?,en,Pressure Cooker,safety,source_disjoint_test,pressure-036-scene-0009,pressure-036,99.333,109.343,1,,,no,场景内容为锅盖上的压力指示灯和部件识别介绍，未演示也未说明自然排气（等待降压）的具体操作方法。,,R1,completed,2026-07-28T01:55:19+08:00
VQ-050,How is natural pressure release performed on a pressure cooker before opening the lid?,en,Pressure Cooker,safety,source_disjoint_test,pressure-036-scene-0010,pressure-036,109.343,118.819,1,,,no,第1–6帧（t=109.3–118.8s）显示显示屏为“OFF”，未演示自然泄压过程或开盖前等待。,AI=0→R1=1：电压力锅产品出现，但画面未演示自然泄压操作。,R1,completed,2026-07-28T01:55:19+08:00
VQ-050,How is natural pressure release performed on a pressure cooker before opening the lid?,en,Pressure Cooker,safety,source_disjoint_test,pressure-036-scene-0012,pressure-036,174.675,219.353,0,,,no,6帧中无任何'自然泄压'动作：没有从蒸汽阀/浮子阀排气、没有等待倒计时、没有打开盖子前的泄压步骤。画面停在盖子盖好、显示'OFF'的瞬间。,,R1,completed,2026-07-28T01:55:19+08:00
VQ-050,How is natural pressure release performed on a pressure cooker before opening the lid?,en,Pressure Cooker,safety,source_disjoint_test,pressure-037-scene-0004,pressure-037,14.512,17.807,0,,,no,场景中无自然泄压等待或蒸汽消散操作。,,R1,completed,2026-07-28T01:55:19+08:00
VQ-050,How is natural pressure release performed on a pressure cooker before opening the lid?,en,Pressure Cooker,safety,source_disjoint_test,pressure-037-scene-0008,pressure-037,34.279,41.284,1,,,no,"画面显示盖子被直接打开,但无任何自然泄压过程(等待压力自然下降)的演示。",,R1,completed,2026-07-28T01:55:19+08:00
VQ-050,How is natural pressure release performed on a pressure cooker before opening the lid?,en,Pressure Cooker,safety,source_disjoint_test,pressure-040-scene-0023,pressure-040,254.154,265.766,0,,,no,6 帧无压力释放动作演示。,,R1,completed,2026-07-28T01:55:19+08:00
VQ-050,How is natural pressure release performed on a pressure cooker before opening the lid?,en,Pressure Cooker,safety,source_disjoint_test,pressure-040-scene-0024,pressure-040,265.766,268.235,0,,,no,全6帧（t=265.8s–268.2s）仅展示关盖操作，无自然泄压过程或等待步骤。,,R1,completed,2026-07-28T01:55:19+08:00
VQ-050,How is natural pressure release performed on a pressure cooker before opening the lid?,en,Pressure Cooker,safety,source_disjoint_test,pressure-040-scene-0025,pressure-040,268.235,283.016,0,,,no,"画面展示盖子被放置/按压,无任何自然泄压过程(等待压力自然下降)的演示。",,R1,completed,2026-07-28T01:55:19+08:00
VQ-051,压力锅快速排气时手和脸应该避开什么位置？,zh-CN,Pressure Cooker,safety,source_disjoint_test,pressure-001-scene-0001,pressure-001,0.0,120.65,0,,,no,全6帧（t=0.0s–120.6s）无快速排气操作，无安全提示或手/脸避让位置指引。,AI=1→R1=0：画面无快速排气操作也无任何安全位置提示，不应给分。,R1,completed,2026-07-28T01:55:19+08:00
VQ-051,压力锅快速排气时手和脸应该避开什么位置？,zh-CN,Pressure Cooker,safety,source_disjoint_test,pressure-010-scene-0001,pressure-010,0.0,16.75,1,,,no,第1-6帧（t=0.0s-16.7s）压力锅在背景中，主讲人处理食材，没有快速排气安全提示。,AI=0→R1=1：压力锅确实出现在画面背景中，但未演示 query 所问的快速排气安全位置。 | 第三轮仲裁复核：维持R1原判（等级/时间/泄漏均确认无误）。,R1,completed,2026-07-28T20:35:21+08:00
VQ-051,压力锅快速排气时手和脸应该避开什么位置？,zh-CN,Pressure Cooker,safety,source_disjoint_test,pressure-010-scene-0004,pressure-010,102.035,143.911,0,,,no,画面未出现快速排气动作，也未提示手脸应避开的位置。,,R1,completed,2026-07-28T01:55:19+08:00
VQ-051,压力锅快速排气时手和脸应该避开什么位置？,zh-CN,Pressure Cooker,safety,source_disjoint_test,pressure-010-scene-0006,pressure-010,147.915,182.549,0,,,no,6 帧无手/脸避让位置的安全讲解或演示。,,R1,completed,2026-07-28T01:55:19+08:00
VQ-051,压力锅快速排气时手和脸应该避开什么位置？,zh-CN,Pressure Cooker,safety,source_disjoint_test,pressure-010-scene-0010,pressure-010,240.007,251.08,1,,,no,画面为压力锅与通心粉盘的静态镜头加黑底制作人员名单；未演示快速排气时手和脸应避开的具体位置或站位。,"第三轮仲裁修正：R1原记录 等级=0 时间=[None,None] 泄漏=no → 仲裁 等级=1 时间=[None,None] 泄漏=no。理由：压力锅在静态镜头中清晰可见，但未展示快速排气及手脸避让内容，采纳复核方1级意见。",R1,completed,2026-07-28T20:35:21+08:00
VQ-051,压力锅快速排气时手和脸应该避开什么位置？,zh-CN,Pressure Cooker,safety,source_disjoint_test,pressure-011-scene-0014,pressure-011,102.302,123.357,1,,,no,全部6帧为控制面板设置操作（按钮按压和时间调整），无快速排气安全注意事项内容。,"第三轮仲裁修正：R1原记录 等级=0 时间=[None,None] 泄漏=no → 仲裁 等级=1 时间=[None,None] 泄漏=no。理由：控制面板清晰可见，但未展示快速排气安全注意事项内容，采纳复核方1级意见。",R1,completed,2026-07-28T20:35:21+08:00
VQ-051,压力锅快速排气时手和脸应该避开什么位置？,zh-CN,Pressure Cooker,safety,source_disjoint_test,pressure-011-scene-0016,pressure-011,125.859,136.67,1,,,no,6帧均未出现快速排气阀操作及手、脸避让画面，仅展示厨师和通电整机（t=125.9s-136.7s）。,"第三轮仲裁修正：R1原记录 等级=0 时间=[None,None] 泄漏=no → 仲裁 等级=1 时间=[None,None] 泄漏=no。理由：Instant Pot整机清晰可见，但未出现快速排气阀操作及手脸避让画面，采纳复核方1级意见。",R1,completed,2026-07-28T20:35:21+08:00
VQ-051,压力锅快速排气时手和脸应该避开什么位置？,zh-CN,Pressure Cooker,safety,source_disjoint_test,pressure-011-scene-0017,pressure-011,136.67,143.744,1,,,no,无快速排气及安全位置说明。,,R1,completed,2026-07-28T01:55:19+08:00
VQ-051,压力锅快速排气时手和脸应该避开什么位置？,zh-CN,Pressure Cooker,safety,source_disjoint_test,pressure-011-scene-0018,pressure-011,143.744,147.147,1,,,no,场景为开盖取食，未展示快速排气及手脸避让位置。,"AI=1→R1=0：无快速排气安全演示。 | 第三轮仲裁修正：R1原记录 等级=0 时间=[None,None] 泄漏=no → 仲裁 等级=1 时间=[None,None] 泄漏=no。理由：场景为开盖取食，压力锅产品出现但未展示快速排气及手脸避让位置，产品出现但不回答，采纳复核方意见判1级。",R1,completed,2026-07-28T20:35:21+08:00
VQ-051,压力锅快速排气时手和脸应该避开什么位置？,zh-CN,Pressure Cooker,safety,source_disjoint_test,pressure-011-scene-0019,pressure-011,147.147,159.76,1,,,no,全部6帧为烹饪后取肉场景，无快速排气操作或安全注意事项的任何内容。,"第三轮仲裁修正：R1原记录 等级=0 时间=[None,None] 泄漏=no → 仲裁 等级=1 时间=[None,None] 泄漏=no。理由：烹饪后取肉场景中压力锅产品清晰可见，但无快速排气操作或安全注意事项，按规范应为1级，采纳复核方意见。",R1,completed,2026-07-28T20:35:21+08:00
VQ-051,压力锅快速排气时手和脸应该避开什么位置？,zh-CN,Pressure Cooker,safety,source_disjoint_test,pressure-011-scene-0023,pressure-011,177.144,200.567,1,,,no,帧5(t=195.9s)显示戴黑手套的手握住压力锅盖把手，ASR提到快速泄压与安全机制；但画面未演示快速排气时手/脸应避开的具体位置或站位。,,R1,completed,2026-07-28T02:00:15+08:00
VQ-051,压力锅快速排气时手和脸应该避开什么位置？,zh-CN,Pressure Cooker,safety,source_disjoint_test,pressure-011-scene-0024,pressure-011,200.567,214.214,1,,,no,无快速排气画面，也未说明手脸避让位置。,,R1,completed,2026-07-28T01:55:19+08:00
VQ-051,压力锅快速排气时手和脸应该避开什么位置？,zh-CN,Pressure Cooker,safety,source_disjoint_test,pressure-012-scene-0017,pressure-012,62.462,66.133,0,,,no,6帧画面中没有快速排气动作、手/脸位置演示或任何安全提示画面。,,R1,completed,2026-07-28T01:55:19+08:00
VQ-051,压力锅快速排气时手和脸应该避开什么位置？,zh-CN,Pressure Cooker,safety,source_disjoint_test,pressure-012-scene-0019,pressure-012,69.269,72.806,0,,,no,6 帧无安全避让讲解。,,R1,completed,2026-07-28T01:55:19+08:00
VQ-051,压力锅快速排气时手和脸应该避开什么位置？,zh-CN,Pressure Cooker,safety,source_disjoint_test,pressure-012-scene-0021,pressure-012,77.744,81.448,0,,,no,全部6帧仅展示锅内搅拌深色液体，未出现快速排气、蒸汽释放或手脸避开的操作演示。,,R1,completed,2026-07-28T02:00:15+08:00
VQ-051,压力锅快速排气时手和脸应该避开什么位置？,zh-CN,Pressure Cooker,safety,source_disjoint_test,pressure-012-scene-0023,pressure-012,84.785,88.488,1,,,no,6帧画面只显示锅内食物搅拌，无快速排气动作，也无手脸避让位置的安全提示。,AI=0→R1=1：压力锅产品可见，但画面未涉及快速排气及安全避让位置。,R1,completed,2026-07-28T02:00:15+08:00
VQ-051,压力锅快速排气时手和脸应该避开什么位置？,zh-CN,Pressure Cooker,safety,source_disjoint_test,pressure-020-scene-0004,pressure-020,105.939,120.988,0,,,no,6帧均为洗米沥水（t=105.9–121.0s），与压力锅快速排气安全无关。,,R1,completed,2026-07-28T02:00:15+08:00
VQ-051,压力锅快速排气时手和脸应该避开什么位置？,zh-CN,Pressure Cooker,safety,source_disjoint_test,pressure-020-scene-0006,pressure-020,146.38,154.955,0,,,no,第1-6帧（146.4s-155.0s）中男士仅俯身查看压力锅，无快速排气动作或蒸汽释放画面。,AI=1→R1=0：画面中仅出现俯身查看动作，无快速排气或蒸汽释放，无法回答避让位置。,R1,completed,2026-07-28T01:55:19+08:00
VQ-051,压力锅快速排气时手和脸应该避开什么位置？,zh-CN,Pressure Cooker,safety,source_disjoint_test,pressure-020-scene-0007,pressure-020,154.955,176.677,0,,,no,画面中无任何快速排气场景或关于手/脸避开位置的提示。,,R1,completed,2026-07-28T01:55:19+08:00
VQ-051,压力锅快速排气时手和脸应该避开什么位置？,zh-CN,Pressure Cooker,safety,source_disjoint_test,pressure-020-scene-0008,pressure-020,176.677,181.248,0,,,no,6 帧无手/脸避让位置讲解。,AI=1→R1=0,R1,completed,2026-07-28T01:55:19+08:00
VQ-051,压力锅快速排气时手和脸应该避开什么位置？,zh-CN,Pressure Cooker,safety,source_disjoint_test,pressure-026-scene-0001,pressure-026,0.0,9.576,0,,,no,画面为1983年Activision游戏《Pressure Cooker》的标题卡，6帧均未出现实体压力锅或快速排气安全演示。,,R1,completed,2026-07-28T01:55:19+08:00
VQ-051,压力锅快速排气时手和脸应该避开什么位置？,zh-CN,Pressure Cooker,safety,source_disjoint_test,pressure-027-scene-0011,pressure-027,181.081,185.252,0,,,no,6帧画面均为演播室场景，背景屏幕中虽有压力锅，但无任何快速排气、蒸汽释放或手脸避让的安全提示画面。,,R1,completed,2026-07-28T02:00:15+08:00
VQ-051,压力锅快速排气时手和脸应该避开什么位置？,zh-CN,Pressure Cooker,safety,source_disjoint_test,pressure-027-scene-0012,pressure-027,185.252,195.262,1,,,no,6帧均未出现快速排气操作，也无手和脸避开的画面，主讲人仅在台面旁讲解食材（t=185.3s-195.3s）。,"第三轮仲裁修正：R1原记录 等级=0 时间=[None,None] 泄漏=no → 仲裁 等级=1 时间=[None,None] 泄漏=no。理由：压力锅敞盖置于台面，主讲人讲解食材，未出现快速排气操作或手脸避让画面，按规范应判1级，采纳复核方意见。",R1,completed,2026-07-28T20:35:21+08:00
VQ-051,压力锅快速排气时手和脸应该避开什么位置？,zh-CN,Pressure Cooker,safety,source_disjoint_test,pressure-027-scene-0026,pressure-027,317.417,321.788,0,,,no,6帧均为演播室主持人看屏幕（t=317.4–321.8s），未见快速排气及手/脸避险演示。,,R1,completed,2026-07-28T02:00:15+08:00
VQ-051,压力锅快速排气时手和脸应该避开什么位置？,zh-CN,Pressure Cooker,safety,source_disjoint_test,pressure-027-scene-0029,pressure-027,332.733,345.045,1,,,no,未演示快速排气及手脸避让位置。,,R1,completed,2026-07-28T01:55:19+08:00
VQ-051,压力锅快速排气时手和脸应该避开什么位置？,zh-CN,Pressure Cooker,safety,source_disjoint_test,pressure-027-scene-0035,pressure-027,390.624,412.179,0,,,no,全部6帧中女士仅在操作电压力锅控制面板，无快速排气动作，也无手脸避让位置的安全提示。,,R1,completed,2026-07-28T02:00:15+08:00
VQ-051,压力锅快速排气时手和脸应该避开什么位置？,zh-CN,Pressure Cooker,safety,source_disjoint_test,pressure-032-scene-0003,pressure-032,1379.311,1438.637,0,,,no,场景中没有快速排气操作，也无手脸避让的安全提示。,,R1,completed,2026-07-28T01:55:19+08:00
VQ-051,压力锅快速排气时手和脸应该避开什么位置？,zh-CN,Pressure Cooker,safety,source_disjoint_test,pressure-033-scene-0032,pressure-033,291.959,293.961,1,,,no,第1–6帧（t=292.0–294.0s）均为锅盖静态特写，未出现快速排气蒸汽及手脸应避开的位置演示。,,R1,completed,2026-07-28T01:55:19+08:00
VQ-051,压力锅快速排气时手和脸应该避开什么位置？,zh-CN,Pressure Cooker,safety,source_disjoint_test,pressure-033-scene-0034,pressure-033,307.407,309.676,1,,,no,6帧画面只显示手在锅盖压力调节阀附近操作，未展示快速排气动作，也无手脸应避开的位置提示。,,R1,completed,2026-07-28T02:00:15+08:00
VQ-051,压力锅快速排气时手和脸应该避开什么位置？,zh-CN,Pressure Cooker,safety,source_disjoint_test,pressure-033-scene-0036,pressure-033,312.946,319.019,1,,,no,所有6帧显示锅盖特写与文字'Lid won't open until steam has been released'，提示蒸汽从锅盖区域释放、暗示手/脸应避开锅盖/排气位置；但具体应避开的位置未被明确指出。,"第三轮仲裁修正：R1原记录 等级=2 时间=[312.946,319.019] 泄漏=no → 仲裁 等级=1 时间=[None,None] 泄漏=no。理由：6帧仅文字提示蒸汽释放，未明确指出快速排气时手和脸应避开的具体位置或方向，采纳复核方1级意见。",R1,completed,2026-07-28T20:35:21+08:00
VQ-051,压力锅快速排气时手和脸应该避开什么位置？,zh-CN,Pressure Cooker,safety,source_disjoint_test,pressure-033-scene-0054,pressure-033,556.523,576.61,1,,,no,全部6帧（t=550.6s–576.6s）手确实在操作排气阀区域，但画面未提示快速排气时手和脸应避开的任何安全位置信息。,,R1,completed,2026-07-28T02:00:15+08:00
VQ-051,压力锅快速排气时手和脸应该避开什么位置？,zh-CN,Pressure Cooker,safety,source_disjoint_test,pressure-033-scene-0056,pressure-033,588.388,591.758,1,,,no,画面未展示快速排气动作，也未提示手脸应避开的位置。,AI=0→R1=1：产品出现但内容未回答快速排气安全问题。,R1,completed,2026-07-28T01:55:19+08:00
VQ-051,压力锅快速排气时手和脸应该避开什么位置？,zh-CN,Pressure Cooker,safety,source_disjoint_test,pressure-033-scene-0062,pressure-033,755.122,758.425,0,,,no,全部6帧（t=755.1s–758.4s）为一人餐桌前用餐场景（白葡萄酒、餐盘、翻开的册子），部分帧有文字叠加'WHY OWN A FAGOR PRESSURE COOKER?'，但物理压力锅产品本身未出现在画面中，更无排气安全内容。,,R1,completed,2026-07-28T02:12:44+08:00
VQ-051,压力锅快速排气时手和脸应该避开什么位置？,zh-CN,Pressure Cooker,safety,source_disjoint_test,pressure-033-scene-0068,pressure-033,792.326,799.633,0,,,no,场景中无快速排气操作，也无手脸避让的安全提示。,,R1,completed,2026-07-28T01:55:19+08:00
VQ-051,压力锅快速排气时手和脸应该避开什么位置？,zh-CN,Pressure Cooker,safety,source_disjoint_test,pressure-033-scene-0071,pressure-033,827.427,829.696,1,,,no,全部6帧（t=827.4s–829.7s）为手持不锈钢压力锅锅盖特写，画面中无蒸汽排放动作、无安全警示信息、无任何关于快速排气时手脸避让位置的内容。,AI=0→R1=1：压力锅锅盖被手持展示、产品明确出现，但完全未涉及快速排气或安全避让话题。,R1,completed,2026-07-28T02:12:44+08:00
VQ-051,压力锅快速排气时手和脸应该避开什么位置？,zh-CN,Pressure Cooker,safety,source_disjoint_test,pressure-036-scene-0006,pressure-036,72.773,78.312,0,,,no,第1-6帧（t=72.8s-78.3s）未展示快速排气操作，也没有手和脸应避开排气口的安全提示。,,R1,completed,2026-07-28T02:00:15+08:00
VQ-051,压力锅快速排气时手和脸应该避开什么位置？,zh-CN,Pressure Cooker,safety,source_disjoint_test,pressure-036-scene-0009,pressure-036,99.333,109.343,1,,,no,场景为锅盖部件介绍，无快速排气操作演示，也无关于手和脸应避开排气口方向的安全站位说明。,,R1,completed,2026-07-28T01:55:19+08:00
VQ-051,压力锅快速排气时手和脸应该避开什么位置？,zh-CN,Pressure Cooker,safety,source_disjoint_test,pressure-036-scene-0010,pressure-036,109.343,118.819,1,,,no,第1–6帧（t=109.3–118.8s）显示显示屏为“OFF”，未出现快速排气及手脸应避开位置的演示。,AI=0→R1=1：电压力锅产品出现，但画面未演示快速排气时的安全避让位置。,R1,completed,2026-07-28T01:55:19+08:00
VQ-051,压力锅快速排气时手和脸应该避开什么位置？,zh-CN,Pressure Cooker,safety,source_disjoint_test,pressure-036-scene-0011,pressure-036,118.819,174.675,0,,,no,全部6帧为控制面板设置操作（旋钮和按键交互、时间值变化），无快速排气或安全注意事项内容。,,R1,completed,2026-07-28T02:00:15+08:00
VQ-051,压力锅快速排气时手和脸应该避开什么位置？,zh-CN,Pressure Cooker,safety,source_disjoint_test,pressure-036-scene-0016,pressure-036,302.503,309.309,1,,,no,全部6帧（t=302.5s–309.3s）显示一名男子站在厨房台面旁用叉子吃盘中食物，其身旁台面上有一台黑色电压力锅清晰可见，但男子仅在品尝食物，无任何排气或安全操作演示。,AI=0→R1=1：电压力锅产品在台面上清晰可见且处于同一场景中，但画面内容仅为人物用餐，不回答快速排气避让问题。,R1,completed,2026-07-28T02:12:44+08:00
VQ-051,压力锅快速排气时手和脸应该避开什么位置？,zh-CN,Pressure Cooker,safety,source_disjoint_test,pressure-037-scene-0003,pressure-037,10.801,14.512,0,,,no,6帧为菜肴拼贴+宣传文字，无压力释放时手/脸避让位置的安全提示画面。,,R1,completed,2026-07-28T01:55:19+08:00
VQ-051,压力锅快速排气时手和脸应该避开什么位置？,zh-CN,Pressure Cooker,safety,source_disjoint_test,pressure-037-scene-0004,pressure-037,14.512,17.807,0,,,no,画面中没有快速排气操作及手脸避让的安全提示。,,R1,completed,2026-07-28T01:55:19+08:00
VQ-051,压力锅快速排气时手和脸应该避开什么位置？,zh-CN,Pressure Cooker,safety,source_disjoint_test,pressure-037-scene-0008,pressure-037,34.279,41.284,0,,,no,画面中无任何快速排气场景或关于手/脸避开位置的提示。,,R1,completed,2026-07-28T01:55:19+08:00
VQ-051,压力锅快速排气时手和脸应该避开什么位置？,zh-CN,Pressure Cooker,safety,source_disjoint_test,pressure-037-scene-0011,pressure-037,54.17,61.384,0,,,no,全部画面为开盖备料状态，无快速排气操作及安全避让提示。,,R1,completed,2026-07-28T01:55:19+08:00
VQ-051,压力锅快速排气时手和脸应该避开什么位置？,zh-CN,Pressure Cooker,safety,source_disjoint_test,pressure-037-scene-0014,pressure-037,77.731,80.234,0,,,no,全部6帧为按钮操作和时间数字切换，无快速排气安全事项内容。,,R1,completed,2026-07-28T02:00:15+08:00
VQ-051,压力锅快速排气时手和脸应该避开什么位置？,zh-CN,Pressure Cooker,safety,source_disjoint_test,pressure-040-scene-0003,pressure-040,63.897,70.237,0,,,no,全部6帧（t=63.9s–70.3s）仅显示控制面板，无快速排气安全提示内容。,,R1,completed,2026-07-28T02:00:15+08:00
VQ-051,压力锅快速排气时手和脸应该避开什么位置？,zh-CN,Pressure Cooker,safety,source_disjoint_test,pressure-040-scene-0013,pressure-040,179.913,181.982,0,,,no,6帧均未展示快速排气动作或相关安全提示。,,R1,completed,2026-07-28T01:55:19+08:00
VQ-051,压力锅快速排气时手和脸应该避开什么位置？,zh-CN,Pressure Cooker,safety,source_disjoint_test,pressure-040-scene-0017,pressure-040,204.805,208.308,0,,,no,第1-6帧（t=204.8s-208.3s）只有倒液体动作，没有快速排气安全提示。,,R1,completed,2026-07-28T02:00:15+08:00
VQ-051,压力锅快速排气时手和脸应该避开什么位置？,zh-CN,Pressure Cooker,safety,source_disjoint_test,pressure-040-scene-0024,pressure-040,265.766,268.235,0,,,no,全6帧（t=265.8s–268.2s）无快速排气操作，无安全避让位置提示。,AI=1→R1=0：画面无快速排气操作或安全位置提示，不应给分。,R1,completed,2026-07-28T01:55:19+08:00
VQ-051,压力锅快速排气时手和脸应该避开什么位置？,zh-CN,Pressure Cooker,safety,source_disjoint_test,pressure-040-scene-0025,pressure-040,268.235,283.016,0,,,no,画面中无任何快速排气场景或关于手/脸避开位置的提示。,,R1,completed,2026-07-28T01:55:19+08:00
VQ-052,How do I load paper correctly into a printer tray?,en,Printer,operation,development,printer-001-scene-0001,printer-001,0.0,33.81,1,,,no,第1帧t=0.0s至第6帧t=33.8s画面显示打印机内部纸张正在传送和打印输出，但未展示将纸张装入纸盘的操作。,,R1,completed,2026-07-28T01:18:39+08:00
VQ-052,How do I load paper correctly into a printer tray?,en,Printer,operation,development,printer-003-scene-0001,printer-003,0.0,95.43,0,,,no,6帧（t=0.0s–95.4s）为大型黑色工业激光雕刻/切割机，不是纸类打印机，无法回答装纸问题。,,R1,completed,2026-07-28T02:12:44+08:00
VQ-052,How do I load paper correctly into a printer tray?,en,Printer,operation,development,printer-006-scene-0002,printer-006,5.019,14.262,0,,,no,全部6帧（t=5.0–14.3s）仅显示一名穿黑衣戴手套的男子坐在桌前讲解，桌上有笔记本电脑和墨水瓶，画面中完全没有出现打印机实体。,,R1,completed,2026-07-28T02:12:44+08:00
VQ-052,How do I load paper correctly into a printer tray?,en,Printer,operation,development,printer-006-scene-0006,printer-006,28.876,37.485,1,,,no,全部6帧（t=28.9s–37.5s）连续展示戴黑手套者打开黑色打印机前盖并插入墨盒的过程，但未明确展示关闭盖板或断电安全提示。,,R1,completed,2026-07-28T02:12:44+08:00
VQ-052,How do I load paper correctly into a printer tray?,en,Printer,operation,development,printer-006-scene-0019,printer-006,109.323,113.661,0,,,no,6帧（t=109.3s-113.7s）均为戴手套手持墨盒，与装纸托盘无关。,,R1,completed,2026-07-28T02:12:44+08:00
VQ-052,How do I load paper correctly into a printer tray?,en,Printer,operation,development,printer-006-scene-0024,printer-006,133.814,138.686,0,,,no,6帧（t=133.8s–138.7s）只显示打印机正在出纸，没有展示向进纸托盘装纸的过程。,AI=1→R1=0：画面只显示打印机正在出纸，没有展示向进纸托盘装纸的过程。,R1,completed,2026-07-28T02:12:44+08:00
VQ-052,How do I load paper correctly into a printer tray?,en,Printer,operation,development,printer-014-scene-0006,printer-014,151.267,277.367,0,,,no,全部6帧（t=151.3s–277.4s）近距离展示打印机墨盒舱内部，可见手按压并取出墨盒，属于墨盒更换/维护操作；未见进纸托盘、控制面板或卡纸处理画面。,,R1,completed,2026-07-28T02:12:44+08:00
VQ-052,How do I load paper correctly into a printer tray?,en,Printer,operation,development,printer-014-scene-0016,printer-014,809.3,980.5,1,,,no,第1帧t=809.3s至第6帧t=980.5s展示用注射器给HP墨盒加注墨水的过程，与装纸到纸盘的操作完全无关。,AI=2->R1=1:给墨盒加注墨水并非装纸的相邻步骤，属同产品但不相关操作。,R1,completed,2026-07-28T01:18:39+08:00
VQ-052,How do I load paper correctly into a printer tray?,en,Printer,operation,development,printer-014-scene-0019,printer-014,1068.333,1108.3,1,,,no,全部6帧（t=1068.3–1108.3s）显示HP Ink Tank打印机和墨盒操作，打印机产品出现但画面展示的是墨盒安装而非进纸操作。,,R1,completed,2026-07-28T02:12:44+08:00
VQ-052,How do I load paper correctly into a printer tray?,en,Printer,operation,development,printer-014-scene-0020,printer-014,1108.3,1150.233,1,,,no,第1帧t=1108.3s显示手掀开打印机盖子，是打印准备动作但未展示装纸操作。,,R1,completed,2026-07-28T01:18:39+08:00
VQ-052,How do I load paper correctly into a printer tray?,en,Printer,operation,development,printer-014-scene-0021,printer-014,1150.233,1218.7,0,,,no,6帧主要展示打印机出纸口与输出纸张（t=1150.2s–1218.7s），没有出现将纸张装入进纸托盘的步骤。,AI=1→R1=0：画面仅显示打印机出纸口有纸张输出，未展示将纸张装入进纸托盘的任何步骤。,R1,completed,2026-07-28T02:12:44+08:00
VQ-052,How do I load paper correctly into a printer tray?,en,Printer,operation,development,printer-017-scene-0001,printer-017,0.0,5.0,1,,,no,6帧（t=0.0s-5.0s）为标题卡“How to Fix a Paper Jam”及查看出纸口，OCR虽提及Incorrect Paper Loading但未演示正确装纸。,,R1,completed,2026-07-28T02:12:44+08:00
VQ-052,How do I load paper correctly into a printer tray?,en,Printer,operation,development,printer-017-scene-0002,printer-017,5.0,15.0,1,,,no,t=5.0s-9.0s幻灯片提及Incorrect Paper Loading，但未演示正确装纸步骤。,,R1,completed,2026-07-28T02:12:44+08:00
VQ-052,How do I load paper correctly into a printer tray?,en,Printer,operation,development,printer-017-scene-0003,printer-017,15.0,50.0,0,,,no,全部6帧（t=15.0–50.0s）均为静态信息图标题卡（紫/深色背景+插图+文字步骤说明），非实际视频演示操作；第1帧和第6帧标题卡文字提及'Extend Paper Tray'和进纸步骤。,AI=3→R1=0：全部6帧均为静态信息图/标题卡（图文步骤说明），非实际视频演示操作，规范中标题卡应评为0。；来源泄漏由 yes 修正为 no：联系表未见检索方法、排名、分数或答案来源暴露,R1-spotcheck,completed,2026-07-28T09:46:50+08:00
VQ-052,How do I load paper correctly into a printer tray?,en,Printer,operation,development,printer-020-scene-0002,printer-020,5.172,110.29,0,,,no,6帧只展示控制面板按键操作，没有向进纸托盘装纸的画面。,,R1,completed,2026-07-28T02:12:44+08:00
VQ-052,How do I load paper correctly into a printer tray?,en,Printer,operation,development,printer-021-scene-0001,printer-021,0.0,46.367,1,,,no,6帧（t=0.1–46.4s）显示Canon PIXMA打印机，第2帧（t=9.3s）有手按控制面板按钮，第3-6帧有纸张从出纸口输出；但全程未展示向进纸托盘装入纸张的操作。,,R1,completed,2026-07-28T02:12:44+08:00
VQ-052,How do I load paper correctly into a printer tray?,en,Printer,operation,development,printer-021-scene-0002,printer-021,46.367,108.417,2,58.8,83.6,no,第2、4帧（t=58.8s、83.6s）显示纸张已放入打印机进纸托盘，第3帧（t=71.2s）可见控制面板但无法辨识显示内容，其余帧过曝或为打印机顶盖，未见卡纸取出或墨盒操作。,时间按实际证据片段重定位,R1,completed,2026-07-28T02:12:44+08:00
VQ-052,How do I load paper correctly into a printer tray?,en,Printer,operation,development,printer-024-scene-0001,printer-024,0.0,172.406,0,,,no,第1帧（t=0.0s）为黑屏，第2–6帧（t=34.5s–172.4s）显示戴手套人员拆解打印机上盖与内部组件，全程未出现往纸盒装纸的动作。,,R1,completed,2026-07-28T02:12:44+08:00
VQ-052,How do I load paper correctly into a printer tray?,en,Printer,operation,development,printer-024-scene-0003,printer-024,380.247,389.656,0,,,no,6帧（t=380.2s-389.7s）均为打印机内部走纸机构特写，非装纸托盘操作。,,R1,completed,2026-07-28T02:12:44+08:00
VQ-052,How do I load paper correctly into a printer tray?,en,Printer,operation,development,printer-028-scene-0001,printer-028,0.0,226.84,0,,,no,全部6帧均为黑色佳能打印机静态外观展示，第3帧（t=90.7s）有手指触碰控制面板按键，但未见任何操作演示、状态显示或内部组件。,,R1,completed,2026-07-28T02:12:44+08:00
VQ-052,How do I load paper correctly into a printer tray?,en,Printer,operation,development,printer-030-scene-0004,printer-030,107.074,121.221,0,,,no,第2帧t=109.9s至第6帧t=121.2s显示人物将文档放在扫描仪玻璃上进行扫描操作，与装纸无关。,,R1,completed,2026-07-28T01:18:39+08:00
VQ-052,How do I load paper correctly into a printer tray?,en,Printer,operation,development,printer-030-scene-0012,printer-030,238.005,247.814,1,,,no,全部6帧（t=238.0–247.8s）显示一台黑色Canon打印机正在从出纸口输出纸张，打印机产品出现但画面仅展示出纸结果，未演示向进纸托盘装入纸张的操作。,,R1,completed,2026-07-28T02:12:44+08:00
VQ-052,How do I load paper correctly into a printer tray?,en,Printer,operation,development,printer-031-scene-0002,printer-031,26.0,69.733,0,,,no,全部6帧（t=26.0s–69.7s）均为电脑屏幕显示Word/Windows桌面，未出现打印机本体、控制面板或任何硬件操作画面。,AI=1→R1=0：画面中未出现装纸动作或打印机硬件。,R1,completed,2026-07-28T02:12:44+08:00
VQ-052,How do I load paper correctly into a printer tray?,en,Printer,operation,development,printer-031-scene-0003,printer-031,69.733,179.267,0,,,no,全部6帧主要显示电脑屏幕、文件资源管理器及扫描设置界面，第5帧（t=157.4s）仅展示平板扫描仪上的纸张摆放，属于扫描而非打印/进纸动作，未出现打印机控制面板或硬件操作。,AI=2→R1=0：第5帧虽显示扫描仪上摆放纸张，但属于扫描操作，并非将纸张装入打印机进纸托盘。,R1,completed,2026-07-28T02:12:44+08:00
VQ-052,How do I load paper correctly into a printer tray?,en,Printer,operation,development,printer-032-scene-0001,printer-032,0.0,348.79,0,,,no,第1、2、6帧为卡通人物讲解，第3、5帧为控制面板特写，第4帧为出纸画面，均未展示往纸盒装纸。,,R1,completed,2026-07-28T02:12:44+08:00
VQ-052,How do I load paper correctly into a printer tray?,en,Printer,operation,development,printer-033-scene-0001,printer-033,0.0,88.317,0,,,no,6帧（t=0.0s–88.3s）主要展示佳能G2012打印机外观与控制面板，没有向托盘装纸的动作。,AI=1→R1=0：画面仅有佳能G2012打印机外观和控制面板，没有出现任何将纸张装入托盘的演示。,R1,completed,2026-07-28T02:12:44+08:00
VQ-052,How do I load paper correctly into a printer tray?,en,Printer,operation,development,printer-033-scene-0003,printer-033,97.633,99.983,1,,,no,6帧（t=97.6s-100.0s）均只展示黑色打印机外观，t=98.6s和t=99.5s可见前部纸盒，但无放纸动作或装纸说明。,,R1,completed,2026-07-28T02:12:44+08:00
VQ-052,How do I load paper correctly into a printer tray?,en,Printer,operation,development,printer-033-scene-0005,printer-033,117.083,177.783,0,,,no,6帧（t=117.1s–177.8s）均为拆解后的打印机白色塑料框架、齿轮与滚轮被手持清洁/组装，未出现任何将纸张装入托盘的画面。,,R1,completed,2026-07-28T02:12:44+08:00
VQ-052,How do I load paper correctly into a printer tray?,en,Printer,operation,development,printer-033-scene-0006,printer-033,177.783,540.983,0,,,no,全部6帧（t=177.8–541.0s）展示打印机内部机械组件（齿轮、滚轴、塑料件）的拆解与组装，与进纸操作完全无关。,,R1,completed,2026-07-28T02:12:44+08:00
VQ-052,How do I load paper correctly into a printer tray?,en,Printer,operation,development,printer-033-scene-0007,printer-033,540.983,730.5,0,,,no,6帧（t=541.0s-730.4s）展示Canon打印机不同状态，但无装纸动作。,,R1,completed,2026-07-28T02:12:44+08:00
VQ-053,怎样安装墨盒或硒鼓并关闭打印机？,zh-CN,Printer,operation,development,printer-001-scene-0001,printer-001,0.0,33.81,0,,,no,全部6帧仅显示打印机运行中纸张传送，无墨盒安装或关机操作。,,R1,completed,2026-07-28T01:18:39+08:00
VQ-053,怎样安装墨盒或硒鼓并关闭打印机？,zh-CN,Printer,operation,development,printer-006-scene-0006,printer-006,28.876,37.485,2,28.876,37.485,no,全部6帧（t=28.9s–37.5s）连续展示戴黑手套者打开黑色打印机前盖并插入墨盒的过程，但未明确展示关闭盖板或断电安全提示。,,R1,completed,2026-07-28T02:12:44+08:00
VQ-053,怎样安装墨盒或硒鼓并关闭打印机？,zh-CN,Printer,operation,development,printer-006-scene-0014,printer-006,75.59,83.331,1,,,no,全部6帧（t=75.6s–83.3s）中戴黑手套的人手持并操作一个墨盒（ink cartridge），用橡皮擦清洁触点；墨盒产品出现但动作是清洁触点而非安装墨盒或关闭打印机。,AI=0→R1=1：画面中清晰可见墨盒产品被手持操作（清洁触点），满足'产品出现但不回答'的等级1条件。,R1,completed,2026-07-28T02:12:44+08:00
VQ-053,怎样安装墨盒或硒鼓并关闭打印机？,zh-CN,Printer,operation,development,printer-006-scene-0019,printer-006,109.323,113.661,1,,,no,画面仅展示手持墨盒，未展示将其装入打印机或关闭打印机的动作。,,R1,completed,2026-07-28T02:12:44+08:00
VQ-053,怎样安装墨盒或硒鼓并关闭打印机？,zh-CN,Printer,operation,development,printer-006-scene-0021,printer-006,120.668,128.876,1,,,no,全部6帧（t=120.7s–128.9s）显示戴黑手套的手指按压打印机控制面板按钮，控制面板清晰可见，葡萄牙语字幕提及'descarte os cartuchos'（丢弃墨盒）；但画面仅展示按键操作，未演示安装墨盒/硒鼓或关闭打印机的动作。,,R1,completed,2026-07-28T02:12:44+08:00
VQ-053,怎样安装墨盒或硒鼓并关闭打印机？,zh-CN,Printer,operation,development,printer-014-scene-0006,printer-014,151.267,277.367,1,,,no,全部6帧（t=151.3s–277.4s）近距离展示打印机墨盒舱内部，可见手按压并取出墨盒，属于墨盒更换/维护操作；未见进纸托盘、控制面板或卡纸处理画面。,"AI=1→R1=2；时间按实际证据片段重定位 | 第三轮仲裁修正：R1原记录 等级=2 时间=[151.267,277.367] 泄漏=no → 仲裁 等级=1 时间=[None,None] 泄漏=no。理由：画面主要展示从墨盒舱中取出墨盒，未展示将墨盒装入打印机或关闭打印机的操作，采纳复核方1级意见。",R1,completed,2026-07-28T20:35:21+08:00
VQ-053,怎样安装墨盒或硒鼓并关闭打印机？,zh-CN,Printer,operation,development,printer-014-scene-0014,printer-014,599.333,704.0,0,,,no,全6帧（t=599.3s–704.0s）背景为彩色手工材料（彩泥、颜料盘等），双手持黑色小物件，带有YouTube结尾的LIKE&SHARE/SUBSCRIBE NOW角标，非打印机操作场景。,,R1,completed,2026-07-28T02:12:44+08:00
VQ-053,怎样安装墨盒或硒鼓并关闭打印机？,zh-CN,Printer,operation,development,printer-014-scene-0016,printer-014,809.3,980.5,1,,,no,第3帧t=877.8s及第4帧t=943.5s清晰显示手握HP墨盒并用注射器注入墨水，属于墨盒维护的相邻步骤，但未展示将墨盒装入打印机或关闭打印机的操作。,"时间按实际证据片段重定位 | 第三轮仲裁修正：R1原记录 等级=2 时间=[877.8,980.5] 泄漏=no → 仲裁 等级=1 时间=[None,None] 泄漏=no。理由：第3帧及后续帧显示手握HP墨盒并用注射器注入墨水，属于墨盒加注维护，未展示装入打印机或关闭打印机，采纳复核方1级意见。",R1,completed,2026-07-28T20:35:21+08:00
VQ-053,怎样安装墨盒或硒鼓并关闭打印机？,zh-CN,Printer,operation,development,printer-014-scene-0019,printer-014,1068.333,1108.3,2,1076.3,1108.3,no,第2帧（t=1076.3s）手持墨盒，第3-6帧（t=1084.3–1108.3s）将墨盒插入打印机内部槽位，清晰展示了安装墨盒的步骤；但画面未展示关闭打印机的操作。,AI时间1068.333-1108.3→R1时间1076.3-1108.3s（第2-6帧为墨盒取放/插入的核心动作，第1帧仅为舱门已打开的状态）。,R1,completed,2026-07-28T02:12:44+08:00
VQ-053,怎样安装墨盒或硒鼓并关闭打印机？,zh-CN,Printer,operation,development,printer-017-scene-0001,printer-017,0.0,5.0,0,,,no,标题卡与卡纸相关，6帧均无墨盒安装或关闭打印机画面。,,R1,completed,2026-07-28T02:12:44+08:00
VQ-053,怎样安装墨盒或硒鼓并关闭打印机？,zh-CN,Printer,operation,development,printer-017-scene-0002,printer-017,5.0,15.0,1,,,no,t=11.0s和t=13.0s幻灯片演示关闭/拔插头，但未涉及墨盒/硒鼓安装。,,R1,completed,2026-07-28T02:12:44+08:00
VQ-053,怎样安装墨盒或硒鼓并关闭打印机？,zh-CN,Printer,operation,development,printer-017-scene-0003,printer-017,15.0,50.0,0,,,no,第4帧（t=36.0s）标题卡'Step 6: Close Panels and Restart Printer'文字提及关闭面板和重启打印机，但整体仍为静态信息图而非实操演示。,AI=2→R1=0：第4帧标题卡文字提及关闭面板和重启步骤，但为静态信息图而非实际操作演示。；来源泄漏由 yes 修正为 no：联系表未见检索方法、排名、分数或答案来源暴露,R1-spotcheck,completed,2026-07-28T09:46:50+08:00
VQ-053,怎样安装墨盒或硒鼓并关闭打印机？,zh-CN,Printer,operation,development,printer-020-scene-0001,printer-020,0.0,5.172,0,,,no,全部6帧（t=0.0s–5.2s）均为Canon G2000打印机前面板特写，带'Resetting Canon G2000 Error 5B00'文字叠加层和绿色电源灯亮起，未展示任何墨盒/硒鼓安装或关闭打印机的动作。,,R1,completed,2026-07-28T02:12:44+08:00
VQ-053,怎样安装墨盒或硒鼓并关闭打印机？,zh-CN,Printer,operation,development,printer-020-scene-0002,printer-020,5.172,110.29,1,,,no,画面仅演示了按Power键关闭打印机（屏幕文字有'Switch off the printer'），但没有安装墨盒/硒鼓的过程。,AI=2→R1=1：画面只演示了按Power键关闭打印机，没有安装墨盒/硒鼓的过程。；来源泄漏由 yes 修正为 no：联系表未见检索方法、排名、分数或答案来源暴露,R1-spotcheck,completed,2026-07-28T09:46:50+08:00
VQ-053,怎样安装墨盒或硒鼓并关闭打印机？,zh-CN,Printer,operation,development,printer-021-scene-0001,printer-021,0.0,46.367,0,,,no,全部6帧（t=0.1–46.4s）显示PIXMA打印机顶部和出纸操作，无墨盒/硒鼓安装或关闭打印机的动作。,,R1,completed,2026-07-28T02:12:44+08:00
VQ-053,怎样安装墨盒或硒鼓并关闭打印机？,zh-CN,Printer,operation,development,printer-021-scene-0002,printer-021,46.367,108.417,0,,,no,第2、4帧（t=58.8s、83.6s）显示纸张已放入打印机进纸托盘，第3帧（t=71.2s）可见控制面板但无法辨识显示内容，其余帧过曝或为打印机顶盖，未见卡纸取出或墨盒操作。,,R1,completed,2026-07-28T02:12:44+08:00
VQ-053,怎样安装墨盒或硒鼓并关闭打印机？,zh-CN,Printer,operation,development,printer-021-scene-0006,printer-021,202.7,220.1,1,,,no,全部6帧（t=202.7s–220.1s）展示工作台上拆解的打印机零件（齿轮、塑料件、螺丝刀）以及双手操作一个黑色圆柱形机械部件，打印机零件产品出现于维修上下文；但操作的是机械传动部件而非墨盒/硒鼓安装，也无关闭打印机的动作。,AI=0→R1=1：画面中清晰可见拆解的打印机零件（齿轮、外壳等）及双手操作打印机机械部件，打印机产品出现于维修场景，满足等级1。,R1,completed,2026-07-28T02:12:44+08:00
VQ-053,怎样安装墨盒或硒鼓并关闭打印机？,zh-CN,Printer,operation,development,printer-024-scene-0001,printer-024,0.0,172.406,0,,,no,6帧均为打印机拆解画面，未见墨盒/硒鼓安装，也未见关闭打印机的动作。,,R1,completed,2026-07-28T02:12:44+08:00
VQ-053,怎样安装墨盒或硒鼓并关闭打印机？,zh-CN,Printer,operation,development,printer-024-scene-0002,printer-024,172.406,380.247,1,,,no,6帧（t=172.4s–380.2s）展示工作台上被拆解的打印机及戴白手套的人员操作小部件，打印机产品处于维修上下文；但未明确演示安装墨盒/硒鼓或关闭打印机的具体步骤。,,R1,completed,2026-07-28T02:12:44+08:00
VQ-053,怎样安装墨盒或硒鼓并关闭打印机？,zh-CN,Printer,operation,development,printer-024-scene-0005,printer-024,396.029,684.551,0,,,no,全6帧（t=453.7s–684.5s）均为戴手套者在工作台上拆解维修Epson打印机，工具和零件散落，无安装墨盒或关闭打印机的操作。,AI=1→R1=0：场景为拆解维修画面，无任何墨盒安装或关机操作。,R1,completed,2026-07-28T02:12:44+08:00
VQ-053,怎样安装墨盒或硒鼓并关闭打印机？,zh-CN,Printer,operation,development,printer-024-scene-0007,printer-024,763.663,841.941,0,,,no,全6帧（t=763.7s–841.9s）为戴手套者持注射器工具对Epson打印机部件进行注液操作，无墨盒安装或关闭打印机动作。,,R1,completed,2026-07-28T02:12:44+08:00
VQ-053,怎样安装墨盒或硒鼓并关闭打印机？,zh-CN,Printer,operation,development,printer-028-scene-0001,printer-028,0.0,226.84,0,,,no,全部6帧均为黑色佳能打印机静态外观展示，第3帧（t=90.7s）有手指触碰控制面板按键，但未见任何操作演示、状态显示或内部组件。,,R1,completed,2026-07-28T02:12:44+08:00
VQ-053,怎样安装墨盒或硒鼓并关闭打印机？,zh-CN,Printer,operation,development,printer-030-scene-0004,printer-030,107.074,121.221,0,,,no,场景为扫描演示，无墨盒安装或关机内容。,,R1,completed,2026-07-28T01:18:39+08:00
VQ-053,怎样安装墨盒或硒鼓并关闭打印机？,zh-CN,Printer,operation,development,printer-030-scene-0012,printer-030,238.005,247.814,0,,,no,全部6帧（t=238.0–247.8s）仅显示Canon打印机自动出纸，无安装墨盒/硒鼓的操作，也无关闭打印机的动作。,,R1,completed,2026-07-28T02:12:44+08:00
VQ-053,怎样安装墨盒或硒鼓并关闭打印机？,zh-CN,Printer,operation,development,printer-031-scene-0001,printer-031,0.0,26.0,0,,,no,全6帧（t=0–26.0s）为男子在电子设备货架前讲解的开场画面，仅第3帧（t=10.4s）左上角有小幅打印机缩略图叠加，无任何打印机操作演示。,,R1,completed,2026-07-28T02:12:44+08:00
VQ-053,怎样安装墨盒或硒鼓并关闭打印机？,zh-CN,Printer,operation,development,printer-031-scene-0002,printer-031,26.0,69.733,0,,,no,全部6帧（t=26.0s–69.7s）均为电脑屏幕显示Word/Windows桌面，未出现打印机本体、控制面板或任何硬件操作画面。,,R1,completed,2026-07-28T02:12:44+08:00
VQ-053,怎样安装墨盒或硒鼓并关闭打印机？,zh-CN,Printer,operation,development,printer-031-scene-0003,printer-031,69.733,179.267,0,,,no,全部6帧主要显示电脑屏幕、文件资源管理器及扫描设置界面，第5帧（t=157.4s）仅展示平板扫描仪上的纸张摆放，属于扫描而非打印/进纸动作，未出现打印机控制面板或硬件操作。,,R1,completed,2026-07-28T02:12:44+08:00
VQ-053,怎样安装墨盒或硒鼓并关闭打印机？,zh-CN,Printer,operation,development,printer-031-scene-0005,printer-031,287.033,300.58,0,,,no,全部6帧（t=287.0s–300.6s）为电脑桌面操作界面（文档编辑窗口、Windows桌面、YouTube订阅画面、竖大拇指手势），属视频结尾/订阅引导内容，与打印机操作无关。,,R1,completed,2026-07-28T02:12:44+08:00
VQ-053,怎样安装墨盒或硒鼓并关闭打印机？,zh-CN,Printer,operation,development,printer-032-scene-0001,printer-032,0.0,348.79,0,,,no,联系表未见墨盒/硒鼓安装或关闭打印机的动作。,,R1,completed,2026-07-28T02:12:44+08:00
VQ-053,怎样安装墨盒或硒鼓并关闭打印机？,zh-CN,Printer,operation,development,printer-033-scene-0002,printer-033,88.317,97.633,1,,,no,全6帧（t=88.3s–97.6s）显示手在Canon PIXMA打印机控制面板上按键，可能有电源操作但完全没有安装墨盒的步骤演示。,AI=2→R1=1：仅显示控制面板按键操作，缺少安装墨盒的核心步骤。,R1,completed,2026-07-28T02:12:44+08:00
VQ-053,怎样安装墨盒或硒鼓并关闭打印机？,zh-CN,Printer,operation,development,printer-033-scene-0003,printer-033,97.633,99.983,0,,,no,6帧均未出现墨盒、硒鼓或安装、关闭打印机的动作，仅静态展示整机。,,R1,completed,2026-07-28T02:12:44+08:00
VQ-053,怎样安装墨盒或硒鼓并关闭打印机？,zh-CN,Printer,operation,development,printer-033-scene-0004,printer-033,99.983,117.083,0,,,no,全6帧（t=100.0s–117.1s）为打印机深度拆解后散落在桌面上的零部件静态画面，齿轮、滚轮、塑料件、电路板等杂乱摆放，无任何操作演示。,,R1,completed,2026-07-28T02:12:44+08:00
VQ-053,怎样安装墨盒或硒鼓并关闭打印机？,zh-CN,Printer,operation,development,printer-033-scene-0005,printer-033,117.083,177.783,0,,,no,6帧均为拆解后的打印机塑料件与滚轮，未展示墨盒/硒鼓安装或关闭打印机的动作。,,R1,completed,2026-07-28T02:12:44+08:00
VQ-053,怎样安装墨盒或硒鼓并关闭打印机？,zh-CN,Printer,operation,development,printer-033-scene-0006,printer-033,177.783,540.983,1,,,no,6帧显示打印机内部机械零件的组装操作（齿轮咬合、上油、装配件），属于打印机维修拆解场景，产品相关但未展示墨盒/硒鼓安装。,,R1,completed,2026-07-28T02:12:44+08:00
VQ-053,怎样安装墨盒或硒鼓并关闭打印机？,zh-CN,Printer,operation,development,printer-033-scene-0007,printer-033,540.983,730.5,0,,,no,6帧无墨盒/硒鼓安装或关闭打印机动作。,,R1,completed,2026-07-28T02:12:44+08:00
VQ-054,How do I print a test page from the printer controls?,en,Printer,operation,development,printer-001-scene-0001,printer-001,0.0,33.81,0,,,no,画面仅显示打印机自动送纸和出纸过程，未显示任何控制面板操作或测试页打印指令。,,R1,completed,2026-07-28T01:18:39+08:00
VQ-054,How do I print a test page from the printer controls?,en,Printer,operation,development,printer-003-scene-0001,printer-003,0.0,95.43,0,,,no,6帧为激光雕刻/切割机，不是打印机，没有打印机控制面板或测试页打印。,,R1,completed,2026-07-28T02:12:44+08:00
VQ-054,How do I print a test page from the printer controls?,en,Printer,operation,development,printer-006-scene-0003,printer-006,14.262,19.066,1,,,no,6帧（t=14.3s-19.1s）显示手指按压打印机控制面板按钮，但无法确认是在执行测试页打印操作。,,R1,completed,2026-07-28T02:12:44+08:00
VQ-054,How do I print a test page from the printer controls?,en,Printer,operation,development,printer-006-scene-0006,printer-006,28.876,37.485,1,,,no,全部6帧（t=28.9s–37.5s）连续展示戴黑手套者打开黑色打印机前盖并插入墨盒的过程，但未明确展示关闭盖板或断电安全提示。,"第三轮仲裁修正：R1原记录 等级=0 时间=[None,None] 泄漏=no → 仲裁 等级=1 时间=[None,None] 泄漏=no。理由：6帧清晰展示黑色打印机被主动操作（开盖、插入墨盒），但未展示从控制面板打印测试页，采纳复核方1级意见。",R1,completed,2026-07-28T20:35:21+08:00
VQ-054,How do I print a test page from the printer controls?,en,Printer,operation,development,printer-006-scene-0025,printer-006,138.686,142.056,2,138.7,142.0,no,6帧（t=138.7s-142.1s）均显示一张已打印的测试页，带有彩色条纹和'Teste de impressão Vale Jet -Color'文字，但未出现控制面板或按下按钮触发测试页打印的操作过程。,AI=3→R1=2：画面只展示了测试页打印结果，未演示如何从打印机控制面板触发测试页打印。,R1,completed,2026-07-28T02:12:44+08:00
VQ-054,How do I print a test page from the printer controls?,en,Printer,operation,development,printer-014-scene-0001,printer-014,0.0,26.633,1,,,no,第2-4帧（t=5.3s-16.0s）显示手指在打印机控制面板上按压/指向，但未明确出现打印测试页的结果或操作提示。,"AI=2 AI时间0.0-26.633→R1时间5.3-16.0：仅第2-4帧有控制面板交互动作。 | 第三轮仲裁修正：R1原记录 等级=2 时间=[5.3,16.0] 泄漏=no → 仲裁 等级=1 时间=[None,None] 泄漏=no。理由：第2-4帧可见手指在控制面板按压按钮，但6帧均未显示打印测试页的结果或测试页菜单，采纳复核方1级意见。",R1,completed,2026-07-28T20:35:21+08:00
VQ-054,How do I print a test page from the printer controls?,en,Printer,operation,development,printer-014-scene-0006,printer-014,151.267,277.367,0,,,no,全部6帧（t=151.3s–277.4s）近距离展示打印机墨盒舱内部，可见手按压并取出墨盒，属于墨盒更换/维护操作；未见进纸托盘、控制面板或卡纸处理画面。,,R1,completed,2026-07-28T02:12:44+08:00
VQ-054,How do I print a test page from the printer controls?,en,Printer,operation,development,printer-014-scene-0017,printer-014,980.5,1025.667,0,,,no,全部6帧（t=980.5s–1025.7s）均显示双手操作黑色墨盒/滴管注墨，无任何打印机机身、控制面板或打印测试页动作，与'从打印机控制面板打印测试页'无关。,,R1,completed,2026-07-28T02:12:44+08:00
VQ-054,How do I print a test page from the printer controls?,en,Printer,operation,development,printer-014-scene-0020,printer-014,1108.3,1150.233,0,,,no,画面展示打印Vi prepaid卡片来检验打印质量，并非从控制面板打印测试页。,,R1,completed,2026-07-28T01:18:39+08:00
VQ-054,How do I print a test page from the printer controls?,en,Printer,operation,development,printer-014-scene-0021,printer-014,1150.233,1218.7,0,,,no,6帧只显示打印机正在输出纸张，没有从控制面板选择打印测试页的操作。,,R1,completed,2026-07-28T02:12:44+08:00
VQ-054,How do I print a test page from the printer controls?,en,Printer,operation,development,printer-017-scene-0001,printer-017,0.0,5.0,0,,,no,6帧为标题卡和人物看打印机，无控制面板或测试页打印内容。,,R1,completed,2026-07-28T02:12:44+08:00
VQ-054,How do I print a test page from the printer controls?,en,Printer,operation,development,printer-017-scene-0002,printer-017,5.0,15.0,0,,,no,6帧为卡纸原因和断电步骤幻灯片，无测试页打印内容。,,R1,completed,2026-07-28T02:12:44+08:00
VQ-054,How do I print a test page from the printer controls?,en,Printer,operation,development,printer-017-scene-0003,printer-017,15.0,50.0,0,,,no,第4帧（t=36.0s）标题卡'Step 6'中文字提及'Run Test Print'，但为静态图文说明，未演示如何从控制面板执行测试页打印。,AI=3→R1=0：第4帧标题卡文字提及'Run Test Print'，但为静态信息图而非实际演示从控制面板操作打印测试页。；来源泄漏由 yes 修正为 no：联系表未见检索方法、排名、分数或答案来源暴露,R1-spotcheck,completed,2026-07-28T09:46:50+08:00
VQ-054,How do I print a test page from the printer controls?,en,Printer,operation,development,printer-020-scene-0001,printer-020,0.0,5.172,0,,,no,全部6帧（t=0.0s–5.2s）显示Canon G2000前面板及错误重置文字叠加层，无测试页打印动作或相关控制操作可见。,,R1,completed,2026-07-28T02:12:44+08:00
VQ-054,How do I print a test page from the printer controls?,en,Printer,operation,development,printer-020-scene-0002,printer-020,5.172,110.29,3,5.172,110.29,no,第1–6帧（t=5.2s–110.3s）屏幕叠加文字明确写着'Printer resetting and printing test page'，并配合手指按压Stop/Power按钮的完整步骤，直接演示了从控制面板打印测试页。,AI=2→R1=3：屏幕文字明确显示'Printer resetting and printing test page'并配合Stop/Power按键步骤，完整演示了从控制面板打印测试页。；来源泄漏由 yes 修正为 no：联系表未见检索方法、排名、分数或答案来源暴露,R1-spotcheck,completed,2026-07-28T09:46:50+08:00
VQ-054,How do I print a test page from the printer controls?,en,Printer,operation,development,printer-021-scene-0001,printer-021,0.0,46.367,1,,,no,第2帧（t=9.3s）手按压控制面板Start按钮，第3-6帧（t=18.5–46.4s）有纸张输出；显示了通过控制面板启动打印的动作，但无法确认输出的是否为测试页。,AI=0→R1=1：第2帧（t=9.3s）手按控制面板Start按钮启动打印，第3-6帧有纸张输出，虽不能确认为测试页但有相关操作。,R1,completed,2026-07-28T02:12:44+08:00
VQ-054,How do I print a test page from the printer controls?,en,Printer,operation,development,printer-021-scene-0002,printer-021,46.367,108.417,0,,,no,第2、4帧（t=58.8s、83.6s）显示纸张已放入打印机进纸托盘，第3帧（t=71.2s）可见控制面板但无法辨识显示内容，其余帧过曝或为打印机顶盖，未见卡纸取出或墨盒操作。,,R1,completed,2026-07-28T02:12:44+08:00
VQ-054,How do I print a test page from the printer controls?,en,Printer,operation,development,printer-021-scene-0003,printer-021,108.417,154.467,0,,,no,6帧（t=108.4s-154.5s）均显示拆解后的打印机内部零件（齿轮、弹簧、滚轮、塑料框架），未出现控制面板、测试页打印或任何与'从打印机控制面板打印测试页'相关的操作。,,R1,completed,2026-07-28T02:12:44+08:00
VQ-054,How do I print a test page from the printer controls?,en,Printer,operation,development,printer-021-scene-0004,printer-021,154.467,183.3,0,,,no,6帧（t=154.5s-183.3s）均显示手持打印机内部小齿轮/滚轮零件，无控制面板或测试页打印操作。,,R1,completed,2026-07-28T02:12:44+08:00
VQ-054,How do I print a test page from the printer controls?,en,Printer,operation,development,printer-024-scene-0001,printer-024,0.0,172.406,0,,,no,联系表6帧均为拆机画面，未见控制面板操作或打印测试页输出。,,R1,completed,2026-07-28T02:12:44+08:00
VQ-054,How do I print a test page from the printer controls?,en,Printer,operation,development,printer-024-scene-0002,printer-024,172.406,380.247,0,,,no,6帧（t=172.4s–380.2s）均为拆解打印机维修场景，无控制面板操作或测试页打印动作。,,R1,completed,2026-07-28T02:12:44+08:00
VQ-054,How do I print a test page from the printer controls?,en,Printer,operation,development,printer-024-scene-0003,printer-024,380.247,389.656,0,,,no,画面为内部机械，无控制面板或测试页打印。,,R1,completed,2026-07-28T02:12:44+08:00
VQ-054,How do I print a test page from the printer controls?,en,Printer,operation,development,printer-028-scene-0001,printer-028,0.0,226.84,0,,,no,全部6帧均为黑色佳能打印机静态外观展示，第3帧（t=90.7s）有手指触碰控制面板按键，但未见任何操作演示、状态显示或内部组件。,,R1,completed,2026-07-28T02:12:44+08:00
VQ-054,How do I print a test page from the printer controls?,en,Printer,operation,development,printer-030-scene-0004,printer-030,107.074,121.221,0,,,no,场景演示的是文档扫描功能，非测试页打印。,,R1,completed,2026-07-28T01:18:39+08:00
VQ-054,How do I print a test page from the printer controls?,en,Printer,operation,development,printer-030-scene-0012,printer-030,238.005,247.814,0,,,no,全部6帧（t=238.0–247.8s）显示打印机自动出纸，无人操作控制面板，也无打印测试页的动作或界面。,,R1,completed,2026-07-28T02:12:44+08:00
VQ-054,How do I print a test page from the printer controls?,en,Printer,operation,development,printer-030-scene-0015,printer-030,284.952,310.711,0,,,no,6帧（t=285.0s-310.7s）均为电脑屏幕上的 Canon Scan Utility/MP Navigator 扫描软件界面，未出现打印机控制面板或测试页打印相关内容。,,R1,completed,2026-07-28T02:12:44+08:00
VQ-054,How do I print a test page from the printer controls?,en,Printer,operation,development,printer-031-scene-0001,printer-031,0.0,26.0,0,,,no,同上，开场讲解画面，无打印机控制面板操作或打印测试页动作。,,R1,completed,2026-07-28T02:12:44+08:00
VQ-054,How do I print a test page from the printer controls?,en,Printer,operation,development,printer-031-scene-0002,printer-031,26.0,69.733,0,,,no,全部6帧（t=26.0s–69.7s）均为电脑屏幕显示Word/Windows桌面，未出现打印机本体、控制面板或任何硬件操作画面。,AI=1→R1=0,R1,completed,2026-07-28T02:12:44+08:00
VQ-054,How do I print a test page from the printer controls?,en,Printer,operation,development,printer-031-scene-0003,printer-031,69.733,179.267,0,,,no,全部6帧主要显示电脑屏幕、文件资源管理器及扫描设置界面，第5帧（t=157.4s）仅展示平板扫描仪上的纸张摆放，属于扫描而非打印/进纸动作，未出现打印机控制面板或硬件操作。,AI=1→R1=0,R1,completed,2026-07-28T02:12:44+08:00
VQ-054,How do I print a test page from the printer controls?,en,Printer,operation,development,printer-032-scene-0001,printer-032,0.0,348.79,0,,,no,控制面板特写未显示测试页打印操作，也未见测试页输出。,,R1,completed,2026-07-28T02:12:44+08:00
VQ-054,How do I print a test page from the printer controls?,en,Printer,operation,development,printer-033-scene-0001,printer-033,0.0,88.317,0,,,no,6帧只展示打印机外观与按键，没有从控制面板打印测试页的操作。,,R1,completed,2026-07-28T02:12:44+08:00
VQ-054,How do I print a test page from the printer controls?,en,Printer,operation,development,printer-033-scene-0002,printer-033,88.317,97.633,1,,,no,全6帧（t=88.3s–97.6s）显示手在Canon PIXMA控制面板上按键，与'从控制面板操作'相关但未明确显示打印测试页的具体操作或结果。,AI=2→R1=1：控制面板按键操作可能与测试页有关联，但画面未明确证实打印测试页动作。,R1,completed,2026-07-28T02:12:44+08:00
VQ-054,How do I print a test page from the printer controls?,en,Printer,operation,development,printer-033-scene-0003,printer-033,97.633,99.983,1,,,no,6帧仅展示打印机外观和控制面板，无控制面板操作或打印测试页输出。,,R1,completed,2026-07-28T02:12:44+08:00
VQ-054,How do I print a test page from the printer controls?,en,Printer,operation,development,printer-033-scene-0004,printer-033,99.983,117.083,0,,,no,同上，拆解零件静态画面，无打印机本体或控制面板可见。,,R1,completed,2026-07-28T02:12:44+08:00
VQ-054,How do I print a test page from the printer controls?,en,Printer,operation,development,printer-033-scene-0007,printer-033,540.983,730.5,2,578.9,616.8,no,t=578.9s纸张从打印机输出，t=616.8s手持带彩色条纹的测试页，展示了打印测试页的结果但未演示控制面板操作。,AI时间540.983-730.5→R1时间578.9-616.8，测试页结果仅在该区间可见。,R1,completed,2026-07-28T02:12:44+08:00
VQ-055,打印机已就绪时控制面板显示什么？,zh-CN,Printer,state,development,printer-001-scene-0001,printer-001,0.0,33.81,0,,,no,全帧为打印机内部机械特写，控制面板完全不可见。,,R1,completed,2026-07-28T01:18:39+08:00
VQ-055,打印机已就绪时控制面板显示什么？,zh-CN,Printer,state,development,printer-003-scene-0001,printer-003,0.0,95.43,0,,,no,6帧为激光雕刻/切割机，不是打印机，没有就绪状态显示。,,R1,completed,2026-07-28T02:12:44+08:00
VQ-055,打印机已就绪时控制面板显示什么？,zh-CN,Printer,state,development,printer-006-scene-0003,printer-006,14.262,19.066,1,,,no,6帧显示打印机控制面板及手指按键，面板上有图标，但未明确展示就绪状态的具体显示内容。,AI=0→R1=1：画面确实出现了打印机控制面板，虽未明确展示就绪状态，但产品与查询直接相关。,R1,completed,2026-07-28T02:12:44+08:00
VQ-055,打印机已就绪时控制面板显示什么？,zh-CN,Printer,state,development,printer-006-scene-0020,printer-006,113.661,120.668,1,,,no,第1、6帧显示人物在桌前，第2–5帧（t=115.1s–119.3s）为黑色打印机侧面/顶部的特写，可看到顶部按键但无法辨识控制面板具体显示内容或就绪状态指示。,AI=2→R1=1：画面仅展示打印机机身与顶部按键，未清晰呈现控制面板显示内容，无法直接回答'已就绪时控制面板显示什么'。,R1,completed,2026-07-28T02:12:44+08:00
VQ-055,打印机已就绪时控制面板显示什么？,zh-CN,Printer,state,development,printer-006-scene-0021,printer-006,120.668,128.876,1,,,no,全部6帧（t=120.7s–128.9s）显示打印机控制面板特写及手指按键操作，ASR音频提到故障LED停止闪烁后打印机就绪；但画面本身仅展示手指按按钮的控制面板外观，未直观演示就绪状态下控制面板显示的具体内容（如哪些灯亮/灭），答案主要来自ASR音频而非视觉呈现。,AI=2→R1=1：ASR音频提到LED停止闪烁=就绪，但视觉画面仅显示手指按按钮的控制面板静态图，未能通过画面直接回答就绪时面板显示什么。,R1,completed,2026-07-28T02:12:44+08:00
VQ-055,打印机已就绪时控制面板显示什么？,zh-CN,Printer,state,development,printer-014-scene-0001,printer-014,0.0,26.633,1,,,no,第3-5帧（t=10.7s-21.3s）控制面板小显示屏上可见数字'1'，可视为就绪状态的部分提示，但未明确说明其含义。,"AI=2 AI时间0.0-26.633→R1时间10.7-21.3：数字'1'主要出现在第3-5帧。 | 第三轮仲裁修正：R1原记录 等级=2 时间=[10.7,21.3] 泄漏=no → 仲裁 等级=1 时间=[None,None] 泄漏=no。理由：第3-5帧控制面板小屏显示数字'1'，但无法确认其含义是否为就绪状态，采纳复核方1级意见。",R1,completed,2026-07-28T20:35:21+08:00
VQ-055,打印机已就绪时控制面板显示什么？,zh-CN,Printer,state,development,printer-014-scene-0005,printer-014,146.767,151.267,0,,,no,全部6帧（t=146.8s–151.3s）均为打印机内部墨盒/字车区域特写，无控制面板或就绪状态显示。,,R1,completed,2026-07-28T02:12:44+08:00
VQ-055,打印机已就绪时控制面板显示什么？,zh-CN,Printer,state,development,printer-014-scene-0006,printer-014,151.267,277.367,0,,,no,全部6帧（t=151.3s–277.4s）近距离展示打印机墨盒舱内部，可见手按压并取出墨盒，属于墨盒更换/维护操作；未见进纸托盘、控制面板或卡纸处理画面。,,R1,completed,2026-07-28T02:12:44+08:00
VQ-055,打印机已就绪时控制面板显示什么？,zh-CN,Printer,state,development,printer-014-scene-0020,printer-014,1108.3,1150.233,0,,,no,控制面板显示屏在画面中不可见。,,R1,completed,2026-07-28T01:18:39+08:00
VQ-055,打印机已就绪时控制面板显示什么？,zh-CN,Printer,state,development,printer-014-scene-0021,printer-014,1150.233,1218.7,0,,,no,6帧中控制面板细节不可读，无法判断就绪时的具体显示内容。,,R1,completed,2026-07-28T02:12:44+08:00
VQ-055,打印机已就绪时控制面板显示什么？,zh-CN,Printer,state,development,printer-017-scene-0001,printer-017,0.0,5.0,0,,,no,6帧无控制面板可读显示，无就绪状态内容。,,R1,completed,2026-07-28T02:12:44+08:00
VQ-055,打印机已就绪时控制面板显示什么？,zh-CN,Printer,state,development,printer-017-scene-0002,printer-017,5.0,15.0,0,,,no,6帧无控制面板就绪显示内容。,,R1,completed,2026-07-28T02:12:44+08:00
VQ-055,打印机已就绪时控制面板显示什么？,zh-CN,Printer,state,development,printer-017-scene-0003,printer-017,15.0,50.0,0,,,no,全部6帧（t=15.0–50.0s）为卡纸清除步骤的信息图标题卡，未涉及打印机就绪状态的控制面板显示内容。,,R1,completed,2026-07-28T02:12:44+08:00
VQ-055,打印机已就绪时控制面板显示什么？,zh-CN,Printer,state,development,printer-020-scene-0001,printer-020,0.0,5.172,1,,,no,全部6帧（t=0.0s–5.2s）显示Canon G2000控制面板且绿色电源指示灯常亮，打印机产品出现；但画面主题为Error 5B00重置教程，未专门演示'就绪状态'控制面板的完整显示内容（如各指示灯/图标含义），仅能 incidental 看到电源灯亮。,AI=2→R1=1：仅能看到绿色电源灯亮起这一单一就绪信号，场景主体是错误重置教程而非解释就绪时控制面板显示什么，不足以构成部分回答。,R1,completed,2026-07-28T02:12:44+08:00
VQ-055,打印机已就绪时控制面板显示什么？,zh-CN,Printer,state,development,printer-020-scene-0002,printer-020,5.172,110.29,2,5.172,110.29,no,6帧显示绿色指示灯由闪烁变为常亮，并提示'Wait until the green light stop blinking'，部分展示了就绪时的指示灯状态。,,R1,completed,2026-07-28T02:12:44+08:00
VQ-055,打印机已就绪时控制面板显示什么？,zh-CN,Printer,state,development,printer-021-scene-0001,printer-021,0.0,46.367,1,,,no,第2帧（t=9.3s）可见PIXMA控制面板且有手指正在按键操作，但因手部遮挡且打印机处于被操作状态，无法清晰辨认'就绪状态'下的面板显示内容。,AI=2→R1=1：第2帧可见控制面板但手正在按键操作，无法清晰辨认就绪/空闲状态的具体显示内容。,R1,completed,2026-07-28T02:12:44+08:00
VQ-055,打印机已就绪时控制面板显示什么？,zh-CN,Printer,state,development,printer-021-scene-0002,printer-021,46.367,108.417,1,,,no,第2、4帧（t=58.8s、83.6s）显示纸张已放入打印机进纸托盘，第3帧（t=71.2s）可见控制面板但无法辨识显示内容，其余帧过曝或为打印机顶盖，未见卡纸取出或墨盒操作。,,R1,completed,2026-07-28T02:12:44+08:00
VQ-055,打印机已就绪时控制面板显示什么？,zh-CN,Printer,state,development,printer-021-scene-0003,printer-021,108.417,154.467,0,,,no,6帧均为拆解后的打印机内部零件特写，无控制面板就绪状态显示。,,R1,completed,2026-07-28T02:12:44+08:00
VQ-055,打印机已就绪时控制面板显示什么？,zh-CN,Printer,state,development,printer-024-scene-0001,printer-024,0.0,172.406,0,,,no,画面聚焦拆开的打印机内部结构，未显示控制面板及其就绪状态。,,R1,completed,2026-07-28T02:12:44+08:00
VQ-055,打印机已就绪时控制面板显示什么？,zh-CN,Printer,state,development,printer-024-scene-0002,printer-024,172.406,380.247,0,,,no,6帧（t=172.4s–380.2s）中打印机已被拆解散开，控制面板不可见，无法观察就绪状态的显示内容。,,R1,completed,2026-07-28T02:12:44+08:00
VQ-055,打印机已就绪时控制面板显示什么？,zh-CN,Printer,state,development,printer-024-scene-0003,printer-024,380.247,389.656,0,,,no,6帧均为内部机构，无控制面板及其显示。,,R1,completed,2026-07-28T02:12:44+08:00
VQ-055,打印机已就绪时控制面板显示什么？,zh-CN,Printer,state,development,printer-024-scene-0005,printer-024,396.029,684.551,0,,,no,全6帧展示拆解中的Epson打印机，控制面板不可见，无从判断就绪状态显示。,,R1,completed,2026-07-28T02:12:44+08:00
VQ-055,打印机已就绪时控制面板显示什么？,zh-CN,Printer,state,development,printer-028-scene-0001,printer-028,0.0,226.84,1,,,no,全部6帧均为黑色佳能打印机静态外观展示，第3帧（t=90.7s）有手指触碰控制面板按键，但未见任何操作演示、状态显示或内部组件。,,R1,completed,2026-07-28T02:12:44+08:00
VQ-055,打印机已就绪时控制面板显示什么？,zh-CN,Printer,state,development,printer-030-scene-0002,printer-030,46.079,49.149,0,,,no,全部6帧（t=46.1s–49.2s）均为黑色背景上的'Sunil Maurya's SM TECHNO GURU'标题卡，无任何打印机或控制面板画面。,,R1,completed,2026-07-28T02:12:44+08:00
VQ-055,打印机已就绪时控制面板显示什么？,zh-CN,Printer,state,development,printer-030-scene-0004,printer-030,107.074,121.221,1,,,no,第1帧t=107.1s显示Canon打印机电源灯亮、出纸托盘伸出表示已开机就绪，但控制面板显示屏具体内容不可见。,,R1,completed,2026-07-28T01:18:39+08:00
VQ-055,打印机已就绪时控制面板显示什么？,zh-CN,Printer,state,development,printer-030-scene-0012,printer-030,238.005,247.814,1,,,no,全部6帧（t=238.0–247.8s）显示Canon打印机处于通电工作状态并正在出纸，但这是'工作中'状态而非静止'就绪'状态，控制面板细节不清晰可辨。,AI=2→R1=1：画面显示打印机正在出纸（工作中），并非静止就绪状态，且控制面板无法清晰辨认就绪时的具体显示。,R1,completed,2026-07-28T02:12:44+08:00
VQ-055,打印机已就绪时控制面板显示什么？,zh-CN,Printer,state,development,printer-031-scene-0002,printer-031,26.0,69.733,0,,,no,全部6帧（t=26.0s–69.7s）均为电脑屏幕显示Word/Windows桌面，未出现打印机本体、控制面板或任何硬件操作画面。,AI=2→R1=0：画面中只有电脑屏幕显示Word文档，未出现打印机控制面板或就绪状态。,R1,completed,2026-07-28T02:12:44+08:00
VQ-055,打印机已就绪时控制面板显示什么？,zh-CN,Printer,state,development,printer-031-scene-0003,printer-031,69.733,179.267,0,,,no,全部6帧主要显示电脑屏幕、文件资源管理器及扫描设置界面，第5帧（t=157.4s）仅展示平板扫描仪上的纸张摆放，属于扫描而非打印/进纸动作，未出现打印机控制面板或硬件操作。,AI=3→R1=0：场景中均为电脑界面，未出现打印机实体控制面板。,R1,completed,2026-07-28T02:12:44+08:00
VQ-055,打印机已就绪时控制面板显示什么？,zh-CN,Printer,state,development,printer-031-scene-0005,printer-031,287.033,300.58,0,,,no,全部6帧（t=287.0s–300.6s）为电脑屏幕桌面交互内容，无打印机控制面板或其状态显示。,,R1,completed,2026-07-28T02:12:44+08:00
VQ-055,打印机已就绪时控制面板显示什么？,zh-CN,Printer,state,development,printer-032-scene-0001,printer-032,0.0,348.79,1,,,no,第3、5帧出现打印机控制面板与按钮，但未清晰展示就绪状态下的屏幕显示内容。,,R1,completed,2026-07-28T02:12:44+08:00
VQ-055,打印机已就绪时控制面板显示什么？,zh-CN,Printer,state,development,printer-033-scene-0001,printer-033,0.0,88.317,1,,,no,6帧能看到控制面板和按钮，但小显示屏内容无法辨认，不能判断就绪状态的具体显示。,,R1,completed,2026-07-28T02:12:44+08:00
VQ-055,打印机已就绪时控制面板显示什么？,zh-CN,Printer,state,development,printer-033-scene-0002,printer-033,88.317,97.633,1,,,no,全6帧显示Canon PIXMA控制面板及手部操作（t=88.3s–97.6s），OCR检出'G2012 Stop'表明当前为停止/错误状态而非就绪状态。,AI=2→R1=1：控制面板可见但显示的是Stop错误状态，非就绪状态的显示内容。,R1,completed,2026-07-28T02:12:44+08:00
VQ-055,打印机已就绪时控制面板显示什么？,zh-CN,Printer,state,development,printer-033-scene-0003,printer-033,97.633,99.983,1,,,no,t=98.6s等帧可见控制面板，但面板显示内容不可读，无“就绪”等明确状态信息。,AI=0→R1=1：控制面板可见但无明确可读的就绪显示，产品出现但未回答。,R1,completed,2026-07-28T02:12:44+08:00
VQ-055,打印机已就绪时控制面板显示什么？,zh-CN,Printer,state,development,printer-033-scene-0007,printer-033,540.983,730.5,1,,,no,t=541.0s、t=654.7s可见控制面板，但无“就绪”等明确可读显示；t=578.9s出纸仅暗示可打印。,AI=2→R1=1：控制面板无明确可读的就绪显示，仅有出纸暗示。,R1,completed,2026-07-28T02:12:44+08:00
VQ-056,What does active paper feeding and printing look like?,en,Printer,state,development,printer-001-scene-0001,printer-001,0.0,33.81,3,0.0,33.81,no,第1帧t=0.0s至第6帧t=33.8s全程清晰显示纸张在打印机内被输送、打印图像逐渐从出口输出的完整过程。,,R1,completed,2026-07-28T01:18:39+08:00
VQ-056,What does active paper feeding and printing look like?,en,Printer,state,development,printer-003-scene-0001,printer-003,0.0,95.43,0,,,no,6帧为激光雕刻/切割机，没有进纸/打印动作。,,R1,completed,2026-07-28T02:12:44+08:00
VQ-056,What does active paper feeding and printing look like?,en,Printer,state,development,printer-006-scene-0014,printer-006,75.59,83.331,0,,,no,全部6帧（t=75.6s–83.3s）均为戴手套的手持墨盒清洁触点，无纸张进给或打印过程。,,R1,completed,2026-07-28T02:12:44+08:00
VQ-056,What does active paper feeding and printing look like?,en,Printer,state,development,printer-006-scene-0024,printer-006,133.814,138.686,3,133.814,138.686,no,6帧（t=133.8s–138.7s）连续显示打印机正在将带有彩色条纹/文字的纸张从出纸口送出，直接呈现了正在进纸打印的过程。,,R1,completed,2026-07-28T02:12:44+08:00
VQ-056,What does active paper feeding and printing look like?,en,Printer,state,development,printer-006-scene-0025,printer-006,138.686,142.056,1,,,no,6帧均为已打印测试页的静态画面，展示了打印输出结果，但没有出现纸张进给或打印头工作的动态过程。,AI=3→R1=1：画面仅展示打印完成的测试页，未呈现 active paper feeding and printing 的实际动态过程。,R1,completed,2026-07-28T02:12:44+08:00
VQ-056,What does active paper feeding and printing look like?,en,Printer,state,development,printer-014-scene-0006,printer-014,151.267,277.367,0,,,no,全部6帧（t=151.3s–277.4s）近距离展示打印机墨盒舱内部，可见手按压并取出墨盒，属于墨盒更换/维护操作；未见进纸托盘、控制面板或卡纸处理画面。,AI=1→R1=0,R1,completed,2026-07-28T02:12:44+08:00
VQ-056,What does active paper feeding and printing look like?,en,Printer,state,development,printer-014-scene-0007,printer-014,277.367,371.267,0,,,no,全部6帧（t=277.4s–371.3s）均为桌面上操作小型黑色墨盒/部件及胶带，无打印机本体，也无进纸或打印动作。,,R1,completed,2026-07-28T02:12:44+08:00
VQ-056,What does active paper feeding and printing look like?,en,Printer,state,development,printer-014-scene-0014,printer-014,599.333,704.0,0,,,no,同上，手工/视频结尾画面，无打印机或进纸打印活动。,,R1,completed,2026-07-28T02:12:44+08:00
VQ-056,What does active paper feeding and printing look like?,en,Printer,state,development,printer-014-scene-0020,printer-014,1108.3,1150.233,1,,,no,第5帧t=1141.8s显示手持打印好的Vi prepaid文档，证明已完成打印，但未展示纸张主动送入和打印的动态过程。,,R1,completed,2026-07-28T01:18:39+08:00
VQ-056,What does active paper feeding and printing look like?,en,Printer,state,development,printer-014-scene-0021,printer-014,1150.233,1218.7,3,1163.9,1205.0,no,第2–5帧（t=1163.9s–1205.0s）显示纸张从打印机出纸口送出并被手拿起印有'V! prepaid'的打印页，直接呈现了正在进纸打印的过程。,AI时间1150.233-1218.7→R1时间1163.9-1205.0，实际回答'正在进纸打印'的内容集中在纸张输出与取走打印页的第2–5帧。,R1,completed,2026-07-28T02:12:44+08:00
VQ-056,What does active paper feeding and printing look like?,en,Printer,state,development,printer-017-scene-0001,printer-017,0.0,5.0,1,,,no,6帧无纸张进给或打印动作，仅展示人物与打印机。,,R1,completed,2026-07-28T02:12:44+08:00
VQ-056,What does active paper feeding and printing look like?,en,Printer,state,development,printer-017-scene-0002,printer-017,5.0,15.0,0,,,no,6帧无主动进纸/打印画面。,,R1,completed,2026-07-28T02:12:44+08:00
VQ-056,What does active paper feeding and printing look like?,en,Printer,state,development,printer-017-scene-0003,printer-017,15.0,50.0,0,,,no,全部6帧（t=15.0–50.0s）为静态信息图标题卡，虽有打印机插图但无实际进纸/打印的动态画面。,AI=2→R1=0：全部6帧均为静态信息图标题卡，无实际进纸或打印的动态视频画面。,R1,completed,2026-07-28T02:12:44+08:00
VQ-056,What does active paper feeding and printing look like?,en,Printer,state,development,printer-020-scene-0002,printer-020,5.172,110.29,0,,,no,6帧只展示按键操作和文字说明，没有纸张实际进出打印机的画面。,AI=2→R1=0：画面只展示按键操作和文字说明，没有纸张实际进出打印机的画面。,R1,completed,2026-07-28T02:12:44+08:00
VQ-056,What does active paper feeding and printing look like?,en,Printer,state,development,printer-021-scene-0001,printer-021,0.0,46.367,3,9.3,46.367,no,第2帧（t=9.3s）手按控制面板Start按钮启动打印，第3-6帧（t=18.5–46.4s）清晰显示纸张从PIXMA出纸口连续输出，完整演示了进纸打印的动态过程。,AI时间0.0-46.367→R1时间9.3-46.4s（从按键启动到纸张输出的有效过程，第1帧仅为打印机顶部静态画面）。,R1,completed,2026-07-28T02:12:44+08:00
VQ-056,What does active paper feeding and printing look like?,en,Printer,state,development,printer-021-scene-0002,printer-021,46.367,108.417,1,,,no,第2、4帧（t=58.8s、83.6s）显示纸张已放入打印机进纸托盘，第3帧（t=71.2s）可见控制面板但无法辨识显示内容，其余帧过曝或为打印机顶盖，未见卡纸取出或墨盒操作。,AI=2→R1=1：画面仅显示纸张已放在进纸托盘中，未见实际进纸或打印动作。,R1,completed,2026-07-28T02:12:44+08:00
VQ-056,What does active paper feeding and printing look like?,en,Printer,state,development,printer-024-scene-0001,printer-024,0.0,172.406,0,,,no,6帧均展示拆机过程，无纸张进纸或打印图像持续输出的动态过程。,,R1,completed,2026-07-28T02:12:44+08:00
VQ-056,What does active paper feeding and printing look like?,en,Printer,state,development,printer-024-scene-0002,printer-024,172.406,380.247,0,,,no,6帧（t=172.4s–380.2s）为拆解打印机维修场景，无进纸或打印过程。,,R1,completed,2026-07-28T02:12:44+08:00
VQ-056,What does active paper feeding and printing look like?,en,Printer,state,development,printer-024-scene-0003,printer-024,380.247,389.656,3,380.247,389.656,no,t=380.2s至t=389.7s全程可见纸张在滚轮带动下穿过打印机内部机构，直接展示主动进纸和打印过程。,,R1,completed,2026-07-28T02:12:44+08:00
VQ-056,What does active paper feeding and printing look like?,en,Printer,state,development,printer-024-scene-0008,printer-024,841.941,848.43,0,,,no,全部6帧（t=841.9s–848.3s）均为橙色结束屏，显示订阅与联系邮箱文字，无任何打印机或进纸/打印画面。,,R1,completed,2026-07-28T02:12:44+08:00
VQ-056,What does active paper feeding and printing look like?,en,Printer,state,development,printer-028-scene-0001,printer-028,0.0,226.84,0,,,no,全部6帧均为黑色佳能打印机静态外观展示，第3帧（t=90.7s）有手指触碰控制面板按键，但未见任何操作演示、状态显示或内部组件。,AI=1→R1=0：画面为打印机静态外观，未见进纸或打印动作。,R1,completed,2026-07-28T02:12:44+08:00
VQ-056,What does active paper feeding and printing look like?,en,Printer,state,development,printer-030-scene-0004,printer-030,107.074,121.221,1,,,no,第2帧t=109.9s显示手持一张刚打印好的表格文档，打印机处于开机状态，但本场景实际演示的是扫描操作而非主动送纸打印过程。,AI=2->R1=1:场景实际演示扫描操作，虽展示打印结果文档但未显示主动送纸打印的过程。,R1,completed,2026-07-28T01:18:39+08:00
VQ-056,What does active paper feeding and printing look like?,en,Printer,state,development,printer-030-scene-0012,printer-030,238.005,247.814,3,238.005,247.8,no,全部6帧（t=238.0–247.8s）清晰呈现黑色Canon打印机正在从出纸托盘送出纸张，完整展示了进纸与打印的动态过程。,时间按实际证据片段重定位,R1,completed,2026-07-28T02:12:44+08:00
VQ-056,What does active paper feeding and printing look like?,en,Printer,state,development,printer-031-scene-0001,printer-031,0.0,26.0,0,,,no,同上，纯讲解画面，无人操作打印机，无进纸或打印活动。,,R1,completed,2026-07-28T02:12:44+08:00
VQ-056,What does active paper feeding and printing look like?,en,Printer,state,development,printer-031-scene-0002,printer-031,26.0,69.733,0,,,no,全部6帧（t=26.0s–69.7s）均为电脑屏幕显示Word/Windows桌面，未出现打印机本体、控制面板或任何硬件操作画面。,AI=3→R1=0：全部帧均为电脑屏幕/Word画面，未出现打印机进纸或打印动作。,R1,completed,2026-07-28T02:12:44+08:00
VQ-056,What does active paper feeding and printing look like?,en,Printer,state,development,printer-031-scene-0003,printer-031,69.733,179.267,0,,,no,全部6帧主要显示电脑屏幕、文件资源管理器及扫描设置界面，第5帧（t=157.4s）仅展示平板扫描仪上的纸张摆放，属于扫描而非打印/进纸动作，未出现打印机控制面板或硬件操作。,AI=3→R1=0：画面展示的是平板扫描仪扫描文件，不是打印机进纸/打印。,R1,completed,2026-07-28T02:12:44+08:00
VQ-056,What does active paper feeding and printing look like?,en,Printer,state,development,printer-033-scene-0001,printer-033,0.0,88.317,0,,,no,6帧只展示打印机静止外观与控制面板，没有进纸或打印动作。,AI=1→R1=0：6帧只展示打印机静止外观和控制面板，没有进纸或打印动作。,R1,completed,2026-07-28T02:12:44+08:00
VQ-056,What does active paper feeding and printing look like?,en,Printer,state,development,printer-033-scene-0002,printer-033,88.317,97.633,0,,,no,全6帧仅显示手在控制面板上按键，无任何进纸或打印活动发生。,AI=1→R1=0：画面只有控制面板按键，完全无进纸或打印动作。,R1,completed,2026-07-28T02:12:44+08:00
VQ-056,What does active paper feeding and printing look like?,en,Printer,state,development,printer-033-scene-0003,printer-033,97.633,99.983,1,,,no,6帧均为静态画面，无纸张进给或打印动作，仅展示打印机本体。,,R1,completed,2026-07-28T02:12:44+08:00
VQ-056,What does active paper feeding and printing look like?,en,Printer,state,development,printer-033-scene-0007,printer-033,540.983,730.5,3,578.9,692.6,no,t=578.9s纸张正从出纸口输出，t=692.6s输出托盘有纸张，清晰展示主动进纸和打印。,AI时间540.983-730.5→R1时间578.9-692.6，主动打印画面集中在该区间。,R1,completed,2026-07-28T02:12:44+08:00
VQ-057,打印机发生错误或缺纸时怎样显示？,zh-CN,Printer,state,development,printer-001-scene-0001,printer-001,0.0,33.81,0,,,no,画面显示打印机正常运行送纸，无任何错误或缺纸状态指示。,,R1,completed,2026-07-28T01:18:39+08:00
VQ-057,打印机发生错误或缺纸时怎样显示？,zh-CN,Printer,state,development,printer-003-scene-0001,printer-003,0.0,95.43,0,,,no,6帧为激光雕刻/切割机，没有打印机错误/缺纸显示。,,R1,completed,2026-07-28T02:12:44+08:00
VQ-057,打印机发生错误或缺纸时怎样显示？,zh-CN,Printer,state,development,printer-006-scene-0003,printer-006,14.262,19.066,1,,,no,6帧显示控制面板及手指按键，静态帧中未能观察到错误提示或缺纸指示的显示方式。,,R1,completed,2026-07-28T02:12:44+08:00
VQ-057,打印机发生错误或缺纸时怎样显示？,zh-CN,Printer,state,development,printer-006-scene-0004,printer-006,19.066,26.274,3,19.1,24.8,no,"第1-5帧（t=19.1s-24.8s）清晰显示电脑屏幕上的HP打印机错误对话框，包含""Falha do cartucho de tinta""等错误文本，直接演示了打印机错误的显示方式。",时间按实际证据片段重定位,R1,completed,2026-07-28T02:12:44+08:00
VQ-057,打印机发生错误或缺纸时怎样显示？,zh-CN,Printer,state,development,printer-006-scene-0021,printer-006,120.668,128.876,1,,,no,全部6帧（t=120.7s–128.9s）中ASR提到故障LED曾闪烁（错误状态），葡萄牙语字幕提示若失败则丢弃墨盒，控制面板可见；但画面未直观展示错误或缺纸时控制面板的具体显示方式（如LED闪烁模式/颜色）。,,R1,completed,2026-07-28T02:12:44+08:00
VQ-057,打印机发生错误或缺纸时怎样显示？,zh-CN,Printer,state,development,printer-006-scene-0027,printer-006,151.098,155.74,0,,,no,"全部6帧均为蓝色背景上的""valejet tv""频道标志，没有任何打印机或错误显示内容。",,R1,completed,2026-07-28T02:12:44+08:00
VQ-057,打印机发生错误或缺纸时怎样显示？,zh-CN,Printer,state,development,printer-014-scene-0001,printer-014,0.0,26.633,1,,,no,6帧显示打印机及顶部加墨说明贴纸，控制面板未展示错误或缺纸显示状态。,,R1,completed,2026-07-28T02:12:44+08:00
VQ-057,打印机发生错误或缺纸时怎样显示？,zh-CN,Printer,state,development,printer-014-scene-0004,printer-014,58.433,146.767,0,,,no,6帧均展示一台蓝黑打印机及打开墨盒仓操作手部动作，但没有任何屏幕、指示灯或弹窗显示错误/缺纸状态。,,R1,completed,2026-07-28T02:12:44+08:00
VQ-057,打印机发生错误或缺纸时怎样显示？,zh-CN,Printer,state,development,printer-014-scene-0005,printer-014,146.767,151.267,0,,,no,全部6帧（t=146.8s–151.3s）均为打印机内部墨盒区域特写，未显示任何错误、缺纸指示灯或屏幕提示。,,R1,completed,2026-07-28T02:12:44+08:00
VQ-057,打印机发生错误或缺纸时怎样显示？,zh-CN,Printer,state,development,printer-014-scene-0006,printer-014,151.267,277.367,0,,,no,全部6帧（t=151.3s–277.4s）近距离展示打印机墨盒舱内部，可见手按压并取出墨盒，属于墨盒更换/维护操作；未见进纸托盘、控制面板或卡纸处理画面。,,R1,completed,2026-07-28T02:12:44+08:00
VQ-057,打印机发生错误或缺纸时怎样显示？,zh-CN,Printer,state,development,printer-014-scene-0021,printer-014,1150.233,1218.7,0,,,no,6帧中打印机正常出纸，没有错误提示、缺纸提示或故障画面。,,R1,completed,2026-07-28T02:12:44+08:00
VQ-057,打印机发生错误或缺纸时怎样显示？,zh-CN,Printer,state,development,printer-017-scene-0001,printer-017,0.0,5.0,1,,,no,标题卡提示卡纸错误主题，但未展示错误或缺纸时控制面板的具体显示内容。,AI=2→R1=1：标题卡仅提示卡纸主题，未展示错误/缺纸时的具体显示。,R1,completed,2026-07-28T02:12:44+08:00
VQ-057,打印机发生错误或缺纸时怎样显示？,zh-CN,Printer,state,development,printer-017-scene-0002,printer-017,5.0,15.0,1,,,no,t=5.0s-9.0s幻灯片解释卡纸原因，t=11.0s-13.0s演示断电，均未展示错误/缺纸时控制面板的显示方式。,AI=2→R1=1：幻灯片仅说明卡纸原因及断电，未展示错误/缺纸的显示方式。,R1,completed,2026-07-28T02:12:44+08:00
VQ-057,打印机发生错误或缺纸时怎样显示？,zh-CN,Printer,state,development,printer-017-scene-0003,printer-017,15.0,50.0,0,,,no,全部6帧（t=15.0–50.0s）标题卡内容围绕卡纸清除步骤，未展示打印机错误或缺纸时控制面板的具体显示状态。,AI=2→R1=0：标题卡内容为卡纸清除步骤说明，未展示错误或缺纸状态的控制面板显示。,R1,completed,2026-07-28T02:12:44+08:00
VQ-057,打印机发生错误或缺纸时怎样显示？,zh-CN,Printer,state,development,printer-020-scene-0001,printer-020,0.0,5.172,1,,,no,全部6帧（t=0.0s–5.2s）文字叠加层提及'Error 5B00'错误，打印机产品出现且有错误上下文；但控制面板本身只显示绿色电源灯常亮，并未演示错误或缺纸时面板如何显示（如闪烁灯/错误代码等）。,,R1,completed,2026-07-28T02:12:44+08:00
VQ-057,打印机发生错误或缺纸时怎样显示？,zh-CN,Printer,state,development,printer-020-scene-0002,printer-020,5.172,110.29,0,,,no,6帧没有出现控制面板错误/缺纸显示内容，只有重置按键步骤。,AI=2→R1=0：没有出现控制面板错误/缺纸显示内容，只有重置按键步骤。,R1,completed,2026-07-28T02:12:44+08:00
VQ-057,打印机发生错误或缺纸时怎样显示？,zh-CN,Printer,state,development,printer-021-scene-0001,printer-021,0.0,46.367,0,,,no,全部6帧（t=0.1–46.4s）显示打印机正常操作（按键后出纸），无错误代码、缺纸提示或异常状态显示。,AI=2→R1=0：画面显示打印机正常操作（按键后出纸），无任何错误或缺纸状态的显示证据。,R1,completed,2026-07-28T02:12:44+08:00
VQ-057,打印机发生错误或缺纸时怎样显示？,zh-CN,Printer,state,development,printer-021-scene-0002,printer-021,46.367,108.417,1,,,no,第2、4帧（t=58.8s、83.6s）显示纸张已放入打印机进纸托盘，第3帧（t=71.2s）可见控制面板但无法辨识显示内容，其余帧过曝或为打印机顶盖，未见卡纸取出或墨盒操作。,,R1,completed,2026-07-28T02:12:44+08:00
VQ-057,打印机发生错误或缺纸时怎样显示？,zh-CN,Printer,state,development,printer-021-scene-0003,printer-021,108.417,154.467,0,,,no,6帧均显示拆解的打印机内部组件，未出现控制面板错误提示或缺纸显示。,,R1,completed,2026-07-28T02:12:44+08:00
VQ-057,打印机发生错误或缺纸时怎样显示？,zh-CN,Printer,state,development,printer-024-scene-0001,printer-024,0.0,172.406,0,,,no,画面为拆解维修场景，无错误指示灯、缺纸提示等显示内容。,,R1,completed,2026-07-28T02:12:44+08:00
VQ-057,打印机发生错误或缺纸时怎样显示？,zh-CN,Printer,state,development,printer-024-scene-0002,printer-024,172.406,380.247,0,,,no,6帧（t=172.4s–380.2s）为拆解打印机维修场景，无错误提示或缺纸状态的显示或说明。,,R1,completed,2026-07-28T02:12:44+08:00
VQ-057,打印机发生错误或缺纸时怎样显示？,zh-CN,Printer,state,development,printer-024-scene-0003,printer-024,380.247,389.656,0,,,no,6帧无错误提示、缺纸指示或控制面板报错。,,R1,completed,2026-07-28T02:12:44+08:00
VQ-057,打印机发生错误或缺纸时怎样显示？,zh-CN,Printer,state,development,printer-024-scene-0004,printer-024,389.656,396.029,0,,,no,6帧画面严重模糊抖动，无法辨认任何错误提示、缺纸指示或具体显示状态。,,R1,completed,2026-07-28T02:12:44+08:00
VQ-057,打印机发生错误或缺纸时怎样显示？,zh-CN,Printer,state,development,printer-024-scene-0005,printer-024,396.029,684.551,0,,,no,全6帧为拆解维修画面，无显示屏或错误/缺纸指示灯状态可见。,,R1,completed,2026-07-28T02:12:44+08:00
VQ-057,打印机发生错误或缺纸时怎样显示？,zh-CN,Printer,state,development,printer-028-scene-0001,printer-028,0.0,226.84,0,,,no,全部6帧均为黑色佳能打印机静态外观展示，第3帧（t=90.7s）有手指触碰控制面板按键，但未见任何操作演示、状态显示或内部组件。,,R1,completed,2026-07-28T02:12:44+08:00
VQ-057,打印机发生错误或缺纸时怎样显示？,zh-CN,Printer,state,development,printer-030-scene-0002,printer-030,46.079,49.149,0,,,no,全部6帧（t=46.1s–49.2s）均为黑色背景上的'Sunil Maurya's SM TECHNO GURU'标题卡，无任何打印机、错误提示或缺纸显示。,,R1,completed,2026-07-28T02:12:44+08:00
VQ-057,打印机发生错误或缺纸时怎样显示？,zh-CN,Printer,state,development,printer-030-scene-0004,printer-030,107.074,121.221,0,,,no,打印机正常运行中，无错误或缺纸状态的视觉表现。,,R1,completed,2026-07-28T01:18:39+08:00
VQ-057,打印机发生错误或缺纸时怎样显示？,zh-CN,Printer,state,development,printer-030-scene-0012,printer-030,238.005,247.814,0,,,no,全部6帧（t=238.0–247.8s）显示打印机正常出纸工作，无任何错误指示灯、缺纸提示或异常状态显示。,AI=2→R1=0：画面显示打印机正常出纸运行中，无错误状态或缺纸提示的视觉证据，ASR虽提到灯闪烁但画面无对应表现。,R1,completed,2026-07-28T02:12:44+08:00
VQ-057,打印机发生错误或缺纸时怎样显示？,zh-CN,Printer,state,development,printer-031-scene-0002,printer-031,26.0,69.733,0,,,no,全部6帧（t=26.0s–69.7s）均为电脑屏幕显示Word/Windows桌面，未出现打印机本体、控制面板或任何硬件操作画面。,AI=1→R1=0,R1,completed,2026-07-28T02:12:44+08:00
VQ-057,打印机发生错误或缺纸时怎样显示？,zh-CN,Printer,state,development,printer-031-scene-0003,printer-031,69.733,179.267,0,,,no,全部6帧主要显示电脑屏幕、文件资源管理器及扫描设置界面，第5帧（t=157.4s）仅展示平板扫描仪上的纸张摆放，属于扫描而非打印/进纸动作，未出现打印机控制面板或硬件操作。,AI=1→R1=0,R1,completed,2026-07-28T02:12:44+08:00
VQ-057,打印机发生错误或缺纸时怎样显示？,zh-CN,Printer,state,development,printer-031-scene-0005,printer-031,287.033,300.58,0,,,no,全部6帧（t=287.0s–300.6s）为电脑桌面操作和视频结尾画面，无打印机错误或缺纸状态的任何显示。,,R1,completed,2026-07-28T02:12:44+08:00
VQ-057,打印机发生错误或缺纸时怎样显示？,zh-CN,Printer,state,development,printer-032-scene-0001,printer-032,0.0,348.79,1,,,no,控制面板可见，但画面未展示错误或缺纸时的具体显示/指示灯状态。,,R1,completed,2026-07-28T02:12:44+08:00
VQ-057,打印机发生错误或缺纸时怎样显示？,zh-CN,Printer,state,development,printer-033-scene-0001,printer-033,0.0,88.317,1,,,no,6帧能看到控制面板，但显示屏内容无法辨认，不能确认实际显示错误代码；仅有语音提及E03，无法以画面直接回答'怎样显示'。,AI=2→R1=1：控制面板小显示屏内容无法辨认，不能确认实际显示了E03等错误代码，仅能看到面板存在。,R1,completed,2026-07-28T02:12:44+08:00
VQ-057,打印机发生错误或缺纸时怎样显示？,zh-CN,Printer,state,development,printer-033-scene-0002,printer-033,88.317,97.633,2,88.317,97.6,no,全6帧（t=88.3s–97.6s）显示手在Canon PIXMA控制面板上操作，OCR检出'G2012 Stop'文字，结合ASR提及的错误处理语境，展示了打印机错误/停止状态的显示情形。,时间按实际证据片段重定位,R1,completed,2026-07-28T02:12:44+08:00
VQ-057,打印机发生错误或缺纸时怎样显示？,zh-CN,Printer,state,development,printer-033-scene-0003,printer-033,97.633,99.983,0,,,no,6帧均无错误提示、缺纸图标或控制面板报错显示。,,R1,completed,2026-07-28T02:12:44+08:00
VQ-057,打印机发生错误或缺纸时怎样显示？,zh-CN,Printer,state,development,printer-033-scene-0004,printer-033,99.983,117.083,0,,,no,同上，无显示屏或错误/缺纸状态指示。,,R1,completed,2026-07-28T02:12:44+08:00
VQ-057,打印机发生错误或缺纸时怎样显示？,zh-CN,Printer,state,development,printer-033-scene-0007,printer-033,540.983,730.5,0,,,no,6帧无错误/缺纸显示或指示灯报错。,,R1,completed,2026-07-28T02:12:44+08:00
VQ-058,Where are the input tray and paper guides on a printer?,en,Printer,component,development,printer-001-scene-0001,printer-001,0.0,33.81,0,,,no,仅显示打印机内部送纸机构，进纸托盘和导纸板均不可见。,,R1,completed,2026-07-28T01:18:39+08:00
VQ-058,Where are the input tray and paper guides on a printer?,en,Printer,component,development,printer-003-scene-0001,printer-003,0.0,95.43,0,,,no,6帧为激光雕刻/切割机，没有进纸托盘或导纸板。,,R1,completed,2026-07-28T02:12:44+08:00
VQ-058,Where are the input tray and paper guides on a printer?,en,Printer,component,development,printer-006-scene-0002,printer-006,5.019,14.262,0,,,no,全部6帧（t=5.0–14.3s）仅显示男子在桌前讲解，无打印机出现，无法看到进纸托盘或导板位置。,,R1,completed,2026-07-28T02:12:44+08:00
VQ-058,Where are the input tray and paper guides on a printer?,en,Printer,component,development,printer-006-scene-0003,printer-006,14.262,19.066,0,,,no,6帧仅显示打印机控制面板局部，未出现进纸盒或纸张导板。,,R1,completed,2026-07-28T02:12:44+08:00
VQ-058,Where are the input tray and paper guides on a printer?,en,Printer,component,development,printer-006-scene-0006,printer-006,28.876,37.485,1,,,no,全部6帧（t=28.9s–37.5s）连续展示戴黑手套者打开黑色打印机前盖并插入墨盒的过程，但未明确展示关闭盖板或断电安全提示。,"第三轮仲裁修正：R1原记录 等级=0 时间=[None,None] 泄漏=no → 仲裁 等级=1 时间=[None,None] 泄漏=no。理由：6帧中打印机产品清晰可见并被操作，但未展示进纸托盘及纸导位置，产品出现但不回答query，采纳复核方1级意见。",R1,completed,2026-07-28T20:35:21+08:00
VQ-058,Where are the input tray and paper guides on a printer?,en,Printer,component,development,printer-006-scene-0024,printer-006,133.814,138.686,0,,,no,6帧只展示出纸口，没有展示进纸托盘和导纸板位置。,AI=1→R1=0：画面只展示出纸口，没有展示进纸托盘和导纸板位置。,R1,completed,2026-07-28T02:12:44+08:00
VQ-058,Where are the input tray and paper guides on a printer?,en,Printer,component,development,printer-006-scene-0026,printer-006,142.056,151.098,0,,,no,画面中只有一位男士、笔记本电脑和桌面工具，未出现打印机及其进纸托盘/导纸器。,,R1,completed,2026-07-28T02:12:44+08:00
VQ-058,Where are the input tray and paper guides on a printer?,en,Printer,component,development,printer-014-scene-0004,printer-014,58.433,146.767,0,,,no,画面仅呈现打印机外部及内部墨盒区域，未出现进纸托盘（input tray）或纸张导轨（paper guides）及其位置。,,R1,completed,2026-07-28T02:12:44+08:00
VQ-058,Where are the input tray and paper guides on a printer?,en,Printer,component,development,printer-014-scene-0006,printer-014,151.267,277.367,0,,,no,全部6帧（t=151.3s–277.4s）近距离展示打印机墨盒舱内部，可见手按压并取出墨盒，属于墨盒更换/维护操作；未见进纸托盘、控制面板或卡纸处理画面。,,R1,completed,2026-07-28T02:12:44+08:00
VQ-058,Where are the input tray and paper guides on a printer?,en,Printer,component,development,printer-014-scene-0007,printer-014,277.367,371.267,0,,,no,全部6帧（t=277.4s–371.3s）均为桌面上操作小型黑色墨盒/部件及胶带，无打印机本体，因此不存在进纸托盘或纸导板。,,R1,completed,2026-07-28T02:12:44+08:00
VQ-058,Where are the input tray and paper guides on a printer?,en,Printer,component,development,printer-014-scene-0014,printer-014,599.333,704.0,0,,,no,同上，无打印机或进纸托盘/导纸板组件可见。,,R1,completed,2026-07-28T02:12:44+08:00
VQ-058,Where are the input tray and paper guides on a printer?,en,Printer,component,development,printer-014-scene-0019,printer-014,1068.333,1108.3,0,,,no,全部6帧（t=1068.3–1108.3s）聚焦于打印机内部墨盒舱区域和墨盒操作，未展示进纸托盘或纸张导板的位置。,,R1,completed,2026-07-28T02:12:44+08:00
VQ-058,Where are the input tray and paper guides on a printer?,en,Printer,component,development,printer-014-scene-0020,printer-014,1108.3,1150.233,1,,,no,打印机整体可见但进纸托盘和导纸板位置不清晰。,,R1,completed,2026-07-28T01:18:39+08:00
VQ-058,Where are the input tray and paper guides on a printer?,en,Printer,component,development,printer-014-scene-0021,printer-014,1150.233,1218.7,0,,,no,6帧只展示出纸口与输出纸张，没有展示进纸托盘和导纸板位置。,AI=1→R1=0：画面只呈现打印机出纸口与输出纸张，没有展示进纸托盘及导纸板位置。,R1,completed,2026-07-28T02:12:44+08:00
VQ-058,Where are the input tray and paper guides on a printer?,en,Printer,component,development,printer-017-scene-0001,printer-017,0.0,5.0,1,,,no,6帧未展示进纸盒或纸张导轨的位置。,,R1,completed,2026-07-28T02:12:44+08:00
VQ-058,Where are the input tray and paper guides on a printer?,en,Printer,component,development,printer-017-scene-0002,printer-017,5.0,15.0,0,,,no,6帧幻灯片均未展示进纸盒或纸张导轨的位置。,AI=1→R1=0：6帧均未展示进纸盒或纸张导轨。,R1,completed,2026-07-28T02:12:44+08:00
VQ-058,Where are the input tray and paper guides on a printer?,en,Printer,component,development,printer-017-scene-0003,printer-017,15.0,50.0,0,,,no,第1帧和第6帧（t=15.0s/50.0s）标题卡'Step 2'文字提及'Extend Paper Tray'和调整纸张导板，但为静态插图说明而非实际指出位置的视频画面。,AI=3→R1=0：第1/6帧标题卡文字提及进纸托盘和导板，但为静态图文说明而非实际演示位置的视频画面。；来源泄漏由 yes 修正为 no：联系表未见检索方法、排名、分数或答案来源暴露,R1-spotcheck,completed,2026-07-28T09:46:50+08:00
VQ-058,Where are the input tray and paper guides on a printer?,en,Printer,component,development,printer-020-scene-0002,printer-020,5.172,110.29,0,,,no,6帧只展示控制面板，没有展示进纸托盘和导纸板位置。,,R1,completed,2026-07-28T02:12:44+08:00
VQ-058,Where are the input tray and paper guides on a printer?,en,Printer,component,development,printer-021-scene-0001,printer-021,0.0,46.367,1,,,no,6帧显示PIXMA打印机顶部和出纸区域，进纸托盘和导板不在画面范围内，仅能看到出纸托盘部分。,,R1,completed,2026-07-28T02:12:44+08:00
VQ-058,Where are the input tray and paper guides on a printer?,en,Printer,component,development,printer-021-scene-0002,printer-021,46.367,108.417,2,58.8,83.6,no,第2、4帧（t=58.8s、83.6s）显示纸张已放入打印机进纸托盘，第3帧（t=71.2s）可见控制面板但无法辨识显示内容，其余帧过曝或为打印机顶盖，未见卡纸取出或墨盒操作。,时间按实际证据片段重定位,R1,completed,2026-07-28T02:12:44+08:00
VQ-058,Where are the input tray and paper guides on a printer?,en,Printer,component,development,printer-024-scene-0001,printer-024,0.0,172.406,0,,,no,拆机画面中未呈现进纸盒与纸张导板的具体位置。,,R1,completed,2026-07-28T02:12:44+08:00
VQ-058,Where are the input tray and paper guides on a printer?,en,Printer,component,development,printer-024-scene-0003,printer-024,380.247,389.656,1,,,no,仅展示内部送纸机构，未展示外部进纸盒和纸张导轨。,,R1,completed,2026-07-28T02:12:44+08:00
VQ-058,Where are the input tray and paper guides on a printer?,en,Printer,component,development,printer-024-scene-0005,printer-024,396.029,684.551,0,,,no,全6帧为拆解状态，无进纸托盘（input tray）或导纸板（paper guides）可见。,,R1,completed,2026-07-28T02:12:44+08:00
VQ-058,Where are the input tray and paper guides on a printer?,en,Printer,component,development,printer-028-scene-0001,printer-028,0.0,226.84,0,,,no,全部6帧均为黑色佳能打印机静态外观展示，第3帧（t=90.7s）有手指触碰控制面板按键，但未见任何操作演示、状态显示或内部组件。,,R1,completed,2026-07-28T02:12:44+08:00
VQ-058,Where are the input tray and paper guides on a printer?,en,Printer,component,development,printer-030-scene-0004,printer-030,107.074,121.221,1,,,no,画面可见Canon打印机盖子打开、出纸托盘伸出，但进纸托盘和导纸板位置不清晰可见。,,R1,completed,2026-07-28T01:18:39+08:00
VQ-058,Where are the input tray and paper guides on a printer?,en,Printer,component,development,printer-030-scene-0012,printer-030,238.005,247.814,1,,,no,全部6帧（t=238.0–247.8s）可见Canon打印机的出纸托盘，但进纸托盘和纸张导板均不在画面范围内。,,R1,completed,2026-07-28T02:12:44+08:00
VQ-058,Where are the input tray and paper guides on a printer?,en,Printer,component,development,printer-031-scene-0002,printer-031,26.0,69.733,0,,,no,全部6帧（t=26.0s–69.7s）均为电脑屏幕显示Word/Windows桌面，未出现打印机本体、控制面板或任何硬件操作画面。,,R1,completed,2026-07-28T02:12:44+08:00
VQ-058,Where are the input tray and paper guides on a printer?,en,Printer,component,development,printer-031-scene-0003,printer-031,69.733,179.267,0,,,no,全部6帧主要显示电脑屏幕、文件资源管理器及扫描设置界面，第5帧（t=157.4s）仅展示平板扫描仪上的纸张摆放，属于扫描而非打印/进纸动作，未出现打印机控制面板或硬件操作。,AI=2→R1=0：场景为扫描设置与文件摆放，未展示打印机进纸托盘或导纸器。,R1,completed,2026-07-28T02:12:44+08:00
VQ-058,Where are the input tray and paper guides on a printer?,en,Printer,component,development,printer-031-scene-0005,printer-031,287.033,300.58,0,,,no,全部6帧（t=287.0s–300.6s）聚焦电脑屏幕桌面交互，未展示打印机进纸盘或导纸板的位置。,,R1,completed,2026-07-28T02:12:44+08:00
VQ-058,Where are the input tray and paper guides on a printer?,en,Printer,component,development,printer-033-scene-0001,printer-033,0.0,88.317,0,,,no,6帧未展示进纸托盘或导纸板的具体位置。,AI=2→R1=0：画面未展示进纸托盘或导纸板的具体位置。,R1,completed,2026-07-28T02:12:44+08:00
VQ-058,Where are the input tray and paper guides on a printer?,en,Printer,component,development,printer-033-scene-0003,printer-033,97.633,99.983,2,98.6,99.5,no,t=98.6s和t=99.5s可见打印机前部进纸盒位置，但未展示纸张导轨及其调整方式。,AI时间97.633-99.983→R1时间98.6-99.5，仅这两帧清晰呈现进纸盒位置。,R1,completed,2026-07-28T02:12:44+08:00
VQ-058,Where are the input tray and paper guides on a printer?,en,Printer,component,development,printer-033-scene-0006,printer-033,177.783,540.983,1,,,no,6帧展示打印机内部齿轮和机械组件的重组，可见部分塑料结构件但非进纸托盘或纸张导板。,,R1,completed,2026-07-28T02:12:44+08:00
VQ-058,Where are the input tray and paper guides on a printer?,en,Printer,component,development,printer-033-scene-0007,printer-033,540.983,730.5,0,,,no,6帧未展示进纸盒和纸张导轨。,,R1,completed,2026-07-28T02:12:44+08:00
VQ-059,打印机墨盒舱或硒鼓舱怎样打开？,zh-CN,Printer,component,development,printer-001-scene-0001,printer-001,0.0,33.81,0,,,no,画面中未见墨盒舱或硒鼓舱的打开操作。,,R1,completed,2026-07-28T01:18:39+08:00
VQ-059,打印机墨盒舱或硒鼓舱怎样打开？,zh-CN,Printer,component,development,printer-003-scene-0001,printer-003,0.0,95.43,0,,,no,6帧为激光雕刻/切割机，没有墨盒舱/硒鼓舱。,,R1,completed,2026-07-28T02:12:44+08:00
VQ-059,打印机墨盒舱或硒鼓舱怎样打开？,zh-CN,Printer,component,development,printer-006-scene-0006,printer-006,28.876,37.485,3,28.876,37.485,no,全部6帧（t=28.9s–37.5s）连续展示戴黑手套者打开黑色打印机前盖并插入墨盒的过程，但未明确展示关闭盖板或断电安全提示。,,R1,completed,2026-07-28T02:12:44+08:00
VQ-059,打印机墨盒舱或硒鼓舱怎样打开？,zh-CN,Printer,component,development,printer-006-scene-0014,printer-006,75.59,83.331,1,,,no,全部6帧（t=75.6s–83.3s）中墨盒已被从打印机取出并手持在手中操作，墨盒产品出现；但画面未演示如何打开墨盒舱/硒鼓舱的动作（墨盒已在手）。,AI=0→R1=1：墨盒产品清晰出现在画面中被手持操作，虽未演示打开舱门动作，但满足等级1'产品出现'。,R1,completed,2026-07-28T02:12:44+08:00
VQ-059,打印机墨盒舱或硒鼓舱怎样打开？,zh-CN,Printer,component,development,printer-006-scene-0019,printer-006,109.323,113.661,0,,,no,6帧均未展示墨盒舱或硒鼓舱的开启过程。,,R1,completed,2026-07-28T02:12:44+08:00
VQ-059,打印机墨盒舱或硒鼓舱怎样打开？,zh-CN,Printer,component,development,printer-014-scene-0006,printer-014,151.267,277.367,1,,,no,全部6帧（t=151.3s–277.4s）近距离展示打印机墨盒舱内部，可见手按压并取出墨盒，属于墨盒更换/维护操作；未见进纸托盘、控制面板或卡纸处理画面。,"AI=2→R1=3 | 第三轮仲裁修正：R1原记录 等级=3 时间=[151.267,277.367] 泄漏=no → 仲裁 等级=1 时间=[None,None] 泄漏=no。理由：全部6帧仅展示已打开的墨盒舱内部及其中墨盒，未演示打开舱门的动作过程，采纳复核方1级意见。",R1,completed,2026-07-28T20:35:21+08:00
VQ-059,打印机墨盒舱或硒鼓舱怎样打开？,zh-CN,Printer,component,development,printer-014-scene-0009,printer-014,404.267,454.233,1,,,no,6帧（t=404.3s–454.1s）显示用户在桌面上处理一个外置墨盒（灌墨/清洁/撬开外壳），主机本身始终未入画，看不到墨盒舱在打印机上怎么被打开。,,R1,completed,2026-07-28T02:12:44+08:00
VQ-059,打印机墨盒舱或硒鼓舱怎样打开？,zh-CN,Printer,component,development,printer-014-scene-0016,printer-014,809.3,980.5,1,,,no,墨盒已在桌面上被加注墨水，但未展示如何打开打印机墨盒舱来取出墨盒的过程。,AI=2->R1=1:画面中墨盒已在桌面被操作，未展示打开墨盒舱的步骤。,R1,completed,2026-07-28T01:18:39+08:00
VQ-059,打印机墨盒舱或硒鼓舱怎样打开？,zh-CN,Printer,component,development,printer-014-scene-0018,printer-014,1025.667,1068.333,1,,,no,第1帧（t=1025.7s）和第6帧（t=1068.4s）显示打印机正面打开、墨盒舱可见，但整段画面未演示墨盒舱的开启动作；第2–5帧（t=1034.2s–1059.8s）只显示手持墨盒在机外检查。,,R1,completed,2026-07-28T02:12:44+08:00
VQ-059,打印机墨盒舱或硒鼓舱怎样打开？,zh-CN,Printer,component,development,printer-014-scene-0019,printer-014,1068.333,1108.3,1,,,no,第1帧（t=1068.3s）显示HP Ink Tank打印机墨盒舱已经处于打开状态，但未展示如何打开舱门的操作过程。,,R1,completed,2026-07-28T02:12:44+08:00
VQ-059,打印机墨盒舱或硒鼓舱怎样打开？,zh-CN,Printer,component,development,printer-017-scene-0001,printer-017,0.0,5.0,0,,,no,6帧未展示墨盒舱或硒鼓舱及其开启方式。,,R1,completed,2026-07-28T02:12:44+08:00
VQ-059,打印机墨盒舱或硒鼓舱怎样打开？,zh-CN,Printer,component,development,printer-017-scene-0002,printer-017,5.0,15.0,0,,,no,6帧均未展示墨盒舱/硒鼓舱开启。,AI=1→R1=0,R1,completed,2026-07-28T02:12:44+08:00
VQ-059,打印机墨盒舱或硒鼓舱怎样打开？,zh-CN,Printer,component,development,printer-017-scene-0003,printer-017,15.0,50.0,0,,,no,第1帧和第6帧（t=15.0s/50.0s）标题卡'Step 2'文字提及'Open the front cover or lift the top'，但为静态信息图未实际演示打开动作。,AI=2→R1=0：标题卡文字提及打开前面板/顶盖的方式，但为静态信息图而非实际操作演示。；来源泄漏由 yes 修正为 no：联系表未见检索方法、排名、分数或答案来源暴露,R1-spotcheck,completed,2026-07-28T09:46:50+08:00
VQ-059,打印机墨盒舱或硒鼓舱怎样打开？,zh-CN,Printer,component,development,printer-020-scene-0001,printer-020,0.0,5.172,0,,,no,全部6帧（t=0.0s–5.2s）仅显示Canon G2000前面板（电源按钮和指示灯），未见墨盒舱或硒鼓舱的任何开启结构或动作。,,R1,completed,2026-07-28T02:12:44+08:00
VQ-059,打印机墨盒舱或硒鼓舱怎样打开？,zh-CN,Printer,component,development,printer-020-scene-0002,printer-020,5.172,110.29,0,,,no,6帧只展示控制面板按键，没有打开墨盒舱/硒鼓舱的动作。,AI=1→R1=0：画面只展示控制面板按键，没有打开墨盒舱/硒鼓舱的动作。,R1,completed,2026-07-28T02:12:44+08:00
VQ-059,打印机墨盒舱或硒鼓舱怎样打开？,zh-CN,Printer,component,development,printer-021-scene-0001,printer-021,0.0,46.367,0,,,no,全部6帧（t=0.1–46.4s）显示打印机外观和出纸操作，无打开墨盒舱或硒鼓舱的任何动作演示。,,R1,completed,2026-07-28T02:12:44+08:00
VQ-059,打印机墨盒舱或硒鼓舱怎样打开？,zh-CN,Printer,component,development,printer-021-scene-0002,printer-021,46.367,108.417,0,,,no,第2、4帧（t=58.8s、83.6s）显示纸张已放入打印机进纸托盘，第3帧（t=71.2s）可见控制面板但无法辨识显示内容，其余帧过曝或为打印机顶盖，未见卡纸取出或墨盒操作。,,R1,completed,2026-07-28T02:12:44+08:00
VQ-059,打印机墨盒舱或硒鼓舱怎样打开？,zh-CN,Printer,component,development,printer-021-scene-0003,printer-021,108.417,154.467,0,,,no,6帧均为打印机拆解维修画面，未出现墨盒舱或硒鼓舱及其开启方式。,,R1,completed,2026-07-28T02:12:44+08:00
VQ-059,打印机墨盒舱或硒鼓舱怎样打开？,zh-CN,Printer,component,development,printer-024-scene-0001,printer-024,0.0,172.406,1,,,no,第2–5帧可见人员打开打印机上盖并暴露内部空间，但未明确展示墨盒舱/硒鼓舱的开启步骤。,,R1,completed,2026-07-28T02:12:44+08:00
VQ-059,打印机墨盒舱或硒鼓舱怎样打开？,zh-CN,Printer,component,development,printer-024-scene-0002,printer-024,172.406,380.247,1,,,no,6帧（t=172.4s–380.2s）中打印机已完全拆解敞开，内部结构暴露在工作台上，打印机产品出现于拆解维修上下文；但未演示打开墨盒舱/硒鼓舱的具体操作步骤（机器已是拆开状态）。,,R1,completed,2026-07-28T02:12:44+08:00
VQ-059,打印机墨盒舱或硒鼓舱怎样打开？,zh-CN,Printer,component,development,printer-024-scene-0005,printer-024,396.029,684.551,1,,,no,全6帧（t=453.7s–684.5s）显示已被深度拆解的Epson打印机及散落部件，墨盒区域因拆解而暴露但并未演示如何正常打开墨盒舱的用户操作步骤。,AI=2→R1=1：场景是深度拆解维修，非演示用户如何打开墨盒舱的正常操作步骤。,R1,completed,2026-07-28T02:12:44+08:00
VQ-059,打印机墨盒舱或硒鼓舱怎样打开？,zh-CN,Printer,component,development,printer-024-scene-0007,printer-024,763.663,841.941,0,,,no,同上，注射器维护操作画面，未演示打开墨盒舱的步骤。,,R1,completed,2026-07-28T02:12:44+08:00
VQ-059,打印机墨盒舱或硒鼓舱怎样打开？,zh-CN,Printer,component,development,printer-028-scene-0001,printer-028,0.0,226.84,0,,,no,全部6帧均为黑色佳能打印机静态外观展示，第3帧（t=90.7s）有手指触碰控制面板按键，但未见任何操作演示、状态显示或内部组件。,AI=1→R1=0：画面中未见打开墨盒舱的动作。,R1,completed,2026-07-28T02:12:44+08:00
VQ-059,打印机墨盒舱或硒鼓舱怎样打开？,zh-CN,Printer,component,development,printer-030-scene-0004,printer-030,107.074,121.221,0,,,no,未展示打开墨盒舱或硒鼓舱的操作。,,R1,completed,2026-07-28T01:18:39+08:00
VQ-059,打印机墨盒舱或硒鼓舱怎样打开？,zh-CN,Printer,component,development,printer-030-scene-0007,printer-030,180.781,183.15,0,,,no,全部6帧均为Windows桌面与Canon U Scan Utility扫描软件界面，未出现任何打印机实体及墨盒/硒鼓舱开启动作。,,R1,completed,2026-07-28T02:12:44+08:00
VQ-059,打印机墨盒舱或硒鼓舱怎样打开？,zh-CN,Printer,component,development,printer-030-scene-0012,printer-030,238.005,247.814,0,,,no,全部6帧（t=238.0–247.8s）显示打印机整机外观在出纸，无任何人手打开墨盒舱或硒鼓舱的操作。,,R1,completed,2026-07-28T02:12:44+08:00
VQ-059,打印机墨盒舱或硒鼓舱怎样打开？,zh-CN,Printer,component,development,printer-030-scene-0016,printer-030,310.711,314.414,0,,,no,6帧（t=310.7s–314.4s）全部为Windows桌面上的看图软件界面（缩略图列表），无任何打印机硬件或墨盒舱画面。,,R1,completed,2026-07-28T02:12:44+08:00
VQ-059,打印机墨盒舱或硒鼓舱怎样打开？,zh-CN,Printer,component,development,printer-031-scene-0001,printer-031,0.0,26.0,0,,,no,同上，无打印机实体或墨盒舱组件可见，更无打开操作。,,R1,completed,2026-07-28T02:12:44+08:00
VQ-059,打印机墨盒舱或硒鼓舱怎样打开？,zh-CN,Printer,component,development,printer-031-scene-0002,printer-031,26.0,69.733,0,,,no,全部6帧（t=26.0s–69.7s）均为电脑屏幕显示Word/Windows桌面，未出现打印机本体、控制面板或任何硬件操作画面。,,R1,completed,2026-07-28T02:12:44+08:00
VQ-059,打印机墨盒舱或硒鼓舱怎样打开？,zh-CN,Printer,component,development,printer-031-scene-0003,printer-031,69.733,179.267,0,,,no,全部6帧主要显示电脑屏幕、文件资源管理器及扫描设置界面，第5帧（t=157.4s）仅展示平板扫描仪上的纸张摆放，属于扫描而非打印/进纸动作，未出现打印机控制面板或硬件操作。,AI=1→R1=0,R1,completed,2026-07-28T02:12:44+08:00
VQ-059,打印机墨盒舱或硒鼓舱怎样打开？,zh-CN,Printer,component,development,printer-031-scene-0005,printer-031,287.033,300.58,0,,,no,全部6帧（t=287.0s–300.6s）为电脑桌面操作界面，无打开墨盒舱/硒鼓舱的任何操作。,,R1,completed,2026-07-28T02:12:44+08:00
VQ-059,打印机墨盒舱或硒鼓舱怎样打开？,zh-CN,Printer,component,development,printer-032-scene-0001,printer-032,0.0,348.79,0,,,no,6帧中未出现打开墨盒舱/硒鼓舱的动作。,,R1,completed,2026-07-28T02:12:44+08:00
VQ-059,打印机墨盒舱或硒鼓舱怎样打开？,zh-CN,Printer,component,development,printer-033-scene-0001,printer-033,0.0,88.317,0,,,no,6帧只展示打印机顶部/控制面板，没有打开墨盒舱/硒鼓舱的动作。,,R1,completed,2026-07-28T02:12:44+08:00
VQ-059,打印机墨盒舱或硒鼓舱怎样打开？,zh-CN,Printer,component,development,printer-033-scene-0002,printer-033,88.317,97.633,0,,,no,全6帧仅为控制面板按键操作，未涉及墨盒舱的开启。,,R1,completed,2026-07-28T02:12:44+08:00
VQ-059,打印机墨盒舱或硒鼓舱怎样打开？,zh-CN,Printer,component,development,printer-033-scene-0003,printer-033,97.633,99.983,0,,,no,6帧均未展示墨盒舱或硒鼓舱的开口、盖子或开启机构。,,R1,completed,2026-07-28T02:12:44+08:00
VQ-059,打印机墨盒舱或硒鼓舱怎样打开？,zh-CN,Printer,component,development,printer-033-scene-0004,printer-033,99.983,117.083,0,,,no,同上，拆解零件画面，无墨盒舱或开启操作。,,R1,completed,2026-07-28T02:12:44+08:00
VQ-059,打印机墨盒舱或硒鼓舱怎样打开？,zh-CN,Printer,component,development,printer-033-scene-0005,printer-033,117.083,177.783,0,,,no,6帧只呈现拆解的打印机内部结构，没有打开或展示墨盒舱/硒鼓舱的画面。,,R1,completed,2026-07-28T02:12:44+08:00
VQ-059,打印机墨盒舱或硒鼓舱怎样打开？,zh-CN,Printer,component,development,printer-033-scene-0006,printer-033,177.783,540.983,1,,,no,6帧展示打印机深度拆解后的机械组件组装（齿轮、滚筒等），属于维修级拆解场景，未演示如何打开墨盒舱或硒鼓舱。,,R1,completed,2026-07-28T02:12:44+08:00
VQ-059,打印机墨盒舱或硒鼓舱怎样打开？,zh-CN,Printer,component,development,printer-033-scene-0007,printer-033,540.983,730.5,0,,,no,6帧未展示墨盒舱/硒鼓舱开启。,,R1,completed,2026-07-28T02:12:44+08:00
VQ-060,Where is the rear paper-jam access area on a printer?,en,Printer,component,development,printer-001-scene-0001,printer-001,0.0,33.81,0,,,no,画面为打印机正面内部视角，后部卡纸入口不可见。,,R1,completed,2026-07-28T01:18:39+08:00
VQ-060,Where is the rear paper-jam access area on a printer?,en,Printer,component,development,printer-003-scene-0001,printer-003,0.0,95.43,0,,,no,6帧为激光雕刻/切割机，没有后部卡纸通道。,,R1,completed,2026-07-28T02:12:44+08:00
VQ-060,Where is the rear paper-jam access area on a printer?,en,Printer,component,development,printer-006-scene-0003,printer-006,14.262,19.066,0,,,no,6帧仅展示控制面板区域，未出现打印机后部卡纸取纸区域。,,R1,completed,2026-07-28T02:12:44+08:00
VQ-060,Where is the rear paper-jam access area on a printer?,en,Printer,component,development,printer-006-scene-0006,printer-006,28.876,37.485,1,,,no,全部6帧（t=28.9s–37.5s）连续展示戴黑手套者打开黑色打印机前盖并插入墨盒的过程，但未明确展示关闭盖板或断电安全提示。,"第三轮仲裁修正：R1原记录 等级=0 时间=[None,None] 泄漏=no → 仲裁 等级=1 时间=[None,None] 泄漏=no。理由：6帧展示打印机正面及前盖开启操作，但未展示后部卡纸访问区域，产品出现但不回答query，采纳复核方1级意见。",R1,completed,2026-07-28T20:35:21+08:00
VQ-060,Where is the rear paper-jam access area on a printer?,en,Printer,component,development,printer-006-scene-0014,printer-006,75.59,83.331,0,,,no,全部6帧（t=75.6s–83.3s）为手持墨盒清洁触点的近景，无打印机后部或卡纸访问区域的任何画面。,,R1,completed,2026-07-28T02:12:44+08:00
VQ-060,Where is the rear paper-jam access area on a printer?,en,Printer,component,development,printer-006-scene-0017,printer-006,92.239,103.484,0,,,no,6帧（t=92.2s–103.5s）均为戴黑手套的手在黄色桌面上用白布擦拭一个小墨盒状元件，无打印机机身或后部检修口。,,R1,completed,2026-07-28T02:12:44+08:00
VQ-060,Where is the rear paper-jam access area on a printer?,en,Printer,component,development,printer-006-scene-0024,printer-006,133.814,138.686,0,,,no,6帧只展示出纸过程，没有后部卡纸通道入口。,,R1,completed,2026-07-28T02:12:44+08:00
VQ-060,Where is the rear paper-jam access area on a printer?,en,Printer,component,development,printer-014-scene-0002,printer-014,26.633,44.067,0,,,no,6帧（t=26.6s–44.1s）全部为一张'ON DUTY / Pay Nearby'海报和指向海报的手指，无任何打印机、机身或后部卡纸检修口画面。,,R1,completed,2026-07-28T02:12:44+08:00
VQ-060,Where is the rear paper-jam access area on a printer?,en,Printer,component,development,printer-014-scene-0004,printer-014,58.433,146.767,0,,,no,所有帧都围绕打印机正面/顶部墨盒仓，未展示后部（rear）纸张卡塞取出口或相关组件。,,R1,completed,2026-07-28T02:12:44+08:00
VQ-060,Where is the rear paper-jam access area on a printer?,en,Printer,component,development,printer-014-scene-0005,printer-014,146.767,151.267,0,,,no,全部6帧显示打印机内部前方墨盒区域，未展示后部卡纸通道或后盖。,,R1,completed,2026-07-28T02:12:44+08:00
VQ-060,Where is the rear paper-jam access area on a printer?,en,Printer,component,development,printer-014-scene-0006,printer-014,151.267,277.367,0,,,no,全部6帧（t=151.3s–277.4s）近距离展示打印机墨盒舱内部，可见手按压并取出墨盒，属于墨盒更换/维护操作；未见进纸托盘、控制面板或卡纸处理画面。,,R1,completed,2026-07-28T02:12:44+08:00
VQ-060,Where is the rear paper-jam access area on a printer?,en,Printer,component,development,printer-014-scene-0009,printer-014,404.267,454.233,0,,,no,全部6帧仅显示桌面上的墨盒组件和灌墨操作，完全没有打印机机身，更无后部卡纸检修口的画面。,,R1,completed,2026-07-28T02:12:44+08:00
VQ-060,Where is the rear paper-jam access area on a printer?,en,Printer,component,development,printer-017-scene-0001,printer-017,0.0,5.0,1,,,no,标题卡为卡纸指南，但6帧均未展示后部卡纸通道。,,R1,completed,2026-07-28T02:12:44+08:00
VQ-060,Where is the rear paper-jam access area on a printer?,en,Printer,component,development,printer-017-scene-0002,printer-017,5.0,15.0,0,,,no,6帧均未展示后部卡纸通道或相关位置。,AI=2→R1=0：6帧均未展示后部卡纸通道。,R1,completed,2026-07-28T02:12:44+08:00
VQ-060,Where is the rear paper-jam access area on a printer?,en,Printer,component,development,printer-017-scene-0003,printer-017,15.0,50.0,0,,,no,第1帧和第6帧（t=15.0s/50.0s）标题卡'Step 2'文字提及'Locate and open any rear access panels'，但为静态图文说明而非实际指出位置。,AI=3→R1=0：标题卡文字提及后方访问面板位置，但为静态信息图而非实际视频画面中指出位置。；来源泄漏由 yes 修正为 no：联系表未见检索方法、排名、分数或答案来源暴露,R1-spotcheck,completed,2026-07-28T09:46:50+08:00
VQ-060,Where is the rear paper-jam access area on a printer?,en,Printer,component,development,printer-020-scene-0001,printer-020,0.0,5.172,0,,,no,全部6帧（t=0.0s–5.2s）均为Canon G2000前面板视角，第6帧（t=5.2s）显示侧面控制面板，均未展示打印机后部或卡纸访问区域。,,R1,completed,2026-07-28T02:12:44+08:00
VQ-060,Where is the rear paper-jam access area on a printer?,en,Printer,component,development,printer-020-scene-0002,printer-020,5.172,110.29,0,,,no,6帧只展示控制面板，没有后部卡纸通道入口。,,R1,completed,2026-07-28T02:12:44+08:00
VQ-060,Where is the rear paper-jam access area on a printer?,en,Printer,component,development,printer-021-scene-0001,printer-021,0.0,46.367,1,,,no,6帧显示PIXMA打印机正面和顶部，未展示打印机背面或后方卡纸访问区域；ASR虽提及卡纸但画面无对应位置指示。,,R1,completed,2026-07-28T02:12:44+08:00
VQ-060,Where is the rear paper-jam access area on a printer?,en,Printer,component,development,printer-021-scene-0002,printer-021,46.367,108.417,0,,,no,第2、4帧（t=58.8s、83.6s）显示纸张已放入打印机进纸托盘，第3帧（t=71.2s）可见控制面板但无法辨识显示内容，其余帧过曝或为打印机顶盖，未见卡纸取出或墨盒操作。,,R1,completed,2026-07-28T02:12:44+08:00
VQ-060,Where is the rear paper-jam access area on a printer?,en,Printer,component,development,printer-021-scene-0003,printer-021,108.417,154.467,0,,,no,6帧仅展示拆解后的打印机内部零件，未明确指向或展示后部卡纸取纸区域。,AI=1→R1=0：画面仅有拆解后的内部零件，没有清晰展示后部卡纸取纸区域的位置。,R1,completed,2026-07-28T02:12:44+08:00
VQ-060,Where is the rear paper-jam access area on a printer?,en,Printer,component,development,printer-024-scene-0001,printer-024,0.0,172.406,0,,,no,拆机画面中未显示打印机后部卡纸通道或后盖位置。,AI=1→R1=0,R1,completed,2026-07-28T02:12:44+08:00
VQ-060,Where is the rear paper-jam access area on a printer?,en,Printer,component,development,printer-024-scene-0002,printer-024,172.406,380.247,1,,,no,6帧（t=172.4s–380.2s）展示拆解的打印机，机器内部暴露，打印机产品出现；但未指出或标注后部卡纸访问区域的具体位置。,,R1,completed,2026-07-28T02:12:44+08:00
VQ-060,Where is the rear paper-jam access area on a printer?,en,Printer,component,development,printer-024-scene-0003,printer-024,380.247,389.656,1,,,no,6帧均未展示打印机后部卡纸通道。,,R1,completed,2026-07-28T02:12:44+08:00
VQ-060,Where is the rear paper-jam access area on a printer?,en,Printer,component,development,printer-024-scene-0005,printer-024,396.029,684.551,0,,,no,全6帧为拆解维修画面，无后部卡纸访问口（rear paper-jam access area）可见。,,R1,completed,2026-07-28T02:12:44+08:00
VQ-060,Where is the rear paper-jam access area on a printer?,en,Printer,component,development,printer-028-scene-0001,printer-028,0.0,226.84,0,,,no,全部6帧均为黑色佳能打印机静态外观展示，第3帧（t=90.7s）有手指触碰控制面板按键，但未见任何操作演示、状态显示或内部组件。,,R1,completed,2026-07-28T02:12:44+08:00
VQ-060,Where is the rear paper-jam access area on a printer?,en,Printer,component,development,printer-030-scene-0004,printer-030,107.074,121.221,0,,,no,画面为打印机正面视角，后部卡纸入口不可见。,,R1,completed,2026-07-28T01:18:39+08:00
VQ-060,Where is the rear paper-jam access area on a printer?,en,Printer,component,development,printer-030-scene-0012,printer-030,238.005,247.814,0,,,no,全部6帧（t=238.0–247.8s）仅显示打印机正面和出纸口，未展示打印机背面或后方卡纸访问区域。,,R1,completed,2026-07-28T02:12:44+08:00
VQ-060,Where is the rear paper-jam access area on a printer?,en,Printer,component,development,printer-031-scene-0002,printer-031,26.0,69.733,0,,,no,全部6帧（t=26.0s–69.7s）均为电脑屏幕显示Word/Windows桌面，未出现打印机本体、控制面板或任何硬件操作画面。,,R1,completed,2026-07-28T02:12:44+08:00
VQ-060,Where is the rear paper-jam access area on a printer?,en,Printer,component,development,printer-031-scene-0003,printer-031,69.733,179.267,0,,,no,全部6帧主要显示电脑屏幕、文件资源管理器及扫描设置界面，第5帧（t=157.4s）仅展示平板扫描仪上的纸张摆放，属于扫描而非打印/进纸动作，未出现打印机控制面板或硬件操作。,AI=1→R1=0,R1,completed,2026-07-28T02:12:44+08:00
VQ-060,Where is the rear paper-jam access area on a printer?,en,Printer,component,development,printer-031-scene-0005,printer-031,287.033,300.58,0,,,no,全部6帧（t=287.0s–300.6s）为电脑屏幕内容，无打印机后部或卡纸访问区域。,,R1,completed,2026-07-28T02:12:44+08:00
VQ-060,Where is the rear paper-jam access area on a printer?,en,Printer,component,development,printer-033-scene-0001,printer-033,0.0,88.317,0,,,no,6帧只展示打印机前部与顶部，没有后部卡纸通道入口。,AI=1→R1=0：画面仅展示打印机前部/顶部，没有后部卡纸通道入口。,R1,completed,2026-07-28T02:12:44+08:00
VQ-060,Where is the rear paper-jam access area on a printer?,en,Printer,component,development,printer-033-scene-0003,printer-033,97.633,99.983,1,,,no,6帧仅展示打印机前部和侧面，未展示后部卡纸通道或后盖。,,R1,completed,2026-07-28T02:12:44+08:00
VQ-060,Where is the rear paper-jam access area on a printer?,en,Printer,component,development,printer-033-scene-0004,printer-033,99.983,117.083,0,,,no,同上，无后部卡纸访问口可见。,,R1,completed,2026-07-28T02:12:44+08:00
VQ-060,Where is the rear paper-jam access area on a printer?,en,Printer,component,development,printer-033-scene-0007,printer-033,540.983,730.5,0,,,no,6帧未展示后部卡纸通道。,,R1,completed,2026-07-28T02:12:44+08:00
VQ-061,喷墨打印机怎样执行打印头清洗？,zh-CN,Printer,maintenance,development,printer-001-scene-0001,printer-001,0.0,33.81,0,,,no,无打印头清洗相关操作或说明。,,R1,completed,2026-07-28T01:18:39+08:00
VQ-061,喷墨打印机怎样执行打印头清洗？,zh-CN,Printer,maintenance,development,printer-003-scene-0001,printer-003,0.0,95.43,0,,,no,6帧为激光雕刻/切割机，没有打印头清洗操作。,,R1,completed,2026-07-28T02:12:44+08:00
VQ-061,喷墨打印机怎样执行打印头清洗？,zh-CN,Printer,maintenance,development,printer-006-scene-0003,printer-006,14.262,19.066,1,,,no,6帧显示手指按压控制面板按钮，但未演示喷墨打印机打印头清洗流程。,AI=0→R1=1：画面确实出现了打印机控制面板，虽无打印头清洗演示，但产品与查询相关。,R1,completed,2026-07-28T02:12:44+08:00
VQ-061,喷墨打印机怎样执行打印头清洗？,zh-CN,Printer,maintenance,development,printer-006-scene-0006,printer-006,28.876,37.485,1,,,no,全部6帧（t=28.9s–37.5s）连续展示戴黑手套者打开黑色打印机前盖并插入墨盒的过程，但未明确展示关闭盖板或断电安全提示。,"第三轮仲裁修正：R1原记录 等级=0 时间=[None,None] 泄漏=no → 仲裁 等级=1 时间=[None,None] 泄漏=no。理由：6帧展示打印机及墨盒操作，产品清晰可见，但未演示菜单或手动打印头清洗流程，采纳复核方1级意见。",R1,completed,2026-07-28T20:35:21+08:00
VQ-061,喷墨打印机怎样执行打印头清洗？,zh-CN,Printer,maintenance,development,printer-006-scene-0014,printer-006,75.59,83.331,1,,,no,全部6帧（t=75.6s–83.3s）显示对墨盒组件进行维护操作（清洁触点），属于喷墨打印机维护范畴；但具体动作是清洁而非打印头清洗程序。,AI=0→R1=1：墨盒（打印头相关组件）在画面中被操作维护，虽非打印头清洗但同产品维护上下文，给等级1。,R1,completed,2026-07-28T02:12:44+08:00
VQ-061,喷墨打印机怎样执行打印头清洗？,zh-CN,Printer,maintenance,development,printer-006-scene-0017,printer-006,92.239,103.484,1,,,no,6帧显示戴黑手套用白布擦拭紫色顶盖的墨盒状元件，但对象更像是墨盒而非打印头，且未演示通过打印机软件执行打印头清洗的标准流程。,AI=0→R1=1,R1,completed,2026-07-28T02:12:44+08:00
VQ-061,喷墨打印机怎样执行打印头清洗？,zh-CN,Printer,maintenance,development,printer-006-scene-0019,printer-006,109.323,113.661,0,,,no,画面仅展示清洗后的墨盒，未演示打印头清洗步骤或菜单。,,R1,completed,2026-07-28T02:12:44+08:00
VQ-061,喷墨打印机怎样执行打印头清洗？,zh-CN,Printer,maintenance,development,printer-006-scene-0024,printer-006,133.814,138.686,0,,,no,6帧只展示正常出纸，没有打印头清洗操作。,,R1,completed,2026-07-28T02:12:44+08:00
VQ-061,喷墨打印机怎样执行打印头清洗？,zh-CN,Printer,maintenance,development,printer-014-scene-0005,printer-014,146.767,151.267,1,,,no,第1–6帧（t=146.8s–151.3s）呈现喷墨打印机墨盒仓内部，第4–5帧有手伸向蓝色卡扣/墨盒，但未展示任何清洗打印头的操作或菜单。,,R1,completed,2026-07-28T02:12:44+08:00
VQ-061,喷墨打印机怎样执行打印头清洗？,zh-CN,Printer,maintenance,development,printer-014-scene-0006,printer-014,151.267,277.367,0,,,no,全部6帧（t=151.3s–277.4s）近距离展示打印机墨盒舱内部，可见手按压并取出墨盒，属于墨盒更换/维护操作；未见进纸托盘、控制面板或卡纸处理画面。,,R1,completed,2026-07-28T02:12:44+08:00
VQ-061,喷墨打印机怎样执行打印头清洗？,zh-CN,Printer,maintenance,development,printer-014-scene-0013,printer-014,537.5,599.333,1,,,no,6帧（t=537.5s–599.3s）显示戴手套的手在户外水龙头下冲洗一个深色小块（疑似墨盒/打印头），ASR也提到'water wash'，但该冲洗方式并非喷墨打印机内置'打印头清洗'流程的标准操作，且未出现打印机机身或软件菜单。,AI=0→R1=1,R1,completed,2026-07-28T02:12:44+08:00
VQ-061,喷墨打印机怎样执行打印头清洗？,zh-CN,Printer,maintenance,development,printer-014-scene-0016,printer-014,809.3,980.5,1,,,no,画面为墨水加注操作，不是打印头清洗流程。,AI=2->R1=1:加注墨水与打印头清洗是不同的维护操作。,R1,completed,2026-07-28T01:18:39+08:00
VQ-061,喷墨打印机怎样执行打印头清洗？,zh-CN,Printer,maintenance,development,printer-014-scene-0019,printer-014,1068.333,1108.3,0,,,no,全部6帧（t=1068.3–1108.3s）展示墨盒安装操作，无打印头清洗程序或相关维护动作。,,R1,completed,2026-07-28T02:12:44+08:00
VQ-061,喷墨打印机怎样执行打印头清洗？,zh-CN,Printer,maintenance,development,printer-017-scene-0001,printer-017,0.0,5.0,0,,,no,6帧无打印头清洗动作、菜单或说明。,,R1,completed,2026-07-28T02:12:44+08:00
VQ-061,喷墨打印机怎样执行打印头清洗？,zh-CN,Printer,maintenance,development,printer-017-scene-0002,printer-017,5.0,15.0,0,,,no,6帧无打印头清洗内容。,,R1,completed,2026-07-28T02:12:44+08:00
VQ-061,喷墨打印机怎样执行打印头清洗？,zh-CN,Printer,maintenance,development,printer-017-scene-0003,printer-017,15.0,50.0,0,,,no,全部6帧（t=15.0–50.0s）标题卡内容围绕卡纸清除和纸张处理，未涉及喷墨打印头清洗程序。,,R1,completed,2026-07-28T02:12:44+08:00
VQ-061,喷墨打印机怎样执行打印头清洗？,zh-CN,Printer,maintenance,development,printer-020-scene-0001,printer-020,0.0,5.172,0,,,no,全部6帧（t=0.0s–5.2s）为Canon G2000前面板特写+错误重置文字叠加层，无任何打印头清洗相关的操作、菜单或说明。,,R1,completed,2026-07-28T02:12:44+08:00
VQ-061,喷墨打印机怎样执行打印头清洗？,zh-CN,Printer,maintenance,development,printer-020-scene-0002,printer-020,5.172,110.29,1,,,no,6帧展示Stop/Power按键维护步骤，但未明确出现打印头清洗功能或对应菜单。,,R1,completed,2026-07-28T02:12:44+08:00
VQ-061,喷墨打印机怎样执行打印头清洗？,zh-CN,Printer,maintenance,development,printer-021-scene-0001,printer-021,0.0,46.367,0,,,no,全部6帧（t=0.1–46.4s）显示打印机出纸操作，无打印头清洗程序或维护动作。,,R1,completed,2026-07-28T02:12:44+08:00
VQ-061,喷墨打印机怎样执行打印头清洗？,zh-CN,Printer,maintenance,development,printer-021-scene-0002,printer-021,46.367,108.417,0,,,no,第2、4帧（t=58.8s、83.6s）显示纸张已放入打印机进纸托盘，第3帧（t=71.2s）可见控制面板但无法辨识显示内容，其余帧过曝或为打印机顶盖，未见卡纸取出或墨盒操作。,,R1,completed,2026-07-28T02:12:44+08:00
VQ-061,喷墨打印机怎样执行打印头清洗？,zh-CN,Printer,maintenance,development,printer-021-scene-0003,printer-021,108.417,154.467,0,,,no,6帧均为拆解维修画面，未演示喷墨打印机打印头清洗操作。,,R1,completed,2026-07-28T02:12:44+08:00
VQ-061,喷墨打印机怎样执行打印头清洗？,zh-CN,Printer,maintenance,development,printer-021-scene-0006,printer-021,202.7,220.1,1,,,no,全部6帧（t=202.7s–220.1s）展示拆解打印机零件及双手操作机械部件（类似滚轴/齿轮轴），打印机产品处于维修上下文；但操作对象是机械传动件而非打印头，无清洗程序演示。,AI=0→R1=1：拆解的打印机零件清晰可见并在被操作，属打印机维修上下文，满足等级1'产品出现但不回答'。,R1,completed,2026-07-28T02:12:44+08:00
VQ-061,喷墨打印机怎样执行打印头清洗？,zh-CN,Printer,maintenance,development,printer-024-scene-0001,printer-024,0.0,172.406,1,,,uncertain,标题OCR含 cleaning head 字样，但6帧实际只展示拆机取件，未出现清洗喷头液或清洗动作。,AI=0→R1=1：同产品维护场景，画面拆解喷头相关部件但未演示清洗步骤。,R1,completed,2026-07-28T02:12:44+08:00
VQ-061,喷墨打印机怎样执行打印头清洗？,zh-CN,Printer,maintenance,development,printer-024-scene-0002,printer-024,172.406,380.247,1,,,no,6帧（t=172.4s–380.2s）显示拆解打印机及人员戴手套操作部件的维修场景，属打印机维护上下文；但无打印头清洗的具体操作演示。,,R1,completed,2026-07-28T02:12:44+08:00
VQ-061,喷墨打印机怎样执行打印头清洗？,zh-CN,Printer,maintenance,development,printer-024-scene-0005,printer-024,396.029,684.551,0,,,no,全6帧为拆解维修画面，无打印头清洗操作或说明。,,R1,completed,2026-07-28T02:12:44+08:00
VQ-061,喷墨打印机怎样执行打印头清洗？,zh-CN,Printer,maintenance,development,printer-024-scene-0007,printer-024,763.663,841.941,2,779.3,841.9,no,第2–5帧（t=779.3s–825.3s）显示戴手套者用注射器向打印机打印头/墨路组件注入液体，属于手动清洗维护操作，但未完整演示标准打印头清洗流程。,"第三轮仲裁修正：R1原记录 等级=1 时间=[None,None] 泄漏=no → 仲裁 等级=2 时间=[779.3,841.9] 泄漏=no。理由：第2-6帧清晰呈现戴手套者用注射器向Epson打印机打印头/墨路组件注入液体进行手动冲洗，属于打印头清洗的部分操作方式，采纳复核方2级及时间区间。",R1,completed,2026-07-28T20:35:21+08:00
VQ-061,喷墨打印机怎样执行打印头清洗？,zh-CN,Printer,maintenance,development,printer-028-scene-0001,printer-028,0.0,226.84,0,,,no,全部6帧均为黑色佳能打印机静态外观展示，第3帧（t=90.7s）有手指触碰控制面板按键，但未见任何操作演示、状态显示或内部组件。,,R1,completed,2026-07-28T02:12:44+08:00
VQ-061,喷墨打印机怎样执行打印头清洗？,zh-CN,Printer,maintenance,development,printer-030-scene-0002,printer-030,46.079,49.149,0,,,no,全部6帧（t=46.1s–49.2s）均为黑色背景上的标题卡，无打印机或打印头清洗相关内容。,,R1,completed,2026-07-28T02:12:44+08:00
VQ-061,喷墨打印机怎样执行打印头清洗？,zh-CN,Printer,maintenance,development,printer-030-scene-0004,printer-030,107.074,121.221,0,,,no,ASR讨论扫描操作，无打印头清洗内容。,,R1,completed,2026-07-28T01:18:39+08:00
VQ-061,喷墨打印机怎样执行打印头清洗？,zh-CN,Printer,maintenance,development,printer-030-scene-0012,printer-030,238.005,247.814,0,,,no,全部6帧（t=238.0–247.8s）显示打印机正常出纸，无打印头清洗程序或相关维护操作的任何迹象。,,R1,completed,2026-07-28T02:12:44+08:00
VQ-061,喷墨打印机怎样执行打印头清洗？,zh-CN,Printer,maintenance,development,printer-031-scene-0001,printer-031,0.0,26.0,0,,,no,同上，纯讲解画面，无打印头清洗相关操作。,,R1,completed,2026-07-28T02:12:44+08:00
VQ-061,喷墨打印机怎样执行打印头清洗？,zh-CN,Printer,maintenance,development,printer-031-scene-0002,printer-031,26.0,69.733,0,,,no,全部6帧（t=26.0s–69.7s）均为电脑屏幕显示Word/Windows桌面，未出现打印机本体、控制面板或任何硬件操作画面。,,R1,completed,2026-07-28T02:12:44+08:00
VQ-061,喷墨打印机怎样执行打印头清洗？,zh-CN,Printer,maintenance,development,printer-031-scene-0003,printer-031,69.733,179.267,0,,,no,全部6帧主要显示电脑屏幕、文件资源管理器及扫描设置界面，第5帧（t=157.4s）仅展示平板扫描仪上的纸张摆放，属于扫描而非打印/进纸动作，未出现打印机控制面板或硬件操作。,,R1,completed,2026-07-28T02:12:44+08:00
VQ-061,喷墨打印机怎样执行打印头清洗？,zh-CN,Printer,maintenance,development,printer-031-scene-0005,printer-031,287.033,300.58,0,,,no,全部6帧（t=287.0s–300.6s）为电脑桌面操作和结尾画面，无打印头清洗相关内容。,,R1,completed,2026-07-28T02:12:44+08:00
VQ-061,喷墨打印机怎样执行打印头清洗？,zh-CN,Printer,maintenance,development,printer-032-scene-0001,printer-032,0.0,348.79,0,,,no,视频主题为废墨垫计数器重置，画面未展示喷头清洗步骤。,AI=1→R1=0,R1,completed,2026-07-28T02:12:44+08:00
VQ-061,喷墨打印机怎样执行打印头清洗？,zh-CN,Printer,maintenance,development,printer-033-scene-0001,printer-033,0.0,88.317,0,,,no,6帧未展示打印头清洗操作或相关菜单。,,R1,completed,2026-07-28T02:12:44+08:00
VQ-061,喷墨打印机怎样执行打印头清洗？,zh-CN,Printer,maintenance,development,printer-033-scene-0002,printer-033,88.317,97.633,0,,,no,全6帧仅为控制面板按键操作，无打印头清洗的任何操作或说明。,AI=1→R1=0：仅有控制面板按键，无打印头清洗相关内容。,R1,completed,2026-07-28T02:12:44+08:00
VQ-061,喷墨打印机怎样执行打印头清洗？,zh-CN,Printer,maintenance,development,printer-033-scene-0003,printer-033,97.633,99.983,0,,,no,6帧无打印头清洗动作、清洗菜单或相关维护界面。,,R1,completed,2026-07-28T02:12:44+08:00
VQ-061,喷墨打印机怎样执行打印头清洗？,zh-CN,Printer,maintenance,development,printer-033-scene-0004,printer-033,99.983,117.083,0,,,no,同上，无打印头清洗操作。,,R1,completed,2026-07-28T02:12:44+08:00
VQ-061,喷墨打印机怎样执行打印头清洗？,zh-CN,Printer,maintenance,development,printer-033-scene-0005,printer-033,117.083,177.783,0,,,no,6帧均为拆解件清洁/组装，没有喷墨打印机控制面板或打印头清洗操作。,,R1,completed,2026-07-28T02:12:44+08:00
VQ-061,喷墨打印机怎样执行打印头清洗？,zh-CN,Printer,maintenance,development,printer-033-scene-0006,printer-033,177.783,540.983,0,,,no,全部6帧（t=177.8–541.0s）展示机械组件组装，无打印头清洗程序或相关操作。,,R1,completed,2026-07-28T02:12:44+08:00
VQ-061,喷墨打印机怎样执行打印头清洗？,zh-CN,Printer,maintenance,development,printer-033-scene-0007,printer-033,540.983,730.5,0,,,no,6帧无打印头清洗动作或菜单。,,R1,completed,2026-07-28T02:12:44+08:00
VQ-062,How is printhead alignment performed when print quality degrades?,en,Printer,maintenance,source_disjoint_test,printer-001-scene-0001,printer-001,0.0,33.81,0,,,no,未展示打印头校准或画质下降相关的任何步骤。,,R1,completed,2026-07-28T01:18:39+08:00
VQ-062,How is printhead alignment performed when print quality degrades?,en,Printer,maintenance,source_disjoint_test,printer-003-scene-0001,printer-003,0.0,95.43,0,,,no,6帧为激光雕刻/切割机，没有打印头对齐操作。,,R1,completed,2026-07-28T02:12:44+08:00
VQ-062,How is printhead alignment performed when print quality degrades?,en,Printer,maintenance,source_disjoint_test,printer-006-scene-0003,printer-006,14.262,19.066,1,,,no,6帧显示控制面板及手指按键，但未演示打印头对齐操作。,,R1,completed,2026-07-28T02:12:44+08:00
VQ-062,How is printhead alignment performed when print quality degrades?,en,Printer,maintenance,source_disjoint_test,printer-006-scene-0019,printer-006,109.323,113.661,0,,,no,6帧无打印头校准动作或相关说明。,,R1,completed,2026-07-28T02:12:44+08:00
VQ-062,How is printhead alignment performed when print quality degrades?,en,Printer,maintenance,source_disjoint_test,printer-006-scene-0020,printer-006,113.661,120.668,0,,,no,全部6帧（t=113.7s–120.7s）只展示人物在桌旁及黑色打印机侧面/顶部特写，未出现打印头对齐操作或相关菜单。,,R1,completed,2026-07-28T02:12:44+08:00
VQ-062,How is printhead alignment performed when print quality degrades?,en,Printer,maintenance,source_disjoint_test,printer-006-scene-0021,printer-006,120.668,128.876,1,,,no,全部6帧（t=120.7s–128.9s）为打印机控制面板上手指按键操作，控制面板产品出现；但无打印头校准（alignment）的任何菜单导航或操作步骤。,,R1,completed,2026-07-28T02:12:44+08:00
VQ-062,How is printhead alignment performed when print quality degrades?,en,Printer,maintenance,source_disjoint_test,printer-006-scene-0024,printer-006,133.814,138.686,0,,,no,6帧只展示正常出纸，没有打印头对齐操作。,AI=1→R1=0：画面只有正在打印出纸，没有打印头对齐操作。,R1,completed,2026-07-28T02:12:44+08:00
VQ-062,How is printhead alignment performed when print quality degrades?,en,Printer,maintenance,source_disjoint_test,printer-014-scene-0005,printer-014,146.767,151.267,0,,,no,全部6帧（t=146.8s–151.3s）均为打印机内部墨盒区域特写，未展示打印头对齐操作或打印质量下降相关内容。,,R1,completed,2026-07-28T02:12:44+08:00
VQ-062,How is printhead alignment performed when print quality degrades?,en,Printer,maintenance,source_disjoint_test,printer-014-scene-0006,printer-014,151.267,277.367,0,,,no,全部6帧（t=151.3s–277.4s）近距离展示打印机墨盒舱内部，可见手按压并取出墨盒，属于墨盒更换/维护操作；未见进纸托盘、控制面板或卡纸处理画面。,,R1,completed,2026-07-28T02:12:44+08:00
VQ-062,How is printhead alignment performed when print quality degrades?,en,Printer,maintenance,source_disjoint_test,printer-014-scene-0016,printer-014,809.3,980.5,1,,,no,展示墨水加注，非打印头校准操作。,AI=2->R1=1:墨水加注不是打印头校准流程。,R1,completed,2026-07-28T01:18:39+08:00
VQ-062,How is printhead alignment performed when print quality degrades?,en,Printer,maintenance,source_disjoint_test,printer-014-scene-0018,printer-014,1025.667,1068.333,1,,,no,全部6帧显示手持墨盒及墨盒舱，但未出现任何打印头对齐/校准动作或软件菜单，所有画面仅为墨盒检查/清洁。,,R1,completed,2026-07-28T02:12:44+08:00
VQ-062,How is printhead alignment performed when print quality degrades?,en,Printer,maintenance,source_disjoint_test,printer-014-scene-0019,printer-014,1068.333,1108.3,0,,,no,全部6帧（t=1068.3–1108.3s）展示墨盒安装操作，无打印头校准或画质下降处理的步骤。,,R1,completed,2026-07-28T02:12:44+08:00
VQ-062,How is printhead alignment performed when print quality degrades?,en,Printer,maintenance,source_disjoint_test,printer-017-scene-0001,printer-017,0.0,5.0,0,,,no,6帧无打印头校准动作或相关说明。,,R1,completed,2026-07-28T02:12:44+08:00
VQ-062,How is printhead alignment performed when print quality degrades?,en,Printer,maintenance,source_disjoint_test,printer-017-scene-0002,printer-017,5.0,15.0,0,,,no,6帧无打印头校准内容。,,R1,completed,2026-07-28T02:12:44+08:00
VQ-062,How is printhead alignment performed when print quality degrades?,en,Printer,maintenance,source_disjoint_test,printer-017-scene-0003,printer-017,15.0,50.0,0,,,no,全部6帧（t=15.0–50.0s）标题卡内容为卡纸清除步骤，无打印头校准或画质下降处理内容。,,R1,completed,2026-07-28T02:12:44+08:00
VQ-062,How is printhead alignment performed when print quality degrades?,en,Printer,maintenance,source_disjoint_test,printer-020-scene-0001,printer-020,0.0,5.172,0,,,no,全部6帧（t=0.0s–5.2s）显示Canon G2000前面板及Error 5B00重置内容，无打印头校准操作或画质下降相关信息。,,R1,completed,2026-07-28T02:12:44+08:00
VQ-062,How is printhead alignment performed when print quality degrades?,en,Printer,maintenance,source_disjoint_test,printer-020-scene-0002,printer-020,5.172,110.29,0,,,no,6帧未展示打印头对齐操作或相关菜单。,AI=1→R1=0：画面没有展示打印头对齐的操作或相关菜单。,R1,completed,2026-07-28T02:12:44+08:00
VQ-062,How is printhead alignment performed when print quality degrades?,en,Printer,maintenance,source_disjoint_test,printer-021-scene-0001,printer-021,0.0,46.367,0,,,no,全部6帧（t=0.1–46.4s）仅显示打印机出纸运行，无打印头校准操作或画质相关问题处理。,,R1,completed,2026-07-28T02:12:44+08:00
VQ-062,How is printhead alignment performed when print quality degrades?,en,Printer,maintenance,source_disjoint_test,printer-021-scene-0002,printer-021,46.367,108.417,0,,,no,第2、4帧（t=58.8s、83.6s）显示纸张已放入打印机进纸托盘，第3帧（t=71.2s）可见控制面板但无法辨识显示内容，其余帧过曝或为打印机顶盖，未见卡纸取出或墨盒操作。,,R1,completed,2026-07-28T02:12:44+08:00
VQ-062,How is printhead alignment performed when print quality degrades?,en,Printer,maintenance,source_disjoint_test,printer-021-scene-0003,printer-021,108.417,154.467,0,,,no,6帧仅展示拆解后的打印机内部零件，未演示打印头对齐步骤。,,R1,completed,2026-07-28T02:12:44+08:00
VQ-062,How is printhead alignment performed when print quality degrades?,en,Printer,maintenance,source_disjoint_test,printer-024-scene-0001,printer-024,0.0,172.406,0,,,no,画面为拆机维修，未见打印头对齐程序或打印质量测试页。,,R1,completed,2026-07-28T02:12:44+08:00
VQ-062,How is printhead alignment performed when print quality degrades?,en,Printer,maintenance,source_disjoint_test,printer-024-scene-0002,printer-024,172.406,380.247,1,,,no,6帧（t=172.4s–380.2s）为拆解打印机维修场景，有工具和部件操作，属维护上下文；但无打印头校准（alignment）的相关操作或说明。,,R1,completed,2026-07-28T02:12:44+08:00
VQ-062,How is printhead alignment performed when print quality degrades?,en,Printer,maintenance,source_disjoint_test,printer-024-scene-0003,printer-024,380.247,389.656,0,,,no,6帧无打印头校准动作或相关界面。,,R1,completed,2026-07-28T02:12:44+08:00
VQ-062,How is printhead alignment performed when print quality degrades?,en,Printer,maintenance,source_disjoint_test,printer-028-scene-0001,printer-028,0.0,226.84,0,,,no,全部6帧均为黑色佳能打印机静态外观展示，第3帧（t=90.7s）有手指触碰控制面板按键，但未见任何操作演示、状态显示或内部组件。,,R1,completed,2026-07-28T02:12:44+08:00
VQ-062,How is printhead alignment performed when print quality degrades?,en,Printer,maintenance,source_disjoint_test,printer-030-scene-0002,printer-030,46.079,49.149,0,,,no,全部6帧（t=46.1s–49.2s）均为黑色背景上的标题卡，无打印机或打印头对齐相关内容。,,R1,completed,2026-07-28T02:12:44+08:00
VQ-062,How is printhead alignment performed when print quality degrades?,en,Printer,maintenance,source_disjoint_test,printer-030-scene-0004,printer-030,107.074,121.221,0,,,no,无打印头校准相关内容。,,R1,completed,2026-07-28T01:18:39+08:00
VQ-062,How is printhead alignment performed when print quality degrades?,en,Printer,maintenance,source_disjoint_test,printer-030-scene-0009,printer-030,186.186,191.692,0,,,no,全部6帧（t=188.3s–191.6s）显示Windows文件夹浏览视图和Excel表格（含PONY MONITOR等数据行），以及PDF文件图标，与打印头校准完全无关。,,R1,completed,2026-07-28T02:28:46+08:00
VQ-062,How is printhead alignment performed when print quality degrades?,en,Printer,maintenance,source_disjoint_test,printer-030-scene-0010,printer-030,191.692,215.582,0,,,no,全部6帧（t=191.7s–215.6s）均为Windows桌面上扫描仪的Scan Settings设置对话框，显示文件格式、分辨率、保存路径等选项，与打印头校准完全无关。,,R1,completed,2026-07-28T02:28:46+08:00
VQ-062,How is printhead alignment performed when print quality degrades?,en,Printer,maintenance,source_disjoint_test,printer-030-scene-0012,printer-030,238.005,247.814,0,,,no,全部6帧（t=238.0–247.8s）仅显示打印机出纸运行，无打印头校准操作或画质下降相关的维护步骤。,,R1,completed,2026-07-28T02:12:44+08:00
VQ-062,How is printhead alignment performed when print quality degrades?,en,Printer,maintenance,source_disjoint_test,printer-031-scene-0001,printer-031,0.0,26.0,0,,,no,同上，无打印头对齐（printhead alignment）操作或说明。,,R1,completed,2026-07-28T02:12:44+08:00
VQ-062,How is printhead alignment performed when print quality degrades?,en,Printer,maintenance,source_disjoint_test,printer-031-scene-0002,printer-031,26.0,69.733,0,,,no,全部6帧（t=26.0s–69.7s）均为电脑屏幕显示Word/Windows桌面，未出现打印机本体、控制面板或任何硬件操作画面。,,R1,completed,2026-07-28T02:12:44+08:00
VQ-062,How is printhead alignment performed when print quality degrades?,en,Printer,maintenance,source_disjoint_test,printer-032-scene-0001,printer-032,0.0,348.79,0,,,no,画面未涉及打印头对齐或打印质量下降处理。,AI=1→R1=0,R1,completed,2026-07-28T02:12:44+08:00
VQ-062,How is printhead alignment performed when print quality degrades?,en,Printer,maintenance,source_disjoint_test,printer-033-scene-0001,printer-033,0.0,88.317,0,,,no,6帧未展示打印头对齐操作或相关菜单。,,R1,completed,2026-07-28T02:12:44+08:00
VQ-062,How is printhead alignment performed when print quality degrades?,en,Printer,maintenance,source_disjoint_test,printer-033-scene-0003,printer-033,97.633,99.983,0,,,no,6帧无打印头校准动作、校准页或相关设置界面。,,R1,completed,2026-07-28T02:12:44+08:00
VQ-062,How is printhead alignment performed when print quality degrades?,en,Printer,maintenance,source_disjoint_test,printer-033-scene-0004,printer-033,99.983,117.083,0,,,no,同上，无打印头对齐操作。,,R1,completed,2026-07-28T02:12:44+08:00
VQ-062,How is printhead alignment performed when print quality degrades?,en,Printer,maintenance,source_disjoint_test,printer-033-scene-0005,printer-033,117.083,177.783,0,,,no,6帧均为拆解件处理，没有打印头对齐的相关菜单或操作。,,R1,completed,2026-07-28T02:12:44+08:00
VQ-062,How is printhead alignment performed when print quality degrades?,en,Printer,maintenance,source_disjoint_test,printer-033-scene-0006,printer-033,177.783,540.983,0,,,no,全部6帧（t=177.8–541.0s）展示机械零件组装，无打印头校准或画质处理步骤。,,R1,completed,2026-07-28T02:12:44+08:00
VQ-062,How is printhead alignment performed when print quality degrades?,en,Printer,maintenance,source_disjoint_test,printer-033-scene-0007,printer-033,540.983,730.5,0,,,no,6帧无打印头校准动作或说明。,,R1,completed,2026-07-28T02:12:44+08:00
VQ-063,怎样更换打印机已用尽的墨盒或硒鼓？,zh-CN,Printer,maintenance,source_disjoint_test,printer-001-scene-0001,printer-001,0.0,33.81,0,,,no,画面仅显示正常打印过程，无更换墨盒或硒鼓的操作。,,R1,completed,2026-07-28T01:18:39+08:00
VQ-063,怎样更换打印机已用尽的墨盒或硒鼓？,zh-CN,Printer,maintenance,source_disjoint_test,printer-003-scene-0001,printer-003,0.0,95.43,0,,,no,6帧为激光雕刻/切割机，没有墨盒/硒鼓更换过程。,,R1,completed,2026-07-28T02:12:44+08:00
VQ-063,怎样更换打印机已用尽的墨盒或硒鼓？,zh-CN,Printer,maintenance,source_disjoint_test,printer-006-scene-0004,printer-006,19.066,26.274,1,,,no,画面仅展示电脑端的墨盒错误提示及讲解手势，未实际呈现取出或安装墨盒/硒鼓的更换动作。,AI=2→R1=1：仅有错误提示和口头讲解，未实际演示更换墨盒/硒鼓的操作步骤。,R1,completed,2026-07-28T02:12:44+08:00
VQ-063,怎样更换打印机已用尽的墨盒或硒鼓？,zh-CN,Printer,maintenance,source_disjoint_test,printer-006-scene-0006,printer-006,28.876,37.485,2,28.876,37.485,no,全部6帧（t=28.9s–37.5s）连续展示戴黑手套者打开黑色打印机前盖并插入墨盒的过程，但未明确展示关闭盖板或断电安全提示。,,R1,completed,2026-07-28T02:12:44+08:00
VQ-063,怎样更换打印机已用尽的墨盒或硒鼓？,zh-CN,Printer,maintenance,source_disjoint_test,printer-006-scene-0014,printer-006,75.59,83.331,1,,,no,全部6帧（t=75.6s–83.3s）中戴手套的手持续操作墨盒（手持、翻转、擦拭触点），墨盒产品出现且处于维护上下文；但动作是清洁氧化层而非取出旧墨盒/装入新墨盒的更换流程。,AI=0→R1=1：墨盒产品清晰可见并被持续操作，处于墨盒维护上下文，满足等级1。,R1,completed,2026-07-28T02:12:44+08:00
VQ-063,怎样更换打印机已用尽的墨盒或硒鼓？,zh-CN,Printer,maintenance,source_disjoint_test,printer-006-scene-0017,printer-006,92.239,103.484,1,,,no,6帧均为用白布擦拭墨盒/小元件的画面，无从打印机上取出旧墨盒、装入新墨盒的动作或新旧墨盒对比。,"第三轮仲裁修正：R1原记录 等级=0 时间=[None,None] 泄漏=no → 仲裁 等级=1 时间=[None,None] 泄漏=no。理由：6帧均为手持墨盒用白布擦拭清洁，未演示从打印机取出旧墨盒/装入新墨盒的更换流程，采纳复核方1级意见。",R1,completed,2026-07-28T20:35:21+08:00
VQ-063,怎样更换打印机已用尽的墨盒或硒鼓？,zh-CN,Printer,maintenance,source_disjoint_test,printer-006-scene-0019,printer-006,109.323,113.661,1,,,no,手持墨盒但未展示更换、装入打印机的完整动作。,,R1,completed,2026-07-28T02:12:44+08:00
VQ-063,怎样更换打印机已用尽的墨盒或硒鼓？,zh-CN,Printer,maintenance,source_disjoint_test,printer-014-scene-0005,printer-014,146.767,151.267,2,146.8,151.267,no,第1–6帧（t=146.8s–151.3s）持续展示打印机内部墨盒仓，第4–5帧（t=149.5s–150.4s）手部按压蓝色卡扣以释放墨盒，属于更换墨盒流程的部分演示，但未完整展示取出旧墨盒并装入新墨盒。,时间按实际证据片段重定位,R1,completed,2026-07-28T02:12:44+08:00
VQ-063,怎样更换打印机已用尽的墨盒或硒鼓？,zh-CN,Printer,maintenance,source_disjoint_test,printer-014-scene-0006,printer-014,151.267,277.367,2,223.9,252.1,no,全部6帧（t=151.3s–277.4s）近距离展示打印机墨盒舱内部，可见手按压并取出墨盒，属于墨盒更换/维护操作；未见进纸托盘、控制面板或卡纸处理画面。,"AI=2→R1=3：连续多帧完整展示从墨盒舱中按压并取出旧墨盒的全过程，可直接回答更换墨盒问题。 | 第三轮仲裁修正：R1原记录 等级=3 时间=[151.267,277.367] 泄漏=no → 仲裁 等级=2 时间=[223.9,252.1] 泄漏=no。理由：第4-5帧显示手从墨盒舱中按压并取出旧墨盒，属于更换流程的部分步骤，但未展示装入新墨盒，采纳复核方2级及时间区间。",R1,completed,2026-07-28T20:35:21+08:00
VQ-063,怎样更换打印机已用尽的墨盒或硒鼓？,zh-CN,Printer,maintenance,source_disjoint_test,printer-014-scene-0014,printer-014,599.333,704.0,0,,,no,同上，背景为手工材料加YouTube结尾角标，手持黑色小物件身份不明且无更换操作演示。,AI=1→R1=0：画面背景为手工材料带YouTube结尾角标，无法确认手持物为打印机墨盒，也无更换操作。,R1,completed,2026-07-28T02:12:44+08:00
VQ-063,怎样更换打印机已用尽的墨盒或硒鼓？,zh-CN,Printer,maintenance,source_disjoint_test,printer-014-scene-0016,printer-014,809.3,980.5,2,809.3,980.5,no,第1帧t=809.3s至第6帧t=980.5s完整展示用HP 170ml黑墨水瓶和注射器给墨盒加注墨水的流程，这是更换墨盒的一种替代方案(自行加注)，但未展示购买新墨盒进行更换的标准流程。,AI=3->R1=2:画面展示的是墨盒加注(refill)而非标准更换(replace)流程，只能部分回答。,R1,completed,2026-07-28T01:18:39+08:00
VQ-063,怎样更换打印机已用尽的墨盒或硒鼓？,zh-CN,Printer,maintenance,source_disjoint_test,printer-014-scene-0019,printer-014,1068.333,1108.3,2,1076.3,1108.3,no,第2帧（t=1076.3s）手拿新墨盒，第3-6帧（t=1084.3–1108.3s）将墨盒插入打印机槽位，展示了更换墨盒的关键安装步骤；但画面未展示取出旧墨盒的过程。,时间按实际证据片段重定位,R1,completed,2026-07-28T02:12:44+08:00
VQ-063,怎样更换打印机已用尽的墨盒或硒鼓？,zh-CN,Printer,maintenance,source_disjoint_test,printer-017-scene-0001,printer-017,0.0,5.0,0,,,no,6帧无墨盒/硒鼓更换动作。,,R1,completed,2026-07-28T02:12:44+08:00
VQ-063,怎样更换打印机已用尽的墨盒或硒鼓？,zh-CN,Printer,maintenance,source_disjoint_test,printer-017-scene-0002,printer-017,5.0,15.0,1,,,no,t=11.0s-13.0s仅演示断电准备步骤，未展示墨盒/硒鼓更换。,,R1,completed,2026-07-28T02:12:44+08:00
VQ-063,怎样更换打印机已用尽的墨盒或硒鼓？,zh-CN,Printer,maintenance,source_disjoint_test,printer-017-scene-0003,printer-017,15.0,50.0,0,,,no,全部6帧（t=15.0–50.0s）标题卡内容围绕卡纸清除步骤（开面板、清卡纸、清洁滚轴、关面板重启），未涉及墨盒/硒鼓更换。,AI=1→R1=0：标题卡内容全部围绕卡纸清除步骤，完全不涉及墨盒/硒鼓更换操作。,R1,completed,2026-07-28T02:12:44+08:00
VQ-063,怎样更换打印机已用尽的墨盒或硒鼓？,zh-CN,Printer,maintenance,source_disjoint_test,printer-020-scene-0001,printer-020,0.0,5.172,0,,,no,全部6帧（t=0.0s–5.2s）为Canon G2000前面板特写，未出现墨盒/硒鼓，也无取出或安装更换的任何动作。,,R1,completed,2026-07-28T02:12:44+08:00
VQ-063,怎样更换打印机已用尽的墨盒或硒鼓？,zh-CN,Printer,maintenance,source_disjoint_test,printer-020-scene-0002,printer-020,5.172,110.29,0,,,no,6帧未展示更换墨盒/硒鼓的步骤。,AI=1→R1=0：画面没有展示更换墨盒/硒鼓的步骤。,R1,completed,2026-07-28T02:12:44+08:00
VQ-063,怎样更换打印机已用尽的墨盒或硒鼓？,zh-CN,Printer,maintenance,source_disjoint_test,printer-021-scene-0001,printer-021,0.0,46.367,0,,,no,全部6帧（t=0.1–46.4s）显示打印机出纸操作，无墨盒/硒鼓取出的更换步骤。,,R1,completed,2026-07-28T02:12:44+08:00
VQ-063,怎样更换打印机已用尽的墨盒或硒鼓？,zh-CN,Printer,maintenance,source_disjoint_test,printer-021-scene-0002,printer-021,46.367,108.417,0,,,no,第2、4帧（t=58.8s、83.6s）显示纸张已放入打印机进纸托盘，第3帧（t=71.2s）可见控制面板但无法辨识显示内容，其余帧过曝或为打印机顶盖，未见卡纸取出或墨盒操作。,,R1,completed,2026-07-28T02:12:44+08:00
VQ-063,怎样更换打印机已用尽的墨盒或硒鼓？,zh-CN,Printer,maintenance,source_disjoint_test,printer-021-scene-0003,printer-021,108.417,154.467,0,,,no,6帧均为打印机拆解维修画面，未出现更换墨盒或硒鼓的操作。,,R1,completed,2026-07-28T02:12:44+08:00
VQ-063,怎样更换打印机已用尽的墨盒或硒鼓？,zh-CN,Printer,maintenance,source_disjoint_test,printer-021-scene-0004,printer-021,154.467,183.3,0,,,no,6帧均为手持打印机内部零件的特写，未出现墨盒/硒鼓更换操作。,,R1,completed,2026-07-28T02:12:44+08:00
VQ-063,怎样更换打印机已用尽的墨盒或硒鼓？,zh-CN,Printer,maintenance,source_disjoint_test,printer-021-scene-0006,printer-021,202.7,220.1,1,,,no,全部6帧（t=202.7s–220.1s）显示拆解的打印机零件和工作台维修场景，双手操作一个黑色圆柱形机械部件，打印机产品出现于维修上下文；但操作的是齿轮/轴类机械件而非墨盒/硒鼓更换流程。,,R1,completed,2026-07-28T02:12:44+08:00
VQ-063,怎样更换打印机已用尽的墨盒或硒鼓？,zh-CN,Printer,maintenance,source_disjoint_test,printer-024-scene-0001,printer-024,0.0,172.406,1,,,no,第2–6帧展示拆机，属打印机维护场景，但未出现更换新墨盒/硒鼓的动作。,,R1,completed,2026-07-28T02:12:44+08:00
VQ-063,怎样更换打印机已用尽的墨盒或硒鼓？,zh-CN,Printer,maintenance,source_disjoint_test,printer-024-scene-0002,printer-024,172.406,380.247,1,,,no,6帧（t=172.4s–380.2s）中t=255.8s帧显示戴白手套的手持一个黑色小部件（可能是墨盒），其余帧展示拆解打印机及工具，整体为维修上下文；但无法确认是否在演示更换墨盒/硒鼓的完整流程，更像是通用拆解维修。,AI=2→R1=1：画面显示拆解维修场景和部件手持，但无法确认为更换墨盒/硒鼓的演示，缺乏明确的取出旧件/装入新件的更换流程证据。,R1,completed,2026-07-28T02:12:44+08:00
VQ-063,怎样更换打印机已用尽的墨盒或硒鼓？,zh-CN,Printer,maintenance,source_disjoint_test,printer-024-scene-0005,printer-024,396.029,684.551,1,,,no,全6帧（t=453.7s–684.5s）为拆解维修画面，有墨盒类部件出现但无更换已用尽墨盒的操作演示。,AI=2→R1=1：拆解维修画面，未演示更换墨盒的操作步骤。,R1,completed,2026-07-28T02:12:44+08:00
VQ-063,怎样更换打印机已用尽的墨盒或硒鼓？,zh-CN,Printer,maintenance,source_disjoint_test,printer-024-scene-0007,printer-024,763.663,841.941,1,,,no,同上，注射器维护操作画面中出现Epson打印机及部件，但无更换墨盒的动作演示。,,R1,completed,2026-07-28T02:12:44+08:00
VQ-063,怎样更换打印机已用尽的墨盒或硒鼓？,zh-CN,Printer,maintenance,source_disjoint_test,printer-028-scene-0001,printer-028,0.0,226.84,0,,,no,全部6帧均为黑色佳能打印机静态外观展示，第3帧（t=90.7s）有手指触碰控制面板按键，但未见任何操作演示、状态显示或内部组件。,AI=1→R1=0：画面中未见墨盒更换动作。,R1,completed,2026-07-28T02:12:44+08:00
VQ-063,怎样更换打印机已用尽的墨盒或硒鼓？,zh-CN,Printer,maintenance,source_disjoint_test,printer-030-scene-0004,printer-030,107.074,121.221,0,,,no,场景为扫描演示，不涉及墨盒更换。,,R1,completed,2026-07-28T01:18:39+08:00
VQ-063,怎样更换打印机已用尽的墨盒或硒鼓？,zh-CN,Printer,maintenance,source_disjoint_test,printer-030-scene-0012,printer-030,238.005,247.814,0,,,no,全部6帧（t=238.0–247.8s）显示打印机出纸，无取出旧墨盒或安装新墨盒/硒鼓的任何操作。,,R1,completed,2026-07-28T02:12:44+08:00
VQ-063,怎样更换打印机已用尽的墨盒或硒鼓？,zh-CN,Printer,maintenance,source_disjoint_test,printer-031-scene-0001,printer-031,0.0,26.0,0,,,no,同上，无墨盒或更换操作。,,R1,completed,2026-07-28T02:12:44+08:00
VQ-063,怎样更换打印机已用尽的墨盒或硒鼓？,zh-CN,Printer,maintenance,source_disjoint_test,printer-031-scene-0002,printer-031,26.0,69.733,0,,,no,全部6帧（t=26.0s–69.7s）均为电脑屏幕显示Word/Windows桌面，未出现打印机本体、控制面板或任何硬件操作画面。,,R1,completed,2026-07-28T02:12:44+08:00
VQ-063,怎样更换打印机已用尽的墨盒或硒鼓？,zh-CN,Printer,maintenance,source_disjoint_test,printer-031-scene-0003,printer-031,69.733,179.267,0,,,no,全部6帧主要显示电脑屏幕、文件资源管理器及扫描设置界面，第5帧（t=157.4s）仅展示平板扫描仪上的纸张摆放，属于扫描而非打印/进纸动作，未出现打印机控制面板或硬件操作。,AI=1→R1=0,R1,completed,2026-07-28T02:12:44+08:00
VQ-063,怎样更换打印机已用尽的墨盒或硒鼓？,zh-CN,Printer,maintenance,source_disjoint_test,printer-031-scene-0005,printer-031,287.033,300.58,0,,,no,全部6帧（t=287.0s–300.6s）为电脑桌面交互和视频结尾画面，无墨盒/硒鼓更换操作。,,R1,completed,2026-07-28T02:12:44+08:00
VQ-063,怎样更换打印机已用尽的墨盒或硒鼓？,zh-CN,Printer,maintenance,source_disjoint_test,printer-032-scene-0001,printer-032,0.0,348.79,0,,,no,未出现更换墨盒/硒鼓的动作。,,R1,completed,2026-07-28T02:12:44+08:00
VQ-063,怎样更换打印机已用尽的墨盒或硒鼓？,zh-CN,Printer,maintenance,source_disjoint_test,printer-033-scene-0001,printer-033,0.0,88.317,0,,,no,6帧未展示更换墨盒/硒鼓的步骤。,,R1,completed,2026-07-28T02:12:44+08:00
VQ-063,怎样更换打印机已用尽的墨盒或硒鼓？,zh-CN,Printer,maintenance,source_disjoint_test,printer-033-scene-0002,printer-033,88.317,97.633,0,,,no,全6帧为控制面板操作，无墨盒更换相关内容。,,R1,completed,2026-07-28T02:12:44+08:00
VQ-063,怎样更换打印机已用尽的墨盒或硒鼓？,zh-CN,Printer,maintenance,source_disjoint_test,printer-033-scene-0003,printer-033,97.633,99.983,1,,,no,6帧仅展示整机，未出现墨盒/硒鼓取出或更换动作。,,R1,completed,2026-07-28T02:12:44+08:00
VQ-063,怎样更换打印机已用尽的墨盒或硒鼓？,zh-CN,Printer,maintenance,source_disjoint_test,printer-033-scene-0004,printer-033,99.983,117.083,0,,,no,同上，无墨盒更换操作。,,R1,completed,2026-07-28T02:12:44+08:00
VQ-063,怎样更换打印机已用尽的墨盒或硒鼓？,zh-CN,Printer,maintenance,source_disjoint_test,printer-033-scene-0005,printer-033,117.083,177.783,0,,,no,6帧均为拆解件处理，没有更换墨盒/硒鼓的步骤。,,R1,completed,2026-07-28T02:12:44+08:00
VQ-063,怎样更换打印机已用尽的墨盒或硒鼓？,zh-CN,Printer,maintenance,source_disjoint_test,printer-033-scene-0006,printer-033,177.783,540.983,1,,,no,6帧展示打印机内部机械组件（齿轮、滚轴、外壳）的重组过程，属于打印机硬件维修，未涉及墨盒/硒鼓更换操作。,,R1,completed,2026-07-28T02:12:44+08:00
VQ-063,怎样更换打印机已用尽的墨盒或硒鼓？,zh-CN,Printer,maintenance,source_disjoint_test,printer-033-scene-0007,printer-033,540.983,730.5,0,,,no,6帧无墨盒/硒鼓更换动作。,,R1,completed,2026-07-28T02:12:44+08:00
VQ-064,How do I remove jammed paper from a printer safely?,en,Printer,troubleshooting,source_disjoint_test,printer-001-scene-0001,printer-001,0.0,33.81,0,,,no,纸张正常传送无卡纸，未展示清除卡纸的操作。,,R1,completed,2026-07-28T01:18:39+08:00
VQ-064,How do I remove jammed paper from a printer safely?,en,Printer,troubleshooting,source_disjoint_test,printer-003-scene-0001,printer-003,0.0,95.43,0,,,no,6帧为激光雕刻/切割机，没有卡纸或取纸动作。,,R1,completed,2026-07-28T02:12:44+08:00
VQ-064,How do I remove jammed paper from a printer safely?,en,Printer,troubleshooting,source_disjoint_test,printer-006-scene-0003,printer-006,14.262,19.066,1,,,no,6帧显示手指按压控制面板按钮，未演示安全取出卡纸的操作。,,R1,completed,2026-07-28T02:12:44+08:00
VQ-064,How do I remove jammed paper from a printer safely?,en,Printer,troubleshooting,source_disjoint_test,printer-006-scene-0006,printer-006,28.876,37.485,1,,,no,全部6帧（t=28.9s–37.5s）连续展示戴黑手套者打开黑色打印机前盖并插入墨盒的过程，但未明确展示关闭盖板或断电安全提示。,"第三轮仲裁修正：R1原记录 等级=0 时间=[None,None] 泄漏=no → 仲裁 等级=1 时间=[None,None] 泄漏=no。理由：6帧展示打印机及墨盒操作，产品清晰可见，但无卡纸或安全取纸动作演示，采纳复核方1级意见。",R1,completed,2026-07-28T20:35:21+08:00
VQ-064,How do I remove jammed paper from a printer safely?,en,Printer,troubleshooting,source_disjoint_test,printer-006-scene-0014,printer-006,75.59,83.331,0,,,no,全部6帧（t=75.6s–83.3s）为手持墨盒清洁触点，无卡纸或取纸动作。,,R1,completed,2026-07-28T02:12:44+08:00
VQ-064,How do I remove jammed paper from a printer safely?,en,Printer,troubleshooting,source_disjoint_test,printer-006-scene-0019,printer-006,109.323,113.661,0,,,no,6帧无卡纸、无取纸动作或安全说明。,,R1,completed,2026-07-28T02:12:44+08:00
VQ-064,How do I remove jammed paper from a printer safely?,en,Printer,troubleshooting,source_disjoint_test,printer-006-scene-0021,printer-006,120.668,128.876,1,,,no,全部6帧（t=120.7s–128.9s）显示控制面板按键操作和墨盒相关字幕，打印机产品出现；但无取出卡纸或安全拆除的任何操作演示。,,R1,completed,2026-07-28T02:12:44+08:00
VQ-064,How do I remove jammed paper from a printer safely?,en,Printer,troubleshooting,source_disjoint_test,printer-006-scene-0024,printer-006,133.814,138.686,0,,,no,6帧展示正常出纸过程，没有卡纸或安全取纸动作。,AI=1→R1=0：画面是正常出纸，没有卡纸或安全取纸动作。,R1,completed,2026-07-28T02:12:44+08:00
VQ-064,How do I remove jammed paper from a printer safely?,en,Printer,troubleshooting,source_disjoint_test,printer-014-scene-0006,printer-014,151.267,277.367,0,,,no,全部6帧（t=151.3s–277.4s）近距离展示打印机墨盒舱内部，可见手按压并取出墨盒，属于墨盒更换/维护操作；未见进纸托盘、控制面板或卡纸处理画面。,AI=1→R1=0：画面为墨盒更换，未见卡纸或取纸动作。,R1,completed,2026-07-28T02:12:44+08:00
VQ-064,How do I remove jammed paper from a printer safely?,en,Printer,troubleshooting,source_disjoint_test,printer-014-scene-0007,printer-014,277.367,371.267,0,,,no,全部6帧（t=277.4s–371.3s）均为桌面上操作小型黑色墨盒/部件及胶带，无打印机本体，也无卡纸或取纸动作。,,R1,completed,2026-07-28T02:12:44+08:00
VQ-064,How do I remove jammed paper from a printer safely?,en,Printer,troubleshooting,source_disjoint_test,printer-014-scene-0016,printer-014,809.3,980.5,1,,,no,场景为墨水加注，与卡纸清除无关。,,R1,completed,2026-07-28T01:18:39+08:00
VQ-064,How do I remove jammed paper from a printer safely?,en,Printer,troubleshooting,source_disjoint_test,printer-014-scene-0018,printer-014,1025.667,1068.333,1,,,no,全部6帧均为墨盒舱取出/手持墨盒的画面，未见纸张、卡纸部位，也无拉纸、清卡纸动作；与安全取卡纸操作无直接关联。,AI=2→R1=1：画面只演示墨盒拆卸/检查，未出现纸张或卡纸处理，无法回答'如何安全取出卡纸'。,R1,completed,2026-07-28T02:12:44+08:00
VQ-064,How do I remove jammed paper from a printer safely?,en,Printer,troubleshooting,source_disjoint_test,printer-014-scene-0019,printer-014,1068.333,1108.3,0,,,no,全部6帧（t=1068.3–1108.3s）聚焦于墨盒安装操作，无清除卡纸的任何步骤演示。,,R1,completed,2026-07-28T02:12:44+08:00
VQ-064,How do I remove jammed paper from a printer safely?,en,Printer,troubleshooting,source_disjoint_test,printer-014-scene-0021,printer-014,1150.233,1218.7,0,,,no,6帧中打印机正常输出纸张，没有卡纸或取纸动作。,,R1,completed,2026-07-28T02:12:44+08:00
VQ-064,How do I remove jammed paper from a printer safely?,en,Printer,troubleshooting,source_disjoint_test,printer-017-scene-0002,printer-017,5.0,15.0,2,11.0,13.0,uncertain,t=11.0s和t=13.0s幻灯片明确显示“Step 1: Turn Off and Unplug Your Printer”及拔插头图示，是安全取卡纸的第一步。,AI时间10.0-15.0→R1时间11.0-13.0，仅中间两帧显示Step 1断电内容。,R1,completed,2026-07-28T02:12:44+08:00
VQ-064,How do I remove jammed paper from a printer safely?,en,Printer,troubleshooting,source_disjoint_test,printer-017-scene-0003,printer-017,15.0,50.0,0,,,no,第2帧（t=22.0s）标题卡'Step 3: Carefully Remove Jammed Paper'详细列出清除卡纸的文字步骤，第3帧（t=29.0s）为'Step 4: Check and Clean Paper Feed Rollers'；但全部为静态信息图非实际操作演示。,AI=3→R1=0：第2-3帧标题卡详细列出清除卡纸步骤文字，但全部为静态信息图/标题卡，非实际操作演示视频。；来源泄漏由 yes 修正为 no：联系表未见检索方法、排名、分数或答案来源暴露,R1-spotcheck,completed,2026-07-28T09:46:50+08:00
VQ-064,How do I remove jammed paper from a printer safely?,en,Printer,troubleshooting,source_disjoint_test,printer-020-scene-0002,printer-020,5.172,110.29,0,,,no,6帧只展示重置按键步骤，没有出现卡纸或安全取纸动作。,AI=2→R1=0：重置按键步骤不等同于安全取出卡纸，画面中未出现卡纸或取纸动作。,R1,completed,2026-07-28T02:12:44+08:00
VQ-064,How do I remove jammed paper from a printer safely?,en,Printer,troubleshooting,source_disjoint_test,printer-021-scene-0001,printer-021,0.0,46.367,1,,,no,6帧显示PIXMA打印机有纸张输出活动，ASR提及卡纸问题，但画面未演示安全清除卡纸的具体操作步骤。,,R1,completed,2026-07-28T02:12:44+08:00
VQ-064,How do I remove jammed paper from a printer safely?,en,Printer,troubleshooting,source_disjoint_test,printer-021-scene-0002,printer-021,46.367,108.417,0,,,no,第2、4帧（t=58.8s、83.6s）显示纸张已放入打印机进纸托盘，第3帧（t=71.2s）可见控制面板但无法辨识显示内容，其余帧过曝或为打印机顶盖，未见卡纸取出或墨盒操作。,AI=1→R1=0：ASR虽提到卡纸错误代码，但画面中未见卡纸或取纸动作。,R1,completed,2026-07-28T02:12:44+08:00
VQ-064,How do I remove jammed paper from a printer safely?,en,Printer,troubleshooting,source_disjoint_test,printer-021-scene-0003,printer-021,108.417,154.467,0,,,no,6帧仅展示拆解后的内部零件和滚轮弹簧，未演示安全取出卡纸的操作。,AI=1→R1=0：画面仅有拆解零件，没有卡纸取出过程。,R1,completed,2026-07-28T02:12:44+08:00
VQ-064,How do I remove jammed paper from a printer safely?,en,Printer,troubleshooting,source_disjoint_test,printer-021-scene-0004,printer-021,154.467,183.3,0,,,no,6帧仅展示手持的内部滚轮零件，未演示安全取出卡纸的操作。,,R1,completed,2026-07-28T02:12:44+08:00
VQ-064,How do I remove jammed paper from a printer safely?,en,Printer,troubleshooting,source_disjoint_test,printer-024-scene-0001,printer-024,0.0,172.406,1,,,no,拆机画面中未见卡纸，也未展示安全取纸动作。,,R1,completed,2026-07-28T02:12:44+08:00
VQ-064,How do I remove jammed paper from a printer safely?,en,Printer,troubleshooting,source_disjoint_test,printer-024-scene-0002,printer-024,172.406,380.247,1,,,no,6帧（t=172.4s–380.2s）为拆解打印机维修场景，有手套和工具，属维修上下文；但无安全取出卡纸的具体操作演示。,,R1,completed,2026-07-28T02:12:44+08:00
VQ-064,How do I remove jammed paper from a printer safely?,en,Printer,troubleshooting,source_disjoint_test,printer-024-scene-0003,printer-024,380.247,389.656,1,,,no,虽有内部机构，但无卡纸及安全取纸动作。,,R1,completed,2026-07-28T02:12:44+08:00
VQ-064,How do I remove jammed paper from a printer safely?,en,Printer,troubleshooting,source_disjoint_test,printer-028-scene-0001,printer-028,0.0,226.84,0,,,no,全部6帧均为黑色佳能打印机静态外观展示，第3帧（t=90.7s）有手指触碰控制面板按键，但未见任何操作演示、状态显示或内部组件。,,R1,completed,2026-07-28T02:12:44+08:00
VQ-064,How do I remove jammed paper from a printer safely?,en,Printer,troubleshooting,source_disjoint_test,printer-030-scene-0004,printer-030,107.074,121.221,0,,,no,无卡纸清除操作。,,R1,completed,2026-07-28T01:18:39+08:00
VQ-064,How do I remove jammed paper from a printer safely?,en,Printer,troubleshooting,source_disjoint_test,printer-030-scene-0012,printer-030,238.005,247.814,1,,,no,全部6帧（t=238.0–247.8s）显示打印机有纸张输出活动，打印机产品出现且与纸张相关，但未演示清除卡纸的具体步骤。,,R1,completed,2026-07-28T02:12:44+08:00
VQ-064,How do I remove jammed paper from a printer safely?,en,Printer,troubleshooting,source_disjoint_test,printer-031-scene-0002,printer-031,26.0,69.733,0,,,no,全部6帧（t=26.0s–69.7s）均为电脑屏幕显示Word/Windows桌面，未出现打印机本体、控制面板或任何硬件操作画面。,,R1,completed,2026-07-28T02:12:44+08:00
VQ-064,How do I remove jammed paper from a printer safely?,en,Printer,troubleshooting,source_disjoint_test,printer-031-scene-0003,printer-031,69.733,179.267,0,,,no,全部6帧主要显示电脑屏幕、文件资源管理器及扫描设置界面，第5帧（t=157.4s）仅展示平板扫描仪上的纸张摆放，属于扫描而非打印/进纸动作，未出现打印机控制面板或硬件操作。,,R1,completed,2026-07-28T02:12:44+08:00
VQ-064,How do I remove jammed paper from a printer safely?,en,Printer,troubleshooting,source_disjoint_test,printer-032-scene-0001,printer-032,0.0,348.79,0,,,no,未出现卡纸及取纸动作。,,R1,completed,2026-07-28T02:12:44+08:00
VQ-064,How do I remove jammed paper from a printer safely?,en,Printer,troubleshooting,source_disjoint_test,printer-033-scene-0001,printer-033,0.0,88.317,0,,,no,6帧没有展示任何取出卡纸的动作或步骤。,AI=1→R1=0：虽然有E03卡纸语音提及，但画面中没有展示任何取出卡纸的动作或步骤。,R1,completed,2026-07-28T02:12:44+08:00
VQ-064,How do I remove jammed paper from a printer safely?,en,Printer,troubleshooting,source_disjoint_test,printer-033-scene-0003,printer-033,97.633,99.983,1,,,no,6帧均无卡纸、无手取纸张动作或安全取纸说明。,,R1,completed,2026-07-28T02:12:44+08:00
VQ-064,How do I remove jammed paper from a printer safely?,en,Printer,troubleshooting,source_disjoint_test,printer-033-scene-0005,printer-033,117.083,177.783,0,,,no,6帧均为拆解件处理，没有卡纸或安全取纸的画面。,,R1,completed,2026-07-28T02:12:44+08:00
VQ-064,How do I remove jammed paper from a printer safely?,en,Printer,troubleshooting,source_disjoint_test,printer-033-scene-0006,printer-033,177.783,540.983,1,,,no,6帧展示打印机机械部件拆解组装，ASR提及之前视频的E03卡纸错误码，但本场景画面仅展示机械修复而非清除卡纸操作。,,R1,completed,2026-07-28T02:12:44+08:00
VQ-064,How do I remove jammed paper from a printer safely?,en,Printer,troubleshooting,source_disjoint_test,printer-033-scene-0007,printer-033,540.983,730.5,0,,,no,6帧无卡纸或取纸动作。,,R1,completed,2026-07-28T02:12:44+08:00
VQ-065,打印机显示离线时怎样恢复连接？,zh-CN,Printer,troubleshooting,source_disjoint_test,printer-001-scene-0001,printer-001,0.0,33.81,0,,,no,画面显示打印机在线正常运行，无离线状态或连接恢复步骤。,,R1,completed,2026-07-28T01:18:39+08:00
VQ-065,打印机显示离线时怎样恢复连接？,zh-CN,Printer,troubleshooting,source_disjoint_test,printer-003-scene-0001,printer-003,0.0,95.43,0,,,no,6帧为激光雕刻/切割机，没有打印机离线恢复连接内容。,,R1,completed,2026-07-28T02:12:44+08:00
VQ-065,打印机显示离线时怎样恢复连接？,zh-CN,Printer,troubleshooting,source_disjoint_test,printer-006-scene-0003,printer-006,14.262,19.066,1,,,no,6帧仅展示控制面板及按键，未显示离线状态或恢复连接的步骤。,AI=0→R1=1：画面确实出现了打印机控制面板，虽未展示离线恢复步骤，但产品与查询相关。,R1,completed,2026-07-28T02:12:44+08:00
VQ-065,打印机显示离线时怎样恢复连接？,zh-CN,Printer,troubleshooting,source_disjoint_test,printer-006-scene-0020,printer-006,113.661,120.668,0,,,no,全部6帧（t=113.7s–120.7s）只展示人物在桌旁及黑色打印机侧面/顶部特写，未出现离线状态或恢复连接的操作/设置。,,R1,completed,2026-07-28T02:12:44+08:00
VQ-065,打印机显示离线时怎样恢复连接？,zh-CN,Printer,troubleshooting,source_disjoint_test,printer-006-scene-0021,printer-006,120.668,128.876,1,,,no,全部6帧（t=120.7s–128.9s）中ASR称故障LED停闪后打印机准备就绪（暗示问题已解决），控制面板有按键操作；但无明确的'离线'状态显示或恢复连接的步骤演示。,,R1,completed,2026-07-28T02:12:44+08:00
VQ-065,打印机显示离线时怎样恢复连接？,zh-CN,Printer,troubleshooting,source_disjoint_test,printer-006-scene-0025,printer-006,138.686,142.056,0,,,no,6帧均显示已打印的测试页，未涉及打印机离线状态或恢复连接操作。,,R1,completed,2026-07-28T02:12:44+08:00
VQ-065,打印机显示离线时怎样恢复连接？,zh-CN,Printer,troubleshooting,source_disjoint_test,printer-006-scene-0027,printer-006,151.098,155.74,0,,,no,"全部6帧均为蓝色背景上的""valejet tv""频道标志，与打印机离线恢复连接无关。",,R1,completed,2026-07-28T02:12:44+08:00
VQ-065,打印机显示离线时怎样恢复连接？,zh-CN,Printer,troubleshooting,source_disjoint_test,printer-014-scene-0001,printer-014,0.0,26.633,1,,,no,6帧显示打印机及控制面板，但未出现离线状态提示或恢复连接操作。,,R1,completed,2026-07-28T02:12:44+08:00
VQ-065,打印机显示离线时怎样恢复连接？,zh-CN,Printer,troubleshooting,source_disjoint_test,printer-014-scene-0004,printer-014,58.433,146.767,0,,,no,画面聚焦于打印机墨盒操作，没有出现离线提示、网络设置或恢复连接的相关内容。,,R1,completed,2026-07-28T02:12:44+08:00
VQ-065,打印机显示离线时怎样恢复连接？,zh-CN,Printer,troubleshooting,source_disjoint_test,printer-014-scene-0005,printer-014,146.767,151.267,0,,,no,全部6帧（t=146.8s–151.3s）均为打印机内部墨盒区域特写，未显示任何与打印机离线恢复连接相关的操作或提示。,,R1,completed,2026-07-28T02:12:44+08:00
VQ-065,打印机显示离线时怎样恢复连接？,zh-CN,Printer,troubleshooting,source_disjoint_test,printer-014-scene-0006,printer-014,151.267,277.367,0,,,no,全部6帧（t=151.3s–277.4s）近距离展示打印机墨盒舱内部，可见手按压并取出墨盒，属于墨盒更换/维护操作；未见进纸托盘、控制面板或卡纸处理画面。,,R1,completed,2026-07-28T02:12:44+08:00
VQ-065,打印机显示离线时怎样恢复连接？,zh-CN,Printer,troubleshooting,source_disjoint_test,printer-014-scene-0016,printer-014,809.3,980.5,1,,,no,墨水加注操作与网络连接恢复无关。,,R1,completed,2026-07-28T01:18:39+08:00
VQ-065,打印机显示离线时怎样恢复连接？,zh-CN,Printer,troubleshooting,source_disjoint_test,printer-017-scene-0001,printer-017,0.0,5.0,0,,,no,6帧无离线提示或恢复连接操作。,,R1,completed,2026-07-28T02:12:44+08:00
VQ-065,打印机显示离线时怎样恢复连接？,zh-CN,Printer,troubleshooting,source_disjoint_test,printer-017-scene-0002,printer-017,5.0,15.0,1,,,no,t=11.0s-13.0s幻灯片仅演示断电重启，未针对“离线”状态给出恢复连接步骤。,,R1,completed,2026-07-28T02:12:44+08:00
VQ-065,打印机显示离线时怎样恢复连接？,zh-CN,Printer,troubleshooting,source_disjoint_test,printer-017-scene-0003,printer-017,15.0,50.0,0,,,no,全部6帧（t=15.0–50.0s）标题卡内容为卡纸清除物理步骤，未涉及打印机离线状态检测或网络连接恢复。,,R1,completed,2026-07-28T02:12:44+08:00
VQ-065,打印机显示离线时怎样恢复连接？,zh-CN,Printer,troubleshooting,source_disjoint_test,printer-020-scene-0001,printer-020,0.0,5.172,0,,,no,全部6帧（t=0.0s–5.2s）显示Canon G2000前面板及重置教程，无离线状态显示或恢复连接的任何步骤。,,R1,completed,2026-07-28T02:12:44+08:00
VQ-065,打印机显示离线时怎样恢复连接？,zh-CN,Printer,troubleshooting,source_disjoint_test,printer-020-scene-0002,printer-020,5.172,110.29,2,5.172,110.29,no,6帧（t=5.2s–110.3s）完整展示了按Stop/Power键重置打印机并等待指示灯稳定的troubleshooting步骤，可对应离线恢复操作。,,R1,completed,2026-07-28T02:12:44+08:00
VQ-065,打印机显示离线时怎样恢复连接？,zh-CN,Printer,troubleshooting,source_disjoint_test,printer-021-scene-0001,printer-021,0.0,46.367,0,,,no,全部6帧（t=0.1–46.4s）打印机处于正常工作状态（出纸），无离线状态展示或网络连接恢复步骤。,,R1,completed,2026-07-28T02:12:44+08:00
VQ-065,打印机显示离线时怎样恢复连接？,zh-CN,Printer,troubleshooting,source_disjoint_test,printer-021-scene-0002,printer-021,46.367,108.417,0,,,no,第2、4帧（t=58.8s、83.6s）显示纸张已放入打印机进纸托盘，第3帧（t=71.2s）可见控制面板但无法辨识显示内容，其余帧过曝或为打印机顶盖，未见卡纸取出或墨盒操作。,,R1,completed,2026-07-28T02:12:44+08:00
VQ-065,打印机显示离线时怎样恢复连接？,zh-CN,Printer,troubleshooting,source_disjoint_test,printer-021-scene-0003,printer-021,108.417,154.467,0,,,no,6帧均为拆解维修画面，未涉及打印机离线恢复连接的内容。,,R1,completed,2026-07-28T02:12:44+08:00
VQ-065,打印机显示离线时怎样恢复连接？,zh-CN,Printer,troubleshooting,source_disjoint_test,printer-024-scene-0001,printer-024,0.0,172.406,0,,,no,拆机画面与网络/离线状态无关。,,R1,completed,2026-07-28T02:12:44+08:00
VQ-065,打印机显示离线时怎样恢复连接？,zh-CN,Printer,troubleshooting,source_disjoint_test,printer-024-scene-0002,printer-024,172.406,380.247,0,,,no,6帧（t=172.4s–380.2s）为拆解打印机硬件维修，无网络连接状态或恢复在线的任何软件/设置操作。,,R1,completed,2026-07-28T02:12:44+08:00
VQ-065,打印机显示离线时怎样恢复连接？,zh-CN,Printer,troubleshooting,source_disjoint_test,printer-024-scene-0003,printer-024,380.247,389.656,0,,,no,6帧无离线状态或恢复连接操作。,,R1,completed,2026-07-28T02:12:44+08:00
VQ-065,打印机显示离线时怎样恢复连接？,zh-CN,Printer,troubleshooting,source_disjoint_test,printer-024-scene-0005,printer-024,396.029,684.551,0,,,no,全6帧为拆解维修画面，无网络/连接状态或恢复操作。,,R1,completed,2026-07-28T02:12:44+08:00
VQ-065,打印机显示离线时怎样恢复连接？,zh-CN,Printer,troubleshooting,source_disjoint_test,printer-028-scene-0001,printer-028,0.0,226.84,0,,,no,全部6帧均为黑色佳能打印机静态外观展示，第3帧（t=90.7s）有手指触碰控制面板按键，但未见任何操作演示、状态显示或内部组件。,,R1,completed,2026-07-28T02:12:44+08:00
VQ-065,打印机显示离线时怎样恢复连接？,zh-CN,Printer,troubleshooting,source_disjoint_test,printer-030-scene-0002,printer-030,46.079,49.149,0,,,no,全部6帧（t=46.1s–49.2s）均为黑色背景上的标题卡，无打印机或离线恢复连接相关内容。,,R1,completed,2026-07-28T02:12:44+08:00
VQ-065,打印机显示离线时怎样恢复连接？,zh-CN,Printer,troubleshooting,source_disjoint_test,printer-030-scene-0004,printer-030,107.074,121.221,0,,,no,打印机在线运行，无离线恢复步骤。,,R1,completed,2026-07-28T01:18:39+08:00
VQ-065,打印机显示离线时怎样恢复连接？,zh-CN,Printer,troubleshooting,source_disjoint_test,printer-030-scene-0012,printer-030,238.005,247.814,0,,,no,全部6帧（t=238.0–247.8s）打印机处于通电正常运行状态（正在出纸），无离线状态展示或恢复连接的任何步骤。,,R1,completed,2026-07-28T02:12:44+08:00
VQ-065,打印机显示离线时怎样恢复连接？,zh-CN,Printer,troubleshooting,source_disjoint_test,printer-031-scene-0002,printer-031,26.0,69.733,0,,,no,全部6帧（t=26.0s–69.7s）均为电脑屏幕显示Word/Windows桌面，未出现打印机本体、控制面板或任何硬件操作画面。,,R1,completed,2026-07-28T02:12:44+08:00
VQ-065,打印机显示离线时怎样恢复连接？,zh-CN,Printer,troubleshooting,source_disjoint_test,printer-031-scene-0003,printer-031,69.733,179.267,0,,,no,全部6帧主要显示电脑屏幕、文件资源管理器及扫描设置界面，第5帧（t=157.4s）仅展示平板扫描仪上的纸张摆放，属于扫描而非打印/进纸动作，未出现打印机控制面板或硬件操作。,AI=1→R1=0,R1,completed,2026-07-28T02:12:44+08:00
VQ-065,打印机显示离线时怎样恢复连接？,zh-CN,Printer,troubleshooting,source_disjoint_test,printer-031-scene-0005,printer-031,287.033,300.58,0,,,no,全部6帧（t=287.0s–300.6s）为电脑桌面操作界面，无打印机离线状态或连接恢复步骤。,,R1,completed,2026-07-28T02:12:44+08:00
VQ-065,打印机显示离线时怎样恢复连接？,zh-CN,Printer,troubleshooting,source_disjoint_test,printer-032-scene-0001,printer-032,0.0,348.79,0,,,no,画面未涉及离线状态或连接恢复操作。,AI=1→R1=0,R1,completed,2026-07-28T02:12:44+08:00
VQ-065,打印机显示离线时怎样恢复连接？,zh-CN,Printer,troubleshooting,source_disjoint_test,printer-033-scene-0001,printer-033,0.0,88.317,0,,,no,6帧未展示打印机离线提示或恢复连接操作。,,R1,completed,2026-07-28T02:12:44+08:00
VQ-065,打印机显示离线时怎样恢复连接？,zh-CN,Printer,troubleshooting,source_disjoint_test,printer-033-scene-0002,printer-033,88.317,97.633,1,,,no,全6帧（t=88.3s–97.6s）显示手在Canon PIXMA控制面板上按键，ASR提及关机和纸盒重置等排障步骤，但画面未完整演示离线恢复连接的流程。,AI=2→R1=1：控制面板排障操作与离线恢复相关但不完整，未清晰演示恢复连接全过程。,R1,completed,2026-07-28T02:12:44+08:00
VQ-065,打印机显示离线时怎样恢复连接？,zh-CN,Printer,troubleshooting,source_disjoint_test,printer-033-scene-0003,printer-033,97.633,99.983,0,,,no,6帧无离线提示、网络设置或恢复连接操作。,,R1,completed,2026-07-28T02:12:44+08:00
VQ-065,打印机显示离线时怎样恢复连接？,zh-CN,Printer,troubleshooting,source_disjoint_test,printer-033-scene-0004,printer-033,99.983,117.083,0,,,no,同上，无连接状态或恢复操作。,,R1,completed,2026-07-28T02:12:44+08:00
VQ-065,打印机显示离线时怎样恢复连接？,zh-CN,Printer,troubleshooting,source_disjoint_test,printer-033-scene-0005,printer-033,117.083,177.783,0,,,no,6帧均为拆解件处理，没有控制面板离线提示或恢复连接步骤。,,R1,completed,2026-07-28T02:12:44+08:00
VQ-065,打印机显示离线时怎样恢复连接？,zh-CN,Printer,troubleshooting,source_disjoint_test,printer-033-scene-0006,printer-033,177.783,540.983,0,,,no,全部6帧（t=177.8–541.0s）展示机械组件组装，无离线状态或网络连接恢复内容。,,R1,completed,2026-07-28T02:12:44+08:00
VQ-065,打印机显示离线时怎样恢复连接？,zh-CN,Printer,troubleshooting,source_disjoint_test,printer-033-scene-0007,printer-033,540.983,730.5,0,,,no,6帧无离线提示或恢复连接操作。,,R1,completed,2026-07-28T02:12:44+08:00
VQ-066,How do I reseat a cartridge after a printer cartridge error?,en,Printer,troubleshooting,source_disjoint_test,printer-001-scene-0001,printer-001,0.0,33.81,0,,,no,未涉及墨盒重装或错误处理。,,R1,completed,2026-07-28T01:18:39+08:00
VQ-066,How do I reseat a cartridge after a printer cartridge error?,en,Printer,troubleshooting,source_disjoint_test,printer-003-scene-0001,printer-003,0.0,95.43,0,,,no,6帧为激光雕刻/切割机，没有墨盒/硒鼓或重新安装动作。,,R1,completed,2026-07-28T02:12:44+08:00
VQ-066,How do I reseat a cartridge after a printer cartridge error?,en,Printer,troubleshooting,source_disjoint_test,printer-006-scene-0004,printer-006,19.066,26.274,1,,,no,画面只展示了打印机错误提示界面与讲解，没有出现重新安装或调整墨盒的实际动作。,AI=2→R1=1：仅显示错误提示，未呈现重新固定/安装墨盒的动作。,R1,completed,2026-07-28T02:12:44+08:00
VQ-066,How do I reseat a cartridge after a printer cartridge error?,en,Printer,troubleshooting,source_disjoint_test,printer-006-scene-0006,printer-006,28.876,37.485,2,28.876,37.485,no,全部6帧（t=28.9s–37.5s）连续展示戴黑手套者打开黑色打印机前盖并插入墨盒的过程，但未明确展示关闭盖板或断电安全提示。,,R1,completed,2026-07-28T02:12:44+08:00
VQ-066,How do I reseat a cartridge after a printer cartridge error?,en,Printer,troubleshooting,source_disjoint_test,printer-006-scene-0014,printer-006,75.59,83.331,1,,,no,全部6帧（t=75.6s–83.3s）中戴黑手套的手持墨盒并进行操作（清洁触点），与墨盒错误后重新安放属同一组件的操作上下文；但实际动作是清洁而非重新安放入打印机。,,R1,completed,2026-07-28T02:12:44+08:00
VQ-066,How do I reseat a cartridge after a printer cartridge error?,en,Printer,troubleshooting,source_disjoint_test,printer-006-scene-0019,printer-006,109.323,113.661,1,,,no,6帧全程仅戴手套手持墨盒，未完整演示将墨盒装回打印机槽位的动作。,互检修正：原R1=2→互检=1；画面仅有手持墨盒特写，未演示将墨盒装回打印机槽位的'reseat'动作，不能构成部分回答。,R1,completed,2026-07-28T14:15:20+08:00
VQ-066,How do I reseat a cartridge after a printer cartridge error?,en,Printer,troubleshooting,source_disjoint_test,printer-006-scene-0021,printer-006,120.668,128.876,1,,,no,"全部6帧（t=120.7s–128.9s）中葡萄牙语字幕'Caso o processo não funcione, descarte os cartuchos'提及墨盒处理，ASR提到故障LED和打印就绪，控制面板操作可见；但这些内容围绕墨盒错误处理流程，未演示将墨盒重新安放（reseat）入打印机的具体动作。",,R1,completed,2026-07-28T02:12:44+08:00
VQ-066,How do I reseat a cartridge after a printer cartridge error?,en,Printer,troubleshooting,source_disjoint_test,printer-014-scene-0015,printer-014,704.0,809.3,1,,,no,全部6帧（t=704.0s–809.3s）显示双手操作一个彩色墨盒（可见粉色和绿色墨垫），有拆解/填充动作，但未展示将墨盒重新装入打印机以解决错误的'重装(reseat)'操作。,AI=0→R1=1：画面确实展示了打印机墨盒产品（带彩色墨垫的墨盒被双手操作），虽非重装操作但产品本身出现，不应为0。,R1,completed,2026-07-28T02:28:46+08:00
VQ-066,How do I reseat a cartridge after a printer cartridge error?,en,Printer,troubleshooting,source_disjoint_test,printer-014-scene-0016,printer-014,809.3,980.5,1,,,no,6帧仅展示用注射器给墨盒加注墨水的过程，未出现打印机，也未展示将墨盒重新安装（reseat）到打印机中的动作。,时间按实际证据片段重定位 | 第三轮双复核一致修正：R1=2→indep=1：画面为墨盒加注墨水，并非错误后重新安装墨盒到打印机的操作，不能回答reseating问题。,R1,completed,2026-07-28T20:35:21+08:00
VQ-066,How do I reseat a cartridge after a printer cartridge error?,en,Printer,troubleshooting,source_disjoint_test,printer-014-scene-0018,printer-014,1025.667,1068.333,1,,,no,第1帧（t=1025.7s）与第6帧（t=1068.4s）显示打印机墨盒舱打开状态，第2–5帧（t=1034.2s–1059.8s）显示手在机外握持/检查墨盒，与重新装回墨盒的'reseat'流程相邻，但未直接捕捉墨盒推回舱内的动作。,"时间按实际证据片段重定位 | 第三轮仲裁修正：R1原记录 等级=2 时间=[1025.7,1068.3] 泄漏=no → 仲裁 等级=1 时间=[None,None] 泄漏=no。理由：第1帧与第6帧显示墨盒舱打开，中间帧显示手持墨盒检查，未清晰捕捉将墨盒推回舱内的reseating动作，采纳复核方1级意见。",R1,completed,2026-07-28T20:35:21+08:00
VQ-066,How do I reseat a cartridge after a printer cartridge error?,en,Printer,troubleshooting,source_disjoint_test,printer-014-scene-0019,printer-014,1068.333,1108.3,3,1076.3,1108.3,no,第2帧（t=1076.3s）手从打印机内取出墨盒持握，第3-6帧（t=1084.3–1108.3s）将墨盒重新插入打印机槽位并安置到位，完整演示了墨盒重装（reseat）的全过程。,时间按实际证据片段重定位,R1,completed,2026-07-28T02:12:44+08:00
VQ-066,How do I reseat a cartridge after a printer cartridge error?,en,Printer,troubleshooting,source_disjoint_test,printer-017-scene-0001,printer-017,0.0,5.0,0,,,no,6帧无墨盒、无错误提示，也无重装动作。,,R1,completed,2026-07-28T02:12:44+08:00
VQ-066,How do I reseat a cartridge after a printer cartridge error?,en,Printer,troubleshooting,source_disjoint_test,printer-017-scene-0002,printer-017,5.0,15.0,1,,,no,6帧未展示墨盒重装动作。,,R1,completed,2026-07-28T02:12:44+08:00
VQ-066,How do I reseat a cartridge after a printer cartridge error?,en,Printer,troubleshooting,source_disjoint_test,printer-017-scene-0003,printer-017,15.0,50.0,0,,,no,全部6帧（t=15.0–50.0s）标题卡内容围绕卡纸清除步骤，完全未涉及墨盒重装操作。,AI=2→R1=0：标题卡内容全部为卡纸清除步骤，与墨盒重装（reseat cartridge）完全无关。,R1,completed,2026-07-28T02:12:44+08:00
VQ-066,How do I reseat a cartridge after a printer cartridge error?,en,Printer,troubleshooting,source_disjoint_test,printer-020-scene-0001,printer-020,0.0,5.172,0,,,no,全部6帧（t=0.0s–5.2s）仅显示Canon G2000前面板和错误重置文字，完全无墨盒出现或重新安放（reseat）的动作。,AI=1→R1=0：画面中没有任何墨盒出现或重新安放操作，仅是前面板+重置文字，不满足'产品出现'的最低条件。,R1,completed,2026-07-28T02:12:44+08:00
VQ-066,How do I reseat a cartridge after a printer cartridge error?,en,Printer,troubleshooting,source_disjoint_test,printer-020-scene-0002,printer-020,5.172,110.29,0,,,no,6帧没有展示取出并重新安装墨盒的动作。,AI=1→R1=0：没有展示取出并重新安装墨盒的动作。,R1,completed,2026-07-28T02:12:44+08:00
VQ-066,How do I reseat a cartridge after a printer cartridge error?,en,Printer,troubleshooting,source_disjoint_test,printer-021-scene-0001,printer-021,0.0,46.367,0,,,no,全部6帧（t=0.1–46.4s）仅显示打印机外观和出纸操作，无任何墨盒重装或处理墨盒错误的动作。,,R1,completed,2026-07-28T02:12:44+08:00
VQ-066,How do I reseat a cartridge after a printer cartridge error?,en,Printer,troubleshooting,source_disjoint_test,printer-021-scene-0002,printer-021,46.367,108.417,0,,,no,第2、4帧（t=58.8s、83.6s）显示纸张已放入打印机进纸托盘，第3帧（t=71.2s）可见控制面板但无法辨识显示内容，其余帧过曝或为打印机顶盖，未见卡纸取出或墨盒操作。,,R1,completed,2026-07-28T02:12:44+08:00
VQ-066,How do I reseat a cartridge after a printer cartridge error?,en,Printer,troubleshooting,source_disjoint_test,printer-021-scene-0003,printer-021,108.417,154.467,0,,,no,6帧均为拆解后的打印机内部零件，未出现重新安装墨盒的操作。,,R1,completed,2026-07-28T02:12:44+08:00
VQ-066,How do I reseat a cartridge after a printer cartridge error?,en,Printer,troubleshooting,source_disjoint_test,printer-021-scene-0004,printer-021,154.467,183.3,0,,,no,6帧均为手持打印机内部零件，未出现重新安装墨盒的操作。,,R1,completed,2026-07-28T02:12:44+08:00
VQ-066,How do I reseat a cartridge after a printer cartridge error?,en,Printer,troubleshooting,source_disjoint_test,printer-021-scene-0006,printer-021,202.7,220.1,1,,,no,全部6帧（t=202.7s–220.1s）中双手持续操作打印机机械部件（黑色圆柱形零件），拆解零件铺于工作台，打印机维修上下文；但操作的不是墨盒重新安放，而是机械零件组装/检查。,,R1,completed,2026-07-28T02:12:44+08:00
VQ-066,How do I reseat a cartridge after a printer cartridge error?,en,Printer,troubleshooting,source_disjoint_test,printer-021-scene-0007,printer-021,220.1,259.48,1,,,no,全部6帧（t=220.1s–259.4s）显示双手操作一个白色塑料机械组件（内含黑色滚轮），桌上可见螺丝刀等工具，看似打印机进纸机构部件，但并非墨盒且无重装墨盒的操作演示。,,R1,completed,2026-07-28T02:28:46+08:00
VQ-066,How do I reseat a cartridge after a printer cartridge error?,en,Printer,troubleshooting,source_disjoint_test,printer-024-scene-0001,printer-024,0.0,172.406,1,,,no,拆机画面未展示 cartridge error 后重新安装墨盒的动作。,AI=0→R1=1,R1,completed,2026-07-28T02:12:44+08:00
VQ-066,How do I reseat a cartridge after a printer cartridge error?,en,Printer,troubleshooting,source_disjoint_test,printer-024-scene-0002,printer-024,172.406,380.247,1,,,no,6帧（t=172.4s–380.2s）中人员手持小黑色部件（可能为墨盒类组件）在拆解打印机旁操作，与墨盒操作上下文相关联；但无明确将墨盒重新安放（reseat）入打印机的动作。,,R1,completed,2026-07-28T02:12:44+08:00
VQ-066,How do I reseat a cartridge after a printer cartridge error?,en,Printer,troubleshooting,source_disjoint_test,printer-024-scene-0005,printer-024,396.029,684.551,1,,,no,全6帧（t=453.7s–684.5s）为拆解维修画面，有墨盒类部件但无重新安装（reseat）墨盒的动作演示。,AI=2→R1=1：拆解维修画面，未演示重新安装墨盒的动作。,R1,completed,2026-07-28T02:12:44+08:00
VQ-066,How do I reseat a cartridge after a printer cartridge error?,en,Printer,troubleshooting,source_disjoint_test,printer-028-scene-0001,printer-028,0.0,226.84,0,,,no,全部6帧均为黑色佳能打印机静态外观展示，第3帧（t=90.7s）有手指触碰控制面板按键，但未见任何操作演示、状态显示或内部组件。,,R1,completed,2026-07-28T02:12:44+08:00
VQ-066,How do I reseat a cartridge after a printer cartridge error?,en,Printer,troubleshooting,source_disjoint_test,printer-030-scene-0004,printer-030,107.074,121.221,0,,,no,不涉及墨盒重装或错误处理。,,R1,completed,2026-07-28T01:18:39+08:00
VQ-066,How do I reseat a cartridge after a printer cartridge error?,en,Printer,troubleshooting,source_disjoint_test,printer-030-scene-0012,printer-030,238.005,247.814,0,,,no,全部6帧（t=238.0–247.8s）仅显示打印机出纸运行，无任何墨盒重装或处理墨盒错误的操作。,,R1,completed,2026-07-28T02:12:44+08:00
VQ-066,How do I reseat a cartridge after a printer cartridge error?,en,Printer,troubleshooting,source_disjoint_test,printer-031-scene-0001,printer-031,0.0,26.0,0,,,no,同上，无墨盒相关操作。,,R1,completed,2026-07-28T02:12:44+08:00
VQ-066,How do I reseat a cartridge after a printer cartridge error?,en,Printer,troubleshooting,source_disjoint_test,printer-031-scene-0002,printer-031,26.0,69.733,0,,,no,全部6帧（t=26.0s–69.7s）均为电脑屏幕显示Word/Windows桌面，未出现打印机本体、控制面板或任何硬件操作画面。,,R1,completed,2026-07-28T02:12:44+08:00
VQ-066,How do I reseat a cartridge after a printer cartridge error?,en,Printer,troubleshooting,source_disjoint_test,printer-031-scene-0003,printer-031,69.733,179.267,0,,,no,全部6帧主要显示电脑屏幕、文件资源管理器及扫描设置界面，第5帧（t=157.4s）仅展示平板扫描仪上的纸张摆放，属于扫描而非打印/进纸动作，未出现打印机控制面板或硬件操作。,,R1,completed,2026-07-28T02:12:44+08:00
VQ-066,How do I reseat a cartridge after a printer cartridge error?,en,Printer,troubleshooting,source_disjoint_test,printer-032-scene-0001,printer-032,0.0,348.79,1,,,no,第4帧显示打印机走纸，第3、5帧显示面板按键，但未展示 cartridge error 后重新安装墨盒的动作。,AI=2→R1=1：画面为废墨垫重置相关操作，未演示 reseat cartridge 动作。,R1,completed,2026-07-28T02:12:44+08:00
VQ-066,How do I reseat a cartridge after a printer cartridge error?,en,Printer,troubleshooting,source_disjoint_test,printer-033-scene-0001,printer-033,0.0,88.317,0,,,no,6帧没有展示墨盒/硒鼓或重新安装动作。,AI=1→R1=0：画面没有出现墨盒/硒鼓或重新安装动作。,R1,completed,2026-07-28T02:12:44+08:00
VQ-066,How do I reseat a cartridge after a printer cartridge error?,en,Printer,troubleshooting,source_disjoint_test,printer-033-scene-0003,printer-033,97.633,99.983,0,,,no,6帧无墨盒、无错误提示，也无将墨盒重新安装的动作。,,R1,completed,2026-07-28T02:12:44+08:00
VQ-066,How do I reseat a cartridge after a printer cartridge error?,en,Printer,troubleshooting,source_disjoint_test,printer-033-scene-0005,printer-033,117.083,177.783,0,,,no,6帧均为拆解件处理，没有墨盒/硒鼓或重新安装动作。,,R1,completed,2026-07-28T02:12:44+08:00
VQ-066,How do I reseat a cartridge after a printer cartridge error?,en,Printer,troubleshooting,source_disjoint_test,printer-033-scene-0006,printer-033,177.783,540.983,0,,,no,全部6帧（t=177.8–541.0s）展示打印机内部齿轮/滚轴/塑料件的拆解与重新组装（上油、装齿轮、对位），与墨盒重装完全无关。,AI=2→R1=0：画面展示的是打印机内部齿轮/机械组件的维修级拆解与重新组装（上油、装齿轮、对位），与墨盒重装操作无关。,R1,completed,2026-07-28T02:12:44+08:00
VQ-066,How do I reseat a cartridge after a printer cartridge error?,en,Printer,troubleshooting,source_disjoint_test,printer-033-scene-0007,printer-033,540.983,730.5,0,,,no,6帧无墨盒重装动作或错误提示。,,R1,completed,2026-07-28T02:12:44+08:00
VQ-067,检查打印机内部前为什么要先断电？,zh-CN,Printer,safety,source_disjoint_test,printer-001-scene-0001,printer-001,0.0,33.81,0,,,no,未展示断电安全步骤或检查内部的操作。,,R1,completed,2026-07-28T01:18:39+08:00
VQ-067,检查打印机内部前为什么要先断电？,zh-CN,Printer,safety,source_disjoint_test,printer-003-scene-0001,printer-003,0.0,95.43,0,,,no,6帧为激光雕刻/切割机，没有断电安全检查内容。,,R1,completed,2026-07-28T02:12:44+08:00
VQ-067,检查打印机内部前为什么要先断电？,zh-CN,Printer,safety,source_disjoint_test,printer-006-scene-0006,printer-006,28.876,37.485,1,,,no,全部6帧（t=28.9s–37.5s）连续展示戴黑手套者打开黑色打印机前盖并插入墨盒的过程，但未明确展示关闭盖板或断电安全提示。,"第三轮仲裁修正：R1原记录 等级=0 时间=[None,None] 泄漏=no → 仲裁 等级=1 时间=[None,None] 泄漏=no。理由：6帧展示打开打印机前盖并操作内部，产品清晰可见，但未说明为何要先断电，采纳复核方1级意见。",R1,completed,2026-07-28T20:35:21+08:00
VQ-067,检查打印机内部前为什么要先断电？,zh-CN,Printer,safety,source_disjoint_test,printer-006-scene-0014,printer-006,75.59,83.331,0,,,no,全部6帧（t=75.6s–83.3s）为手持墨盒清洁触点，无断电操作或安全说明。,,R1,completed,2026-07-28T02:12:44+08:00
VQ-067,检查打印机内部前为什么要先断电？,zh-CN,Printer,safety,source_disjoint_test,printer-006-scene-0019,printer-006,109.323,113.661,0,,,no,6帧未展示断电操作，也无检查内部前断电的原因说明。,,R1,completed,2026-07-28T02:12:44+08:00
VQ-067,检查打印机内部前为什么要先断电？,zh-CN,Printer,safety,source_disjoint_test,printer-014-scene-0005,printer-014,146.767,151.267,0,,,no,全部6帧展示打印机内部墨盒区域，未出现断电操作或关于检查前断电原因说明。,,R1,completed,2026-07-28T02:12:44+08:00
VQ-067,检查打印机内部前为什么要先断电？,zh-CN,Printer,safety,source_disjoint_test,printer-014-scene-0006,printer-014,151.267,277.367,0,,,no,全部6帧（t=151.3s–277.4s）近距离展示打印机墨盒舱内部，可见手按压并取出墨盒，属于墨盒更换/维护操作；未见进纸托盘、控制面板或卡纸处理画面。,,R1,completed,2026-07-28T02:12:44+08:00
VQ-067,检查打印机内部前为什么要先断电？,zh-CN,Printer,safety,source_disjoint_test,printer-014-scene-0018,printer-014,1025.667,1068.333,0,,,no,全部6帧为打印机墨盒拆装/检查画面，未出现电源插头、开关、断电提示或任何安全说明文字，与断电原因无关。,,R1,completed,2026-07-28T02:12:44+08:00
VQ-067,检查打印机内部前为什么要先断电？,zh-CN,Printer,safety,source_disjoint_test,printer-014-scene-0019,printer-014,1068.333,1108.3,0,,,no,全部6帧（t=1068.3–1108.3s）展示墨盒操作，无断电安全说明或检查前注意事项。,,R1,completed,2026-07-28T02:12:44+08:00
VQ-067,检查打印机内部前为什么要先断电？,zh-CN,Printer,safety,source_disjoint_test,printer-017-scene-0001,printer-017,0.0,5.0,0,,,no,6帧无断电操作或检查前断电的原因说明。,,R1,completed,2026-07-28T02:12:44+08:00
VQ-067,检查打印机内部前为什么要先断电？,zh-CN,Printer,safety,source_disjoint_test,printer-017-scene-0002,printer-017,5.0,15.0,3,11.0,13.0,no,t=11.0s和t=13.0s幻灯片列出Complete Power Down、Prevent Accidental Engagement、Reset Internal Systems三条原因，直接回答检查前为何断电。,AI时间10.0-15.0→R1时间11.0-13.0，仅中间两帧显示断电原因说明。；来源泄漏由 yes 修正为 no：联系表未见检索方法、排名、分数或答案来源暴露,R1-spotcheck,completed,2026-07-28T09:46:50+08:00
VQ-067,检查打印机内部前为什么要先断电？,zh-CN,Printer,safety,source_disjoint_test,printer-017-scene-0003,printer-017,15.0,50.0,0,,,no,第4帧（t=36.0s）标题卡'Step 6'提及'Plug In Printer'和'Power On'的重启步骤，但未解释为何检查前需先断电，且为静态信息图。,AI=2→R1=0：第4帧标题卡仅提及插电和开机重启步骤，未解释'为何检查前需先断电'的原因，且为静态信息图。；来源泄漏由 yes 修正为 no：联系表未见检索方法、排名、分数或答案来源暴露,R1-spotcheck,completed,2026-07-28T09:46:50+08:00
VQ-067,检查打印机内部前为什么要先断电？,zh-CN,Printer,safety,source_disjoint_test,printer-020-scene-0001,printer-020,0.0,5.172,1,,,no,OCR文字包含'Switch off the printer'作为Error 5B00重置步骤之一（t=0.0s–5.2s各帧均有此文字叠加层背景），提到断电但未解释'为什么'要在检查内部前断电的安全原因。,AI=2→R1=1：OCR仅提及'Switch off the printer'作为操作步骤，并未解释断电的原因/安全考量，无法回答'为什么要先断电'。,R1,completed,2026-07-28T02:12:44+08:00
VQ-067,检查打印机内部前为什么要先断电？,zh-CN,Printer,safety,source_disjoint_test,printer-020-scene-0002,printer-020,5.172,110.29,2,5.172,110.29,no,6帧中屏幕文字提示'Switch off the printer'并演示按Power键关机，展示了检查内部前的断电步骤。,,R1,completed,2026-07-28T02:12:44+08:00
VQ-067,检查打印机内部前为什么要先断电？,zh-CN,Printer,safety,source_disjoint_test,printer-021-scene-0001,printer-021,0.0,46.367,0,,,no,全部6帧（t=0.1–46.4s）无断电安全说明或检查内部前的注意事项内容。,,R1,completed,2026-07-28T02:12:44+08:00
VQ-067,检查打印机内部前为什么要先断电？,zh-CN,Printer,safety,source_disjoint_test,printer-021-scene-0002,printer-021,46.367,108.417,0,,,no,第2、4帧（t=58.8s、83.6s）显示纸张已放入打印机进纸托盘，第3帧（t=71.2s）可见控制面板但无法辨识显示内容，其余帧过曝或为打印机顶盖，未见卡纸取出或墨盒操作。,,R1,completed,2026-07-28T02:12:44+08:00
VQ-067,检查打印机内部前为什么要先断电？,zh-CN,Printer,safety,source_disjoint_test,printer-021-scene-0003,printer-021,108.417,154.467,0,,,no,6帧均为拆解维修画面，未解释检查内部前断电的原因。,,R1,completed,2026-07-28T02:12:44+08:00
VQ-067,检查打印机内部前为什么要先断电？,zh-CN,Printer,safety,source_disjoint_test,printer-024-scene-0001,printer-024,0.0,172.406,1,,,no,第2–6帧可见人员接触打印机内部，但画面未说明断电原因或展示断电动作。,,R1,completed,2026-07-28T02:12:44+08:00
VQ-067,检查打印机内部前为什么要先断电？,zh-CN,Printer,safety,source_disjoint_test,printer-024-scene-0002,printer-024,172.406,380.247,1,,,no,6帧（t=172.4s–380.2s）展示人员对拆解打印机内部进行操作（手持部件、使用工具），涉及内部检查的上下文；但未展示断电步骤或解释断电原因。,,R1,completed,2026-07-28T02:12:44+08:00
VQ-067,检查打印机内部前为什么要先断电？,zh-CN,Printer,safety,source_disjoint_test,printer-024-scene-0003,printer-024,380.247,389.656,0,,,no,6帧无断电操作或检查前断电原因说明。,,R1,completed,2026-07-28T02:12:44+08:00
VQ-067,检查打印机内部前为什么要先断电？,zh-CN,Printer,safety,source_disjoint_test,printer-028-scene-0001,printer-028,0.0,226.84,0,,,no,全部6帧均为黑色佳能打印机静态外观展示，第3帧（t=90.7s）有手指触碰控制面板按键，但未见任何操作演示、状态显示或内部组件。,AI=1→R1=0：画面中未涉及断电或安全检查内容。,R1,completed,2026-07-28T02:12:44+08:00
VQ-067,检查打印机内部前为什么要先断电？,zh-CN,Printer,safety,source_disjoint_test,printer-030-scene-0004,printer-030,107.074,121.221,0,,,no,无断电安全步骤。,,R1,completed,2026-07-28T01:18:39+08:00
VQ-067,检查打印机内部前为什么要先断电？,zh-CN,Printer,safety,source_disjoint_test,printer-030-scene-0012,printer-030,238.005,247.814,0,,,no,全部6帧（t=238.0–247.8s）打印机处于通电运行状态，但画面和语音均未涉及断电安全说明或检查内部前的注意事项。,AI=1→R1=0：仅显示打印机通电出纸运行，无任何关于断电安全说明的内容，与查询问题无关。,R1,completed,2026-07-28T02:12:44+08:00
VQ-067,检查打印机内部前为什么要先断电？,zh-CN,Printer,safety,source_disjoint_test,printer-031-scene-0001,printer-031,0.0,26.0,0,,,no,同上，无安全断电相关内容。,,R1,completed,2026-07-28T02:12:44+08:00
VQ-067,检查打印机内部前为什么要先断电？,zh-CN,Printer,safety,source_disjoint_test,printer-031-scene-0002,printer-031,26.0,69.733,0,,,no,全部6帧（t=26.0s–69.7s）均为电脑屏幕显示Word/Windows桌面，未出现打印机本体、控制面板或任何硬件操作画面。,,R1,completed,2026-07-28T02:12:44+08:00
VQ-067,检查打印机内部前为什么要先断电？,zh-CN,Printer,safety,source_disjoint_test,printer-031-scene-0003,printer-031,69.733,179.267,0,,,no,全部6帧主要显示电脑屏幕、文件资源管理器及扫描设置界面，第5帧（t=157.4s）仅展示平板扫描仪上的纸张摆放，属于扫描而非打印/进纸动作，未出现打印机控制面板或硬件操作。,,R1,completed,2026-07-28T02:12:44+08:00
VQ-067,检查打印机内部前为什么要先断电？,zh-CN,Printer,safety,source_disjoint_test,printer-031-scene-0005,printer-031,287.033,300.58,0,,,no,全部6帧（t=287.0s–300.6s）为电脑桌面操作和视频结尾画面，无断电或检查打印机内部的任何内容。,,R1,completed,2026-07-28T02:12:44+08:00
VQ-067,检查打印机内部前为什么要先断电？,zh-CN,Printer,safety,source_disjoint_test,printer-032-scene-0001,printer-032,0.0,348.79,1,,,no,联系表帧中（卡通人物、面板特写、走纸）未见断电动作或安全说明画面。,AI=3→R1=1：未见画面演示断电动作，不能判为直接回答为何先断电。,R1,completed,2026-07-28T02:12:44+08:00
VQ-067,检查打印机内部前为什么要先断电？,zh-CN,Printer,safety,source_disjoint_test,printer-033-scene-0001,printer-033,0.0,88.317,0,,,no,6帧未展示断电原因或检查内部的安全说明。,,R1,completed,2026-07-28T02:12:44+08:00
VQ-067,检查打印机内部前为什么要先断电？,zh-CN,Printer,safety,source_disjoint_test,printer-033-scene-0002,printer-033,88.317,97.633,1,,,no,全6帧（t=88.3s–97.6s）显示手操作Canon PIXMA控制面板（含电源键区域），ASR提及排障前先关机，但画面未解释'为什么要先断电'的安全原因。,AI=2→R1=1：画面显示操作电源键的动作且ASR提及关机，但未解释断电的安全原因。,R1,completed,2026-07-28T02:12:44+08:00
VQ-067,检查打印机内部前为什么要先断电？,zh-CN,Printer,safety,source_disjoint_test,printer-033-scene-0003,printer-033,97.633,99.983,1,,,no,6帧仅展示打印机，无任何断电操作或检查前断电的原因说明。,,R1,completed,2026-07-28T02:12:44+08:00
VQ-067,检查打印机内部前为什么要先断电？,zh-CN,Printer,safety,source_disjoint_test,printer-033-scene-0004,printer-033,99.983,117.083,0,,,no,同上，无断电/安全相关内容。,,R1,completed,2026-07-28T02:12:44+08:00
VQ-067,检查打印机内部前为什么要先断电？,zh-CN,Printer,safety,source_disjoint_test,printer-033-scene-0005,printer-033,117.083,177.783,0,,,no,6帧均为拆解件处理，没有断电或检查内部的安全说明。,,R1,completed,2026-07-28T02:12:44+08:00
VQ-067,检查打印机内部前为什么要先断电？,zh-CN,Printer,safety,source_disjoint_test,printer-033-scene-0006,printer-033,177.783,540.983,0,,,no,全部6帧（t=177.8–541.0s）展示机械组件组装，无断电安全说明内容。,,R1,completed,2026-07-28T02:12:44+08:00
VQ-067,检查打印机内部前为什么要先断电？,zh-CN,Printer,safety,source_disjoint_test,printer-033-scene-0007,printer-033,540.983,730.5,0,,,no,6帧无断电操作或检查前断电原因说明。,,R1,completed,2026-07-28T02:12:44+08:00
VQ-068,How should hot internal printer components be avoided during jam removal?,en,Printer,safety,source_disjoint_test,printer-001-scene-0001,printer-001,0.0,33.81,0,,,no,无卡纸清理或高温组件防护相关内容。,,R1,completed,2026-07-28T01:18:39+08:00
VQ-068,How should hot internal printer components be avoided during jam removal?,en,Printer,safety,source_disjoint_test,printer-003-scene-0001,printer-003,0.0,95.43,0,,,no,6帧为激光雕刻/切割机，没有卡纸取出或高温部件避让内容。,,R1,completed,2026-07-28T02:12:44+08:00
VQ-068,How should hot internal printer components be avoided during jam removal?,en,Printer,safety,source_disjoint_test,printer-006-scene-0014,printer-006,75.59,83.331,0,,,no,全部6帧（t=75.6s–83.3s）为手持墨盒清洁触点，无卡纸拆除或高温部件安全提示。,,R1,completed,2026-07-28T02:12:44+08:00
VQ-068,How should hot internal printer components be avoided during jam removal?,en,Printer,safety,source_disjoint_test,printer-006-scene-0015,printer-006,83.331,85.7,1,,,no,全部6帧（t=83.3s–85.7s）显示戴黑色手套的手持一个黑色墨盒，从多个角度特写其底部铜色触点区域，内容涉及清洁触点而非卡纸移除时避免高温部件。,AI=0→R1=1：画面明确展示打印机墨盒产品（清晰可见底部铜色触点阵列），虽与查询主题（卡纸安全）不符但产品确实出现。,R1,completed,2026-07-28T02:28:46+08:00
VQ-068,How should hot internal printer components be avoided during jam removal?,en,Printer,safety,source_disjoint_test,printer-006-scene-0017,printer-006,92.239,103.484,0,,,no,6帧只有戴手套用布擦墨盒的画面，无打印机、无卡纸、无高温警示或安全提示。,,R1,completed,2026-07-28T02:12:44+08:00
VQ-068,How should hot internal printer components be avoided during jam removal?,en,Printer,safety,source_disjoint_test,printer-014-scene-0006,printer-014,151.267,277.367,0,,,no,全部6帧（t=151.3s–277.4s）近距离展示打印机墨盒舱内部，可见手按压并取出墨盒，属于墨盒更换/维护操作；未见进纸托盘、控制面板或卡纸处理画面。,AI=3→R1=0：画面展示的是墨盒更换操作中的安全提示，并非卡纸取出时如何避免高温部件。,R1,completed,2026-07-28T02:12:44+08:00
VQ-068,How should hot internal printer components be avoided during jam removal?,en,Printer,safety,source_disjoint_test,printer-014-scene-0009,printer-014,404.267,454.233,0,,,no,6帧均无打印机、无卡纸清理画面，仅桌面上的墨盒撬开与灌墨操作，与高温内部部件规避完全无关。,,R1,completed,2026-07-28T02:12:44+08:00
VQ-068,How should hot internal printer components be avoided during jam removal?,en,Printer,safety,source_disjoint_test,printer-014-scene-0016,printer-014,809.3,980.5,1,,,no,墨水加注与卡纸清理时的高温组件防护无关。,,R1,completed,2026-07-28T01:18:39+08:00
VQ-068,How should hot internal printer components be avoided during jam removal?,en,Printer,safety,source_disjoint_test,printer-014-scene-0018,printer-014,1025.667,1068.333,1,,,no,全部6帧显示手在打印机内部操作墨盒/小部件，未见纸张、卡纸场景，也未出现任何关于'高温内部部件'的警示文字或动作。,,R1,completed,2026-07-28T02:12:44+08:00
VQ-068,How should hot internal printer components be avoided during jam removal?,en,Printer,safety,source_disjoint_test,printer-014-scene-0019,printer-014,1068.333,1108.3,0,,,no,全部6帧（t=1068.3–1108.3s）展示墨盒安装操作，无高温组件防护或卡纸清除安全注意事项。,,R1,completed,2026-07-28T02:12:44+08:00
VQ-068,How should hot internal printer components be avoided during jam removal?,en,Printer,safety,source_disjoint_test,printer-017-scene-0002,printer-017,5.0,15.0,3,11.0,13.0,no,t=11.0s和t=13.0s幻灯片明确说明拔插头后等待30秒让残余电力消散、内部组件冷却，直接回答如何避免高温内部组件。,AI时间10.0-15.0→R1时间11.0-13.0，仅中间两帧显示高温组件冷却说明。；来源泄漏由 yes 修正为 no：联系表未见检索方法、排名、分数或答案来源暴露,R1-spotcheck,completed,2026-07-28T09:46:50+08:00
VQ-068,How should hot internal printer components be avoided during jam removal?,en,Printer,safety,source_disjoint_test,printer-017-scene-0003,printer-017,15.0,50.0,0,,,uncertain,第2帧（t=22.0s）标题卡'Step 3'提及'Prevent Tearing'和'Avoid sudden tugs'等注意事项，但未明确提及高温组件防护；整体为静态信息图。,AI=2→R1=0：标题卡仅提及避免撕扯卡纸等一般注意事项，未涉及高温组件防护的具体内容，且为静态信息图非实操演示。,R1,completed,2026-07-28T02:12:44+08:00
VQ-068,How should hot internal printer components be avoided during jam removal?,en,Printer,safety,source_disjoint_test,printer-020-scene-0001,printer-020,0.0,5.172,0,,,no,全部6帧（t=0.0s–5.2s）为Canon G2000前面板及重置教程，无卡纸拆除或高温部件安全相关的任何信息。,,R1,completed,2026-07-28T02:12:44+08:00
VQ-068,How should hot internal printer components be avoided during jam removal?,en,Printer,safety,source_disjoint_test,printer-020-scene-0002,printer-020,5.172,110.29,0,,,no,6帧虽然有关机步骤，但没有展示卡纸取出或高温部件避让内容。,AI=1→R1=0：虽然有关机步骤，但没有展示卡纸取出或高温部件避让内容。,R1,completed,2026-07-28T02:12:44+08:00
VQ-068,How should hot internal printer components be avoided during jam removal?,en,Printer,safety,source_disjoint_test,printer-021-scene-0003,printer-021,108.417,154.467,0,,,no,6帧仅展示拆解后的打印机内部零件，未给出卡纸取出时避免高温部件的安全提示。,AI=1→R1=0：画面仅有内部零件，没有关于高温部件的安全说明。,R1,completed,2026-07-28T02:12:44+08:00
VQ-068,How should hot internal printer components be avoided during jam removal?,en,Printer,safety,source_disjoint_test,printer-021-scene-0004,printer-021,154.467,183.3,0,,,no,6帧仅展示手持的内部零件，未给出卡纸取出时避免高温部件的安全提示。,,R1,completed,2026-07-28T02:12:44+08:00
VQ-068,How should hot internal printer components be avoided during jam removal?,en,Printer,safety,source_disjoint_test,printer-021-scene-0006,printer-021,202.7,220.1,0,,,no,全部6帧（t=202.7s–220.1s）为拆解打印机机械零件维修场景（齿轮、轴、螺丝刀），无卡纸拆除或高温部件安全相关的任何内容。,,R1,completed,2026-07-28T02:12:44+08:00
VQ-068,How should hot internal printer components be avoided during jam removal?,en,Printer,safety,source_disjoint_test,printer-024-scene-0001,printer-024,0.0,172.406,0,,,no,拆机画面未涉及卡纸取出，也未提示高温部件避让。,AI=1→R1=0：画面仅展示拆机，与卡纸及高温部件安全无关。,R1,completed,2026-07-28T02:12:44+08:00
VQ-068,How should hot internal printer components be avoided during jam removal?,en,Printer,safety,source_disjoint_test,printer-024-scene-0002,printer-024,172.406,380.247,1,,,no,6帧（t=172.4s–380.2s）为拆解打印机维修场景，戴手套操作部件，可归为维修安全上下文；但无关于避免高温部件的具体提示或操作示范。,第三轮仲裁复核：维持R1原判（等级/时间/泄漏均确认无误）。,R1,completed,2026-07-28T20:35:21+08:00
VQ-068,How should hot internal printer components be avoided during jam removal?,en,Printer,safety,source_disjoint_test,printer-024-scene-0003,printer-024,380.247,389.656,1,,,no,t=380.2s-389.7s可见内部组件运动，但无关于高温组件及如何避免的安全说明。,AI=0→R1=1：画面展示相关内部组件但未回答如何避免高温。,R1,completed,2026-07-28T02:12:44+08:00
VQ-068,How should hot internal printer components be avoided during jam removal?,en,Printer,safety,source_disjoint_test,printer-028-scene-0001,printer-028,0.0,226.84,0,,,no,全部6帧均为黑色佳能打印机静态外观展示，第3帧（t=90.7s）有手指触碰控制面板按键，但未见任何操作演示、状态显示或内部组件。,,R1,completed,2026-07-28T02:12:44+08:00
VQ-068,How should hot internal printer components be avoided during jam removal?,en,Printer,safety,source_disjoint_test,printer-030-scene-0001,printer-030,0.0,46.079,0,,,no,全部6帧（t=0s–46.1s）均为一名穿蓝灰条纹毛衣的男子在商店环境中对着镜头讲话，画面中无任何打印机或内部组件出现。,,R1,completed,2026-07-28T02:28:46+08:00
VQ-068,How should hot internal printer components be avoided during jam removal?,en,Printer,safety,source_disjoint_test,printer-030-scene-0004,printer-030,107.074,121.221,0,,,no,无卡纸清理或高温防护内容。,,R1,completed,2026-07-28T01:18:39+08:00
VQ-068,How should hot internal printer components be avoided during jam removal?,en,Printer,safety,source_disjoint_test,printer-030-scene-0012,printer-030,238.005,247.814,0,,,no,全部6帧（t=238.0–247.8s）仅显示打印机出纸，无高温组件防护或卡纸清除安全注意事项。,,R1,completed,2026-07-28T02:12:44+08:00
VQ-068,How should hot internal printer components be avoided during jam removal?,en,Printer,safety,source_disjoint_test,printer-031-scene-0002,printer-031,26.0,69.733,0,,,no,全部6帧（t=26.0s–69.7s）均为电脑屏幕显示Word/Windows桌面，未出现打印机本体、控制面板或任何硬件操作画面。,,R1,completed,2026-07-28T02:12:44+08:00
VQ-068,How should hot internal printer components be avoided during jam removal?,en,Printer,safety,source_disjoint_test,printer-031-scene-0003,printer-031,69.733,179.267,0,,,no,全部6帧主要显示电脑屏幕、文件资源管理器及扫描设置界面，第5帧（t=157.4s）仅展示平板扫描仪上的纸张摆放，属于扫描而非打印/进纸动作，未出现打印机控制面板或硬件操作。,,R1,completed,2026-07-28T02:12:44+08:00
VQ-068,How should hot internal printer components be avoided during jam removal?,en,Printer,safety,source_disjoint_test,printer-031-scene-0004,printer-031,179.267,287.033,0,,,no,6帧中大部分（t=179.3s/t=222.4s/t=243.9s/t=265.5s/t=287.1s）为扫描仪软件界面或Windows文件保存对话框，仅第2帧（t=200.8s）短暂显示手按Canon打印机按键，整体与卡纸移除时避免高温部件无关。,,R1,completed,2026-07-28T02:28:46+08:00
VQ-068,How should hot internal printer components be avoided during jam removal?,en,Printer,safety,source_disjoint_test,printer-032-scene-0001,printer-032,0.0,348.79,0,,,no,未出现卡纸、高温部件或安全提示。,,R1,completed,2026-07-28T02:12:44+08:00
VQ-068,How should hot internal printer components be avoided during jam removal?,en,Printer,safety,source_disjoint_test,printer-033-scene-0001,printer-033,0.0,88.317,0,,,no,6帧未展示卡纸取出或高温部件避让内容。,,R1,completed,2026-07-28T02:12:44+08:00
VQ-068,How should hot internal printer components be avoided during jam removal?,en,Printer,safety,source_disjoint_test,printer-033-scene-0004,printer-033,99.983,117.083,0,,,no,同上，无高温部件或安全规避提示。,,R1,completed,2026-07-28T02:12:44+08:00
VQ-068,How should hot internal printer components be avoided during jam removal?,en,Printer,safety,source_disjoint_test,printer-033-scene-0005,printer-033,117.083,177.783,0,,,no,6帧均为拆解件处理，没有卡纸取出或高温部件避让内容。,,R1,completed,2026-07-28T02:12:44+08:00
VQ-068,How should hot internal printer components be avoided during jam removal?,en,Printer,safety,source_disjoint_test,printer-033-scene-0006,printer-033,177.783,540.983,0,,,no,全部6帧（t=177.8–541.0s）展示机械零件组装，无高温组件防护或安全注意事项。,,R1,completed,2026-07-28T02:12:44+08:00
VQ-069,怎样组装吸尘器延长杆和地刷？,zh-CN,Vacuum,operation,development,vacuum-001-scene-0001,vacuum-001,0.0,26.51,1,,,no,第1、3、5、6帧（t=0.0s、10.6s、21.2s、26.5s）可见黄色桶式吸尘器主体在房间内，但画面整体抖动模糊，未出现延长杆与地刷的组装动作。,AI=0→R1=1：画面中确实出现了吸尘器产品，但未展示该query所问的具体操作或部件。,R1,completed,2026-07-28T02:28:46+08:00
VQ-069,怎样组装吸尘器延长杆和地刷？,zh-CN,Vacuum,operation,development,vacuum-002-scene-0001,vacuum-002,0.0,30.94,1,,,no,全部6帧（t=0s–30.9s）均为一台黑白卧式吸尘器静置在花纹地毯上，软管和附件摆放在旁侧，产品出现但无任何组装动作。,,R1,completed,2026-07-28T02:28:46+08:00
VQ-069,怎样组装吸尘器延长杆和地刷？,zh-CN,Vacuum,operation,development,vacuum-003-scene-0001,vacuum-003,0.0,15.46,0,,,no,6帧均为黑色圆形扫地机器人在浅色木地板上缓慢移动（t=0s至t=15.4s），无延长杆或地刷组件及组装操作。,,R1,completed,2026-07-28T02:28:46+08:00
VQ-069,怎样组装吸尘器延长杆和地刷？,zh-CN,Vacuum,operation,development,vacuum-008-scene-0001,vacuum-008,0.0,27.207,0,,,no,全部6帧为NEATO扫地机器人第一人称视角在地板上移动（t=0.0s–27.2s），其中第2–3帧是标题卡，其余帧仅显示机器人视角穿过家具底部，无任何延长杆或地刷组件及组装动作。,,R1,completed,2026-07-28T02:28:46+08:00
VQ-069,怎样组装吸尘器延长杆和地刷？,zh-CN,Vacuum,operation,development,vacuum-008-scene-0002,vacuum-008,27.207,31.211,0,,,no,6帧均为昏暗模糊的室内场景，无法辨认吸尘器及其任何部件或操作。,,R1,completed,2026-07-28T02:28:46+08:00
VQ-069,怎样组装吸尘器延长杆和地刷？,zh-CN,Vacuum,operation,development,vacuum-008-scene-0005,vacuum-008,39.094,41.263,0,,,no,6帧画面昏暗模糊，无法识别具体产品、吸尘器部件或组装动作。,,R1,completed,2026-07-28T02:28:46+08:00
VQ-069,怎样组装吸尘器延长杆和地刷？,zh-CN,Vacuum,operation,development,vacuum-008-scene-0013,vacuum-008,70.127,72.421,0,,,no,全部6帧（t=70.1s–72.4s）为NEATO机器人POV视角穿过一个有吉它音箱、ROOTEA纸箱和厨房区域的房间，无任何吸尘器延长杆或地刷组件及组装动作。,,R1,completed,2026-07-28T02:28:46+08:00
VQ-069,怎样组装吸尘器延长杆和地刷？,zh-CN,Vacuum,operation,development,vacuum-008-scene-0018,vacuum-008,88.188,123.83,0,,,no,全部6帧（t=88.2s–123.8s）为NEATO机器人第一人称低角度移动视角，经过沙发、茶几、吉他、桌椅下方，无任何延长杆或地刷组装内容。,,R1,completed,2026-07-28T02:28:46+08:00
VQ-069,怎样组装吸尘器延长杆和地刷？,zh-CN,Vacuum,operation,development,vacuum-009-scene-0001,vacuum-009,0.0,41.54,0,,,no,全部6帧（t=0.0s–41.5s）显示人在地毯上推红色吸尘器，旁边有一只棕狗走动，未出现任何延长杆与地刷的组装动作或对接。,,R1,completed,2026-07-28T02:28:46+08:00
VQ-069,怎样组装吸尘器延长杆和地刷？,zh-CN,Vacuum,operation,development,vacuum-010-scene-0001,vacuum-010,0.0,74.7,0,,,no,全部6帧为俯视角房间画面，扫地机器人在地板上移动，无延长杆或地刷组装操作。,,R1,completed,2026-07-28T02:28:46+08:00
VQ-069,怎样组装吸尘器延长杆和地刷？,zh-CN,Vacuum,operation,development,vacuum-034-scene-0001,vacuum-034,0.0,5.005,0,,,no,全部6帧均为LG A9 Tower吸尘器的标题卡，显示产品图与'Disassembly & Assembly'文字，无任何组装操作画面。,AI=1→R1=0：这是纯标题卡/封面帧，无任何实际操作演示，按规范标题卡应判为0。,R1,completed,2026-07-28T02:28:46+08:00
VQ-069,怎样组装吸尘器延长杆和地刷？,zh-CN,Vacuum,operation,development,vacuum-034-scene-0027,vacuum-034,230.831,240.507,0,,,no,6帧展示吸尘器内部尘道组件（Dust duct assembly）的拆装操作（t=230.8s至t=240.5s），涉及拔插连接器、卸螺丝等内部维修，非延长杆或地刷组装。,AI=1→R1=0：画面为内部尘道组件拆装，与延长杆/地刷组装是完全不同的组件和操作，不属于同产品相关。,R1,completed,2026-07-28T02:28:46+08:00
VQ-069,怎样组装吸尘器延长杆和地刷？,zh-CN,Vacuum,operation,development,vacuum-034-scene-0030,vacuum-034,248.448,256.556,0,,,no,6帧均为吸尘器内部电机组件拆解画面（t=248.4s至t=256.6s），双手操作电线连接器和内部线路，与延长杆和地刷组装完全无关。,,R1,completed,2026-07-28T02:28:46+08:00
VQ-069,怎样组装吸尘器延长杆和地刷？,zh-CN,Vacuum,operation,development,vacuum-034-scene-0032,vacuum-034,280.514,286.553,0,,,no,全部6帧（t=280.5s–286.6s）展示双手在拆解的吸尘器内部连接蓝色电线插头的电气维修操作，并非延长杆或地刷的组装。,,R1,completed,2026-07-28T02:28:46+08:00
VQ-069,怎样组装吸尘器延长杆和地刷？,zh-CN,Vacuum,operation,development,vacuum-034-scene-0040,vacuum-034,333.767,340.273,1,,,no,第1–6帧（t=333.8s–340.3s）可见手将一个金属L型支架安装到地面上一台黑色方形真空底座/坞站的背面（ASR提到'Place the top bracket'/'back plate is fully aligned'），是支架/挂壁件装配动作，未出现延长杆或地刷。,,R1,completed,2026-07-28T02:28:46+08:00
VQ-069,怎样组装吸尘器延长杆和地刷？,zh-CN,Vacuum,operation,development,vacuum-038-scene-0001,vacuum-038,0.0,10.96,0,,,no,第1–6帧（t=0.0s–10.9s）显示一位女士在客厅与立式吸尘器并立+字幕'Samsung Jet vacuum cleaner'/'This video will show you how to recharge the battery'，只是视频标题卡，无任何延长杆/地刷组装动作。,,R1,completed,2026-07-28T02:28:46+08:00
VQ-069,怎样组装吸尘器延长杆和地刷？,zh-CN,Vacuum,operation,development,vacuum-038-scene-0002,vacuum-038,10.96,18.16,0,,,no,6帧均为21.6V锂电池特写及文字说明，未出现吸尘器延长杆、地刷或组装动作。,,R1,completed,2026-07-28T02:28:46+08:00
VQ-069,怎样组装吸尘器延长杆和地刷？,zh-CN,Vacuum,operation,development,vacuum-038-scene-0003,vacuum-038,18.16,23.36,0,,,no,第1–2帧（t=18.2s–19.2s）女士手持深色电池包向银色手持吸尘器顶部电池槽插装；第3–5帧（t=20.2s–22.3s）是充电坞站特写加字幕'The battery can easily be ejected and recharged.'；第6帧（t=23.4s）再次显示手持电池。整体内容是电池拆卸/充电，未涉及延长杆或地刷组装。,,R1,completed,2026-07-28T02:28:46+08:00
VQ-069,怎样组装吸尘器延长杆和地刷？,zh-CN,Vacuum,operation,development,vacuum-038-scene-0009,vacuum-038,54.8,65.24,0,,,no,全部6帧（t=54.2s–65.2s）展示吸尘器电池充电底座及手将电池插入底座的操作，未显示延长杆或地刷的任何组装步骤。,,R1,completed,2026-07-28T02:28:46+08:00
VQ-069,怎样组装吸尘器延长杆和地刷？,zh-CN,Vacuum,operation,development,vacuum-038-scene-0010,vacuum-038,65.24,71.28,1,,,no,6帧（t=65.2s-71.3s）显示人物将电池推入吸尘器主体并听到卡扣声，但未展示延长杆与地刷组装。,AI=0→R1=1：画面中可见吸尘器主体及电池安装动作，但未展示延长杆与地刷组装。,R1,completed,2026-07-28T02:28:46+08:00
VQ-069,怎样组装吸尘器延长杆和地刷？,zh-CN,Vacuum,operation,development,vacuum-039-scene-0003,vacuum-039,6.4,8.4,0,,,no,6帧均为吸尘器吸头在地面上吸取碎屑的运行画面（t=6.4s至t=8.4s），无延长杆或地刷组装操作。,,R1,completed,2026-07-28T02:28:46+08:00
VQ-069,怎样组装吸尘器延长杆和地刷？,zh-CN,Vacuum,operation,development,vacuum-039-scene-0004,vacuum-039,8.4,12.08,0,,,no,6帧为红色吸尘器广告画面，含日文字符与价格，未展示任何组装或操作。,,R1,completed,2026-07-28T02:28:46+08:00
VQ-069,怎样组装吸尘器延长杆和地刷？,zh-CN,Vacuum,operation,development,vacuum-039-scene-0009,vacuum-039,24.2,27.24,0,,,no,6帧（t=24.2s–27.2s）中大部分为模糊画面（第1、3、4、6帧），第2帧为红色不明物体，第5帧仅显示白色地刷头静置，全程无延长杆或地刷组装动作。,,R1,completed,2026-07-28T02:28:46+08:00
VQ-069,怎样组装吸尘器延长杆和地刷？,zh-CN,Vacuum,operation,development,vacuum-039-scene-0013,vacuum-039,36.4,40.72,0,,,no,6帧特写吸尘器尘盒机构，未出现延长杆或地刷组装。,,R1,completed,2026-07-28T02:28:46+08:00
VQ-069,怎样组装吸尘器延长杆和地刷？,zh-CN,Vacuum,operation,development,vacuum-039-scene-0029,vacuum-039,86.64,91.04,0,,,no,"第2–5帧（t=87.5s–90.2s）为红色吸尘器静态产品广告画面，带日文'クリーナー/掃除機'与价格'17,900円'，第1/6帧是过渡模糊帧；无任何延长杆/地刷组装动作。",,R1,completed,2026-07-28T02:28:46+08:00
VQ-069,怎样组装吸尘器延长杆和地刷？,zh-CN,Vacuum,operation,development,vacuum-044-scene-0002,vacuum-044,2.56,4.88,0,,,no,全部6帧（t=2.6s–4.9s）仅显示一只手在纯白背景前手持IAFF品牌手持吸尘器，无延长杆、地刷或任何组装动作。,,R1,completed,2026-07-28T02:28:46+08:00
VQ-069,怎样组装吸尘器延长杆和地刷？,zh-CN,Vacuum,operation,development,vacuum-044-scene-0006,vacuum-044,17.68,20.8,1,,,no,第3–5帧（t=18.9s–20.2s）展示一只手握着黑色圆柱形吸尘器管状附件在纯色背景前，吸尘器附件产品出现，但无延长杆与地刷的组装连接动作演示。,,R1,completed,2026-07-28T02:28:46+08:00
VQ-069,怎样组装吸尘器延长杆和地刷？,zh-CN,Vacuum,operation,development,vacuum-044-scene-0008,vacuum-044,26.24,30.24,0,,,no,6帧仅展示壁挂配件架与手持配件，未出现延长杆或地刷，也无组装动作。,,R1,completed,2026-07-28T02:28:46+08:00
VQ-069,怎样组装吸尘器延长杆和地刷？,zh-CN,Vacuum,operation,development,vacuum-053-scene-0001,vacuum-053,0.0,28.53,0,,,no,6帧主要为网页/标题画面与吸尘器静态展示，未出现延长杆或地刷组装。,,R1,completed,2026-07-28T02:28:46+08:00
VQ-069,怎样组装吸尘器延长杆和地刷？,zh-CN,Vacuum,operation,development,vacuum-058-scene-0002,vacuum-058,2.08,4.52,1,,,no,6帧均显示吸尘器吸头在蓝色印花布艺表面移动吸除碎屑，但未展示延长杆或地刷的组装步骤。,AI=0→R1=1，吸尘器产品出现但画面仅展示清洁动作，未演示延长杆与地刷组装。,R1,completed,2026-07-28T02:28:46+08:00
VQ-069,怎样组装吸尘器延长杆和地刷？,zh-CN,Vacuum,operation,development,vacuum-058-scene-0003,vacuum-058,4.52,6.8,1,,,no,6帧（t=4.5s-6.8s）显示吸尘器地刷及延长杆已组装并在地毯上工作，但未展示组装过程。,AI=0→R1=1：画面中可见吸尘器地刷及延长杆已组装状态，但未展示组装过程。,R1,completed,2026-07-28T02:28:46+08:00
VQ-069,怎样组装吸尘器延长杆和地刷？,zh-CN,Vacuum,operation,development,vacuum-058-scene-0004,vacuum-058,6.8,9.72,0,,,no,全部6帧（t=6.8s–9.7s）展示手持吸尘器的集尘仓特写和挂墙动作，以及一只猫在地板上行走，无延长杆或地刷的组装过程。,,R1,completed,2026-07-28T02:28:46+08:00
VQ-069,怎样组装吸尘器延长杆和地刷？,zh-CN,Vacuum,operation,development,vacuum-058-scene-0006,vacuum-058,11.84,14.98,0,,,no,全部6帧（t=11.8s–15.0s）均为三星吸尘器金属外壳特写'SAMSUNG'徽标/扬声器孔/按键，以及'Stay clean. Stay loving.'/黑屏SAMSUNG标识，纯品牌/产品外观展示，无延长杆或地刷组装。,,R1,completed,2026-07-28T02:28:46+08:00
VQ-069,怎样组装吸尘器延长杆和地刷？,zh-CN,Vacuum,operation,development,vacuum-060-scene-0001,vacuum-060,0.0,3.67,1,,,no,第2-5帧（t=0.7s-2.9s）可见人物手持吸尘器整机及地刷在木地板上使用，但未见延长杆与地刷的组装动作。,AI=0→R1=1：画面中可见吸尘器整机及地刷，但未展示延长杆与地刷的组装过程。,R1,completed,2026-07-28T02:28:46+08:00
VQ-069,怎样组装吸尘器延长杆和地刷？,zh-CN,Vacuum,operation,development,vacuum-060-scene-0002,vacuum-060,3.67,6.673,1,,,no,6帧（t=3.7s-6.7s）显示手持吸尘器主体，背景模糊可见附件，但未展示延长杆与地刷组装。,AI=0→R1=1：画面中可见手持吸尘器主体，但未展示延长杆与地刷的组装动作。,R1,completed,2026-07-28T02:28:46+08:00
VQ-069,怎样组装吸尘器延长杆和地刷？,zh-CN,Vacuum,operation,development,vacuum-060-scene-0003,vacuum-060,6.673,8.709,0,,,no,全部6帧（t=6.7s–8.7s）展示一人手持已组装好的杆式吸尘器在木地板上推动，但无任何延长杆与地刷的组装过程或分解步骤。,,R1,completed,2026-07-28T02:28:46+08:00
VQ-070,How is a vacuum cleaner used on carpet or hard flooring?,en,Vacuum,operation,development,vacuum-001-scene-0001,vacuum-001,0.0,26.51,1,,,no,第1、3、5、6帧可见黄色吸尘器出现在地板/地毯环境中，但画面严重模糊，没有清晰展示在地板上的实际清洁操作。,AI=0→R1=1：画面中确实出现了吸尘器产品，但未展示该query所问的具体操作或部件。,R1,completed,2026-07-28T02:28:46+08:00
VQ-070,How is a vacuum cleaner used on carpet or hard flooring?,en,Vacuum,operation,development,vacuum-002-scene-0001,vacuum-002,0.0,30.94,1,,,no,全部6帧（t=0s–30.9s）吸尘器始终静置在地毯上未移动，产品出现但无地毯或硬地面清洁使用的演示动作。,,R1,completed,2026-07-28T02:28:46+08:00
VQ-070,How is a vacuum cleaner used on carpet or hard flooring?,en,Vacuum,operation,development,vacuum-003-scene-0001,vacuum-003,0.0,15.46,1,,,no,6帧显示扫地机器人在浅色木地板上移动运行（t=0s至t=15.4s），展示了在硬质地面上使用吸尘器的场景，但无操作说明。,,R1,completed,2026-07-28T02:28:46+08:00
VQ-070,How is a vacuum cleaner used on carpet or hard flooring?,en,Vacuum,operation,development,vacuum-008-scene-0001,vacuum-008,0.0,27.207,0,,,no,全部6帧均为NEATO机器人第一人称移动画面或标题卡（t=0.0s–27.2s），未展示任何人在地毯或硬地板上操作吸尘器的手法或步骤。,,R1,completed,2026-07-28T02:28:46+08:00
VQ-070,How is a vacuum cleaner used on carpet or hard flooring?,en,Vacuum,operation,development,vacuum-008-scene-0004,vacuum-008,37.05,39.094,0,,,no,6帧画面（t=37.0s–39.1s）为昏暗模糊的室内走廊/房间，没有任何吸尘器或地板清洁动作可见。,,R1,completed,2026-07-28T02:28:46+08:00
VQ-070,How is a vacuum cleaner used on carpet or hard flooring?,en,Vacuum,operation,development,vacuum-008-scene-0007,vacuum-008,44.225,46.686,0,,,no,全部6帧（t=44.2s–46.7s）均为低角度拍摄的室内环境画面，可见白色沙发、家具和深色地板，但没有任何吸尘器或相关设备出现。,,R1,completed,2026-07-28T02:28:46+08:00
VQ-070,How is a vacuum cleaner used on carpet or hard flooring?,en,Vacuum,operation,development,vacuum-008-scene-0017,vacuum-008,86.144,88.188,0,,,no,6帧（t=86.1s–88.2s）呈现低角度房间画面，有凳子、凳上白色物体、地板、门框以及标有“ROOTEO OUTBOARD TROLLEY”的纸箱，全程没有出现吸尘器。,,R1,completed,2026-07-28T02:28:46+08:00
VQ-070,How is a vacuum cleaner used on carpet or hard flooring?,en,Vacuum,operation,development,vacuum-008-scene-0018,vacuum-008,88.188,123.83,1,,,no,6帧（t=88.2s–123.8s）均为NEATO扫地机器人在室内地板上自主移动的第一人称视角，吸尘器产品出现并在运行，但未演示人在地毯或硬地板上的操作手法。,,R1,completed,2026-07-28T02:28:46+08:00
VQ-070,How is a vacuum cleaner used on carpet or hard flooring?,en,Vacuum,operation,development,vacuum-009-scene-0001,vacuum-009,0.0,41.54,2,16.5,41.5,no,第3帧（t=16.5s）、第5帧（t=33.2s）、第6帧（t=41.5s）清晰呈现人手推红色吸尘器在地毯上行进，是'在地毯上使用吸尘器'的直接演示；但画面未涉及硬质地板使用技巧。,AI时间0.0-41.54→R1时间16.5-41.5（按联系表帧标签聚焦于可见推拉动作帧，0–24.9s多为静态/狗特写）,R1,completed,2026-07-28T02:28:46+08:00
VQ-070,How is a vacuum cleaner used on carpet or hard flooring?,en,Vacuum,operation,development,vacuum-010-scene-0001,vacuum-010,0.0,74.7,1,,,no,6帧均显示扫地机器人在硬质木地板上自主移动清洁（t=0s至t=74.7s），展示了在硬地板上使用的场景但无任何使用说明或操作指导。,AI=2→R1=1：扫地机器人仅在硬地板上自主移动，未提供'如何在地毯或硬地板上使用'的操作说明或对比演示，仅为产品出现并运行。,R1,completed,2026-07-28T02:28:46+08:00
VQ-070,How is a vacuum cleaner used on carpet or hard flooring?,en,Vacuum,operation,development,vacuum-034-scene-0001,vacuum-034,0.0,5.005,0,,,no,全部6帧均为同一张标题卡，仅展示产品名称与'Disassembly & Assembly'字样，未演示任何地毯或硬地板使用方式。,,R1,completed,2026-07-28T02:28:46+08:00
VQ-070,How is a vacuum cleaner used on carpet or hard flooring?,en,Vacuum,operation,development,vacuum-034-scene-0013,vacuum-034,124.324,127.26,1,,,no,6帧（t=124.3s–127.3s）显示穿红色夹克的人跪在深色地毯上，正将白色立式吸尘器机身放倒，但整个动作是维护前的准备，未见在地毯或硬地板上实际推吸清洁。,AI=0→R1=1：吸尘器机身确实出现并有人将其放倒，但未展示在地毯或硬地板上的吸尘操作。,R1,completed,2026-07-28T02:28:46+08:00
VQ-070,How is a vacuum cleaner used on carpet or hard flooring?,en,Vacuum,operation,development,vacuum-034-scene-0015,vacuum-034,138.772,141.208,1,,,no,6帧（t=138.8s–141.2s）显示一只手拿着吸尘器内部组件，能看到彩色电线和黄色滤材，但画面是拆解/维修状态，没有在地毯或硬地板上推吸使用。,AI=0→R1=1：吸尘器内部组件确实可见，但未展示在地毯或硬地板上的使用。,R1,completed,2026-07-28T02:28:46+08:00
VQ-070,How is a vacuum cleaner used on carpet or hard flooring?,en,Vacuum,operation,development,vacuum-034-scene-0022,vacuum-034,173.006,175.042,1,,,no,6帧（t=173.0s–175.0s）均显示黑色吸尘器机身平放在灰色地毯上并带有一根白色电源线，但没有任何推动、开启或在地毯/硬地板上实际使用的动作。,,R1,completed,2026-07-28T02:28:46+08:00
VQ-070,How is a vacuum cleaner used on carpet or hard flooring?,en,Vacuum,operation,development,vacuum-034-scene-0023,vacuum-034,175.042,179.846,1,,,no,6帧（t=175.0s–179.9s）主要显示黑色吸尘器底部置于地毯上，仅在t=177.9s–178.9s有一只手短暂进入画面触碰底部，但未见整机在地毯/硬地板上被推吸使用。,,R1,completed,2026-07-28T02:28:46+08:00
VQ-070,How is a vacuum cleaner used on carpet or hard flooring?,en,Vacuum,operation,development,vacuum-034-scene-0034,vacuum-034,295.896,304.371,0,,,no,全部6帧（t=295.9s–304.4s）展示的是双手对黑色吸尘器内部组件进行接线拆解维修操作（地毯上进行），并非在地毯或硬地板上使用吸尘器清洁的操作演示。,,R1,completed,2026-07-28T02:28:46+08:00
VQ-070,How is a vacuum cleaner used on carpet or hard flooring?,en,Vacuum,operation,development,vacuum-038-scene-0001,vacuum-038,0.0,10.96,1,,,no,全部6帧（t=0.0s–10.9s）中吸尘器只是站立在女士身旁，未在地毯或硬地上被实际推动使用；字幕声明内容是充电指引。,,R1,completed,2026-07-28T02:28:46+08:00
VQ-070,How is a vacuum cleaner used on carpet or hard flooring?,en,Vacuum,operation,development,vacuum-038-scene-0008,vacuum-038,47.72,54.8,0,,,no,全部6帧基本是白底黑字的静态警告'Do not eject the battery from the vacuum cleaner while it is ON'，未出现吸尘器实物，也未演示在地板上的使用。,,R1,completed,2026-07-28T02:28:46+08:00
VQ-070,How is a vacuum cleaner used on carpet or hard flooring?,en,Vacuum,operation,development,vacuum-038-scene-0011,vacuum-038,71.28,76.64,2,73.4,76.6,no,第3–6帧（t=73.4s–76.6s）清晰展示一名女子在木地板上推动杆式吸尘器进行清洁操作，字幕显示'Now your vacuum cleaner is ready to be used'；但场景仅展示硬地板使用，未展示地毯使用。,AI时间71.28-76.64→R1时间73.4-76.6：实际推动清洁动作从第3帧（t=73.4s）开始，前两帧仅为准备站立阶段。,R1,completed,2026-07-28T02:28:46+08:00
VQ-070,How is a vacuum cleaner used on carpet or hard flooring?,en,Vacuum,operation,development,vacuum-039-scene-0003,vacuum-039,6.4,8.4,1,,,no,6帧显示吸尘器吸头正在地面吸取草屑/碎屑（t=6.4s至t=8.4s），展示了吸尘器的使用状态，但地面看起来是户外水泥/地砖而非明确的地毯或硬木地板，且无使用说明。,AI=3→R1=3大幅降为1：画面仅展示吸尘器在不确定的地面上吸碎屑，既未明确是在地毯还是硬地板上使用，也未提供任何'如何使用'的操作指导，不构成直接完整回答。,R1,completed,2026-07-28T02:28:46+08:00
VQ-070,How is a vacuum cleaner used on carpet or hard flooring?,en,Vacuum,operation,development,vacuum-039-scene-0004,vacuum-039,8.4,12.08,0,,,no,6帧为红色吸尘器广告画面，未展示在地毯或硬地板上的实际使用。,,R1,completed,2026-07-28T02:28:46+08:00
VQ-070,How is a vacuum cleaner used on carpet or hard flooring?,en,Vacuum,operation,development,vacuum-039-scene-0009,vacuum-039,24.2,27.24,1,,,no,6帧（t=24.2s–27.2s）中仅第5帧（t=26.8s）隐约可见一个白色地刷头组件静置于表面，其余帧多为模糊或无关画面，无法构成对地毯/硬地面使用方法的演示。,AI=2→R1=1：场景6帧中4帧模糊不清无法辨识，仅1帧隐约可见地刷头静置但无实际清洁使用动作，不足以达到部分回答等级。,R1,completed,2026-07-28T02:28:46+08:00
VQ-070,How is a vacuum cleaner used on carpet or hard flooring?,en,Vacuum,operation,development,vacuum-039-scene-0010,vacuum-039,27.24,29.4,1,,,no,仅第3–4帧（t=28.1s–28.6s）短暂出现白色吸尘器吸头的静态特写（纯色背景），其余4帧均为哥斯拉/怪兽电影画面；吸尘器仅在纯色背景中静态展示，未在任何地面上演示使用动作。,AI=2→R1=1：仅2帧出现吸尘器吸头静态特写且无地面、无移动使用动作，其余4帧为怪兽电影画面，无法回答'如何在地毯或硬地板上使用吸尘器'。,R1,completed,2026-07-28T02:28:46+08:00
VQ-070,How is a vacuum cleaner used on carpet or hard flooring?,en,Vacuum,operation,development,vacuum-039-scene-0012,vacuum-039,32.52,36.4,1,,,no,全部6帧均为红色吸尘器的广告画面（如t=32.5s、34.1s、35.6s），仅有产品静态展示和日文价格信息，无实际在地板上的清洁操作。,AI=0→R1=1：画面中确实出现了吸尘器产品，但未展示该query所问的具体操作或部件。,R1,completed,2026-07-28T02:28:46+08:00
VQ-070,How is a vacuum cleaner used on carpet or hard flooring?,en,Vacuum,operation,development,vacuum-039-scene-0028,vacuum-039,84.48,86.64,0,,,no,全部6帧（t=84.5s–86.6s）均为特摄超级英雄/吉祥物角色（红白服装带翅膀）的表演画面，并非真实吸尘器产品在地毯或硬地板上的使用演示。,AI=1→R1=0：画面为特摄英雄角色表演场景，非真实吸尘器使用演示，产品即使以道具形式出现也不构成有效回答。,R1,completed,2026-07-28T02:28:46+08:00
VQ-070,How is a vacuum cleaner used on carpet or hard flooring?,en,Vacuum,operation,development,vacuum-039-scene-0029,vacuum-039,86.64,91.04,0,,,no,全部6帧（t=86.6s–91.0s）只是红色吸尘器静态产品广告，未在地毯/硬地上实际使用。,,R1,completed,2026-07-28T02:28:46+08:00
VQ-070,How is a vacuum cleaner used on carpet or hard flooring?,en,Vacuum,operation,development,vacuum-044-scene-0002,vacuum-044,2.56,4.88,1,,,no,全部6帧（t=2.6s–4.9s）仅显示手持吸尘器被握持展示，产品出现但无在地毯或硬地面上的清洁使用动作。,,R1,completed,2026-07-28T02:28:46+08:00
VQ-070,How is a vacuum cleaner used on carpet or hard flooring?,en,Vacuum,operation,development,vacuum-044-scene-0003,vacuum-044,4.88,8.96,0,,,no,第1帧为'DEMONSTRATION 1'标题卡，第4-5帧显示白色纸咖啡滤纸和深色物体，全程未出现吸尘器。,,R1,completed,2026-07-28T02:28:46+08:00
VQ-070,How is a vacuum cleaner used on carpet or hard flooring?,en,Vacuum,operation,development,vacuum-044-scene-0004,vacuum-044,8.96,12.08,0,,,no,全部6帧（t=9.0s–12.1s）只显示白色咖啡滤纸、少量棕色粉末以及“DEMONSTRATION 2”标题卡，完全没有出现吸尘器或地毯/硬地板清洁画面。,,R1,completed,2026-07-28T02:28:46+08:00
VQ-070,How is a vacuum cleaner used on carpet or hard flooring?,en,Vacuum,operation,development,vacuum-044-scene-0005,vacuum-044,12.08,17.68,0,,,no,全部6帧均为手持鸡蛋悬停在刀刃上方的特写（t=12.1s-17.7s），未出现任何吸尘器或地板清洁内容。,,R1,completed,2026-07-28T02:28:46+08:00
VQ-070,How is a vacuum cleaner used on carpet or hard flooring?,en,Vacuum,operation,development,vacuum-044-scene-0006,vacuum-044,17.68,20.8,1,,,no,第3–5帧（t=18.9s–20.2s）一只手拿着吸尘器管状附件在纯色背景前展示，产品出现但未在任何地毯或硬地板上进行实际清洁操作。,,R1,completed,2026-07-28T02:28:46+08:00
VQ-070,How is a vacuum cleaner used on carpet or hard flooring?,en,Vacuum,operation,development,vacuum-053-scene-0001,vacuum-053,0.0,28.53,3,16.6,17.6,no,第4帧（t=17.1s）显示一位女士手持杆式吸尘器在浅色硬木地板上推行清洁，画面文字也明确指向 hardwood floors。,AI=0→R1=3，第4帧清晰展示人物在硬木地板上使用吸尘器。,R1,completed,2026-07-28T02:28:46+08:00
VQ-070,How is a vacuum cleaner used on carpet or hard flooring?,en,Vacuum,operation,development,vacuum-058-scene-0001,vacuum-058,0.0,2.08,0,,,no,6帧画面（t=0.0s–2.1s）中只有一只猫在地毯上，并叠加'Cat Friendly Home'文字，未出现吸尘器，也没有吸尘动作。,,R1,completed,2026-07-28T02:28:46+08:00
VQ-070,How is a vacuum cleaner used on carpet or hard flooring?,en,Vacuum,operation,development,vacuum-058-scene-0002,vacuum-058,2.08,4.52,1,,,no,6帧显示吸尘器吸头在蓝色印花布艺沙发表面移动吸除碎屑，清洁表面并非地毯或硬地板。,AI=2→R1=1，画面中的清洁表面为布艺沙发而非查询所问的地毯或硬地板，且未明确展示使用步骤。,R1,completed,2026-07-28T02:28:46+08:00
VQ-070,How is a vacuum cleaner used on carpet or hard flooring?,en,Vacuum,operation,development,vacuum-058-scene-0003,vacuum-058,4.52,6.8,2,4.52,6.8,no,6帧（t=4.5s-6.8s）持续显示吸尘器地刷在铺有碎屑的地毯上移动清洁，未见硬地板画面。,,R1,completed,2026-07-28T02:28:46+08:00
VQ-070,How is a vacuum cleaner used on carpet or hard flooring?,en,Vacuum,operation,development,vacuum-060-scene-0001,vacuum-060,0.0,3.67,2,0.7,2.9,no,第2-5帧（t=0.7s-2.9s）显示人物手持吸尘器在木地板上推拉清洁，未见地毯画面。,AI时间0.0-3.67→R1时间0.7-2.9：首尾帧为黑屏/提示文字，实际 hardwood floor 使用画面位于中间帧。,R1,completed,2026-07-28T02:28:46+08:00
VQ-070,How is a vacuum cleaner used on carpet or hard flooring?,en,Vacuum,operation,development,vacuum-060-scene-0003,vacuum-060,6.673,8.709,3,6.7,8.7,no,第1–6帧（t=6.7s–8.7s）完整展示一人穿白色裤子手持杆式吸尘器在客厅木地板（硬地面）上往返推动清扫，地板上有白色粉尘被吸走，直接回答了如何在硬地板上使用吸尘器。,时间按实际证据片段重定位,R1,completed,2026-07-28T02:28:46+08:00
VQ-070,How is a vacuum cleaner used on carpet or hard flooring?,en,Vacuum,operation,development,vacuum-060-scene-0004,vacuum-060,8.709,19.219,3,8.709,10.8,no,第1帧（t=8.7s）清晰显示吸尘器吸头在木地板上清洁白色碎屑，第2帧（t=10.8s）显示人物手持机身，直接演示了在硬地板上的使用方法。,AI=2→R1=3：第1帧和第2帧清晰显示吸尘器吸头在木地板上清洁，是直接完整的硬地板使用演示；AI时间17.418-19.219与联系表实际演示位置不符。,R1,completed,2026-07-28T02:28:46+08:00
VQ-070,How is a vacuum cleaner used on carpet or hard flooring?,en,Vacuum,operation,development,vacuum-060-scene-0005,vacuum-060,19.219,24.024,2,19.219,24.024,no,第1、2、6帧（t=19.2s、20.2s、24.1s）展示吸尘器吸头放置在灰色地毯上，中间帧展示手持透明集尘杯的杆式吸尘器；展示了地毯上的放置但未演示硬地板使用和主动推动清洁动作。,时间按实际证据片段重定位,R1,completed,2026-07-28T02:28:46+08:00
VQ-071,吸尘器怎样切换并使用缝隙吸头或小刷头？,zh-CN,Vacuum,operation,development,vacuum-001-scene-0001,vacuum-001,0.0,26.51,1,,,no,第1、3、5、6帧可见黄色吸尘器主体，但所有帧均未展示缝隙吸头、小刷头或切换动作。,AI=0→R1=1：画面中确实出现了吸尘器产品，但未展示该query所问的具体操作或部件。,R1,completed,2026-07-28T02:28:46+08:00
VQ-071,吸尘器怎样切换并使用缝隙吸头或小刷头？,zh-CN,Vacuum,operation,development,vacuum-002-scene-0001,vacuum-002,0.0,30.94,1,,,no,全部6帧（t=0s–30.9s）吸尘器附件虽可见于机身旁侧，但无切换缝隙吸头或小刷头的操作演示。,,R1,completed,2026-07-28T02:28:46+08:00
VQ-071,吸尘器怎样切换并使用缝隙吸头或小刷头？,zh-CN,Vacuum,operation,development,vacuum-003-scene-0001,vacuum-003,0.0,15.46,0,,,no,6帧均为扫地机器人自主运行画面，无线扫地机器人无手动更换吸头的功能。,,R1,completed,2026-07-28T02:28:46+08:00
VQ-071,吸尘器怎样切换并使用缝隙吸头或小刷头？,zh-CN,Vacuum,operation,development,vacuum-008-scene-0001,vacuum-008,0.0,27.207,0,,,no,联系表6帧（t=0.0s–27.2s）仅展示NEATO机器人POV移动和标题卡，无任何缝隙吸头、小刷头及其切换操作。,,R1,completed,2026-07-28T02:28:46+08:00
VQ-071,吸尘器怎样切换并使用缝隙吸头或小刷头？,zh-CN,Vacuum,operation,development,vacuum-008-scene-0002,vacuum-008,27.207,31.211,0,,,no,6帧均为昏暗模糊的室内场景，无法辨认吸尘器及任何吸头配件。,,R1,completed,2026-07-28T02:28:46+08:00
VQ-071,吸尘器怎样切换并使用缝隙吸头或小刷头？,zh-CN,Vacuum,operation,development,vacuum-008-scene-0005,vacuum-008,39.094,41.263,0,,,no,6帧均为低光模糊室内场景，无法识别吸尘器或缝隙吸头/小刷头。,,R1,completed,2026-07-28T02:28:46+08:00
VQ-071,吸尘器怎样切换并使用缝隙吸头或小刷头？,zh-CN,Vacuum,operation,development,vacuum-008-scene-0016,vacuum-008,82.974,86.144,0,,,no,6帧画面（t=83.0s–86.1s）是走廊中一个人站在门口的远景，未见吸尘器及任何吸头配件。,,R1,completed,2026-07-28T02:28:46+08:00
VQ-071,吸尘器怎样切换并使用缝隙吸头或小刷头？,zh-CN,Vacuum,operation,development,vacuum-008-scene-0018,vacuum-008,88.188,123.83,0,,,no,联系表所有帧（t=88.2s–123.8s）为机器人POV移动画面，无任何缝隙吸头或小刷头切换操作。,,R1,completed,2026-07-28T02:28:46+08:00
VQ-071,吸尘器怎样切换并使用缝隙吸头或小刷头？,zh-CN,Vacuum,operation,development,vacuum-009-scene-0001,vacuum-009,0.0,41.54,0,,,no,全部6帧（t=0.0s–41.5s）只看到带地刷的红色吸尘器在地毯上被推动，未出现缝隙吸头或小刷头，也无切换演示。,,R1,completed,2026-07-28T02:28:46+08:00
VQ-071,吸尘器怎样切换并使用缝隙吸头或小刷头？,zh-CN,Vacuum,operation,development,vacuum-010-scene-0001,vacuum-010,0.0,74.7,0,,,no,6帧均为扫地机器人自主运行画面，无线扫地机器人无可更换吸头配件，无任何缝隙吸头或小刷头切换操作。,,R1,completed,2026-07-28T02:28:46+08:00
VQ-071,吸尘器怎样切换并使用缝隙吸头或小刷头？,zh-CN,Vacuum,operation,development,vacuum-034-scene-0015,vacuum-034,138.772,141.208,1,,,no,6帧（t=138.8s–141.2s）显示一只手拿着吸尘器内部组件，能看到彩色电线和黄色滤材，但未见缝隙吸头、小刷头或切换动作。,AI=0→R1=1：吸尘器内部组件确实可见，但未展示缝隙吸头或小刷头的切换使用。,R1,completed,2026-07-28T02:28:46+08:00
VQ-071,吸尘器怎样切换并使用缝隙吸头或小刷头？,zh-CN,Vacuum,operation,development,vacuum-034-scene-0025,vacuum-034,185.052,189.589,0,,,no,全部6帧（t=185.1s–189.6s）显示拆解后的黑色吸尘器内部组件平铺在地毯上，露出内部线束和结构，未见任何缝隙吸头或小刷头。,,R1,completed,2026-07-28T02:28:46+08:00
VQ-071,吸尘器怎样切换并使用缝隙吸头或小刷头？,zh-CN,Vacuum,operation,development,vacuum-034-scene-0026,vacuum-034,189.589,230.831,0,,,no,画面（t=189.6s–230.8s）显示拆解吸尘器内部线路、连接器和螺丝，未见缝隙吸头或小刷头及其使用。,,R1,completed,2026-07-28T02:28:46+08:00
VQ-071,吸尘器怎样切换并使用缝隙吸头或小刷头？,zh-CN,Vacuum,operation,development,vacuum-034-scene-0028,vacuum-034,240.507,244.344,0,,,no,画面（t=240.5s–244.3s）展示吸尘器内部风道/电机组件装配，未见缝隙吸头或小刷头。,,R1,completed,2026-07-28T02:28:46+08:00
VQ-071,吸尘器怎样切换并使用缝隙吸头或小刷头？,zh-CN,Vacuum,operation,development,vacuum-034-scene-0037,vacuum-034,314.181,316.249,0,,,no,全部6帧（t=314.2s–316.3s）均显示一个人用螺丝刀操作拆开的黑色吸尘器内部电路板和线路，与切换缝隙吸头或小刷头完全无关。,,R1,completed,2026-07-28T02:28:46+08:00
VQ-071,吸尘器怎样切换并使用缝隙吸头或小刷头？,zh-CN,Vacuum,operation,development,vacuum-038-scene-0001,vacuum-038,0.0,10.96,0,,,no,全部6帧（t=0.0s–10.9s）未出现缝隙吸头或小刷头，也无切换演示。,,R1,completed,2026-07-28T02:28:46+08:00
VQ-071,吸尘器怎样切换并使用缝隙吸头或小刷头？,zh-CN,Vacuum,operation,development,vacuum-038-scene-0006,vacuum-038,34.24,38.8,0,,,no,全部6帧（t=34.2s–38.8s）显示手在吸尘器控制面板上操作电源按钮和模式旋钮，字幕内容为充电前关闭吸尘器，未出现任何缝隙吸头或小刷头的切换动作。,,R1,completed,2026-07-28T02:28:46+08:00
VQ-071,吸尘器怎样切换并使用缝隙吸头或小刷头？,zh-CN,Vacuum,operation,development,vacuum-038-scene-0007,vacuum-038,38.8,47.72,1,,,no,6帧画面（t=38.8s–47.7s）中人物正按压电池释放键并从手柄中取出电池，吸尘器出现但演示的是电池拆卸而非吸头切换。,AI=0→R1=1：画面确实出现了吸尘器，但演示的是电池拆卸而非缝隙吸头/小刷头。,R1,completed,2026-07-28T02:28:46+08:00
VQ-071,吸尘器怎样切换并使用缝隙吸头或小刷头？,zh-CN,Vacuum,operation,development,vacuum-038-scene-0011,vacuum-038,71.28,76.64,0,,,no,全部6帧（t=71.3s–76.6s）中女子始终使用标准吸尘头在木地板上推动，未展示任何缝隙吸头或小刷头的切换与使用动作。,,R1,completed,2026-07-28T02:28:46+08:00
VQ-071,吸尘器怎样切换并使用缝隙吸头或小刷头？,zh-CN,Vacuum,operation,development,vacuum-039-scene-0004,vacuum-039,8.4,12.08,0,,,no,6帧为红色吸尘器广告画面，未展示缝隙吸头、小刷头或切换动作。,,R1,completed,2026-07-28T02:28:46+08:00
VQ-071,吸尘器怎样切换并使用缝隙吸头或小刷头？,zh-CN,Vacuum,operation,development,vacuum-039-scene-0010,vacuum-039,27.24,29.4,1,,,no,仅第3–4帧（t=28.1s–28.6s）短暂出现白色吸尘器吸头静态特写，未展示任何缝隙吸头或小刷头的切换安装过程。,,R1,completed,2026-07-28T02:28:46+08:00
VQ-071,吸尘器怎样切换并使用缝隙吸头或小刷头？,zh-CN,Vacuum,operation,development,vacuum-039-scene-0027,vacuum-039,82.44,84.48,0,,,no,全部6帧（t=82.4s–84.5s）显示一个大型吸尘器吸头在地面移动并吸起灰尘形成颗粒云，全程使用同一吸头，未展示切换缝隙吸头或小刷头的动作。,,R1,completed,2026-07-28T02:28:46+08:00
VQ-071,吸尘器怎样切换并使用缝隙吸头或小刷头？,zh-CN,Vacuum,operation,development,vacuum-039-scene-0029,vacuum-039,86.64,91.04,0,,,no,全部6帧（t=86.6s–91.0s）未出现缝隙吸头或小刷头切换。,,R1,completed,2026-07-28T02:28:46+08:00
VQ-071,吸尘器怎样切换并使用缝隙吸头或小刷头？,zh-CN,Vacuum,operation,development,vacuum-044-scene-0002,vacuum-044,2.56,4.88,0,,,no,全部6帧（t=2.6s–4.9s）仅显示手持吸尘器整体外观，未见缝隙吸头、小刷头等附件切换动作。,,R1,completed,2026-07-28T02:28:46+08:00
VQ-071,吸尘器怎样切换并使用缝隙吸头或小刷头？,zh-CN,Vacuum,operation,development,vacuum-044-scene-0006,vacuum-044,17.68,20.8,1,,,no,第3–5帧（t=18.9s–20.2s）展示手持吸尘器附件，产品出现但全程为纯色背景下的静态持握展示，无任何吸头切换动作。,,R1,completed,2026-07-28T02:28:46+08:00
VQ-071,吸尘器怎样切换并使用缝隙吸头或小刷头？,zh-CN,Vacuum,operation,development,vacuum-044-scene-0008,vacuum-044,26.24,30.24,1,,,no,第1–6帧显示一只手在白色壁挂配件架上取放黑色吸尘器配件，但无法辨认具体是缝隙吸头还是小刷头，也未展示使用。,,R1,completed,2026-07-28T02:28:46+08:00
VQ-071,吸尘器怎样切换并使用缝隙吸头或小刷头？,zh-CN,Vacuum,operation,development,vacuum-053-scene-0001,vacuum-053,0.0,28.53,0,,,no,6帧未展示缝隙吸头、小刷头或切换动作。,,R1,completed,2026-07-28T02:28:46+08:00
VQ-071,吸尘器怎样切换并使用缝隙吸头或小刷头？,zh-CN,Vacuum,operation,development,vacuum-058-scene-0002,vacuum-058,2.08,4.52,1,,,no,6帧均显示吸尘器主吸头在布艺表面工作，未出现缝隙吸头或小刷头，也无切换动作。,AI=0→R1=1，产品出现但未展示缝隙吸头/小刷头及其切换使用。,R1,completed,2026-07-28T02:28:46+08:00
VQ-071,吸尘器怎样切换并使用缝隙吸头或小刷头？,zh-CN,Vacuum,operation,development,vacuum-058-scene-0003,vacuum-058,4.52,6.8,1,,,no,6帧均显示吸尘器地刷在地毯上清洁，未见缝隙吸头、小刷头或切换动作。,AI=0→R1=1：画面中可见吸尘器地刷，但未展示缝隙吸头或小刷头的切换与使用。,R1,completed,2026-07-28T02:28:46+08:00
VQ-071,吸尘器怎样切换并使用缝隙吸头或小刷头？,zh-CN,Vacuum,operation,development,vacuum-058-scene-0004,vacuum-058,6.8,9.72,0,,,no,联系表6帧（t=6.8s–9.7s）中吸尘器始终以同一形态出现（集尘仓特写或挂墙），无任何吸头切换操作。,,R1,completed,2026-07-28T02:28:46+08:00
VQ-071,吸尘器怎样切换并使用缝隙吸头或小刷头？,zh-CN,Vacuum,operation,development,vacuum-060-scene-0001,vacuum-060,0.0,3.67,1,,,no,6帧中均只见吸尘器主体地刷在木地板上使用，未见缝隙吸头、小刷头或切换动作。,,R1,completed,2026-07-28T02:28:46+08:00
VQ-071,吸尘器怎样切换并使用缝隙吸头或小刷头？,zh-CN,Vacuum,operation,development,vacuum-060-scene-0002,vacuum-060,3.67,6.673,1,,,no,6帧显示手持吸尘器及顶部显示屏，背景有模糊附件，但未展示缝隙吸头/小刷头切换使用。,,R1,completed,2026-07-28T02:28:46+08:00
VQ-071,吸尘器怎样切换并使用缝隙吸头或小刷头？,zh-CN,Vacuum,operation,development,vacuum-060-scene-0003,vacuum-060,6.673,8.709,0,,,no,6帧（t=6.7s–8.7s）始终使用同一地刷头在木地板上吸尘，无任何缝隙吸头或小刷头的切换动作。,,R1,completed,2026-07-28T02:28:46+08:00
VQ-071,吸尘器怎样切换并使用缝隙吸头或小刷头？,zh-CN,Vacuum,operation,development,vacuum-060-scene-0005,vacuum-060,19.219,24.024,0,,,no,全部6帧（t=19.2s–24.1s）始终使用标准吸头，未展示缝隙吸头或小刷头的切换安装过程。,,R1,completed,2026-07-28T02:28:46+08:00
VQ-072,What visible signs show that a vacuum is operating normally?,en,Vacuum,state,development,vacuum-001-scene-0001,vacuum-001,0.0,26.51,1,,,no,第1、3、5、6帧可见吸尘器主体，但画面抖动模糊，未显示吸尘器运行指示灯、吸力或尘屑被吸入等正常运转迹象。,AI=0→R1=1：画面中确实出现了吸尘器产品，但未展示该query所问的具体操作或部件。,R1,completed,2026-07-28T02:28:46+08:00
VQ-072,What visible signs show that a vacuum is operating normally?,en,Vacuum,state,development,vacuum-002-scene-0001,vacuum-002,0.0,30.94,1,,,no,全部6帧（t=0s–30.9s）吸尘器处于静止状态，控制面板虽有按钮但无运行指示灯点亮或吸力表现等正常运作标志。,,R1,completed,2026-07-28T02:28:46+08:00
VQ-072,What visible signs show that a vacuum is operating normally?,en,Vacuum,state,development,vacuum-003-scene-0001,vacuum-003,0.0,15.46,1,,,no,6帧中扫地机器人均在木地板上移动（t=0s至t=15.4s），移动即表示正在运行，但未显示灯光、声音等其他正常运转特征。,,R1,completed,2026-07-28T02:28:46+08:00
VQ-072,What visible signs show that a vacuum is operating normally?,en,Vacuum,state,development,vacuum-008-scene-0001,vacuum-008,0.0,27.207,1,,,no,第1、4–6帧（t=0.0s、16.3s–27.2s）可见NEATO扫地机器人在地板上移动，产品出现且处于运行状态，但画面未展示任何正常运行指示灯、吸力表现等具体'正常运行的可见标志'。,,R1,completed,2026-07-28T02:28:46+08:00
VQ-072,What visible signs show that a vacuum is operating normally?,en,Vacuum,state,development,vacuum-008-scene-0003,vacuum-008,31.211,37.05,0,,,no,全部6帧（t=31.2s–37.0s）为低角度晃动拍摄的昏暗室内环境，画面模糊不清，家具轮廓隐约可见（第4帧可见一把电吉他），无法辨识吸尘器产品或其运行状态。,,R1,completed,2026-07-28T02:28:46+08:00
VQ-072,What visible signs show that a vacuum is operating normally?,en,Vacuum,state,development,vacuum-008-scene-0007,vacuum-008,44.225,46.686,0,,,no,全部6帧（t=44.2s–46.7s）均为低角度室内画面，显示沙发和深色地板，无任何吸尘器设备或运行迹象。,,R1,completed,2026-07-28T02:28:46+08:00
VQ-072,What visible signs show that a vacuum is operating normally?,en,Vacuum,state,development,vacuum-008-scene-0009,vacuum-008,50.148,53.109,0,,,no,全部6帧（t=50.1s–53.1s）均为极暗且模糊的室内画面，家具轮廓隐约但完全无法辨认吸尘器产品或任何运行状态迹象。,,R1,completed,2026-07-28T02:28:46+08:00
VQ-072,What visible signs show that a vacuum is operating normally?,en,Vacuum,state,development,vacuum-008-scene-0017,vacuum-008,86.144,88.188,0,,,no,6帧（t=86.1s–88.2s）呈现低角度房间画面，有凳子、凳上白色物体、地板、门框以及标有“ROOTEO OUTBOARD TROLLEY”的纸箱，全程没有出现吸尘器或运行迹象。,,R1,completed,2026-07-28T02:28:46+08:00
VQ-072,What visible signs show that a vacuum is operating normally?,en,Vacuum,state,development,vacuum-008-scene-0018,vacuum-008,88.188,123.83,1,,,no,第1–6帧（t=88.2s–123.8s）展示NEATO机器人在房间内持续移动穿越不同区域，产品处于运行状态，但未特写任何运行指示灯或正常工作的具体视觉标志。,,R1,completed,2026-07-28T02:28:46+08:00
VQ-072,What visible signs show that a vacuum is operating normally?,en,Vacuum,state,development,vacuum-009-scene-0001,vacuum-009,0.0,41.54,1,,,no,第3/5/6帧（t=16.5s/33.2s/41.5s）显示真空被推着在地毯上移动，但未特写指示灯、吸尘可视物、集尘量等具体'正常运行可视迹象'。,,R1,completed,2026-07-28T02:28:46+08:00
VQ-072,What visible signs show that a vacuum is operating normally?,en,Vacuum,state,development,vacuum-010-scene-0001,vacuum-010,0.0,74.7,1,,,no,6帧中扫地机器人均在移动（t=0s至t=74.7s），移动本身可视为正常运行的基本迹象，但未突出显示灯光、吸力指示等具体正常运转标志。,AI=2→R1=1：仅展示扫地机器人移动这一基本运行状态，未说明或标注具体的'正常运转标志'（如指示灯、吸力声音等），不足以构成部分回答。,R1,completed,2026-07-28T02:28:46+08:00
VQ-072,What visible signs show that a vacuum is operating normally?,en,Vacuum,state,development,vacuum-034-scene-0006,vacuum-034,79.212,81.815,1,,,no,全部6帧（t=79.2s–81.8s）显示红衣人双手在吸尘器打开的顶部舱室内操作，吸尘器产品出现但画面为拆解维护状态而非正常运行迹象。,,R1,completed,2026-07-28T02:28:46+08:00
VQ-072,What visible signs show that a vacuum is operating normally?,en,Vacuum,state,development,vacuum-034-scene-0007,vacuum-034,81.815,84.284,0,,,no,全部6帧（t=81.8s–84.3s）特写双手从吸尘器开口边缘拆除橡胶塞/防尘盖的操作，属于拆解步骤，无任何运行状态指示。,,R1,completed,2026-07-28T02:28:46+08:00
VQ-072,What visible signs show that a vacuum is operating normally?,en,Vacuum,state,development,vacuum-034-scene-0011,vacuum-034,104.071,115.082,0,,,no,全部6帧（t=104.1s–115.1s）为静态拆解说明图，列出Disassembly目录（Doors/Back cover/Bottom plate/Hinge brackets）并用红圈标注螺丝和箭头指示方向，与吸尘器正常运行可见标志完全无关。,,R1,completed,2026-07-28T02:28:46+08:00
VQ-072,What visible signs show that a vacuum is operating normally?,en,Vacuum,state,development,vacuum-034-scene-0015,vacuum-034,138.772,141.208,1,,,no,6帧（t=138.8s–141.2s）显示一只手拿着吸尘器内部组件，能看到彩色电线和黄色滤材，但画面是静态拆解件，没有运行指示灯、吸力或任何正常运作迹象。,AI=0→R1=1：吸尘器内部组件确实可见，但未展示运行指示灯或正常运作迹象。,R1,completed,2026-07-28T02:28:46+08:00
VQ-072,What visible signs show that a vacuum is operating normally?,en,Vacuum,state,development,vacuum-034-scene-0028,vacuum-034,240.507,244.344,0,,,no,画面（t=240.5s–244.3s）为内部组件装配，没有吸尘器运行指示灯、吸力或声音等正常运转迹象。,,R1,completed,2026-07-28T02:28:46+08:00
VQ-072,What visible signs show that a vacuum is operating normally?,en,Vacuum,state,development,vacuum-034-scene-0040,vacuum-034,333.767,340.273,0,,,no,全部6帧（t=333.8s–340.3s）仅展示手在黑色真空底座背面安装金属支架的过程，无任何真空运行指示灯/吸力/集尘等'正常运行可视迹象'。,,R1,completed,2026-07-28T02:28:46+08:00
VQ-072,What visible signs show that a vacuum is operating normally?,en,Vacuum,state,development,vacuum-034-scene-0044,vacuum-034,355.956,372.472,0,,,no,全部6帧（t=356.0s–372.5s）显示穿红衣的人正在拆装一台立式吸尘器的侧板和铰链部件，画面中无任何运行指示灯、电机运转或吸力等正常工作迹象。,,R1,completed,2026-07-28T02:28:46+08:00
VQ-072,What visible signs show that a vacuum is operating normally?,en,Vacuum,state,development,vacuum-038-scene-0001,vacuum-038,0.0,10.96,0,,,no,全部6帧（t=0.0s–10.9s）没有运行中的真空，没有指示灯/吸力/集尘等'正常运行可视迹象'。,,R1,completed,2026-07-28T02:28:46+08:00
VQ-072,What visible signs show that a vacuum is operating normally?,en,Vacuum,state,development,vacuum-038-scene-0004,vacuum-038,23.36,27.76,1,,,no,全部6帧（t=23.4s–27.8s）显示手持无线吸尘器放置在充电底座上，机身底部有蓝色LED电池指示灯亮起，但吸尘器处于静止充电状态而非运行操作状态。,AI=2→R1=1：画面仅显示吸尘器在充电底座上静置且电池指示灯亮起，并非'正常运行'状态（无吸力、无电机运转），属产品出现但未直接回答查询。,R1,completed,2026-07-28T02:28:46+08:00
VQ-072,What visible signs show that a vacuum is operating normally?,en,Vacuum,state,development,vacuum-038-scene-0005,vacuum-038,27.76,34.24,2,27.8,34.2,no,全部6帧（t=27.8s–34.2s）特写黑色无线吸尘器机身手柄处的指示灯，字幕说明闪烁指示灯代表低电量需充电；展示了指示灯这一可见信号但内容聚焦异常状态（低电量）而非正常工作标志。,时间按实际证据片段重定位,R1,completed,2026-07-28T02:28:46+08:00
VQ-072,What visible signs show that a vacuum is operating normally?,en,Vacuum,state,development,vacuum-038-scene-0006,vacuum-038,34.24,38.8,1,,,no,全部6帧（t=34.2s–38.8s）显示吸尘器产品及其控制面板，但画面仅展示手指按电源键和调节旋钮的操作，吸尘器处于待关闭状态而非正常运行中，无法体现正常运行的可视迹象。,,R1,completed,2026-07-28T02:28:46+08:00
VQ-072,What visible signs show that a vacuum is operating normally?,en,Vacuum,state,development,vacuum-038-scene-0011,vacuum-038,71.28,76.64,1,,,no,吸尘器产品在第3–6帧（t=73.4s–76.6s）中出现并被推动使用，但画面未展示任何正常运行指示灯、集尘效果或声音等'正常运行的可见标志'。,,R1,completed,2026-07-28T02:28:46+08:00
VQ-072,What visible signs show that a vacuum is operating normally?,en,Vacuum,state,development,vacuum-038-scene-0013,vacuum-038,82.52,86.52,0,,,no,全部6帧（t=82.5s–86.5s）均为深灰色背景上的Disclaimer免责声明文字页面，无任何产品画面或运行迹象。,,R1,completed,2026-07-28T02:28:46+08:00
VQ-072,What visible signs show that a vacuum is operating normally?,en,Vacuum,state,development,vacuum-039-scene-0002,vacuum-039,4.24,6.4,3,4.24,6.4,no,全部6帧（t=4.2s–6.4s）清晰显示一台白色吸尘器吸头正在运作，吸嘴处有明显的灰尘和碎屑被吸入/排出形成的颗粒云，背景中有一个哥斯拉式怪兽模型，吸尘器运行的视觉证据（灰尘颗粒流）贯穿所有帧。,时间按实际证据片段重定位,R1,completed,2026-07-28T02:28:46+08:00
VQ-072,What visible signs show that a vacuum is operating normally?,en,Vacuum,state,development,vacuum-039-scene-0004,vacuum-039,8.4,12.08,0,,,no,6帧为红色吸尘器广告画面，吸尘器处于静态展示，无运行迹象。,,R1,completed,2026-07-28T02:28:46+08:00
VQ-072,What visible signs show that a vacuum is operating normally?,en,Vacuum,state,development,vacuum-039-scene-0009,vacuum-039,24.2,27.24,1,,,no,6帧（t=24.2s–27.2s）大部分画面模糊，仅第5帧可见地刷头组件，但无运行指示灯、吸力表现等正常运作标志。,,R1,completed,2026-07-28T02:28:46+08:00
VQ-072,What visible signs show that a vacuum is operating normally?,en,Vacuum,state,development,vacuum-039-scene-0011,vacuum-039,29.4,32.52,3,29.4,32.5,no,全部6帧（t=29.4s–32.5s）清晰展示白色吸尘器在地面上强力吸尘作业，吸头处大量碎屑被吸入并扬起明显灰尘云，直接完整回答了'正常运行的可见迹象'这一问题。,时间按实际证据片段重定位,R1,completed,2026-07-28T02:28:46+08:00
VQ-072,What visible signs show that a vacuum is operating normally?,en,Vacuum,state,development,vacuum-039-scene-0028,vacuum-039,84.48,86.64,0,,,no,全部6帧（t=84.5s–86.6s）均为特摄角色表演画面，无任何吸尘器运行状态指示灯、集尘效果等正常运行标志。,,R1,completed,2026-07-28T02:28:46+08:00
VQ-072,What visible signs show that a vacuum is operating normally?,en,Vacuum,state,development,vacuum-039-scene-0029,vacuum-039,86.64,91.04,0,,,no,全部6帧（t=86.6s–91.0s）只是产品广告，无任何运行指示/可视迹象。,,R1,completed,2026-07-28T02:28:46+08:00
VQ-072,What visible signs show that a vacuum is operating normally?,en,Vacuum,state,development,vacuum-044-scene-0002,vacuum-044,2.56,4.88,1,,,no,全部6帧（t=2.6s–4.9s）吸尘器仅被静态握持展示，无运行状态指示灯、吸力表现等正常运作标志。,,R1,completed,2026-07-28T02:28:46+08:00
VQ-072,What visible signs show that a vacuum is operating normally?,en,Vacuum,state,development,vacuum-044-scene-0004,vacuum-044,8.96,12.08,0,,,no,全部6帧（t=9.0s–12.1s）只显示白色咖啡滤纸、少量棕色粉末以及“DEMONSTRATION 2”标题卡，完全没有出现吸尘器或运行状态指示。,,R1,completed,2026-07-28T02:28:46+08:00
VQ-072,What visible signs show that a vacuum is operating normally?,en,Vacuum,state,development,vacuum-044-scene-0005,vacuum-044,12.08,17.68,0,,,no,全部6帧均为鸡蛋与刀刃的特写，未出现吸尘器或任何运行迹象。,,R1,completed,2026-07-28T02:28:46+08:00
VQ-072,What visible signs show that a vacuum is operating normally?,en,Vacuum,state,development,vacuum-044-scene-0006,vacuum-044,17.68,20.8,0,,,no,全部6帧（t=17.7s–20.8s）中第1–2帧和第6帧为'DEMONSTRATION 3'标题卡，第3–5帧为手持吸尘器附件的静态展示，设备未开启运行，无任何运行状态指示。,,R1,completed,2026-07-28T02:28:46+08:00
VQ-072,What visible signs show that a vacuum is operating normally?,en,Vacuum,state,development,vacuum-053-scene-0001,vacuum-053,0.0,28.53,0,,,no,6帧中吸尘器处于静态展示或使用画面，未明确展示运行指示灯、声音等正常运作迹象。,,R1,completed,2026-07-28T02:28:46+08:00
VQ-072,What visible signs show that a vacuum is operating normally?,en,Vacuum,state,development,vacuum-058-scene-0002,vacuum-058,2.08,4.52,2,2.1,4.5,no,第1–6帧显示吸尘器吸头持续在布料上移动并带走碎屑，是可观察到的正常工作迹象。,AI时间2.08-4.52→R1时间2.1-4.5s，按联系表帧标签。,R1,completed,2026-07-28T02:28:46+08:00
VQ-072,What visible signs show that a vacuum is operating normally?,en,Vacuum,state,development,vacuum-058-scene-0003,vacuum-058,4.52,6.8,2,4.52,6.8,no,第1-3、5-6帧（t=4.5s-6.8s）显示吸尘器地刷在 carpets 上工作，第4帧（t=6.3s）可见滚刷绿色条纹转动。,,R1,completed,2026-07-28T02:28:46+08:00
VQ-072,What visible signs show that a vacuum is operating normally?,en,Vacuum,state,development,vacuum-058-scene-0005,vacuum-058,9.72,11.84,2,10.6,11.4,no,第3–5帧（t=10.6s–11.4s）清晰显示Clean Station底座蓝色指示灯亮起，是吸尘器系统的一种运行状态可视信号；但此灯属于清洁站配件而非吸尘器本体工作状态，且仅展示单一信号，未全面回答'哪些可见迹象表明正常工作'。,AI=3→R1=2：蓝色灯仅为Clean Station配件的状态指示，非吸尘器本体正常工作的全面可见标志，属部分回答。,R1,completed,2026-07-28T02:28:46+08:00
VQ-072,What visible signs show that a vacuum is operating normally?,en,Vacuum,state,development,vacuum-060-scene-0001,vacuum-060,0.0,3.67,1,,,no,6帧仅见吸尘器在木地板上被推拉使用，未见运行指示灯、显示屏或 debris 吸入等明确正常运作标志。,AI=2→R1=1：仅见吸尘器被使用，未见运行指示灯、显示屏或吸力效果等明确正常运作标志。,R1,completed,2026-07-28T02:28:46+08:00
VQ-072,What visible signs show that a vacuum is operating normally?,en,Vacuum,state,development,vacuum-060-scene-0002,vacuum-060,3.67,6.673,2,3.7,6.673,no,6帧（t=3.7s-6.7s）均显示手持吸尘器顶部数字显示屏亮起状态指示，叠加 Digital Display 字幕。,时间按实际证据片段重定位,R1,completed,2026-07-28T02:28:46+08:00
VQ-072,What visible signs show that a vacuum is operating normally?,en,Vacuum,state,development,vacuum-060-scene-0003,vacuum-060,6.673,8.709,1,,,no,第1–6帧（t=6.7s–8.7s）可见吸尘器正在木地板上工作且有粉尘被吸入，说明设备在运行，但画面未特写指示灯、吸力声音等'正常运行的可见标志'。,,R1,completed,2026-07-28T02:28:46+08:00
VQ-072,What visible signs show that a vacuum is operating normally?,en,Vacuum,state,development,vacuum-060-scene-0004,vacuum-060,8.709,19.219,2,8.709,10.8,no,第1帧（t=8.7s）显示吸尘器在木地板上吸起碎屑，可视为正常运行的可见表现，但画面未明确说明'正常运行迹象'具体有哪些。,AI时间17.418-19.219→R1时间8.7-10.8：联系表显示吸尘器清洁运行的画面主要在t=8.7s-10.8s，而非AI标注的末尾电机分解图区间。,R1,completed,2026-07-28T02:28:46+08:00
VQ-072,What visible signs show that a vacuum is operating normally?,en,Vacuum,state,development,vacuum-060-scene-0005,vacuum-060,19.219,24.024,2,21.2,23.1,no,第4–5帧（t=21.2s–23.1s）清晰展示手持杆式吸尘器的透明集尘杯/集尘仓，该设计特征可让用户观察灰尘收集情况作为运行正常的视觉标志之一。,时间按实际证据片段重定位,R1,completed,2026-07-28T02:28:46+08:00
VQ-073,无线吸尘器充电时怎样显示？,zh-CN,Vacuum,state,development,vacuum-001-scene-0001,vacuum-001,0.0,26.51,1,,,no,第1、3、5、6帧可见黄色吸尘器，但所有帧均未展示充电座、充电线或充电指示灯状态。,AI=0→R1=1：画面中确实出现了吸尘器产品，但未展示该query所问的具体操作或部件。,R1,completed,2026-07-28T02:28:46+08:00
VQ-073,无线吸尘器充电时怎样显示？,zh-CN,Vacuum,state,development,vacuum-002-scene-0001,vacuum-002,0.0,30.94,0,,,no,全部6帧（t=0s–30.9s）展示的是有线卧式吸尘器静置状态，无充电座、电池或充电指示灯。,,R1,completed,2026-07-28T02:28:46+08:00
VQ-073,无线吸尘器充电时怎样显示？,zh-CN,Vacuum,state,development,vacuum-003-scene-0001,vacuum-003,0.0,15.46,0,,,no,6帧中扫地机器人均在移动运行（t=0s至t=15.4s），无充电座、充电指示或充电显示状态。,,R1,completed,2026-07-28T02:28:46+08:00
VQ-073,无线吸尘器充电时怎样显示？,zh-CN,Vacuum,state,development,vacuum-008-scene-0001,vacuum-008,0.0,27.207,0,,,no,全部6帧（t=0.0s–27.2s）为NEATO机器人POV移动或标题卡，无任何充电座、充电指示灯或充电状态显示。,,R1,completed,2026-07-28T02:28:46+08:00
VQ-073,无线吸尘器充电时怎样显示？,zh-CN,Vacuum,state,development,vacuum-008-scene-0002,vacuum-008,27.207,31.211,0,,,no,6帧均为昏暗模糊的室内场景，无法辨认吸尘器充电状态。,,R1,completed,2026-07-28T02:28:46+08:00
VQ-073,无线吸尘器充电时怎样显示？,zh-CN,Vacuum,state,development,vacuum-008-scene-0006,vacuum-008,41.263,44.225,0,,,no,全部6帧（t=41.1s–44.2s）为模糊昏暗的厨房低角度镜头，可见橱柜和大型电器轮廓但无法辨识吸尘器，无充电显示信息。,,R1,completed,2026-07-28T02:28:46+08:00
VQ-073,无线吸尘器充电时怎样显示？,zh-CN,Vacuum,state,development,vacuum-008-scene-0008,vacuum-008,46.686,50.148,0,,,no,全部6帧（t=46.7s–50.1s）为极暗的低角度室内场景，画面模糊不清，仅能隐约看到家具轮廓和地板，无任何吸尘器产品或充电状态显示。,,R1,completed,2026-07-28T02:28:46+08:00
VQ-073,无线吸尘器充电时怎样显示？,zh-CN,Vacuum,state,development,vacuum-008-scene-0009,vacuum-008,50.148,53.109,0,,,no,全部6帧（t=50.1s–53.1s）画面昏暗模糊，无法识别任何产品或充电指示灯光。,,R1,completed,2026-07-28T02:28:46+08:00
VQ-073,无线吸尘器充电时怎样显示？,zh-CN,Vacuum,state,development,vacuum-008-scene-0012,vacuum-008,59.408,70.127,0,,,no,全部6帧（t=59.4s–70.1s）为低角度室内移动镜头（厨房区域），可见橱柜、地板、门框等环境，但无任何吸尘器产品或充电状态显示。,,R1,completed,2026-07-28T02:28:46+08:00
VQ-073,无线吸尘器充电时怎样显示？,zh-CN,Vacuum,state,development,vacuum-008-scene-0018,vacuum-008,88.188,123.83,0,,,no,全部6帧（t=88.2s–123.8s）中无充电场景、无充电指示灯或充电状态显示。,,R1,completed,2026-07-28T02:28:46+08:00
VQ-073,无线吸尘器充电时怎样显示？,zh-CN,Vacuum,state,development,vacuum-009-scene-0001,vacuum-009,0.0,41.54,0,,,no,全部6帧（t=0.0s–41.5s）显示吸尘器被人在地毯上使用，无任何充电状态、屏幕或LED显示。,,R1,completed,2026-07-28T02:28:46+08:00
VQ-073,无线吸尘器充电时怎样显示？,zh-CN,Vacuum,state,development,vacuum-010-scene-0001,vacuum-010,0.0,74.7,0,,,no,6帧中扫地机器人始终在移动运行中（t=0s至t=74.7s），无底座充电、充电指示灯或充电显示状态。,,R1,completed,2026-07-28T02:28:46+08:00
VQ-073,无线吸尘器充电时怎样显示？,zh-CN,Vacuum,state,development,vacuum-034-scene-0001,vacuum-034,0.0,5.005,0,,,no,全部6帧均为静态标题卡，无充电状态、指示灯或显示屏等任何充电相关信息。,,R1,completed,2026-07-28T02:28:46+08:00
VQ-073,无线吸尘器充电时怎样显示？,zh-CN,Vacuum,state,development,vacuum-034-scene-0002,vacuum-034,5.005,7.808,0,,,no,全部6帧（t=5.0s–7.8s）为黑底LG标志及'LG Service Academy Europe'文字的品牌卡片，无任何吸尘器产品或充电显示。,,R1,completed,2026-07-28T02:28:46+08:00
VQ-073,无线吸尘器充电时怎样显示？,zh-CN,Vacuum,state,development,vacuum-034-scene-0008,vacuum-034,84.284,87.12,0,,,no,全部6帧（t=84.3s–87.1s）为吸尘器开盖后内部俯视图，四角螺丝位置用红圈标注，与充电显示状态完全无关。,,R1,completed,2026-07-28T02:28:46+08:00
VQ-073,无线吸尘器充电时怎样显示？,zh-CN,Vacuum,state,development,vacuum-034-scene-0010,vacuum-034,95.862,104.071,0,,,no,第1–6帧（t=95.9s–104.1s）均显示手在操作吸尘器内部电线连接器，没有出现充电底座、充电指示灯或任何充电显示状态。,,R1,completed,2026-07-28T02:28:46+08:00
VQ-073,无线吸尘器充电时怎样显示？,zh-CN,Vacuum,state,development,vacuum-034-scene-0015,vacuum-034,138.772,141.208,1,,,no,6帧（t=138.8s–141.2s）显示一只手拿着吸尘器内部组件，能看到彩色电线和黄色滤材，但未见充电器、充电座或充电显示灯/屏幕。,AI=0→R1=1：吸尘器内部组件确实可见，但未展示充电状态或显示屏。,R1,completed,2026-07-28T02:28:46+08:00
VQ-073,无线吸尘器充电时怎样显示？,zh-CN,Vacuum,state,development,vacuum-038-scene-0001,vacuum-038,0.0,10.96,1,,,no,全部6帧（t=0.0s–10.9s）字幕只是说明本片要讲'Samsung Jet battery如何充电'，未出现充电时屏幕/指示灯的显示状态画面。,,R1,completed,2026-07-28T02:28:46+08:00
VQ-073,无线吸尘器充电时怎样显示？,zh-CN,Vacuum,state,development,vacuum-038-scene-0004,vacuum-038,23.36,27.76,3,23.4,27.76,no,全部6帧（t=23.4s–27.8s）清晰展示无线手持吸尘器置于充电底座上，机身底部蓝色电池指示灯常亮，字幕同步说明'查看电池电量指示灯即可了解电池状态'。,时间按实际证据片段重定位；来源泄漏由 yes 修正为 no：联系表未见检索方法、排名、分数或答案来源暴露,R1-spotcheck,completed,2026-07-28T09:46:50+08:00
VQ-073,无线吸尘器充电时怎样显示？,zh-CN,Vacuum,state,development,vacuum-038-scene-0005,vacuum-038,27.76,34.24,2,27.8,34.2,no,"全部6帧（t=27.8s–34.2s）展示吸尘器手柄指示灯并配有字幕'If the indicator is at the lowest level and blinking, then battery needs to be charged'，显示了电池/充电相关的视觉指示方式但未展示充电进行中的状态变化。",时间按实际证据片段重定位,R1,completed,2026-07-28T02:28:46+08:00
VQ-073,无线吸尘器充电时怎样显示？,zh-CN,Vacuum,state,development,vacuum-038-scene-0009,vacuum-038,54.8,65.24,3,62.2,65.2,no,第5帧（t=62.2s）清晰显示充电底座侧面亮起三盏蓝色LED指示灯，底部字幕标注'When the battery is completely charged'，完整演示了充电完成时的灯光显示状态。,AI时间54.8-65.24→R1时间62.2-65.2：仅第5–6帧（t=62.2s起）显示蓝色充电指示灯亮起，前4帧仅为插入电池过程，无需纳入回答区间。,R1,completed,2026-07-28T02:28:46+08:00
VQ-073,无线吸尘器充电时怎样显示？,zh-CN,Vacuum,state,development,vacuum-039-scene-0004,vacuum-039,8.4,12.08,0,,,no,6帧为红色吸尘器广告画面，未展示充电状态或显示指示。,,R1,completed,2026-07-28T02:28:46+08:00
VQ-073,无线吸尘器充电时怎样显示？,zh-CN,Vacuum,state,development,vacuum-039-scene-0029,vacuum-039,86.64,91.04,0,,,no,全部6帧（t=86.6s–91.0s）无充电状态、屏幕或指示灯画面。,,R1,completed,2026-07-28T02:28:46+08:00
VQ-073,无线吸尘器充电时怎样显示？,zh-CN,Vacuum,state,development,vacuum-039-scene-0030,vacuum-039,91.04,99.28,0,,,no,全部6帧（t=91.0s–99.3s）展示吸尘器集尘盒结构及日文标注（'自動回転チリ落し装置''ダストバッグ式'），含集尘袋内灰尘实物特写，与充电显示无关。,,R1,completed,2026-07-28T02:28:46+08:00
VQ-073,无线吸尘器充电时怎样显示？,zh-CN,Vacuum,state,development,vacuum-044-scene-0001,vacuum-044,0.0,2.56,0,,,no,全部6帧（t=0.0s–2.6s）均为纯黑底白字标题卡'Black & Decker presents PowerPro™'，右上角有红色IAFF标志，无任何吸尘器产品或充电状态画面。,,R1,completed,2026-07-28T02:28:46+08:00
VQ-073,无线吸尘器充电时怎样显示？,zh-CN,Vacuum,state,development,vacuum-044-scene-0002,vacuum-044,2.56,4.88,0,,,no,全部6帧（t=2.6s–4.9s）仅展示手持吸尘器外观，无充电座、充电指示灯或任何充电相关画面。,,R1,completed,2026-07-28T02:28:46+08:00
VQ-073,无线吸尘器充电时怎样显示？,zh-CN,Vacuum,state,development,vacuum-044-scene-0006,vacuum-044,17.68,20.8,0,,,no,联系表6帧（t=17.7s–20.8s）无充电场景、无充电指示灯或充电状态显示。,,R1,completed,2026-07-28T02:28:46+08:00
VQ-073,无线吸尘器充电时怎样显示？,zh-CN,Vacuum,state,development,vacuum-053-scene-0001,vacuum-053,0.0,28.53,0,,,no,6帧未展示充电座、充电线或充电指示灯。,,R1,completed,2026-07-28T02:28:46+08:00
VQ-073,无线吸尘器充电时怎样显示？,zh-CN,Vacuum,state,development,vacuum-058-scene-0003,vacuum-058,4.52,6.8,1,,,no,6帧展示吸尘器清洁地毯，未见充电底座、充电线或充电状态显示。,AI=0→R1=1：画面中可见吸尘器，但展示的是清洁地毯而非充电显示状态。 | 第三轮仲裁复核：维持R1原判（等级/时间/泄漏均确认无误）。,R1,completed,2026-07-28T20:35:21+08:00
VQ-073,无线吸尘器充电时怎样显示？,zh-CN,Vacuum,state,development,vacuum-058-scene-0004,vacuum-058,6.8,9.72,0,,,no,第4–5帧（t=8.6s–9.1s）展示将手持吸尘器放入壁挂式底座，但未显示任何充电指示灯或充电状态界面。,,R1,completed,2026-07-28T02:28:46+08:00
VQ-073,无线吸尘器充电时怎样显示？,zh-CN,Vacuum,state,development,vacuum-058-scene-0005,vacuum-058,9.72,11.84,2,10.6,11.4,no,第3–5帧（t=10.6s–11.4s）Clean Station底座蓝色指示灯亮起，配合字幕语境可理解为充电/待机状态的视觉显示方式，但未明确展示充电过程中的完整显示变化。,时间按实际证据片段重定位,R1,completed,2026-07-28T02:28:46+08:00
VQ-073,无线吸尘器充电时怎样显示？,zh-CN,Vacuum,state,development,vacuum-058-scene-0006,vacuum-058,11.84,14.98,0,,,no,全部6帧（t=11.8s–15.0s）只有吸尘器金属外壳特写+黑屏SAMSUNG logo，无任何充电状态或屏幕显示画面。,,R1,completed,2026-07-28T02:28:46+08:00
VQ-073,无线吸尘器充电时怎样显示？,zh-CN,Vacuum,state,development,vacuum-060-scene-0002,vacuum-060,3.67,6.673,1,,,no,6帧显示吸尘器数字显示屏及一般状态指示，但未明确显示充电符号或充电状态。,互检修正：原R1=2→互检=1；画面仅展示数字显示屏，无充电符号/充电底座等明确'充电时'视觉信息，不构成对'充电时怎样显示'的部分回答。,R1,completed,2026-07-28T14:15:20+08:00
VQ-073,无线吸尘器充电时怎样显示？,zh-CN,Vacuum,state,development,vacuum-060-scene-0005,vacuum-060,19.219,24.024,0,,,no,全部6帧（t=19.2s–24.1s）未展示无线吸尘器的充电底座、充电指示灯或充电状态显示。,,R1,completed,2026-07-28T02:28:46+08:00
VQ-073,无线吸尘器充电时怎样显示？,zh-CN,Vacuum,state,development,vacuum-060-scene-0006,vacuum-060,24.024,28.47,0,,,no,全部6帧（t=24.0s–28.5s）均为Samsung Jet 75产品展示标题卡，黑底上展示拆解的吸尘器组件及品牌文字，未出现任何充电状态指示灯或屏幕显示信息。,,R1,completed,2026-07-28T02:28:46+08:00
VQ-074,How can I tell that a vacuum dust bin is full?,en,Vacuum,state,development,vacuum-001-scene-0001,vacuum-001,0.0,26.51,1,,,no,第1、3、5、6帧可见吸尘器主体，但未清晰展示集尘盒及其满溢指示。,AI=0→R1=1：画面中确实出现了吸尘器产品，但未展示该query所问的具体操作或部件。,R1,completed,2026-07-28T02:28:46+08:00
VQ-074,How can I tell that a vacuum dust bin is full?,en,Vacuum,state,development,vacuum-002-scene-0001,vacuum-002,0.0,30.94,0,,,no,全部6帧（t=0s–30.9s）吸尘器静置未运行，无集尘盒满载提示灯或透明视窗显示灰尘量等信息。,,R1,completed,2026-07-28T02:28:46+08:00
VQ-074,How can I tell that a vacuum dust bin is full?,en,Vacuum,state,development,vacuum-003-scene-0001,vacuum-003,0.0,15.46,0,,,no,6帧均为扫地机器人外部整体画面，无法看到集尘盒或其满度指示。,,R1,completed,2026-07-28T02:28:46+08:00
VQ-074,How can I tell that a vacuum dust bin is full?,en,Vacuum,state,development,vacuum-008-scene-0001,vacuum-008,0.0,27.207,0,,,no,联系表所有帧（t=0.0s–27.2s）均未展示集尘盒本体或其满尘指示器，仅有机器人移动视角。,,R1,completed,2026-07-28T02:28:46+08:00
VQ-074,How can I tell that a vacuum dust bin is full?,en,Vacuum,state,development,vacuum-008-scene-0003,vacuum-008,31.211,37.05,0,,,no,全部6帧（t=31.2s–37.0s）画面模糊昏暗，为室内低角度晃动镜头，无法识别吸尘器集尘盒或任何相关状态信息。,,R1,completed,2026-07-28T02:28:46+08:00
VQ-074,How can I tell that a vacuum dust bin is full?,en,Vacuum,state,development,vacuum-008-scene-0006,vacuum-008,41.263,44.225,0,,,no,全部6帧（t=41.1s–44.2s）为模糊昏暗的厨房场景，无吸尘器集尘盒或其满溢指示的任何视觉信息。,,R1,completed,2026-07-28T02:28:46+08:00
VQ-074,How can I tell that a vacuum dust bin is full?,en,Vacuum,state,development,vacuum-008-scene-0007,vacuum-008,44.225,46.686,0,,,no,全部6帧（t=44.2s–46.7s）仅展示低角度房间内景（沙发、家具、深色地面），未出现吸尘器及其集尘盒。,,R1,completed,2026-07-28T02:28:46+08:00
VQ-074,How can I tell that a vacuum dust bin is full?,en,Vacuum,state,development,vacuum-008-scene-0009,vacuum-008,50.148,53.109,0,,,no,全部6帧（t=50.1s–53.1s）过于模糊黑暗，无法辨认吸尘器或集尘盒及其满载状态。,,R1,completed,2026-07-28T02:28:46+08:00
VQ-074,How can I tell that a vacuum dust bin is full?,en,Vacuum,state,development,vacuum-008-scene-0012,vacuum-008,59.408,70.127,0,,,no,全部6帧（t=59.4s–70.1s）为低角度厨房移动镜头，无吸尘器集尘盒可见，更无满溢判断依据的画面信息。,,R1,completed,2026-07-28T02:28:46+08:00
VQ-074,How can I tell that a vacuum dust bin is full?,en,Vacuum,state,development,vacuum-008-scene-0013,vacuum-008,70.127,72.421,0,,,no,联系表6帧（t=70.1s–72.4s）中无吸尘器集尘盒出现，画面主要为ROOTEA纸箱和厨房区域，与集尘盒满度判断完全无关。,,R1,completed,2026-07-28T02:28:46+08:00
VQ-074,How can I tell that a vacuum dust bin is full?,en,Vacuum,state,development,vacuum-009-scene-0001,vacuum-009,0.0,41.54,0,,,no,全部6帧（t=0.0s–41.5s）未出现集尘盒满的视觉提示（满仓指示/集尘量近距特写等）。,,R1,completed,2026-07-28T02:28:46+08:00
VQ-074,How can I tell that a vacuum dust bin is full?,en,Vacuum,state,development,vacuum-010-scene-0001,vacuum-010,0.0,74.7,0,,,no,6帧均为俯视角度的扫地机器人运行画面，无法看到集尘盒满度指示灯或任何判断满度的视觉线索。,,R1,completed,2026-07-28T02:28:46+08:00
VQ-074,How can I tell that a vacuum dust bin is full?,en,Vacuum,state,development,vacuum-034-scene-0006,vacuum-034,79.212,81.815,1,,,no,全部6帧（t=79.2s–81.8s）显示人员操作吸尘器顶部舱室，产品出现但无集尘盒满载指示或目视判断信息。,,R1,completed,2026-07-28T02:28:46+08:00
VQ-074,How can I tell that a vacuum dust bin is full?,en,Vacuum,state,development,vacuum-034-scene-0009,vacuum-034,87.12,95.862,0,,,no,第1–6帧（t=87.1s–95.9s）显示用螺丝刀拆卸吸尘器顶部盖板，未出现集尘盒已满的视觉指示或判断方法。,,R1,completed,2026-07-28T02:28:46+08:00
VQ-074,How can I tell that a vacuum dust bin is full?,en,Vacuum,state,development,vacuum-034-scene-0015,vacuum-034,138.772,141.208,1,,,no,6帧（t=138.8s–141.2s）显示一只手拿着吸尘器内部组件，能看到彩色电线和黄色滤材，但未见集尘盒或其满溢状态指示。,AI=0→R1=1：吸尘器内部组件确实可见，但未展示集尘盒或其满溢状态。,R1,completed,2026-07-28T02:28:46+08:00
VQ-074,How can I tell that a vacuum dust bin is full?,en,Vacuum,state,development,vacuum-034-scene-0023,vacuum-034,175.042,179.846,1,,,no,6帧（t=175.0s–179.9s）主要显示黑色吸尘器底部置于地毯上，t=177.9s–178.9s一只手短暂触碰底部，但未见尘盒及其满溢指示。,AI=0→R1=1：吸尘器底部确实出现在地毯上，但未展示尘盒满溢指示。,R1,completed,2026-07-28T02:28:46+08:00
VQ-074,How can I tell that a vacuum dust bin is full?,en,Vacuum,state,development,vacuum-034-scene-0027,vacuum-034,230.831,240.507,0,,,no,6帧均为吸尘器内部尘道组件拆装画面（t=230.8s至t=240.5s），无集尘盒满度指示或判断方法。,,R1,completed,2026-07-28T02:28:46+08:00
VQ-074,How can I tell that a vacuum dust bin is full?,en,Vacuum,state,development,vacuum-034-scene-0029,vacuum-034,244.344,248.448,0,,,no,第1–6帧（t=244.3s–248.4s）显示手在黑色吸尘器内部安装尘道组件、拧螺丝和插连接器，没有集尘盒已满的提示。,,R1,completed,2026-07-28T02:28:46+08:00
VQ-074,How can I tell that a vacuum dust bin is full?,en,Vacuum,state,development,vacuum-034-scene-0041,vacuum-034,340.273,347.948,0,,,no,第1–6帧（t=340.3s–347.9s）仅显示手在吸尘器机身上滑动并按压背板，没有任何集尘盒容量状态指示。,,R1,completed,2026-07-28T02:28:46+08:00
VQ-074,How can I tell that a vacuum dust bin is full?,en,Vacuum,state,development,vacuum-038-scene-0001,vacuum-038,0.0,10.96,0,,,no,全部6帧（t=0.0s–10.9s）无集尘盒或满仓指示。,,R1,completed,2026-07-28T02:28:46+08:00
VQ-074,How can I tell that a vacuum dust bin is full?,en,Vacuum,state,development,vacuum-038-scene-0004,vacuum-038,23.36,27.76,0,,,no,全部6帧（t=23.4s–27.8s）仅展示吸尘器充电状态和电池指示灯，无尘盒或满尘提示的任何画面信息。,,R1,completed,2026-07-28T02:28:46+08:00
VQ-074,How can I tell that a vacuum dust bin is full?,en,Vacuum,state,development,vacuum-038-scene-0005,vacuum-038,27.76,34.24,0,,,no,全部6帧（t=27.8s–34.2s）内容和字幕均围绕电池指示灯与充电，与集尘盒满载判断无关。,,R1,completed,2026-07-28T02:28:46+08:00
VQ-074,How can I tell that a vacuum dust bin is full?,en,Vacuum,state,development,vacuum-038-scene-0006,vacuum-038,34.24,38.8,0,,,no,全部6帧（t=34.2s–38.8s）均为吸尘器控制面板特写及充电前关闭安全提示字幕，未显示集尘盒或任何判断其是否装满的指示信息。,,R1,completed,2026-07-28T02:28:46+08:00
VQ-074,How can I tell that a vacuum dust bin is full?,en,Vacuum,state,development,vacuum-038-scene-0010,vacuum-038,65.24,71.28,1,,,no,6帧均展示电池重新装入吸尘器的过程，未出现集尘盒或其满溢指示。,AI=0→R1=1：画面中可见吸尘器，但未出现集尘盒及其满溢判断线索。,R1,completed,2026-07-28T02:28:46+08:00
VQ-074,How can I tell that a vacuum dust bin is full?,en,Vacuum,state,development,vacuum-039-scene-0002,vacuum-039,4.24,6.4,1,,,no,全部6帧（t=4.2s–6.4s）显示白色吸尘器吸头正在工作并有灰尘颗粒活动，吸尘器产品处于运行状态，但未展示集尘盒本体或任何判断其是否装满的指示装置。,,R1,completed,2026-07-28T02:28:46+08:00
VQ-074,How can I tell that a vacuum dust bin is full?,en,Vacuum,state,development,vacuum-039-scene-0013,vacuum-039,36.4,40.72,1,,,no,第1–6帧特写尘盒机构，第4帧可见内部积尘，但未展示如何判断已满的指示。,,R1,completed,2026-07-28T02:28:46+08:00
VQ-074,How can I tell that a vacuum dust bin is full?,en,Vacuum,state,development,vacuum-039-scene-0027,vacuum-039,82.44,84.48,1,,,no,全部6帧（t=82.4s–84.5s）显示吸尘器吸头正在工作并吸起大量灰尘颗粒，产品处于运行状态，但未显示集尘盒满载指示灯、观察窗或其他判断集尘盒是否装满的可视线索。,,R1,completed,2026-07-28T02:28:46+08:00
VQ-074,How can I tell that a vacuum dust bin is full?,en,Vacuum,state,development,vacuum-039-scene-0030,vacuum-039,91.04,99.28,1,,,no,全部6帧（t=91.0s–99.3s）展示吸尘器集尘盒和集尘袋结构，第5–6帧可见袋内有收集的灰尘碎屑，但未演示如何判断'已满'（无满尘刻度线或指示灯）。,,R1,completed,2026-07-28T02:28:46+08:00
VQ-074,How can I tell that a vacuum dust bin is full?,en,Vacuum,state,development,vacuum-044-scene-0003,vacuum-044,4.88,8.96,0,,,no,第1帧为'DEMONSTRATION 1'标题卡，第4-5帧显示白色纸咖啡滤纸被放置在深色物体下方，未出现吸尘器或尘盒。,,R1,completed,2026-07-28T02:28:46+08:00
VQ-074,How can I tell that a vacuum dust bin is full?,en,Vacuum,state,development,vacuum-044-scene-0004,vacuum-044,8.96,12.08,0,,,no,全部6帧（t=9.0s–12.1s）只显示白色咖啡滤纸、少量棕色粉末以及“DEMONSTRATION 2”标题卡，完全没有出现吸尘器集尘盒。,,R1,completed,2026-07-28T02:28:46+08:00
VQ-074,How can I tell that a vacuum dust bin is full?,en,Vacuum,state,development,vacuum-044-scene-0006,vacuum-044,17.68,20.8,0,,,no,全部帧（t=17.7s–20.8s）未展示集尘盒或其满度判断信息。,,R1,completed,2026-07-28T02:28:46+08:00
VQ-074,How can I tell that a vacuum dust bin is full?,en,Vacuum,state,development,vacuum-044-scene-0007,vacuum-044,20.8,26.24,0,,,no,第1–6帧（t=20.8s–26.2s）全部是一只灰色手持器具在深色泡沫液体中搅动，没有吸尘器或集尘盒。,,R1,completed,2026-07-28T02:28:46+08:00
VQ-074,How can I tell that a vacuum dust bin is full?,en,Vacuum,state,development,vacuum-053-scene-0001,vacuum-053,0.0,28.53,0,,,no,6帧未出现集尘盒或其满尘指示。,,R1,completed,2026-07-28T02:28:46+08:00
VQ-074,How can I tell that a vacuum dust bin is full?,en,Vacuum,state,development,vacuum-058-scene-0002,vacuum-058,2.08,4.52,0,,,no,6帧仅展示吸头清洁画面，未出现集尘盒，更无满尘指示。,,R1,completed,2026-07-28T02:28:46+08:00
VQ-074,How can I tell that a vacuum dust bin is full?,en,Vacuum,state,development,vacuum-058-scene-0003,vacuum-058,4.52,6.8,1,,,no,6帧仅见吸尘器地刷在地毯上工作，未出现集尘盒及满溢判断线索。,AI=0→R1=1：画面中可见吸尘器，但未出现集尘盒及满溢判断线索。 | 第三轮仲裁复核：维持R1原判（等级/时间/泄漏均确认无误）。,R1,completed,2026-07-28T20:35:21+08:00
VQ-074,How can I tell that a vacuum dust bin is full?,en,Vacuum,state,development,vacuum-058-scene-0004,vacuum-058,6.8,9.72,0,,,no,第1–2帧及第6帧（t=6.8s、7.4s、9.7s）展示了吸尘器透明集尘仓内部，但无法看出是否已满，也无满尘标识或提示。,,R1,completed,2026-07-28T02:28:46+08:00
VQ-074,How can I tell that a vacuum dust bin is full?,en,Vacuum,state,development,vacuum-058-scene-0005,vacuum-058,9.72,11.84,2,9.72,11.8,no,全部6帧（t=9.7s–11.8s）均展示透明集尘杯置入Clean Station，透明杯体可直接目视内部灰尘量，提供了判断集尘盒是否装满的视觉依据，但未演示具体满载阈值或提示信号。,时间按实际证据片段重定位,R1,completed,2026-07-28T02:28:46+08:00
VQ-074,How can I tell that a vacuum dust bin is full?,en,Vacuum,state,development,vacuum-060-scene-0002,vacuum-060,3.67,6.673,1,,,no,6帧仅展示数字显示屏及一般状态指示，未明确显示集尘盒已满的特定提示。,AI=2→R1=1：画面仅展示数字显示屏及状态指示，未明确显示集尘盒已满的特定提示。,R1,completed,2026-07-28T02:28:46+08:00
VQ-074,How can I tell that a vacuum dust bin is full?,en,Vacuum,state,development,vacuum-060-scene-0003,vacuum-060,6.673,8.709,1,,,no,全部6帧（t=6.7s–8.7s）中吸尘器产品出现并在使用，但未展示集尘盒本身或任何满尘判断依据。,,R1,completed,2026-07-28T02:28:46+08:00
VQ-074,How can I tell that a vacuum dust bin is full?,en,Vacuum,state,development,vacuum-060-scene-0004,vacuum-060,8.709,19.219,1,,,no,第2帧（t=10.8s）可见透明尘杯/集尘盒，但没有任何满溢指示或判断尘盒是否已满的方法。,AI=0→R1=1：画面中确实出现了吸尘器及其尘杯，但未展示该query所问的具体判断方法。,R1,completed,2026-07-28T02:28:46+08:00
VQ-074,How can I tell that a vacuum dust bin is full?,en,Vacuum,state,development,vacuum-060-scene-0005,vacuum-060,19.219,24.024,2,21.2,23.1,no,第4–5帧（t=21.2s–23.1s）突出展示了吸尘器的透明集尘杯，用户可通过此透明容器直观查看灰尘量以判断集尘盒是否已满。,时间按实际证据片段重定位,R1,completed,2026-07-28T02:28:46+08:00
VQ-075,吸尘器集尘盒怎样拆下和装回？,zh-CN,Vacuum,component,development,vacuum-001-scene-0001,vacuum-001,0.0,26.51,1,,,no,第1、3、5、6帧可见吸尘器主体，但画面未展示集尘盒拆下或装回的动作。,AI=0→R1=1：画面中确实出现了吸尘器产品，但未展示该query所问的具体操作或部件。,R1,completed,2026-07-28T02:28:46+08:00
VQ-075,吸尘器集尘盒怎样拆下和装回？,zh-CN,Vacuum,component,development,vacuum-002-scene-0001,vacuum-002,0.0,30.94,0,,,no,全部6帧（t=0s–30.9s）吸尘器整机保持原样静置，无集尘盒被取下或重新安装的操作。,,R1,completed,2026-07-28T02:28:46+08:00
VQ-075,吸尘器集尘盒怎样拆下和装回？,zh-CN,Vacuum,component,development,vacuum-003-scene-0001,vacuum-003,0.0,15.46,0,,,no,6帧均为扫地机器人运行画面，无打开或取下集尘盒的任何操作。,,R1,completed,2026-07-28T02:28:46+08:00
VQ-075,吸尘器集尘盒怎样拆下和装回？,zh-CN,Vacuum,component,development,vacuum-008-scene-0001,vacuum-008,0.0,27.207,0,,,no,6帧画面（t=0.0s–27.2s）中无集尘盒出现，也无任何拆卸或装回动作。,,R1,completed,2026-07-28T02:28:46+08:00
VQ-075,吸尘器集尘盒怎样拆下和装回？,zh-CN,Vacuum,component,development,vacuum-008-scene-0002,vacuum-008,27.207,31.211,0,,,no,6帧均为昏暗模糊的室内场景，无法辨认集尘盒或拆装动作。,,R1,completed,2026-07-28T02:28:46+08:00
VQ-075,吸尘器集尘盒怎样拆下和装回？,zh-CN,Vacuum,component,development,vacuum-008-scene-0005,vacuum-008,39.094,41.263,0,,,no,画面过暗过糊，无法辨认吸尘器集尘盒或任何拆装动作。,,R1,completed,2026-07-28T02:28:46+08:00
VQ-075,吸尘器集尘盒怎样拆下和装回？,zh-CN,Vacuum,component,development,vacuum-008-scene-0013,vacuum-008,70.127,72.421,0,,,no,全部帧（t=70.1s–72.4s）无吸尘器产品组件出现，无集尘盒拆装动作。,,R1,completed,2026-07-28T02:28:46+08:00
VQ-075,吸尘器集尘盒怎样拆下和装回？,zh-CN,Vacuum,component,development,vacuum-008-scene-0015,vacuum-008,79.929,82.974,0,,,no,第1–6帧（t=79.9s–83.0s）均为昏暗房间中的关闭门扇，没有吸尘器或集尘盒。,,R1,completed,2026-07-28T02:28:46+08:00
VQ-075,吸尘器集尘盒怎样拆下和装回？,zh-CN,Vacuum,component,development,vacuum-008-scene-0018,vacuum-008,88.188,123.83,0,,,no,6帧（t=88.2s–123.8s）为机器人移动视角，无集尘盒拆卸或装回动作。,,R1,completed,2026-07-28T02:28:46+08:00
VQ-075,吸尘器集尘盒怎样拆下和装回？,zh-CN,Vacuum,component,development,vacuum-009-scene-0001,vacuum-009,0.0,41.54,0,,,no,全部6帧（t=0.0s–41.5s）只有吸尘器在地毯上被推动的画面，集尘盒未被拆下或装回。,,R1,completed,2026-07-28T02:28:46+08:00
VQ-075,吸尘器集尘盒怎样拆下和装回？,zh-CN,Vacuum,component,development,vacuum-010-scene-0001,vacuum-010,0.0,74.7,0,,,no,6帧均为扫地机器人整体运行画面，无打开集尘盒、取出或装回的任何操作。,,R1,completed,2026-07-28T02:28:46+08:00
VQ-075,吸尘器集尘盒怎样拆下和装回？,zh-CN,Vacuum,component,development,vacuum-034-scene-0001,vacuum-034,0.0,5.005,0,,,no,全部6帧均为标题卡，无集尘盒拆装动作或相关组件出现。,AI=1→R1=0：纯标题卡无任何操作内容，不应给1。,R1,completed,2026-07-28T02:28:46+08:00
VQ-075,吸尘器集尘盒怎样拆下和装回？,zh-CN,Vacuum,component,development,vacuum-034-scene-0004,vacuum-034,20.12,48.015,0,,,no,该联系表包含标题卡文字“Disassembly Top cover Display PCB”及手持工具拆卸设备顶盖和显示电路板的画面（t=20.1s–48.0s），内容为电子设备拆解而非吸尘器集尘盒操作。,,R1,completed,2026-07-28T02:28:46+08:00
VQ-075,吸尘器集尘盒怎样拆下和装回？,zh-CN,Vacuum,component,development,vacuum-034-scene-0009,vacuum-034,87.12,95.862,1,,,no,第1–6帧（t=87.1s–95.9s）仅展示拧螺丝并掀开吸尘器顶部盖板、露出内部腔体，但未展示集尘盒本身的拆下或装回动作。,AI=2→R1=1：画面只做了主机盖板拆卸，未实际演示集尘盒的拆下与装回。,R1,completed,2026-07-28T02:28:46+08:00
VQ-075,吸尘器集尘盒怎样拆下和装回？,zh-CN,Vacuum,component,development,vacuum-034-scene-0017,vacuum-034,144.378,151.852,1,,,no,第1–6帧（t=144.4s–151.9s）展示用长螺丝刀拧下吸尘器黑色外壳螺丝并取下一块圆形盖板的拆解过程，产品为吸尘器但操作对象是外壳/底板而非集尘盒。,,R1,completed,2026-07-28T02:28:46+08:00
VQ-075,吸尘器集尘盒怎样拆下和装回？,zh-CN,Vacuum,component,development,vacuum-034-scene-0024,vacuum-034,179.846,185.052,1,,,no,第1–6帧（t=179.8s–185.1s）展示的是吸尘器黑色底座的深度拆解——手扶底座外壳、露出内部电线与电机组件，旁边还放着螺丝刀；全程未出现集尘盒本体，也没有演示取出或装回集尘盒的任何动作。,AI=2→R1=1：画面仅展示吸尘器底座内部结构拆解（卸螺丝、露线束），未出现集尘盒本身，更未演示拆下或装回集尘盒的操作，不满足等级2“部分回答”的标准。,R1,completed,2026-07-28T02:28:46+08:00
VQ-075,吸尘器集尘盒怎样拆下和装回？,zh-CN,Vacuum,component,development,vacuum-034-scene-0027,vacuum-034,230.831,240.507,1,,,no,6帧展示吸尘器内部尘道组件（Dust duct assembly）的拆装（t=230.8s至t=240.5s），含拔连接器、卸螺丝、分离外壳等操作，但这是内部风道装配而非用户可拆卸的集尘盒。,AI=2→R1=2降为1：画面展示的是内部尘道组件（Dust duct assembly）的拆装，不是用户日常使用的集尘盒（dust bin）拆装，属不同组件。,R1,completed,2026-07-28T02:28:46+08:00
VQ-075,吸尘器集尘盒怎样拆下和装回？,zh-CN,Vacuum,component,development,vacuum-034-scene-0046,vacuum-034,375.809,395.362,1,,,no,第1–6帧（t=375.8s–395.4s）俯视一台立式吸尘器打开的底座内部，双手在内部接线、安装连接器和螺丝，全程未涉及集尘盒的取放操作。,,R1,completed,2026-07-28T02:28:46+08:00
VQ-075,吸尘器集尘盒怎样拆下和装回？,zh-CN,Vacuum,component,development,vacuum-038-scene-0001,vacuum-038,0.0,10.96,0,,,no,全部6帧（t=0.0s–10.9s）未出现集尘盒拆装动作。,,R1,completed,2026-07-28T02:28:46+08:00
VQ-075,吸尘器集尘盒怎样拆下和装回？,zh-CN,Vacuum,component,development,vacuum-038-scene-0002,vacuum-038,10.96,18.16,0,,,no,6帧均为电池特写，未出现吸尘器集尘盒或拆装动作。,,R1,completed,2026-07-28T02:28:46+08:00
VQ-075,吸尘器集尘盒怎样拆下和装回？,zh-CN,Vacuum,component,development,vacuum-038-scene-0003,vacuum-038,18.16,23.36,0,,,no,全部6帧（t=18.2s–23.4s）均为电池拆卸/插入充电坞过程，未出现集尘盒拆装动作。,,R1,completed,2026-07-28T02:28:46+08:00
VQ-075,吸尘器集尘盒怎样拆下和装回？,zh-CN,Vacuum,component,development,vacuum-038-scene-0007,vacuum-038,38.8,47.72,1,,,no,6帧画面（t=38.8s–47.7s）只展示从吸尘器手柄释放并取出电池，没有集尘盒拆下或装回动作。,AI=0→R1=1：吸尘器出现，但演示电池拆卸而非集尘盒拆装。,R1,completed,2026-07-28T02:28:46+08:00
VQ-075,吸尘器集尘盒怎样拆下和装回？,zh-CN,Vacuum,component,development,vacuum-039-scene-0013,vacuum-039,36.4,40.72,2,36.4,40.7,no,第1–6帧持续特写吸尘器尘盒开合结构，第4–5帧显示尘盒打开并可见内部积尘，但未完整呈现拆下和装回步骤。,AI=1→R1=2，画面呈现了尘盒机构与开合状态，但未完整展示拆下和装回步骤。,R1,completed,2026-07-28T02:28:46+08:00
VQ-075,吸尘器集尘盒怎样拆下和装回？,zh-CN,Vacuum,component,development,vacuum-039-scene-0030,vacuum-039,91.04,99.28,1,,,no,全部6帧（t=91.0s–99.3s）为集尘盒各角度静态特写及日文标注，含集尘袋内灰尘画面，但全程无拆下或装回的动作演示。,,R1,completed,2026-07-28T02:28:46+08:00
VQ-075,吸尘器集尘盒怎样拆下和装回？,zh-CN,Vacuum,component,development,vacuum-044-scene-0002,vacuum-044,2.56,4.88,0,,,no,全部6帧（t=2.6s–4.9s）仅显示手持吸尘器整体，未见集尘盒拆下或装回的任何操作。,,R1,completed,2026-07-28T02:28:46+08:00
VQ-075,吸尘器集尘盒怎样拆下和装回？,zh-CN,Vacuum,component,development,vacuum-044-scene-0003,vacuum-044,4.88,8.96,0,,,no,第1帧为'DEMONSTRATION 1'标题卡，第4-5帧展示咖啡滤纸操作，未出现吸尘器或集尘盒。,,R1,completed,2026-07-28T02:28:46+08:00
VQ-075,吸尘器集尘盒怎样拆下和装回？,zh-CN,Vacuum,component,development,vacuum-044-scene-0004,vacuum-044,8.96,12.08,0,,,no,全部6帧（t=9.0s–12.1s）只显示白色咖啡滤纸、少量棕色粉末以及“DEMONSTRATION 2”标题卡，完全没有出现吸尘器或集尘盒拆装画面。,,R1,completed,2026-07-28T02:28:46+08:00
VQ-075,吸尘器集尘盒怎样拆下和装回？,zh-CN,Vacuum,component,development,vacuum-044-scene-0008,vacuum-044,26.24,30.24,0,,,no,6帧未出现集尘盒或拆装动作。,,R1,completed,2026-07-28T02:28:46+08:00
VQ-075,吸尘器集尘盒怎样拆下和装回？,zh-CN,Vacuum,component,development,vacuum-053-scene-0001,vacuum-053,0.0,28.53,0,,,no,6帧未展示集尘盒拆装动作。,,R1,completed,2026-07-28T02:28:46+08:00
VQ-075,吸尘器集尘盒怎样拆下和装回？,zh-CN,Vacuum,component,development,vacuum-058-scene-0002,vacuum-058,2.08,4.52,0,,,no,6帧仅展示吸头清洁画面，未出现集尘盒拆装动作。,,R1,completed,2026-07-28T02:28:46+08:00
VQ-075,吸尘器集尘盒怎样拆下和装回？,zh-CN,Vacuum,component,development,vacuum-058-scene-0004,vacuum-058,6.8,9.72,0,,,no,6帧（t=6.8s–9.7s）中集尘仓虽在特写镜头中出现，但无人手将其拆下或装回主机。,,R1,completed,2026-07-28T02:28:46+08:00
VQ-075,吸尘器集尘盒怎样拆下和装回？,zh-CN,Vacuum,component,development,vacuum-058-scene-0005,vacuum-058,9.72,11.84,1,,,no,全部6帧仅显示手将集尘杯放入Clean Station的单一动作，无拆下或装回集尘盒的步骤演示。,,R1,completed,2026-07-28T02:28:46+08:00
VQ-075,吸尘器集尘盒怎样拆下和装回？,zh-CN,Vacuum,component,development,vacuum-058-scene-0006,vacuum-058,11.84,14.98,0,,,no,全部6帧（t=11.8s–15.0s）只是吸尘器外观与品牌logo，无集尘盒拆装动作。,,R1,completed,2026-07-28T02:28:46+08:00
VQ-075,吸尘器集尘盒怎样拆下和装回？,zh-CN,Vacuum,component,development,vacuum-060-scene-0001,vacuum-060,0.0,3.67,1,,,no,画面中可见吸尘器整机，但未出现集尘盒，也没有任何拆下或装回动作。,AI=0→R1=1：画面中可见吸尘器产品，但未展示集尘盒及拆卸/装回动作。,R1,completed,2026-07-28T02:28:46+08:00
VQ-075,吸尘器集尘盒怎样拆下和装回？,zh-CN,Vacuum,component,development,vacuum-060-scene-0002,vacuum-060,3.67,6.673,1,,,no,6帧显示手持吸尘器，未出现集尘盒，也无拆卸/装回动作。,AI=0→R1=1：画面中可见吸尘器，但未展示集尘盒拆卸与装回。,R1,completed,2026-07-28T02:28:46+08:00
VQ-075,吸尘器集尘盒怎样拆下和装回？,zh-CN,Vacuum,component,development,vacuum-060-scene-0004,vacuum-060,8.709,19.219,1,,,no,第2帧（t=10.8s）可见吸尘器尘杯，但画面未展示集尘盒拆下或装回的动作。,AI=0→R1=1：画面中确实出现了吸尘器及其尘杯，但未展示该query所问的具体操作。,R1,completed,2026-07-28T02:28:46+08:00
VQ-076,Where is the vacuum filter and how is it removed?,en,Vacuum,component,development,vacuum-001-scene-0001,vacuum-001,0.0,26.51,1,,,no,第1、3、5、6帧可见吸尘器主体，但所有帧均未展示滤网位置或拆卸过程。,AI=0→R1=1：画面中确实出现了吸尘器产品，但未展示该query所问的具体操作或部件。,R1,completed,2026-07-28T02:28:46+08:00
VQ-076,Where is the vacuum filter and how is it removed?,en,Vacuum,component,development,vacuum-002-scene-0001,vacuum-002,0.0,30.94,0,,,no,全部6帧（t=0s–30.9s）未显示滤网位置，也无打开滤网盖或取出滤网的任何动作。,,R1,completed,2026-07-28T02:28:46+08:00
VQ-076,Where is the vacuum filter and how is it removed?,en,Vacuum,component,development,vacuum-003-scene-0001,vacuum-003,0.0,15.46,0,,,no,6帧均为扫地机器人外部运行画面，看不到滤网位置或取出操作。,,R1,completed,2026-07-28T02:28:46+08:00
VQ-076,Where is the vacuum filter and how is it removed?,en,Vacuum,component,development,vacuum-008-scene-0001,vacuum-008,0.0,27.207,0,,,no,全部帧（t=0.0s–27.2s）为NEATO机器人移动视角和标题卡，无滤网组件或拆卸操作。,,R1,completed,2026-07-28T02:28:46+08:00
VQ-076,Where is the vacuum filter and how is it removed?,en,Vacuum,component,development,vacuum-008-scene-0006,vacuum-008,41.263,44.225,0,,,no,全部6帧（t=41.1s–44.2s）为模糊昏暗的厨房室内镜头，完全看不到吸尘器滤网及其位置或拆卸方式。,,R1,completed,2026-07-28T02:28:46+08:00
VQ-076,Where is the vacuum filter and how is it removed?,en,Vacuum,component,development,vacuum-008-scene-0012,vacuum-008,59.408,70.127,0,,,no,全部6帧（t=59.4s–70.1s）为低角度室内环境镜头，全程无吸尘器滤网出现，也未展示任何拆卸动作。,,R1,completed,2026-07-28T02:28:46+08:00
VQ-076,Where is the vacuum filter and how is it removed?,en,Vacuum,component,development,vacuum-008-scene-0018,vacuum-008,88.188,123.83,0,,,no,联系表所有帧（t=88.2s–123.8s）未展示滤网位置或拆卸方式。,,R1,completed,2026-07-28T02:28:46+08:00
VQ-076,Where is the vacuum filter and how is it removed?,en,Vacuum,component,development,vacuum-009-scene-0001,vacuum-009,0.0,41.54,0,,,no,全部6帧（t=0.0s–41.5s）无滤网位置展示或拆滤网动作。,,R1,completed,2026-07-28T02:28:46+08:00
VQ-076,Where is the vacuum filter and how is it removed?,en,Vacuum,component,development,vacuum-010-scene-0001,vacuum-010,0.0,74.7,0,,,no,6帧均为扫地机器人外部运行画面，看不到内部滤网位置或取出的任何步骤。,,R1,completed,2026-07-28T02:28:46+08:00
VQ-076,Where is the vacuum filter and how is it removed?,en,Vacuum,component,development,vacuum-034-scene-0009,vacuum-034,87.12,95.862,1,,,no,第1–6帧（t=87.1s–95.9s）显示吸尘器盖板拆卸和内部组件暴露，但没有定位滤芯或演示滤芯取出的动作。,AI=2→R1=1：仅打开顶盖露出内部，未识别滤芯位置也未展示滤芯拆卸。,R1,completed,2026-07-28T02:28:46+08:00
VQ-076,Where is the vacuum filter and how is it removed?,en,Vacuum,component,development,vacuum-034-scene-0012,vacuum-034,115.082,124.324,1,,,no,第1–6帧（t=115.1s–124.4s）展示红衣人员将一台黑白立式吸尘器的白色侧板向外翻开、露出内部腔室的过程，但画面未明确指出滤网所在位置，也未演示取出滤网的动作。,,R1,completed,2026-07-28T02:28:46+08:00
VQ-076,Where is the vacuum filter and how is it removed?,en,Vacuum,component,development,vacuum-034-scene-0014,vacuum-034,127.26,138.772,1,,,no,第1–2帧（t=127.3s–129.6s）与第6帧（t=138.8s）显示红衣人操作长条形吸尘器顶部，红色箭头标注推板方向；第3帧（t=131.9s）手将白色盖板掀开；第4–5帧（t=134.2s–136.5s）暴露内部走线与黑色塑料件；全程未出现滤芯本体或明确滤芯拆卸步骤。,,R1,completed,2026-07-28T02:28:46+08:00
VQ-076,Where is the vacuum filter and how is it removed?,en,Vacuum,component,development,vacuum-034-scene-0017,vacuum-034,144.378,151.852,1,,,no,第1–6帧（t=144.4s–151.9s）中第4–5帧显示从吸尘器底部取下一个圆形黑色塑料盖板，但无法确认该盖板是否为滤网盖，且未明确标识滤网位置或演示滤网取出动作。,,R1,completed,2026-07-28T02:28:46+08:00
VQ-076,Where is the vacuum filter and how is it removed?,en,Vacuum,component,development,vacuum-034-scene-0018,vacuum-034,151.852,155.622,0,,,no,第1–6帧（t=151.9s–155.6s）几乎为同一静态画面：吸尘器外壳拆除后露出的电路板和内部线束，红衣手臂扶着机体，没有任何滤网标识或取出动作。,,R1,completed,2026-07-28T02:28:46+08:00
VQ-076,Where is the vacuum filter and how is it removed?,en,Vacuum,component,development,vacuum-034-scene-0027,vacuum-034,230.831,240.507,1,,,no,6帧展示吸尘器内部尘道组件拆装（t=230.8s至t=240.5s），有拔插连接器、卸螺丝、分离上盖等操作，但未见滤网本体及其取出步骤。,AI=2→R1=2降为1：画面为内部尘道组件（Dust duct assembly）拆装，并非滤网（filter）的位置展示或取出操作，属同产品维护但错误组件。,R1,completed,2026-07-28T02:28:46+08:00
VQ-076,Where is the vacuum filter and how is it removed?,en,Vacuum,component,development,vacuum-034-scene-0039,vacuum-034,322.355,333.767,1,,,no,第1–2帧（t=323.2s–324.6s）与第6帧（t=333.8s）显示打开的吸尘器内部可见绿色电路板与排线；第3–5帧（t=326.9s–331.5s）展示一块带4颗螺丝（红色圈出）的黑色底板被拆装，ASR为'To attach and mount the base plate…Mount four screws'，描述的是底板安装步骤而非滤芯拆取。,AI=2→R1=1：画面虽为吸尘器拆解，但展示的是电路板与底板/4螺丝组装步骤，未直接识别或演示滤芯位置与拆卸过程，下调为1。,R1,completed,2026-07-28T02:28:46+08:00
VQ-076,Where is the vacuum filter and how is it removed?,en,Vacuum,component,development,vacuum-038-scene-0001,vacuum-038,0.0,10.96,0,,,no,全部6帧（t=0.0s–10.9s）未出现滤网位置或拆卸步骤。,,R1,completed,2026-07-28T02:28:46+08:00
VQ-076,Where is the vacuum filter and how is it removed?,en,Vacuum,component,development,vacuum-038-scene-0003,vacuum-038,18.16,23.36,0,,,no,全部6帧（t=18.2s–23.4s）均为电池拆卸/充电坞画面，未显示滤网位置或拆卸。,,R1,completed,2026-07-28T02:28:46+08:00
VQ-076,Where is the vacuum filter and how is it removed?,en,Vacuum,component,development,vacuum-038-scene-0005,vacuum-038,27.76,34.24,0,,,no,全部6帧（t=27.8s–34.2s）仅展示电池指示灯和充电相关字幕，无滤网部件位置或拆取方法。,,R1,completed,2026-07-28T02:28:46+08:00
VQ-076,Where is the vacuum filter and how is it removed?,en,Vacuum,component,development,vacuum-038-scene-0006,vacuum-038,34.24,38.8,0,,,no,全部6帧（t=34.2s–38.8s）仅展示吸尘器控制面板区域的手指操作，未见滤网组件或拆卸步骤。,,R1,completed,2026-07-28T02:28:46+08:00
VQ-076,Where is the vacuum filter and how is it removed?,en,Vacuum,component,development,vacuum-038-scene-0007,vacuum-038,38.8,47.72,1,,,no,6帧画面（t=38.8s–47.7s）演示电池释放与取出，未见滤网位置或滤网拆卸。,AI=0→R1=1：吸尘器出现，但画面只演示电池拆卸，未涉及滤网。,R1,completed,2026-07-28T02:28:46+08:00
VQ-076,Where is the vacuum filter and how is it removed?,en,Vacuum,component,development,vacuum-039-scene-0011,vacuum-039,29.4,32.52,0,,,no,全部6帧仅展示吸尘器吸尘作业过程，无滤网部件出现也无拆取步骤。,,R1,completed,2026-07-28T02:28:46+08:00
VQ-076,Where is the vacuum filter and how is it removed?,en,Vacuum,component,development,vacuum-039-scene-0012,vacuum-039,32.52,36.4,1,,,no,全部6帧均为红色吸尘器广告画面，产品以静态方式呈现，未显示滤网位置或拆卸方式。,AI=0→R1=1：画面中确实出现了吸尘器产品，但未展示该query所问的具体操作或部件。,R1,completed,2026-07-28T02:28:46+08:00
VQ-076,Where is the vacuum filter and how is it removed?,en,Vacuum,component,development,vacuum-039-scene-0013,vacuum-039,36.4,40.72,1,,,no,6帧特写尘盒区域，可能涉及滤网位置但未明确标识，也未展示滤网拆卸。,,R1,completed,2026-07-28T02:28:46+08:00
VQ-076,Where is the vacuum filter and how is it removed?,en,Vacuum,component,development,vacuum-039-scene-0014,vacuum-039,40.72,43.52,1,,,no,第1–3帧（t=40.7s–41.8s）与第6帧（t=43.5s）显示红色圆筒式吸尘器机身特写，第4–5帧（t=42.4s–42.9s）切换为红白相间的巨大人形生物站在道路上俯视汽车的画面；6帧均未展示滤芯位置或拆卸操作。,AI=0→R1=1：吸尘器机身在4/6帧清晰可见，产品出现但未演示滤芯定位/拆卸，故上调为1。,R1,completed,2026-07-28T02:28:46+08:00
VQ-076,Where is the vacuum filter and how is it removed?,en,Vacuum,component,development,vacuum-039-scene-0030,vacuum-039,91.04,99.28,1,,,no,全部6帧（t=91.0s–99.3s）聚焦于集尘盒和集尘袋系统（日文标注'自動回転チリ落し装置''ダストバッグ式'），滤网未被单独指出也无拆卸动作。,,R1,completed,2026-07-28T02:28:46+08:00
VQ-076,Where is the vacuum filter and how is it removed?,en,Vacuum,component,development,vacuum-044-scene-0003,vacuum-044,4.88,8.96,0,,,no,第1帧为标题卡，第4-5帧为咖啡滤纸特写，内容与吸尘器滤网无关，未出现吸尘器。,,R1,completed,2026-07-28T02:28:46+08:00
VQ-076,Where is the vacuum filter and how is it removed?,en,Vacuum,component,development,vacuum-044-scene-0004,vacuum-044,8.96,12.08,0,,,no,全部6帧（t=9.0s–12.1s）只显示白色咖啡滤纸、少量棕色粉末以及“DEMONSTRATION 2”标题卡，完全没有出现吸尘器或滤网。,,R1,completed,2026-07-28T02:28:46+08:00
VQ-076,Where is the vacuum filter and how is it removed?,en,Vacuum,component,development,vacuum-044-scene-0008,vacuum-044,26.24,30.24,0,,,no,6帧仅展示配件架与配件，未出现滤网位置或拆卸过程。,AI=1→R1=0，画面仅展示壁挂配件架，未出现滤网及其拆卸动作。,R1,completed,2026-07-28T02:28:46+08:00
VQ-076,Where is the vacuum filter and how is it removed?,en,Vacuum,component,development,vacuum-053-scene-0001,vacuum-053,0.0,28.53,0,,,no,6帧未出现滤网位置或拆卸动作。,,R1,completed,2026-07-28T02:28:46+08:00
VQ-076,Where is the vacuum filter and how is it removed?,en,Vacuum,component,development,vacuum-058-scene-0002,vacuum-058,2.08,4.52,0,,,no,6帧未显示滤网位置或任何拆卸动作。,,R1,completed,2026-07-28T02:28:46+08:00
VQ-076,Where is the vacuum filter and how is it removed?,en,Vacuum,component,development,vacuum-058-scene-0003,vacuum-058,4.52,6.8,1,,,no,6帧显示吸尘器地刷在地毯上清洁，未展示滤网位置或拆卸动作。,AI=0→R1=1：画面中可见吸尘器地刷，但未展示滤网位置及拆卸。 | 第三轮仲裁复核：维持R1原判（等级/时间/泄漏均确认无误）。,R1,completed,2026-07-28T20:35:21+08:00
VQ-076,Where is the vacuum filter and how is it removed?,en,Vacuum,component,development,vacuum-058-scene-0005,vacuum-058,9.72,11.84,0,,,no,全部6帧仅显示Clean Station和透明集尘杯，未见滤网部件及其位置，也无任何拆取动作。,AI=1→R1=0：画面中完全没有滤网出现，无法构成'产品出现'的最低条件，应为不相关。,R1,completed,2026-07-28T02:28:46+08:00
VQ-076,Where is the vacuum filter and how is it removed?,en,Vacuum,component,development,vacuum-060-scene-0002,vacuum-060,3.67,6.673,1,,,no,6帧仅见手持吸尘器及显示屏，未展示滤网位置或拆卸动作。,AI=0→R1=1：画面中可见吸尘器，但未展示滤网位置及拆卸。,R1,completed,2026-07-28T02:28:46+08:00
VQ-076,Where is the vacuum filter and how is it removed?,en,Vacuum,component,development,vacuum-060-scene-0004,vacuum-060,8.709,19.219,1,,,no,画面展示了吸尘器外观（t=8.7s、10.8s）和电机分解图（t=15.0s、17.1s），但未显示滤网位置或拆卸过程。,AI=0→R1=1：画面中确实出现了吸尘器产品，但未展示该query所问的具体操作或部件。,R1,completed,2026-07-28T02:28:46+08:00
VQ-076,Where is the vacuum filter and how is it removed?,en,Vacuum,component,development,vacuum-060-scene-0005,vacuum-060,19.219,24.024,0,,,no,全部6帧（t=19.2s–24.1s）未展示滤网位置或滤网拆卸取出过程。,,R1,completed,2026-07-28T02:28:46+08:00
VQ-077,吸尘器地刷中的滚刷怎样拆卸？,zh-CN,Vacuum,component,development,vacuum-001-scene-0001,vacuum-001,0.0,26.51,1,,,no,第1、3、5、6帧可见吸尘器主体，但画面模糊，未展示地刷滚刷或滚刷拆卸动作。,AI=0→R1=1：画面中确实出现了吸尘器产品，但未展示该query所问的具体操作或部件。,R1,completed,2026-07-28T02:28:46+08:00
VQ-077,吸尘器地刷中的滚刷怎样拆卸？,zh-CN,Vacuum,component,development,vacuum-002-scene-0001,vacuum-002,0.0,30.94,0,,,no,全部6帧（t=0s–30.9s）仅见吸尘器主机外轮廓，地刷滚刷组件不可见也无拆卸操作。,,R1,completed,2026-07-28T02:28:46+08:00
VQ-077,吸尘器地刷中的滚刷怎样拆卸？,zh-CN,Vacuum,component,development,vacuum-003-scene-0001,vacuum-003,0.0,15.46,0,,,no,6帧均为扫地机器人整体运行画面，无地刷/滚刷组件或拆卸操作。,,R1,completed,2026-07-28T02:28:46+08:00
VQ-077,吸尘器地刷中的滚刷怎样拆卸？,zh-CN,Vacuum,component,development,vacuum-008-scene-0001,vacuum-008,0.0,27.207,0,,,no,联系表6帧（t=0.0s–27.2s）中无地刷或滚刷组件出现，更无拆卸演示。,,R1,completed,2026-07-28T02:28:46+08:00
VQ-077,吸尘器地刷中的滚刷怎样拆卸？,zh-CN,Vacuum,component,development,vacuum-008-scene-0002,vacuum-008,27.207,31.211,0,,,no,6帧均为昏暗模糊的室内场景，无法辨认地刷滚刷或拆卸动作。,,R1,completed,2026-07-28T02:28:46+08:00
VQ-077,吸尘器地刷中的滚刷怎样拆卸？,zh-CN,Vacuum,component,development,vacuum-008-scene-0004,vacuum-008,37.05,39.094,0,,,no,6帧画面（t=37.0s–39.1s）是昏暗室内场景，未见吸尘器地刷或滚刷，也没有拆卸动作。,,R1,completed,2026-07-28T02:28:46+08:00
VQ-077,吸尘器地刷中的滚刷怎样拆卸？,zh-CN,Vacuum,component,development,vacuum-008-scene-0005,vacuum-008,39.094,41.263,0,,,no,6帧无法识别具体物体，未见吸尘器地刷或滚刷拆卸。,,R1,completed,2026-07-28T02:28:46+08:00
VQ-077,吸尘器地刷中的滚刷怎样拆卸？,zh-CN,Vacuum,component,development,vacuum-008-scene-0009,vacuum-008,50.148,53.109,0,,,no,全部6帧（t=50.1s–53.1s）模糊不清，无法识别地刷、滚刷或任何拆卸操作。,,R1,completed,2026-07-28T02:28:46+08:00
VQ-077,吸尘器地刷中的滚刷怎样拆卸？,zh-CN,Vacuum,component,development,vacuum-008-scene-0015,vacuum-008,79.929,82.974,0,,,no,第1–6帧（t=79.9s–83.0s）只显示走廊和关闭的门，没有吸尘器或地刷滚刷。,,R1,completed,2026-07-28T02:28:46+08:00
VQ-077,吸尘器地刷中的滚刷怎样拆卸？,zh-CN,Vacuum,component,development,vacuum-008-scene-0018,vacuum-008,88.188,123.83,0,,,no,全部帧（t=88.2s–123.8s）无地刷或滚刷组件出现，无拆卸演示。,,R1,completed,2026-07-28T02:28:46+08:00
VQ-077,吸尘器地刷中的滚刷怎样拆卸？,zh-CN,Vacuum,component,development,vacuum-009-scene-0001,vacuum-009,0.0,41.54,0,,,no,全部6帧（t=0.0s–41.5s）地刷未从主机分离，亦无滚刷拆解动作。,,R1,completed,2026-07-28T02:28:46+08:00
VQ-077,吸尘器地刷中的滚刷怎样拆卸？,zh-CN,Vacuum,component,development,vacuum-010-scene-0001,vacuum-010,0.0,74.7,0,,,no,6帧均为扫地机器人整体运行画面，无地刷/滚刷组件的可见或拆卸操作。,,R1,completed,2026-07-28T02:28:46+08:00
VQ-077,吸尘器地刷中的滚刷怎样拆卸？,zh-CN,Vacuum,component,development,vacuum-034-scene-0001,vacuum-034,0.0,5.005,0,,,no,全部6帧均为标题卡，无地刷或滚刷的拆卸画面。,AI=1→R1=0：纯标题卡无任何操作内容，不应给1。,R1,completed,2026-07-28T02:28:46+08:00
VQ-077,吸尘器地刷中的滚刷怎样拆卸？,zh-CN,Vacuum,component,development,vacuum-034-scene-0009,vacuum-034,87.12,95.862,0,,,no,第1–6帧（t=87.1s–95.9s）均为吸尘器主机顶部拆卸，未出现地刷或滚刷。,AI=1→R1=0：画面产品与地刷滚刷完全无关，仅为主机拆解。,R1,completed,2026-07-28T02:28:46+08:00
VQ-077,吸尘器地刷中的滚刷怎样拆卸？,zh-CN,Vacuum,component,development,vacuum-034-scene-0014,vacuum-034,127.26,138.772,0,,,no,6帧均显示红衣人拆解吸尘器顶部盖板与内部走线结构，未出现地刷/滚刷本体，也无滚刷拆卸动作，与'地刷滚刷拆卸'完全无关。,,R1,completed,2026-07-28T02:28:46+08:00
VQ-077,吸尘器地刷中的滚刷怎样拆卸？,zh-CN,Vacuum,component,development,vacuum-034-scene-0015,vacuum-034,138.772,141.208,1,,,no,6帧（t=138.8s–141.2s）显示一只手拿着吸尘器内部组件，能看到彩色电线和黄色滤材，底部支架被提及仍挂在螺丝上，但未见滚刷本体或其拆卸动作。,,R1,completed,2026-07-28T02:28:46+08:00
VQ-077,吸尘器地刷中的滚刷怎样拆卸？,zh-CN,Vacuum,component,development,vacuum-034-scene-0017,vacuum-034,144.378,151.852,0,,,no,第1–6帧（t=144.4s–151.9s）均为吸尘器主机机身外壳的螺丝拆卸和盖板取下操作，画面中没有出现地刷或滚刷部件。,,R1,completed,2026-07-28T02:28:46+08:00
VQ-077,吸尘器地刷中的滚刷怎样拆卸？,zh-CN,Vacuum,component,development,vacuum-034-scene-0020,vacuum-034,166.099,169.436,0,,,no,6帧（t=166.1s–169.4s）均为同一白色背景标题卡，仅显示文字'Disassembly / Case supporter / Dust duct assembly'，无任何吸尘器实体、滚刷或拆卸动作演示。,AI=1→R1=0：标题卡仅含拆解章节文字标签，无滚刷或任何实物演示，无法构成对'滚刷怎样拆卸'的回答，下调为0。,R1,completed,2026-07-28T02:28:46+08:00
VQ-077,吸尘器地刷中的滚刷怎样拆卸？,zh-CN,Vacuum,component,development,vacuum-034-scene-0028,vacuum-034,240.507,244.344,0,,,no,画面（t=240.5s–244.3s）显示内部风道与电机线束装配，没有地刷或滚刷拆卸。,,R1,completed,2026-07-28T02:28:46+08:00
VQ-077,吸尘器地刷中的滚刷怎样拆卸？,zh-CN,Vacuum,component,development,vacuum-038-scene-0001,vacuum-038,0.0,10.96,0,,,no,全部6帧（t=0.0s–10.9s）未出现地刷滚刷的拆解画面。,,R1,completed,2026-07-28T02:28:46+08:00
VQ-077,吸尘器地刷中的滚刷怎样拆卸？,zh-CN,Vacuum,component,development,vacuum-038-scene-0002,vacuum-038,10.96,18.16,0,,,no,6帧均为21.6V锂电池特写，未出现吸尘器地刷或滚刷拆卸。,,R1,completed,2026-07-28T02:28:46+08:00
VQ-077,吸尘器地刷中的滚刷怎样拆卸？,zh-CN,Vacuum,component,development,vacuum-038-scene-0003,vacuum-038,18.16,23.36,0,,,no,全部6帧（t=18.2s–23.4s）是电池拆卸/充电坞内容，未出现地刷滚刷拆解。,,R1,completed,2026-07-28T02:28:46+08:00
VQ-077,吸尘器地刷中的滚刷怎样拆卸？,zh-CN,Vacuum,component,development,vacuum-038-scene-0007,vacuum-038,38.8,47.72,1,,,no,6帧画面（t=38.8s–47.7s）中人物拆卸的是手柄电池，不是地刷中的滚刷。,AI=0→R1=1：吸尘器出现，但拆卸的是电池而非地刷滚刷。,R1,completed,2026-07-28T02:28:46+08:00
VQ-077,吸尘器地刷中的滚刷怎样拆卸？,zh-CN,Vacuum,component,development,vacuum-038-scene-0010,vacuum-038,65.24,71.28,1,,,no,画面中可见吸尘器主体，但6帧均为电池安装动作，未展示地刷滚刷拆卸。,AI=0→R1=1：画面中可见吸尘器，但未展示地刷滚刷拆卸。,R1,completed,2026-07-28T02:28:46+08:00
VQ-077,吸尘器地刷中的滚刷怎样拆卸？,zh-CN,Vacuum,component,development,vacuum-039-scene-0003,vacuum-039,6.4,8.4,0,,,no,6帧均为吸尘器吸头吸碎屑的运行画面（t=6.4s至t=8.4s），无地刷或滚刷拆卸操作。,,R1,completed,2026-07-28T02:28:46+08:00
VQ-077,吸尘器地刷中的滚刷怎样拆卸？,zh-CN,Vacuum,component,development,vacuum-039-scene-0004,vacuum-039,8.4,12.08,0,,,no,6帧为红色吸尘器广告画面，未展示地刷滚刷或拆卸动作。,,R1,completed,2026-07-28T02:28:46+08:00
VQ-077,吸尘器地刷中的滚刷怎样拆卸？,zh-CN,Vacuum,component,development,vacuum-039-scene-0009,vacuum-039,24.2,27.24,0,,,no,6帧（t=24.2s–27.2s）中无地刷滚刷组件的拆卸操作或工具使用，大部分帧画面模糊不清。,,R1,completed,2026-07-28T02:28:46+08:00
VQ-077,吸尘器地刷中的滚刷怎样拆卸？,zh-CN,Vacuum,component,development,vacuum-039-scene-0013,vacuum-039,36.4,40.72,0,,,no,6帧未展示地刷滚刷或拆卸动作。,,R1,completed,2026-07-28T02:28:46+08:00
VQ-077,吸尘器地刷中的滚刷怎样拆卸？,zh-CN,Vacuum,component,development,vacuum-039-scene-0020,vacuum-039,57.48,62.08,0,,,no,第1–3帧（t=57.5s–59.3s）与第6帧（t=62.1s）为尘土环境中的军用坦克，第4–5帧（t=60.2s–61.2s）为带光效的人物特写；全帧无吸尘器或任何清洁设备，与滚刷拆卸问题无关。,,R1,completed,2026-07-28T02:28:46+08:00
VQ-077,吸尘器地刷中的滚刷怎样拆卸？,zh-CN,Vacuum,component,development,vacuum-039-scene-0029,vacuum-039,86.64,91.04,0,,,no,全部6帧（t=86.6s–91.0s）只是产品广告，无地刷或滚刷拆解动作。,,R1,completed,2026-07-28T02:28:46+08:00
VQ-077,吸尘器地刷中的滚刷怎样拆卸？,zh-CN,Vacuum,component,development,vacuum-044-scene-0002,vacuum-044,2.56,4.88,0,,,no,全部6帧（t=2.6s–4.9s）仅展示手持吸尘器外观，无地刷滚刷组件可见，更无拆卸动作。,,R1,completed,2026-07-28T02:28:46+08:00
VQ-077,吸尘器地刷中的滚刷怎样拆卸？,zh-CN,Vacuum,component,development,vacuum-044-scene-0006,vacuum-044,17.68,20.8,0,,,no,6帧（t=17.7s–20.8s）中无地刷或滚刷组件，无拆卸操作。,,R1,completed,2026-07-28T02:28:46+08:00
VQ-077,吸尘器地刷中的滚刷怎样拆卸？,zh-CN,Vacuum,component,development,vacuum-044-scene-0008,vacuum-044,26.24,30.24,0,,,no,6帧未展示地刷滚刷或滚刷拆卸动作。,,R1,completed,2026-07-28T02:28:46+08:00
VQ-077,吸尘器地刷中的滚刷怎样拆卸？,zh-CN,Vacuum,component,development,vacuum-053-scene-0001,vacuum-053,0.0,28.53,0,,,no,6帧未展示地刷滚刷或拆卸动作。,,R1,completed,2026-07-28T02:28:46+08:00
VQ-077,吸尘器地刷中的滚刷怎样拆卸？,zh-CN,Vacuum,component,development,vacuum-058-scene-0002,vacuum-058,2.08,4.52,0,,,no,6帧未出现地刷滚刷，也无滚刷拆卸动作。,,R1,completed,2026-07-28T02:28:46+08:00
VQ-077,吸尘器地刷中的滚刷怎样拆卸？,zh-CN,Vacuum,component,development,vacuum-058-scene-0003,vacuum-058,4.52,6.8,1,,,no,第4帧（t=6.3s）可见滚刷绿色条纹转动，但6帧均未展示滚刷拆卸步骤。,AI=0→R1=1：画面中可见滚刷转动，但未展示滚刷拆卸步骤。 | 第三轮仲裁复核：维持R1原判（等级/时间/泄漏均确认无误）。,R1,completed,2026-07-28T20:35:21+08:00
VQ-077,吸尘器地刷中的滚刷怎样拆卸？,zh-CN,Vacuum,component,development,vacuum-058-scene-0004,vacuum-058,6.8,9.72,0,,,no,全部帧（t=6.8s–9.7s）未展示地刷或滚刷组件，更无拆卸操作。,,R1,completed,2026-07-28T02:28:46+08:00
VQ-077,吸尘器地刷中的滚刷怎样拆卸？,zh-CN,Vacuum,component,development,vacuum-058-scene-0006,vacuum-058,11.84,14.98,0,,,no,全部6帧（t=11.8s–15.0s）只展示吸尘器外观与品牌，没有地刷或滚刷拆解。,,R1,completed,2026-07-28T02:28:46+08:00
VQ-077,吸尘器地刷中的滚刷怎样拆卸？,zh-CN,Vacuum,component,development,vacuum-060-scene-0001,vacuum-060,0.0,3.67,1,,,no,6帧仅展示吸尘器在木地板上使用，滚刷藏于地刷内部，未见滚刷拆卸过程。,AI=0→R1=1：画面中可见吸尘器地刷，但未展示地刷滚刷拆卸。,R1,completed,2026-07-28T02:28:46+08:00
VQ-077,吸尘器地刷中的滚刷怎样拆卸？,zh-CN,Vacuum,component,development,vacuum-060-scene-0002,vacuum-060,3.67,6.673,1,,,no,6帧显示手持吸尘器主体，未展示地刷滚刷或拆卸步骤。,AI=0→R1=1：画面中可见手持吸尘器，但未展示地刷滚刷拆卸。,R1,completed,2026-07-28T02:28:46+08:00
VQ-077,吸尘器地刷中的滚刷怎样拆卸？,zh-CN,Vacuum,component,development,vacuum-060-scene-0003,vacuum-060,6.673,8.709,0,,,no,联系表6帧（t=6.7s–8.7s）仅展示吸尘器整体在地板上使用，无地刷拆解或滚刷拆卸的任何画面。,,R1,completed,2026-07-28T02:28:46+08:00
VQ-077,吸尘器地刷中的滚刷怎样拆卸？,zh-CN,Vacuum,component,development,vacuum-060-scene-0005,vacuum-060,19.219,24.024,0,,,no,全部6帧（t=19.2s–24.1s）仅展示吸尘器整体外观和透明集尘杯，未展示地刷滚刷的拆解操作。,,R1,completed,2026-07-28T02:28:46+08:00
VQ-078,How do I empty a vacuum cleaner dust bin?,en,Vacuum,maintenance,development,vacuum-001-scene-0001,vacuum-001,0.0,26.51,1,,,no,第1、3、5、6帧可见吸尘器主体，但未展示清空尘盒、倾倒灰尘等动作。,AI=0→R1=1：画面中确实出现了吸尘器产品，但未展示该query所问的具体操作或部件。,R1,completed,2026-07-28T02:28:46+08:00
VQ-078,How do I empty a vacuum cleaner dust bin?,en,Vacuum,maintenance,development,vacuum-002-scene-0001,vacuum-002,0.0,30.94,0,,,no,全部6帧（t=0s–30.9s）吸尘器集尘盒始终安装在机身上，无打开或倾倒垃圾的动作。,,R1,completed,2026-07-28T02:28:46+08:00
VQ-078,How do I empty a vacuum cleaner dust bin?,en,Vacuum,maintenance,development,vacuum-003-scene-0001,vacuum-003,0.0,15.46,0,,,no,6帧均为扫地机器人运行画面，无打开集尘盒倾倒灰尘的动作。,,R1,completed,2026-07-28T02:28:46+08:00
VQ-078,How do I empty a vacuum cleaner dust bin?,en,Vacuum,maintenance,development,vacuum-008-scene-0001,vacuum-008,0.0,27.207,0,,,no,所有帧（t=0.0s–27.2s）均未展示集尘盒或倾倒灰尘的动作。,,R1,completed,2026-07-28T02:28:46+08:00
VQ-078,How do I empty a vacuum cleaner dust bin?,en,Vacuum,maintenance,development,vacuum-008-scene-0007,vacuum-008,44.225,46.686,0,,,no,全部6帧（t=44.2s–46.7s）为低角度室内镜头，只有沙发和深色地板，无吸尘器出现，更无倾倒集尘盒的操作。,,R1,completed,2026-07-28T02:28:46+08:00
VQ-078,How do I empty a vacuum cleaner dust bin?,en,Vacuum,maintenance,development,vacuum-008-scene-0012,vacuum-008,59.408,70.127,0,,,no,全部6帧（t=59.4s–70.1s）为低角度厨房环境B-roll素材，无吸尘器集尘盒倾倒清理的操作画面。,,R1,completed,2026-07-28T02:28:46+08:00
VQ-078,How do I empty a vacuum cleaner dust bin?,en,Vacuum,maintenance,development,vacuum-008-scene-0015,vacuum-008,79.929,82.974,0,,,no,第1–6帧（t=79.9s–83.0s）均为室内门和走廊画面，没有吸尘器或清空集尘盒动作。,,R1,completed,2026-07-28T02:28:46+08:00
VQ-078,How do I empty a vacuum cleaner dust bin?,en,Vacuum,maintenance,development,vacuum-008-scene-0016,vacuum-008,82.974,86.144,0,,,no,6帧画面（t=83.0s–86.1s）只有昏暗走廊与门口人物，没有吸尘器或集尘盒清空动作。,,R1,completed,2026-07-28T02:28:46+08:00
VQ-078,How do I empty a vacuum cleaner dust bin?,en,Vacuum,maintenance,development,vacuum-008-scene-0018,vacuum-008,88.188,123.83,1,,,no,6帧（t=88.2s–123.8s）中NEATO机器人吸尘器产品在画面中以第一人称视角持续移动，但未展示集尘盒或倾倒灰尘的操作。,,R1,completed,2026-07-28T02:28:46+08:00
VQ-078,How do I empty a vacuum cleaner dust bin?,en,Vacuum,maintenance,development,vacuum-009-scene-0001,vacuum-009,0.0,41.54,0,,,no,全部6帧（t=0.0s–41.5s）集尘盒未被打开或倒空。,,R1,completed,2026-07-28T02:28:46+08:00
VQ-078,How do I empty a vacuum cleaner dust bin?,en,Vacuum,maintenance,development,vacuum-010-scene-0001,vacuum-010,0.0,74.7,0,,,no,6帧均为扫地机器人运行画面，无倾倒集尘盒或打开尘盒的动作。,,R1,completed,2026-07-28T02:28:46+08:00
VQ-078,How do I empty a vacuum cleaner dust bin?,en,Vacuum,maintenance,development,vacuum-034-scene-0006,vacuum-034,79.212,81.815,1,,,no,全部6帧（t=79.2s–81.8s）显示双手在吸尘器顶部舱室操作（似拆橡胶塞），可能是 accessing 集尘盒的前置步骤但未演示倾倒动作本身。,,R1,completed,2026-07-28T02:28:46+08:00
VQ-078,How do I empty a vacuum cleaner dust bin?,en,Vacuum,maintenance,development,vacuum-034-scene-0009,vacuum-034,87.12,95.862,0,,,no,第1–6帧（t=87.1s–95.9s）展示拧螺丝拆盖板，没有出现倾倒灰尘或清空集尘盒的动作。,AI=1→R1=0：场景为螺丝拆卸顶盖，与清空集尘盒无关。,R1,completed,2026-07-28T02:28:46+08:00
VQ-078,How do I empty a vacuum cleaner dust bin?,en,Vacuum,maintenance,development,vacuum-034-scene-0017,vacuum-034,144.378,151.852,0,,,no,第1–6帧（t=144.4s–151.9s）展示吸尘器机身外壳拆解过程，无任何倾倒、清空集尘盒的动作或画面。,,R1,completed,2026-07-28T02:28:46+08:00
VQ-078,How do I empty a vacuum cleaner dust bin?,en,Vacuum,maintenance,development,vacuum-034-scene-0022,vacuum-034,173.006,175.042,1,,,no,6帧（t=173.0s–175.0s）均显示黑色吸尘器机身平放在灰色地毯上，旁边有一根白色电源线，但没有任何打开尘盒或清空尘盒的动作。,,R1,completed,2026-07-28T02:28:46+08:00
VQ-078,How do I empty a vacuum cleaner dust bin?,en,Vacuum,maintenance,development,vacuum-034-scene-0023,vacuum-034,175.042,179.846,1,,,no,6帧（t=175.0s–179.9s）主要显示黑色吸尘器底部置于地毯上，t=177.9s–178.9s一只手短暂进入画面，但未见打开或清空尘盒的动作。,,R1,completed,2026-07-28T02:28:46+08:00
VQ-078,How do I empty a vacuum cleaner dust bin?,en,Vacuum,maintenance,development,vacuum-034-scene-0024,vacuum-034,179.846,185.052,1,,,no,第1–6帧（t=179.8s–185.1s）均为吸尘器底座内部拆解画面，手在操作内部线束和组件，没有倾倒或清空集尘盒的任何动作。,,R1,completed,2026-07-28T02:28:46+08:00
VQ-078,How do I empty a vacuum cleaner dust bin?,en,Vacuum,maintenance,development,vacuum-034-scene-0029,vacuum-034,244.344,248.448,0,,,no,第1–6帧（t=244.3s–248.4s）均为吸尘器内部组件组装，没有出现清空集尘盒的动作。,,R1,completed,2026-07-28T02:28:46+08:00
VQ-078,How do I empty a vacuum cleaner dust bin?,en,Vacuum,maintenance,development,vacuum-038-scene-0001,vacuum-038,0.0,10.96,0,,,no,全部6帧（t=0.0s–10.9s）无集尘盒清空演示。,,R1,completed,2026-07-28T02:28:46+08:00
VQ-078,How do I empty a vacuum cleaner dust bin?,en,Vacuum,maintenance,development,vacuum-038-scene-0006,vacuum-038,34.24,38.8,0,,,no,全部6帧（t=34.2s–38.8s）为控制面板操作画面，未出现集尘盒或倾倒灰尘的动作。,,R1,completed,2026-07-28T02:28:46+08:00
VQ-078,How do I empty a vacuum cleaner dust bin?,en,Vacuum,maintenance,development,vacuum-038-scene-0007,vacuum-038,38.8,47.72,1,,,no,6帧画面（t=38.8s–47.7s）只展示电池释放步骤，没有集尘盒及清空动作。,AI=0→R1=1：吸尘器出现，但演示电池拆卸而非清空集尘盒。,R1,completed,2026-07-28T02:28:46+08:00
VQ-078,How do I empty a vacuum cleaner dust bin?,en,Vacuum,maintenance,development,vacuum-038-scene-0008,vacuum-038,47.72,54.8,0,,,no,全部6帧为白底文字警告，未出现吸尘器实物，也未展示尘盒清空动作。,,R1,completed,2026-07-28T02:28:46+08:00
VQ-078,How do I empty a vacuum cleaner dust bin?,en,Vacuum,maintenance,development,vacuum-038-scene-0010,vacuum-038,65.24,71.28,1,,,no,6帧显示电池装入吸尘器，未出现集尘盒清空动作。,AI=0→R1=1：画面中可见吸尘器，但未展示清空集尘盒。,R1,completed,2026-07-28T02:28:46+08:00
VQ-078,How do I empty a vacuum cleaner dust bin?,en,Vacuum,maintenance,development,vacuum-039-scene-0002,vacuum-039,4.24,6.4,0,,,no,全部6帧（t=4.2s–6.4s）显示吸尘器吸头正在吸尘作业，未出现取下集尘盒或倾倒灰尘的动作。,,R1,completed,2026-07-28T02:28:46+08:00
VQ-078,How do I empty a vacuum cleaner dust bin?,en,Vacuum,maintenance,development,vacuum-039-scene-0011,vacuum-039,29.4,32.52,0,,,no,全部6帧仅展示吸尘器正在吸尘，无集尘盒倾倒清空动作。,,R1,completed,2026-07-28T02:28:46+08:00
VQ-078,How do I empty a vacuum cleaner dust bin?,en,Vacuum,maintenance,development,vacuum-039-scene-0013,vacuum-039,36.4,40.72,2,38.1,40.7,no,第3–6帧展示尘盒打开并可见积尘，但未呈现实际倾倒灰尘动作。,AI=1→R1=2，画面展示尘盒打开与内部积尘，但未完整展示清空动作。,R1,completed,2026-07-28T02:28:46+08:00
VQ-078,How do I empty a vacuum cleaner dust bin?,en,Vacuum,maintenance,development,vacuum-039-scene-0027,vacuum-039,82.44,84.48,0,,,no,全部6帧（t=82.4s–84.5s）仅为吸尘器吸头吸尘作业画面，未出现集尘盒或倾倒灰尘的动作。,,R1,completed,2026-07-28T02:28:46+08:00
VQ-078,How do I empty a vacuum cleaner dust bin?,en,Vacuum,maintenance,development,vacuum-039-scene-0029,vacuum-039,86.64,91.04,0,,,no,全部6帧（t=86.6s–91.0s）无集尘盒清空演示。,,R1,completed,2026-07-28T02:28:46+08:00
VQ-078,How do I empty a vacuum cleaner dust bin?,en,Vacuum,maintenance,development,vacuum-044-scene-0002,vacuum-044,2.56,4.88,0,,,no,全部6帧（t=2.6s–4.9s）仅显示手持吸尘器被握持，无集尘盒打开或倾倒垃圾的动作。,,R1,completed,2026-07-28T02:28:46+08:00
VQ-078,How do I empty a vacuum cleaner dust bin?,en,Vacuum,maintenance,development,vacuum-044-scene-0003,vacuum-044,4.88,8.96,0,,,no,第1帧为标题卡，第4-5帧为咖啡滤纸操作，未出现吸尘器或清空尘盒的动作。,,R1,completed,2026-07-28T02:28:46+08:00
VQ-078,How do I empty a vacuum cleaner dust bin?,en,Vacuum,maintenance,development,vacuum-044-scene-0004,vacuum-044,8.96,12.08,0,,,no,全部6帧（t=9.0s–12.1s）只显示白色咖啡滤纸、少量棕色粉末以及“DEMONSTRATION 2”标题卡，完全没有出现吸尘器或尘盒清空动作。,,R1,completed,2026-07-28T02:28:46+08:00
VQ-078,How do I empty a vacuum cleaner dust bin?,en,Vacuum,maintenance,development,vacuum-044-scene-0006,vacuum-044,17.68,20.8,0,,,no,联系表所有帧（t=17.7s–20.8s）无集尘盒倾倒动作。,,R1,completed,2026-07-28T02:28:46+08:00
VQ-078,How do I empty a vacuum cleaner dust bin?,en,Vacuum,maintenance,development,vacuum-053-scene-0001,vacuum-053,0.0,28.53,0,,,no,6帧未展示集尘盒倾倒或清空动作。,,R1,completed,2026-07-28T02:28:46+08:00
VQ-078,How do I empty a vacuum cleaner dust bin?,en,Vacuum,maintenance,development,vacuum-058-scene-0002,vacuum-058,2.08,4.52,0,,,no,6帧未展示集尘盒或倾倒灰尘动作。,,R1,completed,2026-07-28T02:28:46+08:00
VQ-078,How do I empty a vacuum cleaner dust bin?,en,Vacuum,maintenance,development,vacuum-058-scene-0003,vacuum-058,4.52,6.8,1,,,no,6帧仅展示吸尘器清洁地毯，未出现集尘盒清空动作。,AI=0→R1=1：画面中可见吸尘器，但未展示清空集尘盒。 | 第三轮仲裁复核：维持R1原判（等级/时间/泄漏均确认无误）。,R1,completed,2026-07-28T20:35:21+08:00
VQ-078,How do I empty a vacuum cleaner dust bin?,en,Vacuum,maintenance,development,vacuum-058-scene-0004,vacuum-058,6.8,9.72,0,,,no,联系表6帧（t=6.8s–9.7s）中虽然可见集尘仓，但无打开集尘仓倒灰的动作。,,R1,completed,2026-07-28T02:28:46+08:00
VQ-078,How do I empty a vacuum cleaner dust bin?,en,Vacuum,maintenance,development,vacuum-058-scene-0005,vacuum-058,9.72,11.84,1,,,no,全部6帧显示集尘杯被放入Clean Station，集尘盒产品本身出现但无倾倒/清空动作演示。,,R1,completed,2026-07-28T02:28:46+08:00
VQ-078,How do I empty a vacuum cleaner dust bin?,en,Vacuum,maintenance,development,vacuum-060-scene-0001,vacuum-060,0.0,3.67,1,,,no,画面中可见吸尘器整机，但未出现集尘盒清空动作。,,R1,completed,2026-07-28T02:28:46+08:00
VQ-078,How do I empty a vacuum cleaner dust bin?,en,Vacuum,maintenance,development,vacuum-060-scene-0002,vacuum-060,3.67,6.673,1,,,no,6帧仅展示手持吸尘器及显示屏，未出现集尘盒清空动作。,AI=0→R1=1：画面中可见吸尘器，但未展示清空集尘盒。,R1,completed,2026-07-28T02:28:46+08:00
VQ-078,How do I empty a vacuum cleaner dust bin?,en,Vacuum,maintenance,development,vacuum-060-scene-0003,vacuum-060,6.673,8.709,0,,,no,全部帧（t=6.7s–8.7s）未展示集尘盒取出或倾倒灰尘的动作。,,R1,completed,2026-07-28T02:28:46+08:00
VQ-078,How do I empty a vacuum cleaner dust bin?,en,Vacuum,maintenance,development,vacuum-060-scene-0005,vacuum-060,19.219,24.024,1,,,no,第4–5帧（t=21.2s–23.1s）展示了透明集尘杯的存在，但未演示打开或倾倒集尘盒的任何动作。,,R1,completed,2026-07-28T02:28:46+08:00
VQ-079,怎样清洗或拍净吸尘器滤网？,zh-CN,Vacuum,maintenance,source_disjoint_test,vacuum-001-scene-0001,vacuum-001,0.0,26.51,1,,,no,第1、3、5、6帧可见吸尘器主体，但画面未展示滤网、清洗或拍打滤网的动作。,AI=0→R1=1：画面中确实出现了吸尘器产品，但未展示该query所问的具体操作或部件。,R1,completed,2026-07-28T02:28:46+08:00
VQ-079,怎样清洗或拍净吸尘器滤网？,zh-CN,Vacuum,maintenance,source_disjoint_test,vacuum-002-scene-0001,vacuum-002,0.0,30.94,0,,,no,全部6帧（t=0s–30.9s）无滤网组件出现，也无水洗或拍净滤网的任何操作。,,R1,completed,2026-07-28T02:28:46+08:00
VQ-079,怎样清洗或拍净吸尘器滤网？,zh-CN,Vacuum,maintenance,source_disjoint_test,vacuum-003-scene-0001,vacuum-003,0.0,15.46,0,,,no,6帧均为扫地机器人运行画面，无滤网、水洗或拍净等保养操作。,,R1,completed,2026-07-28T02:28:46+08:00
VQ-079,怎样清洗或拍净吸尘器滤网？,zh-CN,Vacuum,maintenance,source_disjoint_test,vacuum-008-scene-0001,vacuum-008,0.0,27.207,0,,,no,6帧画面（t=0.0s–27.2s）中无滤网出现，也无清洗或拍净操作。,,R1,completed,2026-07-28T02:28:46+08:00
VQ-079,怎样清洗或拍净吸尘器滤网？,zh-CN,Vacuum,maintenance,source_disjoint_test,vacuum-008-scene-0002,vacuum-008,27.207,31.211,0,,,no,6帧均为昏暗模糊的室内场景，无法辨认滤网或清洗动作。,,R1,completed,2026-07-28T02:28:46+08:00
VQ-079,怎样清洗或拍净吸尘器滤网？,zh-CN,Vacuum,maintenance,source_disjoint_test,vacuum-008-scene-0005,vacuum-008,39.094,41.263,0,,,no,场景昏暗模糊，无法识别吸尘器滤网或清洗/拍净动作。,,R1,completed,2026-07-28T02:28:46+08:00
VQ-079,怎样清洗或拍净吸尘器滤网？,zh-CN,Vacuum,maintenance,source_disjoint_test,vacuum-008-scene-0009,vacuum-008,50.148,53.109,0,,,no,全部6帧（t=50.1s–53.1s）画面不可辨识，无滤网、无清洗或拍净动作。,,R1,completed,2026-07-28T02:28:46+08:00
VQ-079,怎样清洗或拍净吸尘器滤网？,zh-CN,Vacuum,maintenance,source_disjoint_test,vacuum-008-scene-0012,vacuum-008,59.408,70.127,0,,,no,全部6帧（t=59.4s–70.1s）为低角度室内移动镜头，无吸尘器滤网出现，也无清洗或拍净的动作演示。,,R1,completed,2026-07-28T02:28:46+08:00
VQ-079,怎样清洗或拍净吸尘器滤网？,zh-CN,Vacuum,maintenance,source_disjoint_test,vacuum-008-scene-0018,vacuum-008,88.188,123.83,0,,,no,全部帧（t=88.2s–123.8s）无滤网出现，无清洗或拍净操作。,,R1,completed,2026-07-28T02:28:46+08:00
VQ-079,怎样清洗或拍净吸尘器滤网？,zh-CN,Vacuum,maintenance,source_disjoint_test,vacuum-009-scene-0001,vacuum-009,0.0,41.54,0,,,no,全部6帧（t=0.0s–41.5s）未出现滤网拆卸、清洗或拍净动作。,,R1,completed,2026-07-28T02:28:46+08:00
VQ-079,怎样清洗或拍净吸尘器滤网？,zh-CN,Vacuum,maintenance,source_disjoint_test,vacuum-010-scene-0001,vacuum-010,0.0,74.7,0,,,no,6帧均为扫地机器人正常清扫画面，无任何吸力检查、部件排查等故障诊断内容。,,R1,completed,2026-07-28T02:28:46+08:00
VQ-079,怎样清洗或拍净吸尘器滤网？,zh-CN,Vacuum,maintenance,source_disjoint_test,vacuum-034-scene-0001,vacuum-034,0.0,5.005,0,,,no,全部6帧均为标题卡，无滤网清洗或拍击的画面。,AI=1→R1=0：纯标题卡无任何操作内容，不应给1。,R1,completed,2026-07-28T02:28:46+08:00
VQ-079,怎样清洗或拍净吸尘器滤网？,zh-CN,Vacuum,maintenance,source_disjoint_test,vacuum-034-scene-0015,vacuum-034,138.772,141.208,1,,,no,6帧（t=138.8s–141.2s）显示一只手拿着吸尘器内部组件，能看到彩色电线和黄色滤材，但未见滤网被取出、清洗或拍净的动作。,,R1,completed,2026-07-28T02:28:46+08:00
VQ-079,怎样清洗或拍净吸尘器滤网？,zh-CN,Vacuum,maintenance,source_disjoint_test,vacuum-034-scene-0017,vacuum-034,144.378,151.852,0,,,no,第1–6帧（t=144.4s–151.9s）为机身外壳拆解操作，没有水洗、拍打或清洗滤网的任何画面。,,R1,completed,2026-07-28T02:28:46+08:00
VQ-079,怎样清洗或拍净吸尘器滤网？,zh-CN,Vacuum,maintenance,source_disjoint_test,vacuum-034-scene-0022,vacuum-034,173.006,175.042,1,,,no,6帧（t=173.0s–175.0s）均显示黑色吸尘器机身平放在灰色地毯上，旁边有一根白色电源线，但没有任何滤网取出、清洗或拍净动作。,,R1,completed,2026-07-28T02:28:46+08:00
VQ-079,怎样清洗或拍净吸尘器滤网？,zh-CN,Vacuum,maintenance,source_disjoint_test,vacuum-034-scene-0025,vacuum-034,185.052,189.589,1,,,no,全部6帧（t=185.1s–189.6s）显示拆解状态的吸尘器内部零件和线束，第4帧可见蓝色螺丝刀，属维护拆解场景但未展示滤网本身或清洗/拍净动作。,,R1,completed,2026-07-28T02:28:46+08:00
VQ-079,怎样清洗或拍净吸尘器滤网？,zh-CN,Vacuum,maintenance,source_disjoint_test,vacuum-034-scene-0026,vacuum-034,189.589,230.831,0,,,no,画面（t=189.6s–230.8s）只呈现吸尘器内部电机、线束和螺丝的拆解，没有滤网出现，也没有清洗或拍净动作。,AI=1→R1=0：画面为吸尘器内部线路与螺丝拆解，未见滤网及清洗动作。,R1,completed,2026-07-28T02:28:46+08:00
VQ-079,怎样清洗或拍净吸尘器滤网？,zh-CN,Vacuum,maintenance,source_disjoint_test,vacuum-038-scene-0001,vacuum-038,0.0,10.96,0,,,no,全部6帧（t=0.0s–10.9s）未出现滤网清洗或拍净画面。,,R1,completed,2026-07-28T02:28:46+08:00
VQ-079,怎样清洗或拍净吸尘器滤网？,zh-CN,Vacuum,maintenance,source_disjoint_test,vacuum-038-scene-0002,vacuum-038,10.96,18.16,0,,,no,6帧均为电池及文字说明，未出现吸尘器滤网或清洗动作。,,R1,completed,2026-07-28T02:28:46+08:00
VQ-079,怎样清洗或拍净吸尘器滤网？,zh-CN,Vacuum,maintenance,source_disjoint_test,vacuum-038-scene-0006,vacuum-038,34.24,38.8,0,,,no,全部6帧（t=34.2s–38.8s）展示控制面板及充电前关闭提示，无滤网清洗或拍净的任何画面。,,R1,completed,2026-07-28T02:28:46+08:00
VQ-079,怎样清洗或拍净吸尘器滤网？,zh-CN,Vacuum,maintenance,source_disjoint_test,vacuum-038-scene-0007,vacuum-038,38.8,47.72,1,,,no,6帧画面（t=38.8s–47.7s）演示电池拆卸，未出现滤网，也没有清洗或拍净滤网。,AI=0→R1=1：吸尘器出现，但画面为电池拆卸，无滤网清洗。,R1,completed,2026-07-28T02:28:46+08:00
VQ-079,怎样清洗或拍净吸尘器滤网？,zh-CN,Vacuum,maintenance,source_disjoint_test,vacuum-039-scene-0009,vacuum-039,24.2,27.24,0,,,no,6帧（t=24.2s–27.2s）中无滤网组件出现，也无清洗或拍净滤网的任何动作。,,R1,completed,2026-07-28T02:28:46+08:00
VQ-079,怎样清洗或拍净吸尘器滤网？,zh-CN,Vacuum,maintenance,source_disjoint_test,vacuum-039-scene-0012,vacuum-039,32.52,36.4,1,,,no,全部6帧均为红色吸尘器广告画面，只有产品外观和广告文字，未展示滤网清洗或拍净动作。,AI=0→R1=1：画面中确实出现了吸尘器产品，但未展示该query所问的具体操作或部件。,R1,completed,2026-07-28T02:28:46+08:00
VQ-079,怎样清洗或拍净吸尘器滤网？,zh-CN,Vacuum,maintenance,source_disjoint_test,vacuum-039-scene-0013,vacuum-039,36.4,40.72,0,,,no,6帧仅展示尘盒，未出现滤网或清洗/拍净动作。,AI=1→R1=0，画面只展示尘盒机构，未出现滤网及其清洗/拍净动作。,R1,completed,2026-07-28T02:28:46+08:00
VQ-079,怎样清洗或拍净吸尘器滤网？,zh-CN,Vacuum,maintenance,source_disjoint_test,vacuum-039-scene-0029,vacuum-039,86.64,91.04,0,,,no,全部6帧（t=86.6s–91.0s）无滤网清洗或拍净画面。,,R1,completed,2026-07-28T02:28:46+08:00
VQ-079,怎样清洗或拍净吸尘器滤网？,zh-CN,Vacuum,maintenance,source_disjoint_test,vacuum-039-scene-0030,vacuum-039,91.04,99.28,1,,,no,全部6帧（t=91.0s–99.3s）仅展示集尘盒结构和袋内灰尘内容物，无滤网清洗或拍净的任何操作步骤。,,R1,completed,2026-07-28T02:28:46+08:00
VQ-079,怎样清洗或拍净吸尘器滤网？,zh-CN,Vacuum,maintenance,source_disjoint_test,vacuum-044-scene-0002,vacuum-044,2.56,4.88,0,,,no,全部6帧（t=2.6s–4.9s）仅展示手持吸尘器整体外观，无滤网组件出现也无清洗或拍净动作。,,R1,completed,2026-07-28T02:28:46+08:00
VQ-079,怎样清洗或拍净吸尘器滤网？,zh-CN,Vacuum,maintenance,source_disjoint_test,vacuum-044-scene-0003,vacuum-044,4.88,8.96,0,,,no,第1帧为标题卡，第4-5帧展示咖啡滤纸，未出现吸尘器或滤网清洗相关画面。,,R1,completed,2026-07-28T02:28:46+08:00
VQ-079,怎样清洗或拍净吸尘器滤网？,zh-CN,Vacuum,maintenance,source_disjoint_test,vacuum-044-scene-0004,vacuum-044,8.96,12.08,0,,,no,全部6帧（t=9.0s–12.1s）只显示白色咖啡滤纸、少量棕色粉末以及“DEMONSTRATION 2”标题卡，完全没有出现吸尘器滤网或清洗动作。,,R1,completed,2026-07-28T02:28:46+08:00
VQ-079,怎样清洗或拍净吸尘器滤网？,zh-CN,Vacuum,maintenance,source_disjoint_test,vacuum-044-scene-0008,vacuum-044,26.24,30.24,0,,,no,6帧未出现滤网或清洗/拍净动作。,,R1,completed,2026-07-28T02:28:46+08:00
VQ-079,怎样清洗或拍净吸尘器滤网？,zh-CN,Vacuum,maintenance,source_disjoint_test,vacuum-053-scene-0001,vacuum-053,0.0,28.53,0,,,no,6帧未出现滤网或清洗/拍净动作。,,R1,completed,2026-07-28T02:28:46+08:00
VQ-079,怎样清洗或拍净吸尘器滤网？,zh-CN,Vacuum,maintenance,source_disjoint_test,vacuum-058-scene-0002,vacuum-058,2.08,4.52,0,,,no,6帧未出现滤网或清洗/拍净动作。,,R1,completed,2026-07-28T02:28:46+08:00
VQ-079,怎样清洗或拍净吸尘器滤网？,zh-CN,Vacuum,maintenance,source_disjoint_test,vacuum-058-scene-0003,vacuum-058,4.52,6.8,1,,,no,6帧仅见吸尘器地刷在地毯上工作，未出现滤网或清洗/拍净动作。,AI=0→R1=1：画面中可见吸尘器，但未展示滤网清洗或拍净。 | 第三轮仲裁复核：维持R1原判（等级/时间/泄漏均确认无误）。,R1,completed,2026-07-28T20:35:21+08:00
VQ-079,怎样清洗或拍净吸尘器滤网？,zh-CN,Vacuum,maintenance,source_disjoint_test,vacuum-058-scene-0004,vacuum-058,6.8,9.72,0,,,no,全部帧（t=6.8s–9.7s）无滤网出现，也无清洗或拍净操作。,,R1,completed,2026-07-28T02:28:46+08:00
VQ-079,怎样清洗或拍净吸尘器滤网？,zh-CN,Vacuum,maintenance,source_disjoint_test,vacuum-058-scene-0005,vacuum-058,9.72,11.84,0,,,no,全部6帧仅展示Clean Station与集尘杯，无滤网部件、无清洗或拍击动作。,AI=1→R1=0：画面中没有任何滤网出现或清洗相关内容，不应给等级1。,R1,completed,2026-07-28T02:28:46+08:00
VQ-079,怎样清洗或拍净吸尘器滤网？,zh-CN,Vacuum,maintenance,source_disjoint_test,vacuum-058-scene-0006,vacuum-058,11.84,14.98,0,,,no,全部6帧（t=11.8s–15.0s）只是吸尘器金属外壳/logo，没有滤网或清洗动作。,,R1,completed,2026-07-28T02:28:46+08:00
VQ-079,怎样清洗或拍净吸尘器滤网？,zh-CN,Vacuum,maintenance,source_disjoint_test,vacuum-060-scene-0001,vacuum-060,0.0,3.67,1,,,no,6帧仅见吸尘器使用画面，未出现滤网，也无清洗或拍净动作。,AI=0→R1=1：画面中可见吸尘器，但未展示滤网及清洗/拍净动作。,R1,completed,2026-07-28T02:28:46+08:00
VQ-079,怎样清洗或拍净吸尘器滤网？,zh-CN,Vacuum,maintenance,source_disjoint_test,vacuum-060-scene-0002,vacuum-060,3.67,6.673,1,,,no,6帧显示手持吸尘器，未出现滤网或清洗/拍净动作。,AI=0→R1=1：画面中可见吸尘器，但未展示滤网清洗或拍净。,R1,completed,2026-07-28T02:28:46+08:00
VQ-079,怎样清洗或拍净吸尘器滤网？,zh-CN,Vacuum,maintenance,source_disjoint_test,vacuum-060-scene-0005,vacuum-060,19.219,24.024,0,,,no,全部6帧（t=19.2s–24.1s）未展示滤网及任何清洗或拍净操作。,,R1,completed,2026-07-28T02:28:46+08:00
VQ-080,How do I remove tangled hair from a vacuum brush roll?,en,Vacuum,maintenance,source_disjoint_test,vacuum-001-scene-0001,vacuum-001,0.0,26.51,1,,,no,第1、3、5、6帧可见吸尘器主体，但画面未展示滚刷或缠绕毛发的清除动作。,AI=0→R1=1：画面中确实出现了吸尘器产品，但未展示该query所问的具体操作或部件。,R1,completed,2026-07-28T02:28:46+08:00
VQ-080,How do I remove tangled hair from a vacuum brush roll?,en,Vacuum,maintenance,source_disjoint_test,vacuum-002-scene-0001,vacuum-002,0.0,30.94,0,,,no,全部6帧（t=0s–30.9s）无滚刷组件可见，也无用工具去除缠绕头发的操作。,,R1,completed,2026-07-28T02:28:46+08:00
VQ-080,How do I remove tangled hair from a vacuum brush roll?,en,Vacuum,maintenance,source_disjoint_test,vacuum-003-scene-0001,vacuum-003,0.0,15.46,0,,,no,6帧均为扫地机器人运行画面，无滚刷缠绕毛发或清理毛发的操作。,,R1,completed,2026-07-28T02:28:46+08:00
VQ-080,How do I remove tangled hair from a vacuum brush roll?,en,Vacuum,maintenance,source_disjoint_test,vacuum-008-scene-0001,vacuum-008,0.0,27.207,0,,,no,全部帧（t=0.0s–27.2s）为NEATO机器人POV移动，无滚刷、无缠绕毛发、无清理操作。,,R1,completed,2026-07-28T02:28:46+08:00
VQ-080,How do I remove tangled hair from a vacuum brush roll?,en,Vacuum,maintenance,source_disjoint_test,vacuum-008-scene-0003,vacuum-008,31.211,37.05,0,,,no,全部6帧（t=31.2s–37.0s）为模糊昏暗的室内晃动画面，无法辨认吸尘器滚刷或任何清理操作。,,R1,completed,2026-07-28T02:28:46+08:00
VQ-080,How do I remove tangled hair from a vacuum brush roll?,en,Vacuum,maintenance,source_disjoint_test,vacuum-008-scene-0009,vacuum-008,50.148,53.109,0,,,no,全部6帧（t=50.1s–53.1s）模糊黑暗，无法看到滚刷或缠绕毛发及清除操作。,,R1,completed,2026-07-28T02:28:46+08:00
VQ-080,How do I remove tangled hair from a vacuum brush roll?,en,Vacuum,maintenance,source_disjoint_test,vacuum-008-scene-0010,vacuum-008,53.109,55.237,0,,,no,全6帧为室内低角度拍摄，可见浅色沙发和家具，画面模糊昏暗，无任何吸尘器、滚刷或清理毛发相关内容。,,R1,completed,2026-07-28T02:28:46+08:00
VQ-080,How do I remove tangled hair from a vacuum brush roll?,en,Vacuum,maintenance,source_disjoint_test,vacuum-008-scene-0012,vacuum-008,59.408,70.127,0,,,no,全部6帧（t=59.4s–70.1s）为低角度厨房环境镜头，无吸尘器滚刷或缠绕头发的画面，更无清理演示。,,R1,completed,2026-07-28T02:28:46+08:00
VQ-080,How do I remove tangled hair from a vacuum brush roll?,en,Vacuum,maintenance,source_disjoint_test,vacuum-008-scene-0013,vacuum-008,70.127,72.421,0,,,no,6帧（t=70.1s–72.4s）中无滚刷组件、无缠绕毛发、无清理操作。,,R1,completed,2026-07-28T02:28:46+08:00
VQ-080,How do I remove tangled hair from a vacuum brush roll?,en,Vacuum,maintenance,source_disjoint_test,vacuum-008-scene-0018,vacuum-008,88.188,123.83,0,,,no,联系表6帧（t=88.2s–123.8s）中无滚刷、无缠绕毛发、无清理操作。,,R1,completed,2026-07-28T02:28:46+08:00
VQ-080,How do I remove tangled hair from a vacuum brush roll?,en,Vacuum,maintenance,source_disjoint_test,vacuum-009-scene-0001,vacuum-009,0.0,41.54,0,,,no,全部6帧（t=0.0s–41.5s）滚刷未暴露，未展示毛发缠绕或清理动作。,,R1,completed,2026-07-28T02:28:46+08:00
VQ-080,How do I remove tangled hair from a vacuum brush roll?,en,Vacuum,maintenance,source_disjoint_test,vacuum-010-scene-0001,vacuum-010,0.0,74.7,0,,,no,6帧均为扫地机器人运行画面，无滚刷、缠绕头发或清理毛发的内容。,,R1,completed,2026-07-28T02:28:46+08:00
VQ-080,How do I remove tangled hair from a vacuum brush roll?,en,Vacuum,maintenance,source_disjoint_test,vacuum-034-scene-0015,vacuum-034,138.772,141.208,1,,,no,6帧（t=138.8s–141.2s）显示一只手拿着吸尘器内部组件，能看到彩色电线和黄色滤材，但未见滚刷或缠绕毛发及其清理动作。,AI=0→R1=1：吸尘器内部组件确实可见，但未展示滚刷缠发清理。,R1,completed,2026-07-28T02:28:46+08:00
VQ-080,How do I remove tangled hair from a vacuum brush roll?,en,Vacuum,maintenance,source_disjoint_test,vacuum-034-scene-0018,vacuum-034,151.852,155.622,0,,,no,第1–6帧（t=151.9s–155.6s）均为吸尘器内部电路板和线束的静态展示画面，没有滚刷、地刷或清理缠绕头发的任何内容。,,R1,completed,2026-07-28T02:28:46+08:00
VQ-080,How do I remove tangled hair from a vacuum brush roll?,en,Vacuum,maintenance,source_disjoint_test,vacuum-034-scene-0022,vacuum-034,173.006,175.042,1,,,no,6帧（t=173.0s–175.0s）均显示黑色吸尘器机身平放在灰色地毯上，旁边有一根白色电源线，但没有任何滚刷或缠绕毛发的画面。,AI=0→R1=1：吸尘器机身确实出现在地毯上，但未展示滚刷缠发或相关操作。,R1,completed,2026-07-28T02:28:46+08:00
VQ-080,How do I remove tangled hair from a vacuum brush roll?,en,Vacuum,maintenance,source_disjoint_test,vacuum-034-scene-0025,vacuum-034,185.052,189.589,0,,,no,全部6帧（t=185.1s–189.6s）为吸尘器拆解后内部组件俯拍，未见滚刷或缠绕毛发的清理操作。,,R1,completed,2026-07-28T02:28:46+08:00
VQ-080,How do I remove tangled hair from a vacuum brush roll?,en,Vacuum,maintenance,source_disjoint_test,vacuum-034-scene-0026,vacuum-034,189.589,230.831,0,,,no,画面（t=189.6s–230.8s）为吸尘器内部组件拆解，未见滚刷或缠绕毛发的清理动作。,AI=1→R1=0：内部组件拆解中无滚刷和毛发清理。,R1,completed,2026-07-28T02:28:46+08:00
VQ-080,How do I remove tangled hair from a vacuum brush roll?,en,Vacuum,maintenance,source_disjoint_test,vacuum-034-scene-0028,vacuum-034,240.507,244.344,0,,,no,画面（t=240.5s–244.3s）只有内部组件装配，未见滚刷或缠绕毛发清理。,,R1,completed,2026-07-28T02:28:46+08:00
VQ-080,How do I remove tangled hair from a vacuum brush roll?,en,Vacuum,maintenance,source_disjoint_test,vacuum-034-scene-0031,vacuum-034,256.556,280.514,0,,,no,全6帧显示双手在拆解的黑色吸尘器内部操作多色电线和连接器（插拔线束），无滚刷、无毛发清理动作，属于内部线路拆装而非滚刷维护。,,R1,completed,2026-07-28T02:28:46+08:00
VQ-080,How do I remove tangled hair from a vacuum brush roll?,en,Vacuum,maintenance,source_disjoint_test,vacuum-038-scene-0003,vacuum-038,18.16,23.36,0,,,no,全部6帧（t=18.2s–23.4s）未出现滚刷或清理缠绕毛发的画面。,,R1,completed,2026-07-28T02:28:46+08:00
VQ-080,How do I remove tangled hair from a vacuum brush roll?,en,Vacuum,maintenance,source_disjoint_test,vacuum-038-scene-0006,vacuum-038,34.24,38.8,0,,,no,全部6帧（t=34.2s–38.8s）为控制面板操作特写，未出现滚刷或缠绕毛发清理的画面。,,R1,completed,2026-07-28T02:28:46+08:00
VQ-080,How do I remove tangled hair from a vacuum brush roll?,en,Vacuum,maintenance,source_disjoint_test,vacuum-038-scene-0007,vacuum-038,38.8,47.72,1,,,no,6帧画面（t=38.8s–47.7s）只展示电池从手柄取出，未见滚刷或缠绕毛发的清理。,AI=0→R1=1：吸尘器出现，但演示电池拆卸而非滚刷毛发清理。,R1,completed,2026-07-28T02:28:46+08:00
VQ-080,How do I remove tangled hair from a vacuum brush roll?,en,Vacuum,maintenance,source_disjoint_test,vacuum-038-scene-0008,vacuum-038,47.72,54.8,0,,,no,全部6帧为白底文字警告，未出现吸尘器实物、滚刷或毛发缠绕清除画面。,,R1,completed,2026-07-28T02:28:46+08:00
VQ-080,How do I remove tangled hair from a vacuum brush roll?,en,Vacuum,maintenance,source_disjoint_test,vacuum-038-scene-0010,vacuum-038,65.24,71.28,1,,,no,画面中可见吸尘器，但6帧均为电池安装，未展示滚刷或缠绕毛发清理。,AI=0→R1=1：画面中可见吸尘器，但未展示滚刷缠绕毛发清理。,R1,completed,2026-07-28T02:28:46+08:00
VQ-080,How do I remove tangled hair from a vacuum brush roll?,en,Vacuum,maintenance,source_disjoint_test,vacuum-039-scene-0003,vacuum-039,6.4,8.4,0,,,no,6帧均为吸尘器吸头吸碎屑画面（t=6.4s至t=8.4s），无滚刷、缠绕毛发或清理操作。,,R1,completed,2026-07-28T02:28:46+08:00
VQ-080,How do I remove tangled hair from a vacuum brush roll?,en,Vacuum,maintenance,source_disjoint_test,vacuum-039-scene-0004,vacuum-039,8.4,12.08,0,,,no,6帧为红色吸尘器广告画面，未展示滚刷或清理缠绕毛发的动作。,,R1,completed,2026-07-28T02:28:46+08:00
VQ-080,How do I remove tangled hair from a vacuum brush roll?,en,Vacuum,maintenance,source_disjoint_test,vacuum-039-scene-0006,vacuum-039,15.52,17.68,0,,,no,6帧（t=15.5s–17.7s）均为极模糊低分辨率的人脸/人物画面，叠加日文片假名字幕'ゴメを歌歌 ゴゴミチ'，无吸尘器、滚刷或毛发缠绕相关画面。,,R1,completed,2026-07-28T02:28:46+08:00
VQ-080,How do I remove tangled hair from a vacuum brush roll?,en,Vacuum,maintenance,source_disjoint_test,vacuum-039-scene-0010,vacuum-039,27.24,29.4,1,,,no,仅第3–4帧（t=28.1s–28.6s）出现吸尘器吸头静态画面，未见滚刷展示或缠绕毛发清理的任何操作。,,R1,completed,2026-07-28T02:28:46+08:00
VQ-080,How do I remove tangled hair from a vacuum brush roll?,en,Vacuum,maintenance,source_disjoint_test,vacuum-039-scene-0026,vacuum-039,79.28,82.44,0,,,no,全部6帧均为特摄怪兽战斗画面（毛茸茸怪兽与红衣英雄在屋顶打斗、冒烟爆炸），t=80.5s帧出现白色塑料物体特写，与吸尘器滚刷或清理毛发完全无关。,,R1,completed,2026-07-28T02:28:46+08:00
VQ-080,How do I remove tangled hair from a vacuum brush roll?,en,Vacuum,maintenance,source_disjoint_test,vacuum-039-scene-0027,vacuum-039,82.44,84.48,0,,,no,全部6帧（t=82.4s–84.5s）显示吸尘器吸头正常吸尘作业，未见滚刷组件或清理缠绕毛发的操作。,,R1,completed,2026-07-28T02:28:46+08:00
VQ-080,How do I remove tangled hair from a vacuum brush roll?,en,Vacuum,maintenance,source_disjoint_test,vacuum-039-scene-0029,vacuum-039,86.64,91.04,0,,,no,全部6帧（t=86.6s–91.0s）滚刷未暴露，无清理缠绕毛发动作。,,R1,completed,2026-07-28T02:28:46+08:00
VQ-080,How do I remove tangled hair from a vacuum brush roll?,en,Vacuum,maintenance,source_disjoint_test,vacuum-044-scene-0002,vacuum-044,2.56,4.88,0,,,no,全部6帧（t=2.6s–4.9s）仅显示手持吸尘器，无滚刷组件可见，也无去除缠绕头发的操作。,,R1,completed,2026-07-28T02:28:46+08:00
VQ-080,How do I remove tangled hair from a vacuum brush roll?,en,Vacuum,maintenance,source_disjoint_test,vacuum-044-scene-0003,vacuum-044,4.88,8.96,0,,,no,第1帧为标题卡，第4-5帧为咖啡滤纸特写，未出现吸尘器、滚刷或毛发。,,R1,completed,2026-07-28T02:28:46+08:00
VQ-080,How do I remove tangled hair from a vacuum brush roll?,en,Vacuum,maintenance,source_disjoint_test,vacuum-044-scene-0006,vacuum-044,17.68,20.8,1,,,no,第3–5帧（t=18.9s–20.2s）一只手握着吸尘器黑色管状附件，产品出现但无滚刷、无缠绕毛发、无清理操作演示。,,R1,completed,2026-07-28T02:28:46+08:00
VQ-080,How do I remove tangled hair from a vacuum brush roll?,en,Vacuum,maintenance,source_disjoint_test,vacuum-044-scene-0008,vacuum-044,26.24,30.24,0,,,no,6帧未展示滚刷或清理缠绕毛发的动作。,AI=1→R1=0，画面为配件收纳场景，未出现滚刷或毛发清理。,R1,completed,2026-07-28T02:28:46+08:00
VQ-080,How do I remove tangled hair from a vacuum brush roll?,en,Vacuum,maintenance,source_disjoint_test,vacuum-053-scene-0001,vacuum-053,0.0,28.53,0,,,no,6帧未展示滚刷或清理缠绕毛发的动作。,,R1,completed,2026-07-28T02:28:46+08:00
VQ-080,How do I remove tangled hair from a vacuum brush roll?,en,Vacuum,maintenance,source_disjoint_test,vacuum-058-scene-0002,vacuum-058,2.08,4.52,0,,,no,6帧未展示滚刷或清理缠绕毛发的动作。,,R1,completed,2026-07-28T02:28:46+08:00
VQ-080,How do I remove tangled hair from a vacuum brush roll?,en,Vacuum,maintenance,source_disjoint_test,vacuum-058-scene-0003,vacuum-058,4.52,6.8,1,,,no,第4帧可见滚刷转动，但未见缠绕毛发及清理动作。,AI=0→R1=1：画面中可见滚刷，但未展示缠绕毛发清理。 | 第三轮仲裁复核：维持R1原判（等级/时间/泄漏均确认无误）。,R1,completed,2026-07-28T20:35:21+08:00
VQ-080,How do I remove tangled hair from a vacuum brush roll?,en,Vacuum,maintenance,source_disjoint_test,vacuum-058-scene-0004,vacuum-058,6.8,9.72,0,,,no,6帧（t=6.8s–9.7s）中无滚刷组件，无缠绕毛发，无清理操作。,,R1,completed,2026-07-28T02:28:46+08:00
VQ-080,How do I remove tangled hair from a vacuum brush roll?,en,Vacuum,maintenance,source_disjoint_test,vacuum-058-scene-0005,vacuum-058,9.72,11.84,0,,,no,全部6帧仅显示Clean Station和集尘杯，无滚刷、无缠绕毛发、无拆除动作。,,R1,completed,2026-07-28T02:28:46+08:00
VQ-080,How do I remove tangled hair from a vacuum brush roll?,en,Vacuum,maintenance,source_disjoint_test,vacuum-060-scene-0001,vacuum-060,0.0,3.67,1,,,no,画面中可见吸尘器，但未展示滚刷及缠绕毛发清理动作。,,R1,completed,2026-07-28T02:28:46+08:00
VQ-080,How do I remove tangled hair from a vacuum brush roll?,en,Vacuum,maintenance,source_disjoint_test,vacuum-060-scene-0002,vacuum-060,3.67,6.673,1,,,no,6帧仅见手持吸尘器及显示屏，未展示滚刷或缠绕毛发清理。,AI=0→R1=1：画面中可见吸尘器，但未展示滚刷及缠绕毛发清理。,R1,completed,2026-07-28T02:28:46+08:00
VQ-080,How do I remove tangled hair from a vacuum brush roll?,en,Vacuum,maintenance,source_disjoint_test,vacuum-060-scene-0005,vacuum-060,19.219,24.024,0,,,no,全部6帧（t=19.2s–24.1s）未展示滚刷及缠绕毛发的清理操作。,,R1,completed,2026-07-28T02:28:46+08:00
VQ-081,吸尘器吸力下降时应检查哪些部件？,zh-CN,Vacuum,troubleshooting,source_disjoint_test,vacuum-001-scene-0001,vacuum-001,0.0,26.51,1,,,no,第1、3、5、6帧可见吸尘器主体，但画面未展示吸力下降时应检查的部件或故障排查过程。,AI=0→R1=1：画面中确实出现了吸尘器产品，但未展示该query所问的具体操作或部件。,R1,completed,2026-07-28T02:28:46+08:00
VQ-081,吸尘器吸力下降时应检查哪些部件？,zh-CN,Vacuum,troubleshooting,source_disjoint_test,vacuum-002-scene-0001,vacuum-002,0.0,30.94,0,,,no,全部6帧（t=0s–30.9s）吸尘器静置未运行，无任何部件检查或排障步骤演示。,,R1,completed,2026-07-28T02:28:46+08:00
VQ-081,吸尘器吸力下降时应检查哪些部件？,zh-CN,Vacuum,troubleshooting,source_disjoint_test,vacuum-003-scene-0001,vacuum-003,0.0,15.46,0,,,no,6帧均为扫地机器人正常清扫画面，无吸力下降排查或部件检查内容。,,R1,completed,2026-07-28T02:28:46+08:00
VQ-081,吸尘器吸力下降时应检查哪些部件？,zh-CN,Vacuum,troubleshooting,source_disjoint_test,vacuum-008-scene-0001,vacuum-008,0.0,27.207,0,,,no,联系表所有帧（t=0.0s–27.2s）未展示任何吸尘器部件检查或故障排查内容。,,R1,completed,2026-07-28T02:28:46+08:00
VQ-081,吸尘器吸力下降时应检查哪些部件？,zh-CN,Vacuum,troubleshooting,source_disjoint_test,vacuum-008-scene-0002,vacuum-008,27.207,31.211,0,,,no,6帧均为昏暗模糊的室内场景，无法辨认任何吸尘器部件检查。,,R1,completed,2026-07-28T02:28:46+08:00
VQ-081,吸尘器吸力下降时应检查哪些部件？,zh-CN,Vacuum,troubleshooting,source_disjoint_test,vacuum-008-scene-0005,vacuum-008,39.094,41.263,0,,,no,6帧画面无法识别吸尘器或任何部件，无吸力下降检查内容。,,R1,completed,2026-07-28T02:28:46+08:00
VQ-081,吸尘器吸力下降时应检查哪些部件？,zh-CN,Vacuum,troubleshooting,source_disjoint_test,vacuum-008-scene-0009,vacuum-008,50.148,53.109,0,,,no,全部6帧（t=50.1s–53.1s）无法辨认任何吸尘器部件或检查步骤。,,R1,completed,2026-07-28T02:28:46+08:00
VQ-081,吸尘器吸力下降时应检查哪些部件？,zh-CN,Vacuum,troubleshooting,source_disjoint_test,vacuum-008-scene-0018,vacuum-008,88.188,123.83,0,,,no,全部帧（t=88.2s–123.8s）未展示任何部件检查或吸力下降排查内容。,,R1,completed,2026-07-28T02:28:46+08:00
VQ-081,吸尘器吸力下降时应检查哪些部件？,zh-CN,Vacuum,troubleshooting,source_disjoint_test,vacuum-009-scene-0001,vacuum-009,0.0,41.54,0,,,no,全部6帧（t=0.0s–41.5s）画面是日常在地毯上推吸尘器，没有任何'吸力下降/排查部件'的内容。,,R1,completed,2026-07-28T02:28:46+08:00
VQ-081,吸尘器吸力下降时应检查哪些部件？,zh-CN,Vacuum,troubleshooting,source_disjoint_test,vacuum-010-scene-0001,vacuum-010,0.0,74.7,0,,,no,6帧均为扫地机器人正常清扫画面，无任何吸力故障排查或部件检查内容。,,R1,completed,2026-07-28T02:28:46+08:00
VQ-081,吸尘器吸力下降时应检查哪些部件？,zh-CN,Vacuum,troubleshooting,source_disjoint_test,vacuum-034-scene-0015,vacuum-034,138.772,141.208,1,,,no,6帧（t=138.8s–141.2s）显示一只手拿着吸尘器内部组件，能看到彩色电线和黄色滤材，但画面未具体指出吸力下降时应检查哪些部件。,,R1,completed,2026-07-28T02:28:46+08:00
VQ-081,吸尘器吸力下降时应检查哪些部件？,zh-CN,Vacuum,troubleshooting,source_disjoint_test,vacuum-034-scene-0024,vacuum-034,179.846,185.052,1,,,no,第1–6帧（t=179.8s–185.1s）展示吸尘器底座拆解步骤（卸螺丝、暴露内部风道与线束），属于维修级拆解操作，可作为吸力下降排查的相邻步骤，但画面并未明确指出应检查哪些具体部件。,,R1,completed,2026-07-28T02:28:46+08:00
VQ-081,吸尘器吸力下降时应检查哪些部件？,zh-CN,Vacuum,troubleshooting,source_disjoint_test,vacuum-034-scene-0025,vacuum-034,185.052,189.589,1,,,no,全部6帧（t=185.1s–189.6s）展示拆解状态下的吸尘器内部结构和裸露线束，属于维护类画面但未具体指向吸力下降时需检查哪些部件。,,R1,completed,2026-07-28T02:28:46+08:00
VQ-081,吸尘器吸力下降时应检查哪些部件？,zh-CN,Vacuum,troubleshooting,source_disjoint_test,vacuum-034-scene-0026,vacuum-034,189.589,230.831,1,,,no,画面（t=189.6s–230.8s）展示断开连接器、拆卸内部螺丝等通用拆解步骤，但未具体指出或检查吸力下降对应的部件。,AI=2→R1=1：仅展示通用内部拆解，未具体演示吸力下降时应检查哪些部件。,R1,completed,2026-07-28T02:28:46+08:00
VQ-081,吸尘器吸力下降时应检查哪些部件？,zh-CN,Vacuum,troubleshooting,source_disjoint_test,vacuum-034-scene-0028,vacuum-034,240.507,244.344,1,,,no,画面（t=240.5s–244.3s）展示内部组件装配，能看到电机和风道，但未针对吸力下降检查具体部件。,,R1,completed,2026-07-28T02:28:46+08:00
VQ-081,吸尘器吸力下降时应检查哪些部件？,zh-CN,Vacuum,troubleshooting,source_disjoint_test,vacuum-034-scene-0034,vacuum-034,295.896,304.371,0,,,no,全部6帧（t=295.9s–304.4s）展示吸尘器内部接线维修和螺丝孔位标注，未说明吸力下降时应检查哪些具体部件。,,R1,completed,2026-07-28T02:28:46+08:00
VQ-081,吸尘器吸力下降时应检查哪些部件？,zh-CN,Vacuum,troubleshooting,source_disjoint_test,vacuum-038-scene-0001,vacuum-038,0.0,10.96,0,,,no,全部6帧（t=0.0s–10.9s）未涉及吸力下降的排查内容。,,R1,completed,2026-07-28T02:28:46+08:00
VQ-081,吸尘器吸力下降时应检查哪些部件？,zh-CN,Vacuum,troubleshooting,source_disjoint_test,vacuum-038-scene-0002,vacuum-038,10.96,18.16,0,,,no,6帧仅展示电池及容量说明文字，未展示吸尘器吸力下降时的部件检查。,,R1,completed,2026-07-28T02:28:46+08:00
VQ-081,吸尘器吸力下降时应检查哪些部件？,zh-CN,Vacuum,troubleshooting,source_disjoint_test,vacuum-038-scene-0004,vacuum-038,23.36,27.76,0,,,no,全部6帧（t=23.4s–27.8s）仅展示充电场景和电池状态指示，与吸力下降需检查哪些部件完全无关。,,R1,completed,2026-07-28T02:28:46+08:00
VQ-081,吸尘器吸力下降时应检查哪些部件？,zh-CN,Vacuum,troubleshooting,source_disjoint_test,vacuum-038-scene-0005,vacuum-038,27.76,34.24,1,,,no,全部6帧（t=27.8s–34.2s）讨论电池电量与指示灯，低电量可能间接影响吸力但并未提及检查哪些部件以解决吸力下降问题。,,R1,completed,2026-07-28T02:28:46+08:00
VQ-081,吸尘器吸力下降时应检查哪些部件？,zh-CN,Vacuum,troubleshooting,source_disjoint_test,vacuum-038-scene-0006,vacuum-038,34.24,38.8,0,,,no,全部6帧（t=34.2s–38.8s）仅显示充电前关闭吸尘器的安全步骤，未涉及吸力下降故障排查或需检查的部件。,,R1,completed,2026-07-28T02:28:46+08:00
VQ-081,吸尘器吸力下降时应检查哪些部件？,zh-CN,Vacuum,troubleshooting,source_disjoint_test,vacuum-039-scene-0003,vacuum-039,6.4,8.4,0,,,no,6帧均为吸尘器正常吸尘运行画面（t=6.4s至t=8.4s），无任何吸力下降表现或需检查的部件展示。,AI=1→R1=0：吸尘器正常吸尘运行画面与'吸力下降应检查哪些部件'的故障排查问题无关，无任何部件检查内容。,R1,completed,2026-07-28T02:28:46+08:00
VQ-081,吸尘器吸力下降时应检查哪些部件？,zh-CN,Vacuum,troubleshooting,source_disjoint_test,vacuum-039-scene-0004,vacuum-039,8.4,12.08,0,,,no,6帧为红色吸尘器广告画面，未展示吸力下降故障排查或部件检查。,,R1,completed,2026-07-28T02:28:46+08:00
VQ-081,吸尘器吸力下降时应检查哪些部件？,zh-CN,Vacuum,troubleshooting,source_disjoint_test,vacuum-039-scene-0010,vacuum-039,27.24,29.4,1,,,no,仅第3–4帧（t=28.1s–28.6s）短暂展示吸尘器吸头外观，未涉及任何吸力下降相关的部件检查内容。,,R1,completed,2026-07-28T02:28:46+08:00
VQ-081,吸尘器吸力下降时应检查哪些部件？,zh-CN,Vacuum,troubleshooting,source_disjoint_test,vacuum-039-scene-0013,vacuum-039,36.4,40.72,1,,,no,6帧展示尘盒机构，尘盒是吸力下降时可检查的部件之一，但未展示其他部件或检查步骤。,,R1,completed,2026-07-28T02:28:46+08:00
VQ-081,吸尘器吸力下降时应检查哪些部件？,zh-CN,Vacuum,troubleshooting,source_disjoint_test,vacuum-039-scene-0027,vacuum-039,82.44,84.48,0,,,no,全部6帧（t=82.4s–84.5s）为吸尘器正常吸尘运行画面，未提供任何关于吸力下降需检查部件的信息。,,R1,completed,2026-07-28T02:28:46+08:00
VQ-081,吸尘器吸力下降时应检查哪些部件？,zh-CN,Vacuum,troubleshooting,source_disjoint_test,vacuum-039-scene-0029,vacuum-039,86.64,91.04,0,,,no,全部6帧（t=86.6s–91.0s）只是产品广告，无吸力排查内容。,,R1,completed,2026-07-28T02:28:46+08:00
VQ-081,吸尘器吸力下降时应检查哪些部件？,zh-CN,Vacuum,troubleshooting,source_disjoint_test,vacuum-044-scene-0002,vacuum-044,2.56,4.88,1,,,no,全部6帧（t=2.6s–4.9s）仅展示手持吸尘器产品本身，无任何部件检查或排障步骤演示。,,R1,completed,2026-07-28T02:28:46+08:00
VQ-081,吸尘器吸力下降时应检查哪些部件？,zh-CN,Vacuum,troubleshooting,source_disjoint_test,vacuum-044-scene-0003,vacuum-044,4.88,8.96,0,,,no,第1帧为标题卡，第4-5帧为咖啡滤纸操作，未出现吸尘器或吸力下降排查内容。,,R1,completed,2026-07-28T02:28:46+08:00
VQ-081,吸尘器吸力下降时应检查哪些部件？,zh-CN,Vacuum,troubleshooting,source_disjoint_test,vacuum-044-scene-0004,vacuum-044,8.96,12.08,0,,,no,全部6帧（t=9.0s–12.1s）只显示白色咖啡滤纸、少量棕色粉末以及“DEMONSTRATION 2”标题卡，完全没有出现吸尘器或其部件检查画面。,,R1,completed,2026-07-28T02:28:46+08:00
VQ-081,吸尘器吸力下降时应检查哪些部件？,zh-CN,Vacuum,troubleshooting,source_disjoint_test,vacuum-044-scene-0008,vacuum-044,26.24,30.24,0,,,no,6帧仅展示配件架与配件，未演示吸力下降时检查任何部件。,AI=1→R1=0，画面未展示吸力下降故障排查或部件检查。,R1,completed,2026-07-28T02:28:46+08:00
VQ-081,吸尘器吸力下降时应检查哪些部件？,zh-CN,Vacuum,troubleshooting,source_disjoint_test,vacuum-053-scene-0001,vacuum-053,0.0,28.53,0,,,no,6帧未展示吸力下降时应检查的部件。,,R1,completed,2026-07-28T02:28:46+08:00
VQ-081,吸尘器吸力下降时应检查哪些部件？,zh-CN,Vacuum,troubleshooting,source_disjoint_test,vacuum-058-scene-0002,vacuum-058,2.08,4.52,1,,,no,6帧展示吸尘器吸头工作并配有“Extreme Suction Power”文字，但未指出吸力下降时应检查哪些具体部件。,,R1,completed,2026-07-28T02:28:46+08:00
VQ-081,吸尘器吸力下降时应检查哪些部件？,zh-CN,Vacuum,troubleshooting,source_disjoint_test,vacuum-058-scene-0003,vacuum-058,4.52,6.8,1,,,no,6帧展示吸尘器在 carpets 上工作并叠加 Extreme Suction Power 文字，但未展示吸力下降时应检查的部件。,AI=0→R1=1：画面中可见吸尘器及吸力文字，但未展示吸力下降时应检查的部件。 | 第三轮仲裁复核：维持R1原判（等级/时间/泄漏均确认无误）。,R1,completed,2026-07-28T20:35:21+08:00
VQ-081,吸尘器吸力下降时应检查哪些部件？,zh-CN,Vacuum,troubleshooting,source_disjoint_test,vacuum-060-scene-0002,vacuum-060,3.67,6.673,1,,,no,6帧展示吸尘器数字显示屏，但未展示吸力下降时应检查的具体部件。,,R1,completed,2026-07-28T02:28:46+08:00
VQ-081,吸尘器吸力下降时应检查哪些部件？,zh-CN,Vacuum,troubleshooting,source_disjoint_test,vacuum-060-scene-0004,vacuum-060,8.709,19.219,1,,,no,第4-5帧（t=15.0s-17.1s）显示数字变频电机部件分解图，但未说明吸力下降时应检查哪些部件。,,R1,completed,2026-07-28T02:28:46+08:00
VQ-081,吸尘器吸力下降时应检查哪些部件？,zh-CN,Vacuum,troubleshooting,source_disjoint_test,vacuum-060-scene-0006,vacuum-060,24.024,28.47,0,,,no,全部6帧（t=24.0s–28.5s）为Samsung Jet 75的产品介绍展示图，虽展示了拆解组件但属于营销展示性质，未说明哪些部件与吸力下降有关或如何检查。,,R1,completed,2026-07-28T02:28:46+08:00
VQ-082,How do I troubleshoot a vacuum brush roll that will not spin?,en,Vacuum,troubleshooting,source_disjoint_test,vacuum-001-scene-0001,vacuum-001,0.0,26.51,1,,,no,第1、3、5、6帧可见吸尘器主体，但画面未展示滚刷不转时的排查动作或部件检查。,AI=0→R1=1：画面中确实出现了吸尘器产品，但未展示该query所问的具体操作或部件。,R1,completed,2026-07-28T02:28:46+08:00
VQ-082,How do I troubleshoot a vacuum brush roll that will not spin?,en,Vacuum,troubleshooting,source_disjoint_test,vacuum-002-scene-0001,vacuum-002,0.0,30.94,0,,,no,全部6帧（t=0s–30.9s）无滚刷组件或排障相关内容出现。,,R1,completed,2026-07-28T02:28:46+08:00
VQ-082,How do I troubleshoot a vacuum brush roll that will not spin?,en,Vacuum,troubleshooting,source_disjoint_test,vacuum-003-scene-0001,vacuum-003,0.0,15.46,0,,,no,6帧均为扫地机器人运行画面，无滚刷故障或不转的排查内容。,,R1,completed,2026-07-28T02:28:46+08:00
VQ-082,How do I troubleshoot a vacuum brush roll that will not spin?,en,Vacuum,troubleshooting,source_disjoint_test,vacuum-008-scene-0001,vacuum-008,0.0,27.207,0,,,no,6帧（t=0.0s–27.2s）仅为机器人移动视角和标题卡，无滚刷故障排查相关内容。,,R1,completed,2026-07-28T02:28:46+08:00
VQ-082,How do I troubleshoot a vacuum brush roll that will not spin?,en,Vacuum,troubleshooting,source_disjoint_test,vacuum-008-scene-0002,vacuum-008,27.207,31.211,0,,,no,6帧均为昏暗模糊的室内场景，无法辨认滚刷故障排查内容。,,R1,completed,2026-07-28T02:28:46+08:00
VQ-082,How do I troubleshoot a vacuum brush roll that will not spin?,en,Vacuum,troubleshooting,source_disjoint_test,vacuum-008-scene-0003,vacuum-008,31.211,37.05,0,,,no,全部6帧（t=31.2s–37.0s）画面模糊不清，无法识别任何吸尘器部件或排障操作。,,R1,completed,2026-07-28T02:28:46+08:00
VQ-082,How do I troubleshoot a vacuum brush roll that will not spin?,en,Vacuum,troubleshooting,source_disjoint_test,vacuum-008-scene-0012,vacuum-008,59.408,70.127,0,,,no,全部6帧（t=59.4s–70.1s）为低角度室内环境镜头，无吸尘器滚刷或任何故障排查相关的内容。,,R1,completed,2026-07-28T02:28:46+08:00
VQ-082,How do I troubleshoot a vacuum brush roll that will not spin?,en,Vacuum,troubleshooting,source_disjoint_test,vacuum-008-scene-0013,vacuum-008,70.127,72.421,0,,,no,联系表所有帧（t=70.1s–72.4s）为机器人POV穿过带ROOTEA箱的房间，无任何滚刷故障排查内容。,,R1,completed,2026-07-28T02:28:46+08:00
VQ-082,How do I troubleshoot a vacuum brush roll that will not spin?,en,Vacuum,troubleshooting,source_disjoint_test,vacuum-008-scene-0018,vacuum-008,88.188,123.83,0,,,no,6帧（t=88.2s–123.8s）为机器人POV移动，无滚刷故障排查内容。,,R1,completed,2026-07-28T02:28:46+08:00
VQ-082,How do I troubleshoot a vacuum brush roll that will not spin?,en,Vacuum,troubleshooting,source_disjoint_test,vacuum-009-scene-0001,vacuum-009,0.0,41.54,0,,,no,全部6帧（t=0.0s–41.5s）未出现滚刷不转的故障画面或排查步骤。,,R1,completed,2026-07-28T02:28:46+08:00
VQ-082,How do I troubleshoot a vacuum brush roll that will not spin?,en,Vacuum,troubleshooting,source_disjoint_test,vacuum-010-scene-0001,vacuum-010,0.0,74.7,0,,,no,6帧均为扫地机器人运行画面，无滚刷不转的故障现象或排查步骤。,,R1,completed,2026-07-28T02:28:46+08:00
VQ-082,How do I troubleshoot a vacuum brush roll that will not spin?,en,Vacuum,troubleshooting,source_disjoint_test,vacuum-034-scene-0014,vacuum-034,127.26,138.772,0,,,no,画面为吸尘器顶部盖板与内部电路拆解，未展示滚刷、不转动机构或任何故障排查画面，与'滚刷不转的排查'问题无关。,,R1,completed,2026-07-28T02:28:46+08:00
VQ-082,How do I troubleshoot a vacuum brush roll that will not spin?,en,Vacuum,troubleshooting,source_disjoint_test,vacuum-034-scene-0015,vacuum-034,138.772,141.208,1,,,no,6帧（t=138.8s–141.2s）显示一只手拿着吸尘器内部组件，能看到彩色电线和黄色滤材，但画面未针对滚刷不转给出具体排查步骤。,,R1,completed,2026-07-28T02:28:46+08:00
VQ-082,How do I troubleshoot a vacuum brush roll that will not spin?,en,Vacuum,troubleshooting,source_disjoint_test,vacuum-034-scene-0028,vacuum-034,240.507,244.344,0,,,no,画面（t=240.5s–244.3s）为内部风道装配，没有滚刷、转动机构或无法转动的排查步骤。,,R1,completed,2026-07-28T02:28:46+08:00
VQ-082,How do I troubleshoot a vacuum brush roll that will not spin?,en,Vacuum,troubleshooting,source_disjoint_test,vacuum-034-scene-0040,vacuum-034,333.767,340.273,0,,,no,全部6帧（t=333.8s–340.3s）均为金属支架安装到真空底座背面的特写，未出现地刷/滚刷或任何故障排查动作。,,R1,completed,2026-07-28T02:28:46+08:00
VQ-082,How do I troubleshoot a vacuum brush roll that will not spin?,en,Vacuum,troubleshooting,source_disjoint_test,vacuum-038-scene-0001,vacuum-038,0.0,10.96,0,,,no,全部6帧（t=0.0s–10.9s）未涉及滚刷不转的故障排查。,,R1,completed,2026-07-28T02:28:46+08:00
VQ-082,How do I troubleshoot a vacuum brush roll that will not spin?,en,Vacuum,troubleshooting,source_disjoint_test,vacuum-038-scene-0005,vacuum-038,27.76,34.24,0,,,no,全部6帧（t=27.8s–34.2s）内容为电池指示灯与充电，与滚刷不转动的排查完全无关。,,R1,completed,2026-07-28T02:28:46+08:00
VQ-082,How do I troubleshoot a vacuum brush roll that will not spin?,en,Vacuum,troubleshooting,source_disjoint_test,vacuum-038-scene-0006,vacuum-038,34.24,38.8,0,,,no,全部6帧（t=34.2s–38.8s）为控制面板操作画面，未涉及滚刷不转动的排查内容。,,R1,completed,2026-07-28T02:28:46+08:00
VQ-082,How do I troubleshoot a vacuum brush roll that will not spin?,en,Vacuum,troubleshooting,source_disjoint_test,vacuum-038-scene-0008,vacuum-038,47.72,54.8,0,,,no,全部6帧为白底文字警告，未出现吸尘器实物或滚刷不转的排查演示。,,R1,completed,2026-07-28T02:28:46+08:00
VQ-082,How do I troubleshoot a vacuum brush roll that will not spin?,en,Vacuum,troubleshooting,source_disjoint_test,vacuum-038-scene-0010,vacuum-038,65.24,71.28,1,,,no,6帧展示电池安装回吸尘器，未涉及滚刷不转故障或排查步骤。,AI=0→R1=1：画面中可见吸尘器电池安装，但未涉及滚刷不转故障排查。,R1,completed,2026-07-28T02:28:46+08:00
VQ-082,How do I troubleshoot a vacuum brush roll that will not spin?,en,Vacuum,troubleshooting,source_disjoint_test,vacuum-039-scene-0002,vacuum-039,4.24,6.4,0,,,no,全部6帧（t=4.2s–6.4s）为吸尘器吸头正常吸尘运行画面，未涉及滚刷故障排查的任何内容。,,R1,completed,2026-07-28T02:28:46+08:00
VQ-082,How do I troubleshoot a vacuum brush roll that will not spin?,en,Vacuum,troubleshooting,source_disjoint_test,vacuum-039-scene-0003,vacuum-039,6.4,8.4,0,,,no,6帧均为吸尘器吸头吸碎屑画面（t=6.4s至t=8.4s），无滚刷不转的故障现象或排查步骤。,,R1,completed,2026-07-28T02:28:46+08:00
VQ-082,How do I troubleshoot a vacuum brush roll that will not spin?,en,Vacuum,troubleshooting,source_disjoint_test,vacuum-039-scene-0004,vacuum-039,8.4,12.08,0,,,no,6帧为红色吸尘器广告画面，未展示滚刷不转故障排查。,,R1,completed,2026-07-28T02:28:46+08:00
VQ-082,How do I troubleshoot a vacuum brush roll that will not spin?,en,Vacuum,troubleshooting,source_disjoint_test,vacuum-039-scene-0010,vacuum-039,27.24,29.4,0,,,no,全部6帧中4帧为怪兽电影画面、2帧为吸尘器吸头静态特写，均未出现滚刷及任何故障排查相关内容。,,R1,completed,2026-07-28T02:28:46+08:00
VQ-082,How do I troubleshoot a vacuum brush roll that will not spin?,en,Vacuum,troubleshooting,source_disjoint_test,vacuum-039-scene-0023,vacuum-039,69.88,72.04,0,,,no,全6帧为特摄画面（红粉模糊色块、飞行英雄人偶、烟雾爆炸中的怪兽），与吸尘器滚刷故障排查完全无关。,,R1,completed,2026-07-28T02:28:46+08:00
VQ-082,How do I troubleshoot a vacuum brush roll that will not spin?,en,Vacuum,troubleshooting,source_disjoint_test,vacuum-039-scene-0028,vacuum-039,84.48,86.64,0,,,no,全部6帧（t=84.5s–86.6s）为特摄角色画面，未出现滚刷及任何故障排查操作。,,R1,completed,2026-07-28T02:28:46+08:00
VQ-082,How do I troubleshoot a vacuum brush roll that will not spin?,en,Vacuum,troubleshooting,source_disjoint_test,vacuum-039-scene-0029,vacuum-039,86.64,91.04,0,,,no,全部6帧（t=86.6s–91.0s）无滚刷不转的故障排查演示。,,R1,completed,2026-07-28T02:28:46+08:00
VQ-082,How do I troubleshoot a vacuum brush roll that will not spin?,en,Vacuum,troubleshooting,source_disjoint_test,vacuum-044-scene-0002,vacuum-044,2.56,4.88,0,,,no,全部6帧（t=2.6s–4.9s）仅显示手持吸尘器外观，无滚刷组件或排障相关内容。,,R1,completed,2026-07-28T02:28:46+08:00
VQ-082,How do I troubleshoot a vacuum brush roll that will not spin?,en,Vacuum,troubleshooting,source_disjoint_test,vacuum-044-scene-0004,vacuum-044,8.96,12.08,0,,,no,全部6帧（t=9.0s–12.1s）只显示白色咖啡滤纸、少量棕色粉末以及“DEMONSTRATION 2”标题卡，完全没有出现吸尘器滚刷或故障排查画面。,,R1,completed,2026-07-28T02:28:46+08:00
VQ-082,How do I troubleshoot a vacuum brush roll that will not spin?,en,Vacuum,troubleshooting,source_disjoint_test,vacuum-044-scene-0005,vacuum-044,12.08,17.68,0,,,no,全部6帧均为鸡蛋与刀刃的特写，未出现吸尘器或滚刷排查画面。,,R1,completed,2026-07-28T02:28:46+08:00
VQ-082,How do I troubleshoot a vacuum brush roll that will not spin?,en,Vacuum,troubleshooting,source_disjoint_test,vacuum-044-scene-0006,vacuum-044,17.68,20.8,0,,,no,全部帧（t=17.7s–20.8s）为标题卡和手持附件展示，无滚刷故障排查内容。,,R1,completed,2026-07-28T02:28:46+08:00
VQ-082,How do I troubleshoot a vacuum brush roll that will not spin?,en,Vacuum,troubleshooting,source_disjoint_test,vacuum-053-scene-0001,vacuum-053,0.0,28.53,0,,,no,6帧未展示滚刷不转故障排查步骤。,,R1,completed,2026-07-28T02:28:46+08:00
VQ-082,How do I troubleshoot a vacuum brush roll that will not spin?,en,Vacuum,troubleshooting,source_disjoint_test,vacuum-058-scene-0002,vacuum-058,2.08,4.52,0,,,no,6帧未展示滚刷不转的故障排查步骤。,,R1,completed,2026-07-28T02:28:46+08:00
VQ-082,How do I troubleshoot a vacuum brush roll that will not spin?,en,Vacuum,troubleshooting,source_disjoint_test,vacuum-058-scene-0003,vacuum-058,4.52,6.8,1,,,no,第4帧可见滚刷转动，但6帧未涉及滚刷不转故障或排查步骤。,AI=0→R1=1：画面中可见滚刷转动，但未涉及滚刷不转故障排查。 | 第三轮仲裁复核：维持R1原判（等级/时间/泄漏均确认无误）。,R1,completed,2026-07-28T20:35:21+08:00
VQ-082,How do I troubleshoot a vacuum brush roll that will not spin?,en,Vacuum,troubleshooting,source_disjoint_test,vacuum-060-scene-0001,vacuum-060,0.0,3.67,1,,,no,6帧仅展示吸尘器正常使用，未涉及滚刷不转故障或排查步骤。,AI=0→R1=1：画面中可见吸尘器，但未展示滚刷不转故障排查。,R1,completed,2026-07-28T02:28:46+08:00
VQ-082,How do I troubleshoot a vacuum brush roll that will not spin?,en,Vacuum,troubleshooting,source_disjoint_test,vacuum-060-scene-0002,vacuum-060,3.67,6.673,1,,,no,6帧显示手持吸尘器及显示屏，未涉及滚刷不转故障或排查步骤。,AI=0→R1=1：画面中可见吸尘器，但未涉及滚刷不转故障排查。,R1,completed,2026-07-28T02:28:46+08:00
VQ-082,How do I troubleshoot a vacuum brush roll that will not spin?,en,Vacuum,troubleshooting,source_disjoint_test,vacuum-060-scene-0005,vacuum-060,19.219,24.024,0,,,no,全部6帧（t=19.2s–24.1s）未展示滚刷及任何不转动的故障排查步骤。,,R1,completed,2026-07-28T02:28:46+08:00
VQ-083,清理滚刷前怎样确保吸尘器不会启动？,zh-CN,Vacuum,safety,source_disjoint_test,vacuum-001-scene-0001,vacuum-001,0.0,26.51,1,,,no,第1、3、5、6帧可见吸尘器主体，但画面未展示关闭电源、移除电池等防止启动的安全步骤。,AI=0→R1=1：画面中确实出现了吸尘器产品，但未展示该query所问的具体操作或部件。,R1,completed,2026-07-28T02:28:46+08:00
VQ-083,清理滚刷前怎样确保吸尘器不会启动？,zh-CN,Vacuum,safety,source_disjoint_test,vacuum-002-scene-0001,vacuum-002,0.0,30.94,0,,,no,全部6帧（t=0s–30.9s）无电源开关操作或安全锁定措施的任何演示。,,R1,completed,2026-07-28T02:28:46+08:00
VQ-083,清理滚刷前怎样确保吸尘器不会启动？,zh-CN,Vacuum,safety,source_disjoint_test,vacuum-003-scene-0001,vacuum-003,0.0,15.46,0,,,no,6帧均为扫地机器人自主运行画面，无安全断电或防启动锁定等措施。,,R1,completed,2026-07-28T02:28:46+08:00
VQ-083,清理滚刷前怎样确保吸尘器不会启动？,zh-CN,Vacuum,safety,source_disjoint_test,vacuum-008-scene-0001,vacuum-008,0.0,27.207,0,,,no,全部帧（t=0.0s–27.2s）未展示任何滚刷清理前的安全确认步骤或电源关闭操作。,,R1,completed,2026-07-28T02:28:46+08:00
VQ-083,清理滚刷前怎样确保吸尘器不会启动？,zh-CN,Vacuum,safety,source_disjoint_test,vacuum-008-scene-0002,vacuum-008,27.207,31.211,0,,,no,6帧均为昏暗模糊的室内场景，无法辨认安全操作内容。,,R1,completed,2026-07-28T02:28:46+08:00
VQ-083,清理滚刷前怎样确保吸尘器不会启动？,zh-CN,Vacuum,safety,source_disjoint_test,vacuum-008-scene-0005,vacuum-008,39.094,41.263,0,,,no,画面模糊昏暗，无法识别吸尘器或滚刷清理前的安全步骤。,,R1,completed,2026-07-28T02:28:46+08:00
VQ-083,清理滚刷前怎样确保吸尘器不会启动？,zh-CN,Vacuum,safety,source_disjoint_test,vacuum-008-scene-0018,vacuum-008,88.188,123.83,0,,,no,联系表所有帧（t=88.2s–123.8s）未展示任何清理滚刷前的安全确认步骤。,,R1,completed,2026-07-28T02:28:46+08:00
VQ-083,清理滚刷前怎样确保吸尘器不会启动？,zh-CN,Vacuum,safety,source_disjoint_test,vacuum-009-scene-0001,vacuum-009,0.0,41.54,0,,,no,全部6帧（t=0.0s–41.5s）只是吸尘器正常被推在地毯上，未涉及清理滚刷前的安全断启操作。,,R1,completed,2026-07-28T02:28:46+08:00
VQ-083,清理滚刷前怎样确保吸尘器不会启动？,zh-CN,Vacuum,safety,source_disjoint_test,vacuum-010-scene-0001,vacuum-010,0.0,74.7,0,,,no,6帧均为扫地机器人自主运行画面，无断电锁定、安全开关等防误启动措施。,,R1,completed,2026-07-28T02:28:46+08:00
VQ-083,清理滚刷前怎样确保吸尘器不会启动？,zh-CN,Vacuum,safety,source_disjoint_test,vacuum-034-scene-0001,vacuum-034,0.0,5.005,0,,,no,全部6帧均为标题卡，无任何安全操作步骤或防启动措施。,,R1,completed,2026-07-28T02:28:46+08:00
VQ-083,清理滚刷前怎样确保吸尘器不会启动？,zh-CN,Vacuum,safety,source_disjoint_test,vacuum-034-scene-0022,vacuum-034,173.006,175.042,1,,,no,6帧（t=173.0s–175.0s）均显示黑色吸尘器机身平放在灰色地毯上，旁边有一根白色电源线，但没有任何关机、拔电池或防止启动的安全操作。,AI=0→R1=1：吸尘器机身确实出现在地毯上，但未展示防止启动的安全操作。,R1,completed,2026-07-28T02:28:46+08:00
VQ-083,清理滚刷前怎样确保吸尘器不会启动？,zh-CN,Vacuum,safety,source_disjoint_test,vacuum-034-scene-0026,vacuum-034,189.589,230.831,0,,,no,画面（t=189.6s–230.8s）仅展示内部拆解，没有演示关机、断电或防止吸尘器启动的安全步骤。,AI=1→R1=0：画面只有内部拆解，未演示防止吸尘器启动的安全步骤。,R1,completed,2026-07-28T02:28:46+08:00
VQ-083,清理滚刷前怎样确保吸尘器不会启动？,zh-CN,Vacuum,safety,source_disjoint_test,vacuum-034-scene-0028,vacuum-034,240.507,244.344,0,,,no,画面（t=240.5s–244.3s）只展示内部组件装配，没有断电、关机或防止启动的安全演示。,,R1,completed,2026-07-28T02:28:46+08:00
VQ-083,清理滚刷前怎样确保吸尘器不会启动？,zh-CN,Vacuum,safety,source_disjoint_test,vacuum-034-scene-0030,vacuum-034,248.448,256.556,0,,,no,6帧显示的是吸尘器电机内部接线与连接器的插拔操作（t=248.4s至t=256.6s），属于内部维修拆解，并非清理滚刷前的安全防启动步骤。,AI=1→R1=0：画面为电机内部接线操作，与'清理滚刷前防止启动'的安全步骤无直接关联，不属于同产品相关维护。,R1,completed,2026-07-28T02:28:46+08:00
VQ-083,清理滚刷前怎样确保吸尘器不会启动？,zh-CN,Vacuum,safety,source_disjoint_test,vacuum-034-scene-0033,vacuum-034,286.553,295.896,0,,,no,全6帧显示拆解状态下的黑色吸尘器主机置于地毯上，双手操作外壳盖板的安装/拆卸，内部电线外露，但未展示断电、拔插头等防止启动的安全步骤。,,R1,completed,2026-07-28T02:28:46+08:00
VQ-083,清理滚刷前怎样确保吸尘器不会启动？,zh-CN,Vacuum,safety,source_disjoint_test,vacuum-034-scene-0041,vacuum-034,340.273,347.948,0,,,no,第1–6帧（t=340.3s–347.9s）展示安装背板和门板，未涉及滚刷清理前的断电或防启动操作。,,R1,completed,2026-07-28T02:28:46+08:00
VQ-083,清理滚刷前怎样确保吸尘器不会启动？,zh-CN,Vacuum,safety,source_disjoint_test,vacuum-038-scene-0001,vacuum-038,0.0,10.96,0,,,no,全部6帧（t=0.0s–10.9s）未出现清理滚刷前的安全断启操作。,,R1,completed,2026-07-28T02:28:46+08:00
VQ-083,清理滚刷前怎样确保吸尘器不会启动？,zh-CN,Vacuum,safety,source_disjoint_test,vacuum-038-scene-0002,vacuum-038,10.96,18.16,0,,,no,6帧均为电池特写，未出现吸尘器滚刷或防启动安全步骤。,,R1,completed,2026-07-28T02:28:46+08:00
VQ-083,清理滚刷前怎样确保吸尘器不会启动？,zh-CN,Vacuum,safety,source_disjoint_test,vacuum-038-scene-0005,vacuum-038,27.76,34.24,1,,,no,全部6帧（t=27.8s–34.2s）字幕提到'before recharging turn off the vacuum cleaner for safety'（充电前关闭吸尘器以确保安全），虽上下文为充电安全而非滚刷清理，但'关闭以确保安全'的原则与此查询有弱关联。,AI=0→R1=1：字幕明确提到'turn off the vacuum cleaner for safety'（关闭吸尘器以确保安全），虽上下文为充电前安全措施，但与'确保吸尘器不会启动'的安全原则存在关联，可给等级1。,R1,completed,2026-07-28T02:28:46+08:00
VQ-083,清理滚刷前怎样确保吸尘器不会启动？,zh-CN,Vacuum,safety,source_disjoint_test,vacuum-038-scene-0006,vacuum-038,34.24,38.8,1,,,no,"全部6帧（t=34.2s–38.8s）显示手指操作吸尘器电源按钮，字幕明确写有'before recharging, turn OFF the vacuum cleaner for safety'，展示了关闭吸尘器的动作，但该安全步骤的上下文是充电前而非清理滚刷前，与查询的具体场景不完全匹配。",AI=2→R1=1：画面确实展示了关闭吸尘器的安全动作，但ASR和OCR上下文明确为'充电前(turn off before recharging)'而非'清理滚刷前'，属于不同操作场景的部分关联，不足以作为直接回答。,R1,completed,2026-07-28T02:28:46+08:00
VQ-083,清理滚刷前怎样确保吸尘器不会启动？,zh-CN,Vacuum,safety,source_disjoint_test,vacuum-038-scene-0007,vacuum-038,38.8,47.72,2,38.8,47.7,no,第1–6帧（t=38.8s–47.7s）演示关闭吸尘器、按压电池释放键并取出电池，该断电操作可防止启动，但画面配文说明是充电前步骤而非清理滚刷前。,AI=0→R1=2：画面演示关闭吸尘器并取出电池，可直接防止启动；但配文说明是充电前步骤，非滚刷清理前。,R1,completed,2026-07-28T02:28:46+08:00
VQ-083,清理滚刷前怎样确保吸尘器不会启动？,zh-CN,Vacuum,safety,source_disjoint_test,vacuum-038-scene-0008,vacuum-038,47.72,54.8,1,,,no,第2-5帧（t=49.1s-54.8s）显示文字警告'Do not eject the battery from the vacuum cleaner while it is ON'，提及吸尘器开关状态，但未演示清理滚刷前如何确保不会启动的具体步骤。,AI=2→R1=1：画面仅为文字警告，未演示清理滚刷前确保吸尘器不会启动的具体步骤。,R1,completed,2026-07-28T02:28:46+08:00
VQ-083,清理滚刷前怎样确保吸尘器不会启动？,zh-CN,Vacuum,safety,source_disjoint_test,vacuum-039-scene-0002,vacuum-039,4.24,6.4,0,,,no,全部6帧（t=4.2s–6.4s）显示吸尘器正处于运行吸尘状态（有灰尘颗粒流），并非关闭或锁定状态，未展示确保吸尘器不会启动的安全步骤。,,R1,completed,2026-07-28T02:28:46+08:00
VQ-083,清理滚刷前怎样确保吸尘器不会启动？,zh-CN,Vacuum,safety,source_disjoint_test,vacuum-039-scene-0003,vacuum-039,6.4,8.4,0,,,no,6帧均为吸尘器运行中吸碎屑画面（t=6.4s至t=8.4s），无断电、锁定等防误启动安全措施。,,R1,completed,2026-07-28T02:28:46+08:00
VQ-083,清理滚刷前怎样确保吸尘器不会启动？,zh-CN,Vacuum,safety,source_disjoint_test,vacuum-039-scene-0004,vacuum-039,8.4,12.08,0,,,no,6帧为红色吸尘器广告画面，未展示清理滚刷前的安全操作。,,R1,completed,2026-07-28T02:28:46+08:00
VQ-083,清理滚刷前怎样确保吸尘器不会启动？,zh-CN,Vacuum,safety,source_disjoint_test,vacuum-039-scene-0009,vacuum-039,24.2,27.24,0,,,no,6帧（t=24.2s–27.2s）中无电源开关锁定、拔掉电池等防止意外启动的安全措施演示。,,R1,completed,2026-07-28T02:28:46+08:00
VQ-083,清理滚刷前怎样确保吸尘器不会启动？,zh-CN,Vacuum,safety,source_disjoint_test,vacuum-039-scene-0013,vacuum-039,36.4,40.72,0,,,no,6帧未展示清理滚刷前的安全步骤或电源控制。,,R1,completed,2026-07-28T02:28:46+08:00
VQ-083,清理滚刷前怎样确保吸尘器不会启动？,zh-CN,Vacuum,safety,source_disjoint_test,vacuum-039-scene-0029,vacuum-039,86.64,91.04,0,,,no,全部6帧（t=86.6s–91.0s）只是产品广告，未出现清理滚刷前的安全操作。,,R1,completed,2026-07-28T02:28:46+08:00
VQ-083,清理滚刷前怎样确保吸尘器不会启动？,zh-CN,Vacuum,safety,source_disjoint_test,vacuum-044-scene-0002,vacuum-044,2.56,4.88,0,,,no,全部6帧（t=2.6s–4.9s）仅展示手持吸尘器被握持，无电源开关锁定或任何安全防护措施说明。,,R1,completed,2026-07-28T02:28:46+08:00
VQ-083,清理滚刷前怎样确保吸尘器不会启动？,zh-CN,Vacuum,safety,source_disjoint_test,vacuum-044-scene-0004,vacuum-044,8.96,12.08,0,,,no,全部6帧（t=9.0s–12.1s）只显示白色咖啡滤纸、少量棕色粉末以及“DEMONSTRATION 2”标题卡，完全没有出现吸尘器或防止启动的安全操作。,,R1,completed,2026-07-28T02:28:46+08:00
VQ-083,清理滚刷前怎样确保吸尘器不会启动？,zh-CN,Vacuum,safety,source_disjoint_test,vacuum-044-scene-0005,vacuum-044,12.08,17.68,0,,,no,全部6帧均为鸡蛋与刀刃的特写，未出现吸尘器或清理滚刷前的安全操作。,,R1,completed,2026-07-28T02:28:46+08:00
VQ-083,清理滚刷前怎样确保吸尘器不会启动？,zh-CN,Vacuum,safety,source_disjoint_test,vacuum-044-scene-0006,vacuum-044,17.68,20.8,0,,,no,6帧（t=17.7s–20.8s）未展示任何滚刷清理前的安全预防措施或电源关闭操作。,,R1,completed,2026-07-28T02:28:46+08:00
VQ-083,清理滚刷前怎样确保吸尘器不会启动？,zh-CN,Vacuum,safety,source_disjoint_test,vacuum-044-scene-0008,vacuum-044,26.24,30.24,0,,,no,6帧未出现任何安全步骤或电源状态提示。,,R1,completed,2026-07-28T02:28:46+08:00
VQ-083,清理滚刷前怎样确保吸尘器不会启动？,zh-CN,Vacuum,safety,source_disjoint_test,vacuum-053-scene-0001,vacuum-053,0.0,28.53,0,,,no,6帧未出现清理滚刷前的安全操作或电源控制提示。,,R1,completed,2026-07-28T02:28:46+08:00
VQ-083,清理滚刷前怎样确保吸尘器不会启动？,zh-CN,Vacuum,safety,source_disjoint_test,vacuum-058-scene-0002,vacuum-058,2.08,4.52,0,,,no,6帧未出现任何安全步骤或电源控制操作。,,R1,completed,2026-07-28T02:28:46+08:00
VQ-083,清理滚刷前怎样确保吸尘器不会启动？,zh-CN,Vacuum,safety,source_disjoint_test,vacuum-058-scene-0003,vacuum-058,4.52,6.8,1,,,no,6帧展示吸尘器正常清洁地毯，未展示清理滚刷前的断电/防启动步骤。,AI=0→R1=1：画面中可见吸尘器，但未展示清理滚刷前的断电/防启动步骤。 | 第三轮仲裁复核：维持R1原判（等级/时间/泄漏均确认无误）。,R1,completed,2026-07-28T20:35:21+08:00
VQ-083,清理滚刷前怎样确保吸尘器不会启动？,zh-CN,Vacuum,safety,source_disjoint_test,vacuum-058-scene-0004,vacuum-058,6.8,9.72,0,,,no,联系表所有帧（t=6.8s–9.7s）未展示任何滚刷清理相关的安全预防措施。,,R1,completed,2026-07-28T02:28:46+08:00
VQ-083,清理滚刷前怎样确保吸尘器不会启动？,zh-CN,Vacuum,safety,source_disjoint_test,vacuum-058-scene-0005,vacuum-058,9.72,11.84,0,,,no,全部6帧仅显示Clean Station和集尘杯，无滚刷、无安全锁定/防启动装置或操作说明。,,R1,completed,2026-07-28T02:28:46+08:00
VQ-083,清理滚刷前怎样确保吸尘器不会启动？,zh-CN,Vacuum,safety,source_disjoint_test,vacuum-058-scene-0006,vacuum-058,11.84,14.98,0,,,no,全部6帧（t=11.8s–15.0s）只展示吸尘器外观和三星logo，无任何清理滚刷前的安全操作。,,R1,completed,2026-07-28T02:28:46+08:00
VQ-083,清理滚刷前怎样确保吸尘器不会启动？,zh-CN,Vacuum,safety,source_disjoint_test,vacuum-060-scene-0001,vacuum-060,0.0,3.67,1,,,no,画面中可见吸尘器正在使用，未展示清理滚刷前的断电/防启动步骤。,AI=0→R1=1：画面中可见吸尘器，但未展示清理滚刷前的防启动步骤。,R1,completed,2026-07-28T02:28:46+08:00
VQ-083,清理滚刷前怎样确保吸尘器不会启动？,zh-CN,Vacuum,safety,source_disjoint_test,vacuum-060-scene-0002,vacuum-060,3.67,6.673,1,,,no,6帧展示手持吸尘器及电源/显示屏区域，但未展示清理滚刷前的防启动步骤。,,R1,completed,2026-07-28T02:28:46+08:00
VQ-083,清理滚刷前怎样确保吸尘器不会启动？,zh-CN,Vacuum,safety,source_disjoint_test,vacuum-060-scene-0004,vacuum-060,8.709,19.219,1,,,no,画面展示吸尘器使用（t=8.7s、10.8s、19.3s）与电机结构（t=15.0s、17.1s），未呈现清理滚刷前防止启动的安全步骤。,AI=0→R1=1：画面中确实出现了吸尘器产品，但未展示该query所问的具体操作或部件。,R1,completed,2026-07-28T02:28:46+08:00
VQ-084,How can liquids or hazardous debris be avoided when vacuuming?,en,Vacuum,safety,source_disjoint_test,vacuum-001-scene-0001,vacuum-001,0.0,26.51,1,,,no,第1、3、5、6帧可见吸尘器主体，但画面未展示液体或危险碎屑相关的使用注意事项。,AI=0→R1=1：画面中确实出现了吸尘器产品，但未展示该query所问的具体操作或部件。,R1,completed,2026-07-28T02:28:46+08:00
VQ-084,How can liquids or hazardous debris be avoided when vacuuming?,en,Vacuum,safety,source_disjoint_test,vacuum-002-scene-0001,vacuum-002,0.0,30.94,0,,,no,全部6帧（t=0s–30.9s）仅展示吸尘器静置外观，无关于避免吸入液体或危险碎屑的提示信息。,,R1,completed,2026-07-28T02:28:46+08:00
VQ-084,How can liquids or hazardous debris be avoided when vacuuming?,en,Vacuum,safety,source_disjoint_test,vacuum-003-scene-0001,vacuum-003,0.0,15.46,0,,,no,6帧均为扫地机器人在干净木地板上运行（t=0s至t=15.4s），画面中无液体也无危险碎屑，且完全未提及如何避免。,AI=1→R1=0：扫地机器人运行画面与'如何避免吸入液体或危险碎屑'的问题完全无关，画面既未展示也未提及该话题。,R1,completed,2026-07-28T02:28:46+08:00
VQ-084,How can liquids or hazardous debris be avoided when vacuuming?,en,Vacuum,safety,source_disjoint_test,vacuum-008-scene-0001,vacuum-008,0.0,27.207,0,,,no,联系表6帧（t=0.0s–27.2s）中无液体或危险废弃物，也未展示任何规避措施。,,R1,completed,2026-07-28T02:28:46+08:00
VQ-084,How can liquids or hazardous debris be avoided when vacuuming?,en,Vacuum,safety,source_disjoint_test,vacuum-008-scene-0003,vacuum-008,31.211,37.05,0,,,no,全部6帧（t=31.2s–37.0s）为模糊昏暗室内镜头，无可辨识的吸尘器产品或安全操作指导内容。,,R1,completed,2026-07-28T02:28:46+08:00
VQ-084,How can liquids or hazardous debris be avoided when vacuuming?,en,Vacuum,safety,source_disjoint_test,vacuum-008-scene-0005,vacuum-008,39.094,41.263,0,,,no,6帧无法识别任何产品或场景内容，无吸尘安全相关画面。,,R1,completed,2026-07-28T02:28:46+08:00
VQ-084,How can liquids or hazardous debris be avoided when vacuuming?,en,Vacuum,safety,source_disjoint_test,vacuum-008-scene-0009,vacuum-008,50.148,53.109,0,,,no,全部6帧（t=50.1s–53.1s）模糊不可辨识，无吸尘作业场景也无液体/危险物规避指导。,,R1,completed,2026-07-28T02:28:46+08:00
VQ-084,How can liquids or hazardous debris be avoided when vacuuming?,en,Vacuum,safety,source_disjoint_test,vacuum-008-scene-0012,vacuum-008,59.408,70.127,0,,,no,全部6帧（t=59.4s–70.1s）为低角度厨房环境移动镜头，无任何关于吸尘时避免液体或危险碎屑的安全提示内容。,,R1,completed,2026-07-28T02:28:46+08:00
VQ-084,How can liquids or hazardous debris be avoided when vacuuming?,en,Vacuum,safety,source_disjoint_test,vacuum-008-scene-0016,vacuum-008,82.974,86.144,0,,,no,6帧画面（t=83.0s–86.1s）呈现走廊环境，未见吸尘、液体或危险碎屑相关内容。,,R1,completed,2026-07-28T02:28:46+08:00
VQ-084,How can liquids or hazardous debris be avoided when vacuuming?,en,Vacuum,safety,source_disjoint_test,vacuum-008-scene-0018,vacuum-008,88.188,123.83,1,,,no,第1–6帧（t=88.2s–123.8s）NEATO机器人吸尘器在画面中移动，产品出现，但未展示任何液体或危险废弃物规避措施。,,R1,completed,2026-07-28T02:28:46+08:00
VQ-084,How can liquids or hazardous debris be avoided when vacuuming?,en,Vacuum,safety,source_disjoint_test,vacuum-009-scene-0001,vacuum-009,0.0,41.54,0,,,no,全部6帧（t=0.0s–41.5s）只是日常在地毯上推吸尘器，无任何避免液体/危险碎屑的提示。,,R1,completed,2026-07-28T02:28:46+08:00
VQ-084,How can liquids or hazardous debris be avoided when vacuuming?,en,Vacuum,safety,source_disjoint_test,vacuum-010-scene-0001,vacuum-010,0.0,74.7,0,,,no,6帧均为扫地机器人在室内硬地板上清扫，无液体或危险碎屑出现，也未提及如何避免。,,R1,completed,2026-07-28T02:28:46+08:00
VQ-084,How can liquids or hazardous debris be avoided when vacuuming?,en,Vacuum,safety,source_disjoint_test,vacuum-034-scene-0001,vacuum-034,0.0,5.005,0,,,no,全部6帧均为标题卡，无任何关于避免液体或危险碎屑的内容。,,R1,completed,2026-07-28T02:28:46+08:00
VQ-084,How can liquids or hazardous debris be avoided when vacuuming?,en,Vacuum,safety,source_disjoint_test,vacuum-034-scene-0006,vacuum-034,79.212,81.815,0,,,no,全部6帧（t=79.2s–81.8s）仅展示拆解维护操作，无液体或危险物规避的安全提示内容。,,R1,completed,2026-07-28T02:28:46+08:00
VQ-084,How can liquids or hazardous debris be avoided when vacuuming?,en,Vacuum,safety,source_disjoint_test,vacuum-034-scene-0007,vacuum-034,81.815,84.284,0,,,no,全部6帧（t=81.8s–84.3s）仅展示拆除吸尘器顶部橡胶塞的动作，与避免液体或危险碎屑的吸尘注意事项完全无关。,,R1,completed,2026-07-28T02:28:46+08:00
VQ-084,How can liquids or hazardous debris be avoided when vacuuming?,en,Vacuum,safety,source_disjoint_test,vacuum-034-scene-0015,vacuum-034,138.772,141.208,1,,,no,6帧（t=138.8s–141.2s）显示一只手拿着吸尘器内部组件，能看到彩色电线和黄色滤材，但画面未涉及液体或危险碎屑的规避说明。,AI=0→R1=1：吸尘器内部组件确实可见，但未涉及液体或危险碎屑规避。,R1,completed,2026-07-28T02:28:46+08:00
VQ-084,How can liquids or hazardous debris be avoided when vacuuming?,en,Vacuum,safety,source_disjoint_test,vacuum-034-scene-0024,vacuum-034,179.846,185.052,0,,,no,第1–6帧（t=179.8s–185.1s）全部是吸尘器底座硬件拆解画面，与“吸尘时如何避免液体或危险碎屑”完全无关。,,R1,completed,2026-07-28T02:28:46+08:00
VQ-084,How can liquids or hazardous debris be avoided when vacuuming?,en,Vacuum,safety,source_disjoint_test,vacuum-034-scene-0031,vacuum-034,256.556,280.514,0,,,no,全帧均为双手操作吸尘器内部多色电线连接器的拆装过程，无吸尘作业场景，也无液体或危险碎屑防护措施演示。,,R1,completed,2026-07-28T02:28:46+08:00
VQ-084,How can liquids or hazardous debris be avoided when vacuuming?,en,Vacuum,safety,source_disjoint_test,vacuum-038-scene-0001,vacuum-038,0.0,10.96,0,,,no,全部6帧（t=0.0s–10.9s）未涉及避免液体或危险碎屑的提示。,,R1,completed,2026-07-28T02:28:46+08:00
VQ-084,How can liquids or hazardous debris be avoided when vacuuming?,en,Vacuum,safety,source_disjoint_test,vacuum-038-scene-0006,vacuum-038,34.24,38.8,0,,,no,全部6帧（t=34.2s–38.8s）为充电前关闭吸尘器的安全提示，与避免吸入液体或危险碎屑无关。,,R1,completed,2026-07-28T02:28:46+08:00
VQ-084,How can liquids or hazardous debris be avoided when vacuuming?,en,Vacuum,safety,source_disjoint_test,vacuum-038-scene-0008,vacuum-038,47.72,54.8,0,,,no,全部6帧为白底文字警告，未出现吸尘器实物，也未涉及液体或危险碎屑规避内容。,,R1,completed,2026-07-28T02:28:46+08:00
VQ-084,How can liquids or hazardous debris be avoided when vacuuming?,en,Vacuum,safety,source_disjoint_test,vacuum-038-scene-0010,vacuum-038,65.24,71.28,1,,,no,画面中可见吸尘器主体，但6帧均为电池安装，未展示避免液体或危险碎屑的方法。,AI=0→R1=1：画面中可见吸尘器，但未展示避免液体或危险碎屑的方法。,R1,completed,2026-07-28T02:28:46+08:00
VQ-084,How can liquids or hazardous debris be avoided when vacuuming?,en,Vacuum,safety,source_disjoint_test,vacuum-039-scene-0003,vacuum-039,6.4,8.4,0,,,no,6帧均为吸尘器吸头正在吸取户外草屑/碎屑（t=6.4s至t=8.4s），画面反而展示了吸入可能不宜碎屑的场景，但未给出任何避免液体或危险碎屑的建议。,AI=1→R1=0：吸尘器吸碎屑画面与'如何避免吸入液体或危险碎屑'完全无关，画面未展示也未提及该话题。,R1,completed,2026-07-28T02:28:46+08:00
VQ-084,How can liquids or hazardous debris be avoided when vacuuming?,en,Vacuum,safety,source_disjoint_test,vacuum-039-scene-0012,vacuum-039,32.52,36.4,1,,,no,全部6帧均为红色吸尘器广告画面，未出现任何与液体或危险碎屑规避相关的安全演示。,AI=0→R1=1：画面中确实出现了吸尘器产品，但未展示该query所问的具体操作或部件。,R1,completed,2026-07-28T02:28:46+08:00
VQ-084,How can liquids or hazardous debris be avoided when vacuuming?,en,Vacuum,safety,source_disjoint_test,vacuum-039-scene-0019,vacuum-039,54.0,57.48,0,,,no,全6帧为极模糊的低画质画面，部分帧可见手持深色物体、玻璃窗后的人影及地面深色物品（疑似鞋子），无任何吸尘器或安全操作指导内容。,,R1,completed,2026-07-28T02:28:46+08:00
VQ-084,How can liquids or hazardous debris be avoided when vacuuming?,en,Vacuum,safety,source_disjoint_test,vacuum-039-scene-0027,vacuum-039,82.44,84.48,0,,,no,全部6帧（t=82.4s–84.5s）展示吸尘器在地面正常吸尘作业，未涉及避免吸入液体或危险碎屑的安全指导。,,R1,completed,2026-07-28T02:28:46+08:00
VQ-084,How can liquids or hazardous debris be avoided when vacuuming?,en,Vacuum,safety,source_disjoint_test,vacuum-039-scene-0029,vacuum-039,86.64,91.04,0,,,no,全部6帧（t=86.6s–91.0s）只是产品广告，无任何避免液体/危险碎屑的提示。,,R1,completed,2026-07-28T02:28:46+08:00
VQ-084,How can liquids or hazardous debris be avoided when vacuuming?,en,Vacuum,safety,source_disjoint_test,vacuum-044-scene-0001,vacuum-044,0.0,2.56,0,,,no,全部6帧（t=0.0s–2.6s）仅为Black & Decker PowerPro标题卡文字，无任何关于避免液体或危险碎屑的安全操作内容。,,R1,completed,2026-07-28T02:28:46+08:00
VQ-084,How can liquids or hazardous debris be avoided when vacuuming?,en,Vacuum,safety,source_disjoint_test,vacuum-044-scene-0002,vacuum-044,2.56,4.88,0,,,no,全部6帧（t=2.6s–4.9s）仅显示手持吸尘器在白背景中被持握，无液体或危险碎屑相关的警示信息。,,R1,completed,2026-07-28T02:28:46+08:00
VQ-084,How can liquids or hazardous debris be avoided when vacuuming?,en,Vacuum,safety,source_disjoint_test,vacuum-044-scene-0003,vacuum-044,4.88,8.96,0,,,no,第1帧为标题卡，第4-5帧为咖啡滤纸操作，未出现吸尘器或液体/危险碎屑规避内容。,,R1,completed,2026-07-28T02:28:46+08:00
VQ-084,How can liquids or hazardous debris be avoided when vacuuming?,en,Vacuum,safety,source_disjoint_test,vacuum-044-scene-0005,vacuum-044,12.08,17.68,0,,,no,全部6帧均为鸡蛋与刀刃的特写，未出现吸尘器或液体/危险碎屑规避内容。,,R1,completed,2026-07-28T02:28:46+08:00
VQ-084,How can liquids or hazardous debris be avoided when vacuuming?,en,Vacuum,safety,source_disjoint_test,vacuum-044-scene-0007,vacuum-044,20.8,26.24,0,,,no,第1–6帧（t=20.8s–26.2s）只显示灰色器具在玻璃杯液体中搅动，未出现吸尘器或吸尘时避液体的操作指导。,,R1,completed,2026-07-28T02:28:46+08:00
VQ-084,How can liquids or hazardous debris be avoided when vacuuming?,en,Vacuum,safety,source_disjoint_test,vacuum-053-scene-0001,vacuum-053,0.0,28.53,0,,,no,6帧未提供避免液体或危险碎屑的说明。,,R1,completed,2026-07-28T02:28:46+08:00
VQ-084,How can liquids or hazardous debris be avoided when vacuuming?,en,Vacuum,safety,source_disjoint_test,vacuum-058-scene-0002,vacuum-058,2.08,4.52,0,,,no,6帧未提供避免液体或危险碎屑的说明或视觉提示。,,R1,completed,2026-07-28T02:28:46+08:00
VQ-084,How can liquids or hazardous debris be avoided when vacuuming?,en,Vacuum,safety,source_disjoint_test,vacuum-058-scene-0003,vacuum-058,4.52,6.8,1,,,no,6帧仅展示吸尘器清洁地毯，未出现液体、危险碎屑或避免方法。,,R1,completed,2026-07-28T02:28:46+08:00
VQ-084,How can liquids or hazardous debris be avoided when vacuuming?,en,Vacuum,safety,source_disjoint_test,vacuum-058-scene-0004,vacuum-058,6.8,9.72,1,,,no,第1–2帧及第6帧（t=6.8s、7.4s、9.7s）展示了手持吸尘器产品（集尘仓特写），第4–5帧（t=8.6s–9.1s）展示手持和挂墙操作，但未涉及液体或危险废弃物规避方法。,,R1,completed,2026-07-28T02:28:46+08:00
VQ-084,How can liquids or hazardous debris be avoided when vacuuming?,en,Vacuum,safety,source_disjoint_test,vacuum-060-scene-0001,vacuum-060,0.0,3.67,1,,,no,画面中可见吸尘器在木地板上使用，但未出现液体、危险碎屑或避免方法。,,R1,completed,2026-07-28T02:28:46+08:00
VQ-084,How can liquids or hazardous debris be avoided when vacuuming?,en,Vacuum,safety,source_disjoint_test,vacuum-060-scene-0003,vacuum-060,6.673,8.709,1,,,no,6帧（t=6.7s–8.7s）中吸尘器产品在使用中出现，但画面未展示任何规避液体或危险废弃物的安全措施。,,R1,completed,2026-07-28T02:28:46+08:00
VQ-084,How can liquids or hazardous debris be avoided when vacuuming?,en,Vacuum,safety,source_disjoint_test,vacuum-060-scene-0005,vacuum-060,19.219,24.024,1,,,no,全部6帧（t=19.2s–24.1s）展示吸尘器在地毯和沙发旁的使用场景，但未提及或演示任何液体或危险碎片的规避方法。,,R1,completed,2026-07-28T02:28:46+08:00
VQ-085,怎样把衣物放入洗衣机并避免过载？,zh-CN,Washing Machine,operation,development,washing-001-scene-0001,washing-001,0.0,15.78,0,,,no,全部6帧均为两台大型不锈钢工业洗衣机的静态并列外观镜头，无任何人手、衣物或装载操作出现。,,R1,completed,2026-07-28T02:28:46+08:00
VQ-085,怎样把衣物放入洗衣机并避免过载？,zh-CN,Washing Machine,operation,development,washing-002-scene-0001,washing-002,0.0,23.61,1,,,no,第1、3–6帧可见多台Beko洗衣机在运行，第2帧有粉色洗衣篮，但无任何人手投放衣物或讲解过载避免的操作。,,R1,completed,2026-07-28T02:28:46+08:00
VQ-085,怎样把衣物放入洗衣机并避免过载？,zh-CN,Washing Machine,operation,development,washing-003-scene-0001,washing-003,0.0,26.94,1,,,no,6帧均显示一台白色AEG滚筒洗衣机及周围散落的衣物、洗涤剂盒，但未出现把衣物放入内筒的动作，也没有避免过载的演示。,,R1,completed,2026-07-28T02:28:46+08:00
VQ-085,怎样把衣物放入洗衣机并避免过载？,zh-CN,Washing Machine,operation,development,washing-007-scene-0001,washing-007,0.0,3.767,0,,,no,6帧均为老式木制金属纺织滚筒压干机及格子布，未展示把衣物放入洗衣机的动作。,,R1,completed,2026-07-28T02:28:46+08:00
VQ-085,怎样把衣物放入洗衣机并避免过载？,zh-CN,Washing Machine,operation,development,washing-007-scene-0002,washing-007,3.767,7.87,0,,,no,6帧均为木质房间内一台带曲柄的老式木桶手动洗衣装置，未展示现代洗衣机装衣动作。,,R1,completed,2026-07-28T02:28:46+08:00
VQ-085,怎样把衣物放入洗衣机并避免过载？,zh-CN,Washing Machine,operation,development,washing-009-scene-0001,washing-009,0.0,30.45,0,,,no,6帧均显示洗涤剂抽屉特写与倒洗衣液动作，未见衣物或装载过程。,,R1,completed,2026-07-28T02:28:46+08:00
VQ-085,怎样把衣物放入洗衣机并避免过载？,zh-CN,Washing Machine,operation,development,washing-011-scene-0001,washing-011,0.0,14.017,0,,,no,前5帧为黑屏标题卡（Asko W6567型号名及挪威语离心描述文字），第6帧仅静态展示整机外观，无衣物投放演示。,,R1,completed,2026-07-28T02:28:46+08:00
VQ-085,怎样把衣物放入洗衣机并避免过载？,zh-CN,Washing Machine,operation,development,washing-011-scene-0002,washing-011,14.017,102.57,1,,,no,6帧均显示洗衣机运行中，滚筒内衣物翻滚，但未展示放入衣物过程或避免过载的指引。,,R1,completed,2026-07-28T02:28:46+08:00
VQ-085,怎样把衣物放入洗衣机并避免过载？,zh-CN,Washing Machine,operation,development,washing-030-scene-0001,washing-030,0.0,914.77,0,,,no,第1帧和第6帧（t=0.0s、t=914.8s）显示手举一张衣物护理标签说明表，第2–5帧为空滚筒内部，全程无任何衣物投放或过载相关操作。,,R1,completed,2026-07-28T02:28:46+08:00
VQ-085,怎样把衣物放入洗衣机并避免过载？,zh-CN,Washing Machine,operation,development,washing-034-scene-0001,washing-034,0.0,168.73,0,,,no,第2–5帧（t=33.7s–134.9s）显示衣物已在滚筒内翻滚，但无投放衣物的动作或避免过载的指导。,,R1,completed,2026-07-28T02:28:46+08:00
VQ-085,怎样把衣物放入洗衣机并避免过载？,zh-CN,Washing Machine,operation,development,washing-049-scene-0001,washing-049,0.0,60.143,0,,,no,第1帧为LG tub clean标题卡，后续帧为清洁剂示意图与抽屉图，未见衣物装载。,,R1,completed,2026-07-28T02:28:46+08:00
VQ-085,怎样把衣物放入洗衣机并避免过载？,zh-CN,Washing Machine,operation,development,washing-049-scene-0002,washing-049,60.143,112.66,0,,,no,场景内容为LG洗衣机Tub Clean滚筒清洁程序的说明（控制面板图示、滚筒运转、保养提示），未展示衣物投放或过载避免方法。,AI=1→R1=0：ASR虽提到'Tub Clean时不要放衣物'，但这不是关于如何投放衣物和避免过载的一般性回答，场景核心是滚筒清洁。,R1,completed,2026-07-28T02:28:46+08:00
VQ-085,怎样把衣物放入洗衣机并避免过载？,zh-CN,Washing Machine,operation,development,washing-051-scene-0002,washing-051,88.355,94.261,0,,,no,第1-6帧（t=88.4s-94.3s）均显示一只紫色袜子卡在门封与机体之间，未展示放入衣物或避免过载的动作。,,R1,completed,2026-07-28T02:28:46+08:00
VQ-085,怎样把衣物放入洗衣机并避免过载？,zh-CN,Washing Machine,operation,development,washing-051-scene-0004,washing-051,150.283,158.892,0,,,no,6帧为洗衣机背部进水管路与过滤器排查，未见衣物装载。,,R1,completed,2026-07-28T02:28:46+08:00
VQ-085,怎样把衣物放入洗衣机并避免过载？,zh-CN,Washing Machine,operation,development,washing-051-scene-0005,washing-051,158.892,167.934,0,,,no,6帧均为“Water is Not Filling Properly”故障排查画面，未见衣物装载。,,R1,completed,2026-07-28T02:28:46+08:00
VQ-085,怎样把衣物放入洗衣机并避免过载？,zh-CN,Washing Machine,operation,development,washing-051-scene-0008,washing-051,189.956,203.103,0,,,no,6帧均为洗衣机底部排水过滤器与排水管维修画面，未出现衣物装载。,,R1,completed,2026-07-28T02:28:46+08:00
VQ-085,怎样把衣物放入洗衣机并避免过载？,zh-CN,Washing Machine,operation,development,washing-051-scene-0012,washing-051,254.154,299.299,1,,,no,画面以文字提示“wash articles of similar weight together”与平衡负载说明为主，未展示实际放入衣物或避免过载的动作。,AI=2→R1=1：仅有文字提示同类重量衣物一起洗，未实际演示放入衣物或避免过载。,R1,completed,2026-07-28T02:28:46+08:00
VQ-085,怎样把衣物放入洗衣机并避免过载？,zh-CN,Washing Machine,operation,development,washing-051-scene-0013,washing-051,299.299,307.007,0,,,no,6帧均为洗衣机外观与“Thank You”结束画面，未展示装载衣物。,,R1,completed,2026-07-28T02:28:46+08:00
VQ-085,怎样把衣物放入洗衣机并避免过载？,zh-CN,Washing Machine,operation,development,washing-052-scene-0001,washing-052,0.0,454.41,0,,,no,全部6帧均为Indesit滚筒洗衣机的拆解画面（拉出的洗涤剂抽屉、内部线束、电机、排水软管），无任何衣物投放或过载相关内容。,,R1,completed,2026-07-28T02:28:46+08:00
VQ-085,怎样把衣物放入洗衣机并避免过载？,zh-CN,Washing Machine,operation,development,washing-056-scene-0003,washing-056,7.92,11.68,1,,,no,第2帧（t=8.7s）人物打开洗衣机门伸手进入滚筒，似在取放衣物，但未展示如何避免过载的具体方法。,,R1,completed,2026-07-28T02:28:46+08:00
VQ-085,怎样把衣物放入洗衣机并避免过载？,zh-CN,Washing Machine,operation,development,washing-056-scene-0004,washing-056,11.68,17.8,0,,,no,全部6帧为手指转动洗衣机程序旋钮选择不同洗涤程序的画面，与投放衣物或避免过载无关。,,R1,completed,2026-07-28T02:28:46+08:00
VQ-085,怎样把衣物放入洗衣机并避免过载？,zh-CN,Washing Machine,operation,development,washing-056-scene-0007,washing-056,28.6,33.68,0,,,no,全部6帧为手指按压按钮调整漂洗次数（rinse count）的画面，显示屏数字从2变至5再回到2，与衣物投放无关。,,R1,completed,2026-07-28T02:28:46+08:00
VQ-085,怎样把衣物放入洗衣机并避免过载？,zh-CN,Washing Machine,operation,development,washing-056-scene-0011,washing-056,44.52,47.84,0,,,no,全部6帧均为手指在控制面板上操作'Delay End'（延迟结束）功能的画面，与投放衣物或避免过载完全无关。,,R1,completed,2026-07-28T02:28:46+08:00
VQ-085,怎样把衣物放入洗衣机并避免过载？,zh-CN,Washing Machine,operation,development,washing-056-scene-0015,washing-056,60.12,65.44,0,,,no,所有6帧（t=60.1s-65.4s）均为手持智能手机显示洗衣应用界面的特写，未出现洗衣机舱门或衣物装载画面。,,R1,completed,2026-07-28T02:28:46+08:00
VQ-085,怎样把衣物放入洗衣机并避免过载？,zh-CN,Washing Machine,operation,development,washing-056-scene-0016,washing-056,65.44,68.68,0,,,no,全部6帧（t=65.4s–68.7s）均为控制面板特写，手指在选择快速洗涤参数，无衣物投放或过载相关内容。,,R1,completed,2026-07-28T02:28:46+08:00
VQ-085,怎样把衣物放入洗衣机并避免过载？,zh-CN,Washing Machine,operation,development,washing-062-scene-0001,washing-062,0.0,22.923,1,,,no,第5帧（t=18.3s）出现“Wrinkling Drum is Overloaded”文字与舱门上的橙色叉号提示过载，但全程未演示放入衣物动作。,AI=2→R1=1，画面仅提示过载概念而未实际演示装载衣物。,R1,completed,2026-07-28T02:28:46+08:00
VQ-085,怎样把衣物放入洗衣机并避免过载？,zh-CN,Washing Machine,operation,development,washing-062-scene-0003,washing-062,36.036,54.554,0,,,no,6帧显示LG洗衣机及“Wrinkling”文字卡，未展示把衣物放入洗衣机及避免过载。,,R1,completed,2026-07-28T02:28:46+08:00
VQ-085,怎样把衣物放入洗衣机并避免过载？,zh-CN,Washing Machine,operation,development,washing-062-scene-0005,washing-062,60.727,96.563,1,,,no,6帧均显示一台白色LG滚筒洗衣机及“Poor Stain Removal/Staining/按颜色分类”等故障排查文字卡，未出现放入衣物或过载相关画面。,,R1,completed,2026-07-28T02:28:46+08:00
VQ-085,怎样把衣物放入洗衣机并避免过载？,zh-CN,Washing Machine,operation,development,washing-062-scene-0006,washing-062,96.563,100.467,0,,,no,6帧均显示白色LG洗衣机及“Staining Bleach or Softener Not Added Properly”文字卡，未出现装衣动作或过载提示。,,R1,completed,2026-07-28T02:28:46+08:00
VQ-086,Which washing-machine detergent-drawer compartment should receive detergent?,en,Washing Machine,operation,development,washing-001-scene-0001,washing-001,0.0,15.78,0,,,no,工业洗衣机外观镜头中未见洗涤剂抽屉或任何投料口分区标识。,,R1,completed,2026-07-28T02:28:46+08:00
VQ-086,Which washing-machine detergent-drawer compartment should receive detergent?,en,Washing Machine,operation,development,washing-002-scene-0001,washing-002,0.0,23.61,0,,,no,自助洗衣房场景中多台洗衣机在运行，但视角均为整机或滚筒门，看不到洗涤剂抽屉。,,R1,completed,2026-07-28T02:28:46+08:00
VQ-086,Which washing-machine detergent-drawer compartment should receive detergent?,en,Washing Machine,operation,development,washing-003-scene-0001,washing-003,0.0,26.94,0,,,no,6帧只看到洗衣机外观、控制面板和洗涤剂包装盒，未展示洗涤剂抽屉及其各隔间。,AI=1→R1=0：6帧均未出现洗涤剂抽屉，无法回答哪个隔间应放洗涤剂。,R1,completed,2026-07-28T02:28:46+08:00
VQ-086,Which washing-machine detergent-drawer compartment should receive detergent?,en,Washing Machine,operation,development,washing-007-scene-0001,washing-007,0.0,3.767,0,,,no,6帧中该压干机没有洗涤剂抽屉。,,R1,completed,2026-07-28T02:28:46+08:00
VQ-086,Which washing-machine detergent-drawer compartment should receive detergent?,en,Washing Machine,operation,development,washing-007-scene-0002,washing-007,3.767,7.87,0,,,no,6帧中该老式装置没有洗涤剂抽屉结构。,,R1,completed,2026-07-28T02:28:46+08:00
VQ-086,Which washing-machine detergent-drawer compartment should receive detergent?,en,Washing Machine,operation,development,washing-009-scene-0001,washing-009,0.0,30.45,3,6.1,18.3,no,第2帧（t=6.1s）与第5帧（t=18.3s）清晰显示手将洗衣液倒入洗涤剂抽屉的特定格槽，直接回答“哪个格槽应放洗涤剂”。,AI时间0.0-30.45s→R1时间6.1-18.3s，仅倒洗涤剂动作帧直接回答该问题。,R1,completed,2026-07-28T02:28:46+08:00
VQ-086,Which washing-machine detergent-drawer compartment should receive detergent?,en,Washing Machine,operation,development,washing-011-scene-0001,washing-011,0.0,14.017,0,,,no,全部帧为黑屏文字标题卡（Asko W6567及挪威语说明）加一帧整机外观，未出现洗涤剂抽屉或其分格标识。,,R1,completed,2026-07-28T02:28:46+08:00
VQ-086,Which washing-machine detergent-drawer compartment should receive detergent?,en,Washing Machine,operation,development,washing-011-scene-0002,washing-011,14.017,102.57,0,,,no,6帧均为洗衣机前门/滚筒运行画面，未展示洗涤剂抽屉或compartment。,,R1,completed,2026-07-28T02:28:46+08:00
VQ-086,Which washing-machine detergent-drawer compartment should receive detergent?,en,Washing Machine,operation,development,washing-030-scene-0001,washing-030,0.0,914.77,0,,,no,全部6帧中均未出现洗涤剂抽屉，仅第1、6帧展示了一张带编号格子的织物护理标签，与洗涤剂抽屉仓位无关。,AI=1→R1=0：画面无洗涤剂抽屉出现，护理标签并非抽屉组件，不应给分。,R1,completed,2026-07-28T02:28:46+08:00
VQ-086,Which washing-machine detergent-drawer compartment should receive detergent?,en,Washing Machine,operation,development,washing-034-scene-0001,washing-034,0.0,168.73,0,,,no,全部6帧视角均在滚筒内部，看不到机身正面的洗涤剂抽屉及其仓位划分。,,R1,completed,2026-07-28T02:28:46+08:00
VQ-086,Which washing-machine detergent-drawer compartment should receive detergent?,en,Washing Machine,operation,development,washing-049-scene-0001,washing-049,0.0,60.143,3,35.6,36.6,no,第4帧（t=36.1s）清晰展示洗涤剂抽屉结构图并标注各格槽用途，直接说明洗涤剂应放入哪个compartment。,AI=2→R1=3：抽屉结构图明确标注各compartment用途，直接完整回答。,R1,completed,2026-07-28T02:28:46+08:00
VQ-086,Which washing-machine detergent-drawer compartment should receive detergent?,en,Washing Machine,operation,development,washing-049-scene-0002,washing-049,60.143,112.66,0,,,no,LG控制面板图示和Tub Clean说明中未提及洗涤剂抽屉及其仓位划分。,,R1,completed,2026-07-28T02:28:46+08:00
VQ-086,Which washing-machine detergent-drawer compartment should receive detergent?,en,Washing Machine,operation,development,washing-051-scene-0008,washing-051,189.956,203.103,0,,,no,第1-6帧（t=190.0s-203.1s）均显示洗衣机底部排水泵过滤器舱门、过滤器与排水管，未出现洗涤剂抽屉。,AI=2→R1=0，联系表帧中未见洗涤剂抽屉。,R1,completed,2026-07-28T02:28:46+08:00
VQ-086,Which washing-machine detergent-drawer compartment should receive detergent?,en,Washing Machine,operation,development,washing-051-scene-0010,washing-051,231.565,241.975,2,231.6,241.975,no,帧0(t=231.6s)和帧5(t=242.0s)展示LG洗衣机蓝色洗涤剂抽屉已拉出，可见三个圆形分配格；中段帧1-4为水龙头下清洗抽屉场景。抽屉分配格可见，但具体哪格对应洗涤剂未明示标签。,时间按实际证据片段重定位,R1,completed,2026-07-28T02:28:46+08:00
VQ-086,Which washing-machine detergent-drawer compartment should receive detergent?,en,Washing Machine,operation,development,washing-051-scene-0011,washing-051,241.975,254.154,1,,,no,第2、3、6帧（t=244.4s-254.2s）用黄框标出洗涤剂抽屉位置，但未展示抽屉内部隔间或哪个隔间应放洗涤剂。,AI=2→R1=1，画面仅标示抽屉位置，未说明具体隔间。,R1,completed,2026-07-28T02:28:46+08:00
VQ-086,Which washing-machine detergent-drawer compartment should receive detergent?,en,Washing Machine,operation,development,washing-052-scene-0001,washing-052,0.0,454.41,1,,,no,第1帧（t=0.0s）和第6帧（t=454.1s）展示了已拉出的Indesit洗涤剂抽屉，可见Pre-wash/Main Wash/Softener分格标签，但场景上下文是拆解而非使用教学，未明确指出哪一格放洗涤剂。,,R1,completed,2026-07-28T02:28:46+08:00
VQ-086,Which washing-machine detergent-drawer compartment should receive detergent?,en,Washing Machine,operation,development,washing-056-scene-0001,washing-056,0.0,5.2,0,,,no,6帧均为三星洗衣机置于厨房内的静态全景，帧4出现广告语'Selecting wash cycles with'、帧5'SAMSUNG'Logo，无洗涤剂分配格信息。,,R1,completed,2026-07-28T02:28:46+08:00
VQ-086,Which washing-machine detergent-drawer compartment should receive detergent?,en,Washing Machine,operation,development,washing-056-scene-0002,washing-056,5.2,7.92,0,,,no,6帧均为三星电器顶部前角特写及品牌Logo，无洗涤剂抽屉内容。,,R1,completed,2026-07-28T02:28:46+08:00
VQ-086,Which washing-machine detergent-drawer compartment should receive detergent?,en,Washing Machine,operation,development,washing-056-scene-0003,washing-056,7.92,11.68,0,,,no,6帧中均未出现洗涤剂抽屉组件，画面内容为旋钮选择、开门、控制面板操作，与抽屉仓位问题无关。,AI=1→R1=0：洗涤剂抽屉完全未出现在画面中，虽然洗衣机产品出现，但与该查询无任何关联。,R1,completed,2026-07-28T02:28:46+08:00
VQ-086,Which washing-machine detergent-drawer compartment should receive detergent?,en,Washing Machine,operation,development,washing-062-scene-0001,washing-062,0.0,22.923,0,,,no,6帧均为标题卡、洗衣机外观与控制面板，未出现洗涤剂抽屉或任何隔间标识。,,R1,completed,2026-07-28T02:28:46+08:00
VQ-086,Which washing-machine detergent-drawer compartment should receive detergent?,en,Washing Machine,operation,development,washing-062-scene-0006,washing-062,96.563,100.467,2,96.6,100.467,no,6帧（t=96.6s–100.5s）的白色LG洗衣机画面叠加“Never add bleach or softener directly into the drum”与“dedicated dispenser”文字，提示应使用专用分配器，但未实际展示抽屉隔间。,AI时间96.563-100.467→R1时间96.6-100.467：按联系表首帧标注t=96.6s修正开始时间；等级同为2。,R1,completed,2026-07-28T02:28:46+08:00
VQ-086,Which washing-machine detergent-drawer compartment should receive detergent?,en,Washing Machine,operation,development,washing-062-scene-0007,washing-062,100.467,126.793,3,105.7,116.3,no,帧1-3(t=105.7-116.3s)显示LG洗衣机洗涤剂抽屉已拉出，可见'Manual Dispenser'与'Softener Dispenser'分配格标签，但主洗格对应洗涤剂的标识未明确标出。,"AI=3→R1=2：两格标签可见(Manual/Softener)，但主洗格对应洗涤剂未明确标识，无法直接完整回答。 | 第三轮仲裁修正：R1原记录 等级=2 时间=[105.7,116.3] 泄漏=no → 仲裁 等级=3 时间=[105.7,116.3] 泄漏=no。理由：帧1-3清晰显示""Manual Dispenser""被绿色高亮框标注，直接指示洗涤剂应放入该隔间，采纳复核方等级3。",R1,completed,2026-07-28T20:35:21+08:00
VQ-087,怎样选择洗涤程序并启动洗衣机？,zh-CN,Washing Machine,operation,development,washing-001-scene-0001,washing-001,0.0,15.78,1,,,no,画面中工业洗衣机的控制面板和按钮可见，但全程无人操作面板或选择程序，仅静态展示产品外观。,,R1,completed,2026-07-28T02:28:46+08:00
VQ-087,怎样选择洗涤程序并启动洗衣机？,zh-CN,Washing Machine,operation,development,washing-002-scene-0001,washing-002,0.0,23.61,1,,,no,多台洗衣机正在运行（第1、3–6帧可见衣物在滚筒内翻滚），但无人操作控制面板选择程序或启动。,,R1,completed,2026-07-28T02:28:46+08:00
VQ-087,怎样选择洗涤程序并启动洗衣机？,zh-CN,Washing Machine,operation,development,washing-003-scene-0001,washing-003,0.0,26.94,1,,,no,6帧显示洗衣机正在运行、面板倒计时，但未展示如何选择程序或按下启动键的动作。,,R1,completed,2026-07-28T02:28:46+08:00
VQ-087,怎样选择洗涤程序并启动洗衣机？,zh-CN,Washing Machine,operation,development,washing-007-scene-0001,washing-007,0.0,3.767,0,,,no,6帧中该设备无程序选择或启动操作。,,R1,completed,2026-07-28T02:28:46+08:00
VQ-087,怎样选择洗涤程序并启动洗衣机？,zh-CN,Washing Machine,operation,development,washing-007-scene-0002,washing-007,3.767,7.87,0,,,no,6帧中该老式装置无程序选择界面或启动操作。,,R1,completed,2026-07-28T02:28:46+08:00
VQ-087,怎样选择洗涤程序并启动洗衣机？,zh-CN,Washing Machine,operation,development,washing-009-scene-0001,washing-009,0.0,30.45,1,,,no,6帧仅展示倒洗衣液进洗涤剂盒，未见控制面板操作或程序选择、启动按压动作。,,R1,completed,2026-07-28T02:28:46+08:00
VQ-087,怎样选择洗涤程序并启动洗衣机？,zh-CN,Washing Machine,operation,development,washing-011-scene-0001,washing-011,0.0,14.017,0,,,no,画面仅为型号标题卡和静态整机镜头，未展示控制面板操作或程序选择过程。,,R1,completed,2026-07-28T02:28:46+08:00
VQ-087,怎样选择洗涤程序并启动洗衣机？,zh-CN,Washing Machine,operation,development,washing-011-scene-0002,washing-011,14.017,102.57,0,,,no,画面仅展示洗衣机运行，未见控制面板、程序旋钮或启动按压动作。,,R1,completed,2026-07-28T02:28:46+08:00
VQ-087,怎样选择洗涤程序并启动洗衣机？,zh-CN,Washing Machine,operation,development,washing-030-scene-0001,washing-030,0.0,914.77,0,,,no,所有帧均为空滚筒或护理标签，无控制面板操作、旋钮转动或启动按钮按压等程序选择动作。,,R1,completed,2026-07-28T02:28:46+08:00
VQ-087,怎样选择洗涤程序并启动洗衣机？,zh-CN,Washing Machine,operation,development,washing-034-scene-0001,washing-034,0.0,168.73,1,,,no,第2–5帧可见洗衣机处于运行状态（衣物在滚筒内带水翻滚），但无人操作控制面板选择程序或按启动键。,,R1,completed,2026-07-28T02:28:46+08:00
VQ-087,怎样选择洗涤程序并启动洗衣机？,zh-CN,Washing Machine,operation,development,washing-049-scene-0001,washing-049,0.0,60.143,1,,,no,6帧主要为标题卡、产品示意图与洗衣机外观，未见手按电源或选择程序的操作画面。,AI=2→R1=1：画面未实际展示选择程序或启动操作，仅出现洗衣机外观。,R1,completed,2026-07-28T02:28:46+08:00
VQ-087,怎样选择洗涤程序并启动洗衣机？,zh-CN,Washing Machine,operation,development,washing-049-scene-0002,washing-049,60.143,112.66,3,60.143,112.66,no,第1–2帧和第6帧（t=60.1s、70.6s、112.7s）展示LG控制面板旋钮及TCL显示，ASR同步讲解按电源→转到Tub Clean→关门→按启动的完整步骤，第3帧还展示滚筒正在运转。,时间按实际证据片段重定位,R1,completed,2026-07-28T02:28:46+08:00
VQ-087,怎样选择洗涤程序并启动洗衣机？,zh-CN,Washing Machine,operation,development,washing-051-scene-0001,washing-051,0.0,88.355,1,,,no,第1帧（t=0.0s）展示房间内LG洗衣机全景；第2–6帧（t=17.7s–88.4s）依次展示'Reset Control'、'Power Down'（含电源插头和断路器图）、'Buttons Not Functioning'等故障排查内容；ASR虽提及重启后选择程序，但画面未实际演示程序选择或启动动作。,AI=2→R1=1：ASR仅口头提及重启后选择程序，画面实际展示的是重置控制、电源问题和按键故障排查，未演示程序选择或启动操作。,R1,completed,2026-07-28T02:28:46+08:00
VQ-087,怎样选择洗涤程序并启动洗衣机？,zh-CN,Washing Machine,operation,development,washing-051-scene-0002,washing-051,88.355,94.261,0,,,no,画面标题为“Buttons Not Functioning”，全程展示卡在门封的袜子，未出现程序选择或启动操作。,,R1,completed,2026-07-28T02:28:46+08:00
VQ-087,怎样选择洗涤程序并启动洗衣机？,zh-CN,Washing Machine,operation,development,washing-051-scene-0003,washing-051,94.261,150.283,0,,,no,场景为'Buttons Not Functioning'/'Drum Stopping'/'Door is Locked'故障排除标题，未演示洗涤程序选择与启动操作。,,R1,completed,2026-07-28T02:28:46+08:00
VQ-087,怎样选择洗涤程序并启动洗衣机？,zh-CN,Washing Machine,operation,development,washing-051-scene-0008,washing-051,189.956,203.103,0,,,no,画面为排水故障维修，未展示程序面板或启动操作。,,R1,completed,2026-07-28T02:28:46+08:00
VQ-087,怎样选择洗涤程序并启动洗衣机？,zh-CN,Washing Machine,operation,development,washing-051-scene-0010,washing-051,231.565,241.975,1,,,no,场景全程为洗涤剂抽屉在水龙头下清洗，未演示任何洗涤程序选择或启动操作。,,R1,completed,2026-07-28T02:28:46+08:00
VQ-087,怎样选择洗涤程序并启动洗衣机？,zh-CN,Washing Machine,operation,development,washing-051-scene-0011,washing-051,241.975,254.154,0,,,no,画面主题为“Detergent Not Dispensing Properly”，展示洗涤剂瓶与制造商指南，未出现程序选择或启动操作。,,R1,completed,2026-07-28T02:28:46+08:00
VQ-087,怎样选择洗涤程序并启动洗衣机？,zh-CN,Washing Machine,operation,development,washing-052-scene-0001,washing-052,0.0,454.41,1,,,no,全部6帧均为拆解画面，洗衣机机身出现但控制面板未被操作或展示，无法回答如何选择程序或启动机器。,,R1,completed,2026-07-28T02:28:46+08:00
VQ-087,怎样选择洗涤程序并启动洗衣机？,zh-CN,Washing Machine,operation,development,washing-056-scene-0004,washing-056,11.68,17.8,2,11.7,17.1,no,全部6帧（t=11.7s–17.1s）连续展示手转动程序旋钮依次经过Cotton、Super Speed、15' Quick Wash、Intensive Cold Wash、Self Clean+等程序，清晰演示了通过旋转旋钮选择洗涤程序的操作。,时间按实际证据片段重定位,R1,completed,2026-07-28T02:28:46+08:00
VQ-087,怎样选择洗涤程序并启动洗衣机？,zh-CN,Washing Machine,operation,development,washing-056-scene-0009,washing-056,38.36,41.04,2,38.4,41.0,no,帧1-4(t=38.9-40.5s)清晰呈现手指按压控制面板按钮，叠加文字'Choose from available options including intensive pre wash and bubble soak'展示洗涤选项；但未见明确启动操作。,时间按实际证据片段重定位,R1,completed,2026-07-28T02:28:46+08:00
VQ-087,怎样选择洗涤程序并启动洗衣机？,zh-CN,Washing Machine,operation,development,washing-056-scene-0010,washing-056,41.04,44.52,1,,,no,全部6帧（t=41.0s–44.5s）显示控制面板屏幕在Pre Wash/Bubble Soak/Intensive等附加选项间切换，文字叠加层提示'Choose from available options'，但未展示主程序旋钮选择或启动操作。,AI=2→R1=1：仅显示附加功能选项（预洗/气泡浸泡/加强）的开关切换，未演示主洗涤程序选择或启动步骤。,R1,completed,2026-07-28T02:28:46+08:00
VQ-087,怎样选择洗涤程序并启动洗衣机？,zh-CN,Washing Machine,operation,development,washing-056-scene-0015,washing-056,60.12,65.44,2,60.12,65.44,no,第1-6帧（t=60.1s-65.4s）显示手指在手机洗衣应用中选择“Quick Wash”等洗涤选项并点击确认，但未见洗衣机实际启动反馈。,,R1,completed,2026-07-28T02:28:46+08:00
VQ-087,怎样选择洗涤程序并启动洗衣机？,zh-CN,Washing Machine,operation,development,washing-056-scene-0016,washing-056,65.44,68.68,2,65.44,68.68,no,6帧（t=65.4s–68.7s）完整展示手指在控制面板上按压按钮选择'15' Quick Wash'程序并调节温度档位（Co 3→4→5）和时间（15min→20min），但未显示最终按'启动'键的动作。,AI=3→R1=2：画面清晰演示了选择快速洗涤程序和调节参数的过程，但缺少按启动键启动洗衣机的最后一步，因此为部分回答。,R1,completed,2026-07-28T02:28:46+08:00
VQ-087,怎样选择洗涤程序并启动洗衣机？,zh-CN,Washing Machine,operation,development,washing-062-scene-0002,washing-062,22.923,36.036,1,,,no,全部6帧（t=22.9s–36.0s）均为LG洗衣机控制面板上调整Spin Speed（转速）的操作演示，画面显示手指在1600/No/400/800选项间切换以减少褶皱，未展示洗涤程序选择或启动操作。,AI=2→R1=1：画面仅演示转速调整以减少褶皱，未涉及选择洗涤程序或按启动键。,R1,completed,2026-07-28T02:28:46+08:00
VQ-087,怎样选择洗涤程序并启动洗衣机？,zh-CN,Washing Machine,operation,development,washing-062-scene-0006,washing-062,96.563,100.467,0,,,no,6帧未展示选择洗涤程序或启动操作。,,R1,completed,2026-07-28T02:28:46+08:00
VQ-087,怎样选择洗涤程序并启动洗衣机？,zh-CN,Washing Machine,operation,development,washing-062-scene-0007,washing-062,100.467,126.793,1,,,no,场景全程展示洗涤剂抽屉使用，未演示任何洗涤程序选择或启动操作。,,R1,completed,2026-07-28T02:28:46+08:00
VQ-088,What do washing-machine filling and washing states look like?,en,Washing Machine,state,development,washing-001-scene-0001,washing-001,0.0,15.78,1,,,no,工业洗衣机以静态镜头展示，圆形门和控制面板可见但机器未运行，无任何进水或洗涤状态的视觉表现。,,R1,completed,2026-07-28T02:28:46+08:00
VQ-088,What do washing-machine filling and washing states look like?,en,Washing Machine,state,development,washing-002-scene-0001,washing-002,0.0,23.61,2,0.0,23.6,no,第1、3–6帧（t=0.0s–23.6s）多台洗衣机滚筒内可见衣物正在翻滚，直观展示了洗涤状态的外观；但进水状态（水流注入滚筒）未被单独呈现。,时间按实际证据片段重定位,R1,completed,2026-07-28T02:28:46+08:00
VQ-088,What do washing-machine filling and washing states look like?,en,Washing Machine,state,development,washing-003-scene-0001,washing-003,0.0,26.94,2,0.0,26.9,no,6帧（t=0.0s–26.9s）显示洗衣机滚筒在转动、控制面板有倒计时，呈现了洗涤运行状态，但未清晰展示进水填充过程。,AI时间0.0-26.94→R1时间0.0-26.9：按联系表最后一帧标注t=26.9s修正结束时间；等级同为2。,R1,completed,2026-07-28T02:28:46+08:00
VQ-088,What do washing-machine filling and washing states look like?,en,Washing Machine,state,development,washing-007-scene-0001,washing-007,0.0,3.767,0,,,no,6帧显示的是纺织压干机辊压格子布，并非洗衣机的进水或洗涤状态。,AI=1→R1=0：画面为老式纺织压干机辊压布料，并非洗衣机进水或洗涤状态。,R1,completed,2026-07-28T02:28:46+08:00
VQ-088,What do washing-machine filling and washing states look like?,en,Washing Machine,state,development,washing-007-scene-0002,washing-007,3.767,7.87,1,,,no,6帧（t=3.8s–7.9s）显示有人转动曲柄操作老式木桶洗衣装置，可视为一种洗涤运行状态，但并非现代洗衣机的进水/洗涤状态。,AI=0→R1=1：画面为老式木桶手动洗衣装置被曲柄操作，可视作一种洗涤运行状态，但并非现代洗衣机状态。 | 第三轮仲裁复核：维持R1原判（等级/时间/泄漏均确认无误）。,R1,completed,2026-07-28T20:35:21+08:00
VQ-088,What do washing-machine filling and washing states look like?,en,Washing Machine,state,development,washing-009-scene-0001,washing-009,0.0,30.45,0,,,no,联系表全部为洗涤剂抽屉特写与倒液动作，未呈现洗衣机进水或运转洗涤状态。,AI=2→R1=0：画面仅展示洗涤剂抽屉倒液，未显示进水或洗涤状态。,R1,completed,2026-07-28T02:28:46+08:00
VQ-088,What do washing-machine filling and washing states look like?,en,Washing Machine,state,development,washing-011-scene-0001,washing-011,0.0,14.017,0,,,no,标题卡文字提及'Centrifugering'（离心）但画面本身为黑屏文字和静态外观镜头，未展示任何进水或洗涤运转状态的视觉证据。,,R1,completed,2026-07-28T02:28:46+08:00
VQ-088,What do washing-machine filling and washing states look like?,en,Washing Machine,state,development,washing-011-scene-0002,washing-011,14.017,102.57,2,14.017,102.5,no,6帧（t=14.0s–102.5s）持续显示前开门洗衣机滚筒运转、衣物翻滚，清晰呈现洗涤状态，但未明显展示进水填充状态。,AI=3→R1=2：画面展示洗涤状态，但未清晰区分或展示进水填充状态。,R1,completed,2026-07-28T02:28:46+08:00
VQ-088,What do washing-machine filling and washing states look like?,en,Washing Machine,state,development,washing-030-scene-0001,washing-030,0.0,914.77,0,,,no,第2–5帧（t=183.1s–781.8s）均为空滚筒内部，无水、无衣物翻滚、无泡沫，完全看不到进水或洗涤状态。,AI=1→R1=0：滚筒全程空无一物且静止，没有任何进水或洗涤状态的视觉证据。,R1,completed,2026-07-28T02:28:46+08:00
VQ-088,What do washing-machine filling and washing states look like?,en,Washing Machine,state,development,washing-034-scene-0001,washing-034,0.0,168.73,2,33.7,134.9,no,第2–5帧（t=33.7s–134.9s）清晰显示衣物在滚筒内伴随水和肥皂泡翻滚，呈现了洗涤状态；但进水状态（水流注入）并未单独展现。,AI=3→R1=2：画面清晰展示了洗涤状态（衣物+水+泡沫翻滚），但未单独呈现'进水'状态，仅为部分回答。,R1,completed,2026-07-28T02:28:46+08:00
VQ-088,What do washing-machine filling and washing states look like?,en,Washing Machine,state,development,washing-049-scene-0001,washing-049,0.0,60.143,0,,,no,画面为tub clean说明图与标题卡，未显示洗衣机进水或运转洗涤状态。,AI=1→R1=0：画面为tub clean说明图与标题卡，未显示进水或洗涤状态。,R1,completed,2026-07-28T02:28:46+08:00
VQ-088,What do washing-machine filling and washing states look like?,en,Washing Machine,state,development,washing-049-scene-0002,washing-049,60.143,112.66,1,,,no,第3帧（t=81.1s）可见滚筒内有水在旋转（Tub Clean运行中），但这是清洁程序而非标准进水/洗涤状态，且无独立进水画面。,,R1,completed,2026-07-28T02:28:46+08:00
VQ-088,What do washing-machine filling and washing states look like?,en,Washing Machine,state,development,washing-051-scene-0004,washing-051,150.283,158.892,0,,,no,画面展示背部进水管路与过滤器，未显示洗衣机进水或洗涤状态。,AI=1→R1=0：画面展示背部进水管路与过滤器，未显示洗衣机进水或洗涤状态。,R1,completed,2026-07-28T02:28:46+08:00
VQ-088,What do washing-machine filling and washing states look like?,en,Washing Machine,state,development,washing-051-scene-0005,washing-051,158.892,167.934,0,,,no,画面为“Water is Not Filling Properly”故障排查，未展示正常进水或洗涤状态。,AI=1→R1=0：画面为“Water is Not Filling Properly”故障排查，未展示正常进水或洗涤状态。,R1,completed,2026-07-28T02:28:46+08:00
VQ-088,What do washing-machine filling and washing states look like?,en,Washing Machine,state,development,washing-051-scene-0006,washing-051,167.934,179.513,1,,,no,第1-6帧（t=167.9s-179.5s）均显示洗衣机背部冷水/热水进水软管接口与'Water is Not Filling Properly'标题，未出现注水或洗涤状态的画面。,,R1,completed,2026-07-28T02:28:46+08:00
VQ-088,What do washing-machine filling and washing states look like?,en,Washing Machine,state,development,washing-051-scene-0008,washing-051,189.956,203.103,0,,,no,6帧均为排水过滤器与排水管静态维修画面，未见进水、注水或洗涤运行状态。,AI=1→R1=0，画面未展示任何运行状态。,R1,completed,2026-07-28T02:28:46+08:00
VQ-088,What do washing-machine filling and washing states look like?,en,Washing Machine,state,development,washing-052-scene-0001,washing-052,0.0,454.41,1,,,no,画面展示拆解中的Indesit洗衣机内部结构（滚筒、电机、排水泵区域），产品出现但没有任何进水或运转状态的视觉呈现。,,R1,completed,2026-07-28T02:28:46+08:00
VQ-088,What do washing-machine filling and washing states look like?,en,Washing Machine,state,development,washing-056-scene-0003,washing-056,7.92,11.68,1,,,no,画面展示人物操作三星洗衣机（转旋钮、开门、按按键），但全程无水进入、无衣物翻滚洗涤的视觉状态。,AI=2→R1=2→1：画面仅显示使用前操作（选程序、开门、控面板），并未展示进水或洗涤的实际状态，无法回答'看起来什么样'。,R1,completed,2026-07-28T02:28:46+08:00
VQ-088,What do washing-machine filling and washing states look like?,en,Washing Machine,state,development,washing-056-scene-0004,washing-056,11.68,17.8,1,,,no,控制面板显示屏在各帧中展示了不同程序的参数（温度40°C、转速1400、时长等），但这仅为设置界面状态，并未展示机器实际进水或正在洗涤的运转画面。,AI=2→R1=1：控制面板仅显示各程序的设置参数（温度/转速/时间），并非机器实际进水或洗涤运转的状态画面，无法回答'进水和洗涤状态看起来是什么样的'。,R1,completed,2026-07-28T02:28:46+08:00
VQ-088,What do washing-machine filling and washing states look like?,en,Washing Machine,state,development,washing-056-scene-0006,washing-056,22.8,28.6,3,26.3,27.4,no,第1–3帧（t=22.8s–25.1s）显示手指按压温度按钮将水温从40调至60再至90；第4–5帧（t=26.3s–27.4s）显示屏明确显示'Filling with cold water'（正用冷水进水）状态，直接回答了洗衣机的进水状态外观。,AI时间22.8-28.6→R1时间26.3-27.4：进水状态'Filling with cold water'仅在第4–5帧清晰显示，前3帧为调温过程，第6帧已回到Cotton 40状态。,R1,completed,2026-07-28T02:28:46+08:00
VQ-088,What do washing-machine filling and washing states look like?,en,Washing Machine,state,development,washing-056-scene-0010,washing-056,41.04,44.52,0,,,no,全部6帧（t=41.0s–44.5s）仅显示Pre Wash/Bubble Soak/Intensive等附加选项的开关状态切换，未展示进水或洗涤运行状态。,AI=2→R1=0：画面仅显示附加功能选项的On/Off切换，并非洗衣机的进水或洗涤运行状态指示。,R1,completed,2026-07-28T02:28:46+08:00
VQ-088,What do washing-machine filling and washing states look like?,en,Washing Machine,state,development,washing-056-scene-0014,washing-056,57.96,60.12,1,,,no,全部6帧（t=58.0s–60.1s）显示手机SmartThings应用界面的推荐洗涤程序列表（Cotton等）及预约洗涤选项，为手机App远程选程界面，未展示洗衣机实体的进水或洗涤运行状态。,,R1,completed,2026-07-28T02:28:46+08:00
VQ-088,What do washing-machine filling and washing states look like?,en,Washing Machine,state,development,washing-062-scene-0001,washing-062,0.0,22.923,0,,,no,所有帧只展示标题卡、静态洗衣机外观与控制面板，未见进水、翻滚等洗涤状态。,AI=1→R1=0，画面未展示任何洗涤运行状态。,R1,completed,2026-07-28T02:28:46+08:00
VQ-088,What do washing-machine filling and washing states look like?,en,Washing Machine,state,development,washing-062-scene-0004,washing-062,54.554,60.727,0,,,no,全部6帧（t=54.4s–60.1s）展示洗衣机背部的水管连接口和冷热水阀门（标注COLD/HOT），属于供水安装结构，非机器运行状态显示。,,R1,completed,2026-07-28T02:28:46+08:00
VQ-088,What do washing-machine filling and washing states look like?,en,Washing Machine,state,development,washing-062-scene-0005,washing-062,60.727,96.563,0,,,no,6帧均为静态洗衣机与去污/分类文字提示，未展示进水或洗涤运转状态。,,R1,completed,2026-07-28T02:28:46+08:00
VQ-088,What do washing-machine filling and washing states look like?,en,Washing Machine,state,development,washing-062-scene-0006,washing-062,96.563,100.467,0,,,no,6帧均为静态洗衣机与漂白剂/柔顺剂提示文字，未展示进水或洗涤状态。,AI=1→R1=0：6帧仅为静态洗衣机与漂白剂/柔顺剂提示文字，未展示进水或洗涤状态。,R1,completed,2026-07-28T02:28:46+08:00
VQ-088,What do washing-machine filling and washing states look like?,en,Washing Machine,state,development,washing-062-scene-0007,washing-062,100.467,126.793,1,,,no,场景是洗涤剂抽屉说明，未呈现洗衣机进水或洗涤运行状态画面。,,R1,completed,2026-07-28T02:28:46+08:00
VQ-089,洗衣机正在脱水时怎样判断？,zh-CN,Washing Machine,state,development,washing-001-scene-0001,washing-001,0.0,15.78,0,,,no,工业洗衣机静态外观镜头中无任何脱水运转状态、声音或视觉判断依据。,,R1,completed,2026-07-28T02:28:46+08:00
VQ-089,洗衣机正在脱水时怎样判断？,zh-CN,Washing Machine,state,development,washing-002-scene-0001,washing-002,0.0,23.61,1,,,no,多台机器正在运行（衣物在滚筒内可见翻滚），但画面无脱水/甩干特有的高速旋转视觉效果或状态指示。,,R1,completed,2026-07-28T02:28:46+08:00
VQ-089,洗衣机正在脱水时怎样判断？,zh-CN,Washing Machine,state,development,washing-003-scene-0001,washing-003,0.0,26.94,1,,,no,6帧显示洗衣机在运转，但无法从画面判断当前是否为脱水状态，也没有讲解如何判断脱水。,AI=2→R1=1：画面仅显示洗衣机在运转，无法据此判断是否处于脱水状态。,R1,completed,2026-07-28T02:28:46+08:00
VQ-089,洗衣机正在脱水时怎样判断？,zh-CN,Washing Machine,state,development,washing-007-scene-0001,washing-007,0.0,3.767,0,,,no,6帧中该设备不是洗衣机，也无脱水状态。,,R1,completed,2026-07-28T02:28:46+08:00
VQ-089,洗衣机正在脱水时怎样判断？,zh-CN,Washing Machine,state,development,washing-007-scene-0002,washing-007,3.767,7.87,0,,,no,6帧中该装置为手动搅拌，无脱水状态或判断依据。,,R1,completed,2026-07-28T02:28:46+08:00
VQ-089,洗衣机正在脱水时怎样判断？,zh-CN,Washing Machine,state,development,washing-009-scene-0001,washing-009,0.0,30.45,0,,,no,6帧均为洗涤剂抽屉与倒液画面，未展示高速旋转或脱水状态。,,R1,completed,2026-07-28T02:28:46+08:00
VQ-089,洗衣机正在脱水时怎样判断？,zh-CN,Washing Machine,state,development,washing-011-scene-0001,washing-011,0.0,14.017,1,,,no,第4-5帧（t=8.4s–11.2s）黑屏文字写有'Centrifugering i halvfyldt maskine fyldt med klude'（半满衣物离心），第6帧（t=14.0s）出现Asko W6567整机，产品出现且文字提及脱水但未演示如何判断脱水状态。,,R1,completed,2026-07-28T02:28:46+08:00
VQ-089,洗衣机正在脱水时怎样判断？,zh-CN,Washing Machine,state,development,washing-011-scene-0002,washing-011,14.017,102.57,1,,,no,画面显示洗衣机滚筒持续转动，但无法从视觉上判断是否为高速脱水状态。,,R1,completed,2026-07-28T02:28:46+08:00
VQ-089,洗衣机正在脱水时怎样判断？,zh-CN,Washing Machine,state,development,washing-030-scene-0001,washing-030,0.0,914.77,0,,,no,6帧画面中没有脱水/甩干状态的任何指示（如高速旋转的滚筒、排水音效或显示屏状态），仅有空滚筒和护理标签。,,R1,completed,2026-07-28T02:28:46+08:00
VQ-089,洗衣机正在脱水时怎样判断？,zh-CN,Washing Machine,state,development,washing-034-scene-0001,washing-034,0.0,168.73,1,,,no,第2–5帧显示的是湿衣物带泡沫翻滚的洗涤状态而非高速脱水/甩干状态，无法据此判断脱水。,,R1,completed,2026-07-28T02:28:46+08:00
VQ-089,洗衣机正在脱水时怎样判断？,zh-CN,Washing Machine,state,development,washing-049-scene-0001,washing-049,0.0,60.143,0,,,no,6帧为静态说明图与洗衣机外观，未展示脱水高速旋转或判断特征。,,R1,completed,2026-07-28T02:28:46+08:00
VQ-089,洗衣机正在脱水时怎样判断？,zh-CN,Washing Machine,state,development,washing-049-scene-0002,washing-049,60.143,112.66,1,,,no,画面展示Tub Clean程序运行和保养提示，无脱水/甩干状态的特征或判断方法。,,R1,completed,2026-07-28T02:28:46+08:00
VQ-089,洗衣机正在脱水时怎样判断？,zh-CN,Washing Machine,state,development,washing-051-scene-0004,washing-051,150.283,158.892,0,,,no,6帧为背部进水管路静态画面，未展示脱水状态或判断特征。,,R1,completed,2026-07-28T02:28:46+08:00
VQ-089,洗衣机正在脱水时怎样判断？,zh-CN,Washing Machine,state,development,washing-051-scene-0007,washing-051,179.513,189.956,0,,,no,第1-6帧（t=179.5s-190.0s）显示'Water Leaking or Not Draining Properly'标题与洗衣机正面，底部字幕提示检查排水泵过滤器，与脱水判断无关。,,R1,completed,2026-07-28T02:28:46+08:00
VQ-089,洗衣机正在脱水时怎样判断？,zh-CN,Washing Machine,state,development,washing-051-scene-0008,washing-051,189.956,203.103,0,,,no,全部帧为静态维修画面，未展示滚筒高速旋转或脱水状态。,,R1,completed,2026-07-28T02:28:46+08:00
VQ-089,洗衣机正在脱水时怎样判断？,zh-CN,Washing Machine,state,development,washing-051-scene-0013,washing-051,299.299,307.007,0,,,no,画面为静态洗衣机外观与结束致谢画面，未展示脱水运行状态。,,R1,completed,2026-07-28T02:28:46+08:00
VQ-089,洗衣机正在脱水时怎样判断？,zh-CN,Washing Machine,state,development,washing-052-scene-0001,washing-052,0.0,454.41,0,,,no,全部6帧为拆解检修画面，无任何脱水运转状态或判断方法的视觉或文字信息。,,R1,completed,2026-07-28T02:28:46+08:00
VQ-089,洗衣机正在脱水时怎样判断？,zh-CN,Washing Machine,state,development,washing-056-scene-0003,washing-056,7.92,11.68,1,,,no,人物在操作洗衣机控制面板（第4–5帧），机器处于待设置状态，无脱水/甩干的视觉特征或判断依据。,,R1,completed,2026-07-28T02:28:46+08:00
VQ-089,洗衣机正在脱水时怎样判断？,zh-CN,Washing Machine,state,development,washing-056-scene-0005,washing-056,17.8,22.8,1,,,no,第1-6帧（t=17.8s-22.8s）显示洗衣机显示屏上的程序信息（Cotton、Delay End 6hr、转速1400等），但无脱水状态判断方法的演示。,AI=2→R1=1：画面仅静态显示控制面板上的程序参数，未演示如何判断洗衣机正在脱水。,R1,completed,2026-07-28T02:28:46+08:00
VQ-089,洗衣机正在脱水时怎样判断？,zh-CN,Washing Machine,state,development,washing-056-scene-0008,washing-056,33.68,38.36,1,,,no,第1-6帧（t=33.7s-38.4s）显示手指在洗衣机控制面板上按按钮调节脱水转速从400变为1200再跳回400，画面仅展示设置转速，未演示如何判断洗衣机正在脱水。,AI=2→R1=1：画面仅展示调节脱水转速设置，未演示如何判断洗衣机正在脱水。,R1,completed,2026-07-28T02:28:46+08:00
VQ-089,洗衣机正在脱水时怎样判断？,zh-CN,Washing Machine,state,development,washing-056-scene-0010,washing-056,41.04,44.52,1,,,no,全部6帧（t=41.0s–44.5s）显示洗衣机控制面板及附加选项界面，产品出现但无任何脱水状态判断相关信息。,,R1,completed,2026-07-28T02:28:46+08:00
VQ-089,洗衣机正在脱水时怎样判断？,zh-CN,Washing Machine,state,development,washing-056-scene-0016,washing-056,65.44,68.68,0,,,no,所有帧均为控制面板操作画面，无脱水/甩干状态的视觉指示或判断方法。,,R1,completed,2026-07-28T02:28:46+08:00
VQ-089,洗衣机正在脱水时怎样判断？,zh-CN,Washing Machine,state,development,washing-062-scene-0003,washing-062,36.036,54.554,0,,,no,6帧未展示脱水状态或判断方法。,,R1,completed,2026-07-28T02:28:46+08:00
VQ-089,洗衣机正在脱水时怎样判断？,zh-CN,Washing Machine,state,development,washing-062-scene-0004,washing-062,54.554,60.727,0,,,no,全部6帧（t=54.4s–60.1s）仅展示洗衣机背部进水管路和冷热水阀，无脱水状态的任何指示信息。,,R1,completed,2026-07-28T02:28:46+08:00
VQ-089,洗衣机正在脱水时怎样判断？,zh-CN,Washing Machine,state,development,washing-062-scene-0006,washing-062,96.563,100.467,0,,,no,6帧未展示脱水状态或判断方法。,,R1,completed,2026-07-28T02:28:46+08:00
VQ-089,洗衣机正在脱水时怎样判断？,zh-CN,Washing Machine,state,development,washing-062-scene-0008,washing-062,126.793,140.41,0,,,no,第1-6帧（t=126.8s-140.4s）均为黑底法律免责声明与客服联系信息，未出现洗衣机或任何脱水相关画面。,,R1,completed,2026-07-28T02:28:46+08:00
VQ-090,What shows that a washing-machine cycle has ended and the door is unlocked?,en,Washing Machine,state,development,washing-001-scene-0001,washing-001,0.0,15.78,1,,,no,机身上可见安全警示标签（含DO NOT OPEN DOOR等字样），暗示运行期间门会锁定，但这仅为工业机型的静态标签，并未演示周期结束时具体的指示灯或解锁信号。,AI=2→R1=1：机身上的警示标签仅暗示门在运行期间锁定，并未直接演示或说明'周期结束+门解锁'的具体判断标志（如指示灯熄灭、提示音等）。,R1,completed,2026-07-28T02:28:46+08:00
VQ-090,What shows that a washing-machine cycle has ended and the door is unlocked?,en,Washing Machine,state,development,washing-002-scene-0001,washing-002,0.0,23.61,0,,,no,所有帧中洗衣机均在运行（滚筒内衣物翻滚可见），并非周期结束状态。,,R1,completed,2026-07-28T02:28:46+08:00
VQ-090,What shows that a washing-machine cycle has ended and the door is unlocked?,en,Washing Machine,state,development,washing-003-scene-0001,washing-003,0.0,26.94,0,,,no,6帧显示洗衣机仍在运行、面板倒计时未归零，门也保持关闭，未展示 cycle 结束或门锁解锁。,AI=1→R1=0：洗衣机仍在运行且面板倒计时未归零，未展示周期结束或门解锁。,R1,completed,2026-07-28T02:28:46+08:00
VQ-090,What shows that a washing-machine cycle has ended and the door is unlocked?,en,Washing Machine,state,development,washing-007-scene-0001,washing-007,0.0,3.767,0,,,no,6帧未展示洗衣机周期结束或门解锁。,,R1,completed,2026-07-28T02:28:46+08:00
VQ-090,What shows that a washing-machine cycle has ended and the door is unlocked?,en,Washing Machine,state,development,washing-007-scene-0002,washing-007,3.767,7.87,0,,,no,6帧未展示周期结束或门解锁。,,R1,completed,2026-07-28T02:28:46+08:00
VQ-090,What shows that a washing-machine cycle has ended and the door is unlocked?,en,Washing Machine,state,development,washing-009-scene-0001,washing-009,0.0,30.45,0,,,no,6帧未出现循环结束指示灯、门锁状态或门被打开的画面。,,R1,completed,2026-07-28T02:28:46+08:00
VQ-090,What shows that a washing-machine cycle has ended and the door is unlocked?,en,Washing Machine,state,development,washing-011-scene-0001,washing-011,0.0,14.017,0,,,no,标题卡和静态整机画面中无任何周期结束指示、门锁状态或解锁标志的信息。,,R1,completed,2026-07-28T02:28:46+08:00
VQ-090,What shows that a washing-machine cycle has ended and the door is unlocked?,en,Washing Machine,state,development,washing-011-scene-0002,washing-011,14.017,102.57,0,,,no,6帧洗衣机均在运转中，未展示循环结束提示或门解锁动作。,,R1,completed,2026-07-28T02:28:46+08:00
VQ-090,What shows that a washing-machine cycle has ended and the door is unlocked?,en,Washing Machine,state,development,washing-030-scene-0001,washing-030,0.0,914.77,0,,,no,画面只展示了空滚筒内部和一张护理标签，没有结束指示灯、提示音或开锁状态等周期结束信号。,AI=1→R1=0：无任何周期结束或门解锁的证据，产品虽出现但不回答该查询。,R1,completed,2026-07-28T02:28:46+08:00
VQ-090,What shows that a washing-machine cycle has ended and the door is unlocked?,en,Washing Machine,state,development,washing-034-scene-0001,washing-034,0.0,168.73,0,,,no,第2–5帧衣物正在滚筒内翻滚洗涤，明显机器仍在运行中，非周期结束状态。,,R1,completed,2026-07-28T02:28:46+08:00
VQ-090,What shows that a washing-machine cycle has ended and the door is unlocked?,en,Washing Machine,state,development,washing-049-scene-0001,washing-049,0.0,60.143,0,,,no,画面未出现循环结束提示、门锁图标或门解锁动作。,,R1,completed,2026-07-28T02:28:46+08:00
VQ-090,What shows that a washing-machine cycle has ended and the door is unlocked?,en,Washing Machine,state,development,washing-049-scene-0002,washing-049,60.143,112.66,1,,,no,第4–5帧（t=91.0s–102.2s）显示门微开并提示'留门虚开以干燥内筒'，暗示周期后状态，但未展示如何判断周期结束的明确信号。,,R1,completed,2026-07-28T02:28:46+08:00
VQ-090,What shows that a washing-machine cycle has ended and the door is unlocked?,en,Washing Machine,state,development,washing-051-scene-0001,washing-051,0.0,88.355,1,,,no,全部6帧（t=0.0s–88.4s）展示LG洗衣机的故障排查指南（重置控制、自动断电、电源插头检查、断路器、按键失灵），未展示程序结束指示或门解锁状态。,AI=2→R1=1：画面内容为故障排查（重置/断电/按键失灵），未展示程序结束标志或门锁解除的判断方法。,R1,completed,2026-07-28T02:28:46+08:00
VQ-090,What shows that a washing-machine cycle has ended and the door is unlocked?,en,Washing Machine,state,development,washing-051-scene-0002,washing-051,88.355,94.261,0,,,no,6帧均为“Buttons Not Functioning”故障场景，未见循环结束或门锁状态提示。,,R1,completed,2026-07-28T02:28:46+08:00
VQ-090,What shows that a washing-machine cycle has ended and the door is unlocked?,en,Washing Machine,state,development,washing-051-scene-0003,washing-051,94.261,150.283,1,,,no,帧60%和80%(t=127.9-139.1s)显示'Door is Locked'门锁状态指示，与问题所问'门解锁/周期结束'为相反状态，未直接展示门解锁提示。,AI=2→R1=1：场景显示门锁定而非解锁状态，与问题答案方向相反。,R1,completed,2026-07-28T02:28:46+08:00
VQ-090,What shows that a washing-machine cycle has ended and the door is unlocked?,en,Washing Machine,state,development,washing-051-scene-0012,washing-051,254.154,299.299,1,,,no,第6帧（t=299.3s）显示洗衣机门打开，但文字为“Cycle End is Delayed”，未明确展示循环结束或门锁解锁指示。,,R1,completed,2026-07-28T02:28:46+08:00
VQ-090,What shows that a washing-machine cycle has ended and the door is unlocked?,en,Washing Machine,state,development,washing-052-scene-0001,washing-052,0.0,454.41,0,,,no,拆解画面中未出现任何周期结束指示灯、门锁状态或解锁标志。,,R1,completed,2026-07-28T02:28:46+08:00
VQ-090,What shows that a washing-machine cycle has ended and the door is unlocked?,en,Washing Machine,state,development,washing-056-scene-0003,washing-056,7.92,11.68,1,,,no,第2帧（t=8.7s）人物打开了洗衣机门，可能暗示周期已结束门已解锁，但画面无任何明确的结束指示信号（如显示屏提示、指示灯）。,AI=2→R1=1：开门动作仅间接暗示周期可能结束，但画面未展示如何判断周期结束的具体信号或标志。,R1,completed,2026-07-28T02:28:46+08:00
VQ-090,What shows that a washing-machine cycle has ended and the door is unlocked?,en,Washing Machine,state,development,washing-056-scene-0005,washing-056,17.8,22.8,1,,,no,第1-6帧（t=17.8s-22.8s）显示洗衣机显示屏上有'Delay End 6hr'字样，表示延迟结束而非周期已结束，且未显示门锁状态。,AI=2→R1=1：画面显示的是'Delay End'延迟结束信息，并非周期结束或门锁解锁的指示。,R1,completed,2026-07-28T02:28:46+08:00
VQ-090,What shows that a washing-machine cycle has ended and the door is unlocked?,en,Washing Machine,state,development,washing-056-scene-0010,washing-056,41.04,44.52,1,,,no,全部6帧（t=41.0s–44.5s）显示洗衣机控制面板上的附加选项切换，产品出现但未展示程序结束或门解锁的指示信息。,,R1,completed,2026-07-28T02:28:46+08:00
VQ-090,What shows that a washing-machine cycle has ended and the door is unlocked?,en,Washing Machine,state,development,washing-056-scene-0012,washing-056,47.84,52.44,0,,,no,全部6帧（t=47.8s–52.4s）均为手在控制面板旋钮上操作设置Delay End延时结束时间，显示'Cotton PM 3:00 min'等延时设定，没有任何程序结束或门解锁的指示。,AI=2→R1=0：场景内容是设置延时结束时间，并非展示洗衣程序已结束或门已解锁的信号。,R1,completed,2026-07-28T02:28:46+08:00
VQ-090,What shows that a washing-machine cycle has ended and the door is unlocked?,en,Washing Machine,state,development,washing-056-scene-0013,washing-056,52.44,57.96,1,,,no,第1-6帧（t=52.4s-58.0s）显示手机SmartThings应用中洗衣机状态为'READY'，但未显示周期结束提示或门锁解锁状态。,,R1,completed,2026-07-28T02:28:46+08:00
VQ-090,What shows that a washing-machine cycle has ended and the door is unlocked?,en,Washing Machine,state,development,washing-056-scene-0017,washing-056,68.68,75.86,0,,,no,第1、2、6帧为SmartThings设备特写，第3–5帧为厨房中洗衣机与冰箱的广角外观镜头，均无程序结束或门解锁指示。,,R1,completed,2026-07-28T02:28:46+08:00
VQ-090,What shows that a washing-machine cycle has ended and the door is unlocked?,en,Washing Machine,state,development,washing-062-scene-0001,washing-062,0.0,22.923,0,,,no,6帧均为性能问题标题卡与静态画面，未出现循环结束或门锁解锁提示。,,R1,completed,2026-07-28T02:28:46+08:00
VQ-090,What shows that a washing-machine cycle has ended and the door is unlocked?,en,Washing Machine,state,development,washing-062-scene-0003,washing-062,36.036,54.554,2,43.4,47.1,no,第3–4帧（t=43.4s–47.1s）显示洗衣机门打开并有手伸入内筒取衣物，暗示洗涤周期已结束且门已解锁，但未给出明确的周期结束指示。,AI=1→R1=2：第3–4帧（t=43.4s–47.1s）门打开并伸手取衣物，更直接暗示周期结束且门已解锁。,R1,completed,2026-07-28T02:28:46+08:00
VQ-090,What shows that a washing-machine cycle has ended and the door is unlocked?,en,Washing Machine,state,development,washing-062-scene-0006,washing-062,96.563,100.467,0,,,no,6帧未展示周期结束或门解锁。,,R1,completed,2026-07-28T02:28:46+08:00
VQ-090,What shows that a washing-machine cycle has ended and the door is unlocked?,en,Washing Machine,state,development,washing-062-scene-0008,washing-062,126.793,140.41,0,,,no,第1-6帧（t=126.8s-140.4s）均为黑底法律免责声明与客服联系信息，未出现洗衣机、周期结束或门锁状态画面。,,R1,completed,2026-07-28T02:28:46+08:00
VQ-091,洗衣机洗涤剂抽屉怎样拉出？,zh-CN,Washing Machine,component,development,washing-001-scene-0001,washing-001,0.0,15.78,0,,,no,工业洗衣机外观镜头中未见洗涤剂抽屉组件。,,R1,completed,2026-07-28T02:28:46+08:00
VQ-091,洗衣机洗涤剂抽屉怎样拉出？,zh-CN,Washing Machine,component,development,washing-002-scene-0001,washing-002,0.0,23.61,0,,,no,自助洗衣房全景和滚筒特写画面中均未出现洗涤剂抽屉。,,R1,completed,2026-07-28T02:28:46+08:00
VQ-091,洗衣机洗涤剂抽屉怎样拉出？,zh-CN,Washing Machine,component,development,washing-003-scene-0001,washing-003,0.0,26.94,0,,,no,6帧未出现洗涤剂抽屉，也没有拉出抽屉的动作。,,R1,completed,2026-07-28T02:28:46+08:00
VQ-091,洗衣机洗涤剂抽屉怎样拉出？,zh-CN,Washing Machine,component,development,washing-007-scene-0001,washing-007,0.0,3.767,0,,,no,6帧未出现洗涤剂抽屉。,,R1,completed,2026-07-28T02:28:46+08:00
VQ-091,洗衣机洗涤剂抽屉怎样拉出？,zh-CN,Washing Machine,component,development,washing-007-scene-0002,washing-007,3.767,7.87,0,,,no,6帧未出现洗涤剂抽屉。,,R1,completed,2026-07-28T02:28:46+08:00
VQ-091,洗衣机洗涤剂抽屉怎样拉出？,zh-CN,Washing Machine,component,development,washing-009-scene-0001,washing-009,0.0,30.45,1,,,no,画面显示已打开的洗涤剂抽屉及倒液动作，但未展示拉出抽屉的具体操作。,,R1,completed,2026-07-28T02:28:46+08:00
VQ-091,洗衣机洗涤剂抽屉怎样拉出？,zh-CN,Washing Machine,component,development,washing-011-scene-0001,washing-011,0.0,14.017,0,,,no,全部帧中未出现洗涤剂抽屉，更无将其拉出的动作演示。,,R1,completed,2026-07-28T02:28:46+08:00
VQ-091,洗衣机洗涤剂抽屉怎样拉出？,zh-CN,Washing Machine,component,development,washing-011-scene-0002,washing-011,14.017,102.57,0,,,no,画面为洗衣机前门运行特写，未出现洗涤剂抽屉。,,R1,completed,2026-07-28T02:28:46+08:00
VQ-091,洗衣机洗涤剂抽屉怎样拉出？,zh-CN,Washing Machine,component,development,washing-030-scene-0001,washing-030,0.0,914.77,0,,,no,全部6帧均未见洗涤剂抽屉组件，也没有拉出抽屉的动作演示。,,R1,completed,2026-07-28T02:28:46+08:00
VQ-091,洗衣机洗涤剂抽屉怎样拉出？,zh-CN,Washing Machine,component,development,washing-034-scene-0001,washing-034,0.0,168.73,0,,,no,所有帧视角均在滚筒内部，完全看不到洗涤剂抽屉及其拉出动作。,,R1,completed,2026-07-28T02:28:46+08:00
VQ-091,洗衣机洗涤剂抽屉怎样拉出？,zh-CN,Washing Machine,component,development,washing-049-scene-0001,washing-049,0.0,60.143,1,,,no,第4帧（t=36.1s）展示洗涤剂抽屉结构图，但未呈现拉出抽屉的动态操作。,AI=2→R1=1：画面仅展示抽屉结构示意图，未演示拉出动作。,R1,completed,2026-07-28T02:28:46+08:00
VQ-091,洗衣机洗涤剂抽屉怎样拉出？,zh-CN,Washing Machine,component,development,washing-049-scene-0002,washing-049,60.143,112.66,0,,,no,LG控制面板图示和Tub Clean说明中未展示洗涤剂抽屉及其拉出方式。,,R1,completed,2026-07-28T02:28:46+08:00
VQ-091,洗衣机洗涤剂抽屉怎样拉出？,zh-CN,Washing Machine,component,development,washing-051-scene-0008,washing-051,189.956,203.103,0,,,no,第1-6帧展示的是底部排水泵过滤器而非洗涤剂抽屉，未出现拉出洗涤剂抽屉的动作。,AI=3→R1=0，联系表帧中未见洗涤剂抽屉。,R1,completed,2026-07-28T02:28:46+08:00
VQ-091,洗衣机洗涤剂抽屉怎样拉出？,zh-CN,Washing Machine,component,development,washing-051-scene-0010,washing-051,231.565,241.975,2,231.6,241.975,no,帧0(t=231.6s)和帧5(t=242.0s)显示抽屉处于拉出位置，但帧1-4为水槽中清洗抽屉；全程未见手部执行拉抽屉的动作演示。,AI=3→R1=2：抽屉虽显示拉出状态，但缺少手部拉出动作演示，无法完整回答'如何拉出'。,R1,completed,2026-07-28T02:28:46+08:00
VQ-091,洗衣机洗涤剂抽屉怎样拉出？,zh-CN,Washing Machine,component,development,washing-052-scene-0001,washing-052,0.0,454.41,0,,,no,第1帧和第6帧中洗涤剂抽屉呈已拉出状态，但画面只展示了抽屉静止在外的样子，没有演示将其从机身拉出的动作过程。,,R1,completed,2026-07-28T02:28:46+08:00
VQ-091,洗衣机洗涤剂抽屉怎样拉出？,zh-CN,Washing Machine,component,development,washing-056-scene-0003,washing-056,7.92,11.68,0,,,no,所有帧均未展示洗涤剂抽屉，也无拉出抽屉的动作或结构示意。,AI=1→R1=0：洗涤剂抽屉未出现在画面中，与查询内容无关。,R1,completed,2026-07-28T02:28:46+08:00
VQ-091,洗衣机洗涤剂抽屉怎样拉出？,zh-CN,Washing Machine,component,development,washing-056-scene-0009,washing-056,38.36,41.04,0,,,no,场景为控制面板按钮特写与洗涤选项文字，无洗涤剂抽屉相关画面。,,R1,completed,2026-07-28T02:28:46+08:00
VQ-091,洗衣机洗涤剂抽屉怎样拉出？,zh-CN,Washing Machine,component,development,washing-056-scene-0010,washing-056,41.04,44.52,0,,,no,全部6帧（t=41.0s–44.5s）仅显示控制面板数字屏区域，未见洗涤剂抽屉及其拉出操作。,,R1,completed,2026-07-28T02:28:46+08:00
VQ-091,洗衣机洗涤剂抽屉怎样拉出？,zh-CN,Washing Machine,component,development,washing-056-scene-0016,washing-056,65.44,68.68,0,,,no,画面聚焦于控制面板按钮操作，未展示洗涤剂抽屉及其拉出方式。,,R1,completed,2026-07-28T02:28:46+08:00
VQ-091,洗衣机洗涤剂抽屉怎样拉出？,zh-CN,Washing Machine,component,development,washing-056-scene-0017,washing-056,68.68,75.86,0,,,no,全部6帧（t=68.7s–75.8s）中未出现洗涤剂抽屉，也无拉出抽屉的操作动作。,,R1,completed,2026-07-28T02:28:46+08:00
VQ-091,洗衣机洗涤剂抽屉怎样拉出？,zh-CN,Washing Machine,component,development,washing-062-scene-0006,washing-062,96.563,100.467,0,,,no,6帧未展示洗涤剂抽屉拉出动作。,,R1,completed,2026-07-28T02:28:46+08:00
VQ-091,洗衣机洗涤剂抽屉怎样拉出？,zh-CN,Washing Machine,component,development,washing-062-scene-0007,washing-062,100.467,126.793,2,105.7,116.3,no,帧0(t=100.5s)显示抽屉关闭，帧1-4(t=105.7-121.5s)显示抽屉已拉出可见分配格，但帧间过渡未见手部执行拉抽屉动作。,"AI=3→R1=2：抽屉从关闭到打开的状态有展示，但未见手部拉出动作演示。 | 第三轮仲裁修正：R1原记录 等级=2 时间=[105.7,121.5] 泄漏=no → 仲裁 等级=2 时间=[105.7,116.3] 泄漏=no。理由：仅展示洗涤剂抽屉关闭与打开状态，帧间未见手部执行拉出动作，采纳复核方等级2及时间范围。",R1,completed,2026-07-28T20:35:21+08:00
VQ-092,Where is the drain-pump filter on a front-loading washer?,en,Washing Machine,component,development,washing-001-scene-0001,washing-001,0.0,15.78,0,,,no,工业洗衣机正面和侧面静态镜头中未展示底部排水泵滤网的安装位置或访问口。,,R1,completed,2026-07-28T02:28:46+08:00
VQ-092,Where is the drain-pump filter on a front-loading washer?,en,Washing Machine,component,development,washing-002-scene-0001,washing-002,0.0,23.61,0,,,no,画面中无排水泵滤网的位置标识或组件展示。,,R1,completed,2026-07-28T02:28:46+08:00
VQ-092,Where is the drain-pump filter on a front-loading washer?,en,Washing Machine,component,development,washing-003-scene-0001,washing-003,0.0,26.94,0,,,no,6帧中未见排水泵过滤器及其位置指示。,,R1,completed,2026-07-28T02:28:46+08:00
VQ-092,Where is the drain-pump filter on a front-loading washer?,en,Washing Machine,component,development,washing-007-scene-0001,washing-007,0.0,3.767,0,,,no,6帧中该设备不是前装式洗衣机，也未展示排水泵过滤器。,,R1,completed,2026-07-28T02:28:46+08:00
VQ-092,Where is the drain-pump filter on a front-loading washer?,en,Washing Machine,component,development,washing-007-scene-0002,washing-007,3.767,7.87,0,,,no,6帧未出现前装式洗衣机排水泵过滤器。,,R1,completed,2026-07-28T02:28:46+08:00
VQ-092,Where is the drain-pump filter on a front-loading washer?,en,Washing Machine,component,development,washing-009-scene-0001,washing-009,0.0,30.45,0,,,no,6帧均为洗涤剂抽屉区域，未展示洗衣机底部排水泵过滤器位置。,,R1,completed,2026-07-28T02:28:46+08:00
VQ-092,Where is the drain-pump filter on a front-loading washer?,en,Washing Machine,component,development,washing-011-scene-0001,washing-011,0.0,14.017,0,,,no,标题卡和静态外观画面中未展示机器底部、背面或任何排水泵滤网的安装位置。,,R1,completed,2026-07-28T02:28:46+08:00
VQ-092,Where is the drain-pump filter on a front-loading washer?,en,Washing Machine,component,development,washing-011-scene-0002,washing-011,14.017,102.57,0,,,no,6帧未展示洗衣机底部、正面右下角或排水泵过滤器。,,R1,completed,2026-07-28T02:28:46+08:00
VQ-092,Where is the drain-pump filter on a front-loading washer?,en,Washing Machine,component,development,washing-030-scene-0001,washing-030,0.0,914.77,0,,,no,画面中只有滚筒内部和护理标签，未显示排水泵滤网的位置或任何指向其所在位置的标识。,,R1,completed,2026-07-28T02:28:46+08:00
VQ-092,Where is the drain-pump filter on a front-loading washer?,en,Washing Machine,component,development,washing-034-scene-0001,washing-034,0.0,168.73,0,,,no,画面仅展示滚筒内部衣物翻滚，未显示排水泵滤网的位置标识或组件。,,R1,completed,2026-07-28T02:28:46+08:00
VQ-092,Where is the drain-pump filter on a front-loading washer?,en,Washing Machine,component,development,washing-049-scene-0001,washing-049,0.0,60.143,0,,,no,6帧未展示洗衣机底部或正面右下角排水泵过滤器位置。,,R1,completed,2026-07-28T02:28:46+08:00
VQ-092,Where is the drain-pump filter on a front-loading washer?,en,Washing Machine,component,development,washing-049-scene-0002,washing-049,60.143,112.66,0,,,no,全部帧内容围绕Tub Clean滚筒清洁程序，未指出排水泵滤网在前置式洗衣机上的具体位置。,AI=1→R1=0：场景完全不涉及排水泵滤网位置，不应给分。,R1,completed,2026-07-28T02:28:46+08:00
VQ-092,Where is the drain-pump filter on a front-loading washer?,en,Washing Machine,component,development,washing-051-scene-0007,washing-051,179.513,189.956,3,187.9,189.9,no,"第5帧（t=187.9s）在洗衣机正面底部用黄色方框标出排水泵过滤器检修口位置，并配有'First, check the drain pump filter'字幕，直接指示了过滤器位置。",AI时间179.513-189.956→R1时间187.9-189.9s：实际标出过滤器位置的画面集中在第5帧附近，前面帧仅展示整机与标题。,R1,completed,2026-07-28T02:28:46+08:00
VQ-092,Where is the drain-pump filter on a front-loading washer?,en,Washing Machine,component,development,washing-051-scene-0008,washing-051,189.956,203.103,3,190.0,203.1,no,第1-6帧（t=190.0s-203.1s）清晰展示前开式洗衣机底部前面板打开、排水泵过滤器被取出并置于水盆中的过程，明确指示过滤器位置。,AI=2→R1=3，画面完整展示了排水泵过滤器的位置与取出过程。,R1,completed,2026-07-28T02:28:46+08:00
VQ-092,Where is the drain-pump filter on a front-loading washer?,en,Washing Machine,component,development,washing-052-scene-0001,washing-052,0.0,454.41,2,363.0,364.0,no,"第5帧（t=363.5s）清晰展示了位于机器底部的黑色波纹排水软管和排水泵区域，ASR同步指出'The pump is here, the drainage pump'，标明了排水泵位置（滤网通常紧邻此处）。",AI时间360.0-454.41范围过大，实际展示排水泵/软管的关键帧仅为第5帧（t≈363.5s），收窄至363.0-364.0。,R1,completed,2026-07-28T02:28:46+08:00
VQ-092,Where is the drain-pump filter on a front-loading washer?,en,Washing Machine,component,development,washing-056-scene-0001,washing-056,0.0,5.2,0,,,no,6帧均为三星洗衣机的厨房全景和品牌Logo，无排水泵过滤器位置相关演示。,,R1,completed,2026-07-28T02:28:46+08:00
VQ-092,Where is the drain-pump filter on a front-loading washer?,en,Washing Machine,component,development,washing-056-scene-0003,washing-056,7.92,11.68,0,,,no,画面中无排水泵滤网的任何位置标识、箭头或文字说明。,AI=1→R1=0：排水泵滤网未出现在画面中，不应给分。,R1,completed,2026-07-28T02:28:46+08:00
VQ-092,Where is the drain-pump filter on a front-loading washer?,en,Washing Machine,component,development,washing-056-scene-0010,washing-056,41.04,44.52,0,,,no,全部6帧（t=41.0s–44.5s）仅显示控制面板正面，未展示排水泵过滤器的位置。,,R1,completed,2026-07-28T02:28:46+08:00
VQ-092,Where is the drain-pump filter on a front-loading washer?,en,Washing Machine,component,development,washing-056-scene-0013,washing-056,52.44,57.96,0,,,no,第1-6帧（t=52.4s-58.0s）均为手机SmartThings应用预约洗衣界面，未出现洗衣机本体或排水泵过滤器。,,R1,completed,2026-07-28T02:28:46+08:00
VQ-092,Where is the drain-pump filter on a front-loading washer?,en,Washing Machine,component,development,washing-062-scene-0001,washing-062,0.0,22.923,0,,,no,画面仅展示洗衣机正面外观、舱门与控制面板，未展示底部排水泵过滤器位置。,,R1,completed,2026-07-28T02:28:46+08:00
VQ-092,Where is the drain-pump filter on a front-loading washer?,en,Washing Machine,component,development,washing-062-scene-0003,washing-062,36.036,54.554,0,,,no,6帧未指示排水泵过滤器位置。,,R1,completed,2026-07-28T02:28:46+08:00
VQ-092,Where is the drain-pump filter on a front-loading washer?,en,Washing Machine,component,development,washing-062-scene-0005,washing-062,60.727,96.563,0,,,no,6帧中只看到洗衣机外观和文字卡，未指示排水泵过滤器位置。,,R1,completed,2026-07-28T02:28:46+08:00
VQ-092,Where is the drain-pump filter on a front-loading washer?,en,Washing Machine,component,development,washing-062-scene-0006,washing-062,96.563,100.467,0,,,no,6帧未指示排水泵过滤器位置。,,R1,completed,2026-07-28T02:28:46+08:00
VQ-093,洗衣机门封胶圈应该检查哪些位置？,zh-CN,Washing Machine,component,development,washing-001-scene-0001,washing-001,0.0,15.78,0,,,no,画面中工业洗衣机的圆形门周边未见门封胶圈的特写或检查标注。,,R1,completed,2026-07-28T02:28:46+08:00
VQ-093,洗衣机门封胶圈应该检查哪些位置？,zh-CN,Washing Machine,component,development,washing-002-scene-0001,washing-002,0.0,23.61,0,,,no,滚筒门圆形玻璃视角和整机画面中均未展示门封胶圈的检查位置。,,R1,completed,2026-07-28T02:28:46+08:00
VQ-093,洗衣机门封胶圈应该检查哪些位置？,zh-CN,Washing Machine,component,development,washing-003-scene-0001,washing-003,0.0,26.94,0,,,no,6帧未展示门封胶圈，也没有检查动作。,,R1,completed,2026-07-28T02:28:46+08:00
VQ-093,洗衣机门封胶圈应该检查哪些位置？,zh-CN,Washing Machine,component,development,washing-007-scene-0001,washing-007,0.0,3.767,0,,,no,6帧未展示门封胶圈。,,R1,completed,2026-07-28T02:28:46+08:00
VQ-093,洗衣机门封胶圈应该检查哪些位置？,zh-CN,Washing Machine,component,development,washing-007-scene-0002,washing-007,3.767,7.87,0,,,no,6帧未展示门封胶圈。,,R1,completed,2026-07-28T02:28:46+08:00
VQ-093,洗衣机门封胶圈应该检查哪些位置？,zh-CN,Washing Machine,component,development,washing-009-scene-0001,washing-009,0.0,30.45,0,,,no,画面仅聚焦洗涤剂抽屉，未出现门封胶圈及其检查部位。,,R1,completed,2026-07-28T02:28:46+08:00
VQ-093,洗衣机门封胶圈应该检查哪些位置？,zh-CN,Washing Machine,component,development,washing-011-scene-0001,washing-011,0.0,14.017,0,,,no,画面未展示门封胶圈的任何部位，也没有任何检查要点或方法的说明。,,R1,completed,2026-07-28T02:28:46+08:00
VQ-093,洗衣机门封胶圈应该检查哪些位置？,zh-CN,Washing Machine,component,development,washing-011-scene-0002,washing-011,14.017,102.57,0,,,no,画面为滚筒运转特写，未出现门封胶圈及其检查部位。,,R1,completed,2026-07-28T02:28:46+08:00
VQ-093,洗衣机门封胶圈应该检查哪些位置？,zh-CN,Washing Machine,component,development,washing-030-scene-0001,washing-030,0.0,914.77,0,,,no,所有帧均未展示门封胶圈（橡胶密封条），更无检查其特定位置的动作或指引。,AI=1→R1=0：门封胶圈完全未出现在画面中，无法构成'产品出现'的最低依据。,R1,completed,2026-07-28T02:28:46+08:00
VQ-093,洗衣机门封胶圈应该检查哪些位置？,zh-CN,Washing Machine,component,development,washing-034-scene-0001,washing-034,0.0,168.73,0,,,no,滚筒内部视角看不到门封胶圈，也无任何检查其位置的示意或动作。,,R1,completed,2026-07-28T02:28:46+08:00
VQ-093,洗衣机门封胶圈应该检查哪些位置？,zh-CN,Washing Machine,component,development,washing-049-scene-0001,washing-049,0.0,60.143,0,,,no,画面为清洁剂与抽屉示意图，未出现门封胶圈及其检查部位。,,R1,completed,2026-07-28T02:28:46+08:00
VQ-093,洗衣机门封胶圈应该检查哪些位置？,zh-CN,Washing Machine,component,development,washing-049-scene-0002,washing-049,60.143,112.66,1,,,no,ASR提到'擦拭门和门封内侧以去除湿气'，第4–5帧门微开时可见门封区域，但未具体指出应检查门封的哪些位置。,AI=2→R1=1：ASR仅提到擦拭门封去湿气，但未回答'应检查哪些位置'这一具体问题，属于部分相关但不直接回答。,R1,completed,2026-07-28T02:28:46+08:00
VQ-093,洗衣机门封胶圈应该检查哪些位置？,zh-CN,Washing Machine,component,development,washing-051-scene-0002,washing-051,88.355,94.261,2,88.355,94.261,no,第1-6帧（t=88.4s-94.3s）持续展示一只紫色袜子卡在门封与机体缝隙中，字幕提示“确保门与外壳之间没有卡住物”，直接指示应检查门封周边位置。,,R1,completed,2026-07-28T02:28:46+08:00
VQ-093,洗衣机门封胶圈应该检查哪些位置？,zh-CN,Washing Machine,component,development,washing-051-scene-0004,washing-051,150.283,158.892,0,,,no,画面为洗衣机背部，未出现门封胶圈及其检查部位。,,R1,completed,2026-07-28T02:28:46+08:00
VQ-093,洗衣机门封胶圈应该检查哪些位置？,zh-CN,Washing Machine,component,development,washing-051-scene-0008,washing-051,189.956,203.103,0,,,no,6帧均为洗衣机底部排水系统维修画面，未出现门封胶圈。,AI=1→R1=0，画面内容与门封胶圈无关。,R1,completed,2026-07-28T02:28:46+08:00
VQ-093,洗衣机门封胶圈应该检查哪些位置？,zh-CN,Washing Machine,component,development,washing-051-scene-0013,washing-051,299.299,307.007,0,,,no,6帧均未聚焦门封胶圈或任何检查位置。,,R1,completed,2026-07-28T02:28:46+08:00
VQ-093,洗衣机门封胶圈应该检查哪些位置？,zh-CN,Washing Machine,component,development,washing-052-scene-0001,washing-052,0.0,454.41,0,,,no,第3帧（t=184.8s）可见滚筒与门封连接处局部，但画面焦点是拆解操作而非门封胶圈的检查位置或方法。,,R1,completed,2026-07-28T02:28:46+08:00
VQ-093,洗衣机门封胶圈应该检查哪些位置？,zh-CN,Washing Machine,component,development,washing-056-scene-0002,washing-056,5.2,7.92,0,,,no,场景为三星电器顶部前角Logo特写，无门封胶圈检查画面。,,R1,completed,2026-07-28T02:28:46+08:00
VQ-093,洗衣机门封胶圈应该检查哪些位置？,zh-CN,Washing Machine,component,development,washing-056-scene-0003,washing-056,7.92,11.68,0,,,no,6帧均未展示门封胶圈（橡胶密封条），更无检查其哪些位置的内容。,,R1,completed,2026-07-28T02:28:46+08:00
VQ-093,洗衣机门封胶圈应该检查哪些位置？,zh-CN,Washing Machine,component,development,washing-056-scene-0007,washing-056,28.6,33.68,0,,,no,画面仅展示控制面板上设置漂洗次数的操作，未出现门封胶圈及其任何检查位置的特写或说明。,,R1,completed,2026-07-28T02:28:46+08:00
VQ-093,洗衣机门封胶圈应该检查哪些位置？,zh-CN,Washing Machine,component,development,washing-056-scene-0010,washing-056,41.04,44.52,0,,,no,全部6帧（t=41.0s–44.5s）仅显示控制面板，未出现门封胶圈的任何部位。,,R1,completed,2026-07-28T02:28:46+08:00
VQ-093,洗衣机门封胶圈应该检查哪些位置？,zh-CN,Washing Machine,component,development,washing-056-scene-0016,washing-056,65.44,68.68,0,,,no,6帧均为数字显示屏区域特写，门封胶圈不在画面中，无检查位置的内容。,,R1,completed,2026-07-28T02:28:46+08:00
VQ-093,洗衣机门封胶圈应该检查哪些位置？,zh-CN,Washing Machine,component,development,washing-056-scene-0017,washing-056,68.68,75.86,0,,,no,全部6帧（t=68.7s–75.8s）仅展示洗衣机外观和SmartThings设备，未出现门封胶圈的特写或检查步骤。,,R1,completed,2026-07-28T02:28:46+08:00
VQ-093,洗衣机门封胶圈应该检查哪些位置？,zh-CN,Washing Machine,component,development,washing-062-scene-0001,washing-062,0.0,22.923,0,,,no,第3帧（t=9.2s）可见洗衣机舱门但整体为性能问题标题场景，未聚焦门封胶圈任何具体检查位置。,,R1,completed,2026-07-28T02:28:46+08:00
VQ-093,洗衣机门封胶圈应该检查哪些位置？,zh-CN,Washing Machine,component,development,washing-062-scene-0006,washing-062,96.563,100.467,0,,,no,6帧未展示门封胶圈检查位置。,,R1,completed,2026-07-28T02:28:46+08:00
VQ-093,洗衣机门封胶圈应该检查哪些位置？,zh-CN,Washing Machine,component,development,washing-062-scene-0007,washing-062,100.467,126.793,0,,,no,场景为洗涤剂抽屉使用说明，未涉及门封胶圈检查位置。,,R1,completed,2026-07-28T02:28:46+08:00
VQ-094,How do I clean a washing-machine drain filter?,en,Washing Machine,maintenance,development,washing-001-scene-0001,washing-001,0.0,15.78,0,,,no,工业洗衣机外观画面中未出现排水滤网或任何清洁维护操作。,,R1,completed,2026-07-28T02:28:46+08:00
VQ-094,How do I clean a washing-machine drain filter?,en,Washing Machine,maintenance,development,washing-002-scene-0001,washing-002,0.0,23.61,0,,,no,画面无排水滤网组件及清洗操作步骤。,,R1,completed,2026-07-28T02:28:46+08:00
VQ-094,How do I clean a washing-machine drain filter?,en,Washing Machine,maintenance,development,washing-003-scene-0001,washing-003,0.0,26.94,0,,,no,6帧未涉及排水过滤器清洁。,,R1,completed,2026-07-28T02:28:46+08:00
VQ-094,How do I clean a washing-machine drain filter?,en,Washing Machine,maintenance,development,washing-007-scene-0001,washing-007,0.0,3.767,0,,,no,6帧未涉及排水过滤器清洁。,,R1,completed,2026-07-28T02:28:46+08:00
VQ-094,How do I clean a washing-machine drain filter?,en,Washing Machine,maintenance,development,washing-007-scene-0002,washing-007,3.767,7.87,0,,,no,6帧未涉及排水过滤器清洁。,,R1,completed,2026-07-28T02:28:46+08:00
VQ-094,How do I clean a washing-machine drain filter?,en,Washing Machine,maintenance,development,washing-009-scene-0001,washing-009,0.0,30.45,0,,,no,6帧未展示排水过滤器、拆卸工具或清洁动作。,,R1,completed,2026-07-28T02:28:46+08:00
VQ-094,How do I clean a washing-machine drain filter?,en,Washing Machine,maintenance,development,washing-011-scene-0001,washing-011,0.0,14.017,0,,,no,标题卡和静态整机画面中未出现排水滤网或任何清洁步骤。,,R1,completed,2026-07-28T02:28:46+08:00
VQ-094,How do I clean a washing-machine drain filter?,en,Washing Machine,maintenance,development,washing-011-scene-0002,washing-011,14.017,102.57,0,,,no,6帧未展示排水过滤器、拆卸或清洁动作。,,R1,completed,2026-07-28T02:28:46+08:00
VQ-094,How do I clean a washing-machine drain filter?,en,Washing Machine,maintenance,development,washing-030-scene-0001,washing-030,0.0,914.77,0,,,no,6帧中无排水滤网组件出现，也无拆卸、清洗等任何相关动作。,AI=1→R1=0：画面无排水滤网及清洗操作，不应给分。,R1,completed,2026-07-28T02:28:46+08:00
VQ-094,How do I clean a washing-machine drain filter?,en,Washing Machine,maintenance,development,washing-034-scene-0001,washing-034,0.0,168.73,0,,,no,画面中无排水滤网组件，也无清洗操作的任何步骤演示。,,R1,completed,2026-07-28T02:28:46+08:00
VQ-094,How do I clean a washing-machine drain filter?,en,Washing Machine,maintenance,development,washing-049-scene-0001,washing-049,0.0,60.143,0,,,no,画面为滚筒清洁维护说明，未出现排水过滤器或其清洁过程。,AI=1→R1=0：画面为滚筒清洁维护说明，未出现排水过滤器或其清洁过程。,R1,completed,2026-07-28T02:28:46+08:00
VQ-094,How do I clean a washing-machine drain filter?,en,Washing Machine,maintenance,development,washing-049-scene-0002,washing-049,60.143,112.66,0,,,no,场景讲解的是Tub Clean滚筒清洁程序，非排水滤网的拆洗操作，两者是完全不同的维护项目。,AI=1→R1=0：Tub Clean不等于清洗排水滤网，场景内容与该查询无关。,R1,completed,2026-07-28T02:28:46+08:00
VQ-094,How do I clean a washing-machine drain filter?,en,Washing Machine,maintenance,development,washing-051-scene-0007,washing-051,179.513,189.956,1,,,no,第1-6帧（t=179.5s-190.0s）仅显示洗衣机正面并用黄色方框标出底部排水泵过滤器位置，未出现打开、取出、清洗或装回过滤器的操作。,AI=2→R1=1：画面仅指示过滤器位置，未演示如何清洁过滤器的具体步骤。,R1,completed,2026-07-28T02:28:46+08:00
VQ-094,How do I clean a washing-machine drain filter?,en,Washing Machine,maintenance,development,washing-051-scene-0008,washing-051,189.956,203.103,2,190.0,203.1,no,第1-6帧展示打开底部面板、取出排水过滤器并置于水盆中，字幕提示“清洁后重新安装”，但未实际演示清洁过滤器的动作。,AI=3→R1=2，画面未直接演示清洁过滤器的具体动作。,R1,completed,2026-07-28T02:28:46+08:00
VQ-094,How do I clean a washing-machine drain filter?,en,Washing Machine,maintenance,development,washing-052-scene-0001,washing-052,0.0,454.41,1,,,no,第5帧（t=363.5s）展示了底部排水泵及软管区域，产品相关部件出现但未演示取出或清洁排水滤网的任何步骤。,,R1,completed,2026-07-28T02:28:46+08:00
VQ-094,How do I clean a washing-machine drain filter?,en,Washing Machine,maintenance,development,washing-056-scene-0001,washing-056,0.0,5.2,0,,,no,场景仅展示三星洗衣机外观与广告文字，无排水过滤器清洁步骤。,,R1,completed,2026-07-28T02:28:46+08:00
VQ-094,How do I clean a washing-machine drain filter?,en,Washing Machine,maintenance,development,washing-056-scene-0003,washing-056,7.92,11.68,0,,,no,画面中无排水滤网组件，也无清洗操作的任何步骤。,AI=1→R1=0：无排水滤网及清洗操作，不应给分。,R1,completed,2026-07-28T02:28:46+08:00
VQ-094,How do I clean a washing-machine drain filter?,en,Washing Machine,maintenance,development,washing-056-scene-0007,washing-056,28.6,33.68,0,,,no,画面仅展示控制面板上调整漂洗次数的数字变化，未出现排水滤网或任何清洁排水滤网的步骤演示。,,R1,completed,2026-07-28T02:28:46+08:00
VQ-094,How do I clean a washing-machine drain filter?,en,Washing Machine,maintenance,development,washing-056-scene-0016,washing-056,65.44,68.68,0,,,no,画面仅显示控制面板操作，无排水滤网组件或清洗步骤。,,R1,completed,2026-07-28T02:28:46+08:00
VQ-094,How do I clean a washing-machine drain filter?,en,Washing Machine,maintenance,development,washing-056-scene-0017,washing-056,68.68,75.86,0,,,no,全部6帧（t=68.7s–75.8s）中未出现排水过滤器，也没有任何清洁过滤器的操作演示。,,R1,completed,2026-07-28T02:28:46+08:00
VQ-094,How do I clean a washing-machine drain filter?,en,Washing Machine,maintenance,development,washing-062-scene-0001,washing-062,0.0,22.923,0,,,no,全部帧为标题卡与过载提示，未出现排水过滤器拆卸或清洁动作。,,R1,completed,2026-07-28T02:28:46+08:00
VQ-094,How do I clean a washing-machine drain filter?,en,Washing Machine,maintenance,development,washing-062-scene-0002,washing-062,22.923,36.036,0,,,no,全部6帧（t=22.9s–36.0s）仅显示控制面板转速调整操作，无任何排水过滤器清洁相关内容。,,R1,completed,2026-07-28T02:28:46+08:00
VQ-094,How do I clean a washing-machine drain filter?,en,Washing Machine,maintenance,development,washing-062-scene-0003,washing-062,36.036,54.554,0,,,no,6帧未涉及排水过滤器清洁。,,R1,completed,2026-07-28T02:28:46+08:00
VQ-094,How do I clean a washing-machine drain filter?,en,Washing Machine,maintenance,development,washing-062-scene-0006,washing-062,96.563,100.467,0,,,no,6帧未涉及排水过滤器清洁。,,R1,completed,2026-07-28T02:28:46+08:00
VQ-094,How do I clean a washing-machine drain filter?,en,Washing Machine,maintenance,development,washing-062-scene-0007,washing-062,100.467,126.793,0,,,no,场景围绕洗涤剂分配格使用，无排水过滤器清洁步骤。,,R1,completed,2026-07-28T02:28:46+08:00
VQ-095,怎样擦洗滚筒洗衣机门封胶圈？,zh-CN,Washing Machine,maintenance,source_disjoint_test,washing-001-scene-0001,washing-001,0.0,15.78,0,,,no,画面中无门封胶圈出现，也无任何擦洗或清洁动作。,,R1,completed,2026-07-28T02:28:46+08:00
VQ-095,怎样擦洗滚筒洗衣机门封胶圈？,zh-CN,Washing Machine,maintenance,source_disjoint_test,washing-002-scene-0001,washing-002,0.0,23.61,0,,,no,全程无门封胶圈的擦拭或清洁演示。,,R1,completed,2026-07-28T02:28:46+08:00
VQ-095,怎样擦洗滚筒洗衣机门封胶圈？,zh-CN,Washing Machine,maintenance,source_disjoint_test,washing-003-scene-0001,washing-003,0.0,26.94,0,,,no,6帧未展示门封胶圈及擦洗动作。,,R1,completed,2026-07-28T02:28:46+08:00
VQ-095,怎样擦洗滚筒洗衣机门封胶圈？,zh-CN,Washing Machine,maintenance,source_disjoint_test,washing-007-scene-0001,washing-007,0.0,3.767,0,,,no,6帧未展示门封胶圈擦洗。,,R1,completed,2026-07-28T02:28:46+08:00
VQ-095,怎样擦洗滚筒洗衣机门封胶圈？,zh-CN,Washing Machine,maintenance,source_disjoint_test,washing-007-scene-0002,washing-007,3.767,7.87,0,,,no,6帧未展示门封胶圈擦洗。,,R1,completed,2026-07-28T02:28:46+08:00
VQ-095,怎样擦洗滚筒洗衣机门封胶圈？,zh-CN,Washing Machine,maintenance,source_disjoint_test,washing-009-scene-0001,washing-009,0.0,30.45,0,,,no,画面仅显示洗涤剂抽屉，未出现滚筒门封胶圈或擦洗动作。,,R1,completed,2026-07-28T02:28:46+08:00
VQ-095,怎样擦洗滚筒洗衣机门封胶圈？,zh-CN,Washing Machine,maintenance,source_disjoint_test,washing-011-scene-0001,washing-011,0.0,14.017,0,,,no,画面中未出现门封胶圈，也没有任何擦洗或清洁动作。,,R1,completed,2026-07-28T02:28:46+08:00
VQ-095,怎样擦洗滚筒洗衣机门封胶圈？,zh-CN,Washing Machine,maintenance,source_disjoint_test,washing-011-scene-0002,washing-011,14.017,102.57,0,,,no,画面为滚筒内部运转，未出现门封胶圈或擦洗动作。,,R1,completed,2026-07-28T02:28:46+08:00
VQ-095,怎样擦洗滚筒洗衣机门封胶圈？,zh-CN,Washing Machine,maintenance,source_disjoint_test,washing-030-scene-0001,washing-030,0.0,914.77,0,,,no,全程未见门封胶圈，也无擦拭、清洁门封的任何动作或工具。,AI=1→R1=0：门封胶圈未出现在画面中，无擦拭清洁操作可观察。,R1,completed,2026-07-28T02:28:46+08:00
VQ-095,怎样擦洗滚筒洗衣机门封胶圈？,zh-CN,Washing Machine,maintenance,source_disjoint_test,washing-034-scene-0001,washing-034,0.0,168.73,0,,,no,全程为滚筒内部洗涤画面，门封胶圈不在视野范围内，无擦拭清洁动作。,,R1,completed,2026-07-28T02:28:46+08:00
VQ-095,怎样擦洗滚筒洗衣机门封胶圈？,zh-CN,Washing Machine,maintenance,source_disjoint_test,washing-049-scene-0001,washing-049,0.0,60.143,0,,,no,6帧为tub clean说明内容，未展示门封胶圈擦洗动作。,,R1,completed,2026-07-28T02:28:46+08:00
VQ-095,怎样擦洗滚筒洗衣机门封胶圈？,zh-CN,Washing Machine,maintenance,source_disjoint_test,washing-049-scene-0002,washing-049,60.143,112.66,2,91.0,102.2,no,第4–5帧（t=91.0s–102.2s）LG洗衣机门微开，字幕提示'Wipe the door and the inside of the door seal to remove any moisture'，门封胶圈清晰可见，给出了擦拭方法的文字说明但未演示实际擦拭动作。,时间按实际证据片段重定位,R1,completed,2026-07-28T02:28:46+08:00
VQ-095,怎样擦洗滚筒洗衣机门封胶圈？,zh-CN,Washing Machine,maintenance,source_disjoint_test,washing-051-scene-0002,washing-051,88.355,94.261,1,,,no,画面显示袜子卡在门封处，但未出现擦拭、清洁门封胶圈的动作或工具。,,R1,completed,2026-07-28T02:28:46+08:00
VQ-095,怎样擦洗滚筒洗衣机门封胶圈？,zh-CN,Washing Machine,maintenance,source_disjoint_test,washing-051-scene-0008,washing-051,189.956,203.103,0,,,no,画面为底部排水过滤器维修，未出现门封胶圈或擦拭动作。,,R1,completed,2026-07-28T02:28:46+08:00
VQ-095,怎样擦洗滚筒洗衣机门封胶圈？,zh-CN,Washing Machine,maintenance,source_disjoint_test,washing-051-scene-0010,washing-051,231.565,241.975,1,,,no,场景为清洁洗涤剂抽屉，未涉及门封胶圈擦洗。,,R1,completed,2026-07-28T02:28:46+08:00
VQ-095,怎样擦洗滚筒洗衣机门封胶圈？,zh-CN,Washing Machine,maintenance,source_disjoint_test,washing-051-scene-0013,washing-051,299.299,307.007,0,,,no,画面为洗衣机外观与结束画面，未出现门封胶圈或清洁动作。,,R1,completed,2026-07-28T02:28:46+08:00
VQ-095,怎样擦洗滚筒洗衣机门封胶圈？,zh-CN,Washing Machine,maintenance,source_disjoint_test,washing-052-scene-0001,washing-052,0.0,454.41,0,,,no,第3帧可见门封区域但处于拆解状态，全程无任何擦拭、清洁门封胶圈的动作或工具出现。,,R1,completed,2026-07-28T02:28:46+08:00
VQ-095,怎样擦洗滚筒洗衣机门封胶圈？,zh-CN,Washing Machine,maintenance,source_disjoint_test,washing-056-scene-0003,washing-056,7.92,11.68,0,,,no,全程未见门封胶圈，也无擦拭或清洁它的任何动作。,AI=1→R1=0：门封胶圈未出现且无清洁操作，不应给分。,R1,completed,2026-07-28T02:28:46+08:00
VQ-095,怎样擦洗滚筒洗衣机门封胶圈？,zh-CN,Washing Machine,maintenance,source_disjoint_test,washing-056-scene-0007,washing-056,28.6,33.68,0,,,no,全部6帧均为控制面板漂洗次数设置操作，无门封胶圈出现也无任何擦洗动作。,,R1,completed,2026-07-28T02:28:46+08:00
VQ-095,怎样擦洗滚筒洗衣机门封胶圈？,zh-CN,Washing Machine,maintenance,source_disjoint_test,washing-056-scene-0009,washing-056,38.36,41.04,0,,,no,场景为控制面板按钮选择选项，无门封胶圈擦洗画面。,,R1,completed,2026-07-28T02:28:46+08:00
VQ-095,怎样擦洗滚筒洗衣机门封胶圈？,zh-CN,Washing Machine,maintenance,source_disjoint_test,washing-056-scene-0016,washing-056,65.44,68.68,0,,,no,控制面板特写画面中无门封胶圈，也无任何擦拭清洁动作。,,R1,completed,2026-07-28T02:28:46+08:00
VQ-095,怎样擦洗滚筒洗衣机门封胶圈？,zh-CN,Washing Machine,maintenance,source_disjoint_test,washing-056-scene-0017,washing-056,68.68,75.86,0,,,no,全部6帧（t=68.7s–75.8s）中未出现门封胶圈，也没有擦洗或清洁门封的画面。,,R1,completed,2026-07-28T02:28:46+08:00
VQ-095,怎样擦洗滚筒洗衣机门封胶圈？,zh-CN,Washing Machine,maintenance,source_disjoint_test,washing-062-scene-0001,washing-062,0.0,22.923,0,,,no,6帧均未展示门封胶圈或任何擦拭清洁动作。,,R1,completed,2026-07-28T02:28:46+08:00
VQ-095,怎样擦洗滚筒洗衣机门封胶圈？,zh-CN,Washing Machine,maintenance,source_disjoint_test,washing-062-scene-0006,washing-062,96.563,100.467,0,,,no,6帧未展示门封胶圈擦洗。,,R1,completed,2026-07-28T02:28:46+08:00
VQ-095,怎样擦洗滚筒洗衣机门封胶圈？,zh-CN,Washing Machine,maintenance,source_disjoint_test,washing-062-scene-0007,washing-062,100.467,126.793,0,,,no,场景为洗涤剂分配抽屉内容，无门封胶圈擦洗画面。,,R1,completed,2026-07-28T02:28:46+08:00
VQ-096,How do I run a washing-machine drum-clean cycle?,en,Washing Machine,maintenance,source_disjoint_test,washing-001-scene-0001,washing-001,0.0,15.78,0,,,no,工业洗衣机的控制面板在画面中以小比例可见，但未展示筒清洁（drum clean）程序选项或其启动方式。,,R1,completed,2026-07-28T02:28:46+08:00
VQ-096,How do I run a washing-machine drum-clean cycle?,en,Washing Machine,maintenance,source_disjoint_test,washing-002-scene-0001,washing-002,0.0,23.61,0,,,no,普通洗衣房运行场景，无滚筒清洁程序的选择或操作说明。,,R1,completed,2026-07-28T02:28:46+08:00
VQ-096,How do I run a washing-machine drum-clean cycle?,en,Washing Machine,maintenance,source_disjoint_test,washing-003-scene-0001,washing-003,0.0,26.94,0,,,no,6帧未出现筒清洁程序相关画面或说明。,,R1,completed,2026-07-28T02:28:46+08:00
VQ-096,How do I run a washing-machine drum-clean cycle?,en,Washing Machine,maintenance,source_disjoint_test,washing-007-scene-0001,washing-007,0.0,3.767,0,,,no,6帧未涉及筒清洁程序。,,R1,completed,2026-07-28T02:28:46+08:00
VQ-096,How do I run a washing-machine drum-clean cycle?,en,Washing Machine,maintenance,source_disjoint_test,washing-007-scene-0002,washing-007,3.767,7.87,0,,,no,6帧未涉及筒清洁程序。,,R1,completed,2026-07-28T02:28:46+08:00
VQ-096,How do I run a washing-machine drum-clean cycle?,en,Washing Machine,maintenance,source_disjoint_test,washing-009-scene-0001,washing-009,0.0,30.45,0,,,no,6帧为普通洗涤剂添加画面，未展示tub clean程序选择或运行。,,R1,completed,2026-07-28T02:28:46+08:00
VQ-096,How do I run a washing-machine drum-clean cycle?,en,Washing Machine,maintenance,source_disjoint_test,washing-011-scene-0001,washing-011,0.0,14.017,0,,,no,标题卡和静态镜头中未出现控制面板或筒清洁（drum clean）程序选项。,,R1,completed,2026-07-28T02:28:46+08:00
VQ-096,How do I run a washing-machine drum-clean cycle?,en,Washing Machine,maintenance,source_disjoint_test,washing-011-scene-0002,washing-011,14.017,102.57,0,,,no,6帧显示普通洗涤运行，未展示drum-clean cycle程序或维护标识。,,R1,completed,2026-07-28T02:28:46+08:00
VQ-096,How do I run a washing-machine drum-clean cycle?,en,Washing Machine,maintenance,source_disjoint_test,washing-030-scene-0001,washing-030,0.0,914.77,0,,,no,画面内容为护理标签和空滚筒，无滚筒清洁程序的选项、操作步骤或运行状态。,,R1,completed,2026-07-28T02:28:46+08:00
VQ-096,How do I run a washing-machine drum-clean cycle?,en,Washing Machine,maintenance,source_disjoint_test,washing-034-scene-0001,washing-034,0.0,168.73,0,,,no,画面显示的是普通洗涤过程（衣物+水+泡沫），未涉及滚筒清洁程序的选择或运行。,,R1,completed,2026-07-28T02:28:46+08:00
VQ-096,How do I run a washing-machine drum-clean cycle?,en,Washing Machine,maintenance,source_disjoint_test,washing-049-scene-0001,washing-049,0.0,60.143,2,0.0,60.1,no,多帧展示“TUB CLEAN & MAINTENANCE”标题、清洁剂类型（t=24.1s）与抽屉投放位置（t=36.1s），但未演示选择并启动tub clean程序的全过程。,AI时间0.0-60.143s→R1时间0.0-60.1s，按联系表帧标签修正结束时间。,R1,completed,2026-07-28T02:28:46+08:00
VQ-096,How do I run a washing-machine drum-clean cycle?,en,Washing Machine,maintenance,source_disjoint_test,washing-049-scene-0002,washing-049,60.143,112.66,3,60.143,112.66,no,第1–2、6帧展示控制面板上TUB CLEAN选项位置，ASR完整讲解按电源→选Tub Clean→关门→按启动的步骤，第3帧展示滚筒带水运转，第4–5帧补充保养提示（留门虚开、有异味跑两次）。,时间按实际证据片段重定位,R1,completed,2026-07-28T02:28:46+08:00
VQ-096,How do I run a washing-machine drum-clean cycle?,en,Washing Machine,maintenance,source_disjoint_test,washing-051-scene-0001,washing-051,0.0,88.355,1,,,no,全部6帧（t=0.0s–88.4s）展示LG洗衣机及故障排查内容（Reset Control/Power Down/Buttons Not Functioning），产品出现但与滚筒清洁循环完全无关。,,R1,completed,2026-07-28T02:28:46+08:00
VQ-096,How do I run a washing-machine drum-clean cycle?,en,Washing Machine,maintenance,source_disjoint_test,washing-051-scene-0003,washing-051,94.261,150.283,0,,,no,场景为按键/滚筒/门锁故障排除，未涉及筒清洁(Drum Clean)周期操作。,,R1,completed,2026-07-28T02:28:46+08:00
VQ-096,How do I run a washing-machine drum-clean cycle?,en,Washing Machine,maintenance,source_disjoint_test,washing-051-scene-0007,washing-051,179.513,189.956,0,,,no,第1-6帧（t=179.5s-190.0s）内容为漏水/不排水故障排查与排水泵过滤器位置，未涉及筒清洁程序。,,R1,completed,2026-07-28T02:28:46+08:00
VQ-096,How do I run a washing-machine drum-clean cycle?,en,Washing Machine,maintenance,source_disjoint_test,washing-051-scene-0008,washing-051,189.956,203.103,0,,,no,6帧均为排水过滤器维修画面，未涉及筒清洁程序或操作。,AI=1→R1=0，画面与筒清洁程序无关。,R1,completed,2026-07-28T02:28:46+08:00
VQ-096,How do I run a washing-machine drum-clean cycle?,en,Washing Machine,maintenance,source_disjoint_test,washing-051-scene-0012,washing-051,254.154,299.299,0,,,no,6帧主题为负载不平衡导致周期延长，与drum-clean cycle无关。,,R1,completed,2026-07-28T02:28:46+08:00
VQ-096,How do I run a washing-machine drum-clean cycle?,en,Washing Machine,maintenance,source_disjoint_test,washing-052-scene-0001,washing-052,0.0,454.41,0,,,no,全部6帧为硬件拆解画面，未出现控制面板上的筒清洁程序选项或任何启动该程序的演示。,,R1,completed,2026-07-28T02:28:46+08:00
VQ-096,How do I run a washing-machine drum-clean cycle?,en,Washing Machine,maintenance,source_disjoint_test,washing-056-scene-0003,washing-056,7.92,11.68,1,,,no,第1、6帧显示'Simply turn the dial to select your cycle'文字和旋钮操作，第4–5帧显示手指按控制面板按键，但未明确展示滚筒清洁程序选项。,,R1,completed,2026-07-28T02:28:46+08:00
VQ-096,How do I run a washing-machine drum-clean cycle?,en,Washing Machine,maintenance,source_disjoint_test,washing-056-scene-0004,washing-056,11.68,17.8,2,15.4,16.8,no,第5帧（t=16.1s）显示屏清晰显示'Self Clean+'筒清洁程序被选中，参数为70（温度）、2（未知项）、400（转速），展示了如何在程序旋钮中找到并选择筒清洁程序。,AI时间11.68-17.8覆盖了全部6帧程序切换过程，实际展示Self Clean+筒清洁程序的主要是第5帧（t=16.1s）及相邻帧，时间收窄至15.4-16.8。,R1,completed,2026-07-28T02:28:46+08:00
VQ-096,How do I run a washing-machine drum-clean cycle?,en,Washing Machine,maintenance,source_disjoint_test,washing-056-scene-0012,washing-056,47.84,52.44,1,,,no,全部6帧（t=47.8s–52.4s）展示了三星洗衣机控制面板及手指旋钮操作，产品出现但内容仅为设置Delay End延时时间，未涉及滚筒清洁程序。,,R1,completed,2026-07-28T02:28:46+08:00
VQ-096,How do I run a washing-machine drum-clean cycle?,en,Washing Machine,maintenance,source_disjoint_test,washing-056-scene-0013,washing-056,52.44,57.96,1,,,no,第1-6帧（t=52.4s-58.0s）显示SmartThings应用中操作常规Cotton洗涤预约，未涉及筒清洁程序。,,R1,completed,2026-07-28T02:28:46+08:00
VQ-096,How do I run a washing-machine drum-clean cycle?,en,Washing Machine,maintenance,source_disjoint_test,washing-056-scene-0014,washing-056,57.96,60.12,1,,,no,全部6帧（t=58.0s–60.1s）显示手机App中的推荐程序（Cotton）和预约洗涤功能，产品相关的App界面出现但未显示滚筒清洁循环选项。,,R1,completed,2026-07-28T02:28:46+08:00
VQ-096,How do I run a washing-machine drum-clean cycle?,en,Washing Machine,maintenance,source_disjoint_test,washing-062-scene-0001,washing-062,0.0,22.923,0,,,no,画面为性能问题标题卡与过载提示，未涉及筒清洁程序。,,R1,completed,2026-07-28T02:28:46+08:00
VQ-096,How do I run a washing-machine drum-clean cycle?,en,Washing Machine,maintenance,source_disjoint_test,washing-062-scene-0002,washing-062,22.923,36.036,1,,,no,全部6帧（t=22.9s–36.0s）显示LG洗衣机控制面板及转速设置，产品出现但内容为防皱转速调整，与滚筒清洁循环无关。,,R1,completed,2026-07-28T02:28:46+08:00
VQ-096,How do I run a washing-machine drum-clean cycle?,en,Washing Machine,maintenance,source_disjoint_test,washing-062-scene-0003,washing-062,36.036,54.554,0,,,no,6帧未涉及筒清洁程序。,,R1,completed,2026-07-28T02:28:46+08:00
VQ-096,How do I run a washing-machine drum-clean cycle?,en,Washing Machine,maintenance,source_disjoint_test,washing-062-scene-0006,washing-062,96.563,100.467,0,,,no,6帧未涉及筒清洁程序。,,R1,completed,2026-07-28T02:28:46+08:00
VQ-097,洗衣机不排水时怎样检查过滤器和排水管？,zh-CN,Washing Machine,troubleshooting,source_disjoint_test,washing-001-scene-0001,washing-001,0.0,15.78,0,,,no,静态工业洗衣机镜头中未展示排水系统、过滤器或排水管的任何可检查部位。,,R1,completed,2026-07-28T02:28:46+08:00
VQ-097,洗衣机不排水时怎样检查过滤器和排水管？,zh-CN,Washing Machine,troubleshooting,source_disjoint_test,washing-002-scene-0001,washing-002,0.0,23.61,0,,,no,画面内容为多台洗衣机正常运行，无排水故障排查相关内容。,,R1,completed,2026-07-28T02:28:46+08:00
VQ-097,洗衣机不排水时怎样检查过滤器和排水管？,zh-CN,Washing Machine,troubleshooting,source_disjoint_test,washing-003-scene-0001,washing-003,0.0,26.94,0,,,no,6帧未展示过滤器、排水管检查。,,R1,completed,2026-07-28T02:28:46+08:00
VQ-097,洗衣机不排水时怎样检查过滤器和排水管？,zh-CN,Washing Machine,troubleshooting,source_disjoint_test,washing-007-scene-0001,washing-007,0.0,3.767,0,,,no,6帧未展示过滤器或排水管检查。,,R1,completed,2026-07-28T02:28:46+08:00
VQ-097,洗衣机不排水时怎样检查过滤器和排水管？,zh-CN,Washing Machine,troubleshooting,source_disjoint_test,washing-007-scene-0002,washing-007,3.767,7.87,0,,,no,6帧未展示过滤器或排水管。,,R1,completed,2026-07-28T02:28:46+08:00
VQ-097,洗衣机不排水时怎样检查过滤器和排水管？,zh-CN,Washing Machine,troubleshooting,source_disjoint_test,washing-009-scene-0001,washing-009,0.0,30.45,0,,,no,画面仅展示洗涤剂抽屉，未出现排水管、过滤器或不排水排查动作。,,R1,completed,2026-07-28T02:28:46+08:00
VQ-097,洗衣机不排水时怎样检查过滤器和排水管？,zh-CN,Washing Machine,troubleshooting,source_disjoint_test,washing-011-scene-0001,washing-011,0.0,14.017,0,,,no,画面未展示排水系统任何部分，与检查过滤器或排水管故障完全无关。,,R1,completed,2026-07-28T02:28:46+08:00
VQ-097,洗衣机不排水时怎样检查过滤器和排水管？,zh-CN,Washing Machine,troubleshooting,source_disjoint_test,washing-011-scene-0002,washing-011,14.017,102.57,0,,,no,画面仅展示滚筒运转，未出现排水管、过滤器或不排水排查。,,R1,completed,2026-07-28T02:28:46+08:00
VQ-097,洗衣机不排水时怎样检查过滤器和排水管？,zh-CN,Washing Machine,troubleshooting,source_disjoint_test,washing-030-scene-0001,washing-030,0.0,914.77,0,,,no,所有帧均无过滤器检查或排水管排查的任何内容，仅见空滚筒和护理标签。,,R1,completed,2026-07-28T02:28:46+08:00
VQ-097,洗衣机不排水时怎样检查过滤器和排水管？,zh-CN,Washing Machine,troubleshooting,source_disjoint_test,washing-034-scene-0001,washing-034,0.0,168.73,0,,,no,所有帧均为滚筒内部洗涤画面，无过滤器检查或排水管排查内容。,,R1,completed,2026-07-28T02:28:46+08:00
VQ-097,洗衣机不排水时怎样检查过滤器和排水管？,zh-CN,Washing Machine,troubleshooting,source_disjoint_test,washing-049-scene-0001,washing-049,0.0,60.143,0,,,no,画面为tub clean说明，未涉及排水管、过滤器或不排水排查。,,R1,completed,2026-07-28T02:28:46+08:00
VQ-097,洗衣机不排水时怎样检查过滤器和排水管？,zh-CN,Washing Machine,troubleshooting,source_disjoint_test,washing-049-scene-0002,washing-049,60.143,112.66,0,,,no,场景全部内容围绕Tub Clean滚筒清洁程序，未涉及不排水时的过滤器检查或排水管排查步骤。,AI=1→R1=0：Tub Clean程序说明与排水故障排查无关，不应给分。,R1,completed,2026-07-28T02:28:46+08:00
VQ-097,洗衣机不排水时怎样检查过滤器和排水管？,zh-CN,Washing Machine,troubleshooting,source_disjoint_test,washing-051-scene-0007,washing-051,179.513,189.956,2,187.9,189.9,no,"第5帧（t=187.9s）用黄色方框标出洗衣机正面底部排水泵过滤器位置并提示'First, check the drain pump filter'，但未展示具体检查操作或排水管。",AI时间179.513-189.956→R1时间187.9-189.9s：标出过滤器位置的视觉提示集中在第5帧附近，前面帧未出现相关检查内容。,R1,completed,2026-07-28T02:28:46+08:00
VQ-097,洗衣机不排水时怎样检查过滤器和排水管？,zh-CN,Washing Machine,troubleshooting,source_disjoint_test,washing-051-scene-0008,washing-051,189.956,203.103,3,190.0,203.1,no,第1-6帧（t=190.0s-203.1s）依次展示打开底部面板、取出排水过滤器、检查排水管是否弯折，并配以“检查排水管是否扭结或堵塞、清洁排水过滤器”的字幕说明。,时间按实际证据片段重定位,R1,completed,2026-07-28T02:28:46+08:00
VQ-097,洗衣机不排水时怎样检查过滤器和排水管？,zh-CN,Washing Machine,troubleshooting,source_disjoint_test,washing-051-scene-0009,washing-051,203.103,231.565,3,203.103,231.565,no,全部6帧（t=203.1s–231.6s）以'Water Leaking or Not Draining Properly'为标题，逐帧展示LG洗衣机排水管黄圈标注、高度1.2米要求、疏通箭头及地面积水示意，完整回答了不排水时检查过滤器和排水管的方法。,时间按实际证据片段重定位,R1,completed,2026-07-28T02:28:46+08:00
VQ-097,洗衣机不排水时怎样检查过滤器和排水管？,zh-CN,Washing Machine,troubleshooting,source_disjoint_test,washing-052-scene-0001,washing-052,0.0,454.41,2,363.0,364.0,no,第5帧（t=363.5s）展示了机器底部的黑色波纹排水软管和排水泵组件，ASR提到排水泵及灰色排水管走向，与检查排水系统故障直接相关。,AI时间342.1-378.5范围过大，实际展示排水系统的关键内容集中在第5帧（t≈363.5s），收窄至363.0-364.0。,R1,completed,2026-07-28T02:28:46+08:00
VQ-097,洗衣机不排水时怎样检查过滤器和排水管？,zh-CN,Washing Machine,troubleshooting,source_disjoint_test,washing-056-scene-0001,washing-056,0.0,5.2,0,,,no,场景为三星洗衣机产品全景与广告语，无过滤器或排水管检查画面。,,R1,completed,2026-07-28T02:28:46+08:00
VQ-097,洗衣机不排水时怎样检查过滤器和排水管？,zh-CN,Washing Machine,troubleshooting,source_disjoint_test,washing-056-scene-0003,washing-056,7.92,11.68,0,,,no,画面内容为一般操作流程（转旋钮、开门、按面板），无排水故障排查或过滤器/排水管检查内容。,AI=1→R1=0：无任何排水检查或故障排查内容，不应给分。,R1,completed,2026-07-28T02:28:46+08:00
VQ-097,洗衣机不排水时怎样检查过滤器和排水管？,zh-CN,Washing Machine,troubleshooting,source_disjoint_test,washing-056-scene-0007,washing-056,28.6,33.68,0,,,no,画面仅展示漂洗次数调整功能，与检查排水过滤器或排水管故障完全无关。,,R1,completed,2026-07-28T02:28:46+08:00
VQ-097,洗衣机不排水时怎样检查过滤器和排水管？,zh-CN,Washing Machine,troubleshooting,source_disjoint_test,washing-056-scene-0010,washing-056,41.04,44.52,0,,,no,全部6帧（t=41.0s–44.5s）仅显示控制面板附加选项界面，未展示过滤器或排水管的检查方式。,,R1,completed,2026-07-28T02:28:46+08:00
VQ-097,洗衣机不排水时怎样检查过滤器和排水管？,zh-CN,Washing Machine,troubleshooting,source_disjoint_test,washing-056-scene-0016,washing-056,65.44,68.68,0,,,no,画面内容为选择快速洗涤程序的操作，与过滤器检查和排水管排查无关。,,R1,completed,2026-07-28T02:28:46+08:00
VQ-097,洗衣机不排水时怎样检查过滤器和排水管？,zh-CN,Washing Machine,troubleshooting,source_disjoint_test,washing-062-scene-0003,washing-062,36.036,54.554,0,,,no,6帧未展示过滤器或排水管检查。,,R1,completed,2026-07-28T02:28:46+08:00
VQ-097,洗衣机不排水时怎样检查过滤器和排水管？,zh-CN,Washing Machine,troubleshooting,source_disjoint_test,washing-062-scene-0004,washing-062,54.554,60.727,0,,,no,全部6帧（t=54.4s–60.1s）仅展示背部进水接口和阀门，未出现排水过滤器或排水管的检查入口。,,R1,completed,2026-07-28T02:28:46+08:00
VQ-097,洗衣机不排水时怎样检查过滤器和排水管？,zh-CN,Washing Machine,troubleshooting,source_disjoint_test,washing-062-scene-0006,washing-062,96.563,100.467,0,,,no,6帧未展示过滤器或排水管检查。,,R1,completed,2026-07-28T02:28:46+08:00
VQ-097,洗衣机不排水时怎样检查过滤器和排水管？,zh-CN,Washing Machine,troubleshooting,source_disjoint_test,washing-062-scene-0007,washing-062,100.467,126.793,0,,,no,场景为洗涤剂分配抽屉使用说明，无过滤器或排水管检查画面。,,R1,completed,2026-07-28T02:28:46+08:00
VQ-098,How can an unbalanced washing-machine load causing violent movement be corrected?,en,Washing Machine,troubleshooting,source_disjoint_test,washing-001-scene-0001,washing-001,0.0,15.78,0,,,no,画面中无任何关于负载分布、不平衡检测或校正措施的内容。,,R1,completed,2026-07-28T02:28:46+08:00
VQ-098,How can an unbalanced washing-machine load causing violent movement be corrected?,en,Washing Machine,troubleshooting,source_disjoint_test,washing-002-scene-0001,washing-002,0.0,23.61,0,,,no,无偏载、震动异常或校正方法的相关画面或讲解。,,R1,completed,2026-07-28T02:28:46+08:00
VQ-098,How can an unbalanced washing-machine load causing violent movement be corrected?,en,Washing Machine,troubleshooting,source_disjoint_test,washing-003-scene-0001,washing-003,0.0,26.94,0,,,no,6帧中洗衣机运转平稳，未见剧烈晃动或失衡负载纠正。,,R1,completed,2026-07-28T02:28:46+08:00
VQ-098,How can an unbalanced washing-machine load causing violent movement be corrected?,en,Washing Machine,troubleshooting,source_disjoint_test,washing-007-scene-0001,washing-007,0.0,3.767,0,,,no,6帧未见负载失衡或纠正动作。,,R1,completed,2026-07-28T02:28:46+08:00
VQ-098,How can an unbalanced washing-machine load causing violent movement be corrected?,en,Washing Machine,troubleshooting,source_disjoint_test,washing-007-scene-0002,washing-007,3.767,7.87,0,,,no,6帧未见负载失衡或剧烈晃动纠正。,,R1,completed,2026-07-28T02:28:46+08:00
VQ-098,How can an unbalanced washing-machine load causing violent movement be corrected?,en,Washing Machine,troubleshooting,source_disjoint_test,washing-009-scene-0001,washing-009,0.0,30.45,0,,,no,6帧未展示衣物失衡、剧烈晃动或重新分布负载的动作。,,R1,completed,2026-07-28T02:28:46+08:00
VQ-098,How can an unbalanced washing-machine load causing violent movement be corrected?,en,Washing Machine,troubleshooting,source_disjoint_test,washing-011-scene-0001,washing-011,0.0,14.017,0,,,no,标题卡文字虽提及半满衣物离心，但没有任何关于不平衡负载识别或校正的内容。,,R1,completed,2026-07-28T02:28:46+08:00
VQ-098,How can an unbalanced washing-machine load causing violent movement be corrected?,en,Washing Machine,troubleshooting,source_disjoint_test,washing-011-scene-0002,washing-011,14.017,102.57,0,,,no,6帧未展示衣物失衡、剧烈晃动或重新分布负载。,,R1,completed,2026-07-28T02:28:46+08:00
VQ-098,How can an unbalanced washing-machine load causing violent movement be corrected?,en,Washing Machine,troubleshooting,source_disjoint_test,washing-030-scene-0001,washing-030,0.0,914.77,0,,,no,画面中无偏载、震动或校正相关的任何视觉信息。,,R1,completed,2026-07-28T02:28:46+08:00
VQ-098,How can an unbalanced washing-machine load causing violent movement be corrected?,en,Washing Machine,troubleshooting,source_disjoint_test,washing-034-scene-0001,washing-034,0.0,168.73,0,,,no,画面仅展示正常洗涤过程，无偏载校正、重新分布衣物等相关内容。,,R1,completed,2026-07-28T02:28:46+08:00
VQ-098,How can an unbalanced washing-machine load causing violent movement be corrected?,en,Washing Machine,troubleshooting,source_disjoint_test,washing-049-scene-0001,washing-049,0.0,60.143,0,,,no,6帧未展示负载失衡、剧烈晃动或重新分布衣物的动作。,,R1,completed,2026-07-28T02:28:46+08:00
VQ-098,How can an unbalanced washing-machine load causing violent movement be corrected?,en,Washing Machine,troubleshooting,source_disjoint_test,washing-049-scene-0002,washing-049,60.143,112.66,0,,,no,画面和讲解内容均为Tub Clean滚筒清洁及日常保养，无偏载导致剧烈震动的校正方法。,AI=1→R1=0：无偏载校正相关内容，不应给分。,R1,completed,2026-07-28T02:28:46+08:00
VQ-098,How can an unbalanced washing-machine load causing violent movement be corrected?,en,Washing Machine,troubleshooting,source_disjoint_test,washing-051-scene-0001,washing-051,0.0,88.355,0,,,no,全部6帧（t=0.0s–88.4s）内容为故障排查（重置控制、电源问题、按键失灵），未提及不平衡负载或校正方法。,,R1,completed,2026-07-28T02:28:46+08:00
VQ-098,How can an unbalanced washing-machine load causing violent movement be corrected?,en,Washing Machine,troubleshooting,source_disjoint_test,washing-051-scene-0003,washing-051,94.261,150.283,0,,,no,场景为按键失灵与门锁故障排除，未涉及负载不平衡修正方法。,,R1,completed,2026-07-28T02:28:46+08:00
VQ-098,How can an unbalanced washing-machine load causing violent movement be corrected?,en,Washing Machine,troubleshooting,source_disjoint_test,washing-051-scene-0008,washing-051,189.956,203.103,0,,,no,画面为排水故障维修，未展示不平衡负载、剧烈晃动或重新分布衣物。,AI=2→R1=0，画面与不平衡负载无关。,R1,completed,2026-07-28T02:28:46+08:00
VQ-098,How can an unbalanced washing-machine load causing violent movement be corrected?,en,Washing Machine,troubleshooting,source_disjoint_test,washing-051-scene-0010,washing-051,231.565,241.975,1,,,no,场景是清洁抽屉，与负载不平衡导致震动修正无关联，仅产品出现未回答。,AI=2→R1=1：清洁抽屉与负载平衡震动问题无直接关联。,R1,completed,2026-07-28T02:28:46+08:00
VQ-098,How can an unbalanced washing-machine load causing violent movement be corrected?,en,Washing Machine,troubleshooting,source_disjoint_test,washing-051-scene-0012,washing-051,254.154,299.299,2,263.2,290.3,no,第2帧（t=263.2s）起出现“wash articles of similar weight together”及“Pause the cycle and manually redistribute the load”文字说明，直接给出不平衡负载的修正方法。,AI时间254.154-299.299s→R1时间263.2-290.3s，仅含文字提示的帧段直接相关。；来源泄漏由 yes 修正为 no：联系表未见检索方法、排名、分数或答案来源暴露,R1-spotcheck,completed,2026-07-28T09:46:50+08:00
VQ-098,How can an unbalanced washing-machine load causing violent movement be corrected?,en,Washing Machine,troubleshooting,source_disjoint_test,washing-052-scene-0001,washing-052,0.0,454.41,0,,,no,拆解画面中出现电机、悬挂系统等内部构件，但没有任何关于不平衡负载识别或校正方法的内容。,,R1,completed,2026-07-28T02:28:46+08:00
VQ-098,How can an unbalanced washing-machine load causing violent movement be corrected?,en,Washing Machine,troubleshooting,source_disjoint_test,washing-056-scene-0001,washing-056,0.0,5.2,0,,,no,场景为产品全景与品牌广告，未涉及负载平衡或震动修正内容。,,R1,completed,2026-07-28T02:28:46+08:00
VQ-098,How can an unbalanced washing-machine load causing violent movement be corrected?,en,Washing Machine,troubleshooting,source_disjoint_test,washing-056-scene-0003,washing-056,7.92,11.68,0,,,no,所有帧均无偏载、震动或校正分布衣物等相关内容。,AI=1→R1=0：无偏载校正相关内容，不应给分。,R1,completed,2026-07-28T02:28:46+08:00
VQ-098,How can an unbalanced washing-machine load causing violent movement be corrected?,en,Washing Machine,troubleshooting,source_disjoint_test,washing-056-scene-0005,washing-056,17.8,22.8,1,,,no,第1-6帧（t=17.8s-22.8s）显示洗衣机显示屏上的负载量'2'及其他程序参数，未出现不平衡负载剧烈晃动或纠正操作。,,R1,completed,2026-07-28T02:28:46+08:00
VQ-098,How can an unbalanced washing-machine load causing violent movement be corrected?,en,Washing Machine,troubleshooting,source_disjoint_test,washing-056-scene-0007,washing-056,28.6,33.68,0,,,no,画面仅展示在控制面板上调整漂洗次数（rinse count）的操作，这与校正不平衡负载导致的剧烈震动毫无关联。,AI=1→R1=0：设置漂洗次数是洗涤参数配置操作，并非排查或校正不平衡负载的方法，画面完全不相关。,R1,completed,2026-07-28T02:28:46+08:00
VQ-098,How can an unbalanced washing-machine load causing violent movement be corrected?,en,Washing Machine,troubleshooting,source_disjoint_test,washing-056-scene-0008,washing-056,33.68,38.36,1,,,no,第1-6帧（t=33.7s-38.4s）显示手指调节洗衣机脱水转速，未出现不平衡负载、剧烈晃动或如何纠正的画面。,,R1,completed,2026-07-28T02:28:46+08:00
VQ-098,How can an unbalanced washing-machine load causing violent movement be corrected?,en,Washing Machine,troubleshooting,source_disjoint_test,washing-056-scene-0012,washing-056,47.84,52.44,0,,,no,全部6帧（t=47.8s–52.4s）仅为控制面板延时设置操作，未出现任何不平衡负载、剧烈晃动或校正相关画面。,,R1,completed,2026-07-28T02:28:46+08:00
VQ-098,How can an unbalanced washing-machine load causing violent movement be corrected?,en,Washing Machine,troubleshooting,source_disjoint_test,washing-056-scene-0013,washing-056,52.44,57.96,0,,,no,第1-6帧（t=52.4s-58.0s）显示手机应用预约洗衣，未出现不平衡负载、剧烈晃动或纠正方法。,,R1,completed,2026-07-28T02:28:46+08:00
VQ-098,How can an unbalanced washing-machine load causing violent movement be corrected?,en,Washing Machine,troubleshooting,source_disjoint_test,washing-062-scene-0001,washing-062,0.0,22.923,0,,,no,第5帧（t=18.3s）虽显示“Drum is Overloaded”提示，但未涉及不平衡负载、剧烈晃动或重新分布衣物等修正动作。,AI=1→R1=0，画面内容与不平衡负载无关。,R1,completed,2026-07-28T02:28:46+08:00
VQ-098,How can an unbalanced washing-machine load causing violent movement be corrected?,en,Washing Machine,troubleshooting,source_disjoint_test,washing-062-scene-0003,washing-062,36.036,54.554,0,,,no,6帧未见负载失衡或纠正动作。,,R1,completed,2026-07-28T02:28:46+08:00
VQ-098,How can an unbalanced washing-machine load causing violent movement be corrected?,en,Washing Machine,troubleshooting,source_disjoint_test,washing-062-scene-0004,washing-062,54.554,60.727,0,,,no,全部6帧（t=54.4s–60.1s）展示进水管路和防皱提示文字，未涉及不平衡负载或其校正方法。,,R1,completed,2026-07-28T02:28:46+08:00
VQ-098,How can an unbalanced washing-machine load causing violent movement be corrected?,en,Washing Machine,troubleshooting,source_disjoint_test,washing-062-scene-0006,washing-062,96.563,100.467,0,,,no,6帧未见负载失衡或剧烈晃动。,,R1,completed,2026-07-28T02:28:46+08:00
VQ-098,How can an unbalanced washing-machine load causing violent movement be corrected?,en,Washing Machine,troubleshooting,source_disjoint_test,washing-062-scene-0007,washing-062,100.467,126.793,1,,,no,场景是洗涤剂抽屉内容，与负载不平衡震动修正无关联，仅产品出现未回答。,,R1,completed,2026-07-28T02:28:46+08:00
VQ-099,洗衣机运行时为什么不能强行开门？,zh-CN,Washing Machine,safety,source_disjoint_test,washing-001-scene-0001,washing-001,0.0,15.78,2,0.0,15.78,no,全部6帧中工业洗衣机机身上均可见安全警示标签，OCR识别出'DO NOT OPEN DOOR UNTIL MACHINE STOPS AND SENSORS STOP FLASHING'等字样，直接说明了运行期间不能开门的安全原因——需待机器停止且传感器停止闪烁后才能开门。,AI=3→R1=2：警示标签确实直接给出了不能强行开门的原因，但这是工业机型的静态标签而非对家用洗衣机的完整演示说明，且未涵盖电子门锁等机制的详细解释。,R1,completed,2026-07-28T02:28:46+08:00
VQ-099,洗衣机运行时为什么不能强行开门？,zh-CN,Washing Machine,safety,source_disjoint_test,washing-002-scene-0001,washing-002,0.0,23.61,1,,,no,多台洗衣机正在运行中，暗示运行状态，但未解释为何不能强行开门的安全原因。,,R1,completed,2026-07-28T02:28:46+08:00
VQ-099,洗衣机运行时为什么不能强行开门？,zh-CN,Washing Machine,safety,source_disjoint_test,washing-003-scene-0001,washing-003,0.0,26.94,1,,,no,6帧仅显示洗衣机在运行，未解释运行时为何不能强行开门。,,R1,completed,2026-07-28T02:28:46+08:00
VQ-099,洗衣机运行时为什么不能强行开门？,zh-CN,Washing Machine,safety,source_disjoint_test,washing-007-scene-0001,washing-007,0.0,3.767,0,,,no,6帧未解释运行时不能强行开门。,,R1,completed,2026-07-28T02:28:46+08:00
VQ-099,洗衣机运行时为什么不能强行开门？,zh-CN,Washing Machine,safety,source_disjoint_test,washing-007-scene-0002,washing-007,3.767,7.87,0,,,no,6帧未解释运行时不能强行开门。,,R1,completed,2026-07-28T02:28:46+08:00
VQ-099,洗衣机运行时为什么不能强行开门？,zh-CN,Washing Machine,safety,source_disjoint_test,washing-009-scene-0001,washing-009,0.0,30.45,0,,,no,画面为洗涤剂添加特写，未展示运行中开门或相关安全提示。,,R1,completed,2026-07-28T02:28:46+08:00
VQ-099,洗衣机运行时为什么不能强行开门？,zh-CN,Washing Machine,safety,source_disjoint_test,washing-011-scene-0001,washing-011,0.0,14.017,0,,,no,全部帧为标题卡和静态外观，未包含任何门锁安全机制或运行期间禁止开门的原因说明。,,R1,completed,2026-07-28T02:28:46+08:00
VQ-099,洗衣机运行时为什么不能强行开门？,zh-CN,Washing Machine,safety,source_disjoint_test,washing-011-scene-0002,washing-011,14.017,102.57,1,,,no,6帧显示洗衣机运行中且门保持关闭，但未给出运行时不能强行开门的解释。,,R1,completed,2026-07-28T02:28:46+08:00
VQ-099,洗衣机运行时为什么不能强行开门？,zh-CN,Washing Machine,safety,source_disjoint_test,washing-030-scene-0001,washing-030,0.0,914.77,0,,,no,6帧均未包含关于运行安全、门锁机制或为何不能强开的任何讲解或文字提示。,,R1,completed,2026-07-28T02:28:46+08:00
VQ-099,洗衣机运行时为什么不能强行开门？,zh-CN,Washing Machine,safety,source_disjoint_test,washing-034-scene-0001,washing-034,0.0,168.73,1,,,no,机器正在运行洗涤（衣物在滚筒内翻滚），暗示运行中不能开门，但画面未给出任何安全解释或原因说明。,,R1,completed,2026-07-28T02:28:46+08:00
VQ-099,洗衣机运行时为什么不能强行开门？,zh-CN,Washing Machine,safety,source_disjoint_test,washing-049-scene-0001,washing-049,0.0,60.143,0,,,no,画面为tub clean维护说明，未展示运行中强行开门或安全警示。,,R1,completed,2026-07-28T02:28:46+08:00
VQ-099,洗衣机运行时为什么不能强行开门？,zh-CN,Washing Machine,safety,source_disjoint_test,washing-049-scene-0002,washing-049,60.143,112.66,0,,,no,虽然提到'留门虚开'的门操作提示，但未解释运行时为何不能强行开门的安全原因（如烫伤、漏水、机械锁等）。,AI=1→R1=0：未解释为何运行时不能强行开门的原因，仅有的门操作提示是周期后的保养建议。,R1,completed,2026-07-28T02:28:46+08:00
VQ-099,洗衣机运行时为什么不能强行开门？,zh-CN,Washing Machine,safety,source_disjoint_test,washing-051-scene-0002,washing-051,88.355,94.261,0,,,no,第1-6帧展示袜子卡在门封导致门关不严的“Buttons Not Functioning”故障场景，未涉及运行时强行开门的安全风险说明。,AI=2→R1=0，画面为按钮故障与门封卡物，未解释运行时强行开门的危险。,R1,completed,2026-07-28T02:28:46+08:00
VQ-099,洗衣机运行时为什么不能强行开门？,zh-CN,Washing Machine,safety,source_disjoint_test,washing-051-scene-0003,washing-051,94.261,150.283,3,127.9,139.1,no,帧3(t=127.9s)和帧4(t=139.1s)标题'Door is Locked'配合门锁定指示灯图标，ASR'The door cannot be opened for safety reasons once a cycle starts'，明确演示运行时门不可强行开启的原因。,AI时间100.0-105.0s→R1时间127.9-139.1s；AI时间指向'Buttons Not Functioning'帧标签，与'Door is Locked'答案无关。,R1,completed,2026-07-28T02:28:46+08:00
VQ-099,洗衣机运行时为什么不能强行开门？,zh-CN,Washing Machine,safety,source_disjoint_test,washing-051-scene-0005,washing-051,158.892,167.934,0,,,no,6帧展示水压表与进水管路排查，未涉及运行时开门安全。,,R1,completed,2026-07-28T02:28:46+08:00
VQ-099,洗衣机运行时为什么不能强行开门？,zh-CN,Washing Machine,safety,source_disjoint_test,washing-051-scene-0010,washing-051,231.565,241.975,0,,,no,场景围绕清洁洗涤剂抽屉，未涉及运行时强行开门的安全性内容。,,R1,completed,2026-07-28T02:28:46+08:00
VQ-099,洗衣机运行时为什么不能强行开门？,zh-CN,Washing Machine,safety,source_disjoint_test,washing-051-scene-0012,washing-051,254.154,299.299,0,,,no,画面仅展示负载平衡与重新分布衣物文字，未解释运行时强行开门的危险。,,R1,completed,2026-07-28T02:28:46+08:00
VQ-099,洗衣机运行时为什么不能强行开门？,zh-CN,Washing Machine,safety,source_disjoint_test,washing-051-scene-0013,washing-051,299.299,307.007,0,,,no,6帧均为洗衣机外观与“Thank You”结束画面，未涉及运行时开门的安全说明。,,R1,completed,2026-07-28T02:28:46+08:00
VQ-099,洗衣机运行时为什么不能强行开门？,zh-CN,Washing Machine,safety,source_disjoint_test,washing-052-scene-0001,washing-052,0.0,454.41,0,,,no,全部6帧为拆解讲解画面，未出现任何门锁安全机制说明或强行开门风险提示的文字与画面。,,R1,completed,2026-07-28T02:28:46+08:00
VQ-099,洗衣机运行时为什么不能强行开门？,zh-CN,Washing Machine,safety,source_disjoint_test,washing-056-scene-0003,washing-056,7.92,11.68,1,,,no,人物在操作运行中的洗衣机（开门、按面板），暗示运行状态，但未解释为何不能强行开门的安全原因。,,R1,completed,2026-07-28T02:28:46+08:00
VQ-099,洗衣机运行时为什么不能强行开门？,zh-CN,Washing Machine,safety,source_disjoint_test,washing-056-scene-0007,washing-056,28.6,33.68,0,,,no,全部6帧为漂洗次数设置操作，未涉及任何门锁安全机制或运行期间开门限制的说明。,,R1,completed,2026-07-28T02:28:46+08:00
VQ-099,洗衣机运行时为什么不能强行开门？,zh-CN,Washing Machine,safety,source_disjoint_test,washing-056-scene-0011,washing-056,44.52,47.84,0,,,no,画面仅展示Delay End延迟结束设置的操作流程，未包含任何关于运行期间门锁安全机制或不能强行开门的原因说明。,,R1,completed,2026-07-28T02:28:46+08:00
VQ-099,洗衣机运行时为什么不能强行开门？,zh-CN,Washing Machine,safety,source_disjoint_test,washing-056-scene-0016,washing-056,65.44,68.68,0,,,no,全部帧均为控制面板操作，未解释为何运行时不能强行开门的安全原因。,,R1,completed,2026-07-28T02:28:46+08:00
VQ-099,洗衣机运行时为什么不能强行开门？,zh-CN,Washing Machine,safety,source_disjoint_test,washing-056-scene-0017,washing-056,68.68,75.86,0,,,no,全部6帧（t=68.7s–75.8s）仅展示洗衣机外观和SmartThings设备，未解释运行期间不可强行开门的安全原因。,,R1,completed,2026-07-28T02:28:46+08:00
VQ-099,洗衣机运行时为什么不能强行开门？,zh-CN,Washing Machine,safety,source_disjoint_test,washing-062-scene-0001,washing-062,0.0,22.923,0,,,no,6帧均为性能问题标题卡与过载提示，未涉及运行时强行开门的危险说明。,,R1,completed,2026-07-28T02:28:46+08:00
VQ-099,洗衣机运行时为什么不能强行开门？,zh-CN,Washing Machine,safety,source_disjoint_test,washing-062-scene-0003,washing-062,36.036,54.554,0,,,no,6帧未解释运行时不能强行开门。,,R1,completed,2026-07-28T02:28:46+08:00
VQ-099,洗衣机运行时为什么不能强行开门？,zh-CN,Washing Machine,safety,source_disjoint_test,washing-062-scene-0006,washing-062,96.563,100.467,0,,,no,6帧未解释运行时不能强行开门。,,R1,completed,2026-07-28T02:28:46+08:00
VQ-099,洗衣机运行时为什么不能强行开门？,zh-CN,Washing Machine,safety,source_disjoint_test,washing-062-scene-0007,washing-062,100.467,126.793,0,,,no,场景为洗涤剂分配抽屉使用说明，未涉及运行时强行开门安全性内容。,,R1,completed,2026-07-28T02:28:46+08:00
VQ-100,How should washing-machine power and hot residual water be handled before cleaning the drain filter?,en,Washing Machine,safety,source_disjoint_test,washing-001-scene-0001,washing-001,0.0,15.78,0,,,no,工业洗衣机外观镜头中未出现任何关于断电、排放残余热水或清洁前安全准备步骤的说明。,,R1,completed,2026-07-28T02:28:46+08:00
VQ-100,How should washing-machine power and hot residual water be handled before cleaning the drain filter?,en,Washing Machine,safety,source_disjoint_test,washing-002-scene-0001,washing-002,0.0,23.61,0,,,no,画面无断电操作、无残留热水警示，也不涉及清洗排水滤网前的安全准备。,,R1,completed,2026-07-28T02:28:46+08:00
VQ-100,How should washing-machine power and hot residual water be handled before cleaning the drain filter?,en,Washing Machine,safety,source_disjoint_test,washing-003-scene-0001,washing-003,0.0,26.94,0,,,no,6帧未涉及断电、排残水等排水过滤器清洁前准备。,,R1,completed,2026-07-28T02:28:46+08:00
VQ-100,How should washing-machine power and hot residual water be handled before cleaning the drain filter?,en,Washing Machine,safety,source_disjoint_test,washing-007-scene-0001,washing-007,0.0,3.767,0,,,no,6帧未涉及断电、排残水等排水过滤器清洁前准备。,,R1,completed,2026-07-28T02:28:46+08:00
VQ-100,How should washing-machine power and hot residual water be handled before cleaning the drain filter?,en,Washing Machine,safety,source_disjoint_test,washing-007-scene-0002,washing-007,3.767,7.87,0,,,no,6帧未涉及断电、排残水等排水过滤器清洁前准备。,,R1,completed,2026-07-28T02:28:46+08:00
VQ-100,How should washing-machine power and hot residual water be handled before cleaning the drain filter?,en,Washing Machine,safety,source_disjoint_test,washing-009-scene-0001,washing-009,0.0,30.45,0,,,no,6帧未涉及电源处理、残余热水或排水过滤器清洁准备。,,R1,completed,2026-07-28T02:28:46+08:00
VQ-100,How should washing-machine power and hot residual water be handled before cleaning the drain filter?,en,Washing Machine,safety,source_disjoint_test,washing-011-scene-0001,washing-011,0.0,14.017,0,,,no,标题卡和静态画面中未出现任何关于断电操作或排放残余热水的安全提示。,,R1,completed,2026-07-28T02:28:46+08:00
VQ-100,How should washing-machine power and hot residual water be handled before cleaning the drain filter?,en,Washing Machine,safety,source_disjoint_test,washing-011-scene-0002,washing-011,14.017,102.57,0,,,no,画面为普通洗涤运行，未涉及电源、残余热水或排水过滤器清洁准备。,,R1,completed,2026-07-28T02:28:46+08:00
VQ-100,How should washing-machine power and hot residual water be handled before cleaning the drain filter?,en,Washing Machine,safety,source_disjoint_test,washing-030-scene-0001,washing-030,0.0,914.77,0,,,no,画面无断电操作、无残留热水警示，也未涉及清洗排水滤网前的安全准备事项。,,R1,completed,2026-07-28T02:28:46+08:00
VQ-100,How should washing-machine power and hot residual water be handled before cleaning the drain filter?,en,Washing Machine,safety,source_disjoint_test,washing-034-scene-0001,washing-034,0.0,168.73,0,,,no,画面无断电、排放热水等清洗排水滤网前的安全准备内容。,,R1,completed,2026-07-28T02:28:46+08:00
VQ-100,How should washing-machine power and hot residual water be handled before cleaning the drain filter?,en,Washing Machine,safety,source_disjoint_test,washing-049-scene-0001,washing-049,0.0,60.143,0,,,no,画面为滚筒清洁说明，未涉及清洁排水过滤器前的断电或热水处理。,AI=1→R1=0：画面为滚筒清洁说明，未涉及清洁排水过滤器前的断电或热水处理。,R1,completed,2026-07-28T02:28:46+08:00
VQ-100,How should washing-machine power and hot residual water be handled before cleaning the drain filter?,en,Washing Machine,safety,source_disjoint_test,washing-049-scene-0002,washing-049,60.143,112.66,0,,,no,场景讲解Tub Clean程序操作，未涉及清洗排水滤网前的断电或排放残留热水等安全准备工作。,AI=1→R1=0：无排水滤网清洗前的断电/防烫水等安全准备内容，不应给分。,R1,completed,2026-07-28T02:28:46+08:00
VQ-100,How should washing-machine power and hot residual water be handled before cleaning the drain filter?,en,Washing Machine,safety,source_disjoint_test,washing-051-scene-0007,washing-051,179.513,189.956,1,,,no,第1-6帧（t=179.5s-190.0s）仅标出排水泵过滤器位置，未提及断电、处理残留热水等清洁前安全操作。,,R1,completed,2026-07-28T02:28:46+08:00
VQ-100,How should washing-machine power and hot residual water be handled before cleaning the drain filter?,en,Washing Machine,safety,source_disjoint_test,washing-051-scene-0008,washing-051,189.956,203.103,0,,,no,第1-6帧展示排水过滤器取出过程，但未出现断电、处理残留热水等安全前置步骤。,AI=2→R1=0，画面未涉及清洁前的电源与热水处理。,R1,completed,2026-07-28T02:28:46+08:00
VQ-100,How should washing-machine power and hot residual water be handled before cleaning the drain filter?,en,Washing Machine,safety,source_disjoint_test,washing-052-scene-0001,washing-052,0.0,454.41,1,,,no,ASR提到机器仅有冷水进水口和内置加热器，画面展示拆解状态下的整机，但未演示断电或排放残余水的具体操作步骤。,,R1,completed,2026-07-28T02:28:46+08:00
VQ-100,How should washing-machine power and hot residual water be handled before cleaning the drain filter?,en,Washing Machine,safety,source_disjoint_test,washing-056-scene-0003,washing-056,7.92,11.68,0,,,no,画面无断电操作、无残留热水处理提示，也未涉及清洗排水滤网前的安全准备事项。,AI=1→R1=0：无断电或热水处理的相关安全内容，不应给分。,R1,completed,2026-07-28T02:28:46+08:00
VQ-100,How should washing-machine power and hot residual water be handled before cleaning the drain filter?,en,Washing Machine,safety,source_disjoint_test,washing-056-scene-0006,washing-056,22.8,28.6,1,,,no,全部6帧（t=22.8s–28.6s）展示手指在控制面板上将水温调整为冷水（Co）且显示屏显示'Filling with cold water'，这是正常设定洗涤水温的操作，并非清洁排水过滤器前的安全准备步骤。,AI=2→R1=1：画面仅为正常洗涤时设定水温为冷水的操作，未涉及清洁过滤器前需断电或排放余热水的安全说明。,R1,completed,2026-07-28T02:28:46+08:00
VQ-100,How should washing-machine power and hot residual water be handled before cleaning the drain filter?,en,Washing Machine,safety,source_disjoint_test,washing-056-scene-0010,washing-056,41.04,44.52,0,,,no,全部6帧（t=41.0s–44.5s）仅显示控制面板选项界面，无断电或处理残余热水的安全操作说明。,,R1,completed,2026-07-28T02:28:46+08:00
VQ-100,How should washing-machine power and hot residual water be handled before cleaning the drain filter?,en,Washing Machine,safety,source_disjoint_test,washing-056-scene-0014,washing-056,57.96,60.12,0,,,no,全部6帧（t=58.0s–60.1s）仅为手机App的洗涤程序选择界面，无断电或过滤器清洁前余水处理的任何内容。,,R1,completed,2026-07-28T02:28:46+08:00
VQ-100,How should washing-machine power and hot residual water be handled before cleaning the drain filter?,en,Washing Machine,safety,source_disjoint_test,washing-062-scene-0003,washing-062,36.036,54.554,1,,,no,6帧显示“Cold water Inlet Connected to Hot water”提示，仅提到冷水入口不应接热水，未完整说明清洁排水过滤器前如何断电源及处理热水残留。,AI=2→R1=1：画面仅提示冷水入口不应接热水，未完整演示清洁排水过滤器前如何断电源及处理热水残留。,R1,completed,2026-07-28T02:28:46+08:00
VQ-100,How should washing-machine power and hot residual water be handled before cleaning the drain filter?,en,Washing Machine,safety,source_disjoint_test,washing-062-scene-0004,washing-062,54.554,60.727,1,,,no,第3–5帧（t=57.0s–59.5s）展示了标注COLD/HOT的冷热水阀门图示，与热水概念相关；但场景主题为防皱（用热水漂洗会定型褶皱），并未说明清洁过滤器前的断电或余水处理步骤。,,R1,completed,2026-07-28T02:28:46+08:00
