scene_id,record_id,start_seconds,end_seconds,duration_seconds,clip_path,clip_bytes,clip_sha256,source_path,source_sha256,detector,threshold,minimum_scene_seconds,processed_at,status,error
airfryer-002-scene-0001,airfryer-002,0.000,11.044,11.044,data_video/processed/airfryer-002/clips/airfryer-002-scene-0001.mp4,571931,77114a246e1dfd95229750172aba25decd822129a0d1fcaa858791cc50d7d083,data_video/raw/archive_candidates/airfryer-002.mp4,08a1d39bea47bfc6b67b5006e6e16729af75bc0ae9fb060268014e1e4885b8f0,ffmpeg_scene_score,0.32,2,2026-07-22T12:41:06.684575+00:00,success,
airfryer-002-scene-0002,airfryer-002,11.044,77.544,66.500,data_video/processed/airfryer-002/clips/airfryer-002-scene-0002.mp4,3545826,9702b72a037afefef75f57709ab7f3f31c28553190c0ce712683df3524534643,data_video/raw/archive_candidates/airfryer-002.mp4,08a1d39bea47bfc6b67b5006e6e16729af75bc0ae9fb060268014e1e4885b8f0,ffmpeg_scene_score,0.32,2,2026-07-22T12:41:18.708495+00:00,success,
airfryer-002-scene-0003,airfryer-002,77.544,96.630,19.086,data_video/processed/airfryer-002/clips/airfryer-002-scene-0003.mp4,1646078,472bac05d456552b7294c0ae0c0147bc61c0107d44abeabfca76b2c76caa12ea,data_video/raw/archive_candidates/airfryer-002.mp4,08a1d39bea47bfc6b67b5006e6e16729af75bc0ae9fb060268014e1e4885b8f0,ffmpeg_scene_score,0.32,2,2026-07-22T12:41:23.681162+00:00,success,
airfryer-002-scene-0004,airfryer-002,96.630,118.852,22.222,data_video/processed/airfryer-002/clips/airfryer-002-scene-0004.mp4,1385178,31d2e231199fbbf7a561602527ef13386264833029999e09e087521ce2c7d90c,data_video/raw/archive_candidates/airfryer-002.mp4,08a1d39bea47bfc6b67b5006e6e16729af75bc0ae9fb060268014e1e4885b8f0,ffmpeg_scene_score,0.32,2,2026-07-22T12:41:28.325717+00:00,success,
airfryer-002-scene-0005,airfryer-002,118.852,126.393,7.541,data_video/processed/airfryer-002/clips/airfryer-002-scene-0005.mp4,617952,d90abc89508143e0d26e365d553c9a999c9e4d7bab8459b068c6670df92c1f17,data_video/raw/archive_candidates/airfryer-002.mp4,08a1d39bea47bfc6b67b5006e6e16729af75bc0ae9fb060268014e1e4885b8f0,ffmpeg_scene_score,0.32,2,2026-07-22T12:41:31.081550+00:00,success,
airfryer-002-scene-0006,airfryer-002,126.393,137.271,10.878,data_video/processed/airfryer-002/clips/airfryer-002-scene-0006.mp4,577927,7ca2390b43264e3aac6545c54a36525463b5b042d32006bd89cb79ff1a7c961b,data_video/raw/archive_candidates/airfryer-002.mp4,08a1d39bea47bfc6b67b5006e6e16729af75bc0ae9fb060268014e1e4885b8f0,ffmpeg_scene_score,0.32,2,2026-07-22T12:41:33.472233+00:00,success,
airfryer-002-scene-0007,airfryer-002,137.271,191.625,54.354,data_video/processed/airfryer-002/clips/airfryer-002-scene-0007.mp4,6071703,64ed170ea0212f4a64f35d2e94c1e76d0548a9a02dadc01d842c0574a9def078,data_video/raw/archive_candidates/airfryer-002.mp4,08a1d39bea47bfc6b67b5006e6e16729af75bc0ae9fb060268014e1e4885b8f0,ffmpeg_scene_score,0.32,2,2026-07-22T12:41:48.334971+00:00,success,
airfryer-002-scene-0008,airfryer-002,191.625,241.808,50.184,data_video/processed/airfryer-002/clips/airfryer-002-scene-0008.mp4,3215903,6e0d7a87c3fa9ca03631a76b157351a9bb41e6e88e74bb8e5e95e54a8a5e96dd,data_video/raw/archive_candidates/airfryer-002.mp4,08a1d39bea47bfc6b67b5006e6e16729af75bc0ae9fb060268014e1e4885b8f0,ffmpeg_scene_score,0.32,2,2026-07-22T12:41:57.980925+00:00,success,
airfryer-002-scene-0009,airfryer-002,241.808,257.424,15.616,data_video/processed/airfryer-002/clips/airfryer-002-scene-0009.mp4,1857911,75ce5c4fb0280ee2a8ab9f4e9f9fe1675be2906534423a5f8c51756e6eeffc13,data_video/raw/archive_candidates/airfryer-002.mp4,08a1d39bea47bfc6b67b5006e6e16729af75bc0ae9fb060268014e1e4885b8f0,ffmpeg_scene_score,0.32,2,2026-07-22T12:42:03.028805+00:00,success,
airfryer-002-scene-0010,airfryer-002,257.424,283.851,26.426,data_video/processed/airfryer-002/clips/airfryer-002-scene-0010.mp4,1800143,804b18eab6e7d2b2b4c413c3341ab9e07f76c93ce577629f553347748656cab1,data_video/raw/archive_candidates/airfryer-002.mp4,08a1d39bea47bfc6b67b5006e6e16729af75bc0ae9fb060268014e1e4885b8f0,ffmpeg_scene_score,0.32,2,2026-07-22T12:42:08.132592+00:00,success,
airfryer-002-scene-0011,airfryer-002,283.851,328.095,44.244,data_video/processed/airfryer-002/clips/airfryer-002-scene-0011.mp4,5133109,4670f5e14b4a2072814904f1e82e9a1db05942d45b574179b76146c2a7cc1ea3,data_video/raw/archive_candidates/airfryer-002.mp4,08a1d39bea47bfc6b67b5006e6e16729af75bc0ae9fb060268014e1e4885b8f0,ffmpeg_scene_score,0.32,2,2026-07-22T12:42:19.803213+00:00,success,
airfryer-002-scene-0012,airfryer-002,328.095,337.137,9.042,data_video/processed/airfryer-002/clips/airfryer-002-scene-0012.mp4,706636,456bdd5920f387b6cad299be5e5084b2b6e6f6d5984dee4839da43be125e10e3,data_video/raw/archive_candidates/airfryer-002.mp4,08a1d39bea47bfc6b67b5006e6e16729af75bc0ae9fb060268014e1e4885b8f0,ffmpeg_scene_score,0.32,2,2026-07-22T12:42:22.569557+00:00,success,
airfryer-002-scene-0013,airfryer-002,337.137,345.145,8.008,data_video/processed/airfryer-002/clips/airfryer-002-scene-0013.mp4,1118296,6082d2508c6cf1ceb4467c894c2e632fc3d8d41e4065b980f271c38b6a47a7e6,data_video/raw/archive_candidates/airfryer-002.mp4,08a1d39bea47bfc6b67b5006e6e16729af75bc0ae9fb060268014e1e4885b8f0,ffmpeg_scene_score,0.32,2,2026-07-22T12:42:25.977934+00:00,success,
airfryer-002-scene-0014,airfryer-002,345.145,357.840,12.695,data_video/processed/airfryer-002/clips/airfryer-002-scene-0014.mp4,551770,160f2a01ae63826884a05578df42f959c938c7d1e3ec051d5a24ba466c09808d,data_video/raw/archive_candidates/airfryer-002.mp4,08a1d39bea47bfc6b67b5006e6e16729af75bc0ae9fb060268014e1e4885b8f0,ffmpeg_scene_score,0.32,2,2026-07-22T12:42:28.309672+00:00,success,
airfryer-005-scene-0001,airfryer-005,0.000,50.167,50.167,data_video/processed/airfryer-005/clips/airfryer-005-scene-0001.mp4,1593567,ffe1e703f34532568a6445c498b0601e268b2b797cb74ce006aadc368aa06fb7,data_video/raw/archive_candidates/airfryer-005.mp4,af30c198eef94cae98d3b1c2ec8fc7ba6b0571979c2701c2d108dd8f0c33bd3a,ffmpeg_scene_score,0.32,2,2026-07-22T12:42:50.479051+00:00,success,
airfryer-005-scene-0002,airfryer-005,50.167,54.587,4.420,data_video/processed/airfryer-005/clips/airfryer-005-scene-0002.mp4,101246,8ab4f6e5a4dd807219a59475033bfc1b5e95ea2f83d0b11065c17f1239ff97c5,data_video/raw/archive_candidates/airfryer-005.mp4,af30c198eef94cae98d3b1c2ec8fc7ba6b0571979c2701c2d108dd8f0c33bd3a,ffmpeg_scene_score,0.32,2,2026-07-22T12:42:52.019271+00:00,success,
airfryer-005-scene-0003,airfryer-005,54.587,68.307,13.720,data_video/processed/airfryer-005/clips/airfryer-005-scene-0003.mp4,454927,2fe893b81d7cdf6e8e8ef698a6775cdcfd1784511669af24f1c6fb5c7432f558,data_video/raw/archive_candidates/airfryer-005.mp4,af30c198eef94cae98d3b1c2ec8fc7ba6b0571979c2701c2d108dd8f0c33bd3a,ffmpeg_scene_score,0.32,2,2026-07-22T12:42:56.769025+00:00,success,
airfryer-005-scene-0004,airfryer-005,68.307,80.609,12.302,data_video/processed/airfryer-005/clips/airfryer-005-scene-0004.mp4,606310,fa49bf55a4d8c334c82dfb10df25066971995af4b6b0ef55d1bb8967bf9c1017,data_video/raw/archive_candidates/airfryer-005.mp4,af30c198eef94cae98d3b1c2ec8fc7ba6b0571979c2701c2d108dd8f0c33bd3a,ffmpeg_scene_score,0.32,2,2026-07-22T12:43:00.588166+00:00,success,
airfryer-005-scene-0005,airfryer-005,80.609,85.655,5.046,data_video/processed/airfryer-005/clips/airfryer-005-scene-0005.mp4,204076,121e57462af18473ca71509c547cc4a9dcce2548ba3ae63a643be0b99df8ed2a,data_video/raw/archive_candidates/airfryer-005.mp4,af30c198eef94cae98d3b1c2ec8fc7ba6b0571979c2701c2d108dd8f0c33bd3a,ffmpeg_scene_score,0.32,2,2026-07-22T12:43:02.582789+00:00,success,
airfryer-005-scene-0006,airfryer-005,85.655,93.036,7.381,data_video/processed/airfryer-005/clips/airfryer-005-scene-0006.mp4,494684,1740d96d63f52a505a7d57f98f31c90ee0e2059971eb9b318b67b98e8339a30c,data_video/raw/archive_candidates/airfryer-005.mp4,af30c198eef94cae98d3b1c2ec8fc7ba6b0571979c2701c2d108dd8f0c33bd3a,ffmpeg_scene_score,0.32,2,2026-07-22T12:43:05.126297+00:00,success,
airfryer-005-scene-0007,airfryer-005,93.036,99.208,6.172,data_video/processed/airfryer-005/clips/airfryer-005-scene-0007.mp4,273219,e7a599dd041b1dbed03fd199c412259a285d45c0c4adb2898cbbfcab8d5c2842,data_video/raw/archive_candidates/airfryer-005.mp4,af30c198eef94cae98d3b1c2ec8fc7ba6b0571979c2701c2d108dd8f0c33bd3a,ffmpeg_scene_score,0.32,2,2026-07-22T12:43:07.202343+00:00,success,
airfryer-005-scene-0008,airfryer-005,99.208,102.085,2.877,data_video/processed/airfryer-005/clips/airfryer-005-scene-0008.mp4,137111,f4a6830190ceb836c22481d9121843f54eb49ee18b0b7bbbc72c86e22987697b,data_video/raw/archive_candidates/airfryer-005.mp4,af30c198eef94cae98d3b1c2ec8fc7ba6b0571979c2701c2d108dd8f0c33bd3a,ffmpeg_scene_score,0.32,2,2026-07-22T12:43:08.376202+00:00,success,
airfryer-005-scene-0009,airfryer-005,102.085,108.674,6.589,data_video/processed/airfryer-005/clips/airfryer-005-scene-0009.mp4,268003,02d0d7d43157f43e5a785ac9fd52d3d6cad74dea6d3fc389ef8b4f4d7a6c50dc,data_video/raw/archive_candidates/airfryer-005.mp4,af30c198eef94cae98d3b1c2ec8fc7ba6b0571979c2701c2d108dd8f0c33bd3a,ffmpeg_scene_score,0.32,2,2026-07-22T12:43:11.210517+00:00,success,
airfryer-005-scene-0010,airfryer-005,108.674,119.766,11.093,data_video/processed/airfryer-005/clips/airfryer-005-scene-0010.mp4,630894,1c31f50951df2373304220acb7c1a6fc0489cde46e5634a09c017be3472b0a0b,data_video/raw/archive_candidates/airfryer-005.mp4,af30c198eef94cae98d3b1c2ec8fc7ba6b0571979c2701c2d108dd8f0c33bd3a,ffmpeg_scene_score,0.32,2,2026-07-22T12:43:14.670640+00:00,success,
airfryer-005-scene-0011,airfryer-005,119.766,123.603,3.837,data_video/processed/airfryer-005/clips/airfryer-005-scene-0011.mp4,176240,2dc0bfd96869076f24d5df02d1721f201b10fece7b8117e47b87b38b7babc35b,data_video/raw/archive_candidates/airfryer-005.mp4,af30c198eef94cae98d3b1c2ec8fc7ba6b0571979c2701c2d108dd8f0c33bd3a,ffmpeg_scene_score,0.32,2,2026-07-22T12:43:16.228564+00:00,success,
airfryer-005-scene-0012,airfryer-005,123.603,150.167,26.564,data_video/processed/airfryer-005/clips/airfryer-005-scene-0012.mp4,1574647,2fbe7ad1684d7fa0137f1027bf5be0829545ff7935d87d7fbb67aa12f8359083,data_video/raw/archive_candidates/airfryer-005.mp4,af30c198eef94cae98d3b1c2ec8fc7ba6b0571979c2701c2d108dd8f0c33bd3a,ffmpeg_scene_score,0.32,2,2026-07-22T12:43:22.108983+00:00,success,
airfryer-005-scene-0013,airfryer-005,150.167,155.796,5.630,data_video/processed/airfryer-005/clips/airfryer-005-scene-0013.mp4,275945,d54c96df4191b9982c16e5ec3dd60c176f73b58274ad098a13f1555c7971ed87,data_video/raw/archive_candidates/airfryer-005.mp4,af30c198eef94cae98d3b1c2ec8fc7ba6b0571979c2701c2d108dd8f0c33bd3a,ffmpeg_scene_score,0.32,2,2026-07-22T12:43:23.881282+00:00,success,
airfryer-005-scene-0014,airfryer-005,155.796,162.344,6.547,data_video/processed/airfryer-005/clips/airfryer-005-scene-0014.mp4,382241,856e3ae4a6d2f566f0443ac42706337e360c4aeadf5a05fc46ace88fdc919799,data_video/raw/archive_candidates/airfryer-005.mp4,af30c198eef94cae98d3b1c2ec8fc7ba6b0571979c2701c2d108dd8f0c33bd3a,ffmpeg_scene_score,0.32,2,2026-07-22T12:43:26.091071+00:00,success,
airfryer-005-scene-0015,airfryer-005,162.344,172.394,10.050,data_video/processed/airfryer-005/clips/airfryer-005-scene-0015.mp4,445602,bbbb857cf69b9bcddd5617049e515db507763486a2c33d6063a71760f3940287,data_video/raw/archive_candidates/airfryer-005.mp4,af30c198eef94cae98d3b1c2ec8fc7ba6b0571979c2701c2d108dd8f0c33bd3a,ffmpeg_scene_score,0.32,2,2026-07-22T12:43:29.185590+00:00,success,
airfryer-005-scene-0016,airfryer-005,172.394,176.439,4.045,data_video/processed/airfryer-005/clips/airfryer-005-scene-0016.mp4,251686,0aba34ae5ece5af0041183978076bae7d39c1d6078ff58211239a80359ee5054,data_video/raw/archive_candidates/airfryer-005.mp4,af30c198eef94cae98d3b1c2ec8fc7ba6b0571979c2701c2d108dd8f0c33bd3a,ffmpeg_scene_score,0.32,2,2026-07-22T12:43:30.678254+00:00,success,
airfryer-005-scene-0017,airfryer-005,176.439,185.196,8.757,data_video/processed/airfryer-005/clips/airfryer-005-scene-0017.mp4,488710,802237b51f377dce0a42ef0e1ec05c3179a559405b6fa86fbc8221cab77e00f7,data_video/raw/archive_candidates/airfryer-005.mp4,af30c198eef94cae98d3b1c2ec8fc7ba6b0571979c2701c2d108dd8f0c33bd3a,ffmpeg_scene_score,0.32,2,2026-07-22T12:43:32.920592+00:00,success,
airfryer-005-scene-0018,airfryer-005,185.196,192.535,7.339,data_video/processed/airfryer-005/clips/airfryer-005-scene-0018.mp4,327058,776dab0287fc5a90cce15d80c11876e2611467007e8bead81307824f771242a7,data_video/raw/archive_candidates/airfryer-005.mp4,af30c198eef94cae98d3b1c2ec8fc7ba6b0571979c2701c2d108dd8f0c33bd3a,ffmpeg_scene_score,0.32,2,2026-07-22T12:43:35.245097+00:00,success,
airfryer-005-scene-0019,airfryer-005,192.535,199.291,6.756,data_video/processed/airfryer-005/clips/airfryer-005-scene-0019.mp4,319045,26b37900f7c2aa99e62c7ffb3976f24f6fa2ebcbb5b208e3b8d40389747576f3,data_video/raw/archive_candidates/airfryer-005.mp4,af30c198eef94cae98d3b1c2ec8fc7ba6b0571979c2701c2d108dd8f0c33bd3a,ffmpeg_scene_score,0.32,2,2026-07-22T12:43:37.367017+00:00,success,
airfryer-005-scene-0020,airfryer-005,199.291,202.502,3.211,data_video/processed/airfryer-005/clips/airfryer-005-scene-0020.mp4,134266,01bdc584b9a96669b110af7e8ae89b3f6456261e0f81fe62ad594a98b3acc2c4,data_video/raw/archive_candidates/airfryer-005.mp4,af30c198eef94cae98d3b1c2ec8fc7ba6b0571979c2701c2d108dd8f0c33bd3a,ffmpeg_scene_score,0.32,2,2026-07-22T12:43:38.872912+00:00,success,
airfryer-005-scene-0021,airfryer-005,202.502,207.465,4.962,data_video/processed/airfryer-005/clips/airfryer-005-scene-0021.mp4,291168,9cd8485e5e22b7fa0d7ad5333e4b94ba60680168dda942743680862a5cab11ec,data_video/raw/archive_candidates/airfryer-005.mp4,af30c198eef94cae98d3b1c2ec8fc7ba6b0571979c2701c2d108dd8f0c33bd3a,ffmpeg_scene_score,0.32,2,2026-07-22T12:43:40.559758+00:00,success,
airfryer-005-scene-0022,airfryer-005,207.465,227.314,19.850,data_video/processed/airfryer-005/clips/airfryer-005-scene-0022.mp4,787238,b6b08fe15826cb33ab840c481d2146e532f460276a97eea66f04869f330786a8,data_video/raw/archive_candidates/airfryer-005.mp4,af30c198eef94cae98d3b1c2ec8fc7ba6b0571979c2701c2d108dd8f0c33bd3a,ffmpeg_scene_score,0.32,2,2026-07-22T12:43:45.483820+00:00,success,
airfryer-005-scene-0023,airfryer-005,227.314,232.694,5.379,data_video/processed/airfryer-005/clips/airfryer-005-scene-0023.mp4,319099,2567d1bb7322fb071eba84d007265b9b1bd5e2d125d124ba303f96d42feef0aa,data_video/raw/archive_candidates/airfryer-005.mp4,af30c198eef94cae98d3b1c2ec8fc7ba6b0571979c2701c2d108dd8f0c33bd3a,ffmpeg_scene_score,0.32,2,2026-07-22T12:43:47.512326+00:00,success,
airfryer-005-scene-0024,airfryer-005,232.694,239.199,6.505,data_video/processed/airfryer-005/clips/airfryer-005-scene-0024.mp4,221503,669a06971b7e2f8e10a50bfa6a0c581b4c862762b424b79057db6887e6a0d40f,data_video/raw/archive_candidates/airfryer-005.mp4,af30c198eef94cae98d3b1c2ec8fc7ba6b0571979c2701c2d108dd8f0c33bd3a,ffmpeg_scene_score,0.32,2,2026-07-22T12:43:49.665800+00:00,success,
airfryer-005-scene-0025,airfryer-005,239.199,243.870,4.671,data_video/processed/airfryer-005/clips/airfryer-005-scene-0025.mp4,122512,68c702742c191ef7b6058139f66db9cb4c272566b0ad3e602047c5cec2199d9a,data_video/raw/archive_candidates/airfryer-005.mp4,af30c198eef94cae98d3b1c2ec8fc7ba6b0571979c2701c2d108dd8f0c33bd3a,ffmpeg_scene_score,0.32,2,2026-07-22T12:43:51.613702+00:00,success,
airfryer-005-scene-0026,airfryer-005,243.870,266.222,22.352,data_video/processed/airfryer-005/clips/airfryer-005-scene-0026.mp4,748379,4bafaf159832f7df7664abf1c1c629111b565fc53e3434637ae087048f8e0dcb,data_video/raw/archive_candidates/airfryer-005.mp4,af30c198eef94cae98d3b1c2ec8fc7ba6b0571979c2701c2d108dd8f0c33bd3a,ffmpeg_scene_score,0.32,2,2026-07-22T12:43:58.950177+00:00,success,
airfryer-005-scene-0027,airfryer-005,266.222,270.142,3.920,data_video/processed/airfryer-005/clips/airfryer-005-scene-0027.mp4,139757,8d3e5900b6f8a463ee71d9c9123620457bf74589a304a0a2135daa3092f77294,data_video/raw/archive_candidates/airfryer-005.mp4,af30c198eef94cae98d3b1c2ec8fc7ba6b0571979c2701c2d108dd8f0c33bd3a,ffmpeg_scene_score,0.32,2,2026-07-22T12:44:00.289709+00:00,success,
airfryer-005-scene-0028,airfryer-005,270.142,272.560,2.419,data_video/processed/airfryer-005/clips/airfryer-005-scene-0028.mp4,115969,d1c33db4b03b67a6248f88c37d1682bf5714f5170ebebb2bc172c6c9825eaaa8,data_video/raw/archive_candidates/airfryer-005.mp4,af30c198eef94cae98d3b1c2ec8fc7ba6b0571979c2701c2d108dd8f0c33bd3a,ffmpeg_scene_score,0.32,2,2026-07-22T12:44:01.296836+00:00,success,
airfryer-005-scene-0029,airfryer-005,272.560,276.897,4.337,data_video/processed/airfryer-005/clips/airfryer-005-scene-0029.mp4,271510,09090db2cd6f8beb12772e9b85ce02da646e0844fc7d44fc71452cdbfc8e05d4,data_video/raw/archive_candidates/airfryer-005.mp4,af30c198eef94cae98d3b1c2ec8fc7ba6b0571979c2701c2d108dd8f0c33bd3a,ffmpeg_scene_score,0.32,2,2026-07-22T12:44:02.989737+00:00,success,
airfryer-005-scene-0030,airfryer-005,276.897,280.400,3.503,data_video/processed/airfryer-005/clips/airfryer-005-scene-0030.mp4,163156,8f787db44728ec231e716ac1af3373de96f4c41d63dcd402463d456904b1b531,data_video/raw/archive_candidates/airfryer-005.mp4,af30c198eef94cae98d3b1c2ec8fc7ba6b0571979c2701c2d108dd8f0c33bd3a,ffmpeg_scene_score,0.32,2,2026-07-22T12:44:04.790574+00:00,success,
airfryer-005-scene-0031,airfryer-005,280.400,283.653,3.253,data_video/processed/airfryer-005/clips/airfryer-005-scene-0031.mp4,224279,d28c7aa347ce902f80235b78e2113e4974525b559dd36e9d38d47942a30705c0,data_video/raw/archive_candidates/airfryer-005.mp4,af30c198eef94cae98d3b1c2ec8fc7ba6b0571979c2701c2d108dd8f0c33bd3a,ffmpeg_scene_score,0.32,2,2026-07-22T12:44:06.343483+00:00,success,
airfryer-005-scene-0032,airfryer-005,283.653,289.408,5.755,data_video/processed/airfryer-005/clips/airfryer-005-scene-0032.mp4,277111,cc4e0ca9d5dd9f79de30a708ea091bad1a75a40b8364ec4c61ee8c3ba7493bf9,data_video/raw/archive_candidates/airfryer-005.mp4,af30c198eef94cae98d3b1c2ec8fc7ba6b0571979c2701c2d108dd8f0c33bd3a,ffmpeg_scene_score,0.32,2,2026-07-22T12:44:08.207840+00:00,success,
airfryer-005-scene-0033,airfryer-005,289.408,292.661,3.253,data_video/processed/airfryer-005/clips/airfryer-005-scene-0033.mp4,110604,cb51cbf6c3a35b4525bb1c39dea7acdf4c0475f25fdd69c35c9f29ffd87ef91d,data_video/raw/archive_candidates/airfryer-005.mp4,af30c198eef94cae98d3b1c2ec8fc7ba6b0571979c2701c2d108dd8f0c33bd3a,ffmpeg_scene_score,0.32,2,2026-07-22T12:44:09.406557+00:00,success,
airfryer-005-scene-0034,airfryer-005,292.661,316.472,23.812,data_video/processed/airfryer-005/clips/airfryer-005-scene-0034.mp4,880660,be7077aa0df5456f2b09517eb9391d09a49fb1838283311eb83140f9e4884f4a,data_video/raw/archive_candidates/airfryer-005.mp4,af30c198eef94cae98d3b1c2ec8fc7ba6b0571979c2701c2d108dd8f0c33bd3a,ffmpeg_scene_score,0.32,2,2026-07-22T12:44:16.297382+00:00,success,
airfryer-005-scene-0035,airfryer-005,316.472,319.391,2.919,data_video/processed/airfryer-005/clips/airfryer-005-scene-0035.mp4,158432,85ebb2d5538a56d3d540d73af5e9a2707e4c9111d01bfa9a72d311e4af7e64f6,data_video/raw/archive_candidates/airfryer-005.mp4,af30c198eef94cae98d3b1c2ec8fc7ba6b0571979c2701c2d108dd8f0c33bd3a,ffmpeg_scene_score,0.32,2,2026-07-22T12:44:17.417680+00:00,success,
airfryer-005-scene-0036,airfryer-005,319.391,328.816,9.425,data_video/processed/airfryer-005/clips/airfryer-005-scene-0036.mp4,304304,775cacc3a4d35c410b050c18f051448d1e0dc77582a161e9c1b2d9bf1682cf92,data_video/raw/archive_candidates/airfryer-005.mp4,af30c198eef94cae98d3b1c2ec8fc7ba6b0571979c2701c2d108dd8f0c33bd3a,ffmpeg_scene_score,0.32,2,2026-07-22T12:44:20.331321+00:00,success,
airfryer-005-scene-0037,airfryer-005,328.816,333.778,4.962,data_video/processed/airfryer-005/clips/airfryer-005-scene-0037.mp4,241758,06745acbe9cd538ede039f4a7bc4ba0f0858d3d4ca3ff3d2ba622d2e1234b59b,data_video/raw/archive_candidates/airfryer-005.mp4,af30c198eef94cae98d3b1c2ec8fc7ba6b0571979c2701c2d108dd8f0c33bd3a,ffmpeg_scene_score,0.32,2,2026-07-22T12:44:21.993383+00:00,success,
airfryer-005-scene-0038,airfryer-005,333.778,338.741,4.962,data_video/processed/airfryer-005/clips/airfryer-005-scene-0038.mp4,198550,840341b1d2919d7924e5af5b10395fb8845434633d2ce8860ebf00845dc78333,data_video/raw/archive_candidates/airfryer-005.mp4,af30c198eef94cae98d3b1c2ec8fc7ba6b0571979c2701c2d108dd8f0c33bd3a,ffmpeg_scene_score,0.32,2,2026-07-22T12:44:23.894462+00:00,success,
airfryer-005-scene-0039,airfryer-005,338.741,352.002,13.261,data_video/processed/airfryer-005/clips/airfryer-005-scene-0039.mp4,758929,3fd585c7cf791c6d5422a3fee302db97f9269318031934924eeec50d8a692e2d,data_video/raw/archive_candidates/airfryer-005.mp4,af30c198eef94cae98d3b1c2ec8fc7ba6b0571979c2701c2d108dd8f0c33bd3a,ffmpeg_scene_score,0.32,2,2026-07-22T12:44:27.051683+00:00,success,
airfryer-005-scene-0040,airfryer-005,352.002,355.210,3.208,data_video/processed/airfryer-005/clips/airfryer-005-scene-0040.mp4,127547,5da55f6c1753add6c83b55d40f02ed833a687c3a7446ad8f13cb426676fd24f7,data_video/raw/archive_candidates/airfryer-005.mp4,af30c198eef94cae98d3b1c2ec8fc7ba6b0571979c2701c2d108dd8f0c33bd3a,ffmpeg_scene_score,0.32,2,2026-07-22T12:44:28.113164+00:00,success,
airfryer-006-scene-0001,airfryer-006,0.000,4.538,4.538,data_video/processed/airfryer-006/clips/airfryer-006-scene-0001.mp4,227594,768e7634ba4159dc441110943b0be814d294b3b05b67eb024f863826f46e368f,data_video/raw/archive_candidates/airfryer-006.mp4,5cc4dcbc92d594d1f19086d5fc32570b59210ebf5a1b01f2bb31cb362fc17b40,ffmpeg_scene_score,0.32,2,2026-07-22T12:44:29.813506+00:00,success,
airfryer-006-scene-0002,airfryer-006,4.538,7.774,3.237,data_video/processed/airfryer-006/clips/airfryer-006-scene-0002.mp4,184428,70e0066dfd0f60c1530236523c11017d09f896827ac04f01e8e5ee2549b04362,data_video/raw/archive_candidates/airfryer-006.mp4,5cc4dcbc92d594d1f19086d5fc32570b59210ebf5a1b01f2bb31cb362fc17b40,ffmpeg_scene_score,0.32,2,2026-07-22T12:44:31.148534+00:00,success,
airfryer-006-scene-0003,airfryer-006,7.774,10.878,3.103,data_video/processed/airfryer-006/clips/airfryer-006-scene-0003.mp4,189323,70d9bec2c85e12b4c6ccb3a5de47c8e887f7d16f4d3827c6c0b7702c0c3f8f65,data_video/raw/archive_candidates/airfryer-006.mp4,5cc4dcbc92d594d1f19086d5fc32570b59210ebf5a1b01f2bb31cb362fc17b40,ffmpeg_scene_score,0.32,2,2026-07-22T12:44:32.398755+00:00,success,
airfryer-006-scene-0004,airfryer-006,10.878,16.817,5.939,data_video/processed/airfryer-006/clips/airfryer-006-scene-0004.mp4,333030,619a459272f0b8b73fbb22a0fefe9d59c4a5daa79d35220f77bd906ad183be76,data_video/raw/archive_candidates/airfryer-006.mp4,5cc4dcbc92d594d1f19086d5fc32570b59210ebf5a1b01f2bb31cb362fc17b40,ffmpeg_scene_score,0.32,2,2026-07-22T12:44:34.146292+00:00,success,
airfryer-006-scene-0005,airfryer-006,16.817,19.920,3.103,data_video/processed/airfryer-006/clips/airfryer-006-scene-0005.mp4,168688,69ab6c340d078c45206b92d5c10dda3eabd608ef9fb6abf92b6a20b6f168d7e7,data_video/raw/archive_candidates/airfryer-006.mp4,5cc4dcbc92d594d1f19086d5fc32570b59210ebf5a1b01f2bb31cb362fc17b40,ffmpeg_scene_score,0.32,2,2026-07-22T12:44:35.427481+00:00,success,
airfryer-006-scene-0006,airfryer-006,19.920,24.358,4.438,data_video/processed/airfryer-006/clips/airfryer-006-scene-0006.mp4,276752,dcd25b010e952e79af1399412a877dce73b0ba00d5446ccc5a508d3064a00832,data_video/raw/archive_candidates/airfryer-006.mp4,5cc4dcbc92d594d1f19086d5fc32570b59210ebf5a1b01f2bb31cb362fc17b40,ffmpeg_scene_score,0.32,2,2026-07-22T12:44:36.989247+00:00,success,
airfryer-006-scene-0007,airfryer-006,24.358,31.180,6.822,data_video/processed/airfryer-006/clips/airfryer-006-scene-0007.mp4,297387,996b523791df3d6721904a9d76783de4f3098ada80ed878b172b1031f96e6682,data_video/raw/archive_candidates/airfryer-006.mp4,5cc4dcbc92d594d1f19086d5fc32570b59210ebf5a1b01f2bb31cb362fc17b40,ffmpeg_scene_score,0.32,2,2026-07-22T12:44:39.172980+00:00,success,
airfryer-011-scene-0001,airfryer-011,0.000,107.950,107.950,data_video/processed/airfryer-011/clips/airfryer-011-scene-0001.mp4,9453948,9fdfd195e51ee5e46fd526669c11d18c438727414e6f4e6af64ce170e54bcba4,data_video/raw/archive_candidates/airfryer-011.mp4,d47a8a1077c51d764227d20be8f4e23b4f0fbd6d6f30df5a6c4b2e6f3c067038,ffmpeg_scene_score,0.32,2,2026-07-22T12:45:19.932576+00:00,success,
airfryer-017-scene-0001,airfryer-017,0.000,2.970,2.970,data_video/processed/airfryer-017/clips/airfryer-017-scene-0001.mp4,308582,4e8cb43b24a9d8005a4ec4c134370e44bd055a38b1bcb4bc9b5d4ca108d2ba24,data_video/raw/archive_candidates/airfryer-017.mp4,9223ab4660d0c10be7da890c0ad13ee346420191e9607411c9edec081bf6a02b,ffmpeg_scene_score,0.32,2,2026-07-23T17:28:47.496389+00:00,success,
airfryer-017-scene-0002,airfryer-017,2.970,6.473,3.503,data_video/processed/airfryer-017/clips/airfryer-017-scene-0002.mp4,438292,a8a87aac1f67c1c9e135b8e9ac6f28e4c05aefc57d8953a1927485bc4a137524,data_video/raw/archive_candidates/airfryer-017.mp4,9223ab4660d0c10be7da890c0ad13ee346420191e9607411c9edec081bf6a02b,ffmpeg_scene_score,0.32,2,2026-07-23T17:28:49.182534+00:00,success,
airfryer-017-scene-0003,airfryer-017,6.473,13.714,7.241,data_video/processed/airfryer-017/clips/airfryer-017-scene-0003.mp4,1857972,15e4f88bdcd9e7d5ed1766990e9b001cfee779da44e496b1f9a30b40bdbd90e6,data_video/raw/archive_candidates/airfryer-017.mp4,9223ab4660d0c10be7da890c0ad13ee346420191e9607411c9edec081bf6a02b,ffmpeg_scene_score,0.32,2,2026-07-23T17:28:53.045280+00:00,success,
airfryer-017-scene-0004,airfryer-017,13.714,26.460,12.746,data_video/processed/airfryer-017/clips/airfryer-017-scene-0004.mp4,3060791,a10203299be71742a098ef8fdce9d9e2ca6b5894446a659ac5e3c2211e53fae7,data_video/raw/archive_candidates/airfryer-017.mp4,9223ab4660d0c10be7da890c0ad13ee346420191e9607411c9edec081bf6a02b,ffmpeg_scene_score,0.32,2,2026-07-23T17:28:56.824474+00:00,success,
airfryer-017-scene-0005,airfryer-017,26.460,37.838,11.378,data_video/processed/airfryer-017/clips/airfryer-017-scene-0005.mp4,1064356,f6316af5b5f9cd1939139bf8bdd13cd9a23de3eb5c0ed40d93b36b5430eff774,data_video/raw/archive_candidates/airfryer-017.mp4,9223ab4660d0c10be7da890c0ad13ee346420191e9607411c9edec081bf6a02b,ffmpeg_scene_score,0.32,2,2026-07-23T17:29:00.380708+00:00,success,
airfryer-017-scene-0006,airfryer-017,37.838,47.114,9.276,data_video/processed/airfryer-017/clips/airfryer-017-scene-0006.mp4,866433,54a0b159658df585638477f2383ca19dc02dd5fb6e9ab740ce0b90837aa27301,data_video/raw/archive_candidates/airfryer-017.mp4,9223ab4660d0c10be7da890c0ad13ee346420191e9607411c9edec081bf6a02b,ffmpeg_scene_score,0.32,2,2026-07-23T17:29:03.267120+00:00,success,
airfryer-017-scene-0007,airfryer-017,47.114,56.323,9.209,data_video/processed/airfryer-017/clips/airfryer-017-scene-0007.mp4,742261,d82c055fa4199f555f9b224329bf80d871066240f1b48b6dc284f25cba5268c7,data_video/raw/archive_candidates/airfryer-017.mp4,9223ab4660d0c10be7da890c0ad13ee346420191e9607411c9edec081bf6a02b,ffmpeg_scene_score,0.32,2,2026-07-23T17:29:06.453206+00:00,success,
airfryer-017-scene-0008,airfryer-017,56.323,71.204,14.882,data_video/processed/airfryer-017/clips/airfryer-017-scene-0008.mp4,1505938,32e56e26f76a51cfdfcfb0e2a1c38798990e5efa2c5c7b852cdb7ed725b9dc1a,data_video/raw/archive_candidates/airfryer-017.mp4,9223ab4660d0c10be7da890c0ad13ee346420191e9607411c9edec081bf6a02b,ffmpeg_scene_score,0.32,2,2026-07-23T17:29:11.152816+00:00,success,
airfryer-017-scene-0009,airfryer-017,71.204,73.440,2.236,data_video/processed/airfryer-017/clips/airfryer-017-scene-0009.mp4,240194,e65bdd3410c72ab3a38697ff9dc8c58359709992edc9c4a68905f4b173d09c06,data_video/raw/archive_candidates/airfryer-017.mp4,9223ab4660d0c10be7da890c0ad13ee346420191e9607411c9edec081bf6a02b,ffmpeg_scene_score,0.32,2,2026-07-23T17:29:12.677682+00:00,success,
airfryer-017-scene-0010,airfryer-017,73.440,85.419,11.979,data_video/processed/airfryer-017/clips/airfryer-017-scene-0010.mp4,1036986,c3cd2c5d267e6aa9d9c1351e78b535a99da411827afe765e54a5a5527f0720d5,data_video/raw/archive_candidates/airfryer-017.mp4,9223ab4660d0c10be7da890c0ad13ee346420191e9607411c9edec081bf6a02b,ffmpeg_scene_score,0.32,2,2026-07-23T17:29:16.522935+00:00,success,
airfryer-017-scene-0011,airfryer-017,85.419,96.063,10.644,data_video/processed/airfryer-017/clips/airfryer-017-scene-0011.mp4,1053880,6d40f8a1c26cabff9b9b0ed6aaac1bf132922d3011631491b53833bc1864d9ae,data_video/raw/archive_candidates/airfryer-017.mp4,9223ab4660d0c10be7da890c0ad13ee346420191e9607411c9edec081bf6a02b,ffmpeg_scene_score,0.32,2,2026-07-23T17:29:19.802484+00:00,success,
airfryer-017-scene-0012,airfryer-017,96.063,108.175,12.112,data_video/processed/airfryer-017/clips/airfryer-017-scene-0012.mp4,1109131,f203b616a106951c83dccf45fc763169cf0ae3cdcc8fd16f1178ffe044c4f243,data_video/raw/archive_candidates/airfryer-017.mp4,9223ab4660d0c10be7da890c0ad13ee346420191e9607411c9edec081bf6a02b,ffmpeg_scene_score,0.32,2,2026-07-23T17:29:23.959540+00:00,success,
airfryer-017-scene-0013,airfryer-017,108.175,116.750,8.575,data_video/processed/airfryer-017/clips/airfryer-017-scene-0013.mp4,919685,45589240d0d2536dc41e235e3b543132d61070843a4f61a59ef2751bfee037c8,data_video/raw/archive_candidates/airfryer-017.mp4,9223ab4660d0c10be7da890c0ad13ee346420191e9607411c9edec081bf6a02b,ffmpeg_scene_score,0.32,2,2026-07-23T17:29:27.144093+00:00,success,
airfryer-017-scene-0014,airfryer-017,116.750,125.025,8.275,data_video/processed/airfryer-017/clips/airfryer-017-scene-0014.mp4,742037,857f0e91f745606711f7c003e99889a62a43209f894442b188b53469f05b1284,data_video/raw/archive_candidates/airfryer-017.mp4,9223ab4660d0c10be7da890c0ad13ee346420191e9607411c9edec081bf6a02b,ffmpeg_scene_score,0.32,2,2026-07-23T17:29:30.221775+00:00,success,
airfryer-017-scene-0015,airfryer-017,125.025,133.433,8.408,data_video/processed/airfryer-017/clips/airfryer-017-scene-0015.mp4,742140,7b4e22fc50c477603bbb4bc4c82aea1bc4f0f09fe00fc60f7845265f2ff6f354,data_video/raw/archive_candidates/airfryer-017.mp4,9223ab4660d0c10be7da890c0ad13ee346420191e9607411c9edec081bf6a02b,ffmpeg_scene_score,0.32,2,2026-07-23T17:29:33.033512+00:00,success,
airfryer-017-scene-0016,airfryer-017,133.433,143.477,10.043,data_video/processed/airfryer-017/clips/airfryer-017-scene-0016.mp4,1575975,71f64985d2d356766ed6deab0e8b3eb1e86c90f35712de25fe39ec19faff9fd2,data_video/raw/archive_candidates/airfryer-017.mp4,9223ab4660d0c10be7da890c0ad13ee346420191e9607411c9edec081bf6a02b,ffmpeg_scene_score,0.32,2,2026-07-23T17:29:37.338191+00:00,success,
airfryer-017-scene-0017,airfryer-017,143.477,146.046,2.569,data_video/processed/airfryer-017/clips/airfryer-017-scene-0017.mp4,395042,a58e391b24942740adb8561a3bdeb512fd924a6f07e67c5ffa7fd556ad351b1c,data_video/raw/archive_candidates/airfryer-017.mp4,9223ab4660d0c10be7da890c0ad13ee346420191e9607411c9edec081bf6a02b,ffmpeg_scene_score,0.32,2,2026-07-23T17:29:38.822653+00:00,success,
airfryer-017-scene-0018,airfryer-017,146.046,149.049,3.003,data_video/processed/airfryer-017/clips/airfryer-017-scene-0018.mp4,520553,5b4308dbafbc6f0b67c3d0bcb44438befce570579432057d43805d564aa4fe0a,data_video/raw/archive_candidates/airfryer-017.mp4,9223ab4660d0c10be7da890c0ad13ee346420191e9607411c9edec081bf6a02b,ffmpeg_scene_score,0.32,2,2026-07-23T17:29:40.768979+00:00,success,
airfryer-017-scene-0019,airfryer-017,149.049,156.757,7.708,data_video/processed/airfryer-017/clips/airfryer-017-scene-0019.mp4,817507,1396d33065daa2024a89d103c2d23de8e2755b6ddfadba0430efe44b16b33fa5,data_video/raw/archive_candidates/airfryer-017.mp4,9223ab4660d0c10be7da890c0ad13ee346420191e9607411c9edec081bf6a02b,ffmpeg_scene_score,0.32,2,2026-07-23T17:29:43.786300+00:00,success,
airfryer-017-scene-0020,airfryer-017,156.757,159.259,2.502,data_video/processed/airfryer-017/clips/airfryer-017-scene-0020.mp4,278132,626302a6830e0827b410a9349c9f45b4a95d59c252bf95cce0a891d8519b6183,data_video/raw/archive_candidates/airfryer-017.mp4,9223ab4660d0c10be7da890c0ad13ee346420191e9607411c9edec081bf6a02b,ffmpeg_scene_score,0.32,2,2026-07-23T17:29:45.267560+00:00,success,
airfryer-017-scene-0021,airfryer-017,159.259,164.264,5.005,data_video/processed/airfryer-017/clips/airfryer-017-scene-0021.mp4,940494,92543bdd7ac2b37df39d1a9c07ee321c8661c04d480d9ad4fd92e82a31bf43d6,data_video/raw/archive_candidates/airfryer-017.mp4,9223ab4660d0c10be7da890c0ad13ee346420191e9607411c9edec081bf6a02b,ffmpeg_scene_score,0.32,2,2026-07-23T17:29:48.098840+00:00,success,
airfryer-017-scene-0022,airfryer-017,164.264,172.005,7.741,data_video/processed/airfryer-017/clips/airfryer-017-scene-0022.mp4,709371,5d11865b20577baa2e2024d848be6bf1b87cc1edc6365699a9ee65539047c30b,data_video/raw/archive_candidates/airfryer-017.mp4,9223ab4660d0c10be7da890c0ad13ee346420191e9607411c9edec081bf6a02b,ffmpeg_scene_score,0.32,2,2026-07-23T17:29:51.084260+00:00,success,
airfryer-017-scene-0023,airfryer-017,172.005,185.385,13.380,data_video/processed/airfryer-017/clips/airfryer-017-scene-0023.mp4,1785884,f6bf37c09a25cba497aaaf02c9129ea7c92d2e196768364141bbd952b4db19b4,data_video/raw/archive_candidates/airfryer-017.mp4,9223ab4660d0c10be7da890c0ad13ee346420191e9607411c9edec081bf6a02b,ffmpeg_scene_score,0.32,2,2026-07-23T17:29:55.807802+00:00,success,
airfryer-017-scene-0024,airfryer-017,185.385,210.477,25.092,data_video/processed/airfryer-017/clips/airfryer-017-scene-0024.mp4,4273716,644dd97db716d0112b1ec621e20e2f90c29e5ddf134024f72f6437bdbb558dce,data_video/raw/archive_candidates/airfryer-017.mp4,9223ab4660d0c10be7da890c0ad13ee346420191e9607411c9edec081bf6a02b,ffmpeg_scene_score,0.32,2,2026-07-23T17:30:06.184192+00:00,success,
airfryer-017-scene-0025,airfryer-017,210.477,230.697,20.220,data_video/processed/airfryer-017/clips/airfryer-017-scene-0025.mp4,3606602,89c00b052e482c0d8679b594de4f28c29b47976e36697e10ffb74c0852213e51,data_video/raw/archive_candidates/airfryer-017.mp4,9223ab4660d0c10be7da890c0ad13ee346420191e9607411c9edec081bf6a02b,ffmpeg_scene_score,0.32,2,2026-07-23T17:30:14.902397+00:00,success,
airfryer-017-scene-0026,airfryer-017,230.697,236.403,5.706,data_video/processed/airfryer-017/clips/airfryer-017-scene-0026.mp4,1287009,b4e44a84eb196759de80ac1a5da9f0a0f36757ddcf04f71277cb42958e5cb5b1,data_video/raw/archive_candidates/airfryer-017.mp4,9223ab4660d0c10be7da890c0ad13ee346420191e9607411c9edec081bf6a02b,ffmpeg_scene_score,0.32,2,2026-07-23T17:30:18.096360+00:00,success,
airfryer-017-scene-0027,airfryer-017,236.403,253.019,16.617,data_video/processed/airfryer-017/clips/airfryer-017-scene-0027.mp4,2537279,05179be35ffa4f41fcdfb1d92da275ee69ad47dc03c433225a85ed3ee219d09e,data_video/raw/archive_candidates/airfryer-017.mp4,9223ab4660d0c10be7da890c0ad13ee346420191e9607411c9edec081bf6a02b,ffmpeg_scene_score,0.32,2,2026-07-23T17:30:24.393207+00:00,success,
airfryer-017-scene-0028,airfryer-017,253.019,278.111,25.092,data_video/processed/airfryer-017/clips/airfryer-017-scene-0028.mp4,4258635,6f2150ee51dbfa04f332ba056ba6fe2b00ca3a87d334ccfd61cedd9113088c59,data_video/raw/archive_candidates/airfryer-017.mp4,9223ab4660d0c10be7da890c0ad13ee346420191e9607411c9edec081bf6a02b,ffmpeg_scene_score,0.32,2,2026-07-23T17:30:34.236126+00:00,success,
airfryer-017-scene-0029,airfryer-017,278.111,295.328,17.217,data_video/processed/airfryer-017/clips/airfryer-017-scene-0029.mp4,3013582,95a8e627948d70ffa6f6115c276b982ac2dbf500ff25abda11dc22e0fb4cbc66,data_video/raw/archive_candidates/airfryer-017.mp4,9223ab4660d0c10be7da890c0ad13ee346420191e9607411c9edec081bf6a02b,ffmpeg_scene_score,0.32,2,2026-07-23T17:30:40.437629+00:00,success,
airfryer-017-scene-0030,airfryer-017,295.328,324.024,28.695,data_video/processed/airfryer-017/clips/airfryer-017-scene-0030.mp4,3416526,4d914ad4a5a7f81aef08edf8464b2129be3e858620c417ef74f5a7d444b31c2d,data_video/raw/archive_candidates/airfryer-017.mp4,9223ab4660d0c10be7da890c0ad13ee346420191e9607411c9edec081bf6a02b,ffmpeg_scene_score,0.32,2,2026-07-23T17:30:49.983636+00:00,success,
airfryer-017-scene-0031,airfryer-017,324.024,331.131,7.107,data_video/processed/airfryer-017/clips/airfryer-017-scene-0031.mp4,1487072,84a470cdc47eaba497c98b866147b5f63855081733e4bea169a7c71edbb44397,data_video/raw/archive_candidates/airfryer-017.mp4,9223ab4660d0c10be7da890c0ad13ee346420191e9607411c9edec081bf6a02b,ffmpeg_scene_score,0.32,2,2026-07-23T17:30:53.787059+00:00,success,
airfryer-017-scene-0032,airfryer-017,331.131,345.812,14.681,data_video/processed/airfryer-017/clips/airfryer-017-scene-0032.mp4,2480495,dd36b19c325a80c37515c9efc7cdb224b48815f551ac879eef551247a2bb1b0d,data_video/raw/archive_candidates/airfryer-017.mp4,9223ab4660d0c10be7da890c0ad13ee346420191e9607411c9edec081bf6a02b,ffmpeg_scene_score,0.32,2,2026-07-23T17:30:59.734748+00:00,success,
airfryer-017-scene-0033,airfryer-017,345.812,358.325,12.512,data_video/processed/airfryer-017/clips/airfryer-017-scene-0033.mp4,2465983,71137058ec5eb0fb460c1b1fb1c0248fda311b08b8237beaddee8ed2e51c7e60,data_video/raw/archive_candidates/airfryer-017.mp4,9223ab4660d0c10be7da890c0ad13ee346420191e9607411c9edec081bf6a02b,ffmpeg_scene_score,0.32,2,2026-07-23T17:31:05.677399+00:00,success,
airfryer-017-scene-0034,airfryer-017,358.325,379.246,20.921,data_video/processed/airfryer-017/clips/airfryer-017-scene-0034.mp4,2127910,c8f8bdc3351e8b6e8e82680020098bc0643a6fcf07417957c7b1e54af0d20605,data_video/raw/archive_candidates/airfryer-017.mp4,9223ab4660d0c10be7da890c0ad13ee346420191e9607411c9edec081bf6a02b,ffmpeg_scene_score,0.32,2,2026-07-23T17:31:13.266288+00:00,success,
airfryer-017-scene-0035,airfryer-017,379.246,412.445,33.200,data_video/processed/airfryer-017/clips/airfryer-017-scene-0035.mp4,6231573,d3f50fc5a5c71569cd9fe8b2c581e3e97391e075054925e3fdf1f88a149d05b4,data_video/raw/archive_candidates/airfryer-017.mp4,9223ab4660d0c10be7da890c0ad13ee346420191e9607411c9edec081bf6a02b,ffmpeg_scene_score,0.32,2,2026-07-23T17:31:25.820397+00:00,success,
airfryer-017-scene-0036,airfryer-017,412.445,421.988,9.543,data_video/processed/airfryer-017/clips/airfryer-017-scene-0036.mp4,1707701,3264f8cbbc3fe3e128f66a055e012f19ee2ba036c06fbf5e8074d81ede714e6c,data_video/raw/archive_candidates/airfryer-017.mp4,9223ab4660d0c10be7da890c0ad13ee346420191e9607411c9edec081bf6a02b,ffmpeg_scene_score,0.32,2,2026-07-23T17:31:30.182361+00:00,success,
airfryer-017-scene-0037,airfryer-017,421.988,424.090,2.102,data_video/processed/airfryer-017/clips/airfryer-017-scene-0037.mp4,499274,3bef7d8b60acdeefbffa5fad65f50d6713dfc43c002074e4242b61ee402c753c,data_video/raw/archive_candidates/airfryer-017.mp4,9223ab4660d0c10be7da890c0ad13ee346420191e9607411c9edec081bf6a02b,ffmpeg_scene_score,0.32,2,2026-07-23T17:31:32.210076+00:00,success,
airfryer-017-scene-0038,airfryer-017,424.090,427.127,3.036,data_video/processed/airfryer-017/clips/airfryer-017-scene-0038.mp4,292392,448cb0627bd01d6a5ed9117fcb241a303a3c4bb8e3aadd6c104030880b211f1c,data_video/raw/archive_candidates/airfryer-017.mp4,9223ab4660d0c10be7da890c0ad13ee346420191e9607411c9edec081bf6a02b,ffmpeg_scene_score,0.32,2,2026-07-23T17:31:34.211150+00:00,success,
airfryer-017-scene-0039,airfryer-017,427.127,431.431,4.304,data_video/processed/airfryer-017/clips/airfryer-017-scene-0039.mp4,1086736,ad1ff4806b7c1ae0b84d91afb2ce76014da18c833cb212d11e2544be83452edc,data_video/raw/archive_candidates/airfryer-017.mp4,9223ab4660d0c10be7da890c0ad13ee346420191e9607411c9edec081bf6a02b,ffmpeg_scene_score,0.32,2,2026-07-23T17:31:37.020196+00:00,success,
airfryer-017-scene-0040,airfryer-017,431.431,442.042,10.611,data_video/processed/airfryer-017/clips/airfryer-017-scene-0040.mp4,2301689,6e66f5682c79508e477fbcda91ca5e20ee53fdfe6c5189b66a85793f693e882d,data_video/raw/archive_candidates/airfryer-017.mp4,9223ab4660d0c10be7da890c0ad13ee346420191e9607411c9edec081bf6a02b,ffmpeg_scene_score,0.32,2,2026-07-23T17:31:41.837840+00:00,success,
airfryer-017-scene-0041,airfryer-017,442.042,477.577,35.535,data_video/processed/airfryer-017/clips/airfryer-017-scene-0041.mp4,4710639,37c8f46ab44783f4e9fae0d959ad0d3bff63a385ff12dd9aecace9492da6d122,data_video/raw/archive_candidates/airfryer-017.mp4,9223ab4660d0c10be7da890c0ad13ee346420191e9607411c9edec081bf6a02b,ffmpeg_scene_score,0.32,2,2026-07-23T17:31:53.196244+00:00,success,
airfryer-017-scene-0042,airfryer-017,477.577,483.483,5.906,data_video/processed/airfryer-017/clips/airfryer-017-scene-0042.mp4,712638,6cc670f7af52eb62eb4519d8cd44e28de0ac81c36340894f62f33df5408fea8c,data_video/raw/archive_candidates/airfryer-017.mp4,9223ab4660d0c10be7da890c0ad13ee346420191e9607411c9edec081bf6a02b,ffmpeg_scene_score,0.32,2,2026-07-23T17:31:56.000722+00:00,success,
airfryer-017-scene-0043,airfryer-017,483.483,496.963,13.480,data_video/processed/airfryer-017/clips/airfryer-017-scene-0043.mp4,2269512,4607584bac174bae671e45e608bae79410e89bb3965ba7e68de1b5359878d18b,data_video/raw/archive_candidates/airfryer-017.mp4,9223ab4660d0c10be7da890c0ad13ee346420191e9607411c9edec081bf6a02b,ffmpeg_scene_score,0.32,2,2026-07-23T17:32:01.714778+00:00,success,
airfryer-017-scene-0044,airfryer-017,496.963,501.067,4.104,data_video/processed/airfryer-017/clips/airfryer-017-scene-0044.mp4,760360,b9cd4178810a139462a400d7a4aa344637c8c20df444dbdfc3e7116b4271f9a6,data_video/raw/archive_candidates/airfryer-017.mp4,9223ab4660d0c10be7da890c0ad13ee346420191e9607411c9edec081bf6a02b,ffmpeg_scene_score,0.32,2,2026-07-23T17:32:04.465001+00:00,success,
airfryer-017-scene-0045,airfryer-017,501.067,515.448,14.381,data_video/processed/airfryer-017/clips/airfryer-017-scene-0045.mp4,2984924,4dc845d62b2e0b3dbe8b338cf10ad00f581b0cf7c8eab9a4439bf26bf8a5fd60,data_video/raw/archive_candidates/airfryer-017.mp4,9223ab4660d0c10be7da890c0ad13ee346420191e9607411c9edec081bf6a02b,ffmpeg_scene_score,0.32,2,2026-07-23T17:32:11.172142+00:00,success,
airfryer-017-scene-0046,airfryer-017,515.448,524.224,8.775,data_video/processed/airfryer-017/clips/airfryer-017-scene-0046.mp4,2320937,23ca7b1703815f0cb3a33af18cb1f9dc1a8f2159e3b184a85b4db254ddec2621,data_video/raw/archive_candidates/airfryer-017.mp4,9223ab4660d0c10be7da890c0ad13ee346420191e9607411c9edec081bf6a02b,ffmpeg_scene_score,0.32,2,2026-07-23T17:32:16.073927+00:00,success,
airfryer-017-scene-0047,airfryer-017,524.224,551.885,27.661,data_video/processed/airfryer-017/clips/airfryer-017-scene-0047.mp4,3292013,2b38977eedb4c8204f1340507239595b91d2f2dfe81f773997c1c8510e8a509b,data_video/raw/archive_candidates/airfryer-017.mp4,9223ab4660d0c10be7da890c0ad13ee346420191e9607411c9edec081bf6a02b,ffmpeg_scene_score,0.32,2,2026-07-23T17:32:24.655249+00:00,success,
airfryer-017-scene-0048,airfryer-017,551.885,558.491,6.607,data_video/processed/airfryer-017/clips/airfryer-017-scene-0048.mp4,1106905,ad57ef61ae5dad791fe3e5e247ba0040d693c0ef21a06fa74bf6bdbcbd768d5f,data_video/raw/archive_candidates/airfryer-017.mp4,9223ab4660d0c10be7da890c0ad13ee346420191e9607411c9edec081bf6a02b,ffmpeg_scene_score,0.32,2,2026-07-23T17:32:27.816194+00:00,success,
airfryer-017-scene-0049,airfryer-017,558.491,561.161,2.669,data_video/processed/airfryer-017/clips/airfryer-017-scene-0049.mp4,363175,fe640d304172d36076a737f14cdd92ff1061dc742b6d9681c8a5b9db80705119,data_video/raw/archive_candidates/airfryer-017.mp4,9223ab4660d0c10be7da890c0ad13ee346420191e9607411c9edec081bf6a02b,ffmpeg_scene_score,0.32,2,2026-07-23T17:32:29.672384+00:00,success,
airfryer-017-scene-0050,airfryer-017,561.161,571.337,10.177,data_video/processed/airfryer-017/clips/airfryer-017-scene-0050.mp4,2143691,3a256307bab766eff1e06c15569a01352843618e2bc68892c753abfab11863ca,data_video/raw/archive_candidates/airfryer-017.mp4,9223ab4660d0c10be7da890c0ad13ee346420191e9607411c9edec081bf6a02b,ffmpeg_scene_score,0.32,2,2026-07-23T17:32:34.014669+00:00,success,
airfryer-017-scene-0051,airfryer-017,571.337,579.679,8.342,data_video/processed/airfryer-017/clips/airfryer-017-scene-0051.mp4,1604939,82273112c15a696b054acd885a54951fc285f01109a709c208e7035b0adb2c48,data_video/raw/archive_candidates/airfryer-017.mp4,9223ab4660d0c10be7da890c0ad13ee346420191e9607411c9edec081bf6a02b,ffmpeg_scene_score,0.32,2,2026-07-23T17:32:37.992646+00:00,success,
airfryer-017-scene-0052,airfryer-017,579.679,620.887,41.208,data_video/processed/airfryer-017/clips/airfryer-017-scene-0052.mp4,11397062,c4b19f106c8ae22b337f0e65e1cc4b97025f7bbb7ed94df9abd6661defa96ae1,data_video/raw/archive_candidates/airfryer-017.mp4,9223ab4660d0c10be7da890c0ad13ee346420191e9607411c9edec081bf6a02b,ffmpeg_scene_score,0.32,2,2026-07-23T17:32:56.083894+00:00,success,
airfryer-017-scene-0053,airfryer-017,620.887,627.994,7.107,data_video/processed/airfryer-017/clips/airfryer-017-scene-0053.mp4,1982885,60f77c58931a870d4ff08b26a90be6a673cf81f6ae610fc00dbc299da659c0a6,data_video/raw/archive_candidates/airfryer-017.mp4,9223ab4660d0c10be7da890c0ad13ee346420191e9607411c9edec081bf6a02b,ffmpeg_scene_score,0.32,2,2026-07-23T17:33:00.465144+00:00,success,
airfryer-017-scene-0054,airfryer-017,627.994,637.103,9.109,data_video/processed/airfryer-017/clips/airfryer-017-scene-0054.mp4,1514874,3905ded49a4c5adcd7df45bccd54e1a659ccbb8d658e3a25b9f00eb69377ee62,data_video/raw/archive_candidates/airfryer-017.mp4,9223ab4660d0c10be7da890c0ad13ee346420191e9607411c9edec081bf6a02b,ffmpeg_scene_score,0.32,2,2026-07-23T17:33:04.764357+00:00,success,
airfryer-017-scene-0055,airfryer-017,637.103,644.711,7.608,data_video/processed/airfryer-017/clips/airfryer-017-scene-0055.mp4,1293808,f1cb7c6eb368db44b68b566bd8a0136e9c64d8b101a89d82a9de0685f047ec80,data_video/raw/archive_candidates/airfryer-017.mp4,9223ab4660d0c10be7da890c0ad13ee346420191e9607411c9edec081bf6a02b,ffmpeg_scene_score,0.32,2,2026-07-23T17:33:08.372746+00:00,success,
airfryer-017-scene-0056,airfryer-017,644.711,655.989,11.278,data_video/processed/airfryer-017/clips/airfryer-017-scene-0056.mp4,1983284,c35e81d7df5f7f832826ac3364698f146ced0a7ba41f2dce973823bd631ca03b,data_video/raw/archive_candidates/airfryer-017.mp4,9223ab4660d0c10be7da890c0ad13ee346420191e9607411c9edec081bf6a02b,ffmpeg_scene_score,0.32,2,2026-07-23T17:33:12.908270+00:00,success,
airfryer-017-scene-0057,airfryer-017,655.989,678.111,22.122,data_video/processed/airfryer-017/clips/airfryer-017-scene-0057.mp4,3869648,7192e288470c477fad841b67b054b203105c9743343fb81ffc0603a6d2810c17,data_video/raw/archive_candidates/airfryer-017.mp4,9223ab4660d0c10be7da890c0ad13ee346420191e9607411c9edec081bf6a02b,ffmpeg_scene_score,0.32,2,2026-07-23T17:33:21.308513+00:00,success,
airfryer-017-scene-0058,airfryer-017,678.111,690.490,12.379,data_video/processed/airfryer-017/clips/airfryer-017-scene-0058.mp4,1104052,fa1bee8df1b982b1fbf1b40250f2e8c3c88e88732225f691cf2c5f27fe370749,data_video/raw/archive_candidates/airfryer-017.mp4,9223ab4660d0c10be7da890c0ad13ee346420191e9607411c9edec081bf6a02b,ffmpeg_scene_score,0.32,2,2026-07-23T17:33:25.035943+00:00,success,
airfryer-017-scene-0059,airfryer-017,690.490,696.062,5.572,data_video/processed/airfryer-017/clips/airfryer-017-scene-0059.mp4,173185,dbd05ef98d8514e203f5bf95dd817d6dd6c1f777c1c8505b604d3b4077b4bb76,data_video/raw/archive_candidates/airfryer-017.mp4,9223ab4660d0c10be7da890c0ad13ee346420191e9607411c9edec081bf6a02b,ffmpeg_scene_score,0.32,2,2026-07-23T17:33:27.045903+00:00,success,
airfryer-017-scene-0060,airfryer-017,696.062,705.038,8.976,data_video/processed/airfryer-017/clips/airfryer-017-scene-0060.mp4,714784,df85be28ed916fdb29706e827c81e0ac6c752284438996cbbb2c023fa3ae97b1,data_video/raw/archive_candidates/airfryer-017.mp4,9223ab4660d0c10be7da890c0ad13ee346420191e9607411c9edec081bf6a02b,ffmpeg_scene_score,0.32,2,2026-07-23T17:33:30.153341+00:00,success,
airfryer-017-scene-0061,airfryer-017,705.038,724.891,19.853,data_video/processed/airfryer-017/clips/airfryer-017-scene-0061.mp4,1737226,04d74c3ff53f5e8e5dce54d2b40cd7bd5609c47ae9c997287fa9c8ea27a5e8f8,data_video/raw/archive_candidates/airfryer-017.mp4,9223ab4660d0c10be7da890c0ad13ee346420191e9607411c9edec081bf6a02b,ffmpeg_scene_score,0.32,2,2026-07-23T17:33:35.790175+00:00,success,
airfryer-017-scene-0062,airfryer-017,724.891,736.903,12.012,data_video/processed/airfryer-017/clips/airfryer-017-scene-0062.mp4,2875335,eb068174763e792af804a7c9fefce47fae0735b66d6c35d2fa673418236572d6,data_video/raw/archive_candidates/airfryer-017.mp4,9223ab4660d0c10be7da890c0ad13ee346420191e9607411c9edec081bf6a02b,ffmpeg_scene_score,0.32,2,2026-07-23T17:33:41.233688+00:00,success,
airfryer-017-scene-0063,airfryer-017,736.903,748.314,11.411,data_video/processed/airfryer-017/clips/airfryer-017-scene-0063.mp4,3056846,dd1b0d89c641ddac6ddb9f9fee078a9b6ad73960cb31372cd13f4971bbd68cbb,data_video/raw/archive_candidates/airfryer-017.mp4,9223ab4660d0c10be7da890c0ad13ee346420191e9607411c9edec081bf6a02b,ffmpeg_scene_score,0.32,2,2026-07-23T17:33:46.226201+00:00,success,
airfryer-017-scene-0064,airfryer-017,748.314,750.383,2.069,data_video/processed/airfryer-017/clips/airfryer-017-scene-0064.mp4,694857,291a2b39bcc1ff4304c4444de3435dc19d8589711e8a28ae9496aa03bf32096f,data_video/raw/archive_candidates/airfryer-017.mp4,9223ab4660d0c10be7da890c0ad13ee346420191e9607411c9edec081bf6a02b,ffmpeg_scene_score,0.32,2,2026-07-23T17:33:48.143300+00:00,success,
airfryer-017-scene-0065,airfryer-017,750.383,782.248,31.865,data_video/processed/airfryer-017/clips/airfryer-017-scene-0065.mp4,8815200,6732321bbcfb435c69b26a13197626bce19aaa1b2b41f6989c61447c3ae612e7,data_video/raw/archive_candidates/airfryer-017.mp4,9223ab4660d0c10be7da890c0ad13ee346420191e9607411c9edec081bf6a02b,ffmpeg_scene_score,0.32,2,2026-07-23T17:34:03.002143+00:00,success,
airfryer-017-scene-0066,airfryer-017,782.248,840.273,58.025,data_video/processed/airfryer-017/clips/airfryer-017-scene-0066.mp4,2031181,bda8c943f8d629c37d7eb82ed84785aafea20f3c0d6d79b1a1445ea7a716b7b5,data_video/raw/archive_candidates/airfryer-017.mp4,9223ab4660d0c10be7da890c0ad13ee346420191e9607411c9edec081bf6a02b,ffmpeg_scene_score,0.32,2,2026-07-23T17:34:16.323250+00:00,success,
airfryer-017-scene-0067,airfryer-017,840.273,881.147,40.874,data_video/processed/airfryer-017/clips/airfryer-017-scene-0067.mp4,7928104,c7f2e3bda431bae1ae05e43aaa8177d3d44c64e3f03e2f3abbf352c4b4576042,data_video/raw/archive_candidates/airfryer-017.mp4,9223ab4660d0c10be7da890c0ad13ee346420191e9607411c9edec081bf6a02b,ffmpeg_scene_score,0.32,2,2026-07-23T17:34:31.174832+00:00,success,
airfryer-017-scene-0068,airfryer-017,881.147,915.848,34.701,data_video/processed/airfryer-017/clips/airfryer-017-scene-0068.mp4,8222149,0c7474d55be13224efedbafb5c82cf1f50b8e633047c21108f42d8243f87760b,data_video/raw/archive_candidates/airfryer-017.mp4,9223ab4660d0c10be7da890c0ad13ee346420191e9607411c9edec081bf6a02b,ffmpeg_scene_score,0.32,2,2026-07-23T17:34:46.879652+00:00,success,
airfryer-017-scene-0069,airfryer-017,915.848,921.120,5.272,data_video/processed/airfryer-017/clips/airfryer-017-scene-0069.mp4,1844967,4acad7e39d8681fe47eeb81852dd9c79510a12b2a79693d7a5828379cabd9e2c,data_video/raw/archive_candidates/airfryer-017.mp4,9223ab4660d0c10be7da890c0ad13ee346420191e9607411c9edec081bf6a02b,ffmpeg_scene_score,0.32,2,2026-07-23T17:34:50.825463+00:00,success,
airfryer-017-scene-0070,airfryer-017,921.120,933.866,12.746,data_video/processed/airfryer-017/clips/airfryer-017-scene-0070.mp4,2086470,eb35c00b9f85e8b307ebf6c0c024d85874c61383b31a60c63acfc234df291f38,data_video/raw/archive_candidates/airfryer-017.mp4,9223ab4660d0c10be7da890c0ad13ee346420191e9607411c9edec081bf6a02b,ffmpeg_scene_score,0.32,2,2026-07-23T17:34:55.833906+00:00,success,
airfryer-017-scene-0071,airfryer-017,933.866,986.486,52.619,data_video/processed/airfryer-017/clips/airfryer-017-scene-0071.mp4,4430676,01ec7caf6c660266430a372e2f92ece0513cf884884a933f7cc8d7aa4554e234,data_video/raw/archive_candidates/airfryer-017.mp4,9223ab4660d0c10be7da890c0ad13ee346420191e9607411c9edec081bf6a02b,ffmpeg_scene_score,0.32,2,2026-07-23T17:35:10.530958+00:00,success,
airfryer-017-scene-0072,airfryer-017,986.486,1016.048,29.563,data_video/processed/airfryer-017/clips/airfryer-017-scene-0072.mp4,4493472,cfe23d6a4793d0dd7b928b0410bfee54798cfcf5ad3314e317101d5efc969b86,data_video/raw/archive_candidates/airfryer-017.mp4,9223ab4660d0c10be7da890c0ad13ee346420191e9607411c9edec081bf6a02b,ffmpeg_scene_score,0.32,2,2026-07-23T17:35:20.418589+00:00,success,
airfryer-017-scene-0073,airfryer-017,1016.048,1022.388,6.340,data_video/processed/airfryer-017/clips/airfryer-017-scene-0073.mp4,1098776,b02ac6a4cfb8658d98b40a649a467c39ec3fdb51ec6dbaf9006e2978e9bd5337,data_video/raw/archive_candidates/airfryer-017.mp4,9223ab4660d0c10be7da890c0ad13ee346420191e9607411c9edec081bf6a02b,ffmpeg_scene_score,0.32,2,2026-07-23T17:35:23.970161+00:00,success,
airfryer-017-scene-0074,airfryer-017,1022.388,1030.196,7.808,data_video/processed/airfryer-017/clips/airfryer-017-scene-0074.mp4,1869096,c466e07dd5e4ee801dad2b3c6145f6f0aed75e2a54d89f4c136b06e54f34ca07,data_video/raw/archive_candidates/airfryer-017.mp4,9223ab4660d0c10be7da890c0ad13ee346420191e9607411c9edec081bf6a02b,ffmpeg_scene_score,0.32,2,2026-07-23T17:35:28.282246+00:00,success,
airfryer-017-scene-0075,airfryer-017,1030.196,1123.990,93.794,data_video/processed/airfryer-017/clips/airfryer-017-scene-0075.mp4,17185854,2c3c19a904ebc5533b2095087d4d950d6e0a5121304271575fa7efaab1bcae17,data_video/raw/archive_candidates/airfryer-017.mp4,9223ab4660d0c10be7da890c0ad13ee346420191e9607411c9edec081bf6a02b,ffmpeg_scene_score,0.32,2,2026-07-23T17:35:59.898592+00:00,success,
airfryer-017-scene-0076,airfryer-017,1123.990,1136.602,12.613,data_video/processed/airfryer-017/clips/airfryer-017-scene-0076.mp4,535517,438572bfe04011144d0ccbf15c41521e7267aa81c13d9700b4012b3199740923,data_video/raw/archive_candidates/airfryer-017.mp4,9223ab4660d0c10be7da890c0ad13ee346420191e9607411c9edec081bf6a02b,ffmpeg_scene_score,0.32,2,2026-07-23T17:36:03.381190+00:00,success,
airfryer-017-scene-0077,airfryer-017,1136.602,1142.375,5.772,data_video/processed/airfryer-017/clips/airfryer-017-scene-0077.mp4,1336274,71100ebf13222c56de99d79d514638bbec355743b307dfaa86a1b9d7adf07597,data_video/raw/archive_candidates/airfryer-017.mp4,9223ab4660d0c10be7da890c0ad13ee346420191e9607411c9edec081bf6a02b,ffmpeg_scene_score,0.32,2,2026-07-23T17:36:06.944970+00:00,success,
airfryer-017-scene-0078,airfryer-017,1142.375,1146.178,3.804,data_video/processed/airfryer-017/clips/airfryer-017-scene-0078.mp4,133702,018ed92fc816024802a5697e7f5e119aee1e427548c8584b52d9ec63704fb25c,data_video/raw/archive_candidates/airfryer-017.mp4,9223ab4660d0c10be7da890c0ad13ee346420191e9607411c9edec081bf6a02b,ffmpeg_scene_score,0.32,2,2026-07-23T17:36:08.626485+00:00,success,
airfryer-017-scene-0079,airfryer-017,1146.178,1151.083,4.905,data_video/processed/airfryer-017/clips/airfryer-017-scene-0079.mp4,118521,41785db5aa52cc91175ecb7b4cb33fc40de38a576a1c2b8beeb4901057cc8aa1,data_video/raw/archive_candidates/airfryer-017.mp4,9223ab4660d0c10be7da890c0ad13ee346420191e9607411c9edec081bf6a02b,ffmpeg_scene_score,0.32,2,2026-07-23T17:36:10.675200+00:00,success,
airfryer-017-scene-0080,airfryer-017,1151.083,1158.958,7.875,data_video/processed/airfryer-017/clips/airfryer-017-scene-0080.mp4,246300,2ad17f82cc2e85b6616bc8bfa0ed24378dfb2c4399e6d210136a92e6c017fc5f,data_video/raw/archive_candidates/airfryer-017.mp4,9223ab4660d0c10be7da890c0ad13ee346420191e9607411c9edec081bf6a02b,ffmpeg_scene_score,0.32,2,2026-07-23T17:36:13.544944+00:00,success,
airfryer-017-scene-0081,airfryer-017,1158.958,1179.745,20.787,data_video/processed/airfryer-017/clips/airfryer-017-scene-0081.mp4,3210790,2f30e55e95701f6e541d57dace0b568d087eb0b14944c479d50b5d6b4cc8b385,data_video/raw/archive_candidates/airfryer-017.mp4,9223ab4660d0c10be7da890c0ad13ee346420191e9607411c9edec081bf6a02b,ffmpeg_scene_score,0.32,2,2026-07-23T17:36:21.550852+00:00,success,
airfryer-017-scene-0082,airfryer-017,1179.745,1182.481,2.736,data_video/processed/airfryer-017/clips/airfryer-017-scene-0082.mp4,429004,5fae976f28fa1fe94d5efdfaa43e6beee7ad993ccaf9ba145897dcff83d3a413,data_video/raw/archive_candidates/airfryer-017.mp4,9223ab4660d0c10be7da890c0ad13ee346420191e9607411c9edec081bf6a02b,ffmpeg_scene_score,0.32,2,2026-07-23T17:36:23.573414+00:00,success,
airfryer-017-scene-0083,airfryer-017,1182.481,1198.864,16.383,data_video/processed/airfryer-017/clips/airfryer-017-scene-0083.mp4,2655347,3c1317bb72a5fd1109610344ff5d0ae6bdea5e394be3fb8861972227d35989af,data_video/raw/archive_candidates/airfryer-017.mp4,9223ab4660d0c10be7da890c0ad13ee346420191e9607411c9edec081bf6a02b,ffmpeg_scene_score,0.32,2,2026-07-23T17:36:30.330532+00:00,success,
airfryer-017-scene-0084,airfryer-017,1198.864,1213.045,14.181,data_video/processed/airfryer-017/clips/airfryer-017-scene-0084.mp4,2226253,d59a401520cb4e831e6160d52e4ffbbcfc73cb5b3d02c7f06ee524e4676902e7,data_video/raw/archive_candidates/airfryer-017.mp4,9223ab4660d0c10be7da890c0ad13ee346420191e9607411c9edec081bf6a02b,ffmpeg_scene_score,0.32,2,2026-07-23T17:36:35.855920+00:00,success,
airfryer-017-scene-0085,airfryer-017,1213.045,1225.157,12.112,data_video/processed/airfryer-017/clips/airfryer-017-scene-0085.mp4,1952501,5e42a62034e249619887730f101318a0d5482e85883f5aa629400167278de114,data_video/raw/archive_candidates/airfryer-017.mp4,9223ab4660d0c10be7da890c0ad13ee346420191e9607411c9edec081bf6a02b,ffmpeg_scene_score,0.32,2,2026-07-23T17:36:41.092148+00:00,success,
airfryer-017-scene-0086,airfryer-017,1225.157,1232.998,7.841,data_video/processed/airfryer-017/clips/airfryer-017-scene-0086.mp4,1271777,679ab22a9be02ceb8366641ce22cb25d4c76b08b20491f2ce5265a83cadb22ca,data_video/raw/archive_candidates/airfryer-017.mp4,9223ab4660d0c10be7da890c0ad13ee346420191e9607411c9edec081bf6a02b,ffmpeg_scene_score,0.32,2,2026-07-23T17:36:44.960555+00:00,success,
airfryer-017-scene-0087,airfryer-017,1232.998,1239.805,6.807,data_video/processed/airfryer-017/clips/airfryer-017-scene-0087.mp4,1351855,a689c21246f441ef895ec227013c04b18819c73eb868801e94929c25dd02ed33,data_video/raw/archive_candidates/airfryer-017.mp4,9223ab4660d0c10be7da890c0ad13ee346420191e9607411c9edec081bf6a02b,ffmpeg_scene_score,0.32,2,2026-07-23T17:36:48.769992+00:00,success,
airfryer-017-scene-0088,airfryer-017,1239.805,1248.047,8.242,data_video/processed/airfryer-017/clips/airfryer-017-scene-0088.mp4,1610237,2b81b997db7996b9c98f9c0a2e3c92e0f8d5d32382da19b68ccb646ea286f2c3,data_video/raw/archive_candidates/airfryer-017.mp4,9223ab4660d0c10be7da890c0ad13ee346420191e9607411c9edec081bf6a02b,ffmpeg_scene_score,0.32,2,2026-07-23T17:36:53.456324+00:00,success,
airfryer-017-scene-0089,airfryer-017,1248.047,1281.113,33.066,data_video/processed/airfryer-017/clips/airfryer-017-scene-0089.mp4,4957995,9f2a146421bf8f9cdcf196c2bd87d4b3721019869f8228fcf8c47cfb37f3da17,data_video/raw/archive_candidates/airfryer-017.mp4,9223ab4660d0c10be7da890c0ad13ee346420191e9607411c9edec081bf6a02b,ffmpeg_scene_score,0.32,2,2026-07-23T17:37:04.193649+00:00,success,
airfryer-017-scene-0090,airfryer-017,1281.113,1288.487,7.374,data_video/processed/airfryer-017/clips/airfryer-017-scene-0090.mp4,1791436,6868729f29f816dfa31935bd6c48beefab238d75e196d7c9023afecf90799ebb,data_video/raw/archive_candidates/airfryer-017.mp4,9223ab4660d0c10be7da890c0ad13ee346420191e9607411c9edec081bf6a02b,ffmpeg_scene_score,0.32,2,2026-07-23T17:37:08.328357+00:00,success,
airfryer-017-scene-0091,airfryer-017,1288.487,1292.224,3.737,data_video/processed/airfryer-017/clips/airfryer-017-scene-0091.mp4,791581,1bcbefc54c6e6506134131cb1c92b6ecc08101bb5bff44fc8ca82fa483deb865,data_video/raw/archive_candidates/airfryer-017.mp4,9223ab4660d0c10be7da890c0ad13ee346420191e9607411c9edec081bf6a02b,ffmpeg_scene_score,0.32,2,2026-07-23T17:37:10.703106+00:00,success,
airfryer-017-scene-0092,airfryer-017,1292.224,1295.027,2.803,data_video/processed/airfryer-017/clips/airfryer-017-scene-0092.mp4,753386,384a02c5a92d3c3f8f9e8148a5f182ba1af7b9788363e26b494452367af60657,data_video/raw/archive_candidates/airfryer-017.mp4,9223ab4660d0c10be7da890c0ad13ee346420191e9607411c9edec081bf6a02b,ffmpeg_scene_score,0.32,2,2026-07-23T17:37:12.744398+00:00,success,
airfryer-017-scene-0093,airfryer-017,1295.027,1306.539,11.512,data_video/processed/airfryer-017/clips/airfryer-017-scene-0093.mp4,1738133,70d751207ba3b14ac57decad308645172cc364043f33b5843c6c314b85deaaae,data_video/raw/archive_candidates/airfryer-017.mp4,9223ab4660d0c10be7da890c0ad13ee346420191e9607411c9edec081bf6a02b,ffmpeg_scene_score,0.32,2,2026-07-23T17:37:17.424564+00:00,success,
airfryer-017-scene-0094,airfryer-017,1306.539,1330.963,24.424,data_video/processed/airfryer-017/clips/airfryer-017-scene-0094.mp4,3774998,67ce69b4f68b6d8b79beadec4329987682a102a02bb9c0e08e7c8015f4b2e850,data_video/raw/archive_candidates/airfryer-017.mp4,9223ab4660d0c10be7da890c0ad13ee346420191e9607411c9edec081bf6a02b,ffmpeg_scene_score,0.32,2,2026-07-23T17:37:26.164372+00:00,success,
airfryer-017-scene-0095,airfryer-017,1330.963,1340.472,9.510,data_video/processed/airfryer-017/clips/airfryer-017-scene-0095.mp4,2247789,ccfa832334a5ff6f0feae8d7b75eea1157fcf853ab2d73fb279fa2856d3ee026,data_video/raw/archive_candidates/airfryer-017.mp4,9223ab4660d0c10be7da890c0ad13ee346420191e9607411c9edec081bf6a02b,ffmpeg_scene_score,0.32,2,2026-07-23T17:37:30.974688+00:00,success,
airfryer-017-scene-0096,airfryer-017,1340.472,1352.718,12.246,data_video/processed/airfryer-017/clips/airfryer-017-scene-0096.mp4,2139407,e1edf71258a3519e648f3976cb9e09a2e8de5fcea976f58139bd188c7de1ed20,data_video/raw/archive_candidates/airfryer-017.mp4,9223ab4660d0c10be7da890c0ad13ee346420191e9607411c9edec081bf6a02b,ffmpeg_scene_score,0.32,2,2026-07-23T17:37:36.002059+00:00,success,
airfryer-017-scene-0097,airfryer-017,1352.718,1357.556,4.838,data_video/processed/airfryer-017/clips/airfryer-017-scene-0097.mp4,1354044,945c2ca782dc841c8f36571773db55c40436de1755e4d3bca4dcc1bfd83e94fe,data_video/raw/archive_candidates/airfryer-017.mp4,9223ab4660d0c10be7da890c0ad13ee346420191e9607411c9edec081bf6a02b,ffmpeg_scene_score,0.32,2,2026-07-23T17:37:39.167198+00:00,success,
airfryer-017-scene-0098,airfryer-017,1357.556,1360.326,2.769,data_video/processed/airfryer-017/clips/airfryer-017-scene-0098.mp4,505185,d0df903ac1d0d4b4a795d246d64dbf342d6f66245ac7f167c3192f96926f3e62,data_video/raw/archive_candidates/airfryer-017.mp4,9223ab4660d0c10be7da890c0ad13ee346420191e9607411c9edec081bf6a02b,ffmpeg_scene_score,0.32,2,2026-07-23T17:37:41.076900+00:00,success,
airfryer-017-scene-0099,airfryer-017,1360.326,1365.831,5.505,data_video/processed/airfryer-017/clips/airfryer-017-scene-0099.mp4,583473,90bbbf9e65416b5143d155ec0efb817df406f643f11e270e73d97e51bf10a4c8,data_video/raw/archive_candidates/airfryer-017.mp4,9223ab4660d0c10be7da890c0ad13ee346420191e9607411c9edec081bf6a02b,ffmpeg_scene_score,0.32,2,2026-07-23T17:37:43.337655+00:00,success,
airfryer-017-scene-0100,airfryer-017,1365.831,1370.736,4.905,data_video/processed/airfryer-017/clips/airfryer-017-scene-0100.mp4,1417786,6c461ad53983b8c8c5d88861f2ee71f5a9c39a8cc0e9ddc3ef68a0a18bf4ea4e,data_video/raw/archive_candidates/airfryer-017.mp4,9223ab4660d0c10be7da890c0ad13ee346420191e9607411c9edec081bf6a02b,ffmpeg_scene_score,0.32,2,2026-07-23T17:37:46.396949+00:00,success,
airfryer-017-scene-0101,airfryer-017,1370.736,1398.664,27.928,data_video/processed/airfryer-017/clips/airfryer-017-scene-0101.mp4,2556268,fc8af17a0153437f8b368e43147eabd5610905339a84cadbab3c2f4a2059cd9f,data_video/raw/archive_candidates/airfryer-017.mp4,9223ab4660d0c10be7da890c0ad13ee346420191e9607411c9edec081bf6a02b,ffmpeg_scene_score,0.32,2,2026-07-23T17:37:53.860356+00:00,success,
airfryer-017-scene-0102,airfryer-017,1398.664,1417.149,18.485,data_video/processed/airfryer-017/clips/airfryer-017-scene-0102.mp4,4416952,128856257f6ab785ad095ef61974d87a14211682b85315b31dc47216feffd793,data_video/raw/archive_candidates/airfryer-017.mp4,9223ab4660d0c10be7da890c0ad13ee346420191e9607411c9edec081bf6a02b,ffmpeg_scene_score,0.32,2,2026-07-23T17:38:01.330075+00:00,success,
airfryer-017-scene-0103,airfryer-017,1417.149,1426.091,8.942,data_video/processed/airfryer-017/clips/airfryer-017-scene-0103.mp4,848737,648dcbf7152975fd056abe617643715a2e4e1cdee56f6b2b706fd082c23058f3,data_video/raw/archive_candidates/airfryer-017.mp4,9223ab4660d0c10be7da890c0ad13ee346420191e9607411c9edec081bf6a02b,ffmpeg_scene_score,0.32,2,2026-07-23T17:38:04.719382+00:00,success,
airfryer-017-scene-0104,airfryer-017,1426.091,1440.539,14.448,data_video/processed/airfryer-017/clips/airfryer-017-scene-0104.mp4,4830841,c58700f7f200c4bb34dfd95d76ce0a60913cf1d5e4073bead87a2b49e3ec3cc8,data_video/raw/archive_candidates/airfryer-017.mp4,9223ab4660d0c10be7da890c0ad13ee346420191e9607411c9edec081bf6a02b,ffmpeg_scene_score,0.32,2,2026-07-23T17:38:11.387974+00:00,success,
airfryer-017-scene-0105,airfryer-017,1440.539,1448.514,7.975,data_video/processed/airfryer-017/clips/airfryer-017-scene-0105.mp4,1501326,41e852c20666cfa6de92f2ecab6ad3827f4e4afec38569deaaddf1c32a2aaabb,data_video/raw/archive_candidates/airfryer-017.mp4,9223ab4660d0c10be7da890c0ad13ee346420191e9607411c9edec081bf6a02b,ffmpeg_scene_score,0.32,2,2026-07-23T17:38:15.218779+00:00,success,
airfryer-017-scene-0106,airfryer-017,1448.514,1453.452,4.938,data_video/processed/airfryer-017/clips/airfryer-017-scene-0106.mp4,757715,514419b6f272a79e830fbdde7b4b37970a90b9a31655aa4b17216fe117996dcb,data_video/raw/archive_candidates/airfryer-017.mp4,9223ab4660d0c10be7da890c0ad13ee346420191e9607411c9edec081bf6a02b,ffmpeg_scene_score,0.32,2,2026-07-23T17:38:17.579793+00:00,success,
airfryer-017-scene-0107,airfryer-017,1453.452,1458.824,5.372,data_video/processed/airfryer-017/clips/airfryer-017-scene-0107.mp4,1088434,ed95e1876eed58b266bbe30aba865d7fc338002265c9c7568a4f5ddc2045c7a7,data_video/raw/archive_candidates/airfryer-017.mp4,9223ab4660d0c10be7da890c0ad13ee346420191e9607411c9edec081bf6a02b,ffmpeg_scene_score,0.32,2,2026-07-23T17:38:20.252680+00:00,success,
airfryer-017-scene-0108,airfryer-017,1458.824,1489.054,30.230,data_video/processed/airfryer-017/clips/airfryer-017-scene-0108.mp4,7558322,10bfc16318e0f1dae10b9cd46800a4bf0438e303434c28bdc31d7d52cf79cfe3,data_video/raw/archive_candidates/airfryer-017.mp4,9223ab4660d0c10be7da890c0ad13ee346420191e9607411c9edec081bf6a02b,ffmpeg_scene_score,0.32,2,2026-07-23T17:38:32.200072+00:00,success,
airfryer-017-scene-0109,airfryer-017,1489.054,1498.597,9.543,data_video/processed/airfryer-017/clips/airfryer-017-scene-0109.mp4,2603591,e3041c1ccc982599f2a4b2037179d1f89d30c2dc78058b4a4927a2bd3fa7f8bc,data_video/raw/archive_candidates/airfryer-017.mp4,9223ab4660d0c10be7da890c0ad13ee346420191e9607411c9edec081bf6a02b,ffmpeg_scene_score,0.32,2,2026-07-23T17:38:37.472781+00:00,success,
airfryer-017-scene-0110,airfryer-017,1498.597,1503.268,4.671,data_video/processed/airfryer-017/clips/airfryer-017-scene-0110.mp4,1102130,b9244f73a328adefa635d384e1c6faa8bc2478e0962d07d2b00297b01ad9b392,data_video/raw/archive_candidates/airfryer-017.mp4,9223ab4660d0c10be7da890c0ad13ee346420191e9607411c9edec081bf6a02b,ffmpeg_scene_score,0.32,2,2026-07-23T17:38:40.679348+00:00,success,
airfryer-017-scene-0111,airfryer-017,1503.268,1506.839,3.570,data_video/processed/airfryer-017/clips/airfryer-017-scene-0111.mp4,824730,cac4e9c19f3ff15854aa82f7c995884040469b84479b3f5211db0d10fddb3bd5,data_video/raw/archive_candidates/airfryer-017.mp4,9223ab4660d0c10be7da890c0ad13ee346420191e9607411c9edec081bf6a02b,ffmpeg_scene_score,0.32,2,2026-07-23T17:38:43.168265+00:00,success,
airfryer-017-scene-0112,airfryer-017,1506.839,1523.722,16.884,data_video/processed/airfryer-017/clips/airfryer-017-scene-0112.mp4,3558613,747d5864ff5daae80cb9209fd801e65779698d966ca1cb6031e6641247ef8c9c,data_video/raw/archive_candidates/airfryer-017.mp4,9223ab4660d0c10be7da890c0ad13ee346420191e9607411c9edec081bf6a02b,ffmpeg_scene_score,0.32,2,2026-07-23T17:38:49.964084+00:00,success,
airfryer-017-scene-0113,airfryer-017,1523.722,1533.198,9.476,data_video/processed/airfryer-017/clips/airfryer-017-scene-0113.mp4,1543808,43f2c40ce94e718f307f38b560a42461cd3e51d4b0f1968a79a84631fac0eabf,data_video/raw/archive_candidates/airfryer-017.mp4,9223ab4660d0c10be7da890c0ad13ee346420191e9607411c9edec081bf6a02b,ffmpeg_scene_score,0.32,2,2026-07-23T17:38:53.957251+00:00,success,
airfryer-017-scene-0114,airfryer-017,1533.198,1537.136,3.937,data_video/processed/airfryer-017/clips/airfryer-017-scene-0114.mp4,686117,ffb0bea58433a638019fd5b9de0f7a84e39824e7ab0a5e1c6399c4b643afd114,data_video/raw/archive_candidates/airfryer-017.mp4,9223ab4660d0c10be7da890c0ad13ee346420191e9607411c9edec081bf6a02b,ffmpeg_scene_score,0.32,2,2026-07-23T17:38:56.347128+00:00,success,
airfryer-017-scene-0115,airfryer-017,1537.136,1547.120,9.984,data_video/processed/airfryer-017/clips/airfryer-017-scene-0115.mp4,539187,e6642d61436b517794182bfbaa4a34e05b29d1e0f1253be4b1f1702feeefaf1d,data_video/raw/archive_candidates/airfryer-017.mp4,9223ab4660d0c10be7da890c0ad13ee346420191e9607411c9edec081bf6a02b,ffmpeg_scene_score,0.32,2,2026-07-23T17:38:58.814894+00:00,success,
airfryer-024-scene-0001,airfryer-024,0.000,2.236,2.236,data_video/processed/airfryer-024/clips/airfryer-024-scene-0001.mp4,103723,c6629cc8ea5c63151ba6ba552d138546e80bba5d041b26586d6e04991f7d1380,data_video/raw/archive_candidates/airfryer-024.mp4,7a8740df543d21984569ff68779962861d20e0fc8ae4f42567d2e58ab6880faa,ffmpeg_scene_score,0.32,2,2026-07-23T17:39:02.532873+00:00,success,
airfryer-024-scene-0002,airfryer-024,2.236,7.574,5.339,data_video/processed/airfryer-024/clips/airfryer-024-scene-0002.mp4,313030,d5beebbf0180ab09d1e0c2c09be46084d9137cbe8da4f32dd9e6fe456fe47f99,data_video/raw/archive_candidates/airfryer-024.mp4,7a8740df543d21984569ff68779962861d20e0fc8ae4f42567d2e58ab6880faa,ffmpeg_scene_score,0.32,2,2026-07-23T17:39:04.302641+00:00,success,
airfryer-024-scene-0003,airfryer-024,7.574,11.478,3.904,data_video/processed/airfryer-024/clips/airfryer-024-scene-0003.mp4,767178,d7651f4a4166efc7612451011fd002d6bcce62a109b22fb0f061f2bf25657ce2,data_video/raw/archive_candidates/airfryer-024.mp4,7a8740df543d21984569ff68779962861d20e0fc8ae4f42567d2e58ab6880faa,ffmpeg_scene_score,0.32,2,2026-07-23T17:39:05.993630+00:00,success,
airfryer-024-scene-0004,airfryer-024,11.478,16.149,4.671,data_video/processed/airfryer-024/clips/airfryer-024-scene-0004.mp4,446323,59df32ee7ad165e8d964f78f848e3b9d399d3e64de1686164e07547e6a8cde60,data_video/raw/archive_candidates/airfryer-024.mp4,7a8740df543d21984569ff68779962861d20e0fc8ae4f42567d2e58ab6880faa,ffmpeg_scene_score,0.32,2,2026-07-23T17:39:07.567921+00:00,success,
airfryer-024-scene-0005,airfryer-024,16.149,19.953,3.804,data_video/processed/airfryer-024/clips/airfryer-024-scene-0005.mp4,179959,816ef30516aa1f58bbfb04eb1aca828547ed2de088e4d83df85f1b14f3760634,data_video/raw/archive_candidates/airfryer-024.mp4,7a8740df543d21984569ff68779962861d20e0fc8ae4f42567d2e58ab6880faa,ffmpeg_scene_score,0.32,2,2026-07-23T17:39:08.872459+00:00,success,
airfryer-024-scene-0006,airfryer-024,19.953,22.689,2.736,data_video/processed/airfryer-024/clips/airfryer-024-scene-0006.mp4,304864,6254354b05d6948f531ea062cddc4b7e787d92833843b110b63d04966b0c77bf,data_video/raw/archive_candidates/airfryer-024.mp4,7a8740df543d21984569ff68779962861d20e0fc8ae4f42567d2e58ab6880faa,ffmpeg_scene_score,0.32,2,2026-07-23T17:39:10.013680+00:00,success,
airfryer-024-scene-0007,airfryer-024,22.689,28.862,6.173,data_video/processed/airfryer-024/clips/airfryer-024-scene-0007.mp4,477354,d507249ef912aa1213e840b9a917d7654a4cd77f70c7522ce8d59b08a88546fd,data_video/raw/archive_candidates/airfryer-024.mp4,7a8740df543d21984569ff68779962861d20e0fc8ae4f42567d2e58ab6880faa,ffmpeg_scene_score,0.32,2,2026-07-23T17:39:11.929062+00:00,success,
airfryer-024-scene-0008,airfryer-024,28.862,36.536,7.674,data_video/processed/airfryer-024/clips/airfryer-024-scene-0008.mp4,492302,97233a049b5ee65a40f2a7558717fe34d100426282fb75be82cc9f882eb52807,data_video/raw/archive_candidates/airfryer-024.mp4,7a8740df543d21984569ff68779962861d20e0fc8ae4f42567d2e58ab6880faa,ffmpeg_scene_score,0.32,2,2026-07-23T17:39:14.129385+00:00,success,
airfryer-024-scene-0009,airfryer-024,36.536,40.974,4.438,data_video/processed/airfryer-024/clips/airfryer-024-scene-0009.mp4,242199,8217f491e73e0b71e94dee72e9c832250ba3ba69e1275366d8d7332ae7fb103b,data_video/raw/archive_candidates/airfryer-024.mp4,7a8740df543d21984569ff68779962861d20e0fc8ae4f42567d2e58ab6880faa,ffmpeg_scene_score,0.32,2,2026-07-23T17:39:15.584874+00:00,success,
airfryer-024-scene-0010,airfryer-024,40.974,43.777,2.803,data_video/processed/airfryer-024/clips/airfryer-024-scene-0010.mp4,177187,0e6ea0e1d32d2bab559e47eb13f3ced8c6ee45a98cfb0526e0a9efdfeea41603,data_video/raw/archive_candidates/airfryer-024.mp4,7a8740df543d21984569ff68779962861d20e0fc8ae4f42567d2e58ab6880faa,ffmpeg_scene_score,0.32,2,2026-07-23T17:39:16.863055+00:00,success,
airfryer-024-scene-0011,airfryer-024,43.777,56.690,12.913,data_video/processed/airfryer-024/clips/airfryer-024-scene-0011.mp4,649999,782f1d432ad8ce5753eb767c372587457f3af72993d2cf8b949643fb312317cf,data_video/raw/archive_candidates/airfryer-024.mp4,7a8740df543d21984569ff68779962861d20e0fc8ae4f42567d2e58ab6880faa,ffmpeg_scene_score,0.32,2,2026-07-23T17:39:19.247883+00:00,success,
airfryer-024-scene-0012,airfryer-024,56.690,63.730,7.040,data_video/processed/airfryer-024/clips/airfryer-024-scene-0012.mp4,411682,9571d35915e99073dba3fc39a54996ac92e31970d661a052476e06cb045fb532,data_video/raw/archive_candidates/airfryer-024.mp4,7a8740df543d21984569ff68779962861d20e0fc8ae4f42567d2e58ab6880faa,ffmpeg_scene_score,0.32,2,2026-07-23T17:39:21.010069+00:00,success,
airfryer-024-scene-0013,airfryer-024,63.730,66.900,3.170,data_video/processed/airfryer-024/clips/airfryer-024-scene-0013.mp4,274750,e2a0652e546e02b9ff7dfc79573cd4a6beca2f4d037d9f7fa222107e76dc2f60,data_video/raw/archive_candidates/airfryer-024.mp4,7a8740df543d21984569ff68779962861d20e0fc8ae4f42567d2e58ab6880faa,ffmpeg_scene_score,0.32,2,2026-07-23T17:39:22.362874+00:00,success,
airfryer-024-scene-0014,airfryer-024,66.900,70.137,3.237,data_video/processed/airfryer-024/clips/airfryer-024-scene-0014.mp4,211295,1c03dc4ccce46ad8ba1d98b04eeba9297dca9d10b6349dfa00782c156f63e38e,data_video/raw/archive_candidates/airfryer-024.mp4,7a8740df543d21984569ff68779962861d20e0fc8ae4f42567d2e58ab6880faa,ffmpeg_scene_score,0.32,2,2026-07-23T17:39:23.566775+00:00,success,
airfryer-024-scene-0015,airfryer-024,70.137,73.974,3.837,data_video/processed/airfryer-024/clips/airfryer-024-scene-0015.mp4,345694,1e0dfd0269ad13233c9bc9020eb016f9fde534840928f585ef8513228fc17e4f,data_video/raw/archive_candidates/airfryer-024.mp4,7a8740df543d21984569ff68779962861d20e0fc8ae4f42567d2e58ab6880faa,ffmpeg_scene_score,0.32,2,2026-07-23T17:39:24.907738+00:00,success,
airfryer-024-scene-0016,airfryer-024,73.974,76.043,2.069,data_video/processed/airfryer-024/clips/airfryer-024-scene-0016.mp4,123710,de4fe2ab5a3a388a4ad98fa77a46efb0a56abef106230dea307d8424efc9aff6,data_video/raw/archive_candidates/airfryer-024.mp4,7a8740df543d21984569ff68779962861d20e0fc8ae4f42567d2e58ab6880faa,ffmpeg_scene_score,0.32,2,2026-07-23T17:39:25.875417+00:00,success,
airfryer-024-scene-0017,airfryer-024,76.043,78.712,2.669,data_video/processed/airfryer-024/clips/airfryer-024-scene-0017.mp4,216579,b6c0c32326e2f16095ff5a78362200817c9b7c535ec371bdc459086b715e7c5f,data_video/raw/archive_candidates/airfryer-024.mp4,7a8740df543d21984569ff68779962861d20e0fc8ae4f42567d2e58ab6880faa,ffmpeg_scene_score,0.32,2,2026-07-23T17:39:26.883873+00:00,success,
airfryer-024-scene-0018,airfryer-024,78.712,81.214,2.502,data_video/processed/airfryer-024/clips/airfryer-024-scene-0018.mp4,256979,d67a132c1905e6cdba1b38b3e23b76fd69aa02f3dd2874452720e72c13b84d0c,data_video/raw/archive_candidates/airfryer-024.mp4,7a8740df543d21984569ff68779962861d20e0fc8ae4f42567d2e58ab6880faa,ffmpeg_scene_score,0.32,2,2026-07-23T17:39:27.914109+00:00,success,
airfryer-024-scene-0019,airfryer-024,81.214,85.852,4.638,data_video/processed/airfryer-024/clips/airfryer-024-scene-0019.mp4,296072,e63e67edfcf09b3e2972679d30571ef3eb1080e9f20f559fa3c0e55da9420e76,data_video/raw/archive_candidates/airfryer-024.mp4,7a8740df543d21984569ff68779962861d20e0fc8ae4f42567d2e58ab6880faa,ffmpeg_scene_score,0.32,2,2026-07-23T17:39:29.501973+00:00,success,
airfryer-024-scene-0020,airfryer-024,85.852,93.560,7.708,data_video/processed/airfryer-024/clips/airfryer-024-scene-0020.mp4,307229,fa9073a30a0306918f124cb992555a189bcab8cd8279312e96996ccf26c13e8c,data_video/raw/archive_candidates/airfryer-024.mp4,7a8740df543d21984569ff68779962861d20e0fc8ae4f42567d2e58ab6880faa,ffmpeg_scene_score,0.32,2,2026-07-23T17:39:31.589826+00:00,success,
airfryer-024-scene-0021,airfryer-024,93.560,99.800,6.240,data_video/processed/airfryer-024/clips/airfryer-024-scene-0021.mp4,183920,adb55b77afaa22350389b3976e21abaf9ddd7cf51d33c2cf802436f8c868f9fc,data_video/raw/archive_candidates/airfryer-024.mp4,7a8740df543d21984569ff68779962861d20e0fc8ae4f42567d2e58ab6880faa,ffmpeg_scene_score,0.32,2,2026-07-23T17:39:32.870776+00:00,success,
airfryer-024-scene-0022,airfryer-024,99.800,104.371,4.571,data_video/processed/airfryer-024/clips/airfryer-024-scene-0022.mp4,240649,b15c390792180154dc872cb89706857d75cdab5bd3b2711231259ec071276d94,data_video/raw/archive_candidates/airfryer-024.mp4,7a8740df543d21984569ff68779962861d20e0fc8ae4f42567d2e58ab6880faa,ffmpeg_scene_score,0.32,2,2026-07-23T17:39:34.354664+00:00,success,
airfryer-024-scene-0023,airfryer-024,104.371,106.773,2.402,data_video/processed/airfryer-024/clips/airfryer-024-scene-0023.mp4,209178,5245b0df5acd7b6058e2c048d838fd3d5c0c7e2c4b0fdbbe69043579b0ab3222,data_video/raw/archive_candidates/airfryer-024.mp4,7a8740df543d21984569ff68779962861d20e0fc8ae4f42567d2e58ab6880faa,ffmpeg_scene_score,0.32,2,2026-07-23T17:39:35.245360+00:00,success,
airfryer-024-scene-0024,airfryer-024,106.773,109.109,2.336,data_video/processed/airfryer-024/clips/airfryer-024-scene-0024.mp4,130665,7fe14aff700bf5cb2a488f77d192f8b12bb356a4536ed2ea33150ee3a8341bb6,data_video/raw/archive_candidates/airfryer-024.mp4,7a8740df543d21984569ff68779962861d20e0fc8ae4f42567d2e58ab6880faa,ffmpeg_scene_score,0.32,2,2026-07-23T17:39:36.378763+00:00,success,
airfryer-024-scene-0025,airfryer-024,109.109,112.846,3.737,data_video/processed/airfryer-024/clips/airfryer-024-scene-0025.mp4,213884,8a70807071df03b7274002a7c328032e2788251bf402e1ac21c55c6e7b86c10a,data_video/raw/archive_candidates/airfryer-024.mp4,7a8740df543d21984569ff68779962861d20e0fc8ae4f42567d2e58ab6880faa,ffmpeg_scene_score,0.32,2,2026-07-23T17:39:37.630676+00:00,success,
airfryer-024-scene-0026,airfryer-024,112.846,124.624,11.778,data_video/processed/airfryer-024/clips/airfryer-024-scene-0026.mp4,462588,ce5da1ee6e1cd028082bcb94fd9251ddce654dc2576050c2e12e63e3be45cf2e,data_video/raw/archive_candidates/airfryer-024.mp4,7a8740df543d21984569ff68779962861d20e0fc8ae4f42567d2e58ab6880faa,ffmpeg_scene_score,0.32,2,2026-07-23T17:39:40.424240+00:00,success,
airfryer-024-scene-0027,airfryer-024,124.624,135.770,11.146,data_video/processed/airfryer-024/clips/airfryer-024-scene-0027.mp4,213963,b89f65da528e2dee21bcc22c1c2532f3882635d91ead271f85763f7adde7f3c9,data_video/raw/archive_candidates/airfryer-024.mp4,7a8740df543d21984569ff68779962861d20e0fc8ae4f42567d2e58ab6880faa,ffmpeg_scene_score,0.32,2,2026-07-23T17:39:42.381223+00:00,success,
airfryer-026-scene-0001,airfryer-026,0.000,213.460,213.460,data_video/processed/airfryer-026/clips/airfryer-026-scene-0001.mp4,19241848,f758f5eabc5f857050919896d8d7b2e58d82db8e35821814cc56e7eaffaf5c40,data_video/raw/archive_candidates/airfryer-026.mp4,2c97ba89447c76d2f8e3923a4e16c461791bb3733eae994955229e750b6fcb27,ffmpeg_scene_score,0.32,2,2026-07-23T17:41:07.309589+00:00,success,
airfryer-027-scene-0001,airfryer-027,0.000,7.508,7.508,data_video/processed/airfryer-027/clips/airfryer-027-scene-0001.mp4,63278,2048fa6e5d19fd70d6197da673fe9ee15084cb41f007df0b28fde57dc549afc1,data_video/raw/archive_candidates/airfryer-027.mp4,d19ef592cad182330f3685fa61061f1249a0fe6a401741e149ae7d0f9cce671a,ffmpeg_scene_score,0.32,2,2026-07-23T17:41:18.484386+00:00,success,
airfryer-027-scene-0002,airfryer-027,7.508,283.400,275.892,data_video/processed/airfryer-027/clips/airfryer-027-scene-0002.mp4,27798977,058b6bc63a70551cf8985d90b0ecb854b66d9f2f3f987efe237746a874652ea9,data_video/raw/archive_candidates/airfryer-027.mp4,d19ef592cad182330f3685fa61061f1249a0fe6a401741e149ae7d0f9cce671a,ffmpeg_scene_score,0.32,2,2026-07-23T17:42:29.767417+00:00,success,
airfryer-029-scene-0001,airfryer-029,0.000,2.920,2.920,data_video/processed/airfryer-029/clips/airfryer-029-scene-0001.mp4,67485,5396b4feb9735c78fc83ddfb15b144b2a2548e3988b8c9abf249450f467d25b1,data_video/raw/archive_candidates/airfryer-029.mp4,853838ee93433557fe93454b1bb73a0fb1a33d6e93f377f2ed1ebc18ebaf2a74,ffmpeg_scene_score,0.32,2,2026-07-23T17:42:51.786298+00:00,success,
airfryer-029-scene-0002,airfryer-029,2.920,14.360,11.440,data_video/processed/airfryer-029/clips/airfryer-029-scene-0002.mp4,537607,3f7ca48ddc7502ef889534bbf835d31d6317a9bf7b04dd6308e4b9141738b867,data_video/raw/archive_candidates/airfryer-029.mp4,853838ee93433557fe93454b1bb73a0fb1a33d6e93f377f2ed1ebc18ebaf2a74,ffmpeg_scene_score,0.32,2,2026-07-23T17:42:54.914345+00:00,success,
airfryer-029-scene-0003,airfryer-029,14.360,18.640,4.280,data_video/processed/airfryer-029/clips/airfryer-029-scene-0003.mp4,217511,035702ac8421618851e83f7aa287c46f449147c9e57d1a61cbe284810fcc0a2f,data_video/raw/archive_candidates/airfryer-029.mp4,853838ee93433557fe93454b1bb73a0fb1a33d6e93f377f2ed1ebc18ebaf2a74,ffmpeg_scene_score,0.32,2,2026-07-23T17:42:56.227793+00:00,success,
airfryer-029-scene-0004,airfryer-029,18.640,26.480,7.840,data_video/processed/airfryer-029/clips/airfryer-029-scene-0004.mp4,385686,69e2e02f4df039c792a3340a6da0ad11509170e4bcd5a3193b31c3621b900543,data_video/raw/archive_candidates/airfryer-029.mp4,853838ee93433557fe93454b1bb73a0fb1a33d6e93f377f2ed1ebc18ebaf2a74,ffmpeg_scene_score,0.32,2,2026-07-23T17:42:58.802233+00:00,success,
airfryer-029-scene-0005,airfryer-029,26.480,33.320,6.840,data_video/processed/airfryer-029/clips/airfryer-029-scene-0005.mp4,313887,746e788227f825b1c6752809b0b6d1725ddf5cea862712ee0c1639352cf70ec6,data_video/raw/archive_candidates/airfryer-029.mp4,853838ee93433557fe93454b1bb73a0fb1a33d6e93f377f2ed1ebc18ebaf2a74,ffmpeg_scene_score,0.32,2,2026-07-23T17:43:01.015346+00:00,success,
airfryer-029-scene-0006,airfryer-029,33.320,35.880,2.560,data_video/processed/airfryer-029/clips/airfryer-029-scene-0006.mp4,156227,19c001df2a785714d09f745680704cf1f3c411b11da712c02e808cd23ea8ac59,data_video/raw/archive_candidates/airfryer-029.mp4,853838ee93433557fe93454b1bb73a0fb1a33d6e93f377f2ed1ebc18ebaf2a74,ffmpeg_scene_score,0.32,2,2026-07-23T17:43:02.146999+00:00,success,
airfryer-029-scene-0007,airfryer-029,35.880,38.000,2.120,data_video/processed/airfryer-029/clips/airfryer-029-scene-0007.mp4,165752,64ff8d430f4b4c47ac4136c347078a599812c934d667212feec99764013843b6,data_video/raw/archive_candidates/airfryer-029.mp4,853838ee93433557fe93454b1bb73a0fb1a33d6e93f377f2ed1ebc18ebaf2a74,ffmpeg_scene_score,0.32,2,2026-07-23T17:43:03.208658+00:00,success,
airfryer-029-scene-0008,airfryer-029,38.000,43.920,5.920,data_video/processed/airfryer-029/clips/airfryer-029-scene-0008.mp4,549863,b8a068fbe0f3385634ecd6a7396f7bf4d09905149c9af03c3c494412bfe535a0,data_video/raw/archive_candidates/airfryer-029.mp4,853838ee93433557fe93454b1bb73a0fb1a33d6e93f377f2ed1ebc18ebaf2a74,ffmpeg_scene_score,0.32,2,2026-07-23T17:43:05.278147+00:00,success,
airfryer-029-scene-0009,airfryer-029,43.920,47.240,3.320,data_video/processed/airfryer-029/clips/airfryer-029-scene-0009.mp4,273450,e44e1f368c1909d7381082c74b709f2212b1a5db262f4b00e0adfe31e7d5076e,data_video/raw/archive_candidates/airfryer-029.mp4,853838ee93433557fe93454b1bb73a0fb1a33d6e93f377f2ed1ebc18ebaf2a74,ffmpeg_scene_score,0.32,2,2026-07-23T17:43:06.764362+00:00,success,
airfryer-029-scene-0010,airfryer-029,47.240,50.080,2.840,data_video/processed/airfryer-029/clips/airfryer-029-scene-0010.mp4,271049,a62e0bdae72a8b4308d850888bb3f60b6477592301979327c4b774c66db15d50,data_video/raw/archive_candidates/airfryer-029.mp4,853838ee93433557fe93454b1bb73a0fb1a33d6e93f377f2ed1ebc18ebaf2a74,ffmpeg_scene_score,0.32,2,2026-07-23T17:43:08.055650+00:00,success,
airfryer-029-scene-0011,airfryer-029,50.080,53.480,3.400,data_video/processed/airfryer-029/clips/airfryer-029-scene-0011.mp4,215494,ecd1dc95026eada5ff119bf2638fefe226e4f785b6cac99c7bb6a6202a51909d,data_video/raw/archive_candidates/airfryer-029.mp4,853838ee93433557fe93454b1bb73a0fb1a33d6e93f377f2ed1ebc18ebaf2a74,ffmpeg_scene_score,0.32,2,2026-07-23T17:43:09.623534+00:00,success,
airfryer-029-scene-0012,airfryer-029,53.480,71.120,17.640,data_video/processed/airfryer-029/clips/airfryer-029-scene-0012.mp4,936177,1922ba17ff6cc7807721ddc4e289a6907994db2c6741b2e05f2df53d95e168ba,data_video/raw/archive_candidates/airfryer-029.mp4,853838ee93433557fe93454b1bb73a0fb1a33d6e93f377f2ed1ebc18ebaf2a74,ffmpeg_scene_score,0.32,2,2026-07-23T17:43:13.921956+00:00,success,
airfryer-029-scene-0013,airfryer-029,71.120,77.240,6.120,data_video/processed/airfryer-029/clips/airfryer-029-scene-0013.mp4,300804,d5e77900e6643000e6cf5751a6f831c5b4d001fdeef2a5a901015aae766cdd9f,data_video/raw/archive_candidates/airfryer-029.mp4,853838ee93433557fe93454b1bb73a0fb1a33d6e93f377f2ed1ebc18ebaf2a74,ffmpeg_scene_score,0.32,2,2026-07-23T17:43:15.820324+00:00,success,
airfryer-029-scene-0014,airfryer-029,77.240,79.800,2.560,data_video/processed/airfryer-029/clips/airfryer-029-scene-0014.mp4,159074,06c898a996cdcbd7ae481c3d451834cb1b9925a8a324dae1d5919da994e3672c,data_video/raw/archive_candidates/airfryer-029.mp4,853838ee93433557fe93454b1bb73a0fb1a33d6e93f377f2ed1ebc18ebaf2a74,ffmpeg_scene_score,0.32,2,2026-07-23T17:43:16.911683+00:00,success,
airfryer-029-scene-0015,airfryer-029,79.800,87.520,7.720,data_video/processed/airfryer-029/clips/airfryer-029-scene-0015.mp4,361348,dc10287db7a1da18a06ef3aac543c84eda4863450730dad00442a7f72c552ffd,data_video/raw/archive_candidates/airfryer-029.mp4,853838ee93433557fe93454b1bb73a0fb1a33d6e93f377f2ed1ebc18ebaf2a74,ffmpeg_scene_score,0.32,2,2026-07-23T17:43:19.284492+00:00,success,
airfryer-029-scene-0016,airfryer-029,87.520,89.760,2.240,data_video/processed/airfryer-029/clips/airfryer-029-scene-0016.mp4,180281,25155c9ccdd72f5f9f5b9c05957417dc2cc884538f0d15128a9cfdcbf5544847,data_video/raw/archive_candidates/airfryer-029.mp4,853838ee93433557fe93454b1bb73a0fb1a33d6e93f377f2ed1ebc18ebaf2a74,ffmpeg_scene_score,0.32,2,2026-07-23T17:43:20.436231+00:00,success,
airfryer-029-scene-0017,airfryer-029,89.760,103.400,13.640,data_video/processed/airfryer-029/clips/airfryer-029-scene-0017.mp4,634985,e222944c30f73e7bc7ad2d1d64f9b07d70e1b952215993b5c9be21145b98d141,data_video/raw/archive_candidates/airfryer-029.mp4,853838ee93433557fe93454b1bb73a0fb1a33d6e93f377f2ed1ebc18ebaf2a74,ffmpeg_scene_score,0.32,2,2026-07-23T17:43:24.175725+00:00,success,
airfryer-029-scene-0018,airfryer-029,103.400,107.360,3.960,data_video/processed/airfryer-029/clips/airfryer-029-scene-0018.mp4,186349,85c9496b53fd67747bf0b081c1db4b0e4e6ad7917a919bafa1c5f8c14b639e28,data_video/raw/archive_candidates/airfryer-029.mp4,853838ee93433557fe93454b1bb73a0fb1a33d6e93f377f2ed1ebc18ebaf2a74,ffmpeg_scene_score,0.32,2,2026-07-23T17:43:25.808676+00:00,success,
airfryer-029-scene-0019,airfryer-029,107.360,123.160,15.800,data_video/processed/airfryer-029/clips/airfryer-029-scene-0019.mp4,760752,3ee63fde472ebde2643a48d3fd7597ed1f31c09a185c7958e21eefe11674f6d6,data_video/raw/archive_candidates/airfryer-029.mp4,853838ee93433557fe93454b1bb73a0fb1a33d6e93f377f2ed1ebc18ebaf2a74,ffmpeg_scene_score,0.32,2,2026-07-23T17:43:29.599571+00:00,success,
airfryer-029-scene-0020,airfryer-029,123.160,127.080,3.920,data_video/processed/airfryer-029/clips/airfryer-029-scene-0020.mp4,302594,0aabc9672d189e06c7b4de0862553d01587e799c9c261d3e4338ed527afe8838,data_video/raw/archive_candidates/airfryer-029.mp4,853838ee93433557fe93454b1bb73a0fb1a33d6e93f377f2ed1ebc18ebaf2a74,ffmpeg_scene_score,0.32,2,2026-07-23T17:43:31.192771+00:00,success,
airfryer-029-scene-0021,airfryer-029,127.080,129.320,2.240,data_video/processed/airfryer-029/clips/airfryer-029-scene-0021.mp4,190191,7a1cfa9657a8b3a2d3aaca82ad75667c8469e9d3941366230e5a48a35b40c00a,data_video/raw/archive_candidates/airfryer-029.mp4,853838ee93433557fe93454b1bb73a0fb1a33d6e93f377f2ed1ebc18ebaf2a74,ffmpeg_scene_score,0.32,2,2026-07-23T17:43:32.336710+00:00,success,
airfryer-029-scene-0022,airfryer-029,129.320,133.000,3.680,data_video/processed/airfryer-029/clips/airfryer-029-scene-0022.mp4,196308,cf9fc73917086b4f5748fbd07615612a5d5240f19d90d2fe45db85c3eb2d0f86,data_video/raw/archive_candidates/airfryer-029.mp4,853838ee93433557fe93454b1bb73a0fb1a33d6e93f377f2ed1ebc18ebaf2a74,ffmpeg_scene_score,0.32,2,2026-07-23T17:43:33.785081+00:00,success,
airfryer-029-scene-0023,airfryer-029,133.000,135.760,2.760,data_video/processed/airfryer-029/clips/airfryer-029-scene-0023.mp4,168060,5b0fdcd85eae52cea376653b25e0f0a5b992857d2993a33b795f6234caf5f85f,data_video/raw/archive_candidates/airfryer-029.mp4,853838ee93433557fe93454b1bb73a0fb1a33d6e93f377f2ed1ebc18ebaf2a74,ffmpeg_scene_score,0.32,2,2026-07-23T17:43:35.077054+00:00,success,
airfryer-029-scene-0024,airfryer-029,135.760,142.320,6.560,data_video/processed/airfryer-029/clips/airfryer-029-scene-0024.mp4,330429,28d67dbca57c7317f28de0f1c6454f0d41bb8397315f894542ea737ee8a7f886,data_video/raw/archive_candidates/airfryer-029.mp4,853838ee93433557fe93454b1bb73a0fb1a33d6e93f377f2ed1ebc18ebaf2a74,ffmpeg_scene_score,0.32,2,2026-07-23T17:43:37.278522+00:00,success,
airfryer-029-scene-0025,airfryer-029,142.320,147.880,5.560,data_video/processed/airfryer-029/clips/airfryer-029-scene-0025.mp4,420188,3b74feb67209664fa5ec469cc54a796b6e1ee431d2501def3a0dc5677229a5ae,data_video/raw/archive_candidates/airfryer-029.mp4,853838ee93433557fe93454b1bb73a0fb1a33d6e93f377f2ed1ebc18ebaf2a74,ffmpeg_scene_score,0.32,2,2026-07-23T17:43:39.446694+00:00,success,
airfryer-029-scene-0026,airfryer-029,147.880,150.200,2.320,data_video/processed/airfryer-029/clips/airfryer-029-scene-0026.mp4,144233,6c1fc0a01a6e77ac625dc55d511ccb57d1381590ea86270da13ce6193610c956,data_video/raw/archive_candidates/airfryer-029.mp4,853838ee93433557fe93454b1bb73a0fb1a33d6e93f377f2ed1ebc18ebaf2a74,ffmpeg_scene_score,0.32,2,2026-07-23T17:43:40.498665+00:00,success,
airfryer-029-scene-0027,airfryer-029,150.200,160.920,10.720,data_video/processed/airfryer-029/clips/airfryer-029-scene-0027.mp4,576888,0402125e17be3d896cd4d7a10cf0beb8c60dde7cc5e6ca1a72ddacc6f6b61105,data_video/raw/archive_candidates/airfryer-029.mp4,853838ee93433557fe93454b1bb73a0fb1a33d6e93f377f2ed1ebc18ebaf2a74,ffmpeg_scene_score,0.32,2,2026-07-23T17:43:43.142966+00:00,success,
airfryer-029-scene-0028,airfryer-029,160.920,163.320,2.400,data_video/processed/airfryer-029/clips/airfryer-029-scene-0028.mp4,224408,35435ff74206977786c7d7cc01f5d6a69772a1981a3c8687f58eef6b1e1369c9,data_video/raw/archive_candidates/airfryer-029.mp4,853838ee93433557fe93454b1bb73a0fb1a33d6e93f377f2ed1ebc18ebaf2a74,ffmpeg_scene_score,0.32,2,2026-07-23T17:43:44.272188+00:00,success,
airfryer-029-scene-0029,airfryer-029,163.320,165.560,2.240,data_video/processed/airfryer-029/clips/airfryer-029-scene-0029.mp4,133851,f94e2caf64b003ee2753f059cd97b9c1d82d0eab4ae0700ec135ab5122ee4d29,data_video/raw/archive_candidates/airfryer-029.mp4,853838ee93433557fe93454b1bb73a0fb1a33d6e93f377f2ed1ebc18ebaf2a74,ffmpeg_scene_score,0.32,2,2026-07-23T17:43:45.177562+00:00,success,
airfryer-029-scene-0030,airfryer-029,165.560,168.960,3.400,data_video/processed/airfryer-029/clips/airfryer-029-scene-0030.mp4,282254,98bb2b5b674d22da8bb245ba4000ae8533bab9c26a99540e95c0ca30e0889714,data_video/raw/archive_candidates/airfryer-029.mp4,853838ee93433557fe93454b1bb73a0fb1a33d6e93f377f2ed1ebc18ebaf2a74,ffmpeg_scene_score,0.32,2,2026-07-23T17:43:46.518418+00:00,success,
airfryer-029-scene-0031,airfryer-029,168.960,171.200,2.240,data_video/processed/airfryer-029/clips/airfryer-029-scene-0031.mp4,225680,8cc7bab963b129038210771dd16d4aab8326b011bd48fe6c87e0659379ab11b4,data_video/raw/archive_candidates/airfryer-029.mp4,853838ee93433557fe93454b1bb73a0fb1a33d6e93f377f2ed1ebc18ebaf2a74,ffmpeg_scene_score,0.32,2,2026-07-23T17:43:47.698846+00:00,success,
airfryer-029-scene-0032,airfryer-029,171.200,178.800,7.600,data_video/processed/airfryer-029/clips/airfryer-029-scene-0032.mp4,380005,00cf055bf999aa717330e2a445e289b6bfc1e8b4d1acf4bdad8e8d9ad860b4e6,data_video/raw/archive_candidates/airfryer-029.mp4,853838ee93433557fe93454b1bb73a0fb1a33d6e93f377f2ed1ebc18ebaf2a74,ffmpeg_scene_score,0.32,2,2026-07-23T17:43:50.143824+00:00,success,
airfryer-029-scene-0033,airfryer-029,178.800,181.320,2.520,data_video/processed/airfryer-029/clips/airfryer-029-scene-0033.mp4,243679,1c5acf2b73a59f3e6c3c09ea36d5b92e981142017db6a4c45d107383c9d025c5,data_video/raw/archive_candidates/airfryer-029.mp4,853838ee93433557fe93454b1bb73a0fb1a33d6e93f377f2ed1ebc18ebaf2a74,ffmpeg_scene_score,0.32,2,2026-07-23T17:43:51.267493+00:00,success,
airfryer-029-scene-0034,airfryer-029,181.320,197.320,16.000,data_video/processed/airfryer-029/clips/airfryer-029-scene-0034.mp4,828898,8c428a588d5dcbb9e9ce5cbb92ee5cb11d0e2bf83c86534a77044a28c8e1961e,data_video/raw/archive_candidates/airfryer-029.mp4,853838ee93433557fe93454b1bb73a0fb1a33d6e93f377f2ed1ebc18ebaf2a74,ffmpeg_scene_score,0.32,2,2026-07-23T17:43:54.576764+00:00,success,
airfryer-029-scene-0035,airfryer-029,197.320,200.520,3.200,data_video/processed/airfryer-029/clips/airfryer-029-scene-0035.mp4,181616,2f680133f8ce45fb066cb3de9f1fbd64b3db2b058b05d53c6d5230c771f4d1e1,data_video/raw/archive_candidates/airfryer-029.mp4,853838ee93433557fe93454b1bb73a0fb1a33d6e93f377f2ed1ebc18ebaf2a74,ffmpeg_scene_score,0.32,2,2026-07-23T17:43:55.936888+00:00,success,
airfryer-029-scene-0036,airfryer-029,200.520,203.120,2.600,data_video/processed/airfryer-029/clips/airfryer-029-scene-0036.mp4,234548,a38f03c5f6fde88dc56d92f7392d4def362b8712c63a5a6f9a98eb11cddf62ec,data_video/raw/archive_candidates/airfryer-029.mp4,853838ee93433557fe93454b1bb73a0fb1a33d6e93f377f2ed1ebc18ebaf2a74,ffmpeg_scene_score,0.32,2,2026-07-23T17:43:57.281636+00:00,success,
airfryer-029-scene-0037,airfryer-029,203.120,213.440,10.320,data_video/processed/airfryer-029/clips/airfryer-029-scene-0037.mp4,456627,d91af480b9164fb4fa091b2e64caef4cd97e574652b57736c63ea0b4a338765b,data_video/raw/archive_candidates/airfryer-029.mp4,853838ee93433557fe93454b1bb73a0fb1a33d6e93f377f2ed1ebc18ebaf2a74,ffmpeg_scene_score,0.32,2,2026-07-23T17:44:00.229259+00:00,success,
airfryer-029-scene-0038,airfryer-029,213.440,218.360,4.920,data_video/processed/airfryer-029/clips/airfryer-029-scene-0038.mp4,291649,93deffd95744621a5cb953589852f15f9e5dc6b2aa315e3abbfc562077a29589,data_video/raw/archive_candidates/airfryer-029.mp4,853838ee93433557fe93454b1bb73a0fb1a33d6e93f377f2ed1ebc18ebaf2a74,ffmpeg_scene_score,0.32,2,2026-07-23T17:44:02.000895+00:00,success,
airfryer-029-scene-0039,airfryer-029,218.360,228.040,9.680,data_video/processed/airfryer-029/clips/airfryer-029-scene-0039.mp4,370468,c621706b7d6863bbe514851c10aeb8ef94297191031a1edc50ef485a933f60a6,data_video/raw/archive_candidates/airfryer-029.mp4,853838ee93433557fe93454b1bb73a0fb1a33d6e93f377f2ed1ebc18ebaf2a74,ffmpeg_scene_score,0.32,2,2026-07-23T17:44:04.974561+00:00,success,
airfryer-029-scene-0040,airfryer-029,228.040,233.680,5.640,data_video/processed/airfryer-029/clips/airfryer-029-scene-0040.mp4,609602,c216917c5707f546fc3a462c9195e5ce57bfc27cacff0d678c78dd6dbe4e4eb8,data_video/raw/archive_candidates/airfryer-029.mp4,853838ee93433557fe93454b1bb73a0fb1a33d6e93f377f2ed1ebc18ebaf2a74,ffmpeg_scene_score,0.32,2,2026-07-23T17:44:06.971070+00:00,success,
airfryer-029-scene-0041,airfryer-029,233.680,237.320,3.640,data_video/processed/airfryer-029/clips/airfryer-029-scene-0041.mp4,268609,7db2df2706226d3d8d44c3d7f65fc7daa771ec638b208db6b5aa1ddda1ba483b,data_video/raw/archive_candidates/airfryer-029.mp4,853838ee93433557fe93454b1bb73a0fb1a33d6e93f377f2ed1ebc18ebaf2a74,ffmpeg_scene_score,0.32,2,2026-07-23T17:44:08.353489+00:00,success,
airfryer-029-scene-0042,airfryer-029,237.320,252.160,14.840,data_video/processed/airfryer-029/clips/airfryer-029-scene-0042.mp4,827212,97a6a5f71d48972dc34d433736a0df2dbc1628677b2dc9895b95b8f5f0609bdc,data_video/raw/archive_candidates/airfryer-029.mp4,853838ee93433557fe93454b1bb73a0fb1a33d6e93f377f2ed1ebc18ebaf2a74,ffmpeg_scene_score,0.32,2,2026-07-23T17:44:11.441271+00:00,success,
airfryer-029-scene-0043,airfryer-029,252.160,255.080,2.920,data_video/processed/airfryer-029/clips/airfryer-029-scene-0043.mp4,151721,250bcffc0cf90202c9b315ba34a881e396496247780cfc00d1393da39c82a279,data_video/raw/archive_candidates/airfryer-029.mp4,853838ee93433557fe93454b1bb73a0fb1a33d6e93f377f2ed1ebc18ebaf2a74,ffmpeg_scene_score,0.32,2,2026-07-23T17:44:12.681455+00:00,success,
airfryer-029-scene-0044,airfryer-029,255.080,272.400,17.320,data_video/processed/airfryer-029/clips/airfryer-029-scene-0044.mp4,870898,72a2b82232ff81626377e5065d38be760bc49d6667632e456b35ad81376565e6,data_video/raw/archive_candidates/airfryer-029.mp4,853838ee93433557fe93454b1bb73a0fb1a33d6e93f377f2ed1ebc18ebaf2a74,ffmpeg_scene_score,0.32,2,2026-07-23T17:44:16.877229+00:00,success,
airfryer-029-scene-0045,airfryer-029,272.400,276.600,4.200,data_video/processed/airfryer-029/clips/airfryer-029-scene-0045.mp4,226657,108281d73948a88f2c0c3669a58513eb00e23b3ae71b3befca15ba78c4dab5f0,data_video/raw/archive_candidates/airfryer-029.mp4,853838ee93433557fe93454b1bb73a0fb1a33d6e93f377f2ed1ebc18ebaf2a74,ffmpeg_scene_score,0.32,2,2026-07-23T17:44:18.369039+00:00,success,
airfryer-029-scene-0046,airfryer-029,276.600,299.200,22.600,data_video/processed/airfryer-029/clips/airfryer-029-scene-0046.mp4,1255144,796ae858709e8c09d1201a8e05bafe7186330c301682b27458a6dd78d259a822,data_video/raw/archive_candidates/airfryer-029.mp4,853838ee93433557fe93454b1bb73a0fb1a33d6e93f377f2ed1ebc18ebaf2a74,ffmpeg_scene_score,0.32,2,2026-07-23T17:44:23.925296+00:00,success,
airfryer-029-scene-0047,airfryer-029,299.200,301.240,2.040,data_video/processed/airfryer-029/clips/airfryer-029-scene-0047.mp4,125736,f3fc245a5e58e332dca8e4e687ba16ee43d24530915567256086175bd677fc26,data_video/raw/archive_candidates/airfryer-029.mp4,853838ee93433557fe93454b1bb73a0fb1a33d6e93f377f2ed1ebc18ebaf2a74,ffmpeg_scene_score,0.32,2,2026-07-23T17:44:24.821147+00:00,success,
airfryer-029-scene-0048,airfryer-029,301.240,304.400,3.160,data_video/processed/airfryer-029/clips/airfryer-029-scene-0048.mp4,289466,ac9ab218d5b5a89a7197d49bcc6a5b04dcc9b3cc60424d62c6c60fddf19096fe,data_video/raw/archive_candidates/airfryer-029.mp4,853838ee93433557fe93454b1bb73a0fb1a33d6e93f377f2ed1ebc18ebaf2a74,ffmpeg_scene_score,0.32,2,2026-07-23T17:44:26.306100+00:00,success,
airfryer-029-scene-0049,airfryer-029,304.400,307.840,3.440,data_video/processed/airfryer-029/clips/airfryer-029-scene-0049.mp4,258589,87da8368cd10e99f73da2269874db3ea4b851ace6f9fe7f2af6add370709cf0e,data_video/raw/archive_candidates/airfryer-029.mp4,853838ee93433557fe93454b1bb73a0fb1a33d6e93f377f2ed1ebc18ebaf2a74,ffmpeg_scene_score,0.32,2,2026-07-23T17:44:27.932553+00:00,success,
airfryer-029-scene-0050,airfryer-029,307.840,311.960,4.120,data_video/processed/airfryer-029/clips/airfryer-029-scene-0050.mp4,255711,febcd9a0437b73fce3a4952c4dbd7f58ae53f2f33d09a2c95679603c006f76ed,data_video/raw/archive_candidates/airfryer-029.mp4,853838ee93433557fe93454b1bb73a0fb1a33d6e93f377f2ed1ebc18ebaf2a74,ffmpeg_scene_score,0.32,2,2026-07-23T17:44:29.094406+00:00,success,
airfryer-029-scene-0051,airfryer-029,311.960,313.960,2.000,data_video/processed/airfryer-029/clips/airfryer-029-scene-0051.mp4,154345,d7cba3e64992a2eb1b869d355c3025dd814cee8609bbed6515ab380124322fff,data_video/raw/archive_candidates/airfryer-029.mp4,853838ee93433557fe93454b1bb73a0fb1a33d6e93f377f2ed1ebc18ebaf2a74,ffmpeg_scene_score,0.32,2,2026-07-23T17:44:29.976133+00:00,success,
airfryer-029-scene-0052,airfryer-029,313.960,317.760,3.800,data_video/processed/airfryer-029/clips/airfryer-029-scene-0052.mp4,180804,18f538a0957033ae87a84f78a7c688660efe2e6e694626e21933d332ccb3a7a1,data_video/raw/archive_candidates/airfryer-029.mp4,853838ee93433557fe93454b1bb73a0fb1a33d6e93f377f2ed1ebc18ebaf2a74,ffmpeg_scene_score,0.32,2,2026-07-23T17:44:31.235757+00:00,success,
airfryer-029-scene-0053,airfryer-029,317.760,321.120,3.360,data_video/processed/airfryer-029/clips/airfryer-029-scene-0053.mp4,235475,9cd08ad1af7c0a80714c97feb63008802395e4d72fd5b3bb50c5c7dc0de2d8fe,data_video/raw/archive_candidates/airfryer-029.mp4,853838ee93433557fe93454b1bb73a0fb1a33d6e93f377f2ed1ebc18ebaf2a74,ffmpeg_scene_score,0.32,2,2026-07-23T17:44:32.387276+00:00,success,
airfryer-029-scene-0054,airfryer-029,321.120,324.320,3.200,data_video/processed/airfryer-029/clips/airfryer-029-scene-0054.mp4,177520,24a0d55627b4868e6ffe4c682891ed6db0645373842999ffcc0b22fc2fd904a4,data_video/raw/archive_candidates/airfryer-029.mp4,853838ee93433557fe93454b1bb73a0fb1a33d6e93f377f2ed1ebc18ebaf2a74,ffmpeg_scene_score,0.32,2,2026-07-23T17:44:33.586811+00:00,success,
airfryer-029-scene-0055,airfryer-029,324.320,326.440,2.120,data_video/processed/airfryer-029/clips/airfryer-029-scene-0055.mp4,148947,471ae2521225d851457d01968ba1800ed4e80eb0c78b3d00f4114a760324b107,data_video/raw/archive_candidates/airfryer-029.mp4,853838ee93433557fe93454b1bb73a0fb1a33d6e93f377f2ed1ebc18ebaf2a74,ffmpeg_scene_score,0.32,2,2026-07-23T17:44:34.446176+00:00,success,
airfryer-029-scene-0056,airfryer-029,326.440,340.360,13.920,data_video/processed/airfryer-029/clips/airfryer-029-scene-0056.mp4,677720,52876cff2dd974ce69fa25a0ac2ca138987acce909d0a7c4be82cef86ba30292,data_video/raw/archive_candidates/airfryer-029.mp4,853838ee93433557fe93454b1bb73a0fb1a33d6e93f377f2ed1ebc18ebaf2a74,ffmpeg_scene_score,0.32,2,2026-07-23T17:44:37.891211+00:00,success,
airfryer-029-scene-0057,airfryer-029,340.360,343.400,3.040,data_video/processed/airfryer-029/clips/airfryer-029-scene-0057.mp4,168738,b258dca111ab73704532d72d509921dabb0ea48a67eeca0f83448ccfbb1f4dee,data_video/raw/archive_candidates/airfryer-029.mp4,853838ee93433557fe93454b1bb73a0fb1a33d6e93f377f2ed1ebc18ebaf2a74,ffmpeg_scene_score,0.32,2,2026-07-23T17:44:39.157089+00:00,success,
airfryer-029-scene-0058,airfryer-029,343.400,349.160,5.760,data_video/processed/airfryer-029/clips/airfryer-029-scene-0058.mp4,333656,79d7c1b29f853263f13ed860c542776014138c5b4739bf8e2d6fa511c4a3a78c,data_video/raw/archive_candidates/airfryer-029.mp4,853838ee93433557fe93454b1bb73a0fb1a33d6e93f377f2ed1ebc18ebaf2a74,ffmpeg_scene_score,0.32,2,2026-07-23T17:44:41.270732+00:00,success,
airfryer-029-scene-0059,airfryer-029,349.160,352.560,3.400,data_video/processed/airfryer-029/clips/airfryer-029-scene-0059.mp4,236360,01aa23057bea5cd883e663c88a5d7438edb9c37472ac4faf0e1e3a2c282966ed,data_video/raw/archive_candidates/airfryer-029.mp4,853838ee93433557fe93454b1bb73a0fb1a33d6e93f377f2ed1ebc18ebaf2a74,ffmpeg_scene_score,0.32,2,2026-07-23T17:44:42.917093+00:00,success,
airfryer-029-scene-0060,airfryer-029,352.560,355.960,3.400,data_video/processed/airfryer-029/clips/airfryer-029-scene-0060.mp4,170846,8c1252ca37008e2eac9d6491afc3f11efba3d4d4b810ddfc503730441fd3aac8,data_video/raw/archive_candidates/airfryer-029.mp4,853838ee93433557fe93454b1bb73a0fb1a33d6e93f377f2ed1ebc18ebaf2a74,ffmpeg_scene_score,0.32,2,2026-07-23T17:44:44.366362+00:00,success,
airfryer-029-scene-0061,airfryer-029,355.960,377.000,21.040,data_video/processed/airfryer-029/clips/airfryer-029-scene-0061.mp4,996626,cc61c4c7eb9d85826926c64393104cbc71cd58f737998d95f529647c8e5882ae,data_video/raw/archive_candidates/airfryer-029.mp4,853838ee93433557fe93454b1bb73a0fb1a33d6e93f377f2ed1ebc18ebaf2a74,ffmpeg_scene_score,0.32,2,2026-07-23T17:44:49.514859+00:00,success,
airfryer-029-scene-0062,airfryer-029,377.000,381.280,4.280,data_video/processed/airfryer-029/clips/airfryer-029-scene-0062.mp4,460359,91bf492d0f6c7e487824deff61bc80a439cfa521ae054d92dd93fd02ec99c498,data_video/raw/archive_candidates/airfryer-029.mp4,853838ee93433557fe93454b1bb73a0fb1a33d6e93f377f2ed1ebc18ebaf2a74,ffmpeg_scene_score,0.32,2,2026-07-23T17:44:51.753107+00:00,success,
airfryer-029-scene-0063,airfryer-029,381.280,391.280,10.000,data_video/processed/airfryer-029/clips/airfryer-029-scene-0063.mp4,438588,d186b9bd76a0d8b697355401835692287cb744bd40e7d63446e8b696935c3a7a,data_video/raw/archive_candidates/airfryer-029.mp4,853838ee93433557fe93454b1bb73a0fb1a33d6e93f377f2ed1ebc18ebaf2a74,ffmpeg_scene_score,0.32,2,2026-07-23T17:44:54.696629+00:00,success,
airfryer-029-scene-0064,airfryer-029,391.280,393.360,2.080,data_video/processed/airfryer-029/clips/airfryer-029-scene-0064.mp4,132739,b4aee9190a41819b895ea37ce3a61350c36853bda792ff7205f15ce2c6ad1ff4,data_video/raw/archive_candidates/airfryer-029.mp4,853838ee93433557fe93454b1bb73a0fb1a33d6e93f377f2ed1ebc18ebaf2a74,ffmpeg_scene_score,0.32,2,2026-07-23T17:44:55.780467+00:00,success,
airfryer-029-scene-0065,airfryer-029,393.360,403.920,10.560,data_video/processed/airfryer-029/clips/airfryer-029-scene-0065.mp4,597740,0ea94f7face403a97628ec7c1152add37800c177e007547f1fded3aeeb23cb3c,data_video/raw/archive_candidates/airfryer-029.mp4,853838ee93433557fe93454b1bb73a0fb1a33d6e93f377f2ed1ebc18ebaf2a74,ffmpeg_scene_score,0.32,2,2026-07-23T17:44:58.413349+00:00,success,
airfryer-029-scene-0066,airfryer-029,403.920,405.960,2.040,data_video/processed/airfryer-029/clips/airfryer-029-scene-0066.mp4,158479,4567585364a8fb667a601ec87f52ef2b9fda9f6e8e2ecad5b25b5ff864d0ab4b,data_video/raw/archive_candidates/airfryer-029.mp4,853838ee93433557fe93454b1bb73a0fb1a33d6e93f377f2ed1ebc18ebaf2a74,ffmpeg_scene_score,0.32,2,2026-07-23T17:44:59.595607+00:00,success,
airfryer-029-scene-0067,airfryer-029,405.960,422.040,16.080,data_video/processed/airfryer-029/clips/airfryer-029-scene-0067.mp4,928867,f8980effce86fe2f68c963b694f629c754a73cc1bb6d3cd7865da42f3b667f06,data_video/raw/archive_candidates/airfryer-029.mp4,853838ee93433557fe93454b1bb73a0fb1a33d6e93f377f2ed1ebc18ebaf2a74,ffmpeg_scene_score,0.32,2,2026-07-23T17:45:03.008709+00:00,success,
airfryer-029-scene-0068,airfryer-029,422.040,428.360,6.320,data_video/processed/airfryer-029/clips/airfryer-029-scene-0068.mp4,324169,11006819136c565f4e0802db76283eac4a825d97f726fa3d70d96fe5e6dabecd,data_video/raw/archive_candidates/airfryer-029.mp4,853838ee93433557fe93454b1bb73a0fb1a33d6e93f377f2ed1ebc18ebaf2a74,ffmpeg_scene_score,0.32,2,2026-07-23T17:45:04.845406+00:00,success,
airfryer-029-scene-0069,airfryer-029,428.360,431.840,3.480,data_video/processed/airfryer-029/clips/airfryer-029-scene-0069.mp4,209673,b6c8e3c8ddc9545010e054f4b1471f21a3549a99d759e1b4a62158e51b2126a0,data_video/raw/archive_candidates/airfryer-029.mp4,853838ee93433557fe93454b1bb73a0fb1a33d6e93f377f2ed1ebc18ebaf2a74,ffmpeg_scene_score,0.32,2,2026-07-23T17:45:06.258917+00:00,success,
airfryer-029-scene-0070,airfryer-029,431.840,436.000,4.160,data_video/processed/airfryer-029/clips/airfryer-029-scene-0070.mp4,187205,50f26061fcfa038ba18a58d97e1b1e4a66997ea01e5d687d807ca6551f6871bc,data_video/raw/archive_candidates/airfryer-029.mp4,853838ee93433557fe93454b1bb73a0fb1a33d6e93f377f2ed1ebc18ebaf2a74,ffmpeg_scene_score,0.32,2,2026-07-23T17:45:07.508912+00:00,success,
airfryer-029-scene-0071,airfryer-029,436.000,439.760,3.760,data_video/processed/airfryer-029/clips/airfryer-029-scene-0071.mp4,245037,11009b5854f228deff8f8ccdf8007d7a5f8e491795931dcdadcfa10571282eb4,data_video/raw/archive_candidates/airfryer-029.mp4,853838ee93433557fe93454b1bb73a0fb1a33d6e93f377f2ed1ebc18ebaf2a74,ffmpeg_scene_score,0.32,2,2026-07-23T17:45:09.017465+00:00,success,
airfryer-029-scene-0072,airfryer-029,439.760,443.600,3.840,data_video/processed/airfryer-029/clips/airfryer-029-scene-0072.mp4,342392,74ce0a43b9275327aee010505da4a8d683fe091a3c269d4c2364bd1f56f11b07,data_video/raw/archive_candidates/airfryer-029.mp4,853838ee93433557fe93454b1bb73a0fb1a33d6e93f377f2ed1ebc18ebaf2a74,ffmpeg_scene_score,0.32,2,2026-07-23T17:45:10.728586+00:00,success,
airfryer-029-scene-0073,airfryer-029,443.600,451.640,8.040,data_video/processed/airfryer-029/clips/airfryer-029-scene-0073.mp4,371622,6dc1e2ddf676cf6892c19975745bdaf1f53bc51f84f9d384d0c14806b8a1f2f5,data_video/raw/archive_candidates/airfryer-029.mp4,853838ee93433557fe93454b1bb73a0fb1a33d6e93f377f2ed1ebc18ebaf2a74,ffmpeg_scene_score,0.32,2,2026-07-23T17:45:13.061068+00:00,success,
airfryer-029-scene-0074,airfryer-029,451.640,455.200,3.560,data_video/processed/airfryer-029/clips/airfryer-029-scene-0074.mp4,310620,eb5f9f0e3c5a09713cf7aaf73cadd34fdcaac1790a6ab73dad664e4682db51bd,data_video/raw/archive_candidates/airfryer-029.mp4,853838ee93433557fe93454b1bb73a0fb1a33d6e93f377f2ed1ebc18ebaf2a74,ffmpeg_scene_score,0.32,2,2026-07-23T17:45:14.763493+00:00,success,
airfryer-029-scene-0075,airfryer-029,455.200,459.800,4.600,data_video/processed/airfryer-029/clips/airfryer-029-scene-0075.mp4,193761,6a681b246ab558b41a081458cb9467243fd46496005f3b2b74534c70de2d54b4,data_video/raw/archive_candidates/airfryer-029.mp4,853838ee93433557fe93454b1bb73a0fb1a33d6e93f377f2ed1ebc18ebaf2a74,ffmpeg_scene_score,0.32,2,2026-07-23T17:45:16.515562+00:00,success,
airfryer-029-scene-0076,airfryer-029,459.800,462.720,2.920,data_video/processed/airfryer-029/clips/airfryer-029-scene-0076.mp4,225583,eb0eef15ca8030469a78e0a1618aacf18428417eb4c1b5eb004e96cc7618d887,data_video/raw/archive_candidates/airfryer-029.mp4,853838ee93433557fe93454b1bb73a0fb1a33d6e93f377f2ed1ebc18ebaf2a74,ffmpeg_scene_score,0.32,2,2026-07-23T17:45:17.885002+00:00,success,
airfryer-029-scene-0077,airfryer-029,462.720,469.480,6.760,data_video/processed/airfryer-029/clips/airfryer-029-scene-0077.mp4,312010,5205f540c1919a2718b23042dd4838861c45500ba5354441a6597e42b2dfa0bf,data_video/raw/archive_candidates/airfryer-029.mp4,853838ee93433557fe93454b1bb73a0fb1a33d6e93f377f2ed1ebc18ebaf2a74,ffmpeg_scene_score,0.32,2,2026-07-23T17:45:19.752826+00:00,success,
airfryer-029-scene-0078,airfryer-029,469.480,473.440,3.960,data_video/processed/airfryer-029/clips/airfryer-029-scene-0078.mp4,232852,d73efd957f3ab17624f665354c99d57d74d1fb2aa91dd1a44ad22f1c77251fa5,data_video/raw/archive_candidates/airfryer-029.mp4,853838ee93433557fe93454b1bb73a0fb1a33d6e93f377f2ed1ebc18ebaf2a74,ffmpeg_scene_score,0.32,2,2026-07-23T17:45:21.444143+00:00,success,
airfryer-029-scene-0079,airfryer-029,473.440,502.160,28.720,data_video/processed/airfryer-029/clips/airfryer-029-scene-0079.mp4,1422479,048b8ac6c0cbfc7fb344d975d6eb64ef2461495f191847aa2d2213955754d92f,data_video/raw/archive_candidates/airfryer-029.mp4,853838ee93433557fe93454b1bb73a0fb1a33d6e93f377f2ed1ebc18ebaf2a74,ffmpeg_scene_score,0.32,2,2026-07-23T17:45:27.105578+00:00,success,
airfryer-029-scene-0080,airfryer-029,502.160,505.960,3.800,data_video/processed/airfryer-029/clips/airfryer-029-scene-0080.mp4,128543,347ecfcfda58e27b2d4e4eb4f120d4c19a8c6a3feb9d9a6b34f4d99b07f51ec2,data_video/raw/archive_candidates/airfryer-029.mp4,853838ee93433557fe93454b1bb73a0fb1a33d6e93f377f2ed1ebc18ebaf2a74,ffmpeg_scene_score,0.32,2,2026-07-23T17:45:28.344283+00:00,success,
airfryer-029-scene-0081,airfryer-029,505.960,517.000,11.040,data_video/processed/airfryer-029/clips/airfryer-029-scene-0081.mp4,515495,00f0c8ebfc9b5340c8aeba02d6984c23b2be627645ca62f31ad499c803be038c,data_video/raw/archive_candidates/airfryer-029.mp4,853838ee93433557fe93454b1bb73a0fb1a33d6e93f377f2ed1ebc18ebaf2a74,ffmpeg_scene_score,0.32,2,2026-07-23T17:45:31.390097+00:00,success,
airfryer-029-scene-0082,airfryer-029,517.000,520.880,3.880,data_video/processed/airfryer-029/clips/airfryer-029-scene-0082.mp4,154144,ae7e1e40e5ede37a504083ba7aa25230fe83979c7824ebc5fe4a45b4facb471b,data_video/raw/archive_candidates/airfryer-029.mp4,853838ee93433557fe93454b1bb73a0fb1a33d6e93f377f2ed1ebc18ebaf2a74,ffmpeg_scene_score,0.32,2,2026-07-23T17:45:32.853479+00:00,success,
airfryer-029-scene-0083,airfryer-029,520.880,524.240,3.360,data_video/processed/airfryer-029/clips/airfryer-029-scene-0083.mp4,172152,29086f2392441f2cbd21d51f05e9d5be26bf3b7e719694b3bcf0c9cdc31b474b,data_video/raw/archive_candidates/airfryer-029.mp4,853838ee93433557fe93454b1bb73a0fb1a33d6e93f377f2ed1ebc18ebaf2a74,ffmpeg_scene_score,0.32,2,2026-07-23T17:45:34.040023+00:00,success,
airfryer-029-scene-0084,airfryer-029,524.240,526.480,2.240,data_video/processed/airfryer-029/clips/airfryer-029-scene-0084.mp4,210997,bd439e5cb0b8b61e3362f65e7ebcf6f44d583ddb04cad10a0eecdf99256d70b2,data_video/raw/archive_candidates/airfryer-029.mp4,853838ee93433557fe93454b1bb73a0fb1a33d6e93f377f2ed1ebc18ebaf2a74,ffmpeg_scene_score,0.32,2,2026-07-23T17:45:35.276295+00:00,success,
airfryer-029-scene-0085,airfryer-029,526.480,533.360,6.880,data_video/processed/airfryer-029/clips/airfryer-029-scene-0085.mp4,275725,d49190ba027d0269dbae3908c645b0ab1e71515b8a8c224a4682614c9b82ad14,data_video/raw/archive_candidates/airfryer-029.mp4,853838ee93433557fe93454b1bb73a0fb1a33d6e93f377f2ed1ebc18ebaf2a74,ffmpeg_scene_score,0.32,2,2026-07-23T17:45:37.366182+00:00,success,
airfryer-029-scene-0086,airfryer-029,533.360,536.800,3.440,data_video/processed/airfryer-029/clips/airfryer-029-scene-0086.mp4,133983,1a755d4fea1d3cd3bf7cd51827a11ef35b9cb203f0b8dd6cc4d123df702ad5fb,data_video/raw/archive_candidates/airfryer-029.mp4,853838ee93433557fe93454b1bb73a0fb1a33d6e93f377f2ed1ebc18ebaf2a74,ffmpeg_scene_score,0.32,2,2026-07-23T17:45:38.660849+00:00,success,
airfryer-029-scene-0087,airfryer-029,536.800,611.520,74.720,data_video/processed/airfryer-029/clips/airfryer-029-scene-0087.mp4,3584023,106100958042abec1e955ab6c119639543f8674fbb27975190e1406f01441711,data_video/raw/archive_candidates/airfryer-029.mp4,853838ee93433557fe93454b1bb73a0fb1a33d6e93f377f2ed1ebc18ebaf2a74,ffmpeg_scene_score,0.32,2,2026-07-23T17:45:55.268142+00:00,success,
airfryer-029-scene-0088,airfryer-029,611.520,614.440,2.920,data_video/processed/airfryer-029/clips/airfryer-029-scene-0088.mp4,165653,a748ef05be8952e327f05606e4d84cd840c30260e836e57af3b15de0d0b499aa,data_video/raw/archive_candidates/airfryer-029.mp4,853838ee93433557fe93454b1bb73a0fb1a33d6e93f377f2ed1ebc18ebaf2a74,ffmpeg_scene_score,0.32,2,2026-07-23T17:45:56.444053+00:00,success,
airfryer-029-scene-0089,airfryer-029,614.440,626.240,11.800,data_video/processed/airfryer-029/clips/airfryer-029-scene-0089.mp4,633756,3723bc7129c69306238b9b1bff717307c9f06ccdd0d63de1b38c925a5ab5a9a8,data_video/raw/archive_candidates/airfryer-029.mp4,853838ee93433557fe93454b1bb73a0fb1a33d6e93f377f2ed1ebc18ebaf2a74,ffmpeg_scene_score,0.32,2,2026-07-23T17:46:00.014763+00:00,success,
airfryer-029-scene-0090,airfryer-029,626.240,635.600,9.360,data_video/processed/airfryer-029/clips/airfryer-029-scene-0090.mp4,515049,bfaa4a4e764a910e38be541411b1db9f2b73cd5b8b030a872d7246b1aaf5abce,data_video/raw/archive_candidates/airfryer-029.mp4,853838ee93433557fe93454b1bb73a0fb1a33d6e93f377f2ed1ebc18ebaf2a74,ffmpeg_scene_score,0.32,2,2026-07-23T17:46:02.485772+00:00,success,
airfryer-029-scene-0091,airfryer-029,635.600,669.560,33.960,data_video/processed/airfryer-029/clips/airfryer-029-scene-0091.mp4,1576202,d1ef378e78a96c456bc8a7f488ec62b4b14e77d6120284cdf1def146d13346bf,data_video/raw/archive_candidates/airfryer-029.mp4,853838ee93433557fe93454b1bb73a0fb1a33d6e93f377f2ed1ebc18ebaf2a74,ffmpeg_scene_score,0.32,2,2026-07-23T17:46:09.739643+00:00,success,
airfryer-029-scene-0092,airfryer-029,669.560,673.290,3.730,data_video/processed/airfryer-029/clips/airfryer-029-scene-0092.mp4,63828,f6e939dfb8270ea719bf26487edfe1e3fd94477052b0fb488c2fa8b0f88e4f86,data_video/raw/archive_candidates/airfryer-029.mp4,853838ee93433557fe93454b1bb73a0fb1a33d6e93f377f2ed1ebc18ebaf2a74,ffmpeg_scene_score,0.32,2,2026-07-23T17:46:10.991362+00:00,success,
airfryer-030-scene-0001,airfryer-030,0.000,1092.150,1092.150,data_video/processed/airfryer-030/clips/airfryer-030-scene-0001.mp4,55130056,2ae9221092fc0b0d0d018098ff1bbd9d65475d88329712e1cc1b40879a560a91,data_video/raw/archive_candidates/airfryer-030.mp4,5eed26cd72252c2aef8202a3d43fdd670ba8c943356a131b75ade7b330c27bb2,ffmpeg_scene_score,0.32,2,2026-07-23T17:49:18.558527+00:00,success,
airfryer-032-scene-0001,airfryer-032,0.000,2.500,2.500,data_video/processed/airfryer-032/clips/airfryer-032-scene-0001.mp4,431030,8699eac889fff45175a45aaec20078f5d56f5e129e1c9e88a6fc2fef28d48c6a,data_video/raw/archive_candidates/airfryer-032.mp4,19964dff8e507ce789c7219c5b2a68c6462322a0309cc0c5ea628b35ea28d4fb,ffmpeg_scene_score,0.32,2,2026-07-23T17:49:57.059742+00:00,success,
airfryer-032-scene-0002,airfryer-032,2.500,4.500,2.000,data_video/processed/airfryer-032/clips/airfryer-032-scene-0002.mp4,664581,8431d2cfadf55b854374ed056ea8a708a5e68f25afb26916176576b1d3fd6d51,data_video/raw/archive_candidates/airfryer-032.mp4,19964dff8e507ce789c7219c5b2a68c6462322a0309cc0c5ea628b35ea28d4fb,ffmpeg_scene_score,0.32,2,2026-07-23T17:49:59.076387+00:00,success,
airfryer-032-scene-0003,airfryer-032,4.500,10.567,6.067,data_video/processed/airfryer-032/clips/airfryer-032-scene-0003.mp4,906693,f9ba1c865696edc84ce2ce98c4b153178f34a385980cdf398e9c90ed50773c73,data_video/raw/archive_candidates/airfryer-032.mp4,19964dff8e507ce789c7219c5b2a68c6462322a0309cc0c5ea628b35ea28d4fb,ffmpeg_scene_score,0.32,2,2026-07-23T17:50:01.475705+00:00,success,
airfryer-032-scene-0004,airfryer-032,10.567,12.733,2.167,data_video/processed/airfryer-032/clips/airfryer-032-scene-0004.mp4,629467,6df74db793c02dd7150f8336b76e758b0ea31c0213f9ab680e839d8e2e2e31f9,data_video/raw/archive_candidates/airfryer-032.mp4,19964dff8e507ce789c7219c5b2a68c6462322a0309cc0c5ea628b35ea28d4fb,ffmpeg_scene_score,0.32,2,2026-07-23T17:50:03.565693+00:00,success,
airfryer-032-scene-0005,airfryer-032,12.733,14.767,2.033,data_video/processed/airfryer-032/clips/airfryer-032-scene-0005.mp4,397557,3033dab1fe55521e3a0486ce68fa984a3f7f0fdc42050c7254cb5044cba97584,data_video/raw/archive_candidates/airfryer-032.mp4,19964dff8e507ce789c7219c5b2a68c6462322a0309cc0c5ea628b35ea28d4fb,ffmpeg_scene_score,0.32,2,2026-07-23T17:50:05.191533+00:00,success,
airfryer-032-scene-0006,airfryer-032,14.767,16.767,2.000,data_video/processed/airfryer-032/clips/airfryer-032-scene-0006.mp4,580419,0016368e5d751c9bd297c4cd04192207fba8255ef4b20cd4c3aca16ebf3dc19c,data_video/raw/archive_candidates/airfryer-032.mp4,19964dff8e507ce789c7219c5b2a68c6462322a0309cc0c5ea628b35ea28d4fb,ffmpeg_scene_score,0.32,2,2026-07-23T17:50:07.211120+00:00,success,
airfryer-032-scene-0007,airfryer-032,16.767,22.700,5.933,data_video/processed/airfryer-032/clips/airfryer-032-scene-0007.mp4,1122876,1c805742aff27416455502e0b6b2f0b920af3d967547c9b75d646fcf024930e2,data_video/raw/archive_candidates/airfryer-032.mp4,19964dff8e507ce789c7219c5b2a68c6462322a0309cc0c5ea628b35ea28d4fb,ffmpeg_scene_score,0.32,2,2026-07-23T17:50:09.968765+00:00,success,
airfryer-032-scene-0008,airfryer-032,22.700,27.467,4.767,data_video/processed/airfryer-032/clips/airfryer-032-scene-0008.mp4,1330363,91744008e820eb18b105d4c6267160f42c9a8603ce133ed239dbc4130dd0d49c,data_video/raw/archive_candidates/airfryer-032.mp4,19964dff8e507ce789c7219c5b2a68c6462322a0309cc0c5ea628b35ea28d4fb,ffmpeg_scene_score,0.32,2,2026-07-23T17:50:12.211526+00:00,success,
airfryer-032-scene-0009,airfryer-032,27.467,30.300,2.833,data_video/processed/airfryer-032/clips/airfryer-032-scene-0009.mp4,685793,82b59f638aed4c35f2f7d6439a98e5c522301edf3229bce4c4190ff8b644440b,data_video/raw/archive_candidates/airfryer-032.mp4,19964dff8e507ce789c7219c5b2a68c6462322a0309cc0c5ea628b35ea28d4fb,ffmpeg_scene_score,0.32,2,2026-07-23T17:50:14.339084+00:00,success,
airfryer-032-scene-0010,airfryer-032,30.300,32.800,2.500,data_video/processed/airfryer-032/clips/airfryer-032-scene-0010.mp4,386193,314e2dd7e9a98cd3dcc3c644cb4bccfd8f9b9f161493a554956f071dac085202,data_video/raw/archive_candidates/airfryer-032.mp4,19964dff8e507ce789c7219c5b2a68c6462322a0309cc0c5ea628b35ea28d4fb,ffmpeg_scene_score,0.32,2,2026-07-23T17:50:15.712547+00:00,success,
airfryer-032-scene-0011,airfryer-032,32.800,35.433,2.633,data_video/processed/airfryer-032/clips/airfryer-032-scene-0011.mp4,445531,b79a8adeeda9368df6ff8ebfc8b5eaeb97bc16ee1cc7f9b8ceb2a57d8e2e0646,data_video/raw/archive_candidates/airfryer-032.mp4,19964dff8e507ce789c7219c5b2a68c6462322a0309cc0c5ea628b35ea28d4fb,ffmpeg_scene_score,0.32,2,2026-07-23T17:50:17.151815+00:00,success,
airfryer-032-scene-0012,airfryer-032,35.433,47.600,12.167,data_video/processed/airfryer-032/clips/airfryer-032-scene-0012.mp4,2002768,d3294b90d20f67045a49f315cf5e5f39abb33105684a24c333e82c3306666f56,data_video/raw/archive_candidates/airfryer-032.mp4,19964dff8e507ce789c7219c5b2a68c6462322a0309cc0c5ea628b35ea28d4fb,ffmpeg_scene_score,0.32,2,2026-07-23T17:50:21.759483+00:00,success,
airfryer-032-scene-0013,airfryer-032,47.600,49.600,2.000,data_video/processed/airfryer-032/clips/airfryer-032-scene-0013.mp4,950721,4641cd1a7be97cc514019397d41a7f55d91b2e0c73820da9e624bed68b9f8b54,data_video/raw/archive_candidates/airfryer-032.mp4,19964dff8e507ce789c7219c5b2a68c6462322a0309cc0c5ea628b35ea28d4fb,ffmpeg_scene_score,0.32,2,2026-07-23T17:50:23.598654+00:00,success,
airfryer-032-scene-0014,airfryer-032,49.600,54.100,4.500,data_video/processed/airfryer-032/clips/airfryer-032-scene-0014.mp4,1901316,7e28f2701cb94a3571af2928df9e86877e5ca7c4278b473e17002bb474d87b26,data_video/raw/archive_candidates/airfryer-032.mp4,19964dff8e507ce789c7219c5b2a68c6462322a0309cc0c5ea628b35ea28d4fb,ffmpeg_scene_score,0.32,2,2026-07-23T17:50:26.801173+00:00,success,
airfryer-032-scene-0015,airfryer-032,54.100,57.200,3.100,data_video/processed/airfryer-032/clips/airfryer-032-scene-0015.mp4,1057542,953950f6a3f4b530c3e429d052bf78ffc8c0491303a7e3a17c5fc68eb7922cc3,data_video/raw/archive_candidates/airfryer-032.mp4,19964dff8e507ce789c7219c5b2a68c6462322a0309cc0c5ea628b35ea28d4fb,ffmpeg_scene_score,0.32,2,2026-07-23T17:50:28.982677+00:00,success,
airfryer-032-scene-0016,airfryer-032,57.200,62.567,5.367,data_video/processed/airfryer-032/clips/airfryer-032-scene-0016.mp4,725422,f35e32ff7d499b13abb26831993e0767de74b30a4b629f629796cc585ed7ed85,data_video/raw/archive_candidates/airfryer-032.mp4,19964dff8e507ce789c7219c5b2a68c6462322a0309cc0c5ea628b35ea28d4fb,ffmpeg_scene_score,0.32,2,2026-07-23T17:50:31.256760+00:00,success,
airfryer-032-scene-0017,airfryer-032,62.567,65.333,2.767,data_video/processed/airfryer-032/clips/airfryer-032-scene-0017.mp4,870312,feb6d43e3cc5892038f5d35e3f85cce8fd2529c9d795cc9c2c652c7e2449cf0a,data_video/raw/archive_candidates/airfryer-032.mp4,19964dff8e507ce789c7219c5b2a68c6462322a0309cc0c5ea628b35ea28d4fb,ffmpeg_scene_score,0.32,2,2026-07-23T17:50:33.553197+00:00,success,
airfryer-032-scene-0018,airfryer-032,65.333,72.833,7.500,data_video/processed/airfryer-032/clips/airfryer-032-scene-0018.mp4,1017559,fb7c4c38f4ac7b6734f35a034a856e620ea025ce61566558eb9a9ab21c1225b8,data_video/raw/archive_candidates/airfryer-032.mp4,19964dff8e507ce789c7219c5b2a68c6462322a0309cc0c5ea628b35ea28d4fb,ffmpeg_scene_score,0.32,2,2026-07-23T17:50:36.459664+00:00,success,
airfryer-032-scene-0019,airfryer-032,72.833,77.067,4.233,data_video/processed/airfryer-032/clips/airfryer-032-scene-0019.mp4,627615,2fa17fae12bfbfbad178376f7ea0ed1914c2a63ae05ac43e54da740b2a3f7f7e,data_video/raw/archive_candidates/airfryer-032.mp4,19964dff8e507ce789c7219c5b2a68c6462322a0309cc0c5ea628b35ea28d4fb,ffmpeg_scene_score,0.32,2,2026-07-23T17:50:38.560886+00:00,success,
airfryer-032-scene-0020,airfryer-032,77.067,79.367,2.300,data_video/processed/airfryer-032/clips/airfryer-032-scene-0020.mp4,1566965,89b137eadfb5f9266d7709c17d40b1f335f9a4dbde60214b1c931cb4dc80102b,data_video/raw/archive_candidates/airfryer-032.mp4,19964dff8e507ce789c7219c5b2a68c6462322a0309cc0c5ea628b35ea28d4fb,ffmpeg_scene_score,0.32,2,2026-07-23T17:50:40.514505+00:00,success,
airfryer-032-scene-0021,airfryer-032,79.367,81.567,2.200,data_video/processed/airfryer-032/clips/airfryer-032-scene-0021.mp4,747965,16fd728b4b5438df9a565fcae88459ab63ff05c82845bf85981214127eb74481,data_video/raw/archive_candidates/airfryer-032.mp4,19964dff8e507ce789c7219c5b2a68c6462322a0309cc0c5ea628b35ea28d4fb,ffmpeg_scene_score,0.32,2,2026-07-23T17:50:42.390952+00:00,success,
airfryer-032-scene-0022,airfryer-032,81.567,87.133,5.567,data_video/processed/airfryer-032/clips/airfryer-032-scene-0022.mp4,670177,bd04e943df4dc6dbd5176f46296fb41c6f67d83c9b42c2d6845b0728e3775030,data_video/raw/archive_candidates/airfryer-032.mp4,19964dff8e507ce789c7219c5b2a68c6462322a0309cc0c5ea628b35ea28d4fb,ffmpeg_scene_score,0.32,2,2026-07-23T17:50:44.629405+00:00,success,
airfryer-032-scene-0023,airfryer-032,87.133,89.767,2.633,data_video/processed/airfryer-032/clips/airfryer-032-scene-0023.mp4,753481,3c240e6c8c56ceca8fa20e2e7b2de003a7ba57d20ec74ff106d600916aa6dc9d,data_video/raw/archive_candidates/airfryer-032.mp4,19964dff8e507ce789c7219c5b2a68c6462322a0309cc0c5ea628b35ea28d4fb,ffmpeg_scene_score,0.32,2,2026-07-23T17:50:46.891542+00:00,success,
airfryer-032-scene-0024,airfryer-032,89.767,93.267,3.500,data_video/processed/airfryer-032/clips/airfryer-032-scene-0024.mp4,721355,8db6be2d01bfd81b207e0aa9bbabc85ffb349bec2f642a935933994fe7450699,data_video/raw/archive_candidates/airfryer-032.mp4,19964dff8e507ce789c7219c5b2a68c6462322a0309cc0c5ea628b35ea28d4fb,ffmpeg_scene_score,0.32,2,2026-07-23T17:50:49.216892+00:00,success,
airfryer-032-scene-0025,airfryer-032,93.267,96.467,3.200,data_video/processed/airfryer-032/clips/airfryer-032-scene-0025.mp4,576222,81712a69fc23f4f462b2ed7fdb343d5178ae8cb2b393437f8c59dbfcfca78838,data_video/raw/archive_candidates/airfryer-032.mp4,19964dff8e507ce789c7219c5b2a68c6462322a0309cc0c5ea628b35ea28d4fb,ffmpeg_scene_score,0.32,2,2026-07-23T17:50:51.214775+00:00,success,
airfryer-032-scene-0026,airfryer-032,96.467,100.100,3.633,data_video/processed/airfryer-032/clips/airfryer-032-scene-0026.mp4,532622,d7a0a6041a21ac9428b34658424600407e7a6e66e4da44deda0a4c1f92bd3ed7,data_video/raw/archive_candidates/airfryer-032.mp4,19964dff8e507ce789c7219c5b2a68c6462322a0309cc0c5ea628b35ea28d4fb,ffmpeg_scene_score,0.32,2,2026-07-23T17:50:53.159847+00:00,success,
airfryer-032-scene-0027,airfryer-032,100.100,108.833,8.733,data_video/processed/airfryer-032/clips/airfryer-032-scene-0027.mp4,1248193,7bbc1fc49c1e02020722be53fa98217efac3eab1939842ede88461323c3757f7,data_video/raw/archive_candidates/airfryer-032.mp4,19964dff8e507ce789c7219c5b2a68c6462322a0309cc0c5ea628b35ea28d4fb,ffmpeg_scene_score,0.32,2,2026-07-23T17:50:56.444369+00:00,success,
airfryer-032-scene-0028,airfryer-032,108.833,127.133,18.300,data_video/processed/airfryer-032/clips/airfryer-032-scene-0028.mp4,2832956,ac9719a9ad9ffbbfc5c6c7cbc1dd975e82dafa2113d63ea116c51401687af8dd,data_video/raw/archive_candidates/airfryer-032.mp4,19964dff8e507ce789c7219c5b2a68c6462322a0309cc0c5ea628b35ea28d4fb,ffmpeg_scene_score,0.32,2,2026-07-23T17:51:02.224738+00:00,success,
airfryer-032-scene-0029,airfryer-032,127.133,131.200,4.067,data_video/processed/airfryer-032/clips/airfryer-032-scene-0029.mp4,666809,b20568be68c0d910257f730b536f95e43d327cb93a45f7bf18da21c54169e006,data_video/raw/archive_candidates/airfryer-032.mp4,19964dff8e507ce789c7219c5b2a68c6462322a0309cc0c5ea628b35ea28d4fb,ffmpeg_scene_score,0.32,2,2026-07-23T17:51:04.508318+00:00,success,
airfryer-032-scene-0030,airfryer-032,131.200,138.267,7.067,data_video/processed/airfryer-032/clips/airfryer-032-scene-0030.mp4,1015739,94f2b0dcc527361dd6cb8eac14ca605d9ba149eaedd0dbe770f3ba87ce9f8bbe,data_video/raw/archive_candidates/airfryer-032.mp4,19964dff8e507ce789c7219c5b2a68c6462322a0309cc0c5ea628b35ea28d4fb,ffmpeg_scene_score,0.32,2,2026-07-23T17:51:07.099350+00:00,success,
airfryer-032-scene-0031,airfryer-032,138.267,140.900,2.633,data_video/processed/airfryer-032/clips/airfryer-032-scene-0031.mp4,791618,d11b9e33f9442a7000a46f89019303418f5e5a4c4b91e43b6b22898b9ecdcfbc,data_video/raw/archive_candidates/airfryer-032.mp4,19964dff8e507ce789c7219c5b2a68c6462322a0309cc0c5ea628b35ea28d4fb,ffmpeg_scene_score,0.32,2,2026-07-23T17:51:09.341634+00:00,success,
airfryer-032-scene-0032,airfryer-032,140.900,143.800,2.900,data_video/processed/airfryer-032/clips/airfryer-032-scene-0032.mp4,397799,e2e133f86957bfcf9463e14f66ff39efc0d3559eaba99cb007ef5860cd23ab10,data_video/raw/archive_candidates/airfryer-032.mp4,19964dff8e507ce789c7219c5b2a68c6462322a0309cc0c5ea628b35ea28d4fb,ffmpeg_scene_score,0.32,2,2026-07-23T17:51:11.003509+00:00,success,
airfryer-032-scene-0033,airfryer-032,143.800,146.800,3.000,data_video/processed/airfryer-032/clips/airfryer-032-scene-0033.mp4,935881,803ceafa1f8bccf3fd6b279ffa1622d1bb0311dd55bcddb890d147119bc26024,data_video/raw/archive_candidates/airfryer-032.mp4,19964dff8e507ce789c7219c5b2a68c6462322a0309cc0c5ea628b35ea28d4fb,ffmpeg_scene_score,0.32,2,2026-07-23T17:51:13.439287+00:00,success,
airfryer-032-scene-0034,airfryer-032,146.800,162.333,15.533,data_video/processed/airfryer-032/clips/airfryer-032-scene-0034.mp4,2800883,bdcbef42c79628236036ca5c36ebbd9c5c15192cdcb15656a7e85605480525a5,data_video/raw/archive_candidates/airfryer-032.mp4,19964dff8e507ce789c7219c5b2a68c6462322a0309cc0c5ea628b35ea28d4fb,ffmpeg_scene_score,0.32,2,2026-07-23T17:51:18.892287+00:00,success,
airfryer-032-scene-0035,airfryer-032,162.333,166.900,4.567,data_video/processed/airfryer-032/clips/airfryer-032-scene-0035.mp4,696600,7ee8329dc8b4f82167430e56f519c6daafca4f31eed41c3efc27d0dfe514b735,data_video/raw/archive_candidates/airfryer-032.mp4,19964dff8e507ce789c7219c5b2a68c6462322a0309cc0c5ea628b35ea28d4fb,ffmpeg_scene_score,0.32,2,2026-07-23T17:51:21.233551+00:00,success,
airfryer-032-scene-0036,airfryer-032,166.900,171.667,4.767,data_video/processed/airfryer-032/clips/airfryer-032-scene-0036.mp4,762524,bd6d52fb918855dfb53f09881914ed0898cd00ca58c355dac1e82f107fd4a953,data_video/raw/archive_candidates/airfryer-032.mp4,19964dff8e507ce789c7219c5b2a68c6462322a0309cc0c5ea628b35ea28d4fb,ffmpeg_scene_score,0.32,2,2026-07-23T17:51:23.733651+00:00,success,
airfryer-032-scene-0037,airfryer-032,171.667,173.667,2.000,data_video/processed/airfryer-032/clips/airfryer-032-scene-0037.mp4,431422,7735aa6350729a6a5230990f779d8c8d5209b7b647bbc786bfaed4dfaa862d22,data_video/raw/archive_candidates/airfryer-032.mp4,19964dff8e507ce789c7219c5b2a68c6462322a0309cc0c5ea628b35ea28d4fb,ffmpeg_scene_score,0.32,2,2026-07-23T17:51:25.429690+00:00,success,
airfryer-032-scene-0038,airfryer-032,173.667,176.367,2.700,data_video/processed/airfryer-032/clips/airfryer-032-scene-0038.mp4,715632,477838f051ba988c0d9c14173c9dee1179b924360924c3691e1b688aa73c79f5,data_video/raw/archive_candidates/airfryer-032.mp4,19964dff8e507ce789c7219c5b2a68c6462322a0309cc0c5ea628b35ea28d4fb,ffmpeg_scene_score,0.32,2,2026-07-23T17:51:27.419583+00:00,success,
airfryer-032-scene-0039,airfryer-032,176.367,179.167,2.800,data_video/processed/airfryer-032/clips/airfryer-032-scene-0039.mp4,523222,b4d13b56d02acfe844f5252df124324858375b56288704bbf7d0f2619ed7e18e,data_video/raw/archive_candidates/airfryer-032.mp4,19964dff8e507ce789c7219c5b2a68c6462322a0309cc0c5ea628b35ea28d4fb,ffmpeg_scene_score,0.32,2,2026-07-23T17:51:29.289730+00:00,success,
airfryer-032-scene-0040,airfryer-032,179.167,182.167,3.000,data_video/processed/airfryer-032/clips/airfryer-032-scene-0040.mp4,743197,52d49e0eff1d16e8fb70bdf502f5f8386c97a1b5dc5ffce7424ef3c3bb3df367,data_video/raw/archive_candidates/airfryer-032.mp4,19964dff8e507ce789c7219c5b2a68c6462322a0309cc0c5ea628b35ea28d4fb,ffmpeg_scene_score,0.32,2,2026-07-23T17:51:31.510629+00:00,success,
airfryer-032-scene-0041,airfryer-032,182.167,194.067,11.900,data_video/processed/airfryer-032/clips/airfryer-032-scene-0041.mp4,1844855,c7b0207e5c572877fa03ddf008206d96f42c8c710cbb39d5c14d0b590a573d1e,data_video/raw/archive_candidates/airfryer-032.mp4,19964dff8e507ce789c7219c5b2a68c6462322a0309cc0c5ea628b35ea28d4fb,ffmpeg_scene_score,0.32,2,2026-07-23T17:51:35.566998+00:00,success,
airfryer-032-scene-0042,airfryer-032,194.067,196.800,2.733,data_video/processed/airfryer-032/clips/airfryer-032-scene-0042.mp4,683633,ff699c1ceffee6e8f939619944df7fc429df22611fc4282ed6a6f56f5cee48cd,data_video/raw/archive_candidates/airfryer-032.mp4,19964dff8e507ce789c7219c5b2a68c6462322a0309cc0c5ea628b35ea28d4fb,ffmpeg_scene_score,0.32,2,2026-07-23T17:51:37.840251+00:00,success,
airfryer-032-scene-0043,airfryer-032,196.800,206.033,9.233,data_video/processed/airfryer-032/clips/airfryer-032-scene-0043.mp4,1642782,2b6c8d3977ab0720ed5de0bcbaeb87eca93b9d3916c75a8228b0ffaa30cfc88b,data_video/raw/archive_candidates/airfryer-032.mp4,19964dff8e507ce789c7219c5b2a68c6462322a0309cc0c5ea628b35ea28d4fb,ffmpeg_scene_score,0.32,2,2026-07-23T17:51:41.018877+00:00,success,
airfryer-032-scene-0044,airfryer-032,206.033,208.100,2.067,data_video/processed/airfryer-032/clips/airfryer-032-scene-0044.mp4,801891,9db230136b3394ce843205cebca673d10d5cc5ec1ff34de50e0b832b7bb0fbb5,data_video/raw/archive_candidates/airfryer-032.mp4,19964dff8e507ce789c7219c5b2a68c6462322a0309cc0c5ea628b35ea28d4fb,ffmpeg_scene_score,0.32,2,2026-07-23T17:51:43.256974+00:00,success,
airfryer-032-scene-0045,airfryer-032,208.100,225.167,17.067,data_video/processed/airfryer-032/clips/airfryer-032-scene-0045.mp4,3365929,1a76b506657d6218a6628d88b4a87ce8fb3c23cf0194dc6b9898def9c4835d8e,data_video/raw/archive_candidates/airfryer-032.mp4,19964dff8e507ce789c7219c5b2a68c6462322a0309cc0c5ea628b35ea28d4fb,ffmpeg_scene_score,0.32,2,2026-07-23T17:51:48.487466+00:00,success,
airfryer-032-scene-0046,airfryer-032,225.167,229.433,4.267,data_video/processed/airfryer-032/clips/airfryer-032-scene-0046.mp4,1034389,252745dc0f9f37f8f0c9b60b4fbcafae4e6b37e1c2d5e45eab341c05b7c4b280,data_video/raw/archive_candidates/airfryer-032.mp4,19964dff8e507ce789c7219c5b2a68c6462322a0309cc0c5ea628b35ea28d4fb,ffmpeg_scene_score,0.32,2,2026-07-23T17:51:51.554487+00:00,success,
airfryer-032-scene-0047,airfryer-032,229.433,232.433,3.000,data_video/processed/airfryer-032/clips/airfryer-032-scene-0047.mp4,721010,e26a81d0abc2d70bc74636d8498c014e08b8f17887a61fdf4e1668acf2a3d23c,data_video/raw/archive_candidates/airfryer-032.mp4,19964dff8e507ce789c7219c5b2a68c6462322a0309cc0c5ea628b35ea28d4fb,ffmpeg_scene_score,0.32,2,2026-07-23T17:51:53.964406+00:00,success,
airfryer-032-scene-0048,airfryer-032,232.433,235.600,3.167,data_video/processed/airfryer-032/clips/airfryer-032-scene-0048.mp4,586991,66bc8c97af7ce4a65cba4e0cec85feb8f21878c11ef05bdb9f36c1f466f2dee4,data_video/raw/archive_candidates/airfryer-032.mp4,19964dff8e507ce789c7219c5b2a68c6462322a0309cc0c5ea628b35ea28d4fb,ffmpeg_scene_score,0.32,2,2026-07-23T17:51:55.934288+00:00,success,
airfryer-032-scene-0049,airfryer-032,235.600,240.200,4.600,data_video/processed/airfryer-032/clips/airfryer-032-scene-0049.mp4,1223520,3e422bb8943228a0124b6b2f7f5d94985a9e629a8eda7ee1fcf6b6872a3d91bc,data_video/raw/archive_candidates/airfryer-032.mp4,19964dff8e507ce789c7219c5b2a68c6462322a0309cc0c5ea628b35ea28d4fb,ffmpeg_scene_score,0.32,2,2026-07-23T17:51:59.211478+00:00,success,
airfryer-032-scene-0050,airfryer-032,240.200,242.567,2.367,data_video/processed/airfryer-032/clips/airfryer-032-scene-0050.mp4,473907,2ec6f5694696eeaef074bc02d4eb4c9685ec4c7f41bbb1e1bc71d54afe708d94,data_video/raw/archive_candidates/airfryer-032.mp4,19964dff8e507ce789c7219c5b2a68c6462322a0309cc0c5ea628b35ea28d4fb,ffmpeg_scene_score,0.32,2,2026-07-23T17:52:00.626508+00:00,success,
airfryer-032-scene-0051,airfryer-032,242.567,247.733,5.167,data_video/processed/airfryer-032/clips/airfryer-032-scene-0051.mp4,1686210,2dd5c1330bd896976127b713739cb0acfd908a715a563a776550b1090a2e31dd,data_video/raw/archive_candidates/airfryer-032.mp4,19964dff8e507ce789c7219c5b2a68c6462322a0309cc0c5ea628b35ea28d4fb,ffmpeg_scene_score,0.32,2,2026-07-23T17:52:03.779054+00:00,success,
airfryer-032-scene-0052,airfryer-032,247.733,250.500,2.767,data_video/processed/airfryer-032/clips/airfryer-032-scene-0052.mp4,866298,b32399d73998f115725e3435a463da017387f8dba2a9f8f391e6f96a70cb64fb,data_video/raw/archive_candidates/airfryer-032.mp4,19964dff8e507ce789c7219c5b2a68c6462322a0309cc0c5ea628b35ea28d4fb,ffmpeg_scene_score,0.32,2,2026-07-23T17:52:05.990744+00:00,success,
airfryer-032-scene-0053,airfryer-032,250.500,252.767,2.267,data_video/processed/airfryer-032/clips/airfryer-032-scene-0053.mp4,411283,9a4d0f2783c2a33462a17df2ba2ae55f7d0754e901d976d612de1e3a1186329b,data_video/raw/archive_candidates/airfryer-032.mp4,19964dff8e507ce789c7219c5b2a68c6462322a0309cc0c5ea628b35ea28d4fb,ffmpeg_scene_score,0.32,2,2026-07-23T17:52:07.671492+00:00,success,
airfryer-032-scene-0054,airfryer-032,252.767,255.800,3.033,data_video/processed/airfryer-032/clips/airfryer-032-scene-0054.mp4,748098,07308fedad7e80971d83dee4ef59613698feea954326733089bc6df8254f8856,data_video/raw/archive_candidates/airfryer-032.mp4,19964dff8e507ce789c7219c5b2a68c6462322a0309cc0c5ea628b35ea28d4fb,ffmpeg_scene_score,0.32,2,2026-07-23T17:52:09.637955+00:00,success,
airfryer-032-scene-0055,airfryer-032,255.800,262.300,6.500,data_video/processed/airfryer-032/clips/airfryer-032-scene-0055.mp4,1345243,93c0ba978b222f33b4c50a8325a58f785e0fb59153bc284e6bd7b5b37e5191c6,data_video/raw/archive_candidates/airfryer-032.mp4,19964dff8e507ce789c7219c5b2a68c6462322a0309cc0c5ea628b35ea28d4fb,ffmpeg_scene_score,0.32,2,2026-07-23T17:52:12.781530+00:00,success,
airfryer-032-scene-0056,airfryer-032,262.300,264.467,2.167,data_video/processed/airfryer-032/clips/airfryer-032-scene-0056.mp4,437669,ba5d2e9b447c7a842634f275cd178e8216452270c2eb0fbf987d7ea62db52c8d,data_video/raw/archive_candidates/airfryer-032.mp4,19964dff8e507ce789c7219c5b2a68c6462322a0309cc0c5ea628b35ea28d4fb,ffmpeg_scene_score,0.32,2,2026-07-23T17:52:14.645938+00:00,success,
airfryer-032-scene-0057,airfryer-032,264.467,267.200,2.733,data_video/processed/airfryer-032/clips/airfryer-032-scene-0057.mp4,476775,c399e2f0d46476576e9a8ad887b685dd26b588f8390cdacbdb644095605a9541,data_video/raw/archive_candidates/airfryer-032.mp4,19964dff8e507ce789c7219c5b2a68c6462322a0309cc0c5ea628b35ea28d4fb,ffmpeg_scene_score,0.32,2,2026-07-23T17:52:16.103280+00:00,success,
airfryer-032-scene-0058,airfryer-032,267.200,269.833,2.633,data_video/processed/airfryer-032/clips/airfryer-032-scene-0058.mp4,623956,c743a12d1d0b26d028711437fddd6dc169222d37a204319bdf4ad9c178933674,data_video/raw/archive_candidates/airfryer-032.mp4,19964dff8e507ce789c7219c5b2a68c6462322a0309cc0c5ea628b35ea28d4fb,ffmpeg_scene_score,0.32,2,2026-07-23T17:52:18.052960+00:00,success,
airfryer-032-scene-0059,airfryer-032,269.833,276.667,6.833,data_video/processed/airfryer-032/clips/airfryer-032-scene-0059.mp4,1164149,0c4104b2753885494aa2b08692ae5384f88622390c3ba2060c5936798214fcea,data_video/raw/archive_candidates/airfryer-032.mp4,19964dff8e507ce789c7219c5b2a68c6462322a0309cc0c5ea628b35ea28d4fb,ffmpeg_scene_score,0.32,2,2026-07-23T17:52:20.928303+00:00,success,
airfryer-032-scene-0060,airfryer-032,276.667,278.667,2.000,data_video/processed/airfryer-032/clips/airfryer-032-scene-0060.mp4,691013,703f3a8c61963b66530d32d96c6f8287ba577c854e97806f53710d8fdbf9cb7f,data_video/raw/archive_candidates/airfryer-032.mp4,19964dff8e507ce789c7219c5b2a68c6462322a0309cc0c5ea628b35ea28d4fb,ffmpeg_scene_score,0.32,2,2026-07-23T17:52:22.783619+00:00,success,
airfryer-032-scene-0061,airfryer-032,278.667,286.967,8.300,data_video/processed/airfryer-032/clips/airfryer-032-scene-0061.mp4,1230529,c19d749d7519030a276c294d950185af095b9e9eac040234d755505bf15ca71b,data_video/raw/archive_candidates/airfryer-032.mp4,19964dff8e507ce789c7219c5b2a68c6462322a0309cc0c5ea628b35ea28d4fb,ffmpeg_scene_score,0.32,2,2026-07-23T17:52:26.177220+00:00,success,
airfryer-032-scene-0062,airfryer-032,286.967,289.567,2.600,data_video/processed/airfryer-032/clips/airfryer-032-scene-0062.mp4,706777,c1fe681791bbf2cd3a4ceeb5f87003e059116a507d393a03711845b061724690,data_video/raw/archive_candidates/airfryer-032.mp4,19964dff8e507ce789c7219c5b2a68c6462322a0309cc0c5ea628b35ea28d4fb,ffmpeg_scene_score,0.32,2,2026-07-23T17:52:28.170910+00:00,success,
airfryer-032-scene-0063,airfryer-032,289.567,292.933,3.367,data_video/processed/airfryer-032/clips/airfryer-032-scene-0063.mp4,1011584,1642e03c08dbbbd1c2fed30a90f646f72ad841b457b5bf6ec35b9b05ae227d21,data_video/raw/archive_candidates/airfryer-032.mp4,19964dff8e507ce789c7219c5b2a68c6462322a0309cc0c5ea628b35ea28d4fb,ffmpeg_scene_score,0.32,2,2026-07-23T17:52:31.001225+00:00,success,
airfryer-032-scene-0064,airfryer-032,292.933,296.900,3.967,data_video/processed/airfryer-032/clips/airfryer-032-scene-0064.mp4,556260,09e0339d5e301bce5f17556bd52e8786a5ea88473c4ac30d35a40160f37d5ac3,data_video/raw/archive_candidates/airfryer-032.mp4,19964dff8e507ce789c7219c5b2a68c6462322a0309cc0c5ea628b35ea28d4fb,ffmpeg_scene_score,0.32,2,2026-07-23T17:52:33.245518+00:00,success,
airfryer-032-scene-0065,airfryer-032,296.900,303.467,6.567,data_video/processed/airfryer-032/clips/airfryer-032-scene-0065.mp4,1465952,792cc0e8a3c0bf5d3e63974e7acbd06903f2f49b39b41c9d82c885847b2ba241,data_video/raw/archive_candidates/airfryer-032.mp4,19964dff8e507ce789c7219c5b2a68c6462322a0309cc0c5ea628b35ea28d4fb,ffmpeg_scene_score,0.32,2,2026-07-23T17:52:37.521064+00:00,success,
airfryer-032-scene-0066,airfryer-032,303.467,307.400,3.933,data_video/processed/airfryer-032/clips/airfryer-032-scene-0066.mp4,945836,5ebe754ed677a78cff82673d50e77a0e4a038ce9516c9ce558d0841b5af2aa86,data_video/raw/archive_candidates/airfryer-032.mp4,19964dff8e507ce789c7219c5b2a68c6462322a0309cc0c5ea628b35ea28d4fb,ffmpeg_scene_score,0.32,2,2026-07-23T17:52:40.379131+00:00,success,
airfryer-032-scene-0067,airfryer-032,307.400,311.400,4.000,data_video/processed/airfryer-032/clips/airfryer-032-scene-0067.mp4,740102,f03c338dda1419947bd94d79712abb365bb0db2514d3165088c47cf3d80a7850,data_video/raw/archive_candidates/airfryer-032.mp4,19964dff8e507ce789c7219c5b2a68c6462322a0309cc0c5ea628b35ea28d4fb,ffmpeg_scene_score,0.32,2,2026-07-23T17:52:42.967810+00:00,success,
airfryer-032-scene-0068,airfryer-032,311.400,313.533,2.133,data_video/processed/airfryer-032/clips/airfryer-032-scene-0068.mp4,656457,2c4308f10d0b7bb6d24e59079be7f83995bf92f35d630d47bf91eaa700756eb6,data_video/raw/archive_candidates/airfryer-032.mp4,19964dff8e507ce789c7219c5b2a68c6462322a0309cc0c5ea628b35ea28d4fb,ffmpeg_scene_score,0.32,2,2026-07-23T17:52:45.040166+00:00,success,
airfryer-032-scene-0069,airfryer-032,313.533,315.567,2.033,data_video/processed/airfryer-032/clips/airfryer-032-scene-0069.mp4,284151,cf53546ebf94b8153eead61d1d1c1e041aed53db6040c70efdaa3ea0e280aba5,data_video/raw/archive_candidates/airfryer-032.mp4,19964dff8e507ce789c7219c5b2a68c6462322a0309cc0c5ea628b35ea28d4fb,ffmpeg_scene_score,0.32,2,2026-07-23T17:52:46.480101+00:00,success,
airfryer-032-scene-0070,airfryer-032,315.567,325.000,9.433,data_video/processed/airfryer-032/clips/airfryer-032-scene-0070.mp4,2021947,685062bed31c5edfd500bb498e598f13039f917a1a18f4292bf28b023c8255d0,data_video/raw/archive_candidates/airfryer-032.mp4,19964dff8e507ce789c7219c5b2a68c6462322a0309cc0c5ea628b35ea28d4fb,ffmpeg_scene_score,0.32,2,2026-07-23T17:52:50.809520+00:00,success,
airfryer-032-scene-0071,airfryer-032,325.000,329.833,4.833,data_video/processed/airfryer-032/clips/airfryer-032-scene-0071.mp4,739166,34b7f562590f5a70c8e832b782ffe41ccd72baeec9886653f3b8e89236193058,data_video/raw/archive_candidates/airfryer-032.mp4,19964dff8e507ce789c7219c5b2a68c6462322a0309cc0c5ea628b35ea28d4fb,ffmpeg_scene_score,0.32,2,2026-07-23T17:52:53.247172+00:00,success,
airfryer-032-scene-0072,airfryer-032,329.833,343.500,13.667,data_video/processed/airfryer-032/clips/airfryer-032-scene-0072.mp4,3067922,c1eeff50287665092aa94da031979b47b0dd596ea62e8a45554f904ab5d71792,data_video/raw/archive_candidates/airfryer-032.mp4,19964dff8e507ce789c7219c5b2a68c6462322a0309cc0c5ea628b35ea28d4fb,ffmpeg_scene_score,0.32,2,2026-07-23T17:53:00.380169+00:00,success,
airfryer-032-scene-0073,airfryer-032,343.500,349.100,5.600,data_video/processed/airfryer-032/clips/airfryer-032-scene-0073.mp4,824142,187e60d40fa81330c9d21093697094a9d8c907d84e435657b716ddac0149abc0,data_video/raw/archive_candidates/airfryer-032.mp4,19964dff8e507ce789c7219c5b2a68c6462322a0309cc0c5ea628b35ea28d4fb,ffmpeg_scene_score,0.32,2,2026-07-23T17:53:03.057560+00:00,success,
airfryer-032-scene-0074,airfryer-032,349.100,351.533,2.433,data_video/processed/airfryer-032/clips/airfryer-032-scene-0074.mp4,314570,092f5468690306cdc963342d73770e45c4a17367cbd67a037b4b050f9647fd8e,data_video/raw/archive_candidates/airfryer-032.mp4,19964dff8e507ce789c7219c5b2a68c6462322a0309cc0c5ea628b35ea28d4fb,ffmpeg_scene_score,0.32,2,2026-07-23T17:53:04.511521+00:00,success,
airfryer-032-scene-0075,airfryer-032,351.533,358.067,6.533,data_video/processed/airfryer-032/clips/airfryer-032-scene-0075.mp4,2734672,1e21b6a30639521cab84b7cf395bac58b0449c6842ec17d026cf755e994b2bdd,data_video/raw/archive_candidates/airfryer-032.mp4,19964dff8e507ce789c7219c5b2a68c6462322a0309cc0c5ea628b35ea28d4fb,ffmpeg_scene_score,0.32,2,2026-07-23T17:53:08.006621+00:00,success,
airfryer-032-scene-0076,airfryer-032,358.067,364.033,5.967,data_video/processed/airfryer-032/clips/airfryer-032-scene-0076.mp4,1049547,c27dc426d3f725c60ed3d847b9673bc40c61cdf71a41b7629462e29ff383c1ba,data_video/raw/archive_candidates/airfryer-032.mp4,19964dff8e507ce789c7219c5b2a68c6462322a0309cc0c5ea628b35ea28d4fb,ffmpeg_scene_score,0.32,2,2026-07-23T17:53:11.473081+00:00,success,
airfryer-032-scene-0077,airfryer-032,364.033,376.000,11.967,data_video/processed/airfryer-032/clips/airfryer-032-scene-0077.mp4,2020932,6f88deca88cc9154374d167ffae22a661cc8f4c9ca7fdd8056e3a45d254a973a,data_video/raw/archive_candidates/airfryer-032.mp4,19964dff8e507ce789c7219c5b2a68c6462322a0309cc0c5ea628b35ea28d4fb,ffmpeg_scene_score,0.32,2,2026-07-23T17:53:17.314548+00:00,success,
airfryer-032-scene-0078,airfryer-032,376.000,378.533,2.533,data_video/processed/airfryer-032/clips/airfryer-032-scene-0078.mp4,516306,fb97beb4877fe417b27be573214661af48edd111b7ea3f7e857559cec12666d2,data_video/raw/archive_candidates/airfryer-032.mp4,19964dff8e507ce789c7219c5b2a68c6462322a0309cc0c5ea628b35ea28d4fb,ffmpeg_scene_score,0.32,2,2026-07-23T17:53:19.493688+00:00,success,
airfryer-032-scene-0079,airfryer-032,378.533,387.667,9.133,data_video/processed/airfryer-032/clips/airfryer-032-scene-0079.mp4,3036222,dd9d7e31aa3001a7f4b8c2c3c21a760fe6c9c7cf70a68265f5087ea7052e155c,data_video/raw/archive_candidates/airfryer-032.mp4,19964dff8e507ce789c7219c5b2a68c6462322a0309cc0c5ea628b35ea28d4fb,ffmpeg_scene_score,0.32,2,2026-07-23T17:53:24.586821+00:00,success,
airfryer-032-scene-0080,airfryer-032,387.667,391.933,4.267,data_video/processed/airfryer-032/clips/airfryer-032-scene-0080.mp4,1548571,39da9596062fdbe6e3823d1580f4af722fe9a3d3370b6ecb2f102314d7eeb894,data_video/raw/archive_candidates/airfryer-032.mp4,19964dff8e507ce789c7219c5b2a68c6462322a0309cc0c5ea628b35ea28d4fb,ffmpeg_scene_score,0.32,2,2026-07-23T17:53:27.817978+00:00,success,
airfryer-032-scene-0081,airfryer-032,391.933,397.100,5.167,data_video/processed/airfryer-032/clips/airfryer-032-scene-0081.mp4,775246,cc1980e8f1d072a0bc5fdcbe4c68360529cd8bea34bdfc9f545999af83ef0610,data_video/raw/archive_candidates/airfryer-032.mp4,19964dff8e507ce789c7219c5b2a68c6462322a0309cc0c5ea628b35ea28d4fb,ffmpeg_scene_score,0.32,2,2026-07-23T17:53:30.269643+00:00,success,
airfryer-032-scene-0082,airfryer-032,397.100,401.700,4.600,data_video/processed/airfryer-032/clips/airfryer-032-scene-0082.mp4,687746,d2fa2634799c7a90b6c6727b8eaa6e12f07173832f5f823baed305684f8f951e,data_video/raw/archive_candidates/airfryer-032.mp4,19964dff8e507ce789c7219c5b2a68c6462322a0309cc0c5ea628b35ea28d4fb,ffmpeg_scene_score,0.32,2,2026-07-23T17:53:33.107890+00:00,success,
airfryer-032-scene-0083,airfryer-032,401.700,406.500,4.800,data_video/processed/airfryer-032/clips/airfryer-032-scene-0083.mp4,878812,5d0e12cc3306de6436808808329fd8df1cdd070b12f80d166691f6c60c268fe0,data_video/raw/archive_candidates/airfryer-032.mp4,19964dff8e507ce789c7219c5b2a68c6462322a0309cc0c5ea628b35ea28d4fb,ffmpeg_scene_score,0.32,2,2026-07-23T17:53:36.191144+00:00,success,
airfryer-032-scene-0084,airfryer-032,406.500,411.367,4.867,data_video/processed/airfryer-032/clips/airfryer-032-scene-0084.mp4,665938,e5110fa063e58aef378348028eed685cc6ab92ad7273cd26297f24f0ab0b8d9b,data_video/raw/archive_candidates/airfryer-032.mp4,19964dff8e507ce789c7219c5b2a68c6462322a0309cc0c5ea628b35ea28d4fb,ffmpeg_scene_score,0.32,2,2026-07-23T17:53:38.391391+00:00,success,
airfryer-032-scene-0085,airfryer-032,411.367,414.600,3.233,data_video/processed/airfryer-032/clips/airfryer-032-scene-0085.mp4,977868,6ebebe227db5a0b3fee52aee872102c4c75adde3445ee2340a245201384482a7,data_video/raw/archive_candidates/airfryer-032.mp4,19964dff8e507ce789c7219c5b2a68c6462322a0309cc0c5ea628b35ea28d4fb,ffmpeg_scene_score,0.32,2,2026-07-23T17:53:41.040663+00:00,success,
airfryer-032-scene-0086,airfryer-032,414.600,422.667,8.067,data_video/processed/airfryer-032/clips/airfryer-032-scene-0086.mp4,2013130,57b0c814d09ba05bba1ccea69974a96f1b602d6fe05ac3bb83552f5aecff446b,data_video/raw/archive_candidates/airfryer-032.mp4,19964dff8e507ce789c7219c5b2a68c6462322a0309cc0c5ea628b35ea28d4fb,ffmpeg_scene_score,0.32,2,2026-07-23T17:53:45.813007+00:00,success,
airfryer-032-scene-0087,airfryer-032,422.667,424.700,2.033,data_video/processed/airfryer-032/clips/airfryer-032-scene-0087.mp4,377865,639849543033f097446d663f13a4e0e776d3af9c00856c0ff16f89e0f30ccd40,data_video/raw/archive_candidates/airfryer-032.mp4,19964dff8e507ce789c7219c5b2a68c6462322a0309cc0c5ea628b35ea28d4fb,ffmpeg_scene_score,0.32,2,2026-07-23T17:53:47.573720+00:00,success,
airfryer-032-scene-0088,airfryer-032,424.700,428.633,3.933,data_video/processed/airfryer-032/clips/airfryer-032-scene-0088.mp4,1145548,7cf3b1238f78622eb65561c7caaf4617c4f2dd5267fd18fdc36ff8357a3f2b6b,data_video/raw/archive_candidates/airfryer-032.mp4,19964dff8e507ce789c7219c5b2a68c6462322a0309cc0c5ea628b35ea28d4fb,ffmpeg_scene_score,0.32,2,2026-07-23T17:53:50.594781+00:00,success,
airfryer-032-scene-0089,airfryer-032,428.633,431.900,3.267,data_video/processed/airfryer-032/clips/airfryer-032-scene-0089.mp4,863014,8a239c3061845c3ebec0707acda5a6ea79fb3db10a4d6b1ddd851a6696b02a49,data_video/raw/archive_candidates/airfryer-032.mp4,19964dff8e507ce789c7219c5b2a68c6462322a0309cc0c5ea628b35ea28d4fb,ffmpeg_scene_score,0.32,2,2026-07-23T17:53:53.205964+00:00,success,
airfryer-032-scene-0090,airfryer-032,431.900,435.867,3.967,data_video/processed/airfryer-032/clips/airfryer-032-scene-0090.mp4,809247,5e926dfc984cfb4f9df0fb5279a9c2aea64d152417cc28ded49493b2fa8ebeca,data_video/raw/archive_candidates/airfryer-032.mp4,19964dff8e507ce789c7219c5b2a68c6462322a0309cc0c5ea628b35ea28d4fb,ffmpeg_scene_score,0.32,2,2026-07-23T17:53:55.480819+00:00,success,
airfryer-032-scene-0091,airfryer-032,435.867,440.800,4.933,data_video/processed/airfryer-032/clips/airfryer-032-scene-0091.mp4,1329780,28d2e4f7be385c96c4b4b0ae04880693ca7c93470c113f439b42af22503fdabe,data_video/raw/archive_candidates/airfryer-032.mp4,19964dff8e507ce789c7219c5b2a68c6462322a0309cc0c5ea628b35ea28d4fb,ffmpeg_scene_score,0.32,2,2026-07-23T17:53:58.933186+00:00,success,
airfryer-032-scene-0092,airfryer-032,440.800,443.700,2.900,data_video/processed/airfryer-032/clips/airfryer-032-scene-0092.mp4,404734,db821948dd5ddebd13d1f6f4d3ab7f4274f9f7793c3bb76fbb27bc3bd2dc4553,data_video/raw/archive_candidates/airfryer-032.mp4,19964dff8e507ce789c7219c5b2a68c6462322a0309cc0c5ea628b35ea28d4fb,ffmpeg_scene_score,0.32,2,2026-07-23T17:54:00.516819+00:00,success,
airfryer-032-scene-0093,airfryer-032,443.700,449.500,5.800,data_video/processed/airfryer-032/clips/airfryer-032-scene-0093.mp4,1873847,beb060311bac43b4c50136fce4a39f80cb4fd13ae0d3cf04aa22ce625bb0ebe7,data_video/raw/archive_candidates/airfryer-032.mp4,19964dff8e507ce789c7219c5b2a68c6462322a0309cc0c5ea628b35ea28d4fb,ffmpeg_scene_score,0.32,2,2026-07-23T17:54:04.457322+00:00,success,
airfryer-032-scene-0094,airfryer-032,449.500,452.500,3.000,data_video/processed/airfryer-032/clips/airfryer-032-scene-0094.mp4,726053,f04cb6d88cd3e05d39cf5f7b5f485f978834454bfe98170149efb5bf5abe5096,data_video/raw/archive_candidates/airfryer-032.mp4,19964dff8e507ce789c7219c5b2a68c6462322a0309cc0c5ea628b35ea28d4fb,ffmpeg_scene_score,0.32,2,2026-07-23T17:54:06.593680+00:00,success,
airfryer-032-scene-0095,airfryer-032,452.500,454.900,2.400,data_video/processed/airfryer-032/clips/airfryer-032-scene-0095.mp4,667111,92ec2aa72e8601e391a091dbc877c6488815ff57cd7c4c882f99edbc5221624d,data_video/raw/archive_candidates/airfryer-032.mp4,19964dff8e507ce789c7219c5b2a68c6462322a0309cc0c5ea628b35ea28d4fb,ffmpeg_scene_score,0.32,2,2026-07-23T17:54:08.246223+00:00,success,
airfryer-032-scene-0096,airfryer-032,454.900,457.100,2.200,data_video/processed/airfryer-032/clips/airfryer-032-scene-0096.mp4,506216,93c317967cce4e9aacda284749be7fa986c59d475ce83d01b1ab2f0f14090935,data_video/raw/archive_candidates/airfryer-032.mp4,19964dff8e507ce789c7219c5b2a68c6462322a0309cc0c5ea628b35ea28d4fb,ffmpeg_scene_score,0.32,2,2026-07-23T17:54:10.150865+00:00,success,
airfryer-032-scene-0097,airfryer-032,457.100,473.033,15.933,data_video/processed/airfryer-032/clips/airfryer-032-scene-0097.mp4,5098765,89461e0c1d96dea58e0dfd58428e1bbbd4e81a9c6495e5ee48479205ff92bf41,data_video/raw/archive_candidates/airfryer-032.mp4,19964dff8e507ce789c7219c5b2a68c6462322a0309cc0c5ea628b35ea28d4fb,ffmpeg_scene_score,0.32,2,2026-07-23T17:54:18.569716+00:00,success,
airfryer-032-scene-0098,airfryer-032,473.033,477.233,4.200,data_video/processed/airfryer-032/clips/airfryer-032-scene-0098.mp4,1290834,5e05983e4a4ba2db90a8fc7a95f74d7795d8aaf2f4f240acd351cf46299501f3,data_video/raw/archive_candidates/airfryer-032.mp4,19964dff8e507ce789c7219c5b2a68c6462322a0309cc0c5ea628b35ea28d4fb,ffmpeg_scene_score,0.32,2,2026-07-23T17:54:21.851766+00:00,success,
airfryer-032-scene-0099,airfryer-032,477.233,483.633,6.400,data_video/processed/airfryer-032/clips/airfryer-032-scene-0099.mp4,1768802,2a6632ddbcdf83bdf6d698da3ea2e978a89e7f21bdd97863fd37bc9f2a4f7682,data_video/raw/archive_candidates/airfryer-032.mp4,19964dff8e507ce789c7219c5b2a68c6462322a0309cc0c5ea628b35ea28d4fb,ffmpeg_scene_score,0.32,2,2026-07-23T17:54:25.896879+00:00,success,
airfryer-032-scene-0100,airfryer-032,483.633,488.100,4.467,data_video/processed/airfryer-032/clips/airfryer-032-scene-0100.mp4,846372,ebab2f6758f5bcc65b44d54e7ff19f64d749649ba9def3f929071c2970b4f2b5,data_video/raw/archive_candidates/airfryer-032.mp4,19964dff8e507ce789c7219c5b2a68c6462322a0309cc0c5ea628b35ea28d4fb,ffmpeg_scene_score,0.32,2,2026-07-23T17:54:27.983213+00:00,success,
airfryer-032-scene-0101,airfryer-032,488.100,490.567,2.467,data_video/processed/airfryer-032/clips/airfryer-032-scene-0101.mp4,456035,8b3f5b350f57c4feefc7ffff83df979cbde3b5cf5d6095670b17ebc7a921bdd1,data_video/raw/archive_candidates/airfryer-032.mp4,19964dff8e507ce789c7219c5b2a68c6462322a0309cc0c5ea628b35ea28d4fb,ffmpeg_scene_score,0.32,2,2026-07-23T17:54:30.038783+00:00,success,
airfryer-032-scene-0102,airfryer-032,490.567,493.000,2.433,data_video/processed/airfryer-032/clips/airfryer-032-scene-0102.mp4,858295,ebef688fb6f2db7408b5b8cf0414298b81052068fe1ca68451490bd4ea917e24,data_video/raw/archive_candidates/airfryer-032.mp4,19964dff8e507ce789c7219c5b2a68c6462322a0309cc0c5ea628b35ea28d4fb,ffmpeg_scene_score,0.32,2,2026-07-23T17:54:32.223353+00:00,success,
airfryer-032-scene-0103,airfryer-032,493.000,495.500,2.500,data_video/processed/airfryer-032/clips/airfryer-032-scene-0103.mp4,625198,d7010b25b1b377790f09e220fb21e55aac79612ed9431e6643303025f4f687fd,data_video/raw/archive_candidates/airfryer-032.mp4,19964dff8e507ce789c7219c5b2a68c6462322a0309cc0c5ea628b35ea28d4fb,ffmpeg_scene_score,0.32,2,2026-07-23T17:54:34.460322+00:00,success,
airfryer-032-scene-0104,airfryer-032,495.500,497.933,2.433,data_video/processed/airfryer-032/clips/airfryer-032-scene-0104.mp4,494308,9f03faa3d7ed12f69b3b196fd689c99469276ef6f96a951dc562b1b4b22d50cf,data_video/raw/archive_candidates/airfryer-032.mp4,19964dff8e507ce789c7219c5b2a68c6462322a0309cc0c5ea628b35ea28d4fb,ffmpeg_scene_score,0.32,2,2026-07-23T17:54:35.939766+00:00,success,
airfryer-032-scene-0105,airfryer-032,497.933,500.633,2.700,data_video/processed/airfryer-032/clips/airfryer-032-scene-0105.mp4,658161,2045052f829fe635a8342a6c549579ee5c77e23675fd3ccb87b5b607b0dbac1a,data_video/raw/archive_candidates/airfryer-032.mp4,19964dff8e507ce789c7219c5b2a68c6462322a0309cc0c5ea628b35ea28d4fb,ffmpeg_scene_score,0.32,2,2026-07-23T17:54:37.868284+00:00,success,
airfryer-032-scene-0106,airfryer-032,500.633,503.967,3.333,data_video/processed/airfryer-032/clips/airfryer-032-scene-0106.mp4,827378,7aa33768a4714a54806944ac1336e46b429405126d6fcdc9be634ba5b4040a0d,data_video/raw/archive_candidates/airfryer-032.mp4,19964dff8e507ce789c7219c5b2a68c6462322a0309cc0c5ea628b35ea28d4fb,ffmpeg_scene_score,0.32,2,2026-07-23T17:54:40.438180+00:00,success,
airfryer-032-scene-0107,airfryer-032,503.967,506.767,2.800,data_video/processed/airfryer-032/clips/airfryer-032-scene-0107.mp4,701763,3aca764fa3c299b219b24d79e83a5a8fca92ccc6ec4b2179b2efadee1648b95f,data_video/raw/archive_candidates/airfryer-032.mp4,19964dff8e507ce789c7219c5b2a68c6462322a0309cc0c5ea628b35ea28d4fb,ffmpeg_scene_score,0.32,2,2026-07-23T17:54:42.823674+00:00,success,
airfryer-032-scene-0108,airfryer-032,506.767,510.067,3.300,data_video/processed/airfryer-032/clips/airfryer-032-scene-0108.mp4,812455,3667fdd71d825402dc73c5828de7a16013e09701c5138195d92bed7e55ee4707,data_video/raw/archive_candidates/airfryer-032.mp4,19964dff8e507ce789c7219c5b2a68c6462322a0309cc0c5ea628b35ea28d4fb,ffmpeg_scene_score,0.32,2,2026-07-23T17:54:45.344963+00:00,success,
airfryer-032-scene-0109,airfryer-032,510.067,513.267,3.200,data_video/processed/airfryer-032/clips/airfryer-032-scene-0109.mp4,771310,ae593ab7e567745c684aa7dc6461cb3193471acde9daab7a122566a6cc33ee13,data_video/raw/archive_candidates/airfryer-032.mp4,19964dff8e507ce789c7219c5b2a68c6462322a0309cc0c5ea628b35ea28d4fb,ffmpeg_scene_score,0.32,2,2026-07-23T17:54:47.834979+00:00,success,
airfryer-032-scene-0110,airfryer-032,513.267,516.633,3.367,data_video/processed/airfryer-032/clips/airfryer-032-scene-0110.mp4,1064814,ccc89b0eb4f5b4e6db404cb8c0ddaf582defabdffa624e9922ab93e41108d8ad,data_video/raw/archive_candidates/airfryer-032.mp4,19964dff8e507ce789c7219c5b2a68c6462322a0309cc0c5ea628b35ea28d4fb,ffmpeg_scene_score,0.32,2,2026-07-23T17:54:50.500895+00:00,success,
airfryer-032-scene-0111,airfryer-032,516.633,520.167,3.533,data_video/processed/airfryer-032/clips/airfryer-032-scene-0111.mp4,795779,b7e66db07901c44d183698afb57916239492e31e6598485cbbfd9f87b90bb57f,data_video/raw/archive_candidates/airfryer-032.mp4,19964dff8e507ce789c7219c5b2a68c6462322a0309cc0c5ea628b35ea28d4fb,ffmpeg_scene_score,0.32,2,2026-07-23T17:54:53.262248+00:00,success,
airfryer-032-scene-0112,airfryer-032,520.167,522.967,2.800,data_video/processed/airfryer-032/clips/airfryer-032-scene-0112.mp4,662864,56434e76b541b173fda503232164804628eb84a48e1b1ffa5afb0b80f627b1f3,data_video/raw/archive_candidates/airfryer-032.mp4,19964dff8e507ce789c7219c5b2a68c6462322a0309cc0c5ea628b35ea28d4fb,ffmpeg_scene_score,0.32,2,2026-07-23T17:54:55.427191+00:00,success,
airfryer-032-scene-0113,airfryer-032,522.967,525.600,2.633,data_video/processed/airfryer-032/clips/airfryer-032-scene-0113.mp4,624239,19fd306ce058764b725ab16b4f57b55589ad642e71a5dfda15942a0ad191f4ac,data_video/raw/archive_candidates/airfryer-032.mp4,19964dff8e507ce789c7219c5b2a68c6462322a0309cc0c5ea628b35ea28d4fb,ffmpeg_scene_score,0.32,2,2026-07-23T17:54:57.444667+00:00,success,
airfryer-032-scene-0114,airfryer-032,525.600,533.730,8.130,data_video/processed/airfryer-032/clips/airfryer-032-scene-0114.mp4,1450809,c831b684931e7eca45229e855203be1d98ae564dd7589c46c0909801d8006bc6,data_video/raw/archive_candidates/airfryer-032.mp4,19964dff8e507ce789c7219c5b2a68c6462322a0309cc0c5ea628b35ea28d4fb,ffmpeg_scene_score,0.32,2,2026-07-23T17:55:00.206580+00:00,success,
airfryer-033-scene-0001,airfryer-033,0.000,3.971,3.971,data_video/processed/airfryer-033/clips/airfryer-033-scene-0001.mp4,333801,d30e5ba36139dce3a8538d7312fc6b75d5cb83f42e0a1d2b250737dab639b0de,data_video/raw/archive_candidates/airfryer-033.mp4,b3faa51963f29e704f6fd9c2e3e57f4b4a1cd2772c44eabf99d92e850287ba8c,ffmpeg_scene_score,0.32,2,2026-07-23T17:55:30.901166+00:00,success,
airfryer-033-scene-0002,airfryer-033,3.971,7.608,3.637,data_video/processed/airfryer-033/clips/airfryer-033-scene-0002.mp4,151652,f706017d5a112ba0e50801de966bb731b5ec41b4bd392cc1bfcd6eaa4d65446f,data_video/raw/archive_candidates/airfryer-033.mp4,b3faa51963f29e704f6fd9c2e3e57f4b4a1cd2772c44eabf99d92e850287ba8c,ffmpeg_scene_score,0.32,2,2026-07-23T17:55:32.559785+00:00,success,
airfryer-033-scene-0003,airfryer-033,7.608,12.279,4.671,data_video/processed/airfryer-033/clips/airfryer-033-scene-0003.mp4,188363,4d2cf503ce06e5d278ad009fa33a3e07898dd1cafa4b6089a61d696e98b4fea3,data_video/raw/archive_candidates/airfryer-033.mp4,b3faa51963f29e704f6fd9c2e3e57f4b4a1cd2772c44eabf99d92e850287ba8c,ffmpeg_scene_score,0.32,2,2026-07-23T17:55:34.579531+00:00,success,
airfryer-033-scene-0004,airfryer-033,12.279,20.554,8.275,data_video/processed/airfryer-033/clips/airfryer-033-scene-0004.mp4,340767,4a75564dd2866b4b8f55202e4e6cf72d18e0987eccfe8cfb727d5d2d54124d33,data_video/raw/archive_candidates/airfryer-033.mp4,b3faa51963f29e704f6fd9c2e3e57f4b4a1cd2772c44eabf99d92e850287ba8c,ffmpeg_scene_score,0.32,2,2026-07-23T17:55:37.745144+00:00,success,
airfryer-033-scene-0005,airfryer-033,20.554,27.394,6.840,data_video/processed/airfryer-033/clips/airfryer-033-scene-0005.mp4,291467,aa563028e535aaa470d4c1218e0644ce97c9dfab0f252d25f229b711d3e3db48,data_video/raw/archive_candidates/airfryer-033.mp4,b3faa51963f29e704f6fd9c2e3e57f4b4a1cd2772c44eabf99d92e850287ba8c,ffmpeg_scene_score,0.32,2,2026-07-23T17:55:39.348565+00:00,success,
airfryer-033-scene-0006,airfryer-033,27.394,34.501,7.107,data_video/processed/airfryer-033/clips/airfryer-033-scene-0006.mp4,669762,ccc599ccfab23f0f2bf9bc541f42c3bf0fe7dfe64ac8e99385224f74433670c2,data_video/raw/archive_candidates/airfryer-033.mp4,b3faa51963f29e704f6fd9c2e3e57f4b4a1cd2772c44eabf99d92e850287ba8c,ffmpeg_scene_score,0.32,2,2026-07-23T17:55:42.533321+00:00,success,
airfryer-033-scene-0007,airfryer-033,34.501,46.713,12.212,data_video/processed/airfryer-033/clips/airfryer-033-scene-0007.mp4,991839,0f8fb187cf733a36ca41fc0ff1e36ccea8dcfeae54b850c5f7c7671dfd97f8a8,data_video/raw/archive_candidates/airfryer-033.mp4,b3faa51963f29e704f6fd9c2e3e57f4b4a1cd2772c44eabf99d92e850287ba8c,ffmpeg_scene_score,0.32,2,2026-07-23T17:55:46.659618+00:00,success,
airfryer-033-scene-0008,airfryer-033,46.713,57.057,10.344,data_video/processed/airfryer-033/clips/airfryer-033-scene-0008.mp4,865356,67ee57f24f0b95e164b159d498b2287ecbf37245b1ab6ef23b4fa395e292f115,data_video/raw/archive_candidates/airfryer-033.mp4,b3faa51963f29e704f6fd9c2e3e57f4b4a1cd2772c44eabf99d92e850287ba8c,ffmpeg_scene_score,0.32,2,2026-07-23T17:55:50.128401+00:00,success,
airfryer-033-scene-0009,airfryer-033,57.057,67.701,10.644,data_video/processed/airfryer-033/clips/airfryer-033-scene-0009.mp4,1030385,62eedd61380b7f667eb6306c20364492e266009745e16865b4285ec028a5994f,data_video/raw/archive_candidates/airfryer-033.mp4,b3faa51963f29e704f6fd9c2e3e57f4b4a1cd2772c44eabf99d92e850287ba8c,ffmpeg_scene_score,0.32,2,2026-07-23T17:55:54.719177+00:00,success,
airfryer-033-scene-0010,airfryer-033,67.701,88.355,20.654,data_video/processed/airfryer-033/clips/airfryer-033-scene-0010.mp4,1905407,eebb8eb1a058ee60e5d772db7f0de48a9049bd353e3b245d7acb0f6efbce1939,data_video/raw/archive_candidates/airfryer-033.mp4,b3faa51963f29e704f6fd9c2e3e57f4b4a1cd2772c44eabf99d92e850287ba8c,ffmpeg_scene_score,0.32,2,2026-07-23T17:56:00.845812+00:00,success,
airfryer-033-scene-0011,airfryer-033,88.355,91.391,3.036,data_video/processed/airfryer-033/clips/airfryer-033-scene-0011.mp4,324455,19bc17fc0cf1c142d063c194018643c4532ffc18abbdee5e26fe326fb1fc23b5,data_video/raw/archive_candidates/airfryer-033.mp4,b3faa51963f29e704f6fd9c2e3e57f4b4a1cd2772c44eabf99d92e850287ba8c,ffmpeg_scene_score,0.32,2,2026-07-23T17:56:02.510504+00:00,success,
airfryer-033-scene-0012,airfryer-033,91.391,96.463,5.072,data_video/processed/airfryer-033/clips/airfryer-033-scene-0012.mp4,410393,05122d61bf7757218c1b5bd0c0ee311eed3234389d1369be55fa8ecc9b6bbb25,data_video/raw/archive_candidates/airfryer-033.mp4,b3faa51963f29e704f6fd9c2e3e57f4b4a1cd2772c44eabf99d92e850287ba8c,ffmpeg_scene_score,0.32,2,2026-07-23T17:56:05.100589+00:00,success,
airfryer-033-scene-0013,airfryer-033,96.463,102.469,6.006,data_video/processed/airfryer-033/clips/airfryer-033-scene-0013.mp4,543921,1b2a75de09c81a4e6087c7bcaa9d9406dc0293a849c64dac71cb8aaaf6da983d,data_video/raw/archive_candidates/airfryer-033.mp4,b3faa51963f29e704f6fd9c2e3e57f4b4a1cd2772c44eabf99d92e850287ba8c,ffmpeg_scene_score,0.32,2,2026-07-23T17:56:07.734231+00:00,success,
airfryer-033-scene-0014,airfryer-033,102.469,113.780,11.311,data_video/processed/airfryer-033/clips/airfryer-033-scene-0014.mp4,1184240,fd311e1e0bd825c5817ad350a8abf1bba93219c32162d7917588ccc8f62e919f,data_video/raw/archive_candidates/airfryer-033.mp4,b3faa51963f29e704f6fd9c2e3e57f4b4a1cd2772c44eabf99d92e850287ba8c,ffmpeg_scene_score,0.32,2,2026-07-23T17:56:11.947706+00:00,success,
airfryer-033-scene-0015,airfryer-033,113.780,121.321,7.541,data_video/processed/airfryer-033/clips/airfryer-033-scene-0015.mp4,707558,291568e530135a877d9f14f14f32c2f5e917a172ff159bb5d4c4a0a53402bcd8,data_video/raw/archive_candidates/airfryer-033.mp4,b3faa51963f29e704f6fd9c2e3e57f4b4a1cd2772c44eabf99d92e850287ba8c,ffmpeg_scene_score,0.32,2,2026-07-23T17:56:15.075517+00:00,success,
airfryer-033-scene-0016,airfryer-033,121.321,134.134,12.813,data_video/processed/airfryer-033/clips/airfryer-033-scene-0016.mp4,1136584,bbbefa76beee672e48779f959544be44e58a9e24cb12eceda6ea0c6044abf9bf,data_video/raw/archive_candidates/airfryer-033.mp4,b3faa51963f29e704f6fd9c2e3e57f4b4a1cd2772c44eabf99d92e850287ba8c,ffmpeg_scene_score,0.32,2,2026-07-23T17:56:19.522501+00:00,success,
airfryer-033-scene-0017,airfryer-033,134.134,139.840,5.706,data_video/processed/airfryer-033/clips/airfryer-033-scene-0017.mp4,430221,acbae3fb901baca901f77973c6ec77f3dd6ecdcdd14402984380fba1cb3aa289,data_video/raw/archive_candidates/airfryer-033.mp4,b3faa51963f29e704f6fd9c2e3e57f4b4a1cd2772c44eabf99d92e850287ba8c,ffmpeg_scene_score,0.32,2,2026-07-23T17:56:22.160341+00:00,success,
airfryer-033-scene-0018,airfryer-033,139.840,144.344,4.505,data_video/processed/airfryer-033/clips/airfryer-033-scene-0018.mp4,439267,b8e391be698f9dc442e34ba3fd74e848103885ae73eac71466030f5f0c62f829,data_video/raw/archive_candidates/airfryer-033.mp4,b3faa51963f29e704f6fd9c2e3e57f4b4a1cd2772c44eabf99d92e850287ba8c,ffmpeg_scene_score,0.32,2,2026-07-23T17:56:24.348939+00:00,success,
airfryer-033-scene-0019,airfryer-033,144.344,153.120,8.775,data_video/processed/airfryer-033/clips/airfryer-033-scene-0019.mp4,1039291,1323b5a44a078a4e8fb2a7e42de0fefb0e805e004a6b904ee52f47da5e7c3384,data_video/raw/archive_candidates/airfryer-033.mp4,b3faa51963f29e704f6fd9c2e3e57f4b4a1cd2772c44eabf99d92e850287ba8c,ffmpeg_scene_score,0.32,2,2026-07-23T17:56:27.474865+00:00,success,
airfryer-033-scene-0020,airfryer-033,153.120,170.704,17.584,data_video/processed/airfryer-033/clips/airfryer-033-scene-0020.mp4,1117486,ac240ae27d1287960a3f7de801dad220f2008eeced066fc5d05385fa4a49435f,data_video/raw/archive_candidates/airfryer-033.mp4,b3faa51963f29e704f6fd9c2e3e57f4b4a1cd2772c44eabf99d92e850287ba8c,ffmpeg_scene_score,0.32,2,2026-07-23T17:56:32.567969+00:00,success,
airfryer-033-scene-0021,airfryer-033,170.704,177.077,6.373,data_video/processed/airfryer-033/clips/airfryer-033-scene-0021.mp4,385934,bb8e71e4c6b3d993691c8f01c335501aef432d1804e406cfff8212552d57f667,data_video/raw/archive_candidates/airfryer-033.mp4,b3faa51963f29e704f6fd9c2e3e57f4b4a1cd2772c44eabf99d92e850287ba8c,ffmpeg_scene_score,0.32,2,2026-07-23T17:56:34.940165+00:00,success,
airfryer-033-scene-0022,airfryer-033,177.077,184.551,7.474,data_video/processed/airfryer-033/clips/airfryer-033-scene-0022.mp4,375845,76c273a49342f5f38e52fac675e3d774155c8310f484cd90e5d232ec9ca23e76,data_video/raw/archive_candidates/airfryer-033.mp4,b3faa51963f29e704f6fd9c2e3e57f4b4a1cd2772c44eabf99d92e850287ba8c,ffmpeg_scene_score,0.32,2,2026-07-23T17:56:37.106485+00:00,success,
airfryer-033-scene-0023,airfryer-033,184.551,188.689,4.137,data_video/processed/airfryer-033/clips/airfryer-033-scene-0023.mp4,184596,1f18ba44ebf3d409ae742886fddda2b6c8e054ed6ba604ca604776a2bc439a25,data_video/raw/archive_candidates/airfryer-033.mp4,b3faa51963f29e704f6fd9c2e3e57f4b4a1cd2772c44eabf99d92e850287ba8c,ffmpeg_scene_score,0.32,2,2026-07-23T17:56:38.669102+00:00,success,
airfryer-033-scene-0024,airfryer-033,188.689,198.265,9.576,data_video/processed/airfryer-033/clips/airfryer-033-scene-0024.mp4,496954,ded03be5a5731835881a3aa4f4f7fe5bed1319d5b00bc801d61a33865db3a60a,data_video/raw/archive_candidates/airfryer-033.mp4,b3faa51963f29e704f6fd9c2e3e57f4b4a1cd2772c44eabf99d92e850287ba8c,ffmpeg_scene_score,0.32,2,2026-07-23T17:56:41.147265+00:00,success,
airfryer-033-scene-0025,airfryer-033,198.265,202.169,3.904,data_video/processed/airfryer-033/clips/airfryer-033-scene-0025.mp4,169300,9b51a8b56972ee1a4ee78f47b761f4325b10f70b4431a8c7b94873865714ead6,data_video/raw/archive_candidates/airfryer-033.mp4,b3faa51963f29e704f6fd9c2e3e57f4b4a1cd2772c44eabf99d92e850287ba8c,ffmpeg_scene_score,0.32,2,2026-07-23T17:56:42.709538+00:00,success,
airfryer-033-scene-0026,airfryer-033,202.169,206.607,4.438,data_video/processed/airfryer-033/clips/airfryer-033-scene-0026.mp4,243844,cbd2a5c160fafe2bf0b7337a6587e804c7d67b129e6bad85f3fc79c46fe7214b,data_video/raw/archive_candidates/airfryer-033.mp4,b3faa51963f29e704f6fd9c2e3e57f4b4a1cd2772c44eabf99d92e850287ba8c,ffmpeg_scene_score,0.32,2,2026-07-23T17:56:44.459832+00:00,success,
airfryer-033-scene-0027,airfryer-033,206.607,209.643,3.036,data_video/processed/airfryer-033/clips/airfryer-033-scene-0027.mp4,154450,1c1f60dfea57b430e94250df01c13240620d3fd17d302c57fe6d0c7f43396e49,data_video/raw/archive_candidates/airfryer-033.mp4,b3faa51963f29e704f6fd9c2e3e57f4b4a1cd2772c44eabf99d92e850287ba8c,ffmpeg_scene_score,0.32,2,2026-07-23T17:56:45.733159+00:00,success,
airfryer-033-scene-0028,airfryer-033,209.643,214.214,4.571,data_video/processed/airfryer-033/clips/airfryer-033-scene-0028.mp4,218491,792d74ab10489fb6cd942c81c8b3941576605d2a1d7edf19556e2884e75dc4fb,data_video/raw/archive_candidates/airfryer-033.mp4,b3faa51963f29e704f6fd9c2e3e57f4b4a1cd2772c44eabf99d92e850287ba8c,ffmpeg_scene_score,0.32,2,2026-07-23T17:56:47.570650+00:00,success,
airfryer-033-scene-0029,airfryer-033,214.214,224.358,10.143,data_video/processed/airfryer-033/clips/airfryer-033-scene-0029.mp4,620396,97d569cb01d4ec0720bed8b5235cd5edafe5fbe1fa4984fdd9fb7423b99d921f,data_video/raw/archive_candidates/airfryer-033.mp4,b3faa51963f29e704f6fd9c2e3e57f4b4a1cd2772c44eabf99d92e850287ba8c,ffmpeg_scene_score,0.32,2,2026-07-23T17:56:51.293298+00:00,success,
airfryer-033-scene-0030,airfryer-033,224.358,227.895,3.537,data_video/processed/airfryer-033/clips/airfryer-033-scene-0030.mp4,142070,31a497688ea4e992c1c377b49ddeea2abfa8cbb41d59cd9e89ec3b18acac2aa9,data_video/raw/archive_candidates/airfryer-033.mp4,b3faa51963f29e704f6fd9c2e3e57f4b4a1cd2772c44eabf99d92e850287ba8c,ffmpeg_scene_score,0.32,2,2026-07-23T17:56:52.753891+00:00,success,
airfryer-033-scene-0031,airfryer-033,227.895,233.100,5.205,data_video/processed/airfryer-033/clips/airfryer-033-scene-0031.mp4,337137,24307914f92ac5e94a39aef29c6e435d68176264f2a9e1c9cd1f2204866a4a5a,data_video/raw/archive_candidates/airfryer-033.mp4,b3faa51963f29e704f6fd9c2e3e57f4b4a1cd2772c44eabf99d92e850287ba8c,ffmpeg_scene_score,0.32,2,2026-07-23T17:56:54.901233+00:00,success,
airfryer-033-scene-0032,airfryer-033,233.100,242.109,9.009,data_video/processed/airfryer-033/clips/airfryer-033-scene-0032.mp4,243359,99437effa9088d43f9d9c69a3bd79f53463e91427bd8b6233258a69ccbc97220,data_video/raw/archive_candidates/airfryer-033.mp4,b3faa51963f29e704f6fd9c2e3e57f4b4a1cd2772c44eabf99d92e850287ba8c,ffmpeg_scene_score,0.32,2,2026-07-23T17:56:57.737006+00:00,success,
airfryer-033-scene-0033,airfryer-033,242.109,251.818,9.710,data_video/processed/airfryer-033/clips/airfryer-033-scene-0033.mp4,794792,0f3aaef2edbf54d2f3d6c2c98b4491331a53de37ca6a1a99263bbb68177f2d5b,data_video/raw/archive_candidates/airfryer-033.mp4,b3faa51963f29e704f6fd9c2e3e57f4b4a1cd2772c44eabf99d92e850287ba8c,ffmpeg_scene_score,0.32,2,2026-07-23T17:57:01.434489+00:00,success,
airfryer-033-scene-0034,airfryer-033,251.818,257.024,5.205,data_video/processed/airfryer-033/clips/airfryer-033-scene-0034.mp4,342525,01e9ed72b89fa0e72d156c1f0766d22f73fb9b87914f4fabed46c3405cc0b89e,data_video/raw/archive_candidates/airfryer-033.mp4,b3faa51963f29e704f6fd9c2e3e57f4b4a1cd2772c44eabf99d92e850287ba8c,ffmpeg_scene_score,0.32,2,2026-07-23T17:57:03.997890+00:00,success,
airfryer-033-scene-0035,airfryer-033,257.024,259.960,2.936,data_video/processed/airfryer-033/clips/airfryer-033-scene-0035.mp4,152722,0414353b0a22d8310eba13f95ac5d197d41b71270a673bc722b46e86fe05b36b,data_video/raw/archive_candidates/airfryer-033.mp4,b3faa51963f29e704f6fd9c2e3e57f4b4a1cd2772c44eabf99d92e850287ba8c,ffmpeg_scene_score,0.32,2,2026-07-23T17:57:05.353996+00:00,success,
airfryer-033-scene-0036,airfryer-033,259.960,266.900,6.940,data_video/processed/airfryer-033/clips/airfryer-033-scene-0036.mp4,199070,2e7482fc40c243f83a250a5a991abddd74d711c4c887fba4177c8e138c1de6d8,data_video/raw/archive_candidates/airfryer-033.mp4,b3faa51963f29e704f6fd9c2e3e57f4b4a1cd2772c44eabf99d92e850287ba8c,ffmpeg_scene_score,0.32,2,2026-07-23T17:57:07.513032+00:00,success,
airfryer-033-scene-0037,airfryer-033,266.900,271.004,4.104,data_video/processed/airfryer-033/clips/airfryer-033-scene-0037.mp4,473755,5ad7f6e2c705e393e965cb8555a89e1521bd0edb242ca5854b55fdf2caed818d,data_video/raw/archive_candidates/airfryer-033.mp4,b3faa51963f29e704f6fd9c2e3e57f4b4a1cd2772c44eabf99d92e850287ba8c,ffmpeg_scene_score,0.32,2,2026-07-23T17:57:09.514566+00:00,success,
airfryer-033-scene-0038,airfryer-033,271.004,276.043,5.038,data_video/processed/airfryer-033/clips/airfryer-033-scene-0038.mp4,210975,bb8629ef9f88ec594596a897de785b8dd3a488da7c983f5587d00875e82ed756,data_video/raw/archive_candidates/airfryer-033.mp4,b3faa51963f29e704f6fd9c2e3e57f4b4a1cd2772c44eabf99d92e850287ba8c,ffmpeg_scene_score,0.32,2,2026-07-23T17:57:11.539175+00:00,success,
airfryer-033-scene-0039,airfryer-033,276.043,281.014,4.972,data_video/processed/airfryer-033/clips/airfryer-033-scene-0039.mp4,775659,f7ee5e44836234c8810b11e7d1c36f2f75190b73f35a9ad0c81ecc49cb8ccfa8,data_video/raw/archive_candidates/airfryer-033.mp4,b3faa51963f29e704f6fd9c2e3e57f4b4a1cd2772c44eabf99d92e850287ba8c,ffmpeg_scene_score,0.32,2,2026-07-23T17:57:13.446100+00:00,success,
airfryer-033-scene-0040,airfryer-033,281.014,283.116,2.102,data_video/processed/airfryer-033/clips/airfryer-033-scene-0040.mp4,232543,31ecda46df9e7e5fb9bc27fafa8c8f1f7b89fc9aa78f2696fdcae61ce0b2046a,data_video/raw/archive_candidates/airfryer-033.mp4,b3faa51963f29e704f6fd9c2e3e57f4b4a1cd2772c44eabf99d92e850287ba8c,ffmpeg_scene_score,0.32,2,2026-07-23T17:57:14.816940+00:00,success,
airfryer-033-scene-0041,airfryer-033,283.116,300.334,17.217,data_video/processed/airfryer-033/clips/airfryer-033-scene-0041.mp4,785349,b324f51deca2d9bbfda5cb67a59f5d970e9ca19783df36819cc9b6b4f610f4c0,data_video/raw/archive_candidates/airfryer-033.mp4,b3faa51963f29e704f6fd9c2e3e57f4b4a1cd2772c44eabf99d92e850287ba8c,ffmpeg_scene_score,0.32,2,2026-07-23T17:57:19.079340+00:00,success,
airfryer-033-scene-0042,airfryer-033,300.334,313.881,13.547,data_video/processed/airfryer-033/clips/airfryer-033-scene-0042.mp4,643084,27fe9bd50a872c5013a0d7ec527e11664da28bcefb363eb4e554035f26afff49,data_video/raw/archive_candidates/airfryer-033.mp4,b3faa51963f29e704f6fd9c2e3e57f4b4a1cd2772c44eabf99d92e850287ba8c,ffmpeg_scene_score,0.32,2,2026-07-23T17:57:22.481384+00:00,success,
airfryer-033-scene-0043,airfryer-033,313.881,320.821,6.940,data_video/processed/airfryer-033/clips/airfryer-033-scene-0043.mp4,397727,ed9eb138097a87b0c242ada38875229b898af151088940882b10dd8d4803f2f8,data_video/raw/archive_candidates/airfryer-033.mp4,b3faa51963f29e704f6fd9c2e3e57f4b4a1cd2772c44eabf99d92e850287ba8c,ffmpeg_scene_score,0.32,2,2026-07-23T17:57:24.881107+00:00,success,
airfryer-033-scene-0044,airfryer-033,320.821,323.490,2.669,data_video/processed/airfryer-033/clips/airfryer-033-scene-0044.mp4,149080,33740f0f499a27a9b8933ad2f35e09dfbe4e732406da2f74beba1ff7b520e0f4,data_video/raw/archive_candidates/airfryer-033.mp4,b3faa51963f29e704f6fd9c2e3e57f4b4a1cd2772c44eabf99d92e850287ba8c,ffmpeg_scene_score,0.32,2,2026-07-23T17:57:26.089855+00:00,success,
airfryer-033-scene-0045,airfryer-033,323.490,327.027,3.537,data_video/processed/airfryer-033/clips/airfryer-033-scene-0045.mp4,177860,1886240e27196841719217b10a8677cdf2b0c879588101697095ab751677e2c6,data_video/raw/archive_candidates/airfryer-033.mp4,b3faa51963f29e704f6fd9c2e3e57f4b4a1cd2772c44eabf99d92e850287ba8c,ffmpeg_scene_score,0.32,2,2026-07-23T17:57:27.757305+00:00,success,
airfryer-033-scene-0046,airfryer-033,327.027,340.741,13.714,data_video/processed/airfryer-033/clips/airfryer-033-scene-0046.mp4,492969,b6754a1de7438e65ea454b9c04ea489a131a7a3073ec5769a20670475e61ee5f,data_video/raw/archive_candidates/airfryer-033.mp4,b3faa51963f29e704f6fd9c2e3e57f4b4a1cd2772c44eabf99d92e850287ba8c,ffmpeg_scene_score,0.32,2,2026-07-23T17:57:30.724677+00:00,success,
airfryer-033-scene-0047,airfryer-033,340.741,350.217,9.476,data_video/processed/airfryer-033/clips/airfryer-033-scene-0047.mp4,511700,e79e9accc3ffc9d7e037d63d0c1b7c2305dbadcde1126add5a713c72520c3d4a,data_video/raw/archive_candidates/airfryer-033.mp4,b3faa51963f29e704f6fd9c2e3e57f4b4a1cd2772c44eabf99d92e850287ba8c,ffmpeg_scene_score,0.32,2,2026-07-23T17:57:33.317039+00:00,success,
airfryer-033-scene-0048,airfryer-033,350.217,360.627,10.410,data_video/processed/airfryer-033/clips/airfryer-033-scene-0048.mp4,437978,6e25a80f7d167886863ae01a6c954a15a0280036bff6fbca327290e44d8b9ef7,data_video/raw/archive_candidates/airfryer-033.mp4,b3faa51963f29e704f6fd9c2e3e57f4b4a1cd2772c44eabf99d92e850287ba8c,ffmpeg_scene_score,0.32,2,2026-07-23T17:57:35.909451+00:00,success,
airfryer-033-scene-0049,airfryer-033,360.627,363.530,2.903,data_video/processed/airfryer-033/clips/airfryer-033-scene-0049.mp4,295552,e59e27ca633654fdd5b5bd1260dc1dcbf9dfacab7b12d04d5b1d9a2623e1acf5,data_video/raw/archive_candidates/airfryer-033.mp4,b3faa51963f29e704f6fd9c2e3e57f4b4a1cd2772c44eabf99d92e850287ba8c,ffmpeg_scene_score,0.32,2,2026-07-23T17:57:37.287703+00:00,success,
airfryer-033-scene-0050,airfryer-033,363.530,367.334,3.804,data_video/processed/airfryer-033/clips/airfryer-033-scene-0050.mp4,213045,e125577af823ecc34c2638a5c4cf22f4c2b3ebecdf3fb9a92091e3606b7bb65c,data_video/raw/archive_candidates/airfryer-033.mp4,b3faa51963f29e704f6fd9c2e3e57f4b4a1cd2772c44eabf99d92e850287ba8c,ffmpeg_scene_score,0.32,2,2026-07-23T17:57:39.248164+00:00,success,
airfryer-033-scene-0051,airfryer-033,367.334,373.941,6.607,data_video/processed/airfryer-033/clips/airfryer-033-scene-0051.mp4,535873,b932f68576ac6079fb59f59070a61e11960287f8519246593363ae851f33b338,data_video/raw/archive_candidates/airfryer-033.mp4,b3faa51963f29e704f6fd9c2e3e57f4b4a1cd2772c44eabf99d92e850287ba8c,ffmpeg_scene_score,0.32,2,2026-07-23T17:57:42.184181+00:00,success,
airfryer-033-scene-0052,airfryer-033,373.941,380.747,6.807,data_video/processed/airfryer-033/clips/airfryer-033-scene-0052.mp4,404157,e5d445406561802d45b0c446f1761b667e06395258fd0b6494ba4ae3d32c5c19,data_video/raw/archive_candidates/airfryer-033.mp4,b3faa51963f29e704f6fd9c2e3e57f4b4a1cd2772c44eabf99d92e850287ba8c,ffmpeg_scene_score,0.32,2,2026-07-23T17:57:44.655275+00:00,success,
airfryer-033-scene-0053,airfryer-033,380.747,387.654,6.907,data_video/processed/airfryer-033/clips/airfryer-033-scene-0053.mp4,561387,53a5d766a959728cf5c41d409891742d553b9eaf88de1a80bd27723410f94553,data_video/raw/archive_candidates/airfryer-033.mp4,b3faa51963f29e704f6fd9c2e3e57f4b4a1cd2772c44eabf99d92e850287ba8c,ffmpeg_scene_score,0.32,2,2026-07-23T17:57:47.331655+00:00,success,
airfryer-033-scene-0054,airfryer-033,387.654,397.965,10.310,data_video/processed/airfryer-033/clips/airfryer-033-scene-0054.mp4,575626,031920656f7fa4bbad051b0ad155899ba08c6883e53d68590b88f68983931922,data_video/raw/archive_candidates/airfryer-033.mp4,b3faa51963f29e704f6fd9c2e3e57f4b4a1cd2772c44eabf99d92e850287ba8c,ffmpeg_scene_score,0.32,2,2026-07-23T17:57:51.135118+00:00,success,
airfryer-033-scene-0055,airfryer-033,397.965,402.703,4.738,data_video/processed/airfryer-033/clips/airfryer-033-scene-0055.mp4,433546,c853936b45d1750f0967bdf42cb711691d8f1639e11264f35f16b65fed1aa0b2,data_video/raw/archive_candidates/airfryer-033.mp4,b3faa51963f29e704f6fd9c2e3e57f4b4a1cd2772c44eabf99d92e850287ba8c,ffmpeg_scene_score,0.32,2,2026-07-23T17:57:53.173977+00:00,success,
airfryer-033-scene-0056,airfryer-033,402.703,415.115,12.412,data_video/processed/airfryer-033/clips/airfryer-033-scene-0056.mp4,1045569,c215cd36d5ca493adcca84cf4cc208deeb7698a6f5d772d4d44b4b1e6a565b4a,data_video/raw/archive_candidates/airfryer-033.mp4,b3faa51963f29e704f6fd9c2e3e57f4b4a1cd2772c44eabf99d92e850287ba8c,ffmpeg_scene_score,0.32,2,2026-07-23T17:57:57.280166+00:00,success,
airfryer-033-scene-0057,airfryer-033,415.115,428.428,13.313,data_video/processed/airfryer-033/clips/airfryer-033-scene-0057.mp4,656612,f7b664a9acc81e6dbdf6fbe04008987bea19749aead78bc4804ae25b2571a0db,data_video/raw/archive_candidates/airfryer-033.mp4,b3faa51963f29e704f6fd9c2e3e57f4b4a1cd2772c44eabf99d92e850287ba8c,ffmpeg_scene_score,0.32,2,2026-07-23T17:58:01.346672+00:00,success,
airfryer-033-scene-0058,airfryer-033,428.428,431.131,2.703,data_video/processed/airfryer-033/clips/airfryer-033-scene-0058.mp4,300226,89b0e97ff9a70a9e261109646be50eb2c7faed20c82f92e6b8decbc586cbd90b,data_video/raw/archive_candidates/airfryer-033.mp4,b3faa51963f29e704f6fd9c2e3e57f4b4a1cd2772c44eabf99d92e850287ba8c,ffmpeg_scene_score,0.32,2,2026-07-23T17:58:02.721773+00:00,success,
airfryer-033-scene-0059,airfryer-033,431.131,436.904,5.772,data_video/processed/airfryer-033/clips/airfryer-033-scene-0059.mp4,586763,50b1a637b34e5b5cda7527e4497a647166ce656a64f635473ce39da9ec3183d7,data_video/raw/archive_candidates/airfryer-033.mp4,b3faa51963f29e704f6fd9c2e3e57f4b4a1cd2772c44eabf99d92e850287ba8c,ffmpeg_scene_score,0.32,2,2026-07-23T17:58:04.915181+00:00,success,
airfryer-033-scene-0060,airfryer-033,436.904,440.140,3.237,data_video/processed/airfryer-033/clips/airfryer-033-scene-0060.mp4,213352,b7dbc6e3fe9eb400ded208606ed63a97a821c21b41412d2aade152655c9de5b6,data_video/raw/archive_candidates/airfryer-033.mp4,b3faa51963f29e704f6fd9c2e3e57f4b4a1cd2772c44eabf99d92e850287ba8c,ffmpeg_scene_score,0.32,2,2026-07-23T17:58:06.357114+00:00,success,
airfryer-033-scene-0061,airfryer-033,440.140,443.477,3.337,data_video/processed/airfryer-033/clips/airfryer-033-scene-0061.mp4,292132,9fe7b7310e8553974fca455fa946143d40d67e971299d76f2c52b97b308737c6,data_video/raw/archive_candidates/airfryer-033.mp4,b3faa51963f29e704f6fd9c2e3e57f4b4a1cd2772c44eabf99d92e850287ba8c,ffmpeg_scene_score,0.32,2,2026-07-23T17:58:08.189970+00:00,success,
airfryer-033-scene-0062,airfryer-033,443.477,456.223,12.746,data_video/processed/airfryer-033/clips/airfryer-033-scene-0062.mp4,1023805,83bb65cfc993c804ce4539f32d796314eeb50739765f1f534fcefe76b12625c8,data_video/raw/archive_candidates/airfryer-033.mp4,b3faa51963f29e704f6fd9c2e3e57f4b4a1cd2772c44eabf99d92e850287ba8c,ffmpeg_scene_score,0.32,2,2026-07-23T17:58:12.427836+00:00,success,
airfryer-033-scene-0063,airfryer-033,456.223,465.499,9.276,data_video/processed/airfryer-033/clips/airfryer-033-scene-0063.mp4,309842,c4a04c55ffdc9ff5596a0dcd2a89d241341e77a7d2e93aeab96718ae1ffba8ec,data_video/raw/archive_candidates/airfryer-033.mp4,b3faa51963f29e704f6fd9c2e3e57f4b4a1cd2772c44eabf99d92e850287ba8c,ffmpeg_scene_score,0.32,2,2026-07-23T17:58:15.370123+00:00,success,
airfryer-033-scene-0064,airfryer-033,465.499,470.437,4.938,data_video/processed/airfryer-033/clips/airfryer-033-scene-0064.mp4,444743,917a9adb13b6b06ac6fa38783785faa29b99ad1713b299585c19dd939e880fb2,data_video/raw/archive_candidates/airfryer-033.mp4,b3faa51963f29e704f6fd9c2e3e57f4b4a1cd2772c44eabf99d92e850287ba8c,ffmpeg_scene_score,0.32,2,2026-07-23T17:58:17.665450+00:00,success,
airfryer-033-scene-0065,airfryer-033,470.437,473.874,3.437,data_video/processed/airfryer-033/clips/airfryer-033-scene-0065.mp4,150481,ef4c49cc7c8bda4cd48a9cf4c35073979021682f6a87efcd31dea356751d4831,data_video/raw/archive_candidates/airfryer-033.mp4,b3faa51963f29e704f6fd9c2e3e57f4b4a1cd2772c44eabf99d92e850287ba8c,ffmpeg_scene_score,0.32,2,2026-07-23T17:58:19.360374+00:00,success,
airfryer-033-scene-0066,airfryer-033,473.874,476.610,2.736,data_video/processed/airfryer-033/clips/airfryer-033-scene-0066.mp4,39652,3bcc14ca115c7a3796c463ca798648e1f468be784ca0e67897f8c8091e43c06b,data_video/raw/archive_candidates/airfryer-033.mp4,b3faa51963f29e704f6fd9c2e3e57f4b4a1cd2772c44eabf99d92e850287ba8c,ffmpeg_scene_score,0.32,2,2026-07-23T17:58:20.664246+00:00,success,
airfryer-033-scene-0067,airfryer-033,476.610,482.983,6.373,data_video/processed/airfryer-033/clips/airfryer-033-scene-0067.mp4,483098,8ea930bd74c3c36f0824845bdd3174756f5ca1a8a2074f6cd8ab5607811c9c03,data_video/raw/archive_candidates/airfryer-033.mp4,b3faa51963f29e704f6fd9c2e3e57f4b4a1cd2772c44eabf99d92e850287ba8c,ffmpeg_scene_score,0.32,2,2026-07-23T17:58:23.322357+00:00,success,
airfryer-033-scene-0068,airfryer-033,482.983,486.753,3.770,data_video/processed/airfryer-033/clips/airfryer-033-scene-0068.mp4,297813,347bd8c6119d9d8f9a02772736e52fd7b9260805d2be9a1de691b0da82ccd706,data_video/raw/archive_candidates/airfryer-033.mp4,b3faa51963f29e704f6fd9c2e3e57f4b4a1cd2772c44eabf99d92e850287ba8c,ffmpeg_scene_score,0.32,2,2026-07-23T17:58:25.151176+00:00,success,
airfryer-033-scene-0069,airfryer-033,486.753,494.895,8.141,data_video/processed/airfryer-033/clips/airfryer-033-scene-0069.mp4,662323,c7293ebd0e97d0f164a4e9911a022b5f7440a2e256c7b572ae02d2f997f3f642,data_video/raw/archive_candidates/airfryer-033.mp4,b3faa51963f29e704f6fd9c2e3e57f4b4a1cd2772c44eabf99d92e850287ba8c,ffmpeg_scene_score,0.32,2,2026-07-23T17:58:28.161191+00:00,success,
airfryer-033-scene-0070,airfryer-033,494.895,507.608,12.713,data_video/processed/airfryer-033/clips/airfryer-033-scene-0070.mp4,738690,8d8837faafd7df86c7353fbcc42e909ef7a6952d4d84f8c1ce8d2c134975204f,data_video/raw/archive_candidates/airfryer-033.mp4,b3faa51963f29e704f6fd9c2e3e57f4b4a1cd2772c44eabf99d92e850287ba8c,ffmpeg_scene_score,0.32,2,2026-07-23T17:58:32.086790+00:00,success,
airfryer-033-scene-0071,airfryer-033,507.608,520.554,12.946,data_video/processed/airfryer-033/clips/airfryer-033-scene-0071.mp4,1066345,dd9fafe29a4b939ad2ce34e6697985676e294521da0b50361887698fa5d9008d,data_video/raw/archive_candidates/airfryer-033.mp4,b3faa51963f29e704f6fd9c2e3e57f4b4a1cd2772c44eabf99d92e850287ba8c,ffmpeg_scene_score,0.32,2,2026-07-23T17:58:36.747803+00:00,success,
airfryer-033-scene-0072,airfryer-033,520.554,525.792,5.239,data_video/processed/airfryer-033/clips/airfryer-033-scene-0072.mp4,562134,73e0e2f5baacdfdefc02f069900d67e3d0de1c3312e019f12a09b2a5c1420597,data_video/raw/archive_candidates/airfryer-033.mp4,b3faa51963f29e704f6fd9c2e3e57f4b4a1cd2772c44eabf99d92e850287ba8c,ffmpeg_scene_score,0.32,2,2026-07-23T17:58:38.675662+00:00,success,
airfryer-033-scene-0073,airfryer-033,525.792,532.733,6.940,data_video/processed/airfryer-033/clips/airfryer-033-scene-0073.mp4,505412,8a0c8d88a640fdf9c9e430c3e99c40685b6416a47fbbf964d33f26b490cafe17,data_video/raw/archive_candidates/airfryer-033.mp4,b3faa51963f29e704f6fd9c2e3e57f4b4a1cd2772c44eabf99d92e850287ba8c,ffmpeg_scene_score,0.32,2,2026-07-23T17:58:41.388944+00:00,success,
airfryer-033-scene-0074,airfryer-033,532.733,536.236,3.504,data_video/processed/airfryer-033/clips/airfryer-033-scene-0074.mp4,213274,7ea96d5a1ff7ad57b9769533e741262f70c2f145ffd332a5d9ac6db40c2c6c56,data_video/raw/archive_candidates/airfryer-033.mp4,b3faa51963f29e704f6fd9c2e3e57f4b4a1cd2772c44eabf99d92e850287ba8c,ffmpeg_scene_score,0.32,2,2026-07-23T17:58:43.089785+00:00,success,
airfryer-033-scene-0075,airfryer-033,536.236,545.846,9.610,data_video/processed/airfryer-033/clips/airfryer-033-scene-0075.mp4,843471,7d7ac3887a800f85811b44f2db644a3777c12d6abbf189a27bfaf0bdb590f0f7,data_video/raw/archive_candidates/airfryer-033.mp4,b3faa51963f29e704f6fd9c2e3e57f4b4a1cd2772c44eabf99d92e850287ba8c,ffmpeg_scene_score,0.32,2,2026-07-23T17:58:46.696322+00:00,success,
airfryer-033-scene-0076,airfryer-033,545.846,552.719,6.874,data_video/processed/airfryer-033/clips/airfryer-033-scene-0076.mp4,606602,0fd15c5ca319c25f21df03d542fc09445705525ed4eab74929bd135d3e05c3d5,data_video/raw/archive_candidates/airfryer-033.mp4,b3faa51963f29e704f6fd9c2e3e57f4b4a1cd2772c44eabf99d92e850287ba8c,ffmpeg_scene_score,0.32,2,2026-07-23T17:58:49.369163+00:00,success,
airfryer-033-scene-0077,airfryer-033,552.719,566.066,13.347,data_video/processed/airfryer-033/clips/airfryer-033-scene-0077.mp4,907107,8642f5171bdbe8910cdb6a78e20b161de2773e1784f07f2446f4ce5845cfdefc,data_video/raw/archive_candidates/airfryer-033.mp4,b3faa51963f29e704f6fd9c2e3e57f4b4a1cd2772c44eabf99d92e850287ba8c,ffmpeg_scene_score,0.32,2,2026-07-23T17:58:53.986273+00:00,success,
airfryer-033-scene-0078,airfryer-033,566.066,570.971,4.905,data_video/processed/airfryer-033/clips/airfryer-033-scene-0078.mp4,309048,e69e015761f65c7a625d13887553f9da044bf981f3376885e8a406613c30e666,data_video/raw/archive_candidates/airfryer-033.mp4,b3faa51963f29e704f6fd9c2e3e57f4b4a1cd2772c44eabf99d92e850287ba8c,ffmpeg_scene_score,0.32,2,2026-07-23T17:58:56.310778+00:00,success,
airfryer-033-scene-0079,airfryer-033,570.971,575.809,4.838,data_video/processed/airfryer-033/clips/airfryer-033-scene-0079.mp4,450305,18003ac72cbcf9946d5976e7b7f065b806f70ecfd588bf3655d71ac101876c8e,data_video/raw/archive_candidates/airfryer-033.mp4,b3faa51963f29e704f6fd9c2e3e57f4b4a1cd2772c44eabf99d92e850287ba8c,ffmpeg_scene_score,0.32,2,2026-07-23T17:58:58.453410+00:00,success,
airfryer-033-scene-0080,airfryer-033,575.809,582.115,6.306,data_video/processed/airfryer-033/clips/airfryer-033-scene-0080.mp4,553025,1c700ac63b49a6ea579c0dff7c4077235a15490721f5cd52bdf70f3f47a2cca8,data_video/raw/archive_candidates/airfryer-033.mp4,b3faa51963f29e704f6fd9c2e3e57f4b4a1cd2772c44eabf99d92e850287ba8c,ffmpeg_scene_score,0.32,2,2026-07-23T17:59:01.075361+00:00,success,
airfryer-033-scene-0081,airfryer-033,582.115,589.022,6.907,data_video/processed/airfryer-033/clips/airfryer-033-scene-0081.mp4,630015,b126bfc09ad69b3515aed8649b6483fa8a3fea8ef0dc97da80270616242bf485,data_video/raw/archive_candidates/airfryer-033.mp4,b3faa51963f29e704f6fd9c2e3e57f4b4a1cd2772c44eabf99d92e850287ba8c,ffmpeg_scene_score,0.32,2,2026-07-23T17:59:03.982804+00:00,success,
airfryer-033-scene-0082,airfryer-033,589.022,594.595,5.572,data_video/processed/airfryer-033/clips/airfryer-033-scene-0082.mp4,485574,e6f2273bd911253ffa1d45991a4056cac1338d2ab0900d7ac04f7bcd759e3ee8,data_video/raw/archive_candidates/airfryer-033.mp4,b3faa51963f29e704f6fd9c2e3e57f4b4a1cd2772c44eabf99d92e850287ba8c,ffmpeg_scene_score,0.32,2,2026-07-23T17:59:06.637731+00:00,success,
airfryer-033-scene-0083,airfryer-033,594.595,600.801,6.206,data_video/processed/airfryer-033/clips/airfryer-033-scene-0083.mp4,449362,0f6e215644b033fddf24a1b0c09f39db2b64d3d0f44b519058df5489cad8a6e3,data_video/raw/archive_candidates/airfryer-033.mp4,b3faa51963f29e704f6fd9c2e3e57f4b4a1cd2772c44eabf99d92e850287ba8c,ffmpeg_scene_score,0.32,2,2026-07-23T17:59:09.069906+00:00,success,
airfryer-033-scene-0084,airfryer-033,600.801,606.206,5.405,data_video/processed/airfryer-033/clips/airfryer-033-scene-0084.mp4,273805,f744890bc94bfb86aa182a34e82caed73d810523b4756f32f44ef2fa0a978bb8,data_video/raw/archive_candidates/airfryer-033.mp4,b3faa51963f29e704f6fd9c2e3e57f4b4a1cd2772c44eabf99d92e850287ba8c,ffmpeg_scene_score,0.32,2,2026-07-23T17:59:11.039200+00:00,success,
airfryer-033-scene-0085,airfryer-033,606.206,614.982,8.775,data_video/processed/airfryer-033/clips/airfryer-033-scene-0085.mp4,339099,c82fdff47b554f97a82c18f991a8caa0223197f7a42e72cf46054e282d09bf1a,data_video/raw/archive_candidates/airfryer-033.mp4,b3faa51963f29e704f6fd9c2e3e57f4b4a1cd2772c44eabf99d92e850287ba8c,ffmpeg_scene_score,0.32,2,2026-07-23T17:59:13.640529+00:00,success,
airfryer-033-scene-0086,airfryer-033,614.982,626.293,11.311,data_video/processed/airfryer-033/clips/airfryer-033-scene-0086.mp4,675359,801fd12800904ec723a8971cdbc08bb293e1ef5890a30a998a98b1366c02e6f5,data_video/raw/archive_candidates/airfryer-033.mp4,b3faa51963f29e704f6fd9c2e3e57f4b4a1cd2772c44eabf99d92e850287ba8c,ffmpeg_scene_score,0.32,2,2026-07-23T17:59:16.498203+00:00,success,
airfryer-033-scene-0087,airfryer-033,626.293,629.263,2.970,data_video/processed/airfryer-033/clips/airfryer-033-scene-0087.mp4,185297,933eb5e90d8fc205c1defc73f2656dbe835200ceba144ae5d1e32987fad22c19,data_video/raw/archive_candidates/airfryer-033.mp4,b3faa51963f29e704f6fd9c2e3e57f4b4a1cd2772c44eabf99d92e850287ba8c,ffmpeg_scene_score,0.32,2,2026-07-23T17:59:17.990522+00:00,success,
airfryer-033-scene-0088,airfryer-033,629.263,636.336,7.074,data_video/processed/airfryer-033/clips/airfryer-033-scene-0088.mp4,539545,447d454a62746df64ab88806bb6dfa172269b55c78d076aba4059f4558bd02c7,data_video/raw/archive_candidates/airfryer-033.mp4,b3faa51963f29e704f6fd9c2e3e57f4b4a1cd2772c44eabf99d92e850287ba8c,ffmpeg_scene_score,0.32,2,2026-07-23T17:59:20.690155+00:00,success,
airfryer-033-scene-0089,airfryer-033,636.336,644.344,8.008,data_video/processed/airfryer-033/clips/airfryer-033-scene-0089.mp4,484424,4f0f8fd8f776f008ec55c059ce295bea2e5c8e56c07a2b719034136a2d4065c6,data_video/raw/archive_candidates/airfryer-033.mp4,b3faa51963f29e704f6fd9c2e3e57f4b4a1cd2772c44eabf99d92e850287ba8c,ffmpeg_scene_score,0.32,2,2026-07-23T17:59:23.214537+00:00,success,
airfryer-033-scene-0090,airfryer-033,644.344,650.951,6.607,data_video/processed/airfryer-033/clips/airfryer-033-scene-0090.mp4,390045,08b33c2cb35405ba2f28a5e69f773812d62374f183a4332c33771d7ec0458910,data_video/raw/archive_candidates/airfryer-033.mp4,b3faa51963f29e704f6fd9c2e3e57f4b4a1cd2772c44eabf99d92e850287ba8c,ffmpeg_scene_score,0.32,2,2026-07-23T17:59:25.830563+00:00,success,
airfryer-033-scene-0091,airfryer-033,650.951,653.020,2.069,data_video/processed/airfryer-033/clips/airfryer-033-scene-0091.mp4,130240,0b970bb06277c63d52489303d0bb5e1afbad9fee62d45b717088426fc9779ac1,data_video/raw/archive_candidates/airfryer-033.mp4,b3faa51963f29e704f6fd9c2e3e57f4b4a1cd2772c44eabf99d92e850287ba8c,ffmpeg_scene_score,0.32,2,2026-07-23T17:59:27.035202+00:00,success,
airfryer-033-scene-0092,airfryer-033,653.020,655.622,2.603,data_video/processed/airfryer-033/clips/airfryer-033-scene-0092.mp4,139777,5460184d91f3c1827fd5d81f0e69dc77766fb71d9dba4e30d94331cb0fcbc929,data_video/raw/archive_candidates/airfryer-033.mp4,b3faa51963f29e704f6fd9c2e3e57f4b4a1cd2772c44eabf99d92e850287ba8c,ffmpeg_scene_score,0.32,2,2026-07-23T17:59:28.445168+00:00,success,
airfryer-033-scene-0093,airfryer-033,655.622,662.996,7.374,data_video/processed/airfryer-033/clips/airfryer-033-scene-0093.mp4,702611,7dbbe6b37b4923a71f66f3158ebdf2a56b4711391c4468ebee831c71efbaac0e,data_video/raw/archive_candidates/airfryer-033.mp4,b3faa51963f29e704f6fd9c2e3e57f4b4a1cd2772c44eabf99d92e850287ba8c,ffmpeg_scene_score,0.32,2,2026-07-23T17:59:31.327212+00:00,success,
airfryer-033-scene-0094,airfryer-033,662.996,666.733,3.737,data_video/processed/airfryer-033/clips/airfryer-033-scene-0094.mp4,215223,484ae40ebd1e15ccbd8d518138a602e8bae84b861dfff7949284438b7578712e,data_video/raw/archive_candidates/airfryer-033.mp4,b3faa51963f29e704f6fd9c2e3e57f4b4a1cd2772c44eabf99d92e850287ba8c,ffmpeg_scene_score,0.32,2,2026-07-23T17:59:33.082184+00:00,success,
airfryer-033-scene-0095,airfryer-033,666.733,691.358,24.625,data_video/processed/airfryer-033/clips/airfryer-033-scene-0095.mp4,854482,47699ea2d0814c91c1cb514815cf68a771d42d1608fd51d7624a75299e0ce8e2,data_video/raw/archive_candidates/airfryer-033.mp4,b3faa51963f29e704f6fd9c2e3e57f4b4a1cd2772c44eabf99d92e850287ba8c,ffmpeg_scene_score,0.32,2,2026-07-23T17:59:37.804124+00:00,success,
airfryer-033-scene-0096,airfryer-033,691.358,695.562,4.204,data_video/processed/airfryer-033/clips/airfryer-033-scene-0096.mp4,142889,f64c3ccf2e244e91101d1f27ea40e34f6a537e6842ca6b2b2eb14e1d2fd1c4fa,data_video/raw/archive_candidates/airfryer-033.mp4,b3faa51963f29e704f6fd9c2e3e57f4b4a1cd2772c44eabf99d92e850287ba8c,ffmpeg_scene_score,0.32,2,2026-07-23T17:59:39.382574+00:00,success,
airfryer-033-scene-0097,airfryer-033,695.562,703.637,8.075,data_video/processed/airfryer-033/clips/airfryer-033-scene-0097.mp4,501595,d105d81f3c8bb44e5b8bf5bcab873c2ce2a7d8d314ebd8c356b4985c278f7f1b,data_video/raw/archive_candidates/airfryer-033.mp4,b3faa51963f29e704f6fd9c2e3e57f4b4a1cd2772c44eabf99d92e850287ba8c,ffmpeg_scene_score,0.32,2,2026-07-23T17:59:42.130722+00:00,success,
airfryer-033-scene-0098,airfryer-033,703.637,722.823,19.186,data_video/processed/airfryer-033/clips/airfryer-033-scene-0098.mp4,555968,9bb13e39eef3c8f2a62874a89944a222e68e311d1bb2a05dad27fd19ff31e012,data_video/raw/archive_candidates/airfryer-033.mp4,b3faa51963f29e704f6fd9c2e3e57f4b4a1cd2772c44eabf99d92e850287ba8c,ffmpeg_scene_score,0.32,2,2026-07-23T17:59:45.418584+00:00,success,
airfryer-033-scene-0099,airfryer-033,722.823,751.385,28.562,data_video/processed/airfryer-033/clips/airfryer-033-scene-0099.mp4,875038,83638c9a9c130400772541ef195dd94a4b389cd6e61e8e978a726a5418de619f,data_video/raw/archive_candidates/airfryer-033.mp4,b3faa51963f29e704f6fd9c2e3e57f4b4a1cd2772c44eabf99d92e850287ba8c,ffmpeg_scene_score,0.32,2,2026-07-23T17:59:50.329135+00:00,success,
airfryer-033-scene-0100,airfryer-033,751.385,773.040,21.655,data_video/processed/airfryer-033/clips/airfryer-033-scene-0100.mp4,1083177,9e86b16c86bf9dadb9a4432f94d5de1b1ee744379edbb8ca331d4b39b18e43ce,data_video/raw/archive_candidates/airfryer-033.mp4,b3faa51963f29e704f6fd9c2e3e57f4b4a1cd2772c44eabf99d92e850287ba8c,ffmpeg_scene_score,0.32,2,2026-07-23T17:59:55.223474+00:00,success,
airfryer-033-scene-0101,airfryer-033,773.040,781.281,8.242,data_video/processed/airfryer-033/clips/airfryer-033-scene-0101.mp4,279881,df8a2412e59c188fc864a00f402f189c90a4d4fd42530bbd7ce2577d683381c0,data_video/raw/archive_candidates/airfryer-033.mp4,b3faa51963f29e704f6fd9c2e3e57f4b4a1cd2772c44eabf99d92e850287ba8c,ffmpeg_scene_score,0.32,2,2026-07-23T17:59:57.423675+00:00,success,
airfryer-033-scene-0102,airfryer-033,781.281,785.519,4.238,data_video/processed/airfryer-033/clips/airfryer-033-scene-0102.mp4,192890,80ff8f97af22fdf6631ee08ab6719050c2ccbbdfd8bc72b8cfa4e54843e91b8d,data_video/raw/archive_candidates/airfryer-033.mp4,b3faa51963f29e704f6fd9c2e3e57f4b4a1cd2772c44eabf99d92e850287ba8c,ffmpeg_scene_score,0.32,2,2026-07-23T17:59:59.234799+00:00,success,
airfryer-033-scene-0103,airfryer-033,785.519,790.157,4.638,data_video/processed/airfryer-033/clips/airfryer-033-scene-0103.mp4,217419,1757ac03762c6204dcd0597d6b79bcef2e230319a66ef77edb152a41e5928c3d,data_video/raw/archive_candidates/airfryer-033.mp4,b3faa51963f29e704f6fd9c2e3e57f4b4a1cd2772c44eabf99d92e850287ba8c,ffmpeg_scene_score,0.32,2,2026-07-23T18:00:01.140504+00:00,success,
airfryer-033-scene-0104,airfryer-033,790.157,803.871,13.714,data_video/processed/airfryer-033/clips/airfryer-033-scene-0104.mp4,565705,5b793139e6f46ff6a48a37cd23fae90f414d6c1024eebe089686a8ddf633638d,data_video/raw/archive_candidates/airfryer-033.mp4,b3faa51963f29e704f6fd9c2e3e57f4b4a1cd2772c44eabf99d92e850287ba8c,ffmpeg_scene_score,0.32,2,2026-07-23T18:00:04.200497+00:00,success,
airfryer-033-scene-0105,airfryer-033,803.871,814.414,10.544,data_video/processed/airfryer-033/clips/airfryer-033-scene-0105.mp4,361957,f362843363a2bc82269f3c5902d2246f792ab16209b36ddd2b2a646c74a2ae15,data_video/raw/archive_candidates/airfryer-033.mp4,b3faa51963f29e704f6fd9c2e3e57f4b4a1cd2772c44eabf99d92e850287ba8c,ffmpeg_scene_score,0.32,2,2026-07-23T18:00:06.698727+00:00,success,
airfryer-033-scene-0106,airfryer-033,814.414,818.151,3.737,data_video/processed/airfryer-033/clips/airfryer-033-scene-0106.mp4,171961,d4a65a56f8281b94fd255f9d311034a955564a6a5e1d907ee480bff88b6ba11f,data_video/raw/archive_candidates/airfryer-033.mp4,b3faa51963f29e704f6fd9c2e3e57f4b4a1cd2772c44eabf99d92e850287ba8c,ffmpeg_scene_score,0.32,2,2026-07-23T18:00:08.299127+00:00,success,
airfryer-033-scene-0107,airfryer-033,818.151,821.321,3.170,data_video/processed/airfryer-033/clips/airfryer-033-scene-0107.mp4,126372,e2695895b7505adb6772f2bf7e24c98cbdecd1d29ff43fdefc4882c9c50d75e5,data_video/raw/archive_candidates/airfryer-033.mp4,b3faa51963f29e704f6fd9c2e3e57f4b4a1cd2772c44eabf99d92e850287ba8c,ffmpeg_scene_score,0.32,2,2026-07-23T18:00:09.740640+00:00,success,
airfryer-033-scene-0108,airfryer-033,821.321,849.082,27.761,data_video/processed/airfryer-033/clips/airfryer-033-scene-0108.mp4,874868,4fe279e97c6d39e553a1fadee4cc82cc22a247d5595f5598874f88e312cefe1c,data_video/raw/archive_candidates/airfryer-033.mp4,b3faa51963f29e704f6fd9c2e3e57f4b4a1cd2772c44eabf99d92e850287ba8c,ffmpeg_scene_score,0.32,2,2026-07-23T18:00:14.379275+00:00,success,
airfryer-033-scene-0109,airfryer-033,849.082,851.418,2.336,data_video/processed/airfryer-033/clips/airfryer-033-scene-0109.mp4,78745,44b50ceff9d997979168ad3e9f3ac7ab84417b3d1acec551274d7abf862df563,data_video/raw/archive_candidates/airfryer-033.mp4,b3faa51963f29e704f6fd9c2e3e57f4b4a1cd2772c44eabf99d92e850287ba8c,ffmpeg_scene_score,0.32,2,2026-07-23T18:00:15.584505+00:00,success,
airfryer-033-scene-0110,airfryer-033,851.418,867.100,15.682,data_video/processed/airfryer-033/clips/airfryer-033-scene-0110.mp4,516031,89705b4756e65ae71f03786bc5c0f097d0bd7109b258fd987820c215d609b40a,data_video/raw/archive_candidates/airfryer-033.mp4,b3faa51963f29e704f6fd9c2e3e57f4b4a1cd2772c44eabf99d92e850287ba8c,ffmpeg_scene_score,0.32,2,2026-07-23T18:00:19.024307+00:00,success,
airfryer-033-scene-0111,airfryer-033,867.100,870.537,3.437,data_video/processed/airfryer-033/clips/airfryer-033-scene-0111.mp4,164424,589ef6f956972a74c609909f32b88bc1cdcbdea2d3d33ccf61d8a7b75d93f4d9,data_video/raw/archive_candidates/airfryer-033.mp4,b3faa51963f29e704f6fd9c2e3e57f4b4a1cd2772c44eabf99d92e850287ba8c,ffmpeg_scene_score,0.32,2,2026-07-23T18:00:20.676964+00:00,success,
airfryer-033-scene-0112,airfryer-033,870.537,889.823,19.286,data_video/processed/airfryer-033/clips/airfryer-033-scene-0112.mp4,634317,b9c01a59ea292f47c70ea67f4ee5ba2c82d80de0760023d24c528152f08444d7,data_video/raw/archive_candidates/airfryer-033.mp4,b3faa51963f29e704f6fd9c2e3e57f4b4a1cd2772c44eabf99d92e850287ba8c,ffmpeg_scene_score,0.32,2,2026-07-23T18:00:24.786633+00:00,success,
airfryer-033-scene-0113,airfryer-033,889.823,892.159,2.336,data_video/processed/airfryer-033/clips/airfryer-033-scene-0113.mp4,123200,e445028d578f0c3d57c0a852580135ae43d7c4cf92f561af68c83029ffedb0dd,data_video/raw/archive_candidates/airfryer-033.mp4,b3faa51963f29e704f6fd9c2e3e57f4b4a1cd2772c44eabf99d92e850287ba8c,ffmpeg_scene_score,0.32,2,2026-07-23T18:00:26.094182+00:00,success,
airfryer-033-scene-0114,airfryer-033,892.159,897.364,5.205,data_video/processed/airfryer-033/clips/airfryer-033-scene-0114.mp4,174963,fb7f1d7986fae2d8144474911641f0292c90213467b59f8483e65698648e6c7b,data_video/raw/archive_candidates/airfryer-033.mp4,b3faa51963f29e704f6fd9c2e3e57f4b4a1cd2772c44eabf99d92e850287ba8c,ffmpeg_scene_score,0.32,2,2026-07-23T18:00:28.044697+00:00,success,
airfryer-033-scene-0115,airfryer-033,897.364,902.202,4.838,data_video/processed/airfryer-033/clips/airfryer-033-scene-0115.mp4,230434,a7c3c353d83d7c793d50cced643451db97421921e07ccf4260b096ac7e53718f,data_video/raw/archive_candidates/airfryer-033.mp4,b3faa51963f29e704f6fd9c2e3e57f4b4a1cd2772c44eabf99d92e850287ba8c,ffmpeg_scene_score,0.32,2,2026-07-23T18:00:30.134103+00:00,success,
airfryer-033-scene-0116,airfryer-033,902.202,910.077,7.875,data_video/processed/airfryer-033/clips/airfryer-033-scene-0116.mp4,220027,bd6863eece1261f37fc01982f0667c76fecc66810f0edf13f66d89c25ca8e4b1,data_video/raw/archive_candidates/airfryer-033.mp4,b3faa51963f29e704f6fd9c2e3e57f4b4a1cd2772c44eabf99d92e850287ba8c,ffmpeg_scene_score,0.32,2,2026-07-23T18:00:32.387960+00:00,success,
airfryer-033-scene-0117,airfryer-033,910.077,914.781,4.705,data_video/processed/airfryer-033/clips/airfryer-033-scene-0117.mp4,197251,b7f3bc246600cd58766c93b1771ece4609c2a9ee5e518fc51b1144341c6ec6c7,data_video/raw/archive_candidates/airfryer-033.mp4,b3faa51963f29e704f6fd9c2e3e57f4b4a1cd2772c44eabf99d92e850287ba8c,ffmpeg_scene_score,0.32,2,2026-07-23T18:00:34.394173+00:00,success,
airfryer-033-scene-0118,airfryer-033,914.781,922.155,7.374,data_video/processed/airfryer-033/clips/airfryer-033-scene-0118.mp4,339256,f6269ddacf68de4b05bc0fb5ad26471e0e3e555a34c5e9fab99b62091f856159,data_video/raw/archive_candidates/airfryer-033.mp4,b3faa51963f29e704f6fd9c2e3e57f4b4a1cd2772c44eabf99d92e850287ba8c,ffmpeg_scene_score,0.32,2,2026-07-23T18:00:37.278979+00:00,success,
airfryer-033-scene-0119,airfryer-033,922.155,929.329,7.174,data_video/processed/airfryer-033/clips/airfryer-033-scene-0119.mp4,507504,8a73f297578d159231d16da3540a3304f49b91a6bcb6e0b55d577ed219910914,data_video/raw/archive_candidates/airfryer-033.mp4,b3faa51963f29e704f6fd9c2e3e57f4b4a1cd2772c44eabf99d92e850287ba8c,ffmpeg_scene_score,0.32,2,2026-07-23T18:00:40.420240+00:00,success,
airfryer-033-scene-0120,airfryer-033,929.329,932.866,3.537,data_video/processed/airfryer-033/clips/airfryer-033-scene-0120.mp4,233123,38bc3d1d52ec374c2c15c69ba4545b0dc2d5815f588b61e1b563743f945e4ea4,data_video/raw/archive_candidates/airfryer-033.mp4,b3faa51963f29e704f6fd9c2e3e57f4b4a1cd2772c44eabf99d92e850287ba8c,ffmpeg_scene_score,0.32,2,2026-07-23T18:00:42.192503+00:00,success,
airfryer-033-scene-0121,airfryer-033,932.866,935.936,3.070,data_video/processed/airfryer-033/clips/airfryer-033-scene-0121.mp4,304512,667b812c17727ab3ecd98ea380e7fd269e2198da57bee664db0b9e36b64fd5e0,data_video/raw/archive_candidates/airfryer-033.mp4,b3faa51963f29e704f6fd9c2e3e57f4b4a1cd2772c44eabf99d92e850287ba8c,ffmpeg_scene_score,0.32,2,2026-07-23T18:00:43.937645+00:00,success,
airfryer-033-scene-0122,airfryer-033,935.936,957.257,21.321,data_video/processed/airfryer-033/clips/airfryer-033-scene-0122.mp4,1544699,0c712cdd8238aae10a71183e33b57ff0b621fe1a901d347d8583b79c4f913e5c,data_video/raw/archive_candidates/airfryer-033.mp4,b3faa51963f29e704f6fd9c2e3e57f4b4a1cd2772c44eabf99d92e850287ba8c,ffmpeg_scene_score,0.32,2,2026-07-23T18:00:50.358249+00:00,success,
airfryer-033-scene-0123,airfryer-033,957.257,984.051,26.793,data_video/processed/airfryer-033/clips/airfryer-033-scene-0123.mp4,1966114,76bf615a7f2029b84ee72e0e0ca4695d2a5315ea26d0e9a11846ee4a25ec62a2,data_video/raw/archive_candidates/airfryer-033.mp4,b3faa51963f29e704f6fd9c2e3e57f4b4a1cd2772c44eabf99d92e850287ba8c,ffmpeg_scene_score,0.32,2,2026-07-23T18:00:58.104190+00:00,success,
airfryer-033-scene-0124,airfryer-033,984.051,988.922,4.872,data_video/processed/airfryer-033/clips/airfryer-033-scene-0124.mp4,346627,92bbc3a40dd4eb4a6cf3f80ef0792e40ed403233497839c2087c543dc138e240,data_video/raw/archive_candidates/airfryer-033.mp4,b3faa51963f29e704f6fd9c2e3e57f4b4a1cd2772c44eabf99d92e850287ba8c,ffmpeg_scene_score,0.32,2,2026-07-23T18:01:00.194758+00:00,success,
airfryer-033-scene-0125,airfryer-033,988.922,994.795,5.873,data_video/processed/airfryer-033/clips/airfryer-033-scene-0125.mp4,517251,02372592c770b66a28ea0a3c841e1dd82bf2206426ce9cd69b3cc9d2c05d0733,data_video/raw/archive_candidates/airfryer-033.mp4,b3faa51963f29e704f6fd9c2e3e57f4b4a1cd2772c44eabf99d92e850287ba8c,ffmpeg_scene_score,0.32,2,2026-07-23T18:01:02.696530+00:00,success,
airfryer-033-scene-0126,airfryer-033,994.795,1000.534,5.739,data_video/processed/airfryer-033/clips/airfryer-033-scene-0126.mp4,462318,59a0c3b0cd177811d79d244a97df62598672b9f004813058858940f1366a1d9b,data_video/raw/archive_candidates/airfryer-033.mp4,b3faa51963f29e704f6fd9c2e3e57f4b4a1cd2772c44eabf99d92e850287ba8c,ffmpeg_scene_score,0.32,2,2026-07-23T18:01:05.066639+00:00,success,
airfryer-033-scene-0127,airfryer-033,1000.534,1004.338,3.804,data_video/processed/airfryer-033/clips/airfryer-033-scene-0127.mp4,217016,c0e8edbe63735edfefadad3d79e6f35c9ba5712d9a74ac445005ff3abcd519dd,data_video/raw/archive_candidates/airfryer-033.mp4,b3faa51963f29e704f6fd9c2e3e57f4b4a1cd2772c44eabf99d92e850287ba8c,ffmpeg_scene_score,0.32,2,2026-07-23T18:01:06.905882+00:00,success,
airfryer-033-scene-0128,airfryer-033,1004.338,1018.252,13.914,data_video/processed/airfryer-033/clips/airfryer-033-scene-0128.mp4,855415,b978a26a1fecefc34c9f54ab81830c81d3c97bf70e062302d49b7990c4d2d2e5,data_video/raw/archive_candidates/airfryer-033.mp4,b3faa51963f29e704f6fd9c2e3e57f4b4a1cd2772c44eabf99d92e850287ba8c,ffmpeg_scene_score,0.32,2,2026-07-23T18:01:11.680560+00:00,success,
airfryer-033-scene-0129,airfryer-033,1018.252,1045.612,27.361,data_video/processed/airfryer-033/clips/airfryer-033-scene-0129.mp4,2026252,11bf41db96fe5140a50a9b828504360a36c595af277ca455cd14ea5695733982,data_video/raw/archive_candidates/airfryer-033.mp4,b3faa51963f29e704f6fd9c2e3e57f4b4a1cd2772c44eabf99d92e850287ba8c,ffmpeg_scene_score,0.32,2,2026-07-23T18:01:19.474612+00:00,success,
airfryer-033-scene-0130,airfryer-033,1045.612,1047.814,2.202,data_video/processed/airfryer-033/clips/airfryer-033-scene-0130.mp4,181053,38ac1acff8af99a5590aff2f3a89586f801ab5a44b8cc8c15454d9dfc13114cf,data_video/raw/archive_candidates/airfryer-033.mp4,b3faa51963f29e704f6fd9c2e3e57f4b4a1cd2772c44eabf99d92e850287ba8c,ffmpeg_scene_score,0.32,2,2026-07-23T18:01:20.865460+00:00,success,
airfryer-033-scene-0131,airfryer-033,1047.814,1061.895,14.081,data_video/processed/airfryer-033/clips/airfryer-033-scene-0131.mp4,1049794,66f1f59220e477acd41ed2cf29d8ee2bce9965349308741ab648e55a14065607,data_video/raw/archive_candidates/airfryer-033.mp4,b3faa51963f29e704f6fd9c2e3e57f4b4a1cd2772c44eabf99d92e850287ba8c,ffmpeg_scene_score,0.32,2,2026-07-23T18:01:25.398807+00:00,success,
airfryer-033-scene-0132,airfryer-033,1061.895,1086.386,24.491,data_video/processed/airfryer-033/clips/airfryer-033-scene-0132.mp4,1507290,b98bb8466487f8dba583d500e7b8c99c2a8fee5ca364ed306e539ff671bc2acc,data_video/raw/archive_candidates/airfryer-033.mp4,b3faa51963f29e704f6fd9c2e3e57f4b4a1cd2772c44eabf99d92e850287ba8c,ffmpeg_scene_score,0.32,2,2026-07-23T18:01:32.485890+00:00,success,
airfryer-033-scene-0133,airfryer-033,1086.386,1088.555,2.169,data_video/processed/airfryer-033/clips/airfryer-033-scene-0133.mp4,143353,8a92ca87678894ce07e879b86e53be2fde940f3eb2a373a20a8d092fc566ac33,data_video/raw/archive_candidates/airfryer-033.mp4,b3faa51963f29e704f6fd9c2e3e57f4b4a1cd2772c44eabf99d92e850287ba8c,ffmpeg_scene_score,0.32,2,2026-07-23T18:01:34.034211+00:00,success,
airfryer-033-scene-0134,airfryer-033,1088.555,1127.995,39.439,data_video/processed/airfryer-033/clips/airfryer-033-scene-0134.mp4,2881287,1e3e683f8a04cc5ed5ebb1752185d71162cdca11abc0d927ff2d25202289e67a,data_video/raw/archive_candidates/airfryer-033.mp4,b3faa51963f29e704f6fd9c2e3e57f4b4a1cd2772c44eabf99d92e850287ba8c,ffmpeg_scene_score,0.32,2,2026-07-23T18:01:45.260285+00:00,success,
airfryer-033-scene-0135,airfryer-033,1127.995,1155.822,27.828,data_video/processed/airfryer-033/clips/airfryer-033-scene-0135.mp4,2493560,18f092f0e49381ab071ee0e95f2ccd195581301080a968cf15312a6928d7ad17,data_video/raw/archive_candidates/airfryer-033.mp4,b3faa51963f29e704f6fd9c2e3e57f4b4a1cd2772c44eabf99d92e850287ba8c,ffmpeg_scene_score,0.32,2,2026-07-23T18:01:53.687673+00:00,success,
airfryer-033-scene-0136,airfryer-033,1155.822,1161.395,5.572,data_video/processed/airfryer-033/clips/airfryer-033-scene-0136.mp4,539701,56229f60312be03d18e549a6960be54cc3a91741a4f929235abd3a8695519e03,data_video/raw/archive_candidates/airfryer-033.mp4,b3faa51963f29e704f6fd9c2e3e57f4b4a1cd2772c44eabf99d92e850287ba8c,ffmpeg_scene_score,0.32,2,2026-07-23T18:01:56.227582+00:00,success,
airfryer-033-scene-0137,airfryer-033,1161.395,1169.336,7.941,data_video/processed/airfryer-033/clips/airfryer-033-scene-0137.mp4,608212,0c518bffe9cb4371fec23a028dbb53a32c8636b4d4ff5078abea47b0f49f5bf7,data_video/raw/archive_candidates/airfryer-033.mp4,b3faa51963f29e704f6fd9c2e3e57f4b4a1cd2772c44eabf99d92e850287ba8c,ffmpeg_scene_score,0.32,2,2026-07-23T18:01:59.313719+00:00,success,
airfryer-033-scene-0138,airfryer-033,1169.336,1194.328,24.992,data_video/processed/airfryer-033/clips/airfryer-033-scene-0138.mp4,2073820,8df9c1ecd19bb15bf93eb346e2a48c9e4ae1c129b3b43cb78d93ea5098af61e5,data_video/raw/archive_candidates/airfryer-033.mp4,b3faa51963f29e704f6fd9c2e3e57f4b4a1cd2772c44eabf99d92e850287ba8c,ffmpeg_scene_score,0.32,2,2026-07-23T18:02:07.190479+00:00,success,
airfryer-033-scene-0139,airfryer-033,1194.328,1206.907,12.579,data_video/processed/airfryer-033/clips/airfryer-033-scene-0139.mp4,967426,a57385bb6110c7591e255adf79a52ff3dee3f0e14dfe8ebde79ead7edf9c200b,data_video/raw/archive_candidates/airfryer-033.mp4,b3faa51963f29e704f6fd9c2e3e57f4b4a1cd2772c44eabf99d92e850287ba8c,ffmpeg_scene_score,0.32,2,2026-07-23T18:02:11.305874+00:00,success,
airfryer-033-scene-0140,airfryer-033,1206.907,1222.289,15.382,data_video/processed/airfryer-033/clips/airfryer-033-scene-0140.mp4,1118467,e5b7d79ed00b285d04ffd1386c6ac108e297ba2b79010c0265fbeb34884146c2,data_video/raw/archive_candidates/airfryer-033.mp4,b3faa51963f29e704f6fd9c2e3e57f4b4a1cd2772c44eabf99d92e850287ba8c,ffmpeg_scene_score,0.32,2,2026-07-23T18:02:15.807616+00:00,success,
airfryer-033-scene-0141,airfryer-033,1222.289,1263.030,40.741,data_video/processed/airfryer-033/clips/airfryer-033-scene-0141.mp4,2865911,e7875c2a90dd25795f0cd3a2ef93fa8f62c517bd8b6d402fab8789bcddd47ab3,data_video/raw/archive_candidates/airfryer-033.mp4,b3faa51963f29e704f6fd9c2e3e57f4b4a1cd2772c44eabf99d92e850287ba8c,ffmpeg_scene_score,0.32,2,2026-07-23T18:02:27.423184+00:00,success,
airfryer-033-scene-0142,airfryer-033,1263.030,1282.749,19.720,data_video/processed/airfryer-033/clips/airfryer-033-scene-0142.mp4,1859820,b3dd9945fc2caf682549300e3945ad2321880b17f6c81f1f9c65d83e2b78d4cd,data_video/raw/archive_candidates/airfryer-033.mp4,b3faa51963f29e704f6fd9c2e3e57f4b4a1cd2772c44eabf99d92e850287ba8c,ffmpeg_scene_score,0.32,2,2026-07-23T18:02:33.909119+00:00,success,
airfryer-033-scene-0143,airfryer-033,1282.749,1288.755,6.006,data_video/processed/airfryer-033/clips/airfryer-033-scene-0143.mp4,675719,ccd653674fda66eb91b6ba295f67257a255a8251c2e21c1000681515a216da23,data_video/raw/archive_candidates/airfryer-033.mp4,b3faa51963f29e704f6fd9c2e3e57f4b4a1cd2772c44eabf99d92e850287ba8c,ffmpeg_scene_score,0.32,2,2026-07-23T18:02:36.456463+00:00,success,
airfryer-033-scene-0144,airfryer-033,1288.755,1295.963,7.207,data_video/processed/airfryer-033/clips/airfryer-033-scene-0144.mp4,570158,2d58c96176464225cd5ef892787efbe5ba40f35d20c57e3c2411790af5e33a88,data_video/raw/archive_candidates/airfryer-033.mp4,b3faa51963f29e704f6fd9c2e3e57f4b4a1cd2772c44eabf99d92e850287ba8c,ffmpeg_scene_score,0.32,2,2026-07-23T18:02:39.704147+00:00,success,
airfryer-033-scene-0145,airfryer-033,1295.963,1302.035,6.073,data_video/processed/airfryer-033/clips/airfryer-033-scene-0145.mp4,652513,535952966540baa0551bc1ac3d5eecb58983f6fedd3e2faf247eb9195911cd2e,data_video/raw/archive_candidates/airfryer-033.mp4,b3faa51963f29e704f6fd9c2e3e57f4b4a1cd2772c44eabf99d92e850287ba8c,ffmpeg_scene_score,0.32,2,2026-07-23T18:02:42.169776+00:00,success,
airfryer-033-scene-0146,airfryer-033,1302.035,1305.639,3.604,data_video/processed/airfryer-033/clips/airfryer-033-scene-0146.mp4,358907,140a5adcc4fc0c58de99c52a3b1060b58b69d60979e3b5788878f4129c39c6ce,data_video/raw/archive_candidates/airfryer-033.mp4,b3faa51963f29e704f6fd9c2e3e57f4b4a1cd2772c44eabf99d92e850287ba8c,ffmpeg_scene_score,0.32,2,2026-07-23T18:02:44.123991+00:00,success,
airfryer-033-scene-0147,airfryer-033,1305.639,1312.045,6.406,data_video/processed/airfryer-033/clips/airfryer-033-scene-0147.mp4,679669,15f8b8080e12f01d1480a402718b30f8be4b204e1aebf4e8a4d4f549c078918f,data_video/raw/archive_candidates/airfryer-033.mp4,b3faa51963f29e704f6fd9c2e3e57f4b4a1cd2772c44eabf99d92e850287ba8c,ffmpeg_scene_score,0.32,2,2026-07-23T18:02:47.128740+00:00,success,
airfryer-033-scene-0148,airfryer-033,1312.045,1314.581,2.536,data_video/processed/airfryer-033/clips/airfryer-033-scene-0148.mp4,197306,db80aad8d769eca93c0a6e2337a513e542c1f2bf25b1a81bd1b96c110191c741,data_video/raw/archive_candidates/airfryer-033.mp4,b3faa51963f29e704f6fd9c2e3e57f4b4a1cd2772c44eabf99d92e850287ba8c,ffmpeg_scene_score,0.32,2,2026-07-23T18:02:48.722741+00:00,success,
airfryer-033-scene-0149,airfryer-033,1314.581,1319.119,4.538,data_video/processed/airfryer-033/clips/airfryer-033-scene-0149.mp4,493855,19e914dd98db9b34948ea3825d0ecbba5cd261ed27f6fc7a6bdfdc22b42f0953,data_video/raw/archive_candidates/airfryer-033.mp4,b3faa51963f29e704f6fd9c2e3e57f4b4a1cd2772c44eabf99d92e850287ba8c,ffmpeg_scene_score,0.32,2,2026-07-23T18:02:50.960505+00:00,success,
airfryer-033-scene-0150,airfryer-033,1319.119,1324.858,5.739,data_video/processed/airfryer-033/clips/airfryer-033-scene-0150.mp4,409492,bad997c3ef14b140b9cdbcdb29494b2131e4f77713974d7016cde099c913a0af,data_video/raw/archive_candidates/airfryer-033.mp4,b3faa51963f29e704f6fd9c2e3e57f4b4a1cd2772c44eabf99d92e850287ba8c,ffmpeg_scene_score,0.32,2,2026-07-23T18:02:53.589886+00:00,success,
airfryer-033-scene-0151,airfryer-033,1324.858,1338.539,13.680,data_video/processed/airfryer-033/clips/airfryer-033-scene-0151.mp4,1335120,ac1cb38745336eb6838d3d1b5190f83d9b805192ca54d69ae21e75bdead1f632,data_video/raw/archive_candidates/airfryer-033.mp4,b3faa51963f29e704f6fd9c2e3e57f4b4a1cd2772c44eabf99d92e850287ba8c,ffmpeg_scene_score,0.32,2,2026-07-23T18:02:58.495884+00:00,success,
airfryer-033-scene-0152,airfryer-033,1338.539,1375.409,36.870,data_video/processed/airfryer-033/clips/airfryer-033-scene-0152.mp4,2092574,0e08df314c25b83cf090f547975768491ff69a40de5009b761bca9fbff898755,data_video/raw/archive_candidates/airfryer-033.mp4,b3faa51963f29e704f6fd9c2e3e57f4b4a1cd2772c44eabf99d92e850287ba8c,ffmpeg_scene_score,0.32,2,2026-07-23T18:03:08.235685+00:00,success,
airfryer-033-scene-0153,airfryer-033,1375.409,1381.481,6.073,data_video/processed/airfryer-033/clips/airfryer-033-scene-0153.mp4,434892,75d8f0bb33bc9a9c240b979464f0757e8f1c45b5c9bdf8314d811db6277e540d,data_video/raw/archive_candidates/airfryer-033.mp4,b3faa51963f29e704f6fd9c2e3e57f4b4a1cd2772c44eabf99d92e850287ba8c,ffmpeg_scene_score,0.32,2,2026-07-23T18:03:10.604388+00:00,success,
airfryer-033-scene-0154,airfryer-033,1381.481,1385.419,3.937,data_video/processed/airfryer-033/clips/airfryer-033-scene-0154.mp4,209670,c3d48cdc2e1e1e04fd8b79b7edff1d86b5ccc36cf7021677cd6d155856f8e7a4,data_video/raw/archive_candidates/airfryer-033.mp4,b3faa51963f29e704f6fd9c2e3e57f4b4a1cd2772c44eabf99d92e850287ba8c,ffmpeg_scene_score,0.32,2,2026-07-23T18:03:12.580303+00:00,success,
airfryer-033-scene-0155,airfryer-033,1385.419,1389.523,4.104,data_video/processed/airfryer-033/clips/airfryer-033-scene-0155.mp4,226662,102ad8212e80aae6da60c710d51f882a668d6217ee9dc954308f61bcd654c5fd,data_video/raw/archive_candidates/airfryer-033.mp4,b3faa51963f29e704f6fd9c2e3e57f4b4a1cd2772c44eabf99d92e850287ba8c,ffmpeg_scene_score,0.32,2,2026-07-23T18:03:14.543542+00:00,success,
airfryer-033-scene-0156,airfryer-033,1389.523,1391.658,2.135,data_video/processed/airfryer-033/clips/airfryer-033-scene-0156.mp4,113039,acb252e5f0d42302a5f1e84d731581c342c0f9eb367e2e81941192e8b8271d22,data_video/raw/archive_candidates/airfryer-033.mp4,b3faa51963f29e704f6fd9c2e3e57f4b4a1cd2772c44eabf99d92e850287ba8c,ffmpeg_scene_score,0.32,2,2026-07-23T18:03:15.998663+00:00,success,
airfryer-033-scene-0157,airfryer-033,1391.658,1408.108,16.450,data_video/processed/airfryer-033/clips/airfryer-033-scene-0157.mp4,531434,2a4e9b22870d41f9832d3471c94929418164fa06986b5aa26ec81cb676d63842,data_video/raw/archive_candidates/airfryer-033.mp4,b3faa51963f29e704f6fd9c2e3e57f4b4a1cd2772c44eabf99d92e850287ba8c,ffmpeg_scene_score,0.32,2,2026-07-23T18:03:19.915176+00:00,success,
airfryer-033-scene-0158,airfryer-033,1408.108,1415.382,7.274,data_video/processed/airfryer-033/clips/airfryer-033-scene-0158.mp4,717452,bc690046b231fb9f5cbb26173c92335fe69b3718327b6f035026f894c8fd82b4,data_video/raw/archive_candidates/airfryer-033.mp4,b3faa51963f29e704f6fd9c2e3e57f4b4a1cd2772c44eabf99d92e850287ba8c,ffmpeg_scene_score,0.32,2,2026-07-23T18:03:22.759064+00:00,success,
airfryer-033-scene-0159,airfryer-033,1415.382,1424.925,9.543,data_video/processed/airfryer-033/clips/airfryer-033-scene-0159.mp4,919742,7327c2da057ed6236d975d94478075e2c3a5c13b4c7f1388aa64e8a7976ad5a3,data_video/raw/archive_candidates/airfryer-033.mp4,b3faa51963f29e704f6fd9c2e3e57f4b4a1cd2772c44eabf99d92e850287ba8c,ffmpeg_scene_score,0.32,2,2026-07-23T18:03:26.623157+00:00,success,
airfryer-033-scene-0160,airfryer-033,1424.925,1432.399,7.474,data_video/processed/airfryer-033/clips/airfryer-033-scene-0160.mp4,1085857,adc2b3eeb3895134b3df6c4441c10ac972f7d73eeee697e61e199c2270290fd9,data_video/raw/archive_candidates/airfryer-033.mp4,b3faa51963f29e704f6fd9c2e3e57f4b4a1cd2772c44eabf99d92e850287ba8c,ffmpeg_scene_score,0.32,2,2026-07-23T18:03:29.934916+00:00,success,
airfryer-033-scene-0161,airfryer-033,1432.399,1437.404,5.005,data_video/processed/airfryer-033/clips/airfryer-033-scene-0161.mp4,686423,9859d472b632d966f7259f14a9c803d00e7235775891ff6d85e1fe15a176f71d,data_video/raw/archive_candidates/airfryer-033.mp4,b3faa51963f29e704f6fd9c2e3e57f4b4a1cd2772c44eabf99d92e850287ba8c,ffmpeg_scene_score,0.32,2,2026-07-23T18:03:32.371109+00:00,success,
airfryer-033-scene-0162,airfryer-033,1437.404,1457.658,20.254,data_video/processed/airfryer-033/clips/airfryer-033-scene-0162.mp4,1683739,74bfca2edd55b5c0b22c77193937d1d433f2681df3ecc9ecf4b76357ab7ba926,data_video/raw/archive_candidates/airfryer-033.mp4,b3faa51963f29e704f6fd9c2e3e57f4b4a1cd2772c44eabf99d92e850287ba8c,ffmpeg_scene_score,0.32,2,2026-07-23T18:03:39.297211+00:00,success,
airfryer-033-scene-0163,airfryer-033,1457.658,1460.060,2.402,data_video/processed/airfryer-033/clips/airfryer-033-scene-0163.mp4,252678,42a93c479db3c554847d4ac9b21e86bd8fa43fb0968e1ba006f29f3ec6e52617,data_video/raw/archive_candidates/airfryer-033.mp4,b3faa51963f29e704f6fd9c2e3e57f4b4a1cd2772c44eabf99d92e850287ba8c,ffmpeg_scene_score,0.32,2,2026-07-23T18:03:40.734626+00:00,success,
airfryer-033-scene-0164,airfryer-033,1460.060,1467.267,7.207,data_video/processed/airfryer-033/clips/airfryer-033-scene-0164.mp4,625653,b520cc1804487cad09dd346a9869bd52c6f9bb642796b7fa233949cfc18e3859,data_video/raw/archive_candidates/airfryer-033.mp4,b3faa51963f29e704f6fd9c2e3e57f4b4a1cd2772c44eabf99d92e850287ba8c,ffmpeg_scene_score,0.32,2,2026-07-23T18:03:43.974361+00:00,success,
airfryer-033-scene-0165,airfryer-033,1467.267,1470.671,3.403,data_video/processed/airfryer-033/clips/airfryer-033-scene-0165.mp4,312214,c57397920ce89eccc788e4c5928c2d6378a6f138d732d18a6e7c92e99e579589,data_video/raw/archive_candidates/airfryer-033.mp4,b3faa51963f29e704f6fd9c2e3e57f4b4a1cd2772c44eabf99d92e850287ba8c,ffmpeg_scene_score,0.32,2,2026-07-23T18:03:45.842407+00:00,success,
airfryer-033-scene-0166,airfryer-033,1470.671,1478.912,8.242,data_video/processed/airfryer-033/clips/airfryer-033-scene-0166.mp4,929841,26439d117219764b6b898bf0ccbfe855e589fc3f142db5add2b7cce5ca5a71d3,data_video/raw/archive_candidates/airfryer-033.mp4,b3faa51963f29e704f6fd9c2e3e57f4b4a1cd2772c44eabf99d92e850287ba8c,ffmpeg_scene_score,0.32,2,2026-07-23T18:03:48.823093+00:00,success,
airfryer-033-scene-0167,airfryer-033,1478.912,1487.087,8.175,data_video/processed/airfryer-033/clips/airfryer-033-scene-0167.mp4,624486,7b266ba278e6c2f59a93035f9c720492ffb4659527c7e6aceb20b41d671c4b5a,data_video/raw/archive_candidates/airfryer-033.mp4,b3faa51963f29e704f6fd9c2e3e57f4b4a1cd2772c44eabf99d92e850287ba8c,ffmpeg_scene_score,0.32,2,2026-07-23T18:03:52.270539+00:00,success,
airfryer-033-scene-0168,airfryer-033,1487.087,1588.956,101.869,data_video/processed/airfryer-033/clips/airfryer-033-scene-0168.mp4,6396116,657b7c1540be13187e9193522baee53b570e1fd102afd3503154648d2bb01aab,data_video/raw/archive_candidates/airfryer-033.mp4,b3faa51963f29e704f6fd9c2e3e57f4b4a1cd2772c44eabf99d92e850287ba8c,ffmpeg_scene_score,0.32,2,2026-07-23T18:04:17.421775+00:00,success,
airfryer-033-scene-0169,airfryer-033,1588.956,1602.620,13.664,data_video/processed/airfryer-033/clips/airfryer-033-scene-0169.mp4,319014,b0f321b2ad0da3ff67ff3cc7f8d95010243a333c8212ec3a22f9395072cec828,data_video/raw/archive_candidates/airfryer-033.mp4,b3faa51963f29e704f6fd9c2e3e57f4b4a1cd2772c44eabf99d92e850287ba8c,ffmpeg_scene_score,0.32,2,2026-07-23T18:04:20.464801+00:00,success,
camera-001-scene-0001,camera-001,0.000,3.351,3.351,data_video/processed/camera-001/clips/camera-001-scene-0001.mp4,51626,25003cbdbfca53df645de855bfac310f888b0a1ca62a9d1218017c1e78a8a6d7,data_video/raw/authorized_sources/camera-001.webm,871b69bf09dda7c6f7b865bc58cf2d942d802273536877d5d6a1a58fced1d6fb,ffmpeg_scene_score,0.32,2,2026-07-22T12:45:35.616281+00:00,success,
camera-001-scene-0002,camera-001,3.351,16.631,13.280,data_video/processed/camera-001/clips/camera-001-scene-0002.mp4,662676,08205acaf12254add2e052cdad3a76b8d0203d1f2591fb231f1a58c55de430fc,data_video/raw/authorized_sources/camera-001.webm,871b69bf09dda7c6f7b865bc58cf2d942d802273536877d5d6a1a58fced1d6fb,ffmpeg_scene_score,0.32,2,2026-07-22T12:45:39.781468+00:00,success,
camera-001-scene-0003,camera-001,16.631,20.635,4.004,data_video/processed/camera-001/clips/camera-001-scene-0003.mp4,430448,f868a14033d209b44c898b737ab5614dc01bd71bfca805f2d931c2d0dafc09dc,data_video/raw/authorized_sources/camera-001.webm,871b69bf09dda7c6f7b865bc58cf2d942d802273536877d5d6a1a58fced1d6fb,ffmpeg_scene_score,0.32,2,2026-07-22T12:45:41.405679+00:00,success,
camera-001-scene-0004,camera-001,20.635,24.672,4.037,data_video/processed/camera-001/clips/camera-001-scene-0004.mp4,278798,205da64402276cc20707c288f2c2a2b3e607a6ed940fa3270dd09512c072623f,data_video/raw/authorized_sources/camera-001.webm,871b69bf09dda7c6f7b865bc58cf2d942d802273536877d5d6a1a58fced1d6fb,ffmpeg_scene_score,0.32,2,2026-07-22T12:45:42.951111+00:00,success,
camera-001-scene-0005,camera-001,24.672,32.947,8.275,data_video/processed/camera-001/clips/camera-001-scene-0005.mp4,575673,20ac8b8a7f92733c77a584097374fe8e24d1bea72f43a97e03eb5d72bb2d214b,data_video/raw/authorized_sources/camera-001.webm,871b69bf09dda7c6f7b865bc58cf2d942d802273536877d5d6a1a58fced1d6fb,ffmpeg_scene_score,0.32,2,2026-07-22T12:45:45.212994+00:00,success,
camera-001-scene-0006,camera-001,32.947,42.757,9.810,data_video/processed/camera-001/clips/camera-001-scene-0006.mp4,335292,feb29ae0a0c4309cf668a11f34dbc5ce2ca127f93a895316fa589a2b9b54c204,data_video/raw/authorized_sources/camera-001.webm,871b69bf09dda7c6f7b865bc58cf2d942d802273536877d5d6a1a58fced1d6fb,ffmpeg_scene_score,0.32,2,2026-07-22T12:45:47.410602+00:00,success,
camera-001-scene-0007,camera-001,42.757,266.070,223.313,data_video/processed/camera-001/clips/camera-001-scene-0007.mp4,10444150,6432bb90802e30eae3e59181d27d6a4e7580deb5c2d4a27cc27c3e72327a0ea3,data_video/raw/authorized_sources/camera-001.webm,871b69bf09dda7c6f7b865bc58cf2d942d802273536877d5d6a1a58fced1d6fb,ffmpeg_scene_score,0.32,2,2026-07-22T12:46:28.036716+00:00,success,
espresso-001-scene-0001,espresso-001,0.000,2.035,2.035,data_video/processed/espresso-001/clips/espresso-001-scene-0001.mp4,20213,d2fe4e000f1a30d3f63cf85dda87131b554a34ed00afb3f82464196dc49476e7,data_video/raw/authorized_sources/espresso-001.ogv,1853f8dce07b802dc9ba4ce8a9e217baf53aed62b55dc53c7f21b07a876c860c,ffmpeg_scene_score,0.32,2,2026-07-22T12:46:31.395208+00:00,success,
espresso-001-scene-0002,espresso-001,2.035,10.244,8.208,data_video/processed/espresso-001/clips/espresso-001-scene-0002.mp4,1412649,382cd07b82ae3eb2b3d68139f1d6f2a7a66d28dd44511bef48d3a40be185dac2,data_video/raw/authorized_sources/espresso-001.ogv,1853f8dce07b802dc9ba4ce8a9e217baf53aed62b55dc53c7f21b07a876c860c,ffmpeg_scene_score,0.32,2,2026-07-22T12:46:34.718073+00:00,success,
espresso-001-scene-0003,espresso-001,10.244,14.214,3.971,data_video/processed/espresso-001/clips/espresso-001-scene-0003.mp4,515265,a3c679f714cef301aa3a8a9b2f95b2ba0763968c08431ebd335c163a3856f956,data_video/raw/authorized_sources/espresso-001.ogv,1853f8dce07b802dc9ba4ce8a9e217baf53aed62b55dc53c7f21b07a876c860c,ffmpeg_scene_score,0.32,2,2026-07-22T12:46:36.511584+00:00,success,
espresso-001-scene-0004,espresso-001,14.214,18.685,4.471,data_video/processed/espresso-001/clips/espresso-001-scene-0004.mp4,712498,0a6e91ddc4a354cc29eb76c3d44548a8919b5558ede02ad2fc999d3c6b8ef14c,data_video/raw/authorized_sources/espresso-001.ogv,1853f8dce07b802dc9ba4ce8a9e217baf53aed62b55dc53c7f21b07a876c860c,ffmpeg_scene_score,0.32,2,2026-07-22T12:46:38.480071+00:00,success,
espresso-001-scene-0005,espresso-001,18.685,23.590,4.905,data_video/processed/espresso-001/clips/espresso-001-scene-0005.mp4,1105640,da6026f1477c6aa00f185b6a6201bc4e03f88d75e0665b5391179d291febad5c,data_video/raw/authorized_sources/espresso-001.ogv,1853f8dce07b802dc9ba4ce8a9e217baf53aed62b55dc53c7f21b07a876c860c,ffmpeg_scene_score,0.32,2,2026-07-22T12:46:40.789018+00:00,success,
espresso-001-scene-0006,espresso-001,23.590,25.759,2.169,data_video/processed/espresso-001/clips/espresso-001-scene-0006.mp4,567501,bb6be74228808abedfa988347624d1ef5dd306e23a1d4483b129b56ff06b2483,data_video/raw/authorized_sources/espresso-001.ogv,1853f8dce07b802dc9ba4ce8a9e217baf53aed62b55dc53c7f21b07a876c860c,ffmpeg_scene_score,0.32,2,2026-07-22T12:46:42.439060+00:00,success,
espresso-001-scene-0007,espresso-001,25.759,32.666,6.907,data_video/processed/espresso-001/clips/espresso-001-scene-0007.mp4,2074201,7c4a86e8c0c928133997c698364ffb28238fdd4e73ac3cdba5fdb8918f93daa6,data_video/raw/authorized_sources/espresso-001.ogv,1853f8dce07b802dc9ba4ce8a9e217baf53aed62b55dc53c7f21b07a876c860c,ffmpeg_scene_score,0.32,2,2026-07-22T12:46:45.657295+00:00,success,
espresso-001-scene-0008,espresso-001,32.666,47.014,14.348,data_video/processed/espresso-001/clips/espresso-001-scene-0008.mp4,2100294,e10e5ad47253da4b9efd77ae0ec1a10174298ed1bdc79d9dc44fdace3cc59618,data_video/raw/authorized_sources/espresso-001.ogv,1853f8dce07b802dc9ba4ce8a9e217baf53aed62b55dc53c7f21b07a876c860c,ffmpeg_scene_score,0.32,2,2026-07-22T12:46:50.410934+00:00,success,
espresso-001-scene-0009,espresso-001,47.014,54.340,7.326,data_video/processed/espresso-001/clips/espresso-001-scene-0009.mp4,137853,f8f658d41a248570e06334513c1326bd2691932fbf18f925adf3b8d5035ba809,data_video/raw/authorized_sources/espresso-001.ogv,1853f8dce07b802dc9ba4ce8a9e217baf53aed62b55dc53c7f21b07a876c860c,ffmpeg_scene_score,0.32,2,2026-07-22T12:46:52.885410+00:00,success,
espresso-002-scene-0001,espresso-002,0.000,44.680,44.680,data_video/processed/espresso-002/clips/espresso-002-scene-0001.mp4,2667910,312cc2037064e6ef55389a26984f746c2f9a31b753fa070db84fa2e602ee4878,data_video/raw/authorized_sources/espresso-002.ogv,5e3701e9a1d0caa489016d208cc66270048eddbc5bb2d0ccb0a3b26a419ce3b9,ffmpeg_scene_score,0.32,2,2026-07-22T12:47:07.704972+00:00,success,
espresso-003-scene-0001,espresso-003,0.000,140.950,140.950,data_video/processed/espresso-003/clips/espresso-003-scene-0001.mp4,35760086,fb07d7c9a848fd21cd3e7b68ffeebfc5292cc33f8a94ae1a689fb17552f3f794,data_video/raw/authorized_sources/espresso-003.webm,02f11c27554694f09d275df37d7b26e7d9eb7424f97cb07a9cff901c5491efc3,ffmpeg_scene_score,0.32,2,2026-07-22T12:48:50.152049+00:00,success,
espresso-004-scene-0001,espresso-004,0.000,32.213,32.213,data_video/processed/espresso-004/clips/espresso-004-scene-0001.mp4,1542333,3a2a6a36375cf48e07b07fa624d0d158b70aca303aa082b1b6aca99044352bda,data_video/raw/candidate_sources/espresso-004.webm,cd09ba95b536437322a1bc161abbcb32281b8e1fe4ec0fb849542d39ff9e302d,ffmpeg_scene_score,0.32,2,2026-07-22T12:49:01.834046+00:00,success,
espresso-004-scene-0002,espresso-004,32.213,34.382,2.169,data_video/processed/espresso-004/clips/espresso-004-scene-0002.mp4,137659,559a8c97057d270fde237a7847b679e857a71276d9a80dda8ee173bf5617edd1,data_video/raw/candidate_sources/espresso-004.webm,cd09ba95b536437322a1bc161abbcb32281b8e1fe4ec0fb849542d39ff9e302d,ffmpeg_scene_score,0.32,2,2026-07-22T12:49:02.961198+00:00,success,
espresso-004-scene-0003,espresso-004,34.382,37.718,3.336,data_video/processed/espresso-004/clips/espresso-004-scene-0003.mp4,228786,14e99986611c2937dafa4b47224c367508acece6680172b330c10661ae47df39,data_video/raw/candidate_sources/espresso-004.webm,cd09ba95b536437322a1bc161abbcb32281b8e1fe4ec0fb849542d39ff9e302d,ffmpeg_scene_score,0.32,2,2026-07-22T12:49:04.173148+00:00,success,
espresso-004-scene-0004,espresso-004,37.718,40.972,3.254,data_video/processed/espresso-004/clips/espresso-004-scene-0004.mp4,162655,94e4baa90185a53386c4304199d37b3312ddc7907f48a1801539c78ab45ef9b8,data_video/raw/candidate_sources/espresso-004.webm,cd09ba95b536437322a1bc161abbcb32281b8e1fe4ec0fb849542d39ff9e302d,ffmpeg_scene_score,0.32,2,2026-07-22T12:49:05.582095+00:00,success,
espresso-004-scene-0005,espresso-004,40.972,45.518,4.546,data_video/processed/espresso-004/clips/espresso-004-scene-0005.mp4,319704,053d3d3d29122a37de337cfdf756c6cd9a8d905a5e4d84572ce3e427d7aa247f,data_video/raw/candidate_sources/espresso-004.webm,cd09ba95b536437322a1bc161abbcb32281b8e1fe4ec0fb849542d39ff9e302d,ffmpeg_scene_score,0.32,2,2026-07-22T12:49:07.281842+00:00,success,
espresso-004-scene-0006,espresso-004,45.518,48.855,3.337,data_video/processed/espresso-004/clips/espresso-004-scene-0006.mp4,323218,14d86dd8115a895b9c9beba9fe2e84ee6e9857b4fec4cccc2d88c36fd12b1d0a,data_video/raw/candidate_sources/espresso-004.webm,cd09ba95b536437322a1bc161abbcb32281b8e1fe4ec0fb849542d39ff9e302d,ffmpeg_scene_score,0.32,2,2026-07-22T12:49:08.931630+00:00,success,
espresso-004-scene-0007,espresso-004,48.855,51.983,3.128,data_video/processed/espresso-004/clips/espresso-004-scene-0007.mp4,252635,119281b65cc9a3d9207974aeed17397c62b1fe6970146849718724f68e1e07bb,data_video/raw/candidate_sources/espresso-004.webm,cd09ba95b536437322a1bc161abbcb32281b8e1fe4ec0fb849542d39ff9e302d,ffmpeg_scene_score,0.32,2,2026-07-22T12:49:10.170380+00:00,success,
espresso-004-scene-0008,espresso-004,51.983,57.280,5.297,data_video/processed/espresso-004/clips/espresso-004-scene-0008.mp4,144384,9aeec653bc8613ce0758f834045c124e581c2a57df500d198f0aec08cfb6a028,data_video/raw/candidate_sources/espresso-004.webm,cd09ba95b536437322a1bc161abbcb32281b8e1fe4ec0fb849542d39ff9e302d,ffmpeg_scene_score,0.32,2,2026-07-22T12:49:12.012239+00:00,success,
espresso-004-scene-0009,espresso-004,57.280,61.742,4.462,data_video/processed/espresso-004/clips/espresso-004-scene-0009.mp4,81600,4f07292368787a993d4a0f6f31f23fbdcf2ecd6fb252f6ed71c54c09cbf5a3d9,data_video/raw/candidate_sources/espresso-004.webm,cd09ba95b536437322a1bc161abbcb32281b8e1fe4ec0fb849542d39ff9e302d,ffmpeg_scene_score,0.32,2,2026-07-22T12:49:13.683654+00:00,success,
espresso-004-scene-0010,espresso-004,61.742,66.330,4.588,data_video/processed/espresso-004/clips/espresso-004-scene-0010.mp4,117492,2f1742a09995c12293f9d92cb7a4f9afb0f11e8cc382468e91489c41f283673c,data_video/raw/candidate_sources/espresso-004.webm,cd09ba95b536437322a1bc161abbcb32281b8e1fe4ec0fb849542d39ff9e302d,ffmpeg_scene_score,0.32,2,2026-07-22T12:49:15.322561+00:00,success,
espresso-004-scene-0011,espresso-004,66.330,88.680,22.350,data_video/processed/espresso-004/clips/espresso-004-scene-0011.mp4,752034,af1c819136c9de9c10d2facc6b8da3e355a447646c526d593ad49faf413dae5b,data_video/raw/candidate_sources/espresso-004.webm,cd09ba95b536437322a1bc161abbcb32281b8e1fe4ec0fb849542d39ff9e302d,ffmpeg_scene_score,0.32,2,2026-07-22T12:49:21.098993+00:00,success,
espresso-005-scene-0001,espresso-005,0.000,55.870,55.870,data_video/processed/espresso-005/clips/espresso-005-scene-0001.mp4,3391889,6128070cf79178f25b66513a0b201e88dd1e829433385589e2ad48287f91cdce,data_video/raw/candidate_sources/espresso-005.webm,bc21ca95d53ebc6e89bc0bda6c15f03e0e842ad4c4ca4302439a52377c5d2ea7,ffmpeg_scene_score,0.32,2,2026-07-22T12:49:35.106487+00:00,success,
espresso-006-scene-0001,espresso-006,0.000,49.410,49.410,data_video/processed/espresso-006/clips/espresso-006-scene-0001.mp4,582653,73a70a5f97b2b6fb8f34b4e3dffd61b1e91612c10a76a34fbb98900d9ba6932f,data_video/raw/candidate_sources/espresso-006.webm,28a7eb41cf5436c8f07326544cbe26283ca15b734221be1bcaa8da46ddcd3fb4,ffmpeg_scene_score,0.32,2,2026-07-22T12:49:39.417887+00:00,success,
espresso-008-scene-0001,espresso-008,0.000,60.800,60.800,data_video/processed/espresso-008/clips/espresso-008-scene-0001.mp4,8470045,faba6971c4bda41aea10d391d8be192ac5b0deb6e56161ecf163fd8bec2e09d4,data_video/raw/candidate_sources/espresso-008.webm,751d98992d4fefbae1320347c13336b302194c681bc6f275451efba45f8041b8,ffmpeg_scene_score,0.32,2,2026-07-22T12:51:22.163194+00:00,success,
espresso-009-scene-0001,espresso-009,0.000,83.820,83.820,data_video/processed/espresso-009/clips/espresso-009-scene-0001.mp4,6313798,81824cf831e1972da9aced72d9bc52e10b9a43f1d12fbdd5a9c8fe960e843678,data_video/raw/candidate_sources/espresso-009.webm,8f6db2a60da5b7ef3c596daefa5347b8ef153a7225720e25d70f1d0b9e2ece09,ffmpeg_scene_score,0.32,2,2026-07-22T12:51:50.546172+00:00,success,
espresso-015-scene-0001,espresso-015,0.000,4.082,4.082,data_video/processed/espresso-015/clips/espresso-015-scene-0001.mp4,433308,ec9fab5d6a73141b8e0c2e3ea86bf20f6953402ed95b851b5a6e4245747533fa,data_video/raw/candidate_sources/espresso-015.webm,26b894a7ce6689345efe2f8373c7d8201b3c4f89696f01d551b76ad539e5370e,ffmpeg_scene_score,0.32,2,2026-07-22T12:51:55.638112+00:00,success,
espresso-015-scene-0002,espresso-015,4.082,37.448,33.366,data_video/processed/espresso-015/clips/espresso-015-scene-0002.mp4,1306006,2576ba584f9269a068368005452acb4197cce55823e757977094d31884b71538,data_video/raw/candidate_sources/espresso-015.webm,26b894a7ce6689345efe2f8373c7d8201b3c4f89696f01d551b76ad539e5370e,ffmpeg_scene_score,0.32,2,2026-07-22T12:52:01.358866+00:00,success,
espresso-015-scene-0003,espresso-015,37.448,43.150,5.702,data_video/processed/espresso-015/clips/espresso-015-scene-0003.mp4,957649,6eba0b6ed87aed90c1cf5d51a50b1ff795deb8d2422cc2232dcdcb2e41bbd5e7,data_video/raw/candidate_sources/espresso-015.webm,26b894a7ce6689345efe2f8373c7d8201b3c4f89696f01d551b76ad539e5370e,ffmpeg_scene_score,0.32,2,2026-07-22T12:52:03.443307+00:00,success,
espresso-016-scene-0001,espresso-016,0.000,2.714,2.714,data_video/processed/espresso-016/clips/espresso-016-scene-0001.mp4,234997,0e2920ef0dabab81bf32097e0bedb059913143eb480a18935b92762201163164,data_video/raw/candidate_sources/espresso-016.webm,750ac463f30e74acc91ab8d02c96658107c86a822edb18a538124c5d561f0c31,ffmpeg_scene_score,0.32,2,2026-07-22T12:52:05.872996+00:00,success,
espresso-016-scene-0002,espresso-016,2.714,4.849,2.135,data_video/processed/espresso-016/clips/espresso-016-scene-0002.mp4,158037,8ab2f15c688150d25db2a7d1b352637c838d97d7da548e35040ce79426b4c5c1,data_video/raw/candidate_sources/espresso-016.webm,750ac463f30e74acc91ab8d02c96658107c86a822edb18a538124c5d561f0c31,ffmpeg_scene_score,0.32,2,2026-07-22T12:52:06.900696+00:00,success,
espresso-016-scene-0003,espresso-016,4.849,13.391,8.542,data_video/processed/espresso-016/clips/espresso-016-scene-0003.mp4,736464,5ff4eee17204f0c46e9748aea7af8714100493f1f72a4d550e1ed0b62d168dfe,data_video/raw/candidate_sources/espresso-016.webm,750ac463f30e74acc91ab8d02c96658107c86a822edb18a538124c5d561f0c31,ffmpeg_scene_score,0.32,2,2026-07-22T12:52:09.799255+00:00,success,
espresso-016-scene-0004,espresso-016,13.391,16.120,2.729,data_video/processed/espresso-016/clips/espresso-016-scene-0004.mp4,88029,7febc84306205d46ef6d4d3dd003dc1b6625d1d613c121420c08f9cd409c7584,data_video/raw/candidate_sources/espresso-016.webm,750ac463f30e74acc91ab8d02c96658107c86a822edb18a538124c5d561f0c31,ffmpeg_scene_score,0.32,2,2026-07-22T12:52:10.693967+00:00,success,
espresso-017-scene-0001,espresso-017,0.000,574.250,574.250,data_video/processed/espresso-017/clips/espresso-017-scene-0001.mp4,207486806,61e81b3319ccf8fe936d171a3b84f3140a1eb1d2560285115cca16009860a5df,data_video/raw/archive_candidates/espresso-017.mp4,04dfe8604ca537cf1efabd8ba8565d728eafd214ba4e4ef8facfbdb861f402bd,ffmpeg_scene_score,0.32,2,2026-07-23T18:13:34.326810+00:00,success,
espresso-017-scene-0002,espresso-017,574.250,586.633,12.383,data_video/processed/espresso-017/clips/espresso-017-scene-0002.mp4,7497936,9590dce9e99ef849d80134974d7caab8ddcf4f52fae7df9830cde95a9156b2df,data_video/raw/archive_candidates/espresso-017.mp4,04dfe8604ca537cf1efabd8ba8565d728eafd214ba4e4ef8facfbdb861f402bd,ffmpeg_scene_score,0.32,2,2026-07-23T18:13:49.443396+00:00,success,
espresso-017-scene-0003,espresso-017,586.633,663.840,77.207,data_video/processed/espresso-017/clips/espresso-017-scene-0003.mp4,34799005,6979c4c98611a8dffe8c3e8d620beb4b4a7230ea378e5f6875e2058e4333564a,data_video/raw/archive_candidates/espresso-017.mp4,04dfe8604ca537cf1efabd8ba8565d728eafd214ba4e4ef8facfbdb861f402bd,ffmpeg_scene_score,0.32,2,2026-07-23T18:14:57.313245+00:00,success,
espresso-018-scene-0001,espresso-018,0.000,3.586,3.586,data_video/processed/espresso-018/clips/espresso-018-scene-0001.mp4,334310,bb333526bd94af8f51dbc77d9637b7fcab4871e15e0e8d187a2261adb0324a5e,data_video/raw/archive_candidates/espresso-018.mp4,a1be173e9a82f128c4831b6b26114cac44e9dc08b95a25fab62a7714f9f1d3af,ffmpeg_scene_score,0.32,2,2026-07-23T18:15:02.040185+00:00,success,
espresso-018-scene-0002,espresso-018,3.586,7.756,4.170,data_video/processed/espresso-018/clips/espresso-018-scene-0002.mp4,747626,5db55b0800be6e0e5e3a397da71ef1b4501373948c80f49a28f3e28f6e8ae449,data_video/raw/archive_candidates/espresso-018.mp4,a1be173e9a82f128c4831b6b26114cac44e9dc08b95a25fab62a7714f9f1d3af,ffmpeg_scene_score,0.32,2,2026-07-23T18:15:04.256476+00:00,success,
espresso-018-scene-0003,espresso-018,7.756,14.470,6.714,data_video/processed/espresso-018/clips/espresso-018-scene-0003.mp4,440500,65d5622f2d7d8e29c0693960f1f93f921006f1e3a9157235518eedde89d94871,data_video/raw/archive_candidates/espresso-018.mp4,a1be173e9a82f128c4831b6b26114cac44e9dc08b95a25fab62a7714f9f1d3af,ffmpeg_scene_score,0.32,2,2026-07-23T18:15:07.233838+00:00,success,
espresso-018-scene-0004,espresso-018,14.470,18.390,3.920,data_video/processed/espresso-018/clips/espresso-018-scene-0004.mp4,325949,6f6de09e291056124b933dc287db9728c60a6d0341af7787e6b4211d9b9b3e02,data_video/raw/archive_candidates/espresso-018.mp4,a1be173e9a82f128c4831b6b26114cac44e9dc08b95a25fab62a7714f9f1d3af,ffmpeg_scene_score,0.32,2,2026-07-23T18:15:09.184131+00:00,success,
espresso-018-scene-0005,espresso-018,18.390,21.101,2.711,data_video/processed/espresso-018/clips/espresso-018-scene-0005.mp4,250490,ab18ec3c0d0543f62997cae1ed80b35542b1bbe434f9dda4e4a314e384f6a46c,data_video/raw/archive_candidates/espresso-018.mp4,a1be173e9a82f128c4831b6b26114cac44e9dc08b95a25fab62a7714f9f1d3af,ffmpeg_scene_score,0.32,2,2026-07-23T18:15:10.962667+00:00,success,
espresso-018-scene-0006,espresso-018,21.101,24.020,2.919,data_video/processed/espresso-018/clips/espresso-018-scene-0006.mp4,223670,ac987b6025b1b513b678dae9def70e6ffb7ab4ee2f22e8e2899cd8770f6288fa,data_video/raw/archive_candidates/espresso-018.mp4,a1be173e9a82f128c4831b6b26114cac44e9dc08b95a25fab62a7714f9f1d3af,ffmpeg_scene_score,0.32,2,2026-07-23T18:15:12.510176+00:00,success,
espresso-018-scene-0007,espresso-018,24.020,28.524,4.504,data_video/processed/espresso-018/clips/espresso-018-scene-0007.mp4,405148,395c2ff53712e8249ab9b21fd0900fa610361afb83e4059032ab39a3f560dcfe,data_video/raw/archive_candidates/espresso-018.mp4,a1be173e9a82f128c4831b6b26114cac44e9dc08b95a25fab62a7714f9f1d3af,ffmpeg_scene_score,0.32,2,2026-07-23T18:15:14.865732+00:00,success,
espresso-018-scene-0008,espresso-018,28.524,31.776,3.253,data_video/processed/espresso-018/clips/espresso-018-scene-0008.mp4,277556,c8af4ef85ecb1ad95c66cd20fd76bfd03769848eaca7309b946081ef430047ac,data_video/raw/archive_candidates/espresso-018.mp4,a1be173e9a82f128c4831b6b26114cac44e9dc08b95a25fab62a7714f9f1d3af,ffmpeg_scene_score,0.32,2,2026-07-23T18:15:16.794071+00:00,success,
espresso-018-scene-0009,espresso-018,31.776,34.153,2.377,data_video/processed/espresso-018/clips/espresso-018-scene-0009.mp4,270491,71b1aa1ae430a5a308b602c8867715d9fc33c942049fafecb349d2316dd9ef72,data_video/raw/archive_candidates/espresso-018.mp4,a1be173e9a82f128c4831b6b26114cac44e9dc08b95a25fab62a7714f9f1d3af,ffmpeg_scene_score,0.32,2,2026-07-23T18:15:18.315543+00:00,success,
espresso-018-scene-0010,espresso-018,34.153,36.906,2.752,data_video/processed/espresso-018/clips/espresso-018-scene-0010.mp4,319855,5f257f58665259346b9d3bf8bb8bdbecaa4271003acb47c01e5c395119046837,data_video/raw/archive_candidates/espresso-018.mp4,a1be173e9a82f128c4831b6b26114cac44e9dc08b95a25fab62a7714f9f1d3af,ffmpeg_scene_score,0.32,2,2026-07-23T18:15:20.166084+00:00,success,
espresso-018-scene-0011,espresso-018,36.906,40.659,3.753,data_video/processed/espresso-018/clips/espresso-018-scene-0011.mp4,169559,dc6743339d802102bdbb67ae0224cd5257e797c9a3827f8e9d3c1d422ba0f46d,data_video/raw/archive_candidates/espresso-018.mp4,a1be173e9a82f128c4831b6b26114cac44e9dc08b95a25fab62a7714f9f1d3af,ffmpeg_scene_score,0.32,2,2026-07-23T18:15:21.633190+00:00,success,
espresso-018-scene-0012,espresso-018,40.659,44.412,3.753,data_video/processed/espresso-018/clips/espresso-018-scene-0012.mp4,199900,cb99261e5308d515e4232a1907a307e0b13c11ebd21e7939edf680986a919d35,data_video/raw/archive_candidates/espresso-018.mp4,a1be173e9a82f128c4831b6b26114cac44e9dc08b95a25fab62a7714f9f1d3af,ffmpeg_scene_score,0.32,2,2026-07-23T18:15:23.392317+00:00,success,
espresso-018-scene-0013,espresso-018,44.412,47.873,3.461,data_video/processed/espresso-018/clips/espresso-018-scene-0013.mp4,269737,361306185389324a87ea5aa3f83dc5903271a071c14a7c34d4f16826e8426c9c,data_video/raw/archive_candidates/espresso-018.mp4,a1be173e9a82f128c4831b6b26114cac44e9dc08b95a25fab62a7714f9f1d3af,ffmpeg_scene_score,0.32,2,2026-07-23T18:15:24.871168+00:00,success,
espresso-018-scene-0014,espresso-018,47.873,50.083,2.210,data_video/processed/espresso-018/clips/espresso-018-scene-0014.mp4,205355,2a4a2dc02af279590ae62130de7d08fe6ed13eb5d700907e2ec1669fe88362d9,data_video/raw/archive_candidates/espresso-018.mp4,a1be173e9a82f128c4831b6b26114cac44e9dc08b95a25fab62a7714f9f1d3af,ffmpeg_scene_score,0.32,2,2026-07-23T18:15:26.214386+00:00,success,
espresso-018-scene-0015,espresso-018,50.083,53.711,3.628,data_video/processed/espresso-018/clips/espresso-018-scene-0015.mp4,356614,c73cff5a1c6b8bc69c43cb78a36d829e8bf7221402c28c95f0397c74d0465db7,data_video/raw/archive_candidates/espresso-018.mp4,a1be173e9a82f128c4831b6b26114cac44e9dc08b95a25fab62a7714f9f1d3af,ffmpeg_scene_score,0.32,2,2026-07-23T18:15:28.131480+00:00,success,
espresso-018-scene-0016,espresso-018,53.711,55.963,2.252,data_video/processed/espresso-018/clips/espresso-018-scene-0016.mp4,288755,a7e3a7ddec25cef932de06a1ed322883df1f2efe0f40afc106cf9b67ff511268,data_video/raw/archive_candidates/espresso-018.mp4,a1be173e9a82f128c4831b6b26114cac44e9dc08b95a25fab62a7714f9f1d3af,ffmpeg_scene_score,0.32,2,2026-07-23T18:15:29.689213+00:00,success,
espresso-018-scene-0017,espresso-018,55.963,58.257,2.294,data_video/processed/espresso-018/clips/espresso-018-scene-0017.mp4,230137,8365c5e152cfbf7d72fd6353e82957c23c1e68b11cbb1cda620a98325c613bb2,data_video/raw/archive_candidates/espresso-018.mp4,a1be173e9a82f128c4831b6b26114cac44e9dc08b95a25fab62a7714f9f1d3af,ffmpeg_scene_score,0.32,2,2026-07-23T18:15:30.972013+00:00,success,
espresso-018-scene-0018,espresso-018,58.257,60.425,2.168,data_video/processed/espresso-018/clips/espresso-018-scene-0018.mp4,109674,b3f5b9eeb16f5cb29ca8efdaf2d88ed986ea7e653528c63102080fe87d107c09,data_video/raw/archive_candidates/espresso-018.mp4,a1be173e9a82f128c4831b6b26114cac44e9dc08b95a25fab62a7714f9f1d3af,ffmpeg_scene_score,0.32,2,2026-07-23T18:15:32.112883+00:00,success,
espresso-018-scene-0019,espresso-018,60.425,63.470,3.044,data_video/processed/espresso-018/clips/espresso-018-scene-0019.mp4,300940,594be6ff5aa88bec70841a40ffe6bc82597d89bdf726908d0d59f4c69d822e45,data_video/raw/archive_candidates/espresso-018.mp4,a1be173e9a82f128c4831b6b26114cac44e9dc08b95a25fab62a7714f9f1d3af,ffmpeg_scene_score,0.32,2,2026-07-23T18:15:33.612022+00:00,success,
espresso-018-scene-0020,espresso-018,63.470,66.597,3.128,data_video/processed/espresso-018/clips/espresso-018-scene-0020.mp4,376643,9a4b5eeb9fbcf9f6c382e605dfe9d1d2fa1193129ffac87164f3fe3bdd28d115,data_video/raw/archive_candidates/espresso-018.mp4,a1be173e9a82f128c4831b6b26114cac44e9dc08b95a25fab62a7714f9f1d3af,ffmpeg_scene_score,0.32,2,2026-07-23T18:15:35.272935+00:00,success,
espresso-018-scene-0021,espresso-018,66.597,69.892,3.294,data_video/processed/espresso-018/clips/espresso-018-scene-0021.mp4,194302,1a64d7a861e95e952067b61345d1340d119c3b982cf7de9f217ddc3fd7e6f4bc,data_video/raw/archive_candidates/espresso-018.mp4,a1be173e9a82f128c4831b6b26114cac44e9dc08b95a25fab62a7714f9f1d3af,ffmpeg_scene_score,0.32,2,2026-07-23T18:15:36.985098+00:00,success,
espresso-018-scene-0022,espresso-018,69.892,74.771,4.879,data_video/processed/espresso-018/clips/espresso-018-scene-0022.mp4,415137,0fb2401e8d65c13c18d20fee0dcb574414f4cb17b7e4f3d1c84a2333ffb9135f,data_video/raw/archive_candidates/espresso-018.mp4,a1be173e9a82f128c4831b6b26114cac44e9dc08b95a25fab62a7714f9f1d3af,ffmpeg_scene_score,0.32,2,2026-07-23T18:15:39.174631+00:00,success,
espresso-018-scene-0023,espresso-018,74.771,77.565,2.794,data_video/processed/espresso-018/clips/espresso-018-scene-0023.mp4,214845,635d12e6efd759cd3ceab310f930097626417e8b478263dd2dce0f196d9d2a70,data_video/raw/archive_candidates/espresso-018.mp4,a1be173e9a82f128c4831b6b26114cac44e9dc08b95a25fab62a7714f9f1d3af,ffmpeg_scene_score,0.32,2,2026-07-23T18:15:40.638039+00:00,success,
espresso-018-scene-0024,espresso-018,77.565,82.736,5.171,data_video/processed/espresso-018/clips/espresso-018-scene-0024.mp4,458897,9e8b00b7b94f6ee7db060cb6c9ac3829c48b32c502811dcbaf2c8777adfbdc7e,data_video/raw/archive_candidates/espresso-018.mp4,a1be173e9a82f128c4831b6b26114cac44e9dc08b95a25fab62a7714f9f1d3af,ffmpeg_scene_score,0.32,2,2026-07-23T18:15:43.085313+00:00,success,
espresso-018-scene-0025,espresso-018,82.736,86.572,3.837,data_video/processed/espresso-018/clips/espresso-018-scene-0025.mp4,367649,37a0645e0f3ebec9587a9edb2c3af1d121e0340942e5ff58095cb8c069adaec8,data_video/raw/archive_candidates/espresso-018.mp4,a1be173e9a82f128c4831b6b26114cac44e9dc08b95a25fab62a7714f9f1d3af,ffmpeg_scene_score,0.32,2,2026-07-23T18:15:45.127583+00:00,success,
espresso-018-scene-0026,espresso-018,86.572,93.490,6.918,data_video/processed/espresso-018/clips/espresso-018-scene-0026.mp4,183917,37769174b8ad2016ccdc6cd7b428e5949c5e30ac1330afa208aad5d29c559bdc,data_video/raw/archive_candidates/espresso-018.mp4,a1be173e9a82f128c4831b6b26114cac44e9dc08b95a25fab62a7714f9f1d3af,ffmpeg_scene_score,0.32,2,2026-07-23T18:15:47.879332+00:00,success,
espresso-040-scene-0001,espresso-040,0.000,8.640,8.640,data_video/processed/espresso-040/clips/espresso-040-scene-0001.mp4,10978207,72a9461a350d9dc68aebf211479fb8c2e0084c6bdf64eca729a1b482d7ba50c3,data_video/raw/pexels_candidates/espresso-040.mp4,9359fc489fc0eca410cb303612f5a843e2db9e708c8a8cc82afb8e4b18b88ce7,ffmpeg_scene_score,0.32,2,2026-07-23T18:16:12.651933+00:00,success,
pressure-001-scene-0001,pressure-001,0.000,120.650,120.650,data_video/processed/pressure-001/clips/pressure-001-scene-0001.mp4,6883322,e965ee90bfa1722ec02077e9f1f19abcd062c337ec8e2669dffab0479a21d4f3,data_video/raw/authorized_sources/pressure-001.webm,1fb991b801931f1b4ad9922e7f58edea0b3940f4f6364b700817e44d8ded5005,ffmpeg_scene_score,0.32,2,2026-07-22T12:52:39.244077+00:00,success,
pressure-006-scene-0001,pressure-006,0.000,2.208,2.208,data_video/processed/pressure-006/clips/pressure-006-scene-0001.mp4,84310,e88a224513d90f07476aaa2bc5ab9060b9e2dd001e70b01eaa06d7e9a032c16c,data_video/raw/archive_candidates/pressure-006.mp4,10589727dbc1c36db2bf46976ee21269c8c85c7300888fce00df6a2680214cf9,ffmpeg_scene_score,0.32,2,2026-07-22T12:52:40.890383+00:00,success,
pressure-006-scene-0002,pressure-006,2.208,4.833,2.625,data_video/processed/pressure-006/clips/pressure-006-scene-0002.mp4,103227,108b56825aecfa4d9201f5b2ae17f21ef083cea4b7ef34017514340eca82c6e3,data_video/raw/archive_candidates/pressure-006.mp4,10589727dbc1c36db2bf46976ee21269c8c85c7300888fce00df6a2680214cf9,ffmpeg_scene_score,0.32,2,2026-07-22T12:52:41.747727+00:00,success,
pressure-006-scene-0003,pressure-006,4.833,7.500,2.667,data_video/processed/pressure-006/clips/pressure-006-scene-0003.mp4,141448,d1643178838493b2d667a102f34823a41e3c9ab0ac441524c3483d5d6280995e,data_video/raw/archive_candidates/pressure-006.mp4,10589727dbc1c36db2bf46976ee21269c8c85c7300888fce00df6a2680214cf9,ffmpeg_scene_score,0.32,2,2026-07-22T12:52:42.654714+00:00,success,
pressure-006-scene-0004,pressure-006,7.500,15.083,7.583,data_video/processed/pressure-006/clips/pressure-006-scene-0004.mp4,315820,649676cc0d2aaece6abc3f5bb484b1130d3459808fd28eb046c1420749731a7c,data_video/raw/archive_candidates/pressure-006.mp4,10589727dbc1c36db2bf46976ee21269c8c85c7300888fce00df6a2680214cf9,ffmpeg_scene_score,0.32,2,2026-07-22T12:52:44.240668+00:00,success,
pressure-006-scene-0005,pressure-006,15.083,17.625,2.542,data_video/processed/pressure-006/clips/pressure-006-scene-0005.mp4,99311,109d96e537388812edee3ddf6a988f8702f3191af3f7896d7096e5f3fec2c2e5,data_video/raw/archive_candidates/pressure-006.mp4,10589727dbc1c36db2bf46976ee21269c8c85c7300888fce00df6a2680214cf9,ffmpeg_scene_score,0.32,2,2026-07-22T12:52:45.140509+00:00,success,
pressure-006-scene-0006,pressure-006,17.625,19.875,2.250,data_video/processed/pressure-006/clips/pressure-006-scene-0006.mp4,56654,8595d47e801572df732eae650f2e1565c3f0ebd09ae18e91b88ef016d3116ad9,data_video/raw/archive_candidates/pressure-006.mp4,10589727dbc1c36db2bf46976ee21269c8c85c7300888fce00df6a2680214cf9,ffmpeg_scene_score,0.32,2,2026-07-22T12:52:45.818914+00:00,success,
pressure-006-scene-0007,pressure-006,19.875,22.417,2.542,data_video/processed/pressure-006/clips/pressure-006-scene-0007.mp4,125582,01ea0ddb0eadc9b8d4c72b3d86fc71d9e1d1e80fafda02d3484e3aa0da785c4e,data_video/raw/archive_candidates/pressure-006.mp4,10589727dbc1c36db2bf46976ee21269c8c85c7300888fce00df6a2680214cf9,ffmpeg_scene_score,0.32,2,2026-07-22T12:52:46.818496+00:00,success,
pressure-006-scene-0008,pressure-006,22.417,26.042,3.625,data_video/processed/pressure-006/clips/pressure-006-scene-0008.mp4,143630,26dbffa4b8caa5d52e7c4b35936a8fd2ccf82a29d621d77615b26aae6b8ca167,data_video/raw/archive_candidates/pressure-006.mp4,10589727dbc1c36db2bf46976ee21269c8c85c7300888fce00df6a2680214cf9,ffmpeg_scene_score,0.32,2,2026-07-22T12:52:48.011500+00:00,success,
pressure-006-scene-0009,pressure-006,26.042,29.458,3.417,data_video/processed/pressure-006/clips/pressure-006-scene-0009.mp4,136408,5508c14de4b608487a629a74ad797d6ea26e7440f08fd75549e5d46087c2c1ee,data_video/raw/archive_candidates/pressure-006.mp4,10589727dbc1c36db2bf46976ee21269c8c85c7300888fce00df6a2680214cf9,ffmpeg_scene_score,0.32,2,2026-07-22T12:52:49.171144+00:00,success,
pressure-006-scene-0010,pressure-006,29.458,34.083,4.625,data_video/processed/pressure-006/clips/pressure-006-scene-0010.mp4,215469,a0d5ca53198a2ef0dac8c047d6c5769e7bec2beca1b4aa2e887a09d201d6edf1,data_video/raw/archive_candidates/pressure-006.mp4,10589727dbc1c36db2bf46976ee21269c8c85c7300888fce00df6a2680214cf9,ffmpeg_scene_score,0.32,2,2026-07-22T12:52:50.470246+00:00,success,
pressure-006-scene-0011,pressure-006,34.083,37.875,3.792,data_video/processed/pressure-006/clips/pressure-006-scene-0011.mp4,347349,ecdfcbf07590d69768cf2d702d57dd874f9b5f2f8e3d352d946abb074ba983e0,data_video/raw/archive_candidates/pressure-006.mp4,10589727dbc1c36db2bf46976ee21269c8c85c7300888fce00df6a2680214cf9,ffmpeg_scene_score,0.32,2,2026-07-22T12:52:51.511032+00:00,success,
pressure-006-scene-0012,pressure-006,37.875,40.000,2.125,data_video/processed/pressure-006/clips/pressure-006-scene-0012.mp4,73355,5ade90139f25fe86cbff9a7726eca5b59672cb419e5c68e5a495dc26c2f3286a,data_video/raw/archive_candidates/pressure-006.mp4,10589727dbc1c36db2bf46976ee21269c8c85c7300888fce00df6a2680214cf9,ffmpeg_scene_score,0.32,2,2026-07-22T12:52:52.311720+00:00,success,
pressure-006-scene-0013,pressure-006,40.000,46.042,6.042,data_video/processed/pressure-006/clips/pressure-006-scene-0013.mp4,304617,7c449b1479119f8d02329afbbc6c61a2b2e2d14367eb06471a47dc03846f697b,data_video/raw/archive_candidates/pressure-006.mp4,10589727dbc1c36db2bf46976ee21269c8c85c7300888fce00df6a2680214cf9,ffmpeg_scene_score,0.32,2,2026-07-22T12:52:53.747909+00:00,success,
pressure-006-scene-0014,pressure-006,46.042,48.083,2.042,data_video/processed/pressure-006/clips/pressure-006-scene-0014.mp4,118856,0af43739568a8d6c27624e7be881ea3f7845ce49ba836e2cf75003ff8758af24,data_video/raw/archive_candidates/pressure-006.mp4,10589727dbc1c36db2bf46976ee21269c8c85c7300888fce00df6a2680214cf9,ffmpeg_scene_score,0.32,2,2026-07-22T12:52:54.609037+00:00,success,
pressure-006-scene-0015,pressure-006,48.083,51.167,3.083,data_video/processed/pressure-006/clips/pressure-006-scene-0015.mp4,99970,16c3c7f6c770fc3d8ec8415d4ebb6f01437289776babab743ad7fac7d28e02c8,data_video/raw/archive_candidates/pressure-006.mp4,10589727dbc1c36db2bf46976ee21269c8c85c7300888fce00df6a2680214cf9,ffmpeg_scene_score,0.32,2,2026-07-22T12:52:55.464478+00:00,success,
pressure-006-scene-0016,pressure-006,51.167,53.625,2.458,data_video/processed/pressure-006/clips/pressure-006-scene-0016.mp4,96653,0e5325dac4fc3728d21c3a77f6fa602d7551326f75d6eb2f2d95514687ad5c36,data_video/raw/archive_candidates/pressure-006.mp4,10589727dbc1c36db2bf46976ee21269c8c85c7300888fce00df6a2680214cf9,ffmpeg_scene_score,0.32,2,2026-07-22T12:52:56.259603+00:00,success,
pressure-006-scene-0017,pressure-006,53.625,55.833,2.208,data_video/processed/pressure-006/clips/pressure-006-scene-0017.mp4,143736,12fdeb07164bd47c0852ecd190b22d40bcf3e1edcdf9da4d40aac0e8d1181f42,data_video/raw/archive_candidates/pressure-006.mp4,10589727dbc1c36db2bf46976ee21269c8c85c7300888fce00df6a2680214cf9,ffmpeg_scene_score,0.32,2,2026-07-22T12:52:57.188414+00:00,success,
pressure-006-scene-0018,pressure-006,55.833,59.930,4.097,data_video/processed/pressure-006/clips/pressure-006-scene-0018.mp4,47570,72dfade074db5c5f3a9877ef851ac5b92d0aee91d1fbcc75df5803f61a230cd9,data_video/raw/archive_candidates/pressure-006.mp4,10589727dbc1c36db2bf46976ee21269c8c85c7300888fce00df6a2680214cf9,ffmpeg_scene_score,0.32,2,2026-07-22T12:52:58.110354+00:00,success,
pressure-010-scene-0001,pressure-010,0.000,16.750,16.750,data_video/processed/pressure-010/clips/pressure-010-scene-0001.mp4,770411,ae2541c5960e27ef8b0e010af0d9b3cfb52323c62d864d2063ea3fffed03212c,data_video/raw/archive_candidates/pressure-010.mp4,41d0990e12aae28db4f788786354e068c25745f7ee423709ae5bae656c280e37,ffmpeg_scene_score,0.32,2,2026-07-22T12:53:10.202987+00:00,success,
pressure-010-scene-0002,pressure-010,16.750,98.031,81.281,data_video/processed/pressure-010/clips/pressure-010-scene-0002.mp4,5478250,f7d42376cc31471f4ab1ab411e90de871a9db245cb2c79ece5922c7589576a24,data_video/raw/archive_candidates/pressure-010.mp4,41d0990e12aae28db4f788786354e068c25745f7ee423709ae5bae656c280e37,ffmpeg_scene_score,0.32,2,2026-07-22T12:53:26.197223+00:00,success,
pressure-010-scene-0003,pressure-010,98.031,102.035,4.004,data_video/processed/pressure-010/clips/pressure-010-scene-0003.mp4,82968,c5b987c2e25454751d9eb6cc304ecf4f4aa77e030ebe048c40590eb43cfcc0a8,data_video/raw/archive_candidates/pressure-010.mp4,41d0990e12aae28db4f788786354e068c25745f7ee423709ae5bae656c280e37,ffmpeg_scene_score,0.32,2,2026-07-22T12:53:27.902814+00:00,success,
pressure-010-scene-0004,pressure-010,102.035,143.911,41.875,data_video/processed/pressure-010/clips/pressure-010-scene-0004.mp4,2817888,ee21cbf16a3d62ab3667f3a36cc593a83974308e1eecafff4b1217c63e9b8252,data_video/raw/archive_candidates/pressure-010.mp4,41d0990e12aae28db4f788786354e068c25745f7ee423709ae5bae656c280e37,ffmpeg_scene_score,0.32,2,2026-07-22T12:53:35.863839+00:00,success,
pressure-010-scene-0005,pressure-010,143.911,147.915,4.004,data_video/processed/pressure-010/clips/pressure-010-scene-0005.mp4,80717,ade1606af4ca195cdc523f57e24c66e9e0ce7c0064295af727cabd98d8ec5d2a,data_video/raw/archive_candidates/pressure-010.mp4,41d0990e12aae28db4f788786354e068c25745f7ee423709ae5bae656c280e37,ffmpeg_scene_score,0.32,2,2026-07-22T12:53:37.917585+00:00,success,
pressure-010-scene-0006,pressure-010,147.915,182.549,34.635,data_video/processed/pressure-010/clips/pressure-010-scene-0006.mp4,2431193,c55d51f491342b7cd4de6346b246c3534e161ad55025b708834cb81ec472a0d2,data_video/raw/archive_candidates/pressure-010.mp4,41d0990e12aae28db4f788786354e068c25745f7ee423709ae5bae656c280e37,ffmpeg_scene_score,0.32,2,2026-07-22T12:53:44.434500+00:00,success,
pressure-010-scene-0007,pressure-010,182.549,186.553,4.004,data_video/processed/pressure-010/clips/pressure-010-scene-0007.mp4,105740,4a8ce99a847a38e93fb917eccd63e15e9180a1e9ce5e68d14c8732fc1ad1fdf0,data_video/raw/archive_candidates/pressure-010.mp4,41d0990e12aae28db4f788786354e068c25745f7ee423709ae5bae656c280e37,ffmpeg_scene_score,0.32,2,2026-07-22T12:53:46.362362+00:00,success,
pressure-010-scene-0008,pressure-010,186.553,232.766,46.213,data_video/processed/pressure-010/clips/pressure-010-scene-0008.mp4,4341003,472cb98ce2cb6feb6dce8f7ed390c59c2bf9df56f29538a14f0526bf792be3d9,data_video/raw/archive_candidates/pressure-010.mp4,41d0990e12aae28db4f788786354e068c25745f7ee423709ae5bae656c280e37,ffmpeg_scene_score,0.32,2,2026-07-22T12:53:57.605773+00:00,success,
pressure-010-scene-0009,pressure-010,232.766,240.007,7.241,data_video/processed/pressure-010/clips/pressure-010-scene-0009.mp4,561823,7e32eb90c72b1ff0ab44de422ba3f495b38b48629c3056b96223eac609ff0704,data_video/raw/archive_candidates/pressure-010.mp4,41d0990e12aae28db4f788786354e068c25745f7ee423709ae5bae656c280e37,ffmpeg_scene_score,0.32,2,2026-07-22T12:54:00.207513+00:00,success,
pressure-010-scene-0010,pressure-010,240.007,251.080,11.073,data_video/processed/pressure-010/clips/pressure-010-scene-0010.mp4,447679,7e8b8bf6e2625c341b6d408990355f6cb9ad3aefaaf1d0d88ed9d689019387a1,data_video/raw/archive_candidates/pressure-010.mp4,41d0990e12aae28db4f788786354e068c25745f7ee423709ae5bae656c280e37,ffmpeg_scene_score,0.32,2,2026-07-22T12:54:02.821001+00:00,success,
pressure-011-scene-0001,pressure-011,0.000,16.049,16.049,data_video/processed/pressure-011/clips/pressure-011-scene-0001.mp4,2209884,12f2cd4dc5aa4ef4df9c23b8560a376b73e157712f6b927fbda38e14cda7f12b,data_video/raw/archive_candidates/pressure-011.mp4,3438b34413088260074ad5e5e90113a4ece35296a2c00c4e7ff3e50b2279512e,ffmpeg_scene_score,0.32,2,2026-07-22T12:54:18.975840+00:00,success,
pressure-011-scene-0002,pressure-011,16.049,21.121,5.072,data_video/processed/pressure-011/clips/pressure-011-scene-0002.mp4,278134,07e7c545fba247f350375c8ecd4749189e02a3320e7ae688405ec7f42b1f220a,data_video/raw/archive_candidates/pressure-011.mp4,3438b34413088260074ad5e5e90113a4ece35296a2c00c4e7ff3e50b2279512e,ffmpeg_scene_score,0.32,2,2026-07-22T12:54:21.046290+00:00,success,
pressure-011-scene-0003,pressure-011,21.121,26.627,5.506,data_video/processed/pressure-011/clips/pressure-011-scene-0003.mp4,310220,60acd27c4d752436b2bb0ef1c940e0f25d261da7bfc8a29180c0b525efa33ff0,data_video/raw/archive_candidates/pressure-011.mp4,3438b34413088260074ad5e5e90113a4ece35296a2c00c4e7ff3e50b2279512e,ffmpeg_scene_score,0.32,2,2026-07-22T12:54:23.176092+00:00,success,
pressure-011-scene-0004,pressure-011,26.627,34.668,8.041,data_video/processed/pressure-011/clips/pressure-011-scene-0004.mp4,650592,046fbc0216119fc94ae3e222d3167551812d0b4627d3a95683f1929092e48303,data_video/raw/archive_candidates/pressure-011.mp4,3438b34413088260074ad5e5e90113a4ece35296a2c00c4e7ff3e50b2279512e,ffmpeg_scene_score,0.32,2,2026-07-22T12:54:25.866287+00:00,success,
pressure-011-scene-0005,pressure-011,34.668,38.405,3.737,data_video/processed/pressure-011/clips/pressure-011-scene-0005.mp4,275827,e1b812c425563e29298c06926f91c4dd34cdfa661a0cecf5cf52cc66e9a23222,data_video/raw/archive_candidates/pressure-011.mp4,3438b34413088260074ad5e5e90113a4ece35296a2c00c4e7ff3e50b2279512e,ffmpeg_scene_score,0.32,2,2026-07-22T12:54:27.411333+00:00,success,
pressure-011-scene-0006,pressure-011,38.405,43.810,5.405,data_video/processed/pressure-011/clips/pressure-011-scene-0006.mp4,447375,cc7ca01a78900c73910bdf9eddf01b9e9a6592eb08f20d7cfbfe4ab88b67f36c,data_video/raw/archive_candidates/pressure-011.mp4,3438b34413088260074ad5e5e90113a4ece35296a2c00c4e7ff3e50b2279512e,ffmpeg_scene_score,0.32,2,2026-07-22T12:54:29.589734+00:00,success,
pressure-011-scene-0007,pressure-011,43.810,49.249,5.439,data_video/processed/pressure-011/clips/pressure-011-scene-0007.mp4,330007,53db263aaf54d40c538c7385f01cb61a57a01d8538b652b282fefe5f489a494e,data_video/raw/archive_candidates/pressure-011.mp4,3438b34413088260074ad5e5e90113a4ece35296a2c00c4e7ff3e50b2279512e,ffmpeg_scene_score,0.32,2,2026-07-22T12:54:31.964732+00:00,success,
pressure-011-scene-0008,pressure-011,49.249,53.353,4.104,data_video/processed/pressure-011/clips/pressure-011-scene-0008.mp4,280490,0316d7638516023a569bedc4c814017ae3c2511e18c10fd863311571da0e689c,data_video/raw/archive_candidates/pressure-011.mp4,3438b34413088260074ad5e5e90113a4ece35296a2c00c4e7ff3e50b2279512e,ffmpeg_scene_score,0.32,2,2026-07-22T12:54:33.663151+00:00,success,
pressure-011-scene-0009,pressure-011,53.353,62.196,8.842,data_video/processed/pressure-011/clips/pressure-011-scene-0009.mp4,603934,5918c12350aadebfc7271ec9e98c24534974c3336a6db11f443c2ee7f036469f,data_video/raw/archive_candidates/pressure-011.mp4,3438b34413088260074ad5e5e90113a4ece35296a2c00c4e7ff3e50b2279512e,ffmpeg_scene_score,0.32,2,2026-07-22T12:54:36.185212+00:00,success,
pressure-011-scene-0010,pressure-011,62.196,73.073,10.878,data_video/processed/pressure-011/clips/pressure-011-scene-0010.mp4,593952,4c9cf310800003ec2f049ad3566684d7e5b2735cfa476f336013c5987a838c45,data_video/raw/archive_candidates/pressure-011.mp4,3438b34413088260074ad5e5e90113a4ece35296a2c00c4e7ff3e50b2279512e,ffmpeg_scene_score,0.32,2,2026-07-22T12:54:38.894972+00:00,success,
pressure-011-scene-0011,pressure-011,73.073,86.887,13.814,data_video/processed/pressure-011/clips/pressure-011-scene-0011.mp4,797282,98571e786021bb99df7623562a0c6a941cbfedfc602032627f202a0cb2ebc15c,data_video/raw/archive_candidates/pressure-011.mp4,3438b34413088260074ad5e5e90113a4ece35296a2c00c4e7ff3e50b2279512e,ffmpeg_scene_score,0.32,2,2026-07-22T12:54:42.554157+00:00,success,
pressure-011-scene-0012,pressure-011,86.887,98.198,11.311,data_video/processed/pressure-011/clips/pressure-011-scene-0012.mp4,632482,b630cbd7b3c07678ecc1911061c2c9d6fb68bf75880e993308ac2c2a3ee15755,data_video/raw/archive_candidates/pressure-011.mp4,3438b34413088260074ad5e5e90113a4ece35296a2c00c4e7ff3e50b2279512e,ffmpeg_scene_score,0.32,2,2026-07-22T12:54:45.196403+00:00,success,
pressure-011-scene-0013,pressure-011,98.198,102.302,4.104,data_video/processed/pressure-011/clips/pressure-011-scene-0013.mp4,166561,f1e1a9846362db883fec64328e9245499ccf7fa564af6ac2b83120917ff97306,data_video/raw/archive_candidates/pressure-011.mp4,3438b34413088260074ad5e5e90113a4ece35296a2c00c4e7ff3e50b2279512e,ffmpeg_scene_score,0.32,2,2026-07-22T12:54:46.572922+00:00,success,
pressure-011-scene-0014,pressure-011,102.302,123.357,21.054,data_video/processed/pressure-011/clips/pressure-011-scene-0014.mp4,1069210,0274699318bf60b15e970a8c9f0aea1cb7eb7de2e10347e6b2aa4111a9c8ba0a,data_video/raw/archive_candidates/pressure-011.mp4,3438b34413088260074ad5e5e90113a4ece35296a2c00c4e7ff3e50b2279512e,ffmpeg_scene_score,0.32,2,2026-07-22T12:54:51.184946+00:00,success,
pressure-011-scene-0015,pressure-011,123.357,125.859,2.503,data_video/processed/pressure-011/clips/pressure-011-scene-0015.mp4,119092,622350fe277de0a01ec8d728d08e10c042a2b1a61256155e3307fb0289795f75,data_video/raw/archive_candidates/pressure-011.mp4,3438b34413088260074ad5e5e90113a4ece35296a2c00c4e7ff3e50b2279512e,ffmpeg_scene_score,0.32,2,2026-07-22T12:54:52.197236+00:00,success,
pressure-011-scene-0016,pressure-011,125.859,136.670,10.811,data_video/processed/pressure-011/clips/pressure-011-scene-0016.mp4,525863,e9bee3ca05e12e68c6306939bae98f35fb920a2040cf236fe1f04daa103a5709,data_video/raw/archive_candidates/pressure-011.mp4,3438b34413088260074ad5e5e90113a4ece35296a2c00c4e7ff3e50b2279512e,ffmpeg_scene_score,0.32,2,2026-07-22T12:54:54.465064+00:00,success,
pressure-011-scene-0017,pressure-011,136.670,143.744,7.074,data_video/processed/pressure-011/clips/pressure-011-scene-0017.mp4,558261,6b49d81c6b1ba508bdafad88d9aac10a5013b13b78f444155f01693ca8200225,data_video/raw/archive_candidates/pressure-011.mp4,3438b34413088260074ad5e5e90113a4ece35296a2c00c4e7ff3e50b2279512e,ffmpeg_scene_score,0.32,2,2026-07-22T12:54:56.873532+00:00,success,
pressure-011-scene-0018,pressure-011,143.744,147.147,3.403,data_video/processed/pressure-011/clips/pressure-011-scene-0018.mp4,249143,1221ae736c07392581284f35ff48235fd1f1c4377ef62bfbdb2944cd53f3cd59,data_video/raw/archive_candidates/pressure-011.mp4,3438b34413088260074ad5e5e90113a4ece35296a2c00c4e7ff3e50b2279512e,ffmpeg_scene_score,0.32,2,2026-07-22T12:54:58.153124+00:00,success,
pressure-011-scene-0019,pressure-011,147.147,159.760,12.613,data_video/processed/pressure-011/clips/pressure-011-scene-0019.mp4,1088922,19eae6632bf6e62e372b842ac6cc5483cbec3f4691c9bc81ec0d00dd33e78f83,data_video/raw/archive_candidates/pressure-011.mp4,3438b34413088260074ad5e5e90113a4ece35296a2c00c4e7ff3e50b2279512e,ffmpeg_scene_score,0.32,2,2026-07-22T12:55:02.266291+00:00,success,
pressure-011-scene-0020,pressure-011,159.760,163.297,3.537,data_video/processed/pressure-011/clips/pressure-011-scene-0020.mp4,250773,238cf0c6e1599081810b2232cd5b8f9d77af6b9e20b3ae07f8c89086595239ce,data_video/raw/archive_candidates/pressure-011.mp4,3438b34413088260074ad5e5e90113a4ece35296a2c00c4e7ff3e50b2279512e,ffmpeg_scene_score,0.32,2,2026-07-22T12:55:03.604964+00:00,success,
pressure-011-scene-0021,pressure-011,163.297,166.400,3.103,data_video/processed/pressure-011/clips/pressure-011-scene-0021.mp4,169472,49d0119a8d7562f27ef215ddf0a2571fa42fde7c6d8457aa5457b93ff3c18ea4,data_video/raw/archive_candidates/pressure-011.mp4,3438b34413088260074ad5e5e90113a4ece35296a2c00c4e7ff3e50b2279512e,ffmpeg_scene_score,0.32,2,2026-07-22T12:55:04.743407+00:00,success,
pressure-011-scene-0022,pressure-011,166.400,177.144,10.744,data_video/processed/pressure-011/clips/pressure-011-scene-0022.mp4,1175248,39a049c2e839d7f732464673b3e8ced13d9835aa158009f40b419f85390235b2,data_video/raw/archive_candidates/pressure-011.mp4,3438b34413088260074ad5e5e90113a4ece35296a2c00c4e7ff3e50b2279512e,ffmpeg_scene_score,0.32,2,2026-07-22T12:55:08.368095+00:00,success,
pressure-011-scene-0023,pressure-011,177.144,200.567,23.423,data_video/processed/pressure-011/clips/pressure-011-scene-0023.mp4,1165892,de0ad8a7dcf040e5994403ed98af29e925f8ea79a085e7888e0cbb494e76ef46,data_video/raw/archive_candidates/pressure-011.mp4,3438b34413088260074ad5e5e90113a4ece35296a2c00c4e7ff3e50b2279512e,ffmpeg_scene_score,0.32,2,2026-07-22T12:55:13.674944+00:00,success,
pressure-011-scene-0024,pressure-011,200.567,214.214,13.647,data_video/processed/pressure-011/clips/pressure-011-scene-0024.mp4,814923,18daea7c58be9bfb0c88e96119f4390f1a7fa8cc35cf5736e00401efd53c31cd,data_video/raw/archive_candidates/pressure-011.mp4,3438b34413088260074ad5e5e90113a4ece35296a2c00c4e7ff3e50b2279512e,ffmpeg_scene_score,0.32,2,2026-07-22T12:55:17.685283+00:00,success,
pressure-011-scene-0025,pressure-011,214.214,220.521,6.306,data_video/processed/pressure-011/clips/pressure-011-scene-0025.mp4,398119,83b87701f41fa259a6b7cee891cc6817bd120ad4fc62fc842d1961cfee0c4654,data_video/raw/archive_candidates/pressure-011.mp4,3438b34413088260074ad5e5e90113a4ece35296a2c00c4e7ff3e50b2279512e,ffmpeg_scene_score,0.32,2,2026-07-22T12:55:19.810676+00:00,success,
pressure-011-scene-0026,pressure-011,220.521,229.096,8.575,data_video/processed/pressure-011/clips/pressure-011-scene-0026.mp4,583401,8a482a3ce0eb8a9d03a3d2ddac5e0d6fe3412d00634982cb65c8316ae02d2e96,data_video/raw/archive_candidates/pressure-011.mp4,3438b34413088260074ad5e5e90113a4ece35296a2c00c4e7ff3e50b2279512e,ffmpeg_scene_score,0.32,2,2026-07-22T12:55:22.242999+00:00,success,
pressure-011-scene-0027,pressure-011,229.096,240.741,11.645,data_video/processed/pressure-011/clips/pressure-011-scene-0027.mp4,1087992,4bfe7bc00adb8d05b33d37f8ee7ad3dd0ec4f4100c2c09654fd94e95fc791534,data_video/raw/archive_candidates/pressure-011.mp4,3438b34413088260074ad5e5e90113a4ece35296a2c00c4e7ff3e50b2279512e,ffmpeg_scene_score,0.32,2,2026-07-22T12:55:25.976051+00:00,success,
pressure-011-scene-0028,pressure-011,240.741,249.249,8.509,data_video/processed/pressure-011/clips/pressure-011-scene-0028.mp4,469243,daffbb13e527d232aa6fc01d15af5351e495ca5ef832560319a6762b0da7e418,data_video/raw/archive_candidates/pressure-011.mp4,3438b34413088260074ad5e5e90113a4ece35296a2c00c4e7ff3e50b2279512e,ffmpeg_scene_score,0.32,2,2026-07-22T12:55:28.242479+00:00,success,
pressure-011-scene-0029,pressure-011,249.249,255.989,6.740,data_video/processed/pressure-011/clips/pressure-011-scene-0029.mp4,326741,1094385c3596d6460d9e842763cc86467adbf7745e8706e3ebc528306ae55424,data_video/raw/archive_candidates/pressure-011.mp4,3438b34413088260074ad5e5e90113a4ece35296a2c00c4e7ff3e50b2279512e,ffmpeg_scene_score,0.32,2,2026-07-22T12:55:30.091956+00:00,success,
pressure-011-scene-0030,pressure-011,255.989,265.365,9.376,data_video/processed/pressure-011/clips/pressure-011-scene-0030.mp4,1054906,2ed27195d35358fce00350c77620f73ed6fb1a5a3ca5084da56a38500e4676a3,data_video/raw/archive_candidates/pressure-011.mp4,3438b34413088260074ad5e5e90113a4ece35296a2c00c4e7ff3e50b2279512e,ffmpeg_scene_score,0.32,2,2026-07-22T12:55:33.455573+00:00,success,
pressure-011-scene-0031,pressure-011,265.365,268.202,2.836,data_video/processed/pressure-011/clips/pressure-011-scene-0031.mp4,155291,1bcc20221eeb080b5d3fbf83b009dd0daa75a22d4eb89e6d2b08ce8ea6cd75ec,data_video/raw/archive_candidates/pressure-011.mp4,3438b34413088260074ad5e5e90113a4ece35296a2c00c4e7ff3e50b2279512e,ffmpeg_scene_score,0.32,2,2026-07-22T12:55:34.689864+00:00,success,
pressure-011-scene-0032,pressure-011,268.202,270.637,2.436,data_video/processed/pressure-011/clips/pressure-011-scene-0032.mp4,296460,3d4d1b4709ee7e8cc682023d84ef0b9b7cf391e93fde10b81bda0233c0fd1004,data_video/raw/archive_candidates/pressure-011.mp4,3438b34413088260074ad5e5e90113a4ece35296a2c00c4e7ff3e50b2279512e,ffmpeg_scene_score,0.32,2,2026-07-22T12:55:35.926191+00:00,success,
pressure-011-scene-0033,pressure-011,270.637,273.574,2.936,data_video/processed/pressure-011/clips/pressure-011-scene-0033.mp4,192525,7bb899292b8a47a3f89a7038ed4e9e9583e784d4bca9691b02783373348c3105,data_video/raw/archive_candidates/pressure-011.mp4,3438b34413088260074ad5e5e90113a4ece35296a2c00c4e7ff3e50b2279512e,ffmpeg_scene_score,0.32,2,2026-07-22T12:55:37.328638+00:00,success,
pressure-011-scene-0034,pressure-011,273.574,316.790,43.216,data_video/processed/pressure-011/clips/pressure-011-scene-0034.mp4,2819296,b7248f052739f4f26b3ccff41caa47b3a40b96c896340f47139ea2d9968eabbd,data_video/raw/archive_candidates/pressure-011.mp4,3438b34413088260074ad5e5e90113a4ece35296a2c00c4e7ff3e50b2279512e,ffmpeg_scene_score,0.32,2,2026-07-22T12:55:45.960545+00:00,success,
pressure-012-scene-0001,pressure-012,0.000,3.704,3.704,data_video/processed/pressure-012/clips/pressure-012-scene-0001.mp4,1096373,d5a5c291311bcb70f52180e8d3163c2e8271b6966baef64687f5bf8640275aa6,data_video/raw/archive_candidates/pressure-012.mp4,bb1b50eabb76f1cf4a88adf9c7bde4aef1867a3f7cd55c9f6816ed3f12e9063c,ffmpeg_scene_score,0.32,2,2026-07-22T20:22:56.623703+00:00,success,
pressure-012-scene-0002,pressure-012,3.704,6.006,2.302,data_video/processed/pressure-012/clips/pressure-012-scene-0002.mp4,333550,bda142f4ab0f48b92f131d4188cc4906ad951d4f26500f37688579234160bc9b,data_video/raw/archive_candidates/pressure-012.mp4,bb1b50eabb76f1cf4a88adf9c7bde4aef1867a3f7cd55c9f6816ed3f12e9063c,ffmpeg_scene_score,0.32,2,2026-07-22T20:22:58.577395+00:00,success,
pressure-012-scene-0003,pressure-012,6.006,9.877,3.871,data_video/processed/pressure-012/clips/pressure-012-scene-0003.mp4,1117707,429180b46c7102dda96a5c703932264d84eac6741a1f9a93273126d04472f540,data_video/raw/archive_candidates/pressure-012.mp4,bb1b50eabb76f1cf4a88adf9c7bde4aef1867a3f7cd55c9f6816ed3f12e9063c,ffmpeg_scene_score,0.32,2,2026-07-22T20:23:01.467011+00:00,success,
pressure-012-scene-0004,pressure-012,9.877,13.514,3.637,data_video/processed/pressure-012/clips/pressure-012-scene-0004.mp4,904319,5de25656f48f2cb1b0283c1168b8df7247d7cc0aad542b0674b0d9972e22ccf8,data_video/raw/archive_candidates/pressure-012.mp4,bb1b50eabb76f1cf4a88adf9c7bde4aef1867a3f7cd55c9f6816ed3f12e9063c,ffmpeg_scene_score,0.32,2,2026-07-22T20:23:03.651530+00:00,success,
pressure-012-scene-0005,pressure-012,13.514,17.251,3.737,data_video/processed/pressure-012/clips/pressure-012-scene-0005.mp4,1311298,62a02825c30b2fe3197f340dfba805e52c94557ef1a1d3663b516e328ea7b291,data_video/raw/archive_candidates/pressure-012.mp4,bb1b50eabb76f1cf4a88adf9c7bde4aef1867a3f7cd55c9f6816ed3f12e9063c,ffmpeg_scene_score,0.32,2,2026-07-22T20:23:06.417067+00:00,success,
pressure-012-scene-0006,pressure-012,17.251,20.654,3.403,data_video/processed/pressure-012/clips/pressure-012-scene-0006.mp4,877451,21110c6a9a835bd94526bd7ddfbd19bc032ba67ed6f091dfb543e30c88b0a109,data_video/raw/archive_candidates/pressure-012.mp4,bb1b50eabb76f1cf4a88adf9c7bde4aef1867a3f7cd55c9f6816ed3f12e9063c,ffmpeg_scene_score,0.32,2,2026-07-22T20:23:08.903379+00:00,success,
pressure-012-scene-0007,pressure-012,20.654,24.024,3.370,data_video/processed/pressure-012/clips/pressure-012-scene-0007.mp4,892215,d63aa2fc7e11db8aebfa152b717a0e0afb89ef9b2f6bd1a0984c59975b0c0f1d,data_video/raw/archive_candidates/pressure-012.mp4,bb1b50eabb76f1cf4a88adf9c7bde4aef1867a3f7cd55c9f6816ed3f12e9063c,ffmpeg_scene_score,0.32,2,2026-07-22T20:23:11.092464+00:00,success,
pressure-012-scene-0008,pressure-012,24.024,27.728,3.704,data_video/processed/pressure-012/clips/pressure-012-scene-0008.mp4,1434041,15064be1e75ac57bf313260a9551eb034506541d0a725be13e4bb7d0c146fce9,data_video/raw/archive_candidates/pressure-012.mp4,bb1b50eabb76f1cf4a88adf9c7bde4aef1867a3f7cd55c9f6816ed3f12e9063c,ffmpeg_scene_score,0.32,2,2026-07-22T20:23:13.941927+00:00,success,
pressure-012-scene-0009,pressure-012,27.728,31.331,3.604,data_video/processed/pressure-012/clips/pressure-012-scene-0009.mp4,1087452,c7995ca69204946f7400ab31a178620fca36f888ef84314a6c19311bf8bb8a4d,data_video/raw/archive_candidates/pressure-012.mp4,bb1b50eabb76f1cf4a88adf9c7bde4aef1867a3f7cd55c9f6816ed3f12e9063c,ffmpeg_scene_score,0.32,2,2026-07-22T20:23:16.350286+00:00,success,
pressure-012-scene-0010,pressure-012,31.331,37.738,6.406,data_video/processed/pressure-012/clips/pressure-012-scene-0010.mp4,2299612,72daa3f79f258e4e1d25e3b32fe67a3b4e1715a1626b437e9f6085a3b5af7675,data_video/raw/archive_candidates/pressure-012.mp4,bb1b50eabb76f1cf4a88adf9c7bde4aef1867a3f7cd55c9f6816ed3f12e9063c,ffmpeg_scene_score,0.32,2,2026-07-22T20:23:19.768770+00:00,success,
pressure-012-scene-0011,pressure-012,37.738,39.840,2.102,data_video/processed/pressure-012/clips/pressure-012-scene-0011.mp4,1078659,550580920b546e39ba2c7f22eeed2a23d047a0eb18a70a9712ea5173b2e48d34,data_video/raw/archive_candidates/pressure-012.mp4,bb1b50eabb76f1cf4a88adf9c7bde4aef1867a3f7cd55c9f6816ed3f12e9063c,ffmpeg_scene_score,0.32,2,2026-07-22T20:23:21.658273+00:00,success,
pressure-012-scene-0012,pressure-012,39.840,43.477,3.637,data_video/processed/pressure-012/clips/pressure-012-scene-0012.mp4,1416271,18628e2a886d4d78af6316d7e1dca3d0a1b18b441b67bbc95e84fe9a25aa54e4,data_video/raw/archive_candidates/pressure-012.mp4,bb1b50eabb76f1cf4a88adf9c7bde4aef1867a3f7cd55c9f6816ed3f12e9063c,ffmpeg_scene_score,0.32,2,2026-07-22T20:23:24.289053+00:00,success,
pressure-012-scene-0013,pressure-012,43.477,47.281,3.804,data_video/processed/pressure-012/clips/pressure-012-scene-0013.mp4,1803871,9dbc41665e28f5a2371652abbe2af51953ba9cf6a7c121b612ba9bd032263e11,data_video/raw/archive_candidates/pressure-012.mp4,bb1b50eabb76f1cf4a88adf9c7bde4aef1867a3f7cd55c9f6816ed3f12e9063c,ffmpeg_scene_score,0.32,2,2026-07-22T20:23:26.590119+00:00,success,
pressure-012-scene-0014,pressure-012,47.281,50.884,3.604,data_video/processed/pressure-012/clips/pressure-012-scene-0014.mp4,1617408,491b13ffa67e0bdcf037f0f94a2760442d63399d6ae3d705f04a10b26a558b98,data_video/raw/archive_candidates/pressure-012.mp4,bb1b50eabb76f1cf4a88adf9c7bde4aef1867a3f7cd55c9f6816ed3f12e9063c,ffmpeg_scene_score,0.32,2,2026-07-22T20:23:28.846285+00:00,success,
pressure-012-scene-0015,pressure-012,50.884,58.725,7.841,data_video/processed/pressure-012/clips/pressure-012-scene-0015.mp4,3823329,0fc1c0d01b98b4efaaf433b0be3a3ba80a7521f5ac9835c0715b6910f63c73f0,data_video/raw/archive_candidates/pressure-012.mp4,bb1b50eabb76f1cf4a88adf9c7bde4aef1867a3f7cd55c9f6816ed3f12e9063c,ffmpeg_scene_score,0.32,2,2026-07-22T20:23:33.597882+00:00,success,
pressure-012-scene-0016,pressure-012,58.725,62.462,3.737,data_video/processed/pressure-012/clips/pressure-012-scene-0016.mp4,1740885,ddfd55736e8f547d9083d463427585794e4336d035bced5027fc984d4d76d8a2,data_video/raw/archive_candidates/pressure-012.mp4,bb1b50eabb76f1cf4a88adf9c7bde4aef1867a3f7cd55c9f6816ed3f12e9063c,ffmpeg_scene_score,0.32,2,2026-07-22T20:23:36.542113+00:00,success,
pressure-012-scene-0017,pressure-012,62.462,66.133,3.670,data_video/processed/pressure-012/clips/pressure-012-scene-0017.mp4,1451679,0356a982ea27837daaa7f9a9227f82ba24a6b399d31bb38b9c79bd71208010ea,data_video/raw/archive_candidates/pressure-012.mp4,bb1b50eabb76f1cf4a88adf9c7bde4aef1867a3f7cd55c9f6816ed3f12e9063c,ffmpeg_scene_score,0.32,2,2026-07-22T20:23:39.173774+00:00,success,
pressure-012-scene-0018,pressure-012,66.133,69.269,3.136,data_video/processed/pressure-012/clips/pressure-012-scene-0018.mp4,415852,b513e04e8dcca1301c16432a375f36a574bc3b6879fa167152d93ed79d3d83be,data_video/raw/archive_candidates/pressure-012.mp4,bb1b50eabb76f1cf4a88adf9c7bde4aef1867a3f7cd55c9f6816ed3f12e9063c,ffmpeg_scene_score,0.32,2,2026-07-22T20:23:41.328265+00:00,success,
pressure-012-scene-0019,pressure-012,69.269,72.806,3.537,data_video/processed/pressure-012/clips/pressure-012-scene-0019.mp4,1465519,313483705c9a1ea6c5742766fbc680a51a5c638ace7ee63761c8eb8332ef601a,data_video/raw/archive_candidates/pressure-012.mp4,bb1b50eabb76f1cf4a88adf9c7bde4aef1867a3f7cd55c9f6816ed3f12e9063c,ffmpeg_scene_score,0.32,2,2026-07-22T20:23:43.873377+00:00,success,
pressure-012-scene-0020,pressure-012,72.806,77.744,4.938,data_video/processed/pressure-012/clips/pressure-012-scene-0020.mp4,1866233,4d3ebf22c0074eaec6e0c6d09b6ca74b71b1cf474633eeb5347fcb15e77303e0,data_video/raw/archive_candidates/pressure-012.mp4,bb1b50eabb76f1cf4a88adf9c7bde4aef1867a3f7cd55c9f6816ed3f12e9063c,ffmpeg_scene_score,0.32,2,2026-07-22T20:23:47.535630+00:00,success,
pressure-012-scene-0021,pressure-012,77.744,81.448,3.704,data_video/processed/pressure-012/clips/pressure-012-scene-0021.mp4,1582152,7d352c5bc533dcfca57251086d341de46fb0074e8b1db0cd8028badabda6f4c7,data_video/raw/archive_candidates/pressure-012.mp4,bb1b50eabb76f1cf4a88adf9c7bde4aef1867a3f7cd55c9f6816ed3f12e9063c,ffmpeg_scene_score,0.32,2,2026-07-22T20:23:50.512051+00:00,success,
pressure-012-scene-0022,pressure-012,81.448,84.785,3.337,data_video/processed/pressure-012/clips/pressure-012-scene-0022.mp4,1623197,9f328a6019632399c62a10fb97bc141ad3f0e54a01139b113c6ec1d1e5a75173,data_video/raw/archive_candidates/pressure-012.mp4,bb1b50eabb76f1cf4a88adf9c7bde4aef1867a3f7cd55c9f6816ed3f12e9063c,ffmpeg_scene_score,0.32,2,2026-07-22T20:23:53.101633+00:00,success,
pressure-012-scene-0023,pressure-012,84.785,88.488,3.704,data_video/processed/pressure-012/clips/pressure-012-scene-0023.mp4,1602590,935d7359d0d1c434f62a58449b471ddeef96fb1e11b461ec48b91747e01d9eb7,data_video/raw/archive_candidates/pressure-012.mp4,bb1b50eabb76f1cf4a88adf9c7bde4aef1867a3f7cd55c9f6816ed3f12e9063c,ffmpeg_scene_score,0.32,2,2026-07-22T20:23:56.063378+00:00,success,
pressure-012-scene-0024,pressure-012,88.488,92.059,3.570,data_video/processed/pressure-012/clips/pressure-012-scene-0024.mp4,1037487,b6d02ef7592cd58f83193a6d346da69c703b7d8449bc671e47e2e5b6edb7779e,data_video/raw/archive_candidates/pressure-012.mp4,bb1b50eabb76f1cf4a88adf9c7bde4aef1867a3f7cd55c9f6816ed3f12e9063c,ffmpeg_scene_score,0.32,2,2026-07-22T20:23:58.601998+00:00,success,
pressure-012-scene-0025,pressure-012,92.059,96.063,4.004,data_video/processed/pressure-012/clips/pressure-012-scene-0025.mp4,920093,cd9efcf66dbadcd631b6c7edb611a2ced7287314f7aa81539176c6ca1f315f5c,data_video/raw/archive_candidates/pressure-012.mp4,bb1b50eabb76f1cf4a88adf9c7bde4aef1867a3f7cd55c9f6816ed3f12e9063c,ffmpeg_scene_score,0.32,2,2026-07-22T20:24:00.882333+00:00,success,
pressure-012-scene-0026,pressure-012,96.063,98.799,2.736,data_video/processed/pressure-012/clips/pressure-012-scene-0026.mp4,800816,9f27d50a17d5ab684011c146a23cd92b5bdaea50de9b50f676d098f9127f7df8,data_video/raw/archive_candidates/pressure-012.mp4,bb1b50eabb76f1cf4a88adf9c7bde4aef1867a3f7cd55c9f6816ed3f12e9063c,ffmpeg_scene_score,0.32,2,2026-07-22T20:24:03.133995+00:00,success,
pressure-012-scene-0027,pressure-012,98.799,101.268,2.469,data_video/processed/pressure-012/clips/pressure-012-scene-0027.mp4,313257,79297e7ee662c97343f06333a7db777da9ea16ae35a751aee66f439d358e705a,data_video/raw/archive_candidates/pressure-012.mp4,bb1b50eabb76f1cf4a88adf9c7bde4aef1867a3f7cd55c9f6816ed3f12e9063c,ffmpeg_scene_score,0.32,2,2026-07-22T20:24:04.732926+00:00,success,
pressure-012-scene-0028,pressure-012,101.268,104.371,3.103,data_video/processed/pressure-012/clips/pressure-012-scene-0028.mp4,376452,d31edfc9dae4260640915ba9723534b54b6a0715012c76515e812edca68703c2,data_video/raw/archive_candidates/pressure-012.mp4,bb1b50eabb76f1cf4a88adf9c7bde4aef1867a3f7cd55c9f6816ed3f12e9063c,ffmpeg_scene_score,0.32,2,2026-07-22T20:24:06.646798+00:00,success,
pressure-012-scene-0029,pressure-012,104.371,106.640,2.269,data_video/processed/pressure-012/clips/pressure-012-scene-0029.mp4,479880,ca81807174fa3b5913c7fea03e73330dd202305193bb5e8620ee9dcce07d64c6,data_video/raw/archive_candidates/pressure-012.mp4,bb1b50eabb76f1cf4a88adf9c7bde4aef1867a3f7cd55c9f6816ed3f12e9063c,ffmpeg_scene_score,0.32,2,2026-07-22T20:24:08.520354+00:00,success,
pressure-012-scene-0030,pressure-012,106.640,108.642,2.002,data_video/processed/pressure-012/clips/pressure-012-scene-0030.mp4,204030,7f2625e0610df633310e443725572d1bcc0d04d25620a875f2ad382ebf0eaa8e,data_video/raw/archive_candidates/pressure-012.mp4,bb1b50eabb76f1cf4a88adf9c7bde4aef1867a3f7cd55c9f6816ed3f12e9063c,ffmpeg_scene_score,0.32,2,2026-07-22T20:24:09.928886+00:00,success,
pressure-012-scene-0031,pressure-012,108.642,115.570,6.928,data_video/processed/pressure-012/clips/pressure-012-scene-0031.mp4,284464,a865432183a7a0e0d3cdd51d9b854344bb121dadb7b063ea740dd85f35e356e0,data_video/raw/archive_candidates/pressure-012.mp4,bb1b50eabb76f1cf4a88adf9c7bde4aef1867a3f7cd55c9f6816ed3f12e9063c,ffmpeg_scene_score,0.32,2,2026-07-22T20:24:13.031192+00:00,success,
pressure-020-scene-0001,pressure-020,0.000,7.307,7.307,data_video/processed/pressure-020/clips/pressure-020-scene-0001.mp4,325888,63ab0b415a6289e89d94df3646e75aab3f78bc0a8d97265946486a6f8baf2c12,data_video/raw/archive_candidates/pressure-020.mp4,7ef5e22eb6da5d93cc1fe44bc643bcb828de57882dcdf5498f409b2d45b8cf1e,ffmpeg_scene_score,0.32,2,2026-07-23T18:16:23.370338+00:00,success,
pressure-020-scene-0002,pressure-020,7.307,82.716,75.409,data_video/processed/pressure-020/clips/pressure-020-scene-0002.mp4,3973331,1ec5a327bf8cac24830d62839b6c8e98ce9a06e44679af421057acba1b419932,data_video/raw/archive_candidates/pressure-020.mp4,7ef5e22eb6da5d93cc1fe44bc643bcb828de57882dcdf5498f409b2d45b8cf1e,ffmpeg_scene_score,0.32,2,2026-07-23T18:16:45.731514+00:00,success,
pressure-020-scene-0003,pressure-020,82.716,105.939,23.223,data_video/processed/pressure-020/clips/pressure-020-scene-0003.mp4,2207302,54708d0c6cc0fbe25a017854dda3a6b2c75b37a77925465c45fff584a02ade91,data_video/raw/archive_candidates/pressure-020.mp4,7ef5e22eb6da5d93cc1fe44bc643bcb828de57882dcdf5498f409b2d45b8cf1e,ffmpeg_scene_score,0.32,2,2026-07-23T18:16:52.368135+00:00,success,
pressure-020-scene-0004,pressure-020,105.939,120.988,15.048,data_video/processed/pressure-020/clips/pressure-020-scene-0004.mp4,1248375,e9ce2567e665cdcb95c21d5771ba1f197ef89f1925155ddaa75fd7d76950438c,data_video/raw/archive_candidates/pressure-020.mp4,7ef5e22eb6da5d93cc1fe44bc643bcb828de57882dcdf5498f409b2d45b8cf1e,ffmpeg_scene_score,0.32,2,2026-07-23T18:16:56.696122+00:00,success,
pressure-020-scene-0005,pressure-020,120.988,146.380,25.392,data_video/processed/pressure-020/clips/pressure-020-scene-0005.mp4,2268209,7fa037864d9879b843822009960e591afef8baf9327f3ae51c4a78f3698e70d8,data_video/raw/archive_candidates/pressure-020.mp4,7ef5e22eb6da5d93cc1fe44bc643bcb828de57882dcdf5498f409b2d45b8cf1e,ffmpeg_scene_score,0.32,2,2026-07-23T18:17:03.102922+00:00,success,
pressure-020-scene-0006,pressure-020,146.380,154.955,8.575,data_video/processed/pressure-020/clips/pressure-020-scene-0006.mp4,572355,8d885d159bc59fde10fa50d21095a97a38b110e80c9e85e60ee90c863c7ac290,data_video/raw/archive_candidates/pressure-020.mp4,7ef5e22eb6da5d93cc1fe44bc643bcb828de57882dcdf5498f409b2d45b8cf1e,ffmpeg_scene_score,0.32,2,2026-07-23T18:17:05.440381+00:00,success,
pressure-020-scene-0007,pressure-020,154.955,176.677,21.722,data_video/processed/pressure-020/clips/pressure-020-scene-0007.mp4,979716,d075cc6a4a1a3c63597ba64671d06d391a69b2c623edf5d4a8ba8c995ceb7fcc,data_video/raw/archive_candidates/pressure-020.mp4,7ef5e22eb6da5d93cc1fe44bc643bcb828de57882dcdf5498f409b2d45b8cf1e,ffmpeg_scene_score,0.32,2,2026-07-23T18:17:10.899863+00:00,success,
pressure-020-scene-0008,pressure-020,176.677,181.248,4.571,data_video/processed/pressure-020/clips/pressure-020-scene-0008.mp4,301500,50c79e45735807228194deb5774c7519f24306c5c5b66fb938ebd75371a13388,data_video/raw/archive_candidates/pressure-020.mp4,7ef5e22eb6da5d93cc1fe44bc643bcb828de57882dcdf5498f409b2d45b8cf1e,ffmpeg_scene_score,0.32,2,2026-07-23T18:17:12.552294+00:00,success,
pressure-020-scene-0009,pressure-020,181.248,245.360,64.112,data_video/processed/pressure-020/clips/pressure-020-scene-0009.mp4,2897501,d0e1c0edea3313f18d692f979cca2888df0884ae4f24c158d55986a15b17f70c,data_video/raw/archive_candidates/pressure-020.mp4,7ef5e22eb6da5d93cc1fe44bc643bcb828de57882dcdf5498f409b2d45b8cf1e,ffmpeg_scene_score,0.32,2,2026-07-23T18:17:25.914704+00:00,success,
pressure-026-scene-0001,pressure-026,0.000,9.576,9.576,data_video/processed/pressure-026/clips/pressure-026-scene-0001.mp4,485832,e8891c4fa4dfee16d8461e1427608e6e1384e80fc891c2ced253690f160741e8,data_video/raw/archive_candidates/pressure-026.mp4,d6a867f10f4c8c8dae2d9c2ac22eb10d00bd3f01efece99b54f8e6dfaf2ff2df,ffmpeg_scene_score,0.32,2,2026-07-23T18:17:34.164919+00:00,success,
pressure-026-scene-0002,pressure-026,9.576,304.771,295.195,data_video/processed/pressure-026/clips/pressure-026-scene-0002.mp4,6369633,534623a9eac21e5e3c6a83dab94b98d2204a42cf8e2ef3a4a20c2810bfb7788f,data_video/raw/archive_candidates/pressure-026.mp4,d6a867f10f4c8c8dae2d9c2ac22eb10d00bd3f01efece99b54f8e6dfaf2ff2df,ffmpeg_scene_score,0.32,2,2026-07-23T18:18:27.964327+00:00,success,
pressure-026-scene-0003,pressure-026,304.771,313.280,8.508,data_video/processed/pressure-026/clips/pressure-026-scene-0003.mp4,219488,0d80185aaca3f8ed921c8ec0eeef74783f8eda50444ab6f313b7a96091fb00c6,data_video/raw/archive_candidates/pressure-026.mp4,d6a867f10f4c8c8dae2d9c2ac22eb10d00bd3f01efece99b54f8e6dfaf2ff2df,ffmpeg_scene_score,0.32,2,2026-07-23T18:18:30.744510+00:00,success,
pressure-026-scene-0004,pressure-026,313.280,318.885,5.606,data_video/processed/pressure-026/clips/pressure-026-scene-0004.mp4,192587,bff0b688ef55908553a0353e9f906b69c74320ebd26324e0548f8a8766200a40,data_video/raw/archive_candidates/pressure-026.mp4,d6a867f10f4c8c8dae2d9c2ac22eb10d00bd3f01efece99b54f8e6dfaf2ff2df,ffmpeg_scene_score,0.32,2,2026-07-23T18:18:32.431763+00:00,success,
pressure-026-scene-0005,pressure-026,318.885,322.889,4.004,data_video/processed/pressure-026/clips/pressure-026-scene-0005.mp4,142047,d2863c1e2a85eb4ed2ce85ee2b655b258b7a2d5f885e4f8d9c2b43561ca3e9fb,data_video/raw/archive_candidates/pressure-026.mp4,d6a867f10f4c8c8dae2d9c2ac22eb10d00bd3f01efece99b54f8e6dfaf2ff2df,ffmpeg_scene_score,0.32,2,2026-07-23T18:18:33.854238+00:00,success,
pressure-026-scene-0006,pressure-026,322.889,328.161,5.272,data_video/processed/pressure-026/clips/pressure-026-scene-0006.mp4,106517,3ea9fe7c3179f46fe34dc8f63930bb392592e5fbee0b2351177d7bced0a7e947,data_video/raw/archive_candidates/pressure-026.mp4,d6a867f10f4c8c8dae2d9c2ac22eb10d00bd3f01efece99b54f8e6dfaf2ff2df,ffmpeg_scene_score,0.32,2,2026-07-23T18:18:35.363352+00:00,success,
pressure-026-scene-0007,pressure-026,328.161,333.133,4.972,data_video/processed/pressure-026/clips/pressure-026-scene-0007.mp4,109641,ed5fff3571e4ecf5f40a3c69b25b85948f4f3ebe2daee9308eaeea8660f5f0d7,data_video/raw/archive_candidates/pressure-026.mp4,d6a867f10f4c8c8dae2d9c2ac22eb10d00bd3f01efece99b54f8e6dfaf2ff2df,ffmpeg_scene_score,0.32,2,2026-07-23T18:18:37.203679+00:00,success,
pressure-026-scene-0008,pressure-026,333.133,339.940,6.807,data_video/processed/pressure-026/clips/pressure-026-scene-0008.mp4,152340,01fcd8149bfae36c40c9c1fb5bbbb50d06855c8a4bebca979bc93963e32ec7da,data_video/raw/archive_candidates/pressure-026.mp4,d6a867f10f4c8c8dae2d9c2ac22eb10d00bd3f01efece99b54f8e6dfaf2ff2df,ffmpeg_scene_score,0.32,2,2026-07-23T18:18:39.258997+00:00,success,
pressure-026-scene-0009,pressure-026,339.940,357.023,17.084,data_video/processed/pressure-026/clips/pressure-026-scene-0009.mp4,343405,d0f19d803cc7af8816ed208131d3cadea375792f03efb3d3db534d17030c2df7,data_video/raw/archive_candidates/pressure-026.mp4,d6a867f10f4c8c8dae2d9c2ac22eb10d00bd3f01efece99b54f8e6dfaf2ff2df,ffmpeg_scene_score,0.32,2,2026-07-23T18:18:43.488723+00:00,success,
pressure-026-scene-0010,pressure-026,357.023,372.220,15.197,data_video/processed/pressure-026/clips/pressure-026-scene-0010.mp4,170715,891ac7ed3d915d987c0545d88c133f45685ad3b9f59e8fbbfbe49c223bec70cb,data_video/raw/archive_candidates/pressure-026.mp4,d6a867f10f4c8c8dae2d9c2ac22eb10d00bd3f01efece99b54f8e6dfaf2ff2df,ffmpeg_scene_score,0.32,2,2026-07-23T18:18:45.645713+00:00,success,
pressure-027-scene-0001,pressure-027,0.000,5.472,5.472,data_video/processed/pressure-027/clips/pressure-027-scene-0001.mp4,199103,0467a537c4d72bb54404e12454c301a2f9fc4daa9cb723d77f12c8a6e2d23b27,data_video/raw/archive_candidates/pressure-027.mp4,f24252f60bd7ce044f3e60d7dc58f1c9d1889e7da3f4071849ad6e77efa008d1,ffmpeg_scene_score,0.32,2,2026-07-23T18:19:02.512822+00:00,success,
pressure-027-scene-0002,pressure-027,5.472,11.111,5.639,data_video/processed/pressure-027/clips/pressure-027-scene-0002.mp4,221462,1825c7819663bfa686df82e69e2e2ddd0768f54313fb6efc6718cec4d22a0dbc,data_video/raw/archive_candidates/pressure-027.mp4,f24252f60bd7ce044f3e60d7dc58f1c9d1889e7da3f4071849ad6e77efa008d1,ffmpeg_scene_score,0.32,2,2026-07-23T18:19:04.280852+00:00,success,
pressure-027-scene-0003,pressure-027,11.111,26.393,15.282,data_video/processed/pressure-027/clips/pressure-027-scene-0003.mp4,853539,7bae2dd714a6149647349b6b00f9cdccffc202c0344833db3900a15485bcf389,data_video/raw/archive_candidates/pressure-027.mp4,f24252f60bd7ce044f3e60d7dc58f1c9d1889e7da3f4071849ad6e77efa008d1,ffmpeg_scene_score,0.32,2,2026-07-23T18:19:08.621035+00:00,success,
pressure-027-scene-0004,pressure-027,26.393,66.800,40.407,data_video/processed/pressure-027/clips/pressure-027-scene-0004.mp4,1298597,70405cf56f6893dac490916ccfd9b180e8ae9becc825191a02fd02bb3a8ebda9,data_video/raw/archive_candidates/pressure-027.mp4,f24252f60bd7ce044f3e60d7dc58f1c9d1889e7da3f4071849ad6e77efa008d1,ffmpeg_scene_score,0.32,2,2026-07-23T18:19:18.090493+00:00,success,
pressure-027-scene-0005,pressure-027,66.800,79.646,12.846,data_video/processed/pressure-027/clips/pressure-027-scene-0005.mp4,422103,a3a6dc36f22a01716c5f58952e309e6cd2c4c84d3ff7c20d4bdd2b10ad87a611,data_video/raw/archive_candidates/pressure-027.mp4,f24252f60bd7ce044f3e60d7dc58f1c9d1889e7da3f4071849ad6e77efa008d1,ffmpeg_scene_score,0.32,2,2026-07-23T18:19:20.580463+00:00,success,
pressure-027-scene-0006,pressure-027,79.646,100.601,20.954,data_video/processed/pressure-027/clips/pressure-027-scene-0006.mp4,744846,c9d0c285b920c4af0ab48f34e81e779ffc290cf6dc5b58e254d5f328a3c9a4b2,data_video/raw/archive_candidates/pressure-027.mp4,f24252f60bd7ce044f3e60d7dc58f1c9d1889e7da3f4071849ad6e77efa008d1,ffmpeg_scene_score,0.32,2,2026-07-23T18:19:25.754960+00:00,success,
pressure-027-scene-0007,pressure-027,100.601,121.788,21.188,data_video/processed/pressure-027/clips/pressure-027-scene-0007.mp4,792189,0668c6195526d98105e39e063a6ad8c213f89ce62c106fde99a9f4d7b8b2fcc9,data_video/raw/archive_candidates/pressure-027.mp4,f24252f60bd7ce044f3e60d7dc58f1c9d1889e7da3f4071849ad6e77efa008d1,ffmpeg_scene_score,0.32,2,2026-07-23T18:19:29.319053+00:00,success,
pressure-027-scene-0008,pressure-027,121.788,126.760,4.972,data_video/processed/pressure-027/clips/pressure-027-scene-0008.mp4,157191,e6501b98f41511fa98cc1c8029fc59af635652ccd35878bfd9f19cf6f19837fc,data_video/raw/archive_candidates/pressure-027.mp4,f24252f60bd7ce044f3e60d7dc58f1c9d1889e7da3f4071849ad6e77efa008d1,ffmpeg_scene_score,0.32,2,2026-07-23T18:19:30.903302+00:00,success,
pressure-027-scene-0009,pressure-027,126.760,167.968,41.208,data_video/processed/pressure-027/clips/pressure-027-scene-0009.mp4,1717860,23309c6be6689fba2724e3656aff40842c557d213d5af9ed543a978753580dea,data_video/raw/archive_candidates/pressure-027.mp4,f24252f60bd7ce044f3e60d7dc58f1c9d1889e7da3f4071849ad6e77efa008d1,ffmpeg_scene_score,0.32,2,2026-07-23T18:19:37.320032+00:00,success,
pressure-027-scene-0010,pressure-027,167.968,181.081,13.113,data_video/processed/pressure-027/clips/pressure-027-scene-0010.mp4,586502,0a0a684a0ff42a78b38e6bbe2c4e36fcd478c59b7c16c2857575a0e5e3ea08d0,data_video/raw/archive_candidates/pressure-027.mp4,f24252f60bd7ce044f3e60d7dc58f1c9d1889e7da3f4071849ad6e77efa008d1,ffmpeg_scene_score,0.32,2,2026-07-23T18:19:39.937041+00:00,success,
pressure-027-scene-0011,pressure-027,181.081,185.252,4.171,data_video/processed/pressure-027/clips/pressure-027-scene-0011.mp4,157167,37bc3695fbd0607d2610f8b9d1b470bc2020f2b81ff06d9fb2abe541c7a85195,data_video/raw/archive_candidates/pressure-027.mp4,f24252f60bd7ce044f3e60d7dc58f1c9d1889e7da3f4071849ad6e77efa008d1,ffmpeg_scene_score,0.32,2,2026-07-23T18:19:41.384490+00:00,success,
pressure-027-scene-0012,pressure-027,185.252,195.262,10.010,data_video/processed/pressure-027/clips/pressure-027-scene-0012.mp4,393463,ec412f13d99f42fc02139e1d4771e77ea06e0b372c1912ab3d692d9ff75dfe4e,data_video/raw/archive_candidates/pressure-027.mp4,f24252f60bd7ce044f3e60d7dc58f1c9d1889e7da3f4071849ad6e77efa008d1,ffmpeg_scene_score,0.32,2,2026-07-23T18:19:43.548010+00:00,success,
pressure-027-scene-0013,pressure-027,195.262,198.098,2.836,data_video/processed/pressure-027/clips/pressure-027-scene-0013.mp4,108913,db780889e062e7ecbedace955b49bda01ec7296a03ebd3f2aa7dd0a5c766f19c,data_video/raw/archive_candidates/pressure-027.mp4,f24252f60bd7ce044f3e60d7dc58f1c9d1889e7da3f4071849ad6e77efa008d1,ffmpeg_scene_score,0.32,2,2026-07-23T18:19:44.661469+00:00,success,
pressure-027-scene-0014,pressure-027,198.098,214.414,16.316,data_video/processed/pressure-027/clips/pressure-027-scene-0014.mp4,555355,a74e350b0f94a36a3097fb88c6781f6a3c1e221c0f8b13b4d333775fdb20f665,data_video/raw/archive_candidates/pressure-027.mp4,f24252f60bd7ce044f3e60d7dc58f1c9d1889e7da3f4071849ad6e77efa008d1,ffmpeg_scene_score,0.32,2,2026-07-23T18:19:47.605854+00:00,success,
pressure-027-scene-0015,pressure-027,214.414,219.386,4.972,data_video/processed/pressure-027/clips/pressure-027-scene-0015.mp4,168899,ba3bb479600d4bab54073a3c059510e17273a5fed82205d409e77ca779e84a12,data_video/raw/archive_candidates/pressure-027.mp4,f24252f60bd7ce044f3e60d7dc58f1c9d1889e7da3f4071849ad6e77efa008d1,ffmpeg_scene_score,0.32,2,2026-07-23T18:19:49.491371+00:00,success,
pressure-027-scene-0016,pressure-027,219.386,228.128,8.742,data_video/processed/pressure-027/clips/pressure-027-scene-0016.mp4,357460,710380b253e63a6c688e5d629c8a9e5e8e3261985c7f4cd7423b483a30bf5585,data_video/raw/archive_candidates/pressure-027.mp4,f24252f60bd7ce044f3e60d7dc58f1c9d1889e7da3f4071849ad6e77efa008d1,ffmpeg_scene_score,0.32,2,2026-07-23T18:19:51.613751+00:00,success,
pressure-027-scene-0017,pressure-027,228.128,234.268,6.139,data_video/processed/pressure-027/clips/pressure-027-scene-0017.mp4,192609,d23aec95c10b9a0ae2b1eebdcbb2b2eab5342cba1d74f8281084abbc22b6b9a1,data_video/raw/archive_candidates/pressure-027.mp4,f24252f60bd7ce044f3e60d7dc58f1c9d1889e7da3f4071849ad6e77efa008d1,ffmpeg_scene_score,0.32,2,2026-07-23T18:19:53.475241+00:00,success,
pressure-027-scene-0018,pressure-027,234.268,238.972,4.705,data_video/processed/pressure-027/clips/pressure-027-scene-0018.mp4,197026,328a13b38222ffbaeef492cb10e152722f2b40c4a99bf6a04502e8ba83458283,data_video/raw/archive_candidates/pressure-027.mp4,f24252f60bd7ce044f3e60d7dc58f1c9d1889e7da3f4071849ad6e77efa008d1,ffmpeg_scene_score,0.32,2,2026-07-23T18:19:55.051768+00:00,success,
pressure-027-scene-0019,pressure-027,238.972,256.823,17.851,data_video/processed/pressure-027/clips/pressure-027-scene-0019.mp4,812665,2d1087c5e7df120344ebaf473c11b2e29fa2d5badf491611d3370158b1e61fb2,data_video/raw/archive_candidates/pressure-027.mp4,f24252f60bd7ce044f3e60d7dc58f1c9d1889e7da3f4071849ad6e77efa008d1,ffmpeg_scene_score,0.32,2,2026-07-23T18:19:58.143844+00:00,success,
pressure-027-scene-0020,pressure-027,256.823,265.399,8.575,data_video/processed/pressure-027/clips/pressure-027-scene-0020.mp4,280344,b940e77eb01e9b73e925aa33a348c66502915d2976a5fab13cb1e85cfa86cb11,data_video/raw/archive_candidates/pressure-027.mp4,f24252f60bd7ce044f3e60d7dc58f1c9d1889e7da3f4071849ad6e77efa008d1,ffmpeg_scene_score,0.32,2,2026-07-23T18:20:00.337176+00:00,success,
pressure-027-scene-0021,pressure-027,265.399,280.380,14.982,data_video/processed/pressure-027/clips/pressure-027-scene-0021.mp4,635929,4781feaf1b3672201552820559528ad050486aafa877c51777dfa1ec2a85303b,data_video/raw/archive_candidates/pressure-027.mp4,f24252f60bd7ce044f3e60d7dc58f1c9d1889e7da3f4071849ad6e77efa008d1,ffmpeg_scene_score,0.32,2,2026-07-23T18:20:03.205653+00:00,success,
pressure-027-scene-0022,pressure-027,280.380,292.526,12.145,data_video/processed/pressure-027/clips/pressure-027-scene-0022.mp4,424305,c66dc595c3a3bd2f423a0c28ca921f1030cffc6bf43509f5fc4211b30d58ebf8,data_video/raw/archive_candidates/pressure-027.mp4,f24252f60bd7ce044f3e60d7dc58f1c9d1889e7da3f4071849ad6e77efa008d1,ffmpeg_scene_score,0.32,2,2026-07-23T18:20:05.940329+00:00,success,
pressure-027-scene-0023,pressure-027,292.526,296.263,3.737,data_video/processed/pressure-027/clips/pressure-027-scene-0023.mp4,155981,03f7585e41cf20350c4c6321da3e4294897aa7e540e689811b2101abd705d989,data_video/raw/archive_candidates/pressure-027.mp4,f24252f60bd7ce044f3e60d7dc58f1c9d1889e7da3f4071849ad6e77efa008d1,ffmpeg_scene_score,0.32,2,2026-07-23T18:20:07.289882+00:00,success,
pressure-027-scene-0024,pressure-027,296.263,302.503,6.240,data_video/processed/pressure-027/clips/pressure-027-scene-0024.mp4,195403,00083c3afc8cb75d88272807a48d2e1ec2641cd1c8892ff6ea7fb3d013fe1d6d,data_video/raw/archive_candidates/pressure-027.mp4,f24252f60bd7ce044f3e60d7dc58f1c9d1889e7da3f4071849ad6e77efa008d1,ffmpeg_scene_score,0.32,2,2026-07-23T18:20:08.734150+00:00,success,
pressure-027-scene-0025,pressure-027,302.503,317.417,14.915,data_video/processed/pressure-027/clips/pressure-027-scene-0025.mp4,726096,42391cd476e8a8a785983dbbb6f076946ecb2e414c0df74ac35f385ad923e27d,data_video/raw/archive_candidates/pressure-027.mp4,f24252f60bd7ce044f3e60d7dc58f1c9d1889e7da3f4071849ad6e77efa008d1,ffmpeg_scene_score,0.32,2,2026-07-23T18:20:11.632795+00:00,success,
pressure-027-scene-0026,pressure-027,317.417,321.788,4.371,data_video/processed/pressure-027/clips/pressure-027-scene-0026.mp4,165077,8a574b14db7ef577d08edcce75126485cb8b540b5df913389ca6ced4f7c51efc,data_video/raw/archive_candidates/pressure-027.mp4,f24252f60bd7ce044f3e60d7dc58f1c9d1889e7da3f4071849ad6e77efa008d1,ffmpeg_scene_score,0.32,2,2026-07-23T18:20:13.175757+00:00,success,
pressure-027-scene-0027,pressure-027,321.788,328.929,7.140,data_video/processed/pressure-027/clips/pressure-027-scene-0027.mp4,338563,3c3f46d65d027dc13becd3a136bfa6fff5dff5699df2f960a14f0f3fc825225b,data_video/raw/archive_candidates/pressure-027.mp4,f24252f60bd7ce044f3e60d7dc58f1c9d1889e7da3f4071849ad6e77efa008d1,ffmpeg_scene_score,0.32,2,2026-07-23T18:20:15.126893+00:00,success,
pressure-027-scene-0028,pressure-027,328.929,332.733,3.804,data_video/processed/pressure-027/clips/pressure-027-scene-0028.mp4,145202,2d1b9594777f08a3cf859531c3d011b9c176bd6e4f2634fe7ab08fea9b4f38c2,data_video/raw/archive_candidates/pressure-027.mp4,f24252f60bd7ce044f3e60d7dc58f1c9d1889e7da3f4071849ad6e77efa008d1,ffmpeg_scene_score,0.32,2,2026-07-23T18:20:16.346746+00:00,success,
pressure-027-scene-0029,pressure-027,332.733,345.045,12.312,data_video/processed/pressure-027/clips/pressure-027-scene-0029.mp4,407818,f7c3652dfe2fd01bbece344fb3f4393f167479370608eabd971db19d0fa7fc55,data_video/raw/archive_candidates/pressure-027.mp4,f24252f60bd7ce044f3e60d7dc58f1c9d1889e7da3f4071849ad6e77efa008d1,ffmpeg_scene_score,0.32,2,2026-07-23T18:20:18.709046+00:00,success,
pressure-027-scene-0030,pressure-027,345.045,352.553,7.508,data_video/processed/pressure-027/clips/pressure-027-scene-0030.mp4,251859,8c3044bb94eb78b3f95eecb38fe6ee712ad5831847b1b53b7d764878329d70a6,data_video/raw/archive_candidates/pressure-027.mp4,f24252f60bd7ce044f3e60d7dc58f1c9d1889e7da3f4071849ad6e77efa008d1,ffmpeg_scene_score,0.32,2,2026-07-23T18:20:20.835481+00:00,success,
pressure-027-scene-0031,pressure-027,352.553,361.328,8.775,data_video/processed/pressure-027/clips/pressure-027-scene-0031.mp4,569949,cd82183415cf11e015cef595bf713081125041f166a41a7ebe60fa3201bbf472,data_video/raw/archive_candidates/pressure-027.mp4,f24252f60bd7ce044f3e60d7dc58f1c9d1889e7da3f4071849ad6e77efa008d1,ffmpeg_scene_score,0.32,2,2026-07-23T18:20:23.438652+00:00,success,
pressure-027-scene-0032,pressure-027,361.328,368.068,6.740,data_video/processed/pressure-027/clips/pressure-027-scene-0032.mp4,230318,3b309a0c0961e9b51d9cad1d94c7e5629b9ab16270714cc30b9c0ec7d442bb0f,data_video/raw/archive_candidates/pressure-027.mp4,f24252f60bd7ce044f3e60d7dc58f1c9d1889e7da3f4071849ad6e77efa008d1,ffmpeg_scene_score,0.32,2,2026-07-23T18:20:25.451861+00:00,success,
pressure-027-scene-0033,pressure-027,368.068,387.621,19.553,data_video/processed/pressure-027/clips/pressure-027-scene-0033.mp4,769227,655ccd9fe92bf97bd3bc4ab08b968bbe4b71904636459a91dc369007fc6db1b4,data_video/raw/archive_candidates/pressure-027.mp4,f24252f60bd7ce044f3e60d7dc58f1c9d1889e7da3f4071849ad6e77efa008d1,ffmpeg_scene_score,0.32,2,2026-07-23T18:20:28.885068+00:00,success,
pressure-027-scene-0034,pressure-027,387.621,390.624,3.003,data_video/processed/pressure-027/clips/pressure-027-scene-0034.mp4,115517,a114b516217383953aa6406ffda83bc2ef96c5e7e8dceb9109ea71026401228e,data_video/raw/archive_candidates/pressure-027.mp4,f24252f60bd7ce044f3e60d7dc58f1c9d1889e7da3f4071849ad6e77efa008d1,ffmpeg_scene_score,0.32,2,2026-07-23T18:20:29.998988+00:00,success,
pressure-027-scene-0035,pressure-027,390.624,412.179,21.555,data_video/processed/pressure-027/clips/pressure-027-scene-0035.mp4,963729,e1dfe708dde1ef9bfccb355f18778849e336b1c30570b4708f0d834fb3478767,data_video/raw/archive_candidates/pressure-027.mp4,f24252f60bd7ce044f3e60d7dc58f1c9d1889e7da3f4071849ad6e77efa008d1,ffmpeg_scene_score,0.32,2,2026-07-23T18:20:33.735358+00:00,success,
pressure-027-scene-0036,pressure-027,412.179,416.049,3.871,data_video/processed/pressure-027/clips/pressure-027-scene-0036.mp4,138029,9f3e96d5f19903a906aa81148869f43a0568bb074b217e9f177d752e1d30564d,data_video/raw/archive_candidates/pressure-027.mp4,f24252f60bd7ce044f3e60d7dc58f1c9d1889e7da3f4071849ad6e77efa008d1,ffmpeg_scene_score,0.32,2,2026-07-23T18:20:35.161211+00:00,success,
pressure-027-scene-0037,pressure-027,416.049,433.166,17.117,data_video/processed/pressure-027/clips/pressure-027-scene-0037.mp4,586191,08be9ce5319eee74b36f595856e8e19b3e33c4789d2cf96f0faee0914b616f42,data_video/raw/archive_candidates/pressure-027.mp4,f24252f60bd7ce044f3e60d7dc58f1c9d1889e7da3f4071849ad6e77efa008d1,ffmpeg_scene_score,0.32,2,2026-07-23T18:20:38.227812+00:00,success,
pressure-027-scene-0038,pressure-027,433.166,438.972,5.806,data_video/processed/pressure-027/clips/pressure-027-scene-0038.mp4,195023,9ab6bc7e2a9dbe285fa1f3697483bd71dd26f219039e48bedf6f006170978141,data_video/raw/archive_candidates/pressure-027.mp4,f24252f60bd7ce044f3e60d7dc58f1c9d1889e7da3f4071849ad6e77efa008d1,ffmpeg_scene_score,0.32,2,2026-07-23T18:20:39.976172+00:00,success,
pressure-027-scene-0039,pressure-027,438.972,468.368,29.396,data_video/processed/pressure-027/clips/pressure-027-scene-0039.mp4,1147724,13c603389cea830c43c45b9404d27c9fe129c307575d39d8b4cc9ea71164e748,data_video/raw/archive_candidates/pressure-027.mp4,f24252f60bd7ce044f3e60d7dc58f1c9d1889e7da3f4071849ad6e77efa008d1,ffmpeg_scene_score,0.32,2,2026-07-23T18:20:44.556591+00:00,success,
pressure-027-scene-0040,pressure-027,468.368,476.543,8.175,data_video/processed/pressure-027/clips/pressure-027-scene-0040.mp4,232876,cbaf53c8ec2000ef8d97fbb9d17ecbfc8ddd0364f55ee957209edde03b8535b8,data_video/raw/archive_candidates/pressure-027.mp4,f24252f60bd7ce044f3e60d7dc58f1c9d1889e7da3f4071849ad6e77efa008d1,ffmpeg_scene_score,0.32,2,2026-07-23T18:20:46.759587+00:00,success,
pressure-027-scene-0041,pressure-027,476.543,480.848,4.304,data_video/processed/pressure-027/clips/pressure-027-scene-0041.mp4,137596,28a2eb2992b2d2e0c5da61a21a9d66078a1815e59d4c93352ec1e88941db17f5,data_video/raw/archive_candidates/pressure-027.mp4,f24252f60bd7ce044f3e60d7dc58f1c9d1889e7da3f4071849ad6e77efa008d1,ffmpeg_scene_score,0.32,2,2026-07-23T18:20:48.459092+00:00,success,
pressure-027-scene-0042,pressure-027,480.848,490.090,9.243,data_video/processed/pressure-027/clips/pressure-027-scene-0042.mp4,351941,278f9a8b133d39c5e11b0106dd474376545011501c52ee76f5e7704d7b466802,data_video/raw/archive_candidates/pressure-027.mp4,f24252f60bd7ce044f3e60d7dc58f1c9d1889e7da3f4071849ad6e77efa008d1,ffmpeg_scene_score,0.32,2,2026-07-23T18:20:51.313879+00:00,success,
pressure-027-scene-0043,pressure-027,490.090,500.190,10.100,data_video/processed/pressure-027/clips/pressure-027-scene-0043.mp4,679034,12c0cea210d48a1f58e17d2606d0ecd7cca6919837ce325c88f540405f3c68f7,data_video/raw/archive_candidates/pressure-027.mp4,f24252f60bd7ce044f3e60d7dc58f1c9d1889e7da3f4071849ad6e77efa008d1,ffmpeg_scene_score,0.32,2,2026-07-23T18:20:54.124569+00:00,success,
pressure-028-scene-0001,pressure-028,0.000,722.400,722.400,data_video/processed/pressure-028/clips/pressure-028-scene-0001.mp4,63088528,678cf05dd59d703452eb31afede42a83c3a74321183c7c955dbfd94254615a7b,data_video/raw/archive_candidates/pressure-028.mp4,88815eda4cba0ec139374069cc78fbe08ef2572c754049cf73121167e1fa06b6,ffmpeg_scene_score,0.32,2,2026-07-23T18:23:42.841182+00:00,success,
pressure-032-scene-0001,pressure-032,0.000,30.364,30.364,data_video/processed/pressure-032/clips/pressure-032-scene-0001.mp4,3936453,7d8e8cf4e4abb105ae7e38afb1424a8810b4e49ba7887b4c54b9e87d868e9094,data_video/raw/archive_candidates/pressure-032.mp4,67bf0e3e67a47e833652c82ccef3a18b5857c112a29c04c81f78cc2271b25a91,ffmpeg_scene_score,0.32,2,2026-07-23T18:24:23.660988+00:00,success,
pressure-032-scene-0002,pressure-032,30.364,1379.311,1348.948,data_video/processed/pressure-032/clips/pressure-032-scene-0002.mp4,99580507,aaa3dc2401789523da7ac85df92ceb029205ff152cfcb45b849405ad6b7c76fe,data_video/raw/archive_candidates/pressure-032.mp4,67bf0e3e67a47e833652c82ccef3a18b5857c112a29c04c81f78cc2271b25a91,ffmpeg_scene_score,0.32,2,2026-07-23T18:27:50.543631+00:00,success,
pressure-032-scene-0003,pressure-032,1379.311,1438.637,59.326,data_video/processed/pressure-032/clips/pressure-032-scene-0003.mp4,5377259,78d5125e519c01edb694dc19f5dbc74852ba8730ddbdb9b056606c8ab72e4f5c,data_video/raw/archive_candidates/pressure-032.mp4,67bf0e3e67a47e833652c82ccef3a18b5857c112a29c04c81f78cc2271b25a91,ffmpeg_scene_score,0.32,2,2026-07-23T18:28:01.961645+00:00,success,
pressure-032-scene-0004,pressure-032,1438.637,1679.230,240.593,data_video/processed/pressure-032/clips/pressure-032-scene-0004.mp4,21712526,2829bd19bdc19f83661ce491bfe289b6417ab17bbd4ee1299ebe4c677116f9ba,data_video/raw/archive_candidates/pressure-032.mp4,67bf0e3e67a47e833652c82ccef3a18b5857c112a29c04c81f78cc2271b25a91,ffmpeg_scene_score,0.32,2,2026-07-23T18:28:42.848418+00:00,success,
pressure-033-scene-0001,pressure-033,0.000,6.773,6.773,data_video/processed/pressure-033/clips/pressure-033-scene-0001.mp4,448603,9088e1bb4f4eb3d9b7d81427dee37e6fdc0e4eea02879174dfd67614ce26fabd,data_video/raw/archive_candidates/pressure-033.mp4,82b0b03bbd100b164d99059f208450df8f8e3641542e1668ddc8da1cb4472e3d,ffmpeg_scene_score,0.32,2,2026-07-23T18:29:24.220599+00:00,success,
pressure-033-scene-0002,pressure-033,6.773,38.505,31.732,data_video/processed/pressure-033/clips/pressure-033-scene-0002.mp4,1978420,fb2499ea2f9ddfe5ed0c0e7b4a076be9f57ccdd4cf906bd813dca73f7ed5d636,data_video/raw/archive_candidates/pressure-033.mp4,82b0b03bbd100b164d99059f208450df8f8e3641542e1668ddc8da1cb4472e3d,ffmpeg_scene_score,0.32,2,2026-07-23T18:29:31.180768+00:00,success,
pressure-033-scene-0003,pressure-033,38.505,42.676,4.171,data_video/processed/pressure-033/clips/pressure-033-scene-0003.mp4,479590,23f69be313166d9b22bc35898c5c09e7811e7dc9c1be84553e6ac7ce6da585ca,data_video/raw/archive_candidates/pressure-033.mp4,82b0b03bbd100b164d99059f208450df8f8e3641542e1668ddc8da1cb4472e3d,ffmpeg_scene_score,0.32,2,2026-07-23T18:29:32.863096+00:00,success,
pressure-033-scene-0004,pressure-033,42.676,46.647,3.971,data_video/processed/pressure-033/clips/pressure-033-scene-0004.mp4,253121,2d1c2871fae7390c701596d1cba9e5c8d0150220fcdd03972f5b9a35fa36c537,data_video/raw/archive_candidates/pressure-033.mp4,82b0b03bbd100b164d99059f208450df8f8e3641542e1668ddc8da1cb4472e3d,ffmpeg_scene_score,0.32,2,2026-07-23T18:29:34.423323+00:00,success,
pressure-033-scene-0005,pressure-033,46.647,52.119,5.472,data_video/processed/pressure-033/clips/pressure-033-scene-0005.mp4,316428,b2818b6a22e1b197e843303c2039734d9d9aa48af34b6b7d14543c1a286e0968,data_video/raw/archive_candidates/pressure-033.mp4,82b0b03bbd100b164d99059f208450df8f8e3641542e1668ddc8da1cb4472e3d,ffmpeg_scene_score,0.32,2,2026-07-23T18:29:36.193190+00:00,success,
pressure-033-scene-0006,pressure-033,52.119,56.757,4.638,data_video/processed/pressure-033/clips/pressure-033-scene-0006.mp4,374971,d434ba6149f6e45fcb14c76d07fe80b196e01c0fee0dea6508f7882f5e4dd9a7,data_video/raw/archive_candidates/pressure-033.mp4,82b0b03bbd100b164d99059f208450df8f8e3641542e1668ddc8da1cb4472e3d,ffmpeg_scene_score,0.32,2,2026-07-23T18:29:37.794575+00:00,success,
pressure-033-scene-0007,pressure-033,56.757,60.928,4.171,data_video/processed/pressure-033/clips/pressure-033-scene-0007.mp4,471300,c18520205a715a4b0e04eabacdf5077d6bc8c1ea9b5cf5f041bc6322988738c5,data_video/raw/archive_candidates/pressure-033.mp4,82b0b03bbd100b164d99059f208450df8f8e3641542e1668ddc8da1cb4472e3d,ffmpeg_scene_score,0.32,2,2026-07-23T18:29:39.605517+00:00,success,
pressure-033-scene-0008,pressure-033,60.928,96.763,35.836,data_video/processed/pressure-033/clips/pressure-033-scene-0008.mp4,2566944,cdd8035656b38fd91ceeffaee8487c1a22b57b3cf364f1be280004925d755dba,data_video/raw/archive_candidates/pressure-033.mp4,82b0b03bbd100b164d99059f208450df8f8e3641542e1668ddc8da1cb4472e3d,ffmpeg_scene_score,0.32,2,2026-07-23T18:29:48.077655+00:00,success,
pressure-033-scene-0009,pressure-033,96.763,99.666,2.903,data_video/processed/pressure-033/clips/pressure-033-scene-0009.mp4,378606,260b348031fa0268976aba970140cfab35b6df6043df1515bc08e33495ea9aea,data_video/raw/archive_candidates/pressure-033.mp4,82b0b03bbd100b164d99059f208450df8f8e3641542e1668ddc8da1cb4472e3d,ffmpeg_scene_score,0.32,2,2026-07-23T18:29:49.509077+00:00,success,
pressure-033-scene-0010,pressure-033,99.666,109.376,9.710,data_video/processed/pressure-033/clips/pressure-033-scene-0010.mp4,755653,6e8e2ee62bc4623463317c5d31709951399145cdb4f3ae26352b8da5981da738,data_video/raw/archive_candidates/pressure-033.mp4,82b0b03bbd100b164d99059f208450df8f8e3641542e1668ddc8da1cb4472e3d,ffmpeg_scene_score,0.32,2,2026-07-23T18:29:52.254338+00:00,success,
pressure-033-scene-0011,pressure-033,109.376,114.414,5.038,data_video/processed/pressure-033/clips/pressure-033-scene-0011.mp4,359761,c37eef6e054dd9346ab50fa5b09efd484172eb4d0aa78c1fb45896a272567eaa,data_video/raw/archive_candidates/pressure-033.mp4,82b0b03bbd100b164d99059f208450df8f8e3641542e1668ddc8da1cb4472e3d,ffmpeg_scene_score,0.32,2,2026-07-23T18:29:54.068001+00:00,success,
pressure-033-scene-0012,pressure-033,114.414,125.459,11.044,data_video/processed/pressure-033/clips/pressure-033-scene-0012.mp4,865692,e1c2ea8494c642108bb4a6c84a68ba01183f7b515cf0b18f3836a15db8456d37,data_video/raw/archive_candidates/pressure-033.mp4,82b0b03bbd100b164d99059f208450df8f8e3641542e1668ddc8da1cb4472e3d,ffmpeg_scene_score,0.32,2,2026-07-23T18:29:56.993316+00:00,success,
pressure-033-scene-0013,pressure-033,125.459,127.594,2.135,data_video/processed/pressure-033/clips/pressure-033-scene-0013.mp4,128983,e7d92a6924027c630ef20fa34448c6f19633ee617d6de37fbc208558de4e4df3,data_video/raw/archive_candidates/pressure-033.mp4,82b0b03bbd100b164d99059f208450df8f8e3641542e1668ddc8da1cb4472e3d,ffmpeg_scene_score,0.32,2,2026-07-23T18:29:58.096889+00:00,success,
pressure-033-scene-0014,pressure-033,127.594,130.664,3.070,data_video/processed/pressure-033/clips/pressure-033-scene-0014.mp4,220432,8b45c20cd05d583557dc95562ce36ef0bbc399815abe10074c32c37b342c8664,data_video/raw/archive_candidates/pressure-033.mp4,82b0b03bbd100b164d99059f208450df8f8e3641542e1668ddc8da1cb4472e3d,ffmpeg_scene_score,0.32,2,2026-07-23T18:29:59.472391+00:00,success,
pressure-033-scene-0015,pressure-033,130.664,134.001,3.337,data_video/processed/pressure-033/clips/pressure-033-scene-0015.mp4,176426,87b7032653ce8cfdb1f9b854d808d94bb6d064c3bf099c93a146677064ba6d82,data_video/raw/archive_candidates/pressure-033.mp4,82b0b03bbd100b164d99059f208450df8f8e3641542e1668ddc8da1cb4472e3d,ffmpeg_scene_score,0.32,2,2026-07-23T18:30:00.898268+00:00,success,
pressure-033-scene-0016,pressure-033,134.001,154.021,20.020,data_video/processed/pressure-033/clips/pressure-033-scene-0016.mp4,1626317,2e268c0a6e050e222ae4c549d2bc67c43b8ddb47252a6b2a14e012e87f0ea0e4,data_video/raw/archive_candidates/pressure-033.mp4,82b0b03bbd100b164d99059f208450df8f8e3641542e1668ddc8da1cb4472e3d,ffmpeg_scene_score,0.32,2,2026-07-23T18:30:05.818108+00:00,success,
pressure-033-scene-0017,pressure-033,154.021,172.806,18.785,data_video/processed/pressure-033/clips/pressure-033-scene-0017.mp4,1378592,2ac7b9bdaf990febc9bee41e693e6aaeb6f324118ed36be3674d6363dde4c5e6,data_video/raw/archive_candidates/pressure-033.mp4,82b0b03bbd100b164d99059f208450df8f8e3641542e1668ddc8da1cb4472e3d,ffmpeg_scene_score,0.32,2,2026-07-23T18:30:10.260581+00:00,success,
pressure-033-scene-0018,pressure-033,172.806,181.582,8.775,data_video/processed/pressure-033/clips/pressure-033-scene-0018.mp4,876253,a37e3d03a4ff53fb0ae13e21eb1286d2af77205da8843ccb4983fd5789d02e78,data_video/raw/archive_candidates/pressure-033.mp4,82b0b03bbd100b164d99059f208450df8f8e3641542e1668ddc8da1cb4472e3d,ffmpeg_scene_score,0.32,2,2026-07-23T18:30:12.901112+00:00,success,
pressure-033-scene-0019,pressure-033,181.582,196.096,14.515,data_video/processed/pressure-033/clips/pressure-033-scene-0019.mp4,980220,b84faa961614dfbfb1ee6246a5a2b867b9a8e7a6d92a7bfda24c9f63d4b36c8f,data_video/raw/archive_candidates/pressure-033.mp4,82b0b03bbd100b164d99059f208450df8f8e3641542e1668ddc8da1cb4472e3d,ffmpeg_scene_score,0.32,2,2026-07-23T18:30:16.529508+00:00,success,
pressure-033-scene-0020,pressure-033,196.096,204.071,7.975,data_video/processed/pressure-033/clips/pressure-033-scene-0020.mp4,497562,2df8d22ea09835300538355bf2f933e6a498c5f30f6d351a07c75cadb456e17a,data_video/raw/archive_candidates/pressure-033.mp4,82b0b03bbd100b164d99059f208450df8f8e3641542e1668ddc8da1cb4472e3d,ffmpeg_scene_score,0.32,2,2026-07-23T18:30:18.916792+00:00,success,
pressure-033-scene-0021,pressure-033,204.071,210.077,6.006,data_video/processed/pressure-033/clips/pressure-033-scene-0021.mp4,758826,e0093b23fde267a18e8f35f7e253805bb277b65e69ca29da85f462fe195c2dd5,data_video/raw/archive_candidates/pressure-033.mp4,82b0b03bbd100b164d99059f208450df8f8e3641542e1668ddc8da1cb4472e3d,ffmpeg_scene_score,0.32,2,2026-07-23T18:30:20.834227+00:00,success,
pressure-033-scene-0022,pressure-033,210.077,231.164,21.088,data_video/processed/pressure-033/clips/pressure-033-scene-0022.mp4,1274099,4f5ba12863e009ff1154124b9786e58ae478e27b8c253ad52091ed62e6cffd06,data_video/raw/archive_candidates/pressure-033.mp4,82b0b03bbd100b164d99059f208450df8f8e3641542e1668ddc8da1cb4472e3d,ffmpeg_scene_score,0.32,2,2026-07-23T18:30:25.882130+00:00,success,
pressure-033-scene-0023,pressure-033,231.164,234.434,3.270,data_video/processed/pressure-033/clips/pressure-033-scene-0023.mp4,191326,5035522ecedfbf5f26c8231decba203f37fb231fd54106600320af5beafb7a70,data_video/raw/archive_candidates/pressure-033.mp4,82b0b03bbd100b164d99059f208450df8f8e3641542e1668ddc8da1cb4472e3d,ffmpeg_scene_score,0.32,2,2026-07-23T18:30:27.140306+00:00,success,
pressure-033-scene-0024,pressure-033,234.434,240.440,6.006,data_video/processed/pressure-033/clips/pressure-033-scene-0024.mp4,336874,71fa79d443d2d557bee9cb51c85fe651034f8a043bd5079cbc54ed0527d21e21,data_video/raw/archive_candidates/pressure-033.mp4,82b0b03bbd100b164d99059f208450df8f8e3641542e1668ddc8da1cb4472e3d,ffmpeg_scene_score,0.32,2,2026-07-23T18:30:28.879245+00:00,success,
pressure-033-scene-0025,pressure-033,240.440,242.709,2.269,data_video/processed/pressure-033/clips/pressure-033-scene-0025.mp4,140118,bceb273fb1a90a4c84847bf006168aca871f2eb5cd2d1e328fbeca0fd1fcf9c3,data_video/raw/archive_candidates/pressure-033.mp4,82b0b03bbd100b164d99059f208450df8f8e3641542e1668ddc8da1cb4472e3d,ffmpeg_scene_score,0.32,2,2026-07-23T18:30:30.062417+00:00,success,
pressure-033-scene-0026,pressure-033,242.709,254.154,11.445,data_video/processed/pressure-033/clips/pressure-033-scene-0026.mp4,700575,8656b11e32b3d7e493df50e0439c9ba1118687f1af0378bf4b7050b2201d8e8b,data_video/raw/archive_candidates/pressure-033.mp4,82b0b03bbd100b164d99059f208450df8f8e3641542e1668ddc8da1cb4472e3d,ffmpeg_scene_score,0.32,2,2026-07-23T18:30:33.146057+00:00,success,
pressure-033-scene-0027,pressure-033,254.154,265.399,11.245,data_video/processed/pressure-033/clips/pressure-033-scene-0027.mp4,941534,78bf33fc6b1dd49d524c7ec876faaa355030c961c12a0e0f48053dad55d3dd45,data_video/raw/archive_candidates/pressure-033.mp4,82b0b03bbd100b164d99059f208450df8f8e3641542e1668ddc8da1cb4472e3d,ffmpeg_scene_score,0.32,2,2026-07-23T18:30:36.062479+00:00,success,
pressure-033-scene-0028,pressure-033,265.399,269.803,4.404,data_video/processed/pressure-033/clips/pressure-033-scene-0028.mp4,300063,ad8d6ce253f1bde19918ef4e98c93770634255f826b301491c9c4a7f9c2a3cea,data_video/raw/archive_candidates/pressure-033.mp4,82b0b03bbd100b164d99059f208450df8f8e3641542e1668ddc8da1cb4472e3d,ffmpeg_scene_score,0.32,2,2026-07-23T18:30:37.568991+00:00,success,
pressure-033-scene-0029,pressure-033,269.803,274.274,4.471,data_video/processed/pressure-033/clips/pressure-033-scene-0029.mp4,324798,e79daddda51f6b11b212b83c783a41af60febb73bf3090c74d6c680b542b18ed,data_video/raw/archive_candidates/pressure-033.mp4,82b0b03bbd100b164d99059f208450df8f8e3641542e1668ddc8da1cb4472e3d,ffmpeg_scene_score,0.32,2,2026-07-23T18:30:39.173382+00:00,success,
pressure-033-scene-0030,pressure-033,274.274,281.181,6.907,data_video/processed/pressure-033/clips/pressure-033-scene-0030.mp4,702516,356e9186feff19d95df03ecf02405f0e38e2f5d1f95bde61264d1197cd243eef,data_video/raw/archive_candidates/pressure-033.mp4,82b0b03bbd100b164d99059f208450df8f8e3641542e1668ddc8da1cb4472e3d,ffmpeg_scene_score,0.32,2,2026-07-23T18:30:41.436119+00:00,success,
pressure-033-scene-0031,pressure-033,281.181,291.959,10.777,data_video/processed/pressure-033/clips/pressure-033-scene-0031.mp4,673819,553219df352fbdbdaaf31809076b8438282a19a2c66ff91f01376c370dbe5372,data_video/raw/archive_candidates/pressure-033.mp4,82b0b03bbd100b164d99059f208450df8f8e3641542e1668ddc8da1cb4472e3d,ffmpeg_scene_score,0.32,2,2026-07-23T18:30:44.114125+00:00,success,
pressure-033-scene-0032,pressure-033,291.959,293.961,2.002,data_video/processed/pressure-033/clips/pressure-033-scene-0032.mp4,159617,0af3d321ea829d2f8f74b2a537f5eb96a76cf19e12374647e5dd9a6936edd3bb,data_video/raw/archive_candidates/pressure-033.mp4,82b0b03bbd100b164d99059f208450df8f8e3641542e1668ddc8da1cb4472e3d,ffmpeg_scene_score,0.32,2,2026-07-23T18:30:45.115985+00:00,success,
pressure-033-scene-0033,pressure-033,293.961,307.407,13.447,data_video/processed/pressure-033/clips/pressure-033-scene-0033.mp4,830608,61f87a6f85b9feadcd154c6898a56ed87a210c642a332d109d4be368de635aa4,data_video/raw/archive_candidates/pressure-033.mp4,82b0b03bbd100b164d99059f208450df8f8e3641542e1668ddc8da1cb4472e3d,ffmpeg_scene_score,0.32,2,2026-07-23T18:30:48.276516+00:00,success,
pressure-033-scene-0034,pressure-033,307.407,309.676,2.269,data_video/processed/pressure-033/clips/pressure-033-scene-0034.mp4,248486,4d264b81e0e551ca7ce6d0970eb90d7bccc7036cbe73760faa7480f5d4c06fb2,data_video/raw/archive_candidates/pressure-033.mp4,82b0b03bbd100b164d99059f208450df8f8e3641542e1668ddc8da1cb4472e3d,ffmpeg_scene_score,0.32,2,2026-07-23T18:30:49.492285+00:00,success,
pressure-033-scene-0035,pressure-033,309.676,312.946,3.270,data_video/processed/pressure-033/clips/pressure-033-scene-0035.mp4,210791,2011936f5ec58038d25d834706c5713eb7810579e4eadd4c04f9e8f9539a77a2,data_video/raw/archive_candidates/pressure-033.mp4,82b0b03bbd100b164d99059f208450df8f8e3641542e1668ddc8da1cb4472e3d,ffmpeg_scene_score,0.32,2,2026-07-23T18:30:50.736380+00:00,success,
pressure-033-scene-0036,pressure-033,312.946,319.019,6.073,data_video/processed/pressure-033/clips/pressure-033-scene-0036.mp4,345563,0208c67efff7723e685076b30ac327f24cef003fd26ac5b2ad62c09918020574,data_video/raw/archive_candidates/pressure-033.mp4,82b0b03bbd100b164d99059f208450df8f8e3641542e1668ddc8da1cb4472e3d,ffmpeg_scene_score,0.32,2,2026-07-23T18:30:52.690010+00:00,success,
pressure-033-scene-0037,pressure-033,319.019,335.936,16.917,data_video/processed/pressure-033/clips/pressure-033-scene-0037.mp4,1289418,fd101c71a42e7dc4d3bf02b0cd4c26c8f6b6c73cb3379232ff23a95ad90a5f2f,data_video/raw/archive_candidates/pressure-033.mp4,82b0b03bbd100b164d99059f208450df8f8e3641542e1668ddc8da1cb4472e3d,ffmpeg_scene_score,0.32,2,2026-07-23T18:30:56.786235+00:00,success,
pressure-033-scene-0038,pressure-033,335.936,339.173,3.237,data_video/processed/pressure-033/clips/pressure-033-scene-0038.mp4,239364,67e864f4db2128fb01ced7a81fa0d42df9e8452f1672c1ba87d6d4505a990c3c,data_video/raw/archive_candidates/pressure-033.mp4,82b0b03bbd100b164d99059f208450df8f8e3641542e1668ddc8da1cb4472e3d,ffmpeg_scene_score,0.32,2,2026-07-23T18:30:58.220173+00:00,success,
pressure-033-scene-0039,pressure-033,339.173,383.884,44.711,data_video/processed/pressure-033/clips/pressure-033-scene-0039.mp4,3290266,571e4fedbe8186d50ba300b40f9142e4f6272cb2fc35ca790b327576730e29b0,data_video/raw/archive_candidates/pressure-033.mp4,82b0b03bbd100b164d99059f208450df8f8e3641542e1668ddc8da1cb4472e3d,ffmpeg_scene_score,0.32,2,2026-07-23T18:31:08.735622+00:00,success,
pressure-033-scene-0040,pressure-033,383.884,421.321,37.437,data_video/processed/pressure-033/clips/pressure-033-scene-0040.mp4,2870231,cc1618662f67bc0efc459e401d8898d15095fb0a8480f6db83dac72693b7e465,data_video/raw/archive_candidates/pressure-033.mp4,82b0b03bbd100b164d99059f208450df8f8e3641542e1668ddc8da1cb4472e3d,ffmpeg_scene_score,0.32,2,2026-07-23T18:31:17.024297+00:00,success,
pressure-033-scene-0041,pressure-033,421.321,423.624,2.302,data_video/processed/pressure-033/clips/pressure-033-scene-0041.mp4,188024,c5c92cc4fef247e0e425d221365fe750491ef13d8c70870160cee3d793bc2572,data_video/raw/archive_candidates/pressure-033.mp4,82b0b03bbd100b164d99059f208450df8f8e3641542e1668ddc8da1cb4472e3d,ffmpeg_scene_score,0.32,2,2026-07-23T18:31:18.069202+00:00,success,
pressure-033-scene-0042,pressure-033,423.624,429.730,6.106,data_video/processed/pressure-033/clips/pressure-033-scene-0042.mp4,340026,a9337d42bf78f7e79a572eeece2484cea5156f3d99e1aae4375ae8355d542ba2,data_video/raw/archive_candidates/pressure-033.mp4,82b0b03bbd100b164d99059f208450df8f8e3641542e1668ddc8da1cb4472e3d,ffmpeg_scene_score,0.32,2,2026-07-23T18:31:20.284230+00:00,success,
pressure-033-scene-0043,pressure-033,429.730,453.387,23.657,data_video/processed/pressure-033/clips/pressure-033-scene-0043.mp4,2117276,9eb386c6cd52d516acce55205d81818c4c2899119197a62e34a314adbdd295ba,data_video/raw/archive_candidates/pressure-033.mp4,82b0b03bbd100b164d99059f208450df8f8e3641542e1668ddc8da1cb4472e3d,ffmpeg_scene_score,0.32,2,2026-07-23T18:31:25.795691+00:00,success,
pressure-033-scene-0044,pressure-033,453.387,456.523,3.136,data_video/processed/pressure-033/clips/pressure-033-scene-0044.mp4,196878,742ed57410e2c1e14e2ffb4165761d66d1b21ed9533fa69e5cd8c981e308f37f,data_video/raw/archive_candidates/pressure-033.mp4,82b0b03bbd100b164d99059f208450df8f8e3641542e1668ddc8da1cb4472e3d,ffmpeg_scene_score,0.32,2,2026-07-23T18:31:27.042805+00:00,success,
pressure-033-scene-0045,pressure-033,456.523,474.975,18.452,data_video/processed/pressure-033/clips/pressure-033-scene-0045.mp4,1897568,ffa34bd5ded128bcb4a3480b5eeb3161f5acbf0d36ed2f449d4b60134edfe5bf,data_video/raw/archive_candidates/pressure-033.mp4,82b0b03bbd100b164d99059f208450df8f8e3641542e1668ddc8da1cb4472e3d,ffmpeg_scene_score,0.32,2,2026-07-23T18:31:31.668056+00:00,success,
pressure-033-scene-0046,pressure-033,474.975,480.113,5.138,data_video/processed/pressure-033/clips/pressure-033-scene-0046.mp4,295379,041a482584c0404c41aae49017ec3bd8e5d8900c100fbba69f403b482aa002fb,data_video/raw/archive_candidates/pressure-033.mp4,82b0b03bbd100b164d99059f208450df8f8e3641542e1668ddc8da1cb4472e3d,ffmpeg_scene_score,0.32,2,2026-07-23T18:31:33.063173+00:00,success,
pressure-033-scene-0047,pressure-033,480.113,486.486,6.373,data_video/processed/pressure-033/clips/pressure-033-scene-0047.mp4,564812,49e30a7135e5bc9431c9ef0127128fd69aec3d97da78018c90be2119f58c9dbb,data_video/raw/archive_candidates/pressure-033.mp4,82b0b03bbd100b164d99059f208450df8f8e3641542e1668ddc8da1cb4472e3d,ffmpeg_scene_score,0.32,2,2026-07-23T18:31:35.312561+00:00,success,
pressure-033-scene-0048,pressure-033,486.486,515.682,29.196,data_video/processed/pressure-033/clips/pressure-033-scene-0048.mp4,2673494,5fe093741936939016ca2f465165b5dcafbf1bb86aa1a766b78fec6cb4c91841,data_video/raw/archive_candidates/pressure-033.mp4,82b0b03bbd100b164d99059f208450df8f8e3641542e1668ddc8da1cb4472e3d,ffmpeg_scene_score,0.32,2,2026-07-23T18:31:42.603663+00:00,success,
pressure-033-scene-0049,pressure-033,515.682,520.220,4.538,data_video/processed/pressure-033/clips/pressure-033-scene-0049.mp4,439524,27b275dd9403e4621584109dbe6c2dbe3ec97a6ae04ee61d44f299a4e2411464,data_video/raw/archive_candidates/pressure-033.mp4,82b0b03bbd100b164d99059f208450df8f8e3641542e1668ddc8da1cb4472e3d,ffmpeg_scene_score,0.32,2,2026-07-23T18:31:44.301120+00:00,success,
pressure-033-scene-0050,pressure-033,520.220,533.934,13.714,data_video/processed/pressure-033/clips/pressure-033-scene-0050.mp4,1004690,bf23054adfa05493a57a8d9d51022b60d4fdbf96de54cd677d92522c26ffd514,data_video/raw/archive_candidates/pressure-033.mp4,82b0b03bbd100b164d99059f208450df8f8e3641542e1668ddc8da1cb4472e3d,ffmpeg_scene_score,0.32,2,2026-07-23T18:31:48.130788+00:00,success,
pressure-033-scene-0051,pressure-033,533.934,536.236,2.302,data_video/processed/pressure-033/clips/pressure-033-scene-0051.mp4,168908,b6ad27a3c1202a73a304f2c4ffdb0b48e1e878b8ab2435ef0b6721259ac627e5,data_video/raw/archive_candidates/pressure-033.mp4,82b0b03bbd100b164d99059f208450df8f8e3641542e1668ddc8da1cb4472e3d,ffmpeg_scene_score,0.32,2,2026-07-23T18:31:49.222744+00:00,success,
pressure-033-scene-0052,pressure-033,536.236,541.608,5.372,data_video/processed/pressure-033/clips/pressure-033-scene-0052.mp4,399862,b0f70f17c82bcf53c2fe079716f5ee150f34bf69188cab1aa7716be37a8a0f70,data_video/raw/archive_candidates/pressure-033.mp4,82b0b03bbd100b164d99059f208450df8f8e3641542e1668ddc8da1cb4472e3d,ffmpeg_scene_score,0.32,2,2026-07-23T18:31:51.061008+00:00,success,
pressure-033-scene-0053,pressure-033,541.608,556.523,14.915,data_video/processed/pressure-033/clips/pressure-033-scene-0053.mp4,863882,e1e8b4d498e513cba3b8d79203e07ddc0489d6e55acee068c9b4962906915404,data_video/raw/archive_candidates/pressure-033.mp4,82b0b03bbd100b164d99059f208450df8f8e3641542e1668ddc8da1cb4472e3d,ffmpeg_scene_score,0.32,2,2026-07-23T18:31:54.835159+00:00,success,
pressure-033-scene-0054,pressure-033,556.523,576.610,20.087,data_video/processed/pressure-033/clips/pressure-033-scene-0054.mp4,1189124,69accdbbcc6c6da227b705f1f4245294ec522c265acfc8d5bf9bc7dcef422ce7,data_video/raw/archive_candidates/pressure-033.mp4,82b0b03bbd100b164d99059f208450df8f8e3641542e1668ddc8da1cb4472e3d,ffmpeg_scene_score,0.32,2,2026-07-23T18:31:59.433352+00:00,success,
pressure-033-scene-0055,pressure-033,576.610,588.388,11.778,data_video/processed/pressure-033/clips/pressure-033-scene-0055.mp4,608967,d8c78d26254afc2a3f0edf84e680a8cc9a78cff4fc58f9216a99501bee4c6c4d,data_video/raw/archive_candidates/pressure-033.mp4,82b0b03bbd100b164d99059f208450df8f8e3641542e1668ddc8da1cb4472e3d,ffmpeg_scene_score,0.32,2,2026-07-23T18:32:02.281584+00:00,success,
pressure-033-scene-0056,pressure-033,588.388,591.758,3.370,data_video/processed/pressure-033/clips/pressure-033-scene-0056.mp4,275337,7bb4eca2c410d6a973046b88150893a06aa9409475afa88545c40e14b6428e28,data_video/raw/archive_candidates/pressure-033.mp4,82b0b03bbd100b164d99059f208450df8f8e3641542e1668ddc8da1cb4472e3d,ffmpeg_scene_score,0.32,2,2026-07-23T18:32:03.743753+00:00,success,
pressure-033-scene-0057,pressure-033,591.758,596.396,4.638,data_video/processed/pressure-033/clips/pressure-033-scene-0057.mp4,234144,720786345f6cfd4370317413accc24955d9455c403b28ed5f62e1bff3e707208,data_video/raw/archive_candidates/pressure-033.mp4,82b0b03bbd100b164d99059f208450df8f8e3641542e1668ddc8da1cb4472e3d,ffmpeg_scene_score,0.32,2,2026-07-23T18:32:05.265600+00:00,success,
pressure-033-scene-0058,pressure-033,596.396,629.396,33.000,data_video/processed/pressure-033/clips/pressure-033-scene-0058.mp4,3148028,c4cf5ab725547f5ccdc428ca29b3da002bd316a2de9dbecb36c3b3a791593823,data_video/raw/archive_candidates/pressure-033.mp4,82b0b03bbd100b164d99059f208450df8f8e3641542e1668ddc8da1cb4472e3d,ffmpeg_scene_score,0.32,2,2026-07-23T18:32:13.735406+00:00,success,
pressure-033-scene-0059,pressure-033,629.396,635.669,6.273,data_video/processed/pressure-033/clips/pressure-033-scene-0059.mp4,319132,1082c00885d8a8eadbb83374dd7b8ffc1ad18e33b07e9becb4b4d8a2755da066,data_video/raw/archive_candidates/pressure-033.mp4,82b0b03bbd100b164d99059f208450df8f8e3641542e1668ddc8da1cb4472e3d,ffmpeg_scene_score,0.32,2,2026-07-23T18:32:15.543945+00:00,success,
pressure-033-scene-0060,pressure-033,635.669,642.442,6.773,data_video/processed/pressure-033/clips/pressure-033-scene-0060.mp4,464611,872d3c1d1715460f96d7da632423e6f2ce1828c75ada92893029d3b5b6ac511a,data_video/raw/archive_candidates/pressure-033.mp4,82b0b03bbd100b164d99059f208450df8f8e3641542e1668ddc8da1cb4472e3d,ffmpeg_scene_score,0.32,2,2026-07-23T18:32:17.488518+00:00,success,
pressure-033-scene-0061,pressure-033,642.442,755.122,112.679,data_video/processed/pressure-033/clips/pressure-033-scene-0061.mp4,10880498,b285201c062b7eb977ba75b66172b7de90d2d0d470087a8a91c19bd088e0e93e,data_video/raw/archive_candidates/pressure-033.mp4,82b0b03bbd100b164d99059f208450df8f8e3641542e1668ddc8da1cb4472e3d,ffmpeg_scene_score,0.32,2,2026-07-23T18:32:41.160294+00:00,success,
pressure-033-scene-0062,pressure-033,755.122,758.425,3.303,data_video/processed/pressure-033/clips/pressure-033-scene-0062.mp4,157108,a4f22ca69a7073bcf00518551e0025033077f3bd46efeb3494bfa498cfda1002,data_video/raw/archive_candidates/pressure-033.mp4,82b0b03bbd100b164d99059f208450df8f8e3641542e1668ddc8da1cb4472e3d,ffmpeg_scene_score,0.32,2,2026-07-23T18:32:42.540193+00:00,success,
pressure-033-scene-0063,pressure-033,758.425,760.961,2.536,data_video/processed/pressure-033/clips/pressure-033-scene-0063.mp4,123290,220e10eef93b6acaffbd68a7ca83c3a04619fe911bb86200de56e604d39af233,data_video/raw/archive_candidates/pressure-033.mp4,82b0b03bbd100b164d99059f208450df8f8e3641542e1668ddc8da1cb4472e3d,ffmpeg_scene_score,0.32,2,2026-07-23T18:32:43.688636+00:00,success,
pressure-033-scene-0064,pressure-033,760.961,767.267,6.306,data_video/processed/pressure-033/clips/pressure-033-scene-0064.mp4,302399,f85fc99bad192955bf8b3420a99cc915e0027131365c875f292ff241d157c6f6,data_video/raw/archive_candidates/pressure-033.mp4,82b0b03bbd100b164d99059f208450df8f8e3641542e1668ddc8da1cb4472e3d,ffmpeg_scene_score,0.32,2,2026-07-23T18:32:45.699889+00:00,success,
pressure-033-scene-0065,pressure-033,767.267,771.004,3.737,data_video/processed/pressure-033/clips/pressure-033-scene-0065.mp4,188696,e98b59d904ae64c32636dd3cbee6ffeee573823af065280ee474cd0b54f3d4f8,data_video/raw/archive_candidates/pressure-033.mp4,82b0b03bbd100b164d99059f208450df8f8e3641542e1668ddc8da1cb4472e3d,ffmpeg_scene_score,0.32,2,2026-07-23T18:32:47.035886+00:00,success,
pressure-033-scene-0066,pressure-033,771.004,788.388,17.384,data_video/processed/pressure-033/clips/pressure-033-scene-0066.mp4,1002465,dcf99691553d42c4c71197e252fa7a967b87493728bd0abe4e05bfe9cbc94c6a,data_video/raw/archive_candidates/pressure-033.mp4,82b0b03bbd100b164d99059f208450df8f8e3641542e1668ddc8da1cb4472e3d,ffmpeg_scene_score,0.32,2,2026-07-23T18:32:50.755469+00:00,success,
pressure-033-scene-0067,pressure-033,788.388,792.326,3.937,data_video/processed/pressure-033/clips/pressure-033-scene-0067.mp4,381088,b915cced6491c8d83a3f9e5c28101f8ac7a14b7d29d2d5cb4ab40569c0f0ae41,data_video/raw/archive_candidates/pressure-033.mp4,82b0b03bbd100b164d99059f208450df8f8e3641542e1668ddc8da1cb4472e3d,ffmpeg_scene_score,0.32,2,2026-07-23T18:32:52.336660+00:00,success,
pressure-033-scene-0068,pressure-033,792.326,799.633,7.307,data_video/processed/pressure-033/clips/pressure-033-scene-0068.mp4,405775,06b7e3d2962fd45b2424f9c37820bcd92d9308096dfe88fbd929b1a9fffc5272,data_video/raw/archive_candidates/pressure-033.mp4,82b0b03bbd100b164d99059f208450df8f8e3641542e1668ddc8da1cb4472e3d,ffmpeg_scene_score,0.32,2,2026-07-23T18:32:54.490381+00:00,success,
pressure-033-scene-0069,pressure-033,799.633,804.104,4.471,data_video/processed/pressure-033/clips/pressure-033-scene-0069.mp4,422871,31c02615818757ea83ac3621298ca1f6260204f10b65e7f71e7f79b627dd7238,data_video/raw/archive_candidates/pressure-033.mp4,82b0b03bbd100b164d99059f208450df8f8e3641542e1668ddc8da1cb4472e3d,ffmpeg_scene_score,0.32,2,2026-07-23T18:32:56.121716+00:00,success,
pressure-033-scene-0070,pressure-033,804.104,827.427,23.323,data_video/processed/pressure-033/clips/pressure-033-scene-0070.mp4,1261752,599935a2a23a0c86d0922794b54a804498b82d0e23f2441dd6f055b5cf36ecbd,data_video/raw/archive_candidates/pressure-033.mp4,82b0b03bbd100b164d99059f208450df8f8e3641542e1668ddc8da1cb4472e3d,ffmpeg_scene_score,0.32,2,2026-07-23T18:33:01.354936+00:00,success,
pressure-033-scene-0071,pressure-033,827.427,829.696,2.269,data_video/processed/pressure-033/clips/pressure-033-scene-0071.mp4,260786,8fa7c9c2a10c60502e1814e43d716e8d016cd5d883829ed0e37b2a1fb6894d5b,data_video/raw/archive_candidates/pressure-033.mp4,82b0b03bbd100b164d99059f208450df8f8e3641542e1668ddc8da1cb4472e3d,ffmpeg_scene_score,0.32,2,2026-07-23T18:33:02.466401+00:00,success,
pressure-033-scene-0072,pressure-033,829.696,842.409,12.713,data_video/processed/pressure-033/clips/pressure-033-scene-0072.mp4,712187,e2929d526d75873dd97ecd682fd4497ae8baea944c14c1cdace624180a7cd2e5,data_video/raw/archive_candidates/pressure-033.mp4,82b0b03bbd100b164d99059f208450df8f8e3641542e1668ddc8da1cb4472e3d,ffmpeg_scene_score,0.32,2,2026-07-23T18:33:05.407956+00:00,success,
pressure-033-scene-0073,pressure-033,842.409,848.382,5.973,data_video/processed/pressure-033/clips/pressure-033-scene-0073.mp4,721697,09a8a5478146e85085a1ed9fc49f9a36e8ddab667cd29a25e99759d014e018b1,data_video/raw/archive_candidates/pressure-033.mp4,82b0b03bbd100b164d99059f208450df8f8e3641542e1668ddc8da1cb4472e3d,ffmpeg_scene_score,0.32,2,2026-07-23T18:33:07.478984+00:00,success,
pressure-033-scene-0074,pressure-033,848.382,852.186,3.804,data_video/processed/pressure-033/clips/pressure-033-scene-0074.mp4,211638,afbf8d5934693ad2cedd19004b3c607217af87db293a870e11f8109f6e135760,data_video/raw/archive_candidates/pressure-033.mp4,82b0b03bbd100b164d99059f208450df8f8e3641542e1668ddc8da1cb4472e3d,ffmpeg_scene_score,0.32,2,2026-07-23T18:33:08.937964+00:00,success,
pressure-033-scene-0075,pressure-033,852.186,856.356,4.171,data_video/processed/pressure-033/clips/pressure-033-scene-0075.mp4,393368,decb2ba0cd7b99e0a39398bfd3de66b6cd2d9dbf7a91a9746bfcb103945fd909,data_video/raw/archive_candidates/pressure-033.mp4,82b0b03bbd100b164d99059f208450df8f8e3641542e1668ddc8da1cb4472e3d,ffmpeg_scene_score,0.32,2,2026-07-23T18:33:10.537335+00:00,success,
pressure-033-scene-0076,pressure-033,856.356,866.266,9.910,data_video/processed/pressure-033/clips/pressure-033-scene-0076.mp4,580193,2a99855d83b7c9dc82a70fbfd9bd379c5649f9007e896c3b213ccc6dffab601c,data_video/raw/archive_candidates/pressure-033.mp4,82b0b03bbd100b164d99059f208450df8f8e3641542e1668ddc8da1cb4472e3d,ffmpeg_scene_score,0.32,2,2026-07-23T18:33:12.723229+00:00,success,
pressure-033-scene-0077,pressure-033,866.266,880.848,14.581,data_video/processed/pressure-033/clips/pressure-033-scene-0077.mp4,734295,302dc59cd6de190a14ab13d7d0cb6ca4219c225543cbf7789aa05dcb3ea9713f,data_video/raw/archive_candidates/pressure-033.mp4,82b0b03bbd100b164d99059f208450df8f8e3641542e1668ddc8da1cb4472e3d,ffmpeg_scene_score,0.32,2,2026-07-23T18:33:16.178323+00:00,success,
pressure-033-scene-0078,pressure-033,880.848,939.700,58.852,data_video/processed/pressure-033/clips/pressure-033-scene-0078.mp4,3270765,3114c589b2ee81980fc0df6f5c2ff758cd94c8c3440964eef99bafa9685e06d7,data_video/raw/archive_candidates/pressure-033.mp4,82b0b03bbd100b164d99059f208450df8f8e3641542e1668ddc8da1cb4472e3d,ffmpeg_scene_score,0.32,2,2026-07-23T18:33:24.921246+00:00,success,
pressure-036-scene-0001,pressure-036,0.000,24.358,24.358,data_video/processed/pressure-036/clips/pressure-036-scene-0001.mp4,1372997,9239a1af28b4810dabddd8a479b5b3a5adc3f82ff37f33890f4263bfc6b8f900,data_video/raw/archive_candidates/pressure-036.mp4,7998ce338113cbc2bb159748e9666cc214d77d31e3c5b6aa82e50698e3e04653,ffmpeg_scene_score,0.32,2,2026-07-23T18:33:41.826004+00:00,success,
pressure-036-scene-0002,pressure-036,24.358,33.667,9.309,data_video/processed/pressure-036/clips/pressure-036-scene-0002.mp4,213362,e70541ff9873b72324c5889e3ea57ab0f5d06182b9f500fd37065bdea0eaf2b9,data_video/raw/archive_candidates/pressure-036.mp4,7998ce338113cbc2bb159748e9666cc214d77d31e3c5b6aa82e50698e3e04653,ffmpeg_scene_score,0.32,2,2026-07-23T18:33:44.076716+00:00,success,
pressure-036-scene-0003,pressure-036,33.667,50.717,17.050,data_video/processed/pressure-036/clips/pressure-036-scene-0003.mp4,1298797,e09e622100e4c371e981edce2e0c2092820da47495b2e29ddd6e698dbd180bf8,data_video/raw/archive_candidates/pressure-036.mp4,7998ce338113cbc2bb159748e9666cc214d77d31e3c5b6aa82e50698e3e04653,ffmpeg_scene_score,0.32,2,2026-07-23T18:33:48.536605+00:00,success,
pressure-036-scene-0004,pressure-036,50.717,65.999,15.282,data_video/processed/pressure-036/clips/pressure-036-scene-0004.mp4,1358826,327518591b9893a07e788b593c591761bc03e2e3a541168ed9285a2d663618d4,data_video/raw/archive_candidates/pressure-036.mp4,7998ce338113cbc2bb159748e9666cc214d77d31e3c5b6aa82e50698e3e04653,ffmpeg_scene_score,0.32,2,2026-07-23T18:33:52.560633+00:00,success,
pressure-036-scene-0005,pressure-036,65.999,72.773,6.773,data_video/processed/pressure-036/clips/pressure-036-scene-0005.mp4,431745,90d0f3cf5d989bdec6a03670f4bdb92182f06063dc9ac7a66e48618de74058e7,data_video/raw/archive_candidates/pressure-036.mp4,7998ce338113cbc2bb159748e9666cc214d77d31e3c5b6aa82e50698e3e04653,ffmpeg_scene_score,0.32,2,2026-07-23T18:33:54.775354+00:00,success,
pressure-036-scene-0006,pressure-036,72.773,78.312,5.539,data_video/processed/pressure-036/clips/pressure-036-scene-0006.mp4,457319,5257a230d0a1432af29f1a8cca6eec5e920f901dbd45de4064edb66a725cf308,data_video/raw/archive_candidates/pressure-036.mp4,7998ce338113cbc2bb159748e9666cc214d77d31e3c5b6aa82e50698e3e04653,ffmpeg_scene_score,0.32,2,2026-07-23T18:33:56.472535+00:00,success,
pressure-036-scene-0007,pressure-036,78.312,91.658,13.347,data_video/processed/pressure-036/clips/pressure-036-scene-0007.mp4,1445318,6fd230bf9288a53dbc5c934bb90aa50e48b7efacae56a46c6eb56243e8632198,data_video/raw/archive_candidates/pressure-036.mp4,7998ce338113cbc2bb159748e9666cc214d77d31e3c5b6aa82e50698e3e04653,ffmpeg_scene_score,0.32,2,2026-07-23T18:34:00.860295+00:00,success,
pressure-036-scene-0008,pressure-036,91.658,99.333,7.674,data_video/processed/pressure-036/clips/pressure-036-scene-0008.mp4,760519,48eb060807614c1b14fab27dccfb43632a298989a4787e27b3c84346be2a2f0c,data_video/raw/archive_candidates/pressure-036.mp4,7998ce338113cbc2bb159748e9666cc214d77d31e3c5b6aa82e50698e3e04653,ffmpeg_scene_score,0.32,2,2026-07-23T18:34:03.679481+00:00,success,
pressure-036-scene-0009,pressure-036,99.333,109.343,10.010,data_video/processed/pressure-036/clips/pressure-036-scene-0009.mp4,747400,3c9226d960cc04ade77b6b8eb06dca239d45ae544c48dde9d9589e5ab5daecc7,data_video/raw/archive_candidates/pressure-036.mp4,7998ce338113cbc2bb159748e9666cc214d77d31e3c5b6aa82e50698e3e04653,ffmpeg_scene_score,0.32,2,2026-07-23T18:34:06.773492+00:00,success,
pressure-036-scene-0010,pressure-036,109.343,118.819,9.476,data_video/processed/pressure-036/clips/pressure-036-scene-0010.mp4,520852,10a7b9b8bf47294a159c54d9573dbc19def0100fe3ba4887d0454b13267deeb1,data_video/raw/archive_candidates/pressure-036.mp4,7998ce338113cbc2bb159748e9666cc214d77d31e3c5b6aa82e50698e3e04653,ffmpeg_scene_score,0.32,2,2026-07-23T18:34:09.739518+00:00,success,
pressure-036-scene-0011,pressure-036,118.819,174.675,55.856,data_video/processed/pressure-036/clips/pressure-036-scene-0011.mp4,2557296,8847f2f1ec9a24ed3a79f8f4a131f78fb3c314228bf0416834b475dd118a4eaa,data_video/raw/archive_candidates/pressure-036.mp4,7998ce338113cbc2bb159748e9666cc214d77d31e3c5b6aa82e50698e3e04653,ffmpeg_scene_score,0.32,2,2026-07-23T18:34:21.201940+00:00,success,
pressure-036-scene-0012,pressure-036,174.675,219.353,44.678,data_video/processed/pressure-036/clips/pressure-036-scene-0012.mp4,2939246,e9cb50d79c2b1be232e4b89fd6cc0791f0097a236e9ed4aaff58f16387679a51,data_video/raw/archive_candidates/pressure-036.mp4,7998ce338113cbc2bb159748e9666cc214d77d31e3c5b6aa82e50698e3e04653,ffmpeg_scene_score,0.32,2,2026-07-23T18:34:31.009906+00:00,success,
pressure-036-scene-0013,pressure-036,219.353,227.327,7.975,data_video/processed/pressure-036/clips/pressure-036-scene-0013.mp4,643461,a9f577744f7fefb090b3330c7cf3681aa711242276f4754a815c1ea6a92e8b88,data_video/raw/archive_candidates/pressure-036.mp4,7998ce338113cbc2bb159748e9666cc214d77d31e3c5b6aa82e50698e3e04653,ffmpeg_scene_score,0.32,2,2026-07-23T18:34:33.661547+00:00,success,
pressure-036-scene-0014,pressure-036,227.327,268.101,40.774,data_video/processed/pressure-036/clips/pressure-036-scene-0014.mp4,2693325,9bd4f465867a6a9d686670774e37a8f7a730b49fb9344f4d333887693a2576cc,data_video/raw/archive_candidates/pressure-036.mp4,7998ce338113cbc2bb159748e9666cc214d77d31e3c5b6aa82e50698e3e04653,ffmpeg_scene_score,0.32,2,2026-07-23T18:34:42.959103+00:00,success,
pressure-036-scene-0015,pressure-036,268.101,302.503,34.401,data_video/processed/pressure-036/clips/pressure-036-scene-0015.mp4,1893642,f9be1c28fc6901b25e2755fb2e4e7be238e9c1055ba66a96730bbdb110cccc81,data_video/raw/archive_candidates/pressure-036.mp4,7998ce338113cbc2bb159748e9666cc214d77d31e3c5b6aa82e50698e3e04653,ffmpeg_scene_score,0.32,2,2026-07-23T18:34:50.932647+00:00,success,
pressure-036-scene-0016,pressure-036,302.503,309.309,6.807,data_video/processed/pressure-036/clips/pressure-036-scene-0016.mp4,471144,405ead407c3d08c236c85fc2d682170fdcb489112ecee6503c4e364d21e00e5c,data_video/raw/archive_candidates/pressure-036.mp4,7998ce338113cbc2bb159748e9666cc214d77d31e3c5b6aa82e50698e3e04653,ffmpeg_scene_score,0.32,2,2026-07-23T18:34:53.109314+00:00,success,
pressure-036-scene-0017,pressure-036,309.309,351.570,42.261,data_video/processed/pressure-036/clips/pressure-036-scene-0017.mp4,1881921,6aedad3fc6e886358e42b6401723281f3329eac780dfdfef5bfb3a0dd25f3073,data_video/raw/archive_candidates/pressure-036.mp4,7998ce338113cbc2bb159748e9666cc214d77d31e3c5b6aa82e50698e3e04653,ffmpeg_scene_score,0.32,2,2026-07-23T18:35:00.217793+00:00,success,
pressure-037-scene-0001,pressure-037,0.000,7.506,7.506,data_video/processed/pressure-037/clips/pressure-037-scene-0001.mp4,638734,3d58bcc3b11bc927220d12635423445d622e7780250e2f102646781191e9d41c,data_video/raw/archive_candidates/pressure-037.mp4,8c7a77e83ae69aa440953004cc0d48148b0732744778bc6f760f179133896719,ffmpeg_scene_score,0.32,2,2026-07-23T18:35:05.208330+00:00,success,
pressure-037-scene-0002,pressure-037,7.506,10.801,3.294,data_video/processed/pressure-037/clips/pressure-037-scene-0002.mp4,268321,fc07194688d681cf684d79ebdbc083942ed8cd0d30203ace84cc235bd1cc9d3c,data_video/raw/archive_candidates/pressure-037.mp4,8c7a77e83ae69aa440953004cc0d48148b0732744778bc6f760f179133896719,ffmpeg_scene_score,0.32,2,2026-07-23T18:35:07.143593+00:00,success,
pressure-037-scene-0003,pressure-037,10.801,14.512,3.711,data_video/processed/pressure-037/clips/pressure-037-scene-0003.mp4,339711,006366da9d6649b9c969e4df4a646d865c1487ad679e73b90b0b240cb3990b6f,data_video/raw/archive_candidates/pressure-037.mp4,8c7a77e83ae69aa440953004cc0d48148b0732744778bc6f760f179133896719,ffmpeg_scene_score,0.32,2,2026-07-23T18:35:08.792353+00:00,success,
pressure-037-scene-0004,pressure-037,14.512,17.807,3.294,data_video/processed/pressure-037/clips/pressure-037-scene-0004.mp4,254058,b2d412e360e5269d1431ba628e72aca1160b595336ebbf3448dd5eb4bbd5c438,data_video/raw/archive_candidates/pressure-037.mp4,8c7a77e83ae69aa440953004cc0d48148b0732744778bc6f760f179133896719,ffmpeg_scene_score,0.32,2,2026-07-23T18:35:10.669417+00:00,success,
pressure-037-scene-0005,pressure-037,17.807,27.731,9.925,data_video/processed/pressure-037/clips/pressure-037-scene-0005.mp4,874715,52a1181aaedde5587511285c00ef14aa639f52a4de572c2abd7b20ea974341b9,data_video/raw/archive_candidates/pressure-037.mp4,8c7a77e83ae69aa440953004cc0d48148b0732744778bc6f760f179133896719,ffmpeg_scene_score,0.32,2,2026-07-23T18:35:13.467133+00:00,success,
pressure-037-scene-0006,pressure-037,27.731,31.276,3.545,data_video/processed/pressure-037/clips/pressure-037-scene-0006.mp4,246955,cf19be1d84a97784315890589450acbeaf4b4902826554b7d03d280e6356f6d2,data_video/raw/archive_candidates/pressure-037.mp4,8c7a77e83ae69aa440953004cc0d48148b0732744778bc6f760f179133896719,ffmpeg_scene_score,0.32,2,2026-07-23T18:35:15.118899+00:00,success,
pressure-037-scene-0007,pressure-037,31.276,34.279,3.003,data_video/processed/pressure-037/clips/pressure-037-scene-0007.mp4,161169,3718ca27e0a654947b37ebb3b3c9ae6bb3c6ab9c6fe14969b7eb92c729cde1ae,data_video/raw/archive_candidates/pressure-037.mp4,8c7a77e83ae69aa440953004cc0d48148b0732744778bc6f760f179133896719,ffmpeg_scene_score,0.32,2,2026-07-23T18:35:16.545138+00:00,success,
pressure-037-scene-0008,pressure-037,34.279,41.284,7.006,data_video/processed/pressure-037/clips/pressure-037-scene-0008.mp4,559066,383a138b9f5c86f491ab74d87391999c4ac55447cb616669c02bfdf9a5ccb99f,data_video/raw/archive_candidates/pressure-037.mp4,8c7a77e83ae69aa440953004cc0d48148b0732744778bc6f760f179133896719,ffmpeg_scene_score,0.32,2,2026-07-23T18:35:19.200888+00:00,success,
pressure-037-scene-0009,pressure-037,41.284,45.955,4.671,data_video/processed/pressure-037/clips/pressure-037-scene-0009.mp4,217740,80a69f7c409c5434d34143f7229882b728ddee8f24b0837610bac56dfe089a1a,data_video/raw/archive_candidates/pressure-037.mp4,8c7a77e83ae69aa440953004cc0d48148b0732744778bc6f760f179133896719,ffmpeg_scene_score,0.32,2,2026-07-23T18:35:21.271344+00:00,success,
pressure-037-scene-0010,pressure-037,45.955,54.170,8.215,data_video/processed/pressure-037/clips/pressure-037-scene-0010.mp4,811708,90f936cb2f15fee13bc49e92e108086e2a93b1fd4eb4ea02f7154ffb9e049157,data_video/raw/archive_candidates/pressure-037.mp4,8c7a77e83ae69aa440953004cc0d48148b0732744778bc6f760f179133896719,ffmpeg_scene_score,0.32,2,2026-07-23T18:35:24.420845+00:00,success,
pressure-037-scene-0011,pressure-037,54.170,61.384,7.214,data_video/processed/pressure-037/clips/pressure-037-scene-0011.mp4,803125,76c38794263713dd24d01e7a1c763a575d1882e46cba09a32ee5c71a83e60f06,data_video/raw/archive_candidates/pressure-037.mp4,8c7a77e83ae69aa440953004cc0d48148b0732744778bc6f760f179133896719,ffmpeg_scene_score,0.32,2,2026-07-23T18:35:27.495855+00:00,success,
pressure-037-scene-0012,pressure-037,61.384,66.597,5.213,data_video/processed/pressure-037/clips/pressure-037-scene-0012.mp4,487974,75807e2555e54743cbf88311162c925f9fe07e882132a50d18b6eca3e26c08d2,data_video/raw/archive_candidates/pressure-037.mp4,8c7a77e83ae69aa440953004cc0d48148b0732744778bc6f760f179133896719,ffmpeg_scene_score,0.32,2,2026-07-23T18:35:29.676964+00:00,success,
pressure-037-scene-0013,pressure-037,66.597,77.731,11.134,data_video/processed/pressure-037/clips/pressure-037-scene-0013.mp4,667102,2ddaf77bc1c6aa52fe78e0f0287b5c57cd2bc70881dbae0ac18d4f1d0119ffb6,data_video/raw/archive_candidates/pressure-037.mp4,8c7a77e83ae69aa440953004cc0d48148b0732744778bc6f760f179133896719,ffmpeg_scene_score,0.32,2,2026-07-23T18:35:33.238772+00:00,success,
pressure-037-scene-0014,pressure-037,77.731,80.234,2.502,data_video/processed/pressure-037/clips/pressure-037-scene-0014.mp4,137115,9bdac9106151978ef941393aaea05762966f49e0b813f846771a6f7ca12b28db,data_video/raw/archive_candidates/pressure-037.mp4,8c7a77e83ae69aa440953004cc0d48148b0732744778bc6f760f179133896719,ffmpeg_scene_score,0.32,2,2026-07-23T18:35:34.700761+00:00,success,
pressure-037-scene-0015,pressure-037,80.234,86.072,5.838,data_video/processed/pressure-037/clips/pressure-037-scene-0015.mp4,487361,1b54df56dc0131a7bb7ee7e88a6a6b922a4309f20b2ec308cf39082717f9d8ea,data_video/raw/archive_candidates/pressure-037.mp4,8c7a77e83ae69aa440953004cc0d48148b0732744778bc6f760f179133896719,ffmpeg_scene_score,0.32,2,2026-07-23T18:35:37.046555+00:00,success,
pressure-037-scene-0016,pressure-037,86.072,90.951,4.879,data_video/processed/pressure-037/clips/pressure-037-scene-0016.mp4,429967,4c8d5da451006dd048c6d899e0ae4919fdafd3790a0685bace746515d1318196,data_video/raw/archive_candidates/pressure-037.mp4,8c7a77e83ae69aa440953004cc0d48148b0732744778bc6f760f179133896719,ffmpeg_scene_score,0.32,2,2026-07-23T18:35:39.181533+00:00,success,
pressure-037-scene-0017,pressure-037,90.951,99.420,8.469,data_video/processed/pressure-037/clips/pressure-037-scene-0017.mp4,255415,f940cffd0ed64d889089ca7552bdb50eafdaf0a1513a32d350ce2585e2c1412f,data_video/raw/archive_candidates/pressure-037.mp4,8c7a77e83ae69aa440953004cc0d48148b0732744778bc6f760f179133896719,ffmpeg_scene_score,0.32,2,2026-07-23T18:35:41.951952+00:00,success,
pressure-040-scene-0001,pressure-040,0.000,4.805,4.805,data_video/processed/pressure-040/clips/pressure-040-scene-0001.mp4,567593,cd80a8e7472705860f2207d6eca23b0794c3261942f49e797959a4ad5fa18bea,data_video/raw/archive_candidates/pressure-040.mp4,3efc6a77727ef36c06c90875d0bcfcf5ef4643fac23f339d7bc7e8d635b2f8c6,ffmpeg_scene_score,0.32,2,2026-07-23T18:36:08.145300+00:00,success,
pressure-040-scene-0002,pressure-040,4.805,63.897,59.092,data_video/processed/pressure-040/clips/pressure-040-scene-0002.mp4,2685121,8454f1f65b7e627353f1d1c849ef838df2fe50a5282203d4ad377912d614a1f5,data_video/raw/archive_candidates/pressure-040.mp4,3efc6a77727ef36c06c90875d0bcfcf5ef4643fac23f339d7bc7e8d635b2f8c6,ffmpeg_scene_score,0.32,2,2026-07-23T18:36:17.549289+00:00,success,
pressure-040-scene-0003,pressure-040,63.897,70.237,6.340,data_video/processed/pressure-040/clips/pressure-040-scene-0003.mp4,443370,b5472b17c2549303af050c33a1b20316b09efbcd59d14d38d0d0fac5bb74201f,data_video/raw/archive_candidates/pressure-040.mp4,3efc6a77727ef36c06c90875d0bcfcf5ef4643fac23f339d7bc7e8d635b2f8c6,ffmpeg_scene_score,0.32,2,2026-07-23T18:36:20.104110+00:00,success,
pressure-040-scene-0004,pressure-040,70.237,74.474,4.238,data_video/processed/pressure-040/clips/pressure-040-scene-0004.mp4,308403,82e52c4d8d63123f56d028a5cbe9f20fcb15fd7d3d06051860dc69801245de46,data_video/raw/archive_candidates/pressure-040.mp4,3efc6a77727ef36c06c90875d0bcfcf5ef4643fac23f339d7bc7e8d635b2f8c6,ffmpeg_scene_score,0.32,2,2026-07-23T18:36:21.483651+00:00,success,
pressure-040-scene-0005,pressure-040,74.474,77.945,3.470,data_video/processed/pressure-040/clips/pressure-040-scene-0005.mp4,257509,a9a69e205feef00a1ecde3c3a90ad516665207e87aa62d71265fcd392169248a,data_video/raw/archive_candidates/pressure-040.mp4,3efc6a77727ef36c06c90875d0bcfcf5ef4643fac23f339d7bc7e8d635b2f8c6,ffmpeg_scene_score,0.32,2,2026-07-23T18:36:22.985007+00:00,success,
pressure-040-scene-0006,pressure-040,77.945,104.338,26.393,data_video/processed/pressure-040/clips/pressure-040-scene-0006.mp4,1156552,903d72b03a5cfaa591c2e0063d3eaa4f4edac5b9a7fa8effb5360fadb75bfb1f,data_video/raw/archive_candidates/pressure-040.mp4,3efc6a77727ef36c06c90875d0bcfcf5ef4643fac23f339d7bc7e8d635b2f8c6,ffmpeg_scene_score,0.32,2,2026-07-23T18:36:27.552854+00:00,success,
pressure-040-scene-0007,pressure-040,104.338,111.311,6.974,data_video/processed/pressure-040/clips/pressure-040-scene-0007.mp4,343027,d7e8f540b57769fd2551b978ebb80c908703da289313b8c6a0b8b62709c846fb,data_video/raw/archive_candidates/pressure-040.mp4,3efc6a77727ef36c06c90875d0bcfcf5ef4643fac23f339d7bc7e8d635b2f8c6,ffmpeg_scene_score,0.32,2,2026-07-23T18:36:29.762296+00:00,success,
pressure-040-scene-0008,pressure-040,111.311,125.859,14.548,data_video/processed/pressure-040/clips/pressure-040-scene-0008.mp4,666594,f2dd74454fb5c8b80c233fdbd731819ff58c0ce9a3cd87019a26c26c46525d9a,data_video/raw/archive_candidates/pressure-040.mp4,3efc6a77727ef36c06c90875d0bcfcf5ef4643fac23f339d7bc7e8d635b2f8c6,ffmpeg_scene_score,0.32,2,2026-07-23T18:36:33.387151+00:00,success,
pressure-040-scene-0009,pressure-040,125.859,134.234,8.375,data_video/processed/pressure-040/clips/pressure-040-scene-0009.mp4,680186,35a3a30d3a527f227cae6b6fbda495ef42382c419ab2a7e78e3f0821a46bcc12,data_video/raw/archive_candidates/pressure-040.mp4,3efc6a77727ef36c06c90875d0bcfcf5ef4643fac23f339d7bc7e8d635b2f8c6,ffmpeg_scene_score,0.32,2,2026-07-23T18:36:36.189809+00:00,success,
pressure-040-scene-0010,pressure-040,134.234,158.492,24.258,data_video/processed/pressure-040/clips/pressure-040-scene-0010.mp4,987206,153bb522b73b0fea25dd891ae7ce0efbbf4eb02337fb8177642b545fcf1a926b,data_video/raw/archive_candidates/pressure-040.mp4,3efc6a77727ef36c06c90875d0bcfcf5ef4643fac23f339d7bc7e8d635b2f8c6,ffmpeg_scene_score,0.32,2,2026-07-23T18:36:41.028632+00:00,success,
pressure-040-scene-0011,pressure-040,158.492,163.964,5.472,data_video/processed/pressure-040/clips/pressure-040-scene-0011.mp4,512706,6d61a47ab04e9790d16f761ca8726cfb59149b23a6f1bb0f5a4ee525e0f79984,data_video/raw/archive_candidates/pressure-040.mp4,3efc6a77727ef36c06c90875d0bcfcf5ef4643fac23f339d7bc7e8d635b2f8c6,ffmpeg_scene_score,0.32,2,2026-07-23T18:36:42.768296+00:00,success,
pressure-040-scene-0012,pressure-040,163.964,179.913,15.949,data_video/processed/pressure-040/clips/pressure-040-scene-0012.mp4,848787,5583cf4fa885d28acb0ad3b3afee02eb2aa59d0255c4f72843392622de25e16e,data_video/raw/archive_candidates/pressure-040.mp4,3efc6a77727ef36c06c90875d0bcfcf5ef4643fac23f339d7bc7e8d635b2f8c6,ffmpeg_scene_score,0.32,2,2026-07-23T18:36:46.722666+00:00,success,
pressure-040-scene-0013,pressure-040,179.913,181.982,2.069,data_video/processed/pressure-040/clips/pressure-040-scene-0013.mp4,260338,7372a489e185d246e96ccd14ad057cb9d2db4b6b45fb7201fa03d0bde98fc4e4,data_video/raw/archive_candidates/pressure-040.mp4,3efc6a77727ef36c06c90875d0bcfcf5ef4643fac23f339d7bc7e8d635b2f8c6,ffmpeg_scene_score,0.32,2,2026-07-23T18:36:48.112020+00:00,success,
pressure-040-scene-0014,pressure-040,181.982,187.855,5.873,data_video/processed/pressure-040/clips/pressure-040-scene-0014.mp4,630590,8ed696089355c307d5bb3f68001709fd6d803115e5ea4569a466924a9bfee162,data_video/raw/archive_candidates/pressure-040.mp4,3efc6a77727ef36c06c90875d0bcfcf5ef4643fac23f339d7bc7e8d635b2f8c6,ffmpeg_scene_score,0.32,2,2026-07-23T18:36:50.180157+00:00,success,
pressure-040-scene-0015,pressure-040,187.855,194.995,7.140,data_video/processed/pressure-040/clips/pressure-040-scene-0015.mp4,376454,b07eeec79a8c4dd564c82b6385153cb289964727603ed3a66621b6fed2e34e6e,data_video/raw/archive_candidates/pressure-040.mp4,3efc6a77727ef36c06c90875d0bcfcf5ef4643fac23f339d7bc7e8d635b2f8c6,ffmpeg_scene_score,0.32,2,2026-07-23T18:36:51.827835+00:00,success,
pressure-040-scene-0016,pressure-040,194.995,204.805,9.810,data_video/processed/pressure-040/clips/pressure-040-scene-0016.mp4,943413,18698e1c9a13d5a4670a6c27258f53e8a331fa9534c432a47db1777cbbe0d11e,data_video/raw/archive_candidates/pressure-040.mp4,3efc6a77727ef36c06c90875d0bcfcf5ef4643fac23f339d7bc7e8d635b2f8c6,ffmpeg_scene_score,0.32,2,2026-07-23T18:36:54.336501+00:00,success,
pressure-040-scene-0017,pressure-040,204.805,208.308,3.504,data_video/processed/pressure-040/clips/pressure-040-scene-0017.mp4,417701,b04a861b42e5739919cd78a11dbfd041a68f1931ab57ad5c86bbcfd6a61b6415,data_video/raw/archive_candidates/pressure-040.mp4,3efc6a77727ef36c06c90875d0bcfcf5ef4643fac23f339d7bc7e8d635b2f8c6,ffmpeg_scene_score,0.32,2,2026-07-23T18:36:55.946602+00:00,success,
pressure-040-scene-0018,pressure-040,208.308,216.149,7.841,data_video/processed/pressure-040/clips/pressure-040-scene-0018.mp4,564097,6729b98da5bde9bfd61530c1ce74fd7737cce439ff7510e06b0b7be76c0fabb3,data_video/raw/archive_candidates/pressure-040.mp4,3efc6a77727ef36c06c90875d0bcfcf5ef4643fac23f339d7bc7e8d635b2f8c6,ffmpeg_scene_score,0.32,2,2026-07-23T18:36:58.391913+00:00,success,
pressure-040-scene-0019,pressure-040,216.149,227.461,11.311,data_video/processed/pressure-040/clips/pressure-040-scene-0019.mp4,562058,4ab454c38c7bc3d5132347c166f99f6634e0954a269f8216eaddca3a1eed1388,data_video/raw/archive_candidates/pressure-040.mp4,3efc6a77727ef36c06c90875d0bcfcf5ef4643fac23f339d7bc7e8d635b2f8c6,ffmpeg_scene_score,0.32,2,2026-07-23T18:37:01.049026+00:00,success,
pressure-040-scene-0020,pressure-040,227.461,244.178,16.717,data_video/processed/pressure-040/clips/pressure-040-scene-0020.mp4,1174402,964c42fa2a189c3a786c2c71a5c68cc1d8c1736a5de7b642d94596816a19d8de,data_video/raw/archive_candidates/pressure-040.mp4,3efc6a77727ef36c06c90875d0bcfcf5ef4643fac23f339d7bc7e8d635b2f8c6,ffmpeg_scene_score,0.32,2,2026-07-23T18:37:04.499884+00:00,success,
pressure-040-scene-0021,pressure-040,244.178,248.615,4.438,data_video/processed/pressure-040/clips/pressure-040-scene-0021.mp4,266902,f5852e63ea7e34592f24a12d0ef6d12c27bf61ab848d2963747c2c394956d3ce,data_video/raw/archive_candidates/pressure-040.mp4,3efc6a77727ef36c06c90875d0bcfcf5ef4643fac23f339d7bc7e8d635b2f8c6,ffmpeg_scene_score,0.32,2,2026-07-23T18:37:05.896261+00:00,success,
pressure-040-scene-0022,pressure-040,248.615,254.154,5.539,data_video/processed/pressure-040/clips/pressure-040-scene-0022.mp4,415970,32fb23bf081d2cdab64414c77a297facea799fe47b499a22d5acae06d15881f2,data_video/raw/archive_candidates/pressure-040.mp4,3efc6a77727ef36c06c90875d0bcfcf5ef4643fac23f339d7bc7e8d635b2f8c6,ffmpeg_scene_score,0.32,2,2026-07-23T18:37:07.885206+00:00,success,
pressure-040-scene-0023,pressure-040,254.154,265.766,11.612,data_video/processed/pressure-040/clips/pressure-040-scene-0023.mp4,607026,b34febd838bd9af1026863fc863fbc9c8e7e04d0ea3220e6836e87880e4d9f2a,data_video/raw/archive_candidates/pressure-040.mp4,3efc6a77727ef36c06c90875d0bcfcf5ef4643fac23f339d7bc7e8d635b2f8c6,ffmpeg_scene_score,0.32,2,2026-07-23T18:37:10.568651+00:00,success,
pressure-040-scene-0024,pressure-040,265.766,268.235,2.469,data_video/processed/pressure-040/clips/pressure-040-scene-0024.mp4,309569,cdf379dfa941b8514e6527b930a0df249445bba0e6e79fb02d5e03ef353747b4,data_video/raw/archive_candidates/pressure-040.mp4,3efc6a77727ef36c06c90875d0bcfcf5ef4643fac23f339d7bc7e8d635b2f8c6,ffmpeg_scene_score,0.32,2,2026-07-23T18:37:11.858380+00:00,success,
pressure-040-scene-0025,pressure-040,268.235,283.016,14.781,data_video/processed/pressure-040/clips/pressure-040-scene-0025.mp4,1179101,d1ece76a2b2aaaf6963bfaa28b5bd8ec884a1173ec0aaf07055882cc62831a0b,data_video/raw/archive_candidates/pressure-040.mp4,3efc6a77727ef36c06c90875d0bcfcf5ef4643fac23f339d7bc7e8d635b2f8c6,ffmpeg_scene_score,0.32,2,2026-07-23T18:37:15.868767+00:00,success,
pressure-040-scene-0026,pressure-040,283.016,302.636,19.620,data_video/processed/pressure-040/clips/pressure-040-scene-0026.mp4,1007348,28f013f3893c11a82e05841b435d09e9cb439fb8870277f8538e75f106aa2e4c,data_video/raw/archive_candidates/pressure-040.mp4,3efc6a77727ef36c06c90875d0bcfcf5ef4643fac23f339d7bc7e8d635b2f8c6,ffmpeg_scene_score,0.32,2,2026-07-23T18:37:20.012829+00:00,success,
pressure-040-scene-0027,pressure-040,302.636,307.274,4.638,data_video/processed/pressure-040/clips/pressure-040-scene-0027.mp4,559487,4511611b7e8e1ae547a6b387b2226381a1b4e9321a338bdd7471bb95bfee8234,data_video/raw/archive_candidates/pressure-040.mp4,3efc6a77727ef36c06c90875d0bcfcf5ef4643fac23f339d7bc7e8d635b2f8c6,ffmpeg_scene_score,0.32,2,2026-07-23T18:37:22.331760+00:00,success,
pressure-040-scene-0028,pressure-040,307.274,327.394,20.120,data_video/processed/pressure-040/clips/pressure-040-scene-0028.mp4,1064024,cea3d30cd849e9677010106d28ec87a0616caafbfa48f0041b1bf5d5b3fa91a0,data_video/raw/archive_candidates/pressure-040.mp4,3efc6a77727ef36c06c90875d0bcfcf5ef4643fac23f339d7bc7e8d635b2f8c6,ffmpeg_scene_score,0.32,2,2026-07-23T18:37:25.949418+00:00,success,
pressure-040-scene-0029,pressure-040,327.394,331.031,3.637,data_video/processed/pressure-040/clips/pressure-040-scene-0029.mp4,393822,de23a9cc888e09b4618aafd93ec36e527e8247bfd683ba491ff35b63752667f3,data_video/raw/archive_candidates/pressure-040.mp4,3efc6a77727ef36c06c90875d0bcfcf5ef4643fac23f339d7bc7e8d635b2f8c6,ffmpeg_scene_score,0.32,2,2026-07-23T18:37:27.471991+00:00,success,
pressure-040-scene-0030,pressure-040,331.031,347.581,16.550,data_video/processed/pressure-040/clips/pressure-040-scene-0030.mp4,838244,df41d4b839224b7a428d443eab95b69218e51584fafdedf308e4169a12f55e9f,data_video/raw/archive_candidates/pressure-040.mp4,3efc6a77727ef36c06c90875d0bcfcf5ef4643fac23f339d7bc7e8d635b2f8c6,ffmpeg_scene_score,0.32,2,2026-07-23T18:37:31.625305+00:00,success,
pressure-040-scene-0031,pressure-040,347.581,352.186,4.605,data_video/processed/pressure-040/clips/pressure-040-scene-0031.mp4,345685,15d4656407877bd8f5dc577de158fb21efa3ee4b75db9322139a0ab9848d475a,data_video/raw/archive_candidates/pressure-040.mp4,3efc6a77727ef36c06c90875d0bcfcf5ef4643fac23f339d7bc7e8d635b2f8c6,ffmpeg_scene_score,0.32,2,2026-07-23T18:37:33.360031+00:00,success,
pressure-040-scene-0032,pressure-040,352.186,379.179,26.994,data_video/processed/pressure-040/clips/pressure-040-scene-0032.mp4,2296357,2c7592fecc7afacb822acd5732a8b424d38e1efffbffd98afc0c6c1bdbfcf6f1,data_video/raw/archive_candidates/pressure-040.mp4,3efc6a77727ef36c06c90875d0bcfcf5ef4643fac23f339d7bc7e8d635b2f8c6,ffmpeg_scene_score,0.32,2,2026-07-23T18:37:39.265349+00:00,success,
pressure-040-scene-0033,pressure-040,379.179,414.147,34.968,data_video/processed/pressure-040/clips/pressure-040-scene-0033.mp4,2519817,a9b4293dd37bcf588273945559f4e67fa0e1b0400681a408200b6425686729d6,data_video/raw/archive_candidates/pressure-040.mp4,3efc6a77727ef36c06c90875d0bcfcf5ef4643fac23f339d7bc7e8d635b2f8c6,ffmpeg_scene_score,0.32,2,2026-07-23T18:37:46.242606+00:00,success,
pressure-040-scene-0034,pressure-040,414.147,441.708,27.561,data_video/processed/pressure-040/clips/pressure-040-scene-0034.mp4,1308230,99dd7f81b49e3e14920ee4e060d6f9e44ae93fa2c841c4ebded23e6db3f113a7,data_video/raw/archive_candidates/pressure-040.mp4,3efc6a77727ef36c06c90875d0bcfcf5ef4643fac23f339d7bc7e8d635b2f8c6,ffmpeg_scene_score,0.32,2,2026-07-23T18:37:51.517832+00:00,success,
pressure-040-scene-0035,pressure-040,441.708,449.816,8.108,data_video/processed/pressure-040/clips/pressure-040-scene-0035.mp4,479582,b7d89904634b99b6fbe38a1da7368224d58544c16f6f0a85fe1fc3cea87bb5dc,data_video/raw/archive_candidates/pressure-040.mp4,3efc6a77727ef36c06c90875d0bcfcf5ef4643fac23f339d7bc7e8d635b2f8c6,ffmpeg_scene_score,0.32,2,2026-07-23T18:37:53.819286+00:00,success,
pressure-040-scene-0036,pressure-040,449.816,470.604,20.787,data_video/processed/pressure-040/clips/pressure-040-scene-0036.mp4,923856,88ac71eede841da87ecf20ca270fbab4e82ae66b95a71524af2d43af1e8a4cd7,data_video/raw/archive_candidates/pressure-040.mp4,3efc6a77727ef36c06c90875d0bcfcf5ef4643fac23f339d7bc7e8d635b2f8c6,ffmpeg_scene_score,0.32,2,2026-07-23T18:37:58.414527+00:00,success,
pressure-040-scene-0037,pressure-040,470.604,474.508,3.904,data_video/processed/pressure-040/clips/pressure-040-scene-0037.mp4,335942,e5ae8a999be641da7330b9e838ced3718b839cf9043aebb94dde4673da0e7abd,data_video/raw/archive_candidates/pressure-040.mp4,3efc6a77727ef36c06c90875d0bcfcf5ef4643fac23f339d7bc7e8d635b2f8c6,ffmpeg_scene_score,0.32,2,2026-07-23T18:37:59.767498+00:00,success,
pressure-040-scene-0038,pressure-040,474.508,514.715,40.207,data_video/processed/pressure-040/clips/pressure-040-scene-0038.mp4,2272274,88e14020599d91e863b4defc81876806022e0aeec0969627883204ad4a160305,data_video/raw/archive_candidates/pressure-040.mp4,3efc6a77727ef36c06c90875d0bcfcf5ef4643fac23f339d7bc7e8d635b2f8c6,ffmpeg_scene_score,0.32,2,2026-07-23T18:38:06.215071+00:00,success,
pressure-040-scene-0039,pressure-040,514.715,517.584,2.870,data_video/processed/pressure-040/clips/pressure-040-scene-0039.mp4,299830,90f3d209b4e468ef18525d4eeef1e06f98fbcb9ed9c6cae6b1936034f30a24c9,data_video/raw/archive_candidates/pressure-040.mp4,3efc6a77727ef36c06c90875d0bcfcf5ef4643fac23f339d7bc7e8d635b2f8c6,ffmpeg_scene_score,0.32,2,2026-07-23T18:38:07.372092+00:00,success,
pressure-040-scene-0040,pressure-040,517.584,530.831,13.247,data_video/processed/pressure-040/clips/pressure-040-scene-0040.mp4,675742,cb4302bbbb273e1e5b88bff507a5146002a529a57a83991380dbab4f1d19502d,data_video/raw/archive_candidates/pressure-040.mp4,3efc6a77727ef36c06c90875d0bcfcf5ef4643fac23f339d7bc7e8d635b2f8c6,ffmpeg_scene_score,0.32,2,2026-07-23T18:38:10.179097+00:00,success,
pressure-040-scene-0041,pressure-040,530.831,539.606,8.775,data_video/processed/pressure-040/clips/pressure-040-scene-0041.mp4,461331,180868fab1199356b3ec4525df1d71eae232c7bd620ac94dc3408476cd8841ad,data_video/raw/archive_candidates/pressure-040.mp4,3efc6a77727ef36c06c90875d0bcfcf5ef4643fac23f339d7bc7e8d635b2f8c6,ffmpeg_scene_score,0.32,2,2026-07-23T18:38:12.491669+00:00,success,
pressure-040-scene-0042,pressure-040,539.606,555.055,15.449,data_video/processed/pressure-040/clips/pressure-040-scene-0042.mp4,766802,4962c51a7b8a3a3f896a3c34e0dc56ee6af210b5976773c42d1c0725254c7f86,data_video/raw/archive_candidates/pressure-040.mp4,3efc6a77727ef36c06c90875d0bcfcf5ef4643fac23f339d7bc7e8d635b2f8c6,ffmpeg_scene_score,0.32,2,2026-07-23T18:38:15.554792+00:00,success,
pressure-040-scene-0043,pressure-040,555.055,560.060,5.005,data_video/processed/pressure-040/clips/pressure-040-scene-0043.mp4,386892,d0241efb61a87fd6dc35b300f257fe86e340db820f6ec7eb2c3a136a6fa1ea24,data_video/raw/archive_candidates/pressure-040.mp4,3efc6a77727ef36c06c90875d0bcfcf5ef4643fac23f339d7bc7e8d635b2f8c6,ffmpeg_scene_score,0.32,2,2026-07-23T18:38:17.224767+00:00,success,
pressure-040-scene-0044,pressure-040,560.060,641.675,81.615,data_video/processed/pressure-040/clips/pressure-040-scene-0044.mp4,3680819,91b7769c89477065d270b6e50b1ae20b1787995813063cf6ea837de69dd84a97,data_video/raw/archive_candidates/pressure-040.mp4,3efc6a77727ef36c06c90875d0bcfcf5ef4643fac23f339d7bc7e8d635b2f8c6,ffmpeg_scene_score,0.32,2,2026-07-23T18:38:30.919998+00:00,success,
pressure-040-scene-0045,pressure-040,641.675,668.180,26.505,data_video/processed/pressure-040/clips/pressure-040-scene-0045.mp4,2961659,8ceec177570dfe5cc9eeeb3be3099116bcf33d5238be0374ad02aaf894d3a313,data_video/raw/archive_candidates/pressure-040.mp4,3efc6a77727ef36c06c90875d0bcfcf5ef4643fac23f339d7bc7e8d635b2f8c6,ffmpeg_scene_score,0.32,2,2026-07-23T18:38:38.988588+00:00,success,
printer-001-scene-0001,printer-001,0.000,33.810,33.810,data_video/processed/printer-001/clips/printer-001-scene-0001.mp4,1112945,e581dce950efdb98bb704cdf114572d02d03c613082f621ee9883fa603836096,data_video/raw/authorized_sources/printer-001.webm,763150ad2fddda905dec386ac2db3e9e4279edf882b2629e623f927009d3dda7,ffmpeg_scene_score,0.32,2,2026-07-22T12:55:53.774737+00:00,success,
printer-003-scene-0001,printer-003,0.000,95.430,95.430,data_video/processed/printer-003/clips/printer-003-scene-0001.mp4,8279225,b18b917ea93f166c91cd25539defe141e47b4723f9a6e054f53b966cea70a3c4,data_video/raw/candidate_sources/printer-003.webm,6c2dece9f5027bb67bcf168b9cb516833b02f05c52696d07dcd43a492a9cb24f,ffmpeg_scene_score,0.32,2,2026-07-22T12:56:26.837196+00:00,success,
printer-006-scene-0001,printer-006,0.000,5.019,5.019,data_video/processed/printer-006/clips/printer-006-scene-0001.mp4,178398,3b80c6427b9ab60efba4a2839f3d6a79a6bb3aa29e9ac3c4f52fa2b380d193ae,data_video/raw/candidate_sources/printer-006.webm,e8e2ae0c31768243fd1d36391db1738a6c68bf9a707e0eba03ae8a8327048e25,ffmpeg_scene_score,0.32,2,2026-07-22T12:56:40.685308+00:00,success,
printer-006-scene-0002,printer-006,5.019,14.262,9.243,data_video/processed/printer-006/clips/printer-006-scene-0002.mp4,386599,136f49c2c65007764571caa7d898064160a3771640ed559750cee5431c7cf3c5,data_video/raw/candidate_sources/printer-006.webm,e8e2ae0c31768243fd1d36391db1738a6c68bf9a707e0eba03ae8a8327048e25,ffmpeg_scene_score,0.32,2,2026-07-22T12:56:43.011254+00:00,success,
printer-006-scene-0003,printer-006,14.262,19.066,4.804,data_video/processed/printer-006/clips/printer-006-scene-0003.mp4,284862,50185b903834634805ca6455f2e05045f2338cc66859c6b29db5701408bd50ad,data_video/raw/candidate_sources/printer-006.webm,e8e2ae0c31768243fd1d36391db1738a6c68bf9a707e0eba03ae8a8327048e25,ffmpeg_scene_score,0.32,2,2026-07-22T12:56:44.605625+00:00,success,
printer-006-scene-0004,printer-006,19.066,26.274,7.208,data_video/processed/printer-006/clips/printer-006-scene-0004.mp4,360290,357fa9495a72b42e5d6a800ab399c23b0fb5d3171e75d53f6259541ce75c5ec8,data_video/raw/candidate_sources/printer-006.webm,e8e2ae0c31768243fd1d36391db1738a6c68bf9a707e0eba03ae8a8327048e25,ffmpeg_scene_score,0.32,2,2026-07-22T12:56:46.663309+00:00,success,
printer-006-scene-0005,printer-006,26.274,28.876,2.602,data_video/processed/printer-006/clips/printer-006-scene-0005.mp4,189760,94ecea36ff7e7c77673965edf69ceeda7c9997865afedeb50cf81db6068d555c,data_video/raw/candidate_sources/printer-006.webm,e8e2ae0c31768243fd1d36391db1738a6c68bf9a707e0eba03ae8a8327048e25,ffmpeg_scene_score,0.32,2,2026-07-22T12:56:47.861948+00:00,success,
printer-006-scene-0006,printer-006,28.876,37.485,8.609,data_video/processed/printer-006/clips/printer-006-scene-0006.mp4,592375,1fd904faf76495a757fab98eaca86ea2bcf7affa6d4166acbdc2ed1cb4416ab4,data_video/raw/candidate_sources/printer-006.webm,e8e2ae0c31768243fd1d36391db1738a6c68bf9a707e0eba03ae8a8327048e25,ffmpeg_scene_score,0.32,2,2026-07-22T12:56:50.734847+00:00,success,
printer-006-scene-0007,printer-006,37.485,40.955,3.470,data_video/processed/printer-006/clips/printer-006-scene-0007.mp4,183278,d52993d8bc966759471fbeeccfbb1aae2ec6d1d8ccd736c3d9fddc0da7a22e77,data_video/raw/candidate_sources/printer-006.webm,e8e2ae0c31768243fd1d36391db1738a6c68bf9a707e0eba03ae8a8327048e25,ffmpeg_scene_score,0.32,2,2026-07-22T12:56:52.058106+00:00,success,
printer-006-scene-0008,printer-006,40.955,43.524,2.569,data_video/processed/printer-006/clips/printer-006-scene-0008.mp4,178244,32c3dbcb7c953a322bedb66b6d6225334d150b5dbc9a8108da3a720bfc49a098,data_video/raw/candidate_sources/printer-006.webm,e8e2ae0c31768243fd1d36391db1738a6c68bf9a707e0eba03ae8a8327048e25,ffmpeg_scene_score,0.32,2,2026-07-22T12:56:53.378128+00:00,success,
printer-006-scene-0009,printer-006,43.524,48.429,4.905,data_video/processed/printer-006/clips/printer-006-scene-0009.mp4,199217,2053277e828570d64a6593b83fa511a426a9ec5bacc62ca90ba669689052e3aa,data_video/raw/candidate_sources/printer-006.webm,e8e2ae0c31768243fd1d36391db1738a6c68bf9a707e0eba03ae8a8327048e25,ffmpeg_scene_score,0.32,2,2026-07-22T12:56:54.854174+00:00,success,
printer-006-scene-0010,printer-006,48.429,50.965,2.536,data_video/processed/printer-006/clips/printer-006-scene-0010.mp4,242465,7a5bad399bc869489b4314e8e183baff2e1109c767486fc3e06b8d8aefb62c6d,data_video/raw/candidate_sources/printer-006.webm,e8e2ae0c31768243fd1d36391db1738a6c68bf9a707e0eba03ae8a8327048e25,ffmpeg_scene_score,0.32,2,2026-07-22T12:56:56.117015+00:00,success,
printer-006-scene-0011,printer-006,50.965,60.074,9.109,data_video/processed/printer-006/clips/printer-006-scene-0011.mp4,529727,a4059fe5e52586311ec1e707e6b3a5e5354e8bb15025106931755344926e2ff7,data_video/raw/candidate_sources/printer-006.webm,e8e2ae0c31768243fd1d36391db1738a6c68bf9a707e0eba03ae8a8327048e25,ffmpeg_scene_score,0.32,2,2026-07-22T12:56:58.892322+00:00,success,
printer-006-scene-0012,printer-006,60.074,66.581,6.507,data_video/processed/printer-006/clips/printer-006-scene-0012.mp4,705622,4c32d64fffde7308987d2d25b7762b1fe6c9784675c35ef47f1f958bc8c2f64f,data_video/raw/candidate_sources/printer-006.webm,e8e2ae0c31768243fd1d36391db1738a6c68bf9a707e0eba03ae8a8327048e25,ffmpeg_scene_score,0.32,2,2026-07-22T12:57:01.383513+00:00,success,
printer-006-scene-0013,printer-006,66.581,75.590,9.009,data_video/processed/printer-006/clips/printer-006-scene-0013.mp4,468331,69eb105571fdeeac8b16086d18e0cecfa0429974b2ad4e875a99b0d023030958,data_video/raw/candidate_sources/printer-006.webm,e8e2ae0c31768243fd1d36391db1738a6c68bf9a707e0eba03ae8a8327048e25,ffmpeg_scene_score,0.32,2,2026-07-22T12:57:03.303856+00:00,success,
printer-006-scene-0014,printer-006,75.590,83.331,7.741,data_video/processed/printer-006/clips/printer-006-scene-0014.mp4,759527,05ab3f51c776f51c46f38f19266073a0f6eac65f8c3e6f675af42b685cdc531d,data_video/raw/candidate_sources/printer-006.webm,e8e2ae0c31768243fd1d36391db1738a6c68bf9a707e0eba03ae8a8327048e25,ffmpeg_scene_score,0.32,2,2026-07-22T12:57:06.082046+00:00,success,
printer-006-scene-0015,printer-006,83.331,85.700,2.369,data_video/processed/printer-006/clips/printer-006-scene-0015.mp4,175800,2af504f1d2745444df83187199cdebfa778ea4765b89441d8088b32e66c62295,data_video/raw/candidate_sources/printer-006.webm,e8e2ae0c31768243fd1d36391db1738a6c68bf9a707e0eba03ae8a8327048e25,ffmpeg_scene_score,0.32,2,2026-07-22T12:57:07.310273+00:00,success,
printer-006-scene-0016,printer-006,85.700,92.239,6.539,data_video/processed/printer-006/clips/printer-006-scene-0016.mp4,254107,8866940d57f7591e3da19b43f7d3a95edf814809b8d35b62e8d4af2aba7f7a94,data_video/raw/candidate_sources/printer-006.webm,e8e2ae0c31768243fd1d36391db1738a6c68bf9a707e0eba03ae8a8327048e25,ffmpeg_scene_score,0.32,2,2026-07-22T12:57:09.019925+00:00,success,
printer-006-scene-0017,printer-006,92.239,103.484,11.245,data_video/processed/printer-006/clips/printer-006-scene-0017.mp4,1249619,20262b6be4d2e69a685993acf2d302127f4f5a4a3cb2756a37ff0d1a8521efee,data_video/raw/candidate_sources/printer-006.webm,e8e2ae0c31768243fd1d36391db1738a6c68bf9a707e0eba03ae8a8327048e25,ffmpeg_scene_score,0.32,2,2026-07-22T12:57:12.978553+00:00,success,
printer-006-scene-0018,printer-006,103.484,109.323,5.839,data_video/processed/printer-006/clips/printer-006-scene-0018.mp4,284559,613c40ac34a9081144c624f951d6a47fe6a6939b3b9c00dcd02686da980f1b29,data_video/raw/candidate_sources/printer-006.webm,e8e2ae0c31768243fd1d36391db1738a6c68bf9a707e0eba03ae8a8327048e25,ffmpeg_scene_score,0.32,2,2026-07-22T12:57:14.586583+00:00,success,
printer-006-scene-0019,printer-006,109.323,113.661,4.338,data_video/processed/printer-006/clips/printer-006-scene-0019.mp4,302933,99113bb6f404c443798f6944094df0ced6c72589c0caa3c0169f3b4343771652,data_video/raw/candidate_sources/printer-006.webm,e8e2ae0c31768243fd1d36391db1738a6c68bf9a707e0eba03ae8a8327048e25,ffmpeg_scene_score,0.32,2,2026-07-22T12:57:16.502805+00:00,success,
printer-006-scene-0020,printer-006,113.661,120.668,7.007,data_video/processed/printer-006/clips/printer-006-scene-0020.mp4,513964,7640c7a1f839aabb9d78aaac02c609a22189e5ba8cf7aa407dccb870d2ec327e,data_video/raw/candidate_sources/printer-006.webm,e8e2ae0c31768243fd1d36391db1738a6c68bf9a707e0eba03ae8a8327048e25,ffmpeg_scene_score,0.32,2,2026-07-22T12:57:18.817494+00:00,success,
printer-006-scene-0021,printer-006,120.668,128.876,8.208,data_video/processed/printer-006/clips/printer-006-scene-0021.mp4,480402,332cd5f86d73c618ef261c22962f7269bf3d5408b5d975bec6f64bb987b174b5,data_video/raw/candidate_sources/printer-006.webm,e8e2ae0c31768243fd1d36391db1738a6c68bf9a707e0eba03ae8a8327048e25,ffmpeg_scene_score,0.32,2,2026-07-22T12:57:21.502980+00:00,success,
printer-006-scene-0022,printer-006,128.876,131.679,2.803,data_video/processed/printer-006/clips/printer-006-scene-0022.mp4,154139,a7c842f6a2fa9eb9c4e24fdc0a7a2454192f04c983e826395c1bb822c659d727,data_video/raw/candidate_sources/printer-006.webm,e8e2ae0c31768243fd1d36391db1738a6c68bf9a707e0eba03ae8a8327048e25,ffmpeg_scene_score,0.32,2,2026-07-22T12:57:22.471943+00:00,success,
printer-006-scene-0023,printer-006,131.679,133.814,2.135,data_video/processed/printer-006/clips/printer-006-scene-0023.mp4,140111,ed8b5b0781d26158221ff4e83327c41f4f39818078f718c37583ebbbea7962ec,data_video/raw/candidate_sources/printer-006.webm,e8e2ae0c31768243fd1d36391db1738a6c68bf9a707e0eba03ae8a8327048e25,ffmpeg_scene_score,0.32,2,2026-07-22T12:57:23.481794+00:00,success,
printer-006-scene-0024,printer-006,133.814,138.686,4.872,data_video/processed/printer-006/clips/printer-006-scene-0024.mp4,336461,6ecfadaa0009a064d57ce6e56c9710b74bd6435b8ade344a0b90e8b0da30afc7,data_video/raw/candidate_sources/printer-006.webm,e8e2ae0c31768243fd1d36391db1738a6c68bf9a707e0eba03ae8a8327048e25,ffmpeg_scene_score,0.32,2,2026-07-22T12:57:25.677569+00:00,success,
printer-006-scene-0025,printer-006,138.686,142.056,3.370,data_video/processed/printer-006/clips/printer-006-scene-0025.mp4,282865,0c7293ef91b3d83fbe7a795f2ae7991737aaa023c7f94da0ff887e1954665ce1,data_video/raw/candidate_sources/printer-006.webm,e8e2ae0c31768243fd1d36391db1738a6c68bf9a707e0eba03ae8a8327048e25,ffmpeg_scene_score,0.32,2,2026-07-22T12:57:27.219131+00:00,success,
printer-006-scene-0026,printer-006,142.056,151.098,9.042,data_video/processed/printer-006/clips/printer-006-scene-0026.mp4,467690,2e7d23488a7c1fde29caec63b426546e6d30a20b44aa2c1aae05d9a647137bc6,data_video/raw/candidate_sources/printer-006.webm,e8e2ae0c31768243fd1d36391db1738a6c68bf9a707e0eba03ae8a8327048e25,ffmpeg_scene_score,0.32,2,2026-07-22T12:57:29.172176+00:00,success,
printer-006-scene-0027,printer-006,151.098,155.740,4.642,data_video/processed/printer-006/clips/printer-006-scene-0027.mp4,36592,bce83be8c7342455c6f2d4e833c6712e81beea95c3efecea2de4946a866d2248,data_video/raw/candidate_sources/printer-006.webm,e8e2ae0c31768243fd1d36391db1738a6c68bf9a707e0eba03ae8a8327048e25,ffmpeg_scene_score,0.32,2,2026-07-22T12:57:30.078251+00:00,success,
printer-014-scene-0001,printer-014,0.000,26.633,26.633,data_video/processed/printer-014/clips/printer-014-scene-0001.mp4,2641263,962b2eb786eb5be2c420e8d37ff2357512fd48e9bc1a0cd2323884b119664b75,data_video/raw/archive_candidates/printer-014.mp4,37d4b0812de3a10893886a1d93500a0db809e793086f81dfbd9e904e9286aa5b,ffmpeg_scene_score,0.32,2,2026-07-23T18:39:28.676002+00:00,success,
printer-014-scene-0002,printer-014,26.633,44.067,17.433,data_video/processed/printer-014/clips/printer-014-scene-0002.mp4,1761996,219b53f8e82797003f982f9c0a7ac624996a4629e609986168867c89a8e75af5,data_video/raw/archive_candidates/printer-014.mp4,37d4b0812de3a10893886a1d93500a0db809e793086f81dfbd9e904e9286aa5b,ffmpeg_scene_score,0.32,2,2026-07-23T18:39:34.418222+00:00,success,
printer-014-scene-0003,printer-014,44.067,58.433,14.367,data_video/processed/printer-014/clips/printer-014-scene-0003.mp4,1488682,6dd57eb30e9e55f77fb883780626f6f835db4ab1fb63334f5d00bb08a7e9490e,data_video/raw/archive_candidates/printer-014.mp4,37d4b0812de3a10893886a1d93500a0db809e793086f81dfbd9e904e9286aa5b,ffmpeg_scene_score,0.32,2,2026-07-23T18:39:39.742376+00:00,success,
printer-014-scene-0004,printer-014,58.433,146.767,88.333,data_video/processed/printer-014/clips/printer-014-scene-0004.mp4,9153034,ac36bd4c18d4ff5939d7d1ddab8b8e0491c5b8e76ba208ed626d221e73d59dab,data_video/raw/archive_candidates/printer-014.mp4,37d4b0812de3a10893886a1d93500a0db809e793086f81dfbd9e904e9286aa5b,ffmpeg_scene_score,0.32,2,2026-07-23T18:40:05.997859+00:00,success,
printer-014-scene-0005,printer-014,146.767,151.267,4.500,data_video/processed/printer-014/clips/printer-014-scene-0005.mp4,599930,bfbf2ea65ef9db068da54077fd944b59bb977d3dae9820ea79a7584014dd9f16,data_video/raw/archive_candidates/printer-014.mp4,37d4b0812de3a10893886a1d93500a0db809e793086f81dfbd9e904e9286aa5b,ffmpeg_scene_score,0.32,2,2026-07-23T18:40:08.168294+00:00,success,
printer-014-scene-0006,printer-014,151.267,277.367,126.100,data_video/processed/printer-014/clips/printer-014-scene-0006.mp4,14456740,6846e660e3aaa7e7abdb5a41c58c99bbe135cd35e48e62d17b29012d7e7a6163,data_video/raw/archive_candidates/printer-014.mp4,37d4b0812de3a10893886a1d93500a0db809e793086f81dfbd9e904e9286aa5b,ffmpeg_scene_score,0.32,2,2026-07-23T18:40:48.312494+00:00,success,
printer-014-scene-0007,printer-014,277.367,371.267,93.900,data_video/processed/printer-014/clips/printer-014-scene-0007.mp4,10616751,2b573ce4b8c6a69a9e003e18546e08de1e642e39c38a79bff958a27439742ee8,data_video/raw/archive_candidates/printer-014.mp4,37d4b0812de3a10893886a1d93500a0db809e793086f81dfbd9e904e9286aa5b,ffmpeg_scene_score,0.32,2,2026-07-23T18:41:16.750246+00:00,success,
printer-014-scene-0008,printer-014,371.267,404.267,33.000,data_video/processed/printer-014/clips/printer-014-scene-0008.mp4,3851622,8ae50c4a39ee3eb58fb234e410d4ec73b22827e898533eb60844a04dd1a1ef1d,data_video/raw/archive_candidates/printer-014.mp4,37d4b0812de3a10893886a1d93500a0db809e793086f81dfbd9e904e9286aa5b,ffmpeg_scene_score,0.32,2,2026-07-23T18:41:27.577595+00:00,success,
printer-014-scene-0009,printer-014,404.267,454.233,49.967,data_video/processed/printer-014/clips/printer-014-scene-0009.mp4,6703313,bbf4e364859e58f019cc89ccfae8d6526fb738efae70b4c38876e0b69c51eee0,data_video/raw/archive_candidates/printer-014.mp4,37d4b0812de3a10893886a1d93500a0db809e793086f81dfbd9e904e9286aa5b,ffmpeg_scene_score,0.32,2,2026-07-23T18:41:44.154009+00:00,success,
printer-014-scene-0010,printer-014,454.233,494.200,39.967,data_video/processed/printer-014/clips/printer-014-scene-0010.mp4,4281251,19fde7ac9b19fafeeff292ff0e0c07a4991402319d603edefe22abcd5eec38e9,data_video/raw/archive_candidates/printer-014.mp4,37d4b0812de3a10893886a1d93500a0db809e793086f81dfbd9e904e9286aa5b,ffmpeg_scene_score,0.32,2,2026-07-23T18:41:56.465019+00:00,success,
printer-014-scene-0011,printer-014,494.200,513.433,19.233,data_video/processed/printer-014/clips/printer-014-scene-0011.mp4,2126076,a3f2d55484a4efcbfcf7ba732964c3034e997e67f64ecb91a35a5ef542529aa0,data_video/raw/archive_candidates/printer-014.mp4,37d4b0812de3a10893886a1d93500a0db809e793086f81dfbd9e904e9286aa5b,ffmpeg_scene_score,0.32,2,2026-07-23T18:42:02.306591+00:00,success,
printer-014-scene-0012,printer-014,513.433,537.500,24.067,data_video/processed/printer-014/clips/printer-014-scene-0012.mp4,2509180,3cae517c552e795c97ac3abe36d10a88f5ac5b352fda14e9fc2f6488b715fa4c,data_video/raw/archive_candidates/printer-014.mp4,37d4b0812de3a10893886a1d93500a0db809e793086f81dfbd9e904e9286aa5b,ffmpeg_scene_score,0.32,2,2026-07-23T18:42:09.448884+00:00,success,
printer-014-scene-0013,printer-014,537.500,599.333,61.833,data_video/processed/printer-014/clips/printer-014-scene-0013.mp4,8123647,f6a3d8b4c3206e2a99828f34952e7ffbc384dfd9b849f47b137a80420cbb4dde,data_video/raw/archive_candidates/printer-014.mp4,37d4b0812de3a10893886a1d93500a0db809e793086f81dfbd9e904e9286aa5b,ffmpeg_scene_score,0.32,2,2026-07-23T18:42:25.174555+00:00,success,
printer-014-scene-0014,printer-014,599.333,704.000,104.667,data_video/processed/printer-014/clips/printer-014-scene-0014.mp4,14852549,d49b4653fb3f663ff1bd4985ec01a037ffd7e4834bc76fd8517c8ae854a0c3e3,data_video/raw/archive_candidates/printer-014.mp4,37d4b0812de3a10893886a1d93500a0db809e793086f81dfbd9e904e9286aa5b,ffmpeg_scene_score,0.32,2,2026-07-23T18:42:58.593806+00:00,success,
printer-014-scene-0015,printer-014,704.000,809.300,105.300,data_video/processed/printer-014/clips/printer-014-scene-0015.mp4,14752964,8dee6111050a400308f56e98513467d7a68929373b7c00241eba59590dae1cad,data_video/raw/archive_candidates/printer-014.mp4,37d4b0812de3a10893886a1d93500a0db809e793086f81dfbd9e904e9286aa5b,ffmpeg_scene_score,0.32,2,2026-07-23T18:43:32.820208+00:00,success,
printer-014-scene-0016,printer-014,809.300,980.500,171.200,data_video/processed/printer-014/clips/printer-014-scene-0016.mp4,18541013,8a2abd28e13e388e3acc2900c95ff28d2483766981fe7fe34fa3ebf02c2ab99e,data_video/raw/archive_candidates/printer-014.mp4,37d4b0812de3a10893886a1d93500a0db809e793086f81dfbd9e904e9286aa5b,ffmpeg_scene_score,0.32,2,2026-07-23T18:44:17.520789+00:00,success,
printer-014-scene-0017,printer-014,980.500,1025.667,45.167,data_video/processed/printer-014/clips/printer-014-scene-0017.mp4,5726130,18dad912034b1d2ec71cce9a312471c24081d5e0d688f617267805c8e25d0713,data_video/raw/archive_candidates/printer-014.mp4,37d4b0812de3a10893886a1d93500a0db809e793086f81dfbd9e904e9286aa5b,ffmpeg_scene_score,0.32,2,2026-07-23T18:44:31.702163+00:00,success,
printer-014-scene-0018,printer-014,1025.667,1068.333,42.667,data_video/processed/printer-014/clips/printer-014-scene-0018.mp4,4950735,63ecdb8f900ca9a7061404e8f60eb4f5cfc796e7b61939aad836d1bbe87f7c4b,data_video/raw/archive_candidates/printer-014.mp4,37d4b0812de3a10893886a1d93500a0db809e793086f81dfbd9e904e9286aa5b,ffmpeg_scene_score,0.32,2,2026-07-23T18:44:44.278333+00:00,success,
printer-014-scene-0019,printer-014,1068.333,1108.300,39.967,data_video/processed/printer-014/clips/printer-014-scene-0019.mp4,4332084,8ed5f592e571a98d0fc20a74a8a685569230fb5c870691fb44b38d8e10e39efc,data_video/raw/archive_candidates/printer-014.mp4,37d4b0812de3a10893886a1d93500a0db809e793086f81dfbd9e904e9286aa5b,ffmpeg_scene_score,0.32,2,2026-07-23T18:44:54.363004+00:00,success,
printer-014-scene-0020,printer-014,1108.300,1150.233,41.933,data_video/processed/printer-014/clips/printer-014-scene-0020.mp4,5191320,bce14111ba8052daba583a12a7c8df30058587cb146a750c325fcafc7d2887e9,data_video/raw/archive_candidates/printer-014.mp4,37d4b0812de3a10893886a1d93500a0db809e793086f81dfbd9e904e9286aa5b,ffmpeg_scene_score,0.32,2,2026-07-23T18:45:07.090702+00:00,success,
printer-014-scene-0021,printer-014,1150.233,1218.700,68.467,data_video/processed/printer-014/clips/printer-014-scene-0021.mp4,7322595,c233e04feb6082bcd7f9201f9adf146655ab46ddd2bddc2a5c347477ae2e5b78,data_video/raw/archive_candidates/printer-014.mp4,37d4b0812de3a10893886a1d93500a0db809e793086f81dfbd9e904e9286aa5b,ffmpeg_scene_score,0.32,2,2026-07-23T18:45:28.402700+00:00,success,
printer-017-scene-0001,printer-017,0.000,5.000,5.000,data_video/processed/printer-017/clips/printer-017-scene-0001.mp4,153896,041aeee52e93a7c13031c8b0f6b922a640c85485e504c54247ed2a64b9a83564,data_video/raw/archive_candidates/printer-017.mp4,7c6a6317d46b723d1c1c0b4d0c80c8e58a5f7dabdba5abe77f9e1bf149903c03,ffmpeg_scene_score,0.32,2,2026-07-23T18:45:35.238121+00:00,success,
printer-017-scene-0002,printer-017,5.000,15.000,10.000,data_video/processed/printer-017/clips/printer-017-scene-0002.mp4,270475,4fe8f59b7ca1e6a1cb243a5ad2b49b2ee5a8ed6839e3952bd0e2ba1753f1f640,data_video/raw/archive_candidates/printer-017.mp4,7c6a6317d46b723d1c1c0b4d0c80c8e58a5f7dabdba5abe77f9e1bf149903c03,ffmpeg_scene_score,0.32,2,2026-07-23T18:45:39.399394+00:00,success,
printer-017-scene-0003,printer-017,15.000,50.000,35.000,data_video/processed/printer-017/clips/printer-017-scene-0003.mp4,1029684,c40c3b832c36053a72d2697b9d882a793eca48e8570a50af55fbea0c5d9b870e,data_video/raw/archive_candidates/printer-017.mp4,7c6a6317d46b723d1c1c0b4d0c80c8e58a5f7dabdba5abe77f9e1bf149903c03,ffmpeg_scene_score,0.32,2,2026-07-23T18:45:48.316933+00:00,success,
printer-020-scene-0001,printer-020,0.000,5.172,5.172,data_video/processed/printer-020/clips/printer-020-scene-0001.mp4,318608,35a617805f565ab433610363f4ad09a71612310d3379af37ac0cb17d95c30349,data_video/raw/archive_candidates/printer-020.mp4,4f939afe9269c8786c8e8271bf64c70ee6a282249f286e7f22f25ba436916676,ffmpeg_scene_score,0.32,2,2026-07-23T18:45:53.405862+00:00,success,
printer-020-scene-0002,printer-020,5.172,110.290,105.118,data_video/processed/printer-020/clips/printer-020-scene-0002.mp4,7157628,543f30f002b5c887f1e1ca7bacf5b095675af8744ab369c612df675f3b0e9304,data_video/raw/archive_candidates/printer-020.mp4,4f939afe9269c8786c8e8271bf64c70ee6a282249f286e7f22f25ba436916676,ffmpeg_scene_score,0.32,2,2026-07-23T18:46:18.223695+00:00,success,
printer-021-scene-0001,printer-021,0.000,46.367,46.367,data_video/processed/printer-021/clips/printer-021-scene-0001.mp4,4498267,9a564484bbaf153379cb9a68c867fd5e02649ae6bc072428d956cd1a14d683d3,data_video/raw/archive_candidates/printer-021.mp4,c624ea68a368f3a9b0d061d0f91e2ed4755eec3ad601cec9dc5395c7da4a6a4b,ffmpeg_scene_score,0.32,2,2026-07-23T18:46:56.186504+00:00,success,
printer-021-scene-0002,printer-021,46.367,108.417,62.050,data_video/processed/printer-021/clips/printer-021-scene-0002.mp4,6023084,fa1b59cb0701fd5c92b2933fca733ad4b108836fb2ac92e010d4ac019bcc6c2a,data_video/raw/archive_candidates/printer-021.mp4,c624ea68a368f3a9b0d061d0f91e2ed4755eec3ad601cec9dc5395c7da4a6a4b,ffmpeg_scene_score,0.32,2,2026-07-23T18:47:28.253764+00:00,success,
printer-021-scene-0003,printer-021,108.417,154.467,46.050,data_video/processed/printer-021/clips/printer-021-scene-0003.mp4,6271076,80e40a606182b944e82bacd1a61dfb6f58214e72d721652ac62d6e66304d696c,data_video/raw/archive_candidates/printer-021.mp4,c624ea68a368f3a9b0d061d0f91e2ed4755eec3ad601cec9dc5395c7da4a6a4b,ffmpeg_scene_score,0.32,2,2026-07-23T18:47:53.940558+00:00,success,
printer-021-scene-0004,printer-021,154.467,183.300,28.833,data_video/processed/printer-021/clips/printer-021-scene-0004.mp4,3446205,a5e6608a85bb1fe182af5449ac28bf178eedd92c5cced3af3fb8879a0883c53d,data_video/raw/archive_candidates/printer-021.mp4,c624ea68a368f3a9b0d061d0f91e2ed4755eec3ad601cec9dc5395c7da4a6a4b,ffmpeg_scene_score,0.32,2,2026-07-23T18:48:10.017095+00:00,success,
printer-021-scene-0005,printer-021,183.300,202.700,19.400,data_video/processed/printer-021/clips/printer-021-scene-0005.mp4,2581140,c248debcaf5dafb8ec33667a1c6f33b1d3d64d30ccd3db0fa14bdba00cf75e6e,data_video/raw/archive_candidates/printer-021.mp4,c624ea68a368f3a9b0d061d0f91e2ed4755eec3ad601cec9dc5395c7da4a6a4b,ffmpeg_scene_score,0.32,2,2026-07-23T18:48:21.850402+00:00,success,
printer-021-scene-0006,printer-021,202.700,220.100,17.400,data_video/processed/printer-021/clips/printer-021-scene-0006.mp4,2291697,39200885d36eba56013350f27df692bc94696ca9d0a0287d27b78db5c9f18bc0,data_video/raw/archive_candidates/printer-021.mp4,c624ea68a368f3a9b0d061d0f91e2ed4755eec3ad601cec9dc5395c7da4a6a4b,ffmpeg_scene_score,0.32,2,2026-07-23T18:48:31.546411+00:00,success,
printer-021-scene-0007,printer-021,220.100,259.480,39.380,data_video/processed/printer-021/clips/printer-021-scene-0007.mp4,4911302,ae6d611abc255884a66887947b69307e328c8df517ad40b08faab174a7c0f576,data_video/raw/archive_candidates/printer-021.mp4,c624ea68a368f3a9b0d061d0f91e2ed4755eec3ad601cec9dc5395c7da4a6a4b,ffmpeg_scene_score,0.32,2,2026-07-23T18:48:54.032817+00:00,success,
printer-024-scene-0001,printer-024,0.000,172.406,172.406,data_video/processed/printer-024/clips/printer-024-scene-0001.mp4,15973038,4e897677d8b4d298c1f8a9c5d2c342511cf5d21ec07b7c19decd34577b0fba74,data_video/raw/archive_candidates/printer-024.mp4,a4c47126da2173b65773e60a754dd65d9be5033b5270f6ab99d97d40c52dece5,ffmpeg_scene_score,0.32,2,2026-07-23T18:50:07.027140+00:00,success,
printer-024-scene-0002,printer-024,172.406,380.247,207.841,data_video/processed/printer-024/clips/printer-024-scene-0002.mp4,19089376,84789d336ac70d220a817e651f66986bd06e0e944b9a81ef2ad64713722bc6fb,data_video/raw/archive_candidates/printer-024.mp4,a4c47126da2173b65773e60a754dd65d9be5033b5270f6ab99d97d40c52dece5,ffmpeg_scene_score,0.32,2,2026-07-23T18:51:00.035919+00:00,success,
printer-024-scene-0003,printer-024,380.247,389.656,9.409,data_video/processed/printer-024/clips/printer-024-scene-0003.mp4,1081950,30c9450cfa3fcf201428c54d77e43c9c9577ecd0e2708c5e74f661789d172e3e,data_video/raw/archive_candidates/printer-024.mp4,a4c47126da2173b65773e60a754dd65d9be5033b5270f6ab99d97d40c52dece5,ffmpeg_scene_score,0.32,2,2026-07-23T18:51:03.383010+00:00,success,
printer-024-scene-0004,printer-024,389.656,396.029,6.373,data_video/processed/printer-024/clips/printer-024-scene-0004.mp4,923007,2442e79b6f60d9735de2c1a240d358a98922f2e70c3dc5e359227bfe5a5529e5,data_video/raw/archive_candidates/printer-024.mp4,a4c47126da2173b65773e60a754dd65d9be5033b5270f6ab99d97d40c52dece5,ffmpeg_scene_score,0.32,2,2026-07-23T18:51:06.113878+00:00,success,
printer-024-scene-0005,printer-024,396.029,684.551,288.522,data_video/processed/printer-024/clips/printer-024-scene-0005.mp4,25235734,ec2c2e88c92006aa8b468162f24214026e690801eb960eb680026268f33abbd7,data_video/raw/archive_candidates/printer-024.mp4,a4c47126da2173b65773e60a754dd65d9be5033b5270f6ab99d97d40c52dece5,ffmpeg_scene_score,0.32,2,2026-07-23T18:52:20.515946+00:00,success,
printer-024-scene-0006,printer-024,684.551,763.663,79.112,data_video/processed/printer-024/clips/printer-024-scene-0006.mp4,5904734,20b1cd70657947a637a49426d6a83387a7bcd8e048740220f70fa1ccd0d7492c,data_video/raw/archive_candidates/printer-024.mp4,a4c47126da2173b65773e60a754dd65d9be5033b5270f6ab99d97d40c52dece5,ffmpeg_scene_score,0.32,2,2026-07-23T18:52:40.225675+00:00,success,
printer-024-scene-0007,printer-024,763.663,841.941,78.278,data_video/processed/printer-024/clips/printer-024-scene-0007.mp4,5407082,420214f3a17dd3b781ae2a4713bad606b391beb5b3edecb2da005afa927c3915,data_video/raw/archive_candidates/printer-024.mp4,a4c47126da2173b65773e60a754dd65d9be5033b5270f6ab99d97d40c52dece5,ffmpeg_scene_score,0.32,2,2026-07-23T18:53:01.049066+00:00,success,
printer-024-scene-0008,printer-024,841.941,848.430,6.489,data_video/processed/printer-024/clips/printer-024-scene-0008.mp4,63642,1a068bdc0c9c16e607b575da7dd78a14729496fe8a9d448acdaf20557f87f130,data_video/raw/archive_candidates/printer-024.mp4,a4c47126da2173b65773e60a754dd65d9be5033b5270f6ab99d97d40c52dece5,ffmpeg_scene_score,0.32,2,2026-07-23T18:53:02.147817+00:00,success,
printer-028-scene-0001,printer-028,0.000,226.840,226.840,data_video/processed/printer-028/clips/printer-028-scene-0001.mp4,20007459,3b6ddab3bfff8f9d6401fcf9fa5135633a48ba653d9c91089764ffc5ab4346f6,data_video/raw/archive_candidates/printer-028.mp4,cfc915d07e1fcb72d74d67acbfd1510d9e5f9542315287d8086ca239bca4cd01,ffmpeg_scene_score,0.32,2,2026-07-23T18:54:09.854516+00:00,success,
printer-030-scene-0001,printer-030,0.000,46.079,46.079,data_video/processed/printer-030/clips/printer-030-scene-0001.mp4,2840388,618e4d004f8ff2676ea0f74ebe6230c2566e72e08d79ae17396902d968106837,data_video/raw/archive_candidates/printer-030.mp4,c02b950164358a6ec251fbb73eb35914b8c727694fc65f940353692736043462,ffmpeg_scene_score,0.32,2,2026-07-23T18:54:31.760066+00:00,success,
printer-030-scene-0002,printer-030,46.079,49.149,3.070,data_video/processed/printer-030/clips/printer-030-scene-0002.mp4,104865,21e8b7c284ea0f61e83b40a672423612b94fefe36d0f60b9d96e83161ee0f9c5,data_video/raw/archive_candidates/printer-030.mp4,c02b950164358a6ec251fbb73eb35914b8c727694fc65f940353692736043462,ffmpeg_scene_score,0.32,2,2026-07-23T18:54:33.307859+00:00,success,
printer-030-scene-0003,printer-030,49.149,107.074,57.925,data_video/processed/printer-030/clips/printer-030-scene-0003.mp4,1318543,4a323dd16ddb1fb41ad4f5327e4ac285a5137ac1ce48ec050b961127f093b52c,data_video/raw/archive_candidates/printer-030.mp4,c02b950164358a6ec251fbb73eb35914b8c727694fc65f940353692736043462,ffmpeg_scene_score,0.32,2,2026-07-23T18:54:44.069361+00:00,success,
printer-030-scene-0004,printer-030,107.074,121.221,14.147,data_video/processed/printer-030/clips/printer-030-scene-0004.mp4,1129850,b0765665985924c46ed1047b7bd5c484a7dd2facae2ad8d3da6dad0adff0d31f,data_video/raw/archive_candidates/printer-030.mp4,c02b950164358a6ec251fbb73eb35914b8c727694fc65f940353692736043462,ffmpeg_scene_score,0.32,2,2026-07-23T18:54:47.746045+00:00,success,
printer-030-scene-0005,printer-030,121.221,167.968,46.747,data_video/processed/printer-030/clips/printer-030-scene-0005.mp4,1080305,54d8b78de0507036eca5fcd740ea05a2a812982d91694d98b027bf63b05559ed,data_video/raw/archive_candidates/printer-030.mp4,c02b950164358a6ec251fbb73eb35914b8c727694fc65f940353692736043462,ffmpeg_scene_score,0.32,2,2026-07-23T18:54:56.977957+00:00,success,
printer-030-scene-0006,printer-030,167.968,180.781,12.813,data_video/processed/printer-030/clips/printer-030-scene-0006.mp4,280749,8a1f9bdd3590b5ff852b46380d4f1c55710a26b3778b95c34d2ada1995b390bd,data_video/raw/archive_candidates/printer-030.mp4,c02b950164358a6ec251fbb73eb35914b8c727694fc65f940353692736043462,ffmpeg_scene_score,0.32,2,2026-07-23T18:55:00.337036+00:00,success,
printer-030-scene-0007,printer-030,180.781,183.150,2.369,data_video/processed/printer-030/clips/printer-030-scene-0007.mp4,73880,3b8b084a8ca6e12afa0019d82105b42df9c4e763268874958a6e2ac3ac7eb675,data_video/raw/archive_candidates/printer-030.mp4,c02b950164358a6ec251fbb73eb35914b8c727694fc65f940353692736043462,ffmpeg_scene_score,0.32,2,2026-07-23T18:55:01.286243+00:00,success,
printer-030-scene-0008,printer-030,183.150,186.186,3.036,data_video/processed/printer-030/clips/printer-030-scene-0008.mp4,127779,9e2a6efce909842d912ca09f4ec814e92538a98c866fed4fe151cd47338132cf,data_video/raw/archive_candidates/printer-030.mp4,c02b950164358a6ec251fbb73eb35914b8c727694fc65f940353692736043462,ffmpeg_scene_score,0.32,2,2026-07-23T18:55:02.589060+00:00,success,
printer-030-scene-0009,printer-030,186.186,191.692,5.506,data_video/processed/printer-030/clips/printer-030-scene-0009.mp4,261302,151a0b30d3f6860f0ad0189ddd2fb36f65fab327f07bd402095c237d96afdff1,data_video/raw/archive_candidates/printer-030.mp4,c02b950164358a6ec251fbb73eb35914b8c727694fc65f940353692736043462,ffmpeg_scene_score,0.32,2,2026-07-23T18:55:04.508543+00:00,success,
printer-030-scene-0010,printer-030,191.692,215.582,23.891,data_video/processed/printer-030/clips/printer-030-scene-0010.mp4,521659,6540aae68d6ff5b3db308a0081d9da21ab1852e1525c00bbf4c88e9032ba49ac,data_video/raw/archive_candidates/printer-030.mp4,c02b950164358a6ec251fbb73eb35914b8c727694fc65f940353692736043462,ffmpeg_scene_score,0.32,2,2026-07-23T18:55:09.383997+00:00,success,
printer-030-scene-0011,printer-030,215.582,238.005,22.422,data_video/processed/printer-030/clips/printer-030-scene-0011.mp4,513555,07c5725f09b8d27356e148cf0f26f4dc30e0f530d6f316ef89aeb2df71f2eed6,data_video/raw/archive_candidates/printer-030.mp4,c02b950164358a6ec251fbb73eb35914b8c727694fc65f940353692736043462,ffmpeg_scene_score,0.32,2,2026-07-23T18:55:14.371245+00:00,success,
printer-030-scene-0012,printer-030,238.005,247.814,9.810,data_video/processed/printer-030/clips/printer-030-scene-0012.mp4,251381,32a7a00f3f8ac1e8b57b3293c47946962381f2df2f8aa75546cf6e053e2d825f,data_video/raw/archive_candidates/printer-030.mp4,c02b950164358a6ec251fbb73eb35914b8c727694fc65f940353692736043462,ffmpeg_scene_score,0.32,2,2026-07-23T18:55:17.228302+00:00,success,
printer-030-scene-0013,printer-030,247.814,280.581,32.766,data_video/processed/printer-030/clips/printer-030-scene-0013.mp4,722674,96ca3c27b571ec66db84290d20ea8f753191759e61fc300923cf76066a7f040e,data_video/raw/archive_candidates/printer-030.mp4,c02b950164358a6ec251fbb73eb35914b8c727694fc65f940353692736043462,ffmpeg_scene_score,0.32,2,2026-07-23T18:55:24.334047+00:00,success,
printer-030-scene-0014,printer-030,280.581,284.952,4.371,data_video/processed/printer-030/clips/printer-030-scene-0014.mp4,148289,9f84668e51801efe0c14115317ccf58d541342d2c94f2019e9f8c31d13a25910,data_video/raw/archive_candidates/printer-030.mp4,c02b950164358a6ec251fbb73eb35914b8c727694fc65f940353692736043462,ffmpeg_scene_score,0.32,2,2026-07-23T18:55:25.703062+00:00,success,
printer-030-scene-0015,printer-030,284.952,310.711,25.759,data_video/processed/printer-030/clips/printer-030-scene-0015.mp4,566345,7282ea2e9b70d4f95a2459e7cd3cf06c54804a75e793199e95377d9472d3bb4f,data_video/raw/archive_candidates/printer-030.mp4,c02b950164358a6ec251fbb73eb35914b8c727694fc65f940353692736043462,ffmpeg_scene_score,0.32,2,2026-07-23T18:55:30.523301+00:00,success,
printer-030-scene-0016,printer-030,310.711,314.414,3.704,data_video/processed/printer-030/clips/printer-030-scene-0016.mp4,103902,8150ad7b435b9107bd6d7e5811818584336e71e12848bf1cd3af1a0488258228,data_video/raw/archive_candidates/printer-030.mp4,c02b950164358a6ec251fbb73eb35914b8c727694fc65f940353692736043462,ffmpeg_scene_score,0.32,2,2026-07-23T18:55:31.917692+00:00,success,
printer-030-scene-0017,printer-030,314.414,331.031,16.617,data_video/processed/printer-030/clips/printer-030-scene-0017.mp4,487981,c14267c9b12ad2d0f51e784220eaa0792c5e61a3aba21a242b2c4b14b8e6d90a,data_video/raw/archive_candidates/printer-030.mp4,c02b950164358a6ec251fbb73eb35914b8c727694fc65f940353692736043462,ffmpeg_scene_score,0.32,2,2026-07-23T18:55:36.696485+00:00,success,
printer-030-scene-0018,printer-030,331.031,342.220,11.189,data_video/processed/printer-030/clips/printer-030-scene-0018.mp4,235650,75b8d455a7b42a4148653f81168fd80c50c7ce20c14941ea2216767db9059552,data_video/raw/archive_candidates/printer-030.mp4,c02b950164358a6ec251fbb73eb35914b8c727694fc65f940353692736043462,ffmpeg_scene_score,0.32,2,2026-07-23T18:55:39.155525+00:00,success,
printer-031-scene-0001,printer-031,0.000,26.000,26.000,data_video/processed/printer-031/clips/printer-031-scene-0001.mp4,2707267,dae1ef004625b4a79e6389df8f55399e2445e9240610ddbbf65fc8b57c395815,data_video/raw/archive_candidates/printer-031.mp4,35806ce09e047246a6f62925c1b011680df049aeace484637b6c00349e41ebde,ffmpeg_scene_score,0.32,2,2026-07-23T18:55:54.955031+00:00,success,
printer-031-scene-0002,printer-031,26.000,69.733,43.733,data_video/processed/printer-031/clips/printer-031-scene-0002.mp4,4567935,ff5123cf84464b94fa64c99e2a6a1ab32a768218cad409ad5e7ddeae484d8757,data_video/raw/archive_candidates/printer-031.mp4,35806ce09e047246a6f62925c1b011680df049aeace484637b6c00349e41ebde,ffmpeg_scene_score,0.32,2,2026-07-23T18:56:06.827125+00:00,success,
printer-031-scene-0003,printer-031,69.733,179.267,109.533,data_video/processed/printer-031/clips/printer-031-scene-0003.mp4,12365866,e3c42cd61e8ed164e4b7504da8445bbb6759b7b86248ef29c3d1b5a349f3c3d5,data_video/raw/archive_candidates/printer-031.mp4,35806ce09e047246a6f62925c1b011680df049aeace484637b6c00349e41ebde,ffmpeg_scene_score,0.32,2,2026-07-23T18:56:37.473322+00:00,success,
printer-031-scene-0004,printer-031,179.267,287.033,107.767,data_video/processed/printer-031/clips/printer-031-scene-0004.mp4,11464852,66353dda7dc4401881b8b4e01610af6fcaea35295793b33e092f322060419463,data_video/raw/archive_candidates/printer-031.mp4,35806ce09e047246a6f62925c1b011680df049aeace484637b6c00349e41ebde,ffmpeg_scene_score,0.32,2,2026-07-23T18:57:04.993539+00:00,success,
printer-031-scene-0005,printer-031,287.033,300.580,13.547,data_video/processed/printer-031/clips/printer-031-scene-0005.mp4,1481835,507e64553f1f9ebac110deb005932cef11e887b8c1de2152c8cadfb322e64a8b,data_video/raw/archive_candidates/printer-031.mp4,35806ce09e047246a6f62925c1b011680df049aeace484637b6c00349e41ebde,ffmpeg_scene_score,0.32,2,2026-07-23T18:57:09.134758+00:00,success,
printer-032-scene-0001,printer-032,0.000,348.790,348.790,data_video/processed/printer-032/clips/printer-032-scene-0001.mp4,16863556,483799cc32ea67527ca73f34bd91591f507e87cb45f56c85983b0bb7f74569e6,data_video/raw/archive_candidates/printer-032.mp4,ebfa368f4841be2eb6c7318b9ab10019b18a409cbebfa503641ef4eeaf986753,ffmpeg_scene_score,0.32,2,2026-07-23T18:58:22.454126+00:00,success,
printer-033-scene-0001,printer-033,0.000,88.317,88.317,data_video/processed/printer-033/clips/printer-033-scene-0001.mp4,7880913,54d7ebc2e6f96365f678c92a0849d219ecd2dbe0ed947a47cbe0f67af88e3903,data_video/raw/archive_candidates/printer-033.mp4,5336354ceb66e465d434edacec7b723c78d8a007f951616b67ba0d2bbfbc5110,ffmpeg_scene_score,0.32,2,2026-07-23T18:59:43.772022+00:00,success,
printer-033-scene-0002,printer-033,88.317,97.633,9.317,data_video/processed/printer-033/clips/printer-033-scene-0002.mp4,952264,3a212aec783595179813e3bc0a3c619e97ba137caf8a5261a8d3f8a75ff8e4fb,data_video/raw/archive_candidates/printer-033.mp4,5336354ceb66e465d434edacec7b723c78d8a007f951616b67ba0d2bbfbc5110,ffmpeg_scene_score,0.32,2,2026-07-23T18:59:49.885049+00:00,success,
printer-033-scene-0003,printer-033,97.633,99.983,2.350,data_video/processed/printer-033/clips/printer-033-scene-0003.mp4,339066,b209e037c0a51ca96fef3bc86a0f3e2fb73c5196113f09896bcc682375244ca4,data_video/raw/archive_candidates/printer-033.mp4,5336354ceb66e465d434edacec7b723c78d8a007f951616b67ba0d2bbfbc5110,ffmpeg_scene_score,0.32,2,2026-07-23T18:59:52.281027+00:00,success,
printer-033-scene-0004,printer-033,99.983,117.083,17.100,data_video/processed/printer-033/clips/printer-033-scene-0004.mp4,2825733,28af21902d6636b3e1c2c4f3a106da67c3cfebd477b76b22a53526dad2a7269a,data_video/raw/archive_candidates/printer-033.mp4,5336354ceb66e465d434edacec7b723c78d8a007f951616b67ba0d2bbfbc5110,ffmpeg_scene_score,0.32,2,2026-07-23T19:00:02.572916+00:00,success,
printer-033-scene-0005,printer-033,117.083,177.783,60.700,data_video/processed/printer-033/clips/printer-033-scene-0005.mp4,9458896,837cbaf2fc66bd42be8facaaec8c844a87d3923c16fe2be7982bcbf6257f48ae,data_video/raw/archive_candidates/printer-033.mp4,5336354ceb66e465d434edacec7b723c78d8a007f951616b67ba0d2bbfbc5110,ffmpeg_scene_score,0.32,2,2026-07-23T19:00:39.440419+00:00,success,
printer-033-scene-0006,printer-033,177.783,540.983,363.200,data_video/processed/printer-033/clips/printer-033-scene-0006.mp4,52671003,b16fc8f775e9f0ff7a33a1103cb2105364060eed58e9af27b3dfb4bfbfe37029,data_video/raw/archive_candidates/printer-033.mp4,5336354ceb66e465d434edacec7b723c78d8a007f951616b67ba0d2bbfbc5110,ffmpeg_scene_score,0.32,2,2026-07-23T19:03:53.084698+00:00,success,
printer-033-scene-0007,printer-033,540.983,730.500,189.517,data_video/processed/printer-033/clips/printer-033-scene-0007.mp4,18767634,e50e6781858d2bda102e332581e46c7552576393bb20d0ca05e06c5c75b7bbf4,data_video/raw/archive_candidates/printer-033.mp4,5336354ceb66e465d434edacec7b723c78d8a007f951616b67ba0d2bbfbc5110,ffmpeg_scene_score,0.32,2,2026-07-23T19:05:31.039249+00:00,success,
vacuum-001-scene-0001,vacuum-001,0.000,26.510,26.510,data_video/processed/vacuum-001/clips/vacuum-001-scene-0001.mp4,2436567,d7b383d0860233e9e1e94d8472a6667e9b99557e68b13922b1b6697e704f600c,data_video/raw/authorized_sources/vacuum-001.webm,4b5708d5a23a322951f76962a871bf0b761ab005619d4df874dec30df85fb244,ffmpeg_scene_score,0.32,2,2026-07-22T12:57:37.570797+00:00,success,
vacuum-002-scene-0001,vacuum-002,0.000,30.940,30.940,data_video/processed/vacuum-002/clips/vacuum-002-scene-0001.mp4,768708,7e85c5d153b030eb3497e488fa21bbf6e5700a50ea0b45672449d15757040e0f,data_video/raw/authorized_sources/vacuum-002.webm,3973dc88640c9bce9abf181d9652107bd4e3a0148a11d6e74c89d47f4940f10a,ffmpeg_scene_score,0.32,2,2026-07-22T12:57:41.487616+00:00,success,
vacuum-003-scene-0001,vacuum-003,0.000,15.460,15.460,data_video/processed/vacuum-003/clips/vacuum-003-scene-0001.mp4,1038593,deb55ac04824cc074d4fab29f72072d5a491bbbfb1d4f2e04fe48c68cb9371de,data_video/raw/candidate_sources/vacuum-003.webm,ff8f173e2e3570c158950b184f1570c65017ac86638bfe595c216fb574206216,ffmpeg_scene_score,0.32,2,2026-07-22T12:57:46.829180+00:00,success,
vacuum-008-scene-0001,vacuum-008,0.000,27.207,27.207,data_video/processed/vacuum-008/clips/vacuum-008-scene-0001.mp4,2004250,431c9671c65c13c14af6651a2ee9c535f356d8665c4636b5e0b5cfcc776c9dd8,data_video/raw/candidate_sources/vacuum-008.webm,e6cfce931933424bc860fc2b479e33c502523cfdcca85c6ea80280715e2dcb73,ffmpeg_scene_score,0.32,2,2026-07-22T12:58:05.910158+00:00,success,
vacuum-008-scene-0002,vacuum-008,27.207,31.211,4.004,data_video/processed/vacuum-008/clips/vacuum-008-scene-0002.mp4,602275,1b277bec1da423e7dd998d56cdad40c4dfe64059711aeb01f8434abe5de0e82a,data_video/raw/candidate_sources/vacuum-008.webm,e6cfce931933424bc860fc2b479e33c502523cfdcca85c6ea80280715e2dcb73,ffmpeg_scene_score,0.32,2,2026-07-22T12:58:07.763043+00:00,success,
vacuum-008-scene-0003,vacuum-008,31.211,37.050,5.839,data_video/processed/vacuum-008/clips/vacuum-008-scene-0003.mp4,1099231,bcd35dc086f265756ad400de6d448652c0f532821d9a7f64ad923140624e0fd6,data_video/raw/candidate_sources/vacuum-008.webm,e6cfce931933424bc860fc2b479e33c502523cfdcca85c6ea80280715e2dcb73,ffmpeg_scene_score,0.32,2,2026-07-22T12:58:10.373002+00:00,success,
vacuum-008-scene-0004,vacuum-008,37.050,39.094,2.044,data_video/processed/vacuum-008/clips/vacuum-008-scene-0004.mp4,480696,0baef11927fcdcdb5984b599cf81c38d57271c3385c8e3d58c6026d1c21b85db,data_video/raw/candidate_sources/vacuum-008.webm,e6cfce931933424bc860fc2b479e33c502523cfdcca85c6ea80280715e2dcb73,ffmpeg_scene_score,0.32,2,2026-07-22T12:58:12.168457+00:00,success,
vacuum-008-scene-0005,vacuum-008,39.094,41.263,2.169,data_video/processed/vacuum-008/clips/vacuum-008-scene-0005.mp4,455609,7332c6d5eb849db12ff38941f0ceec966ddb5f6a3b09fc2d8e69ec2b5c7a24a8,data_video/raw/candidate_sources/vacuum-008.webm,e6cfce931933424bc860fc2b479e33c502523cfdcca85c6ea80280715e2dcb73,ffmpeg_scene_score,0.32,2,2026-07-22T12:58:13.463460+00:00,success,
vacuum-008-scene-0006,vacuum-008,41.263,44.225,2.962,data_video/processed/vacuum-008/clips/vacuum-008-scene-0006.mp4,546223,d44b9b4821c42b3398a0dec3ca330b16f48a03a76e53dd820d3a185f8827884e,data_video/raw/candidate_sources/vacuum-008.webm,e6cfce931933424bc860fc2b479e33c502523cfdcca85c6ea80280715e2dcb73,ffmpeg_scene_score,0.32,2,2026-07-22T12:58:15.174327+00:00,success,
vacuum-008-scene-0007,vacuum-008,44.225,46.686,2.461,data_video/processed/vacuum-008/clips/vacuum-008-scene-0007.mp4,485997,e869dc3154d13fb71e658236c42697cb04b944e8ad3c15e7f56953532ae2f2a5,data_video/raw/candidate_sources/vacuum-008.webm,e6cfce931933424bc860fc2b479e33c502523cfdcca85c6ea80280715e2dcb73,ffmpeg_scene_score,0.32,2,2026-07-22T12:58:16.665189+00:00,success,
vacuum-008-scene-0008,vacuum-008,46.686,50.148,3.462,data_video/processed/vacuum-008/clips/vacuum-008-scene-0008.mp4,570745,69cd9d6121e21a46088b5e4e50dce136093fb5cd6fa612abdd4bddfddef27e9a,data_video/raw/candidate_sources/vacuum-008.webm,e6cfce931933424bc860fc2b479e33c502523cfdcca85c6ea80280715e2dcb73,ffmpeg_scene_score,0.32,2,2026-07-22T12:58:18.509064+00:00,success,
vacuum-008-scene-0009,vacuum-008,50.148,53.109,2.961,data_video/processed/vacuum-008/clips/vacuum-008-scene-0009.mp4,497772,c54e13697a77bc525899f2a37ad022acb5e10605f6c65272d99979bd299b3654,data_video/raw/candidate_sources/vacuum-008.webm,e6cfce931933424bc860fc2b479e33c502523cfdcca85c6ea80280715e2dcb73,ffmpeg_scene_score,0.32,2,2026-07-22T12:58:19.744836+00:00,success,
vacuum-008-scene-0010,vacuum-008,53.109,55.237,2.128,data_video/processed/vacuum-008/clips/vacuum-008-scene-0010.mp4,319761,3710131377b8bad44893252e5d91a3104c07bf97ebef362dbd87893ec83c4144,data_video/raw/candidate_sources/vacuum-008.webm,e6cfce931933424bc860fc2b479e33c502523cfdcca85c6ea80280715e2dcb73,ffmpeg_scene_score,0.32,2,2026-07-22T12:58:20.732292+00:00,success,
vacuum-008-scene-0011,vacuum-008,55.237,59.408,4.171,data_video/processed/vacuum-008/clips/vacuum-008-scene-0011.mp4,717159,277547a272b226a2e8f61f7767a5e9ea3650f8c7bd81a59ca34956f3b63b5363,data_video/raw/candidate_sources/vacuum-008.webm,e6cfce931933424bc860fc2b479e33c502523cfdcca85c6ea80280715e2dcb73,ffmpeg_scene_score,0.32,2,2026-07-22T12:58:22.620412+00:00,success,
vacuum-008-scene-0012,vacuum-008,59.408,70.127,10.719,data_video/processed/vacuum-008/clips/vacuum-008-scene-0012.mp4,1909594,44edef10d0983664a1f74c802eacca8649c49db0e1d213acd50536e0535beab5,data_video/raw/candidate_sources/vacuum-008.webm,e6cfce931933424bc860fc2b479e33c502523cfdcca85c6ea80280715e2dcb73,ffmpeg_scene_score,0.32,2,2026-07-22T12:58:26.184632+00:00,success,
vacuum-008-scene-0013,vacuum-008,70.127,72.421,2.294,data_video/processed/vacuum-008/clips/vacuum-008-scene-0013.mp4,406180,03e7d75211da14d7d543972aa4e6be9d9646193a12d84022ebc95eb9e1fc48ea,data_video/raw/candidate_sources/vacuum-008.webm,e6cfce931933424bc860fc2b479e33c502523cfdcca85c6ea80280715e2dcb73,ffmpeg_scene_score,0.32,2,2026-07-22T12:58:27.740695+00:00,success,
vacuum-008-scene-0014,vacuum-008,72.421,79.929,7.508,data_video/processed/vacuum-008/clips/vacuum-008-scene-0014.mp4,1166404,b3d279b6f9ad6a441507632b01d80a430e2b952988512422fb902f4cf07e87c8,data_video/raw/candidate_sources/vacuum-008.webm,e6cfce931933424bc860fc2b479e33c502523cfdcca85c6ea80280715e2dcb73,ffmpeg_scene_score,0.32,2,2026-07-22T12:58:31.297024+00:00,success,
vacuum-008-scene-0015,vacuum-008,79.929,82.974,3.045,data_video/processed/vacuum-008/clips/vacuum-008-scene-0015.mp4,407548,bfa9f7a620dbf97d4502073fe450d4ebfc639ca72d707fc3bde4f25acad655ca,data_video/raw/candidate_sources/vacuum-008.webm,e6cfce931933424bc860fc2b479e33c502523cfdcca85c6ea80280715e2dcb73,ffmpeg_scene_score,0.32,2,2026-07-22T12:58:32.777848+00:00,success,
vacuum-008-scene-0016,vacuum-008,82.974,86.144,3.170,data_video/processed/vacuum-008/clips/vacuum-008-scene-0016.mp4,482248,c6db1672bbec99407213e23a7a55a3eb809d52b3cfc577ac3918572188927b33,data_video/raw/candidate_sources/vacuum-008.webm,e6cfce931933424bc860fc2b479e33c502523cfdcca85c6ea80280715e2dcb73,ffmpeg_scene_score,0.32,2,2026-07-22T12:58:34.399218+00:00,success,
vacuum-008-scene-0017,vacuum-008,86.144,88.188,2.044,data_video/processed/vacuum-008/clips/vacuum-008-scene-0017.mp4,456737,84d0cda2506c9eee0054cc0085dbd3da54ea6103bfadcfb520183254be05dcc4,data_video/raw/candidate_sources/vacuum-008.webm,e6cfce931933424bc860fc2b479e33c502523cfdcca85c6ea80280715e2dcb73,ffmpeg_scene_score,0.32,2,2026-07-22T12:58:35.751004+00:00,success,
vacuum-008-scene-0018,vacuum-008,88.188,123.830,35.642,data_video/processed/vacuum-008/clips/vacuum-008-scene-0018.mp4,3824418,8d55e9cb96d7c5d35e1ce1825a56e54c9b2666f5ce80715b997b07a8f0902341,data_video/raw/candidate_sources/vacuum-008.webm,e6cfce931933424bc860fc2b479e33c502523cfdcca85c6ea80280715e2dcb73,ffmpeg_scene_score,0.32,2,2026-07-22T12:58:45.167567+00:00,success,
vacuum-009-scene-0001,vacuum-009,0.000,41.540,41.540,data_video/processed/vacuum-009/clips/vacuum-009-scene-0001.mp4,8890492,335db32878261e9a74d5f8b7fdf2693b94b5b3b681e4932602950515f371d49d,data_video/raw/candidate_sources/vacuum-009.webm,4ec97206c8dcd7b0f7f00b783296cc4672c572e3e2cae3d9759197deeb8b3f17,ffmpeg_scene_score,0.32,2,2026-07-22T12:59:03.292356+00:00,success,
vacuum-010-scene-0001,vacuum-010,0.000,74.700,74.700,data_video/processed/vacuum-010/clips/vacuum-010-scene-0001.mp4,965314,e239b52f3134ef01527df0217c9b2e83038629e86d103f1cee925b43d996a234,data_video/raw/candidate_sources/vacuum-010.webm,637d8034a115214879e048884627f06ccd389c7c04a71c3c081ec08ada5814c3,ffmpeg_scene_score,0.32,2,2026-07-22T12:59:12.040313+00:00,success,
vacuum-034-scene-0001,vacuum-034,0.000,5.005,5.005,data_video/processed/vacuum-034/clips/vacuum-034-scene-0001.mp4,93897,34867f414fbd97c181e60b1d72800c330f09f25796e50430a230237a58e65270,data_video/raw/archive_candidates/vacuum-034.mp4,28385acda6e9b8d6219cc98d9db4c88f61ca03a9a1c2ac9c23d7b3cd16445f6e,ffmpeg_scene_score,0.32,2,2026-07-23T19:05:57.223027+00:00,success,
vacuum-034-scene-0002,vacuum-034,5.005,7.808,2.803,data_video/processed/vacuum-034/clips/vacuum-034-scene-0002.mp4,98022,3140de52ad5cb88d6fde7c00e3689adcb5069d1f4152d58bf57c90da6dff8d54,data_video/raw/archive_candidates/vacuum-034.mp4,28385acda6e9b8d6219cc98d9db4c88f61ca03a9a1c2ac9c23d7b3cd16445f6e,ffmpeg_scene_score,0.32,2,2026-07-23T19:05:58.706673+00:00,success,
vacuum-034-scene-0003,vacuum-034,7.808,20.120,12.312,data_video/processed/vacuum-034/clips/vacuum-034-scene-0003.mp4,510429,4847ab862cb3ea2ab08a4eb3a9fb11952bfd6e1e16ef9bebce1bd722d8868094,data_video/raw/archive_candidates/vacuum-034.mp4,28385acda6e9b8d6219cc98d9db4c88f61ca03a9a1c2ac9c23d7b3cd16445f6e,ffmpeg_scene_score,0.32,2,2026-07-23T19:06:02.033571+00:00,success,
vacuum-034-scene-0004,vacuum-034,20.120,48.015,27.895,data_video/processed/vacuum-034/clips/vacuum-034-scene-0004.mp4,3808020,069c61a4261e5f79771bd5ed41f6eb67a02eee9a530d60554656fb7138493dd9,data_video/raw/archive_candidates/vacuum-034.mp4,28385acda6e9b8d6219cc98d9db4c88f61ca03a9a1c2ac9c23d7b3cd16445f6e,ffmpeg_scene_score,0.32,2,2026-07-23T19:06:12.216266+00:00,success,
vacuum-034-scene-0005,vacuum-034,48.015,79.212,31.198,data_video/processed/vacuum-034/clips/vacuum-034-scene-0005.mp4,5259673,0b21ac7c3b15e9a5c4d1d5959f976dbfa1211396fe26e5ecfa911b66bbc18707,data_video/raw/archive_candidates/vacuum-034.mp4,28385acda6e9b8d6219cc98d9db4c88f61ca03a9a1c2ac9c23d7b3cd16445f6e,ffmpeg_scene_score,0.32,2,2026-07-23T19:06:24.402756+00:00,success,
vacuum-034-scene-0006,vacuum-034,79.212,81.815,2.603,data_video/processed/vacuum-034/clips/vacuum-034-scene-0006.mp4,518486,cc71956fc93e4fdb5995454a8badf66a2772f49f5d023fa33a39d218b017e03c,data_video/raw/archive_candidates/vacuum-034.mp4,28385acda6e9b8d6219cc98d9db4c88f61ca03a9a1c2ac9c23d7b3cd16445f6e,ffmpeg_scene_score,0.32,2,2026-07-23T19:06:26.426098+00:00,success,
vacuum-034-scene-0007,vacuum-034,81.815,84.284,2.469,data_video/processed/vacuum-034/clips/vacuum-034-scene-0007.mp4,412973,5d6671d2b310ebd866f44f503f7e4e57634857b7b79d2eeb5418e63d27ef180f,data_video/raw/archive_candidates/vacuum-034.mp4,28385acda6e9b8d6219cc98d9db4c88f61ca03a9a1c2ac9c23d7b3cd16445f6e,ffmpeg_scene_score,0.32,2,2026-07-23T19:06:28.411360+00:00,success,
vacuum-034-scene-0008,vacuum-034,84.284,87.120,2.836,data_video/processed/vacuum-034/clips/vacuum-034-scene-0008.mp4,96702,1df988e98a1fc8440d64110d899efcccfe321f8c6b3c1a46389d27289a26436e,data_video/raw/archive_candidates/vacuum-034.mp4,28385acda6e9b8d6219cc98d9db4c88f61ca03a9a1c2ac9c23d7b3cd16445f6e,ffmpeg_scene_score,0.32,2,2026-07-23T19:06:29.918541+00:00,success,
vacuum-034-scene-0009,vacuum-034,87.120,95.862,8.742,data_video/processed/vacuum-034/clips/vacuum-034-scene-0009.mp4,1766526,3f24959e8d528c7a2cab7e8315972d9b772516cb87fb36f95d00ad7c50790fc0,data_video/raw/archive_candidates/vacuum-034.mp4,28385acda6e9b8d6219cc98d9db4c88f61ca03a9a1c2ac9c23d7b3cd16445f6e,ffmpeg_scene_score,0.32,2,2026-07-23T19:06:34.636881+00:00,success,
vacuum-034-scene-0010,vacuum-034,95.862,104.071,8.208,data_video/processed/vacuum-034/clips/vacuum-034-scene-0010.mp4,1634519,50d8da1f53e91cd3e72df378243a0d354b68536eae505e7db764cee3b0ae9815,data_video/raw/archive_candidates/vacuum-034.mp4,28385acda6e9b8d6219cc98d9db4c88f61ca03a9a1c2ac9c23d7b3cd16445f6e,ffmpeg_scene_score,0.32,2,2026-07-23T19:06:39.262460+00:00,success,
vacuum-034-scene-0011,vacuum-034,104.071,115.082,11.011,data_video/processed/vacuum-034/clips/vacuum-034-scene-0011.mp4,184139,edbc290d4a31332a9d1170be924c518a99558cdda80d5906d94c75afc9f88d65,data_video/raw/archive_candidates/vacuum-034.mp4,28385acda6e9b8d6219cc98d9db4c88f61ca03a9a1c2ac9c23d7b3cd16445f6e,ffmpeg_scene_score,0.32,2,2026-07-23T19:06:41.991748+00:00,success,
vacuum-034-scene-0012,vacuum-034,115.082,124.324,9.243,data_video/processed/vacuum-034/clips/vacuum-034-scene-0012.mp4,1708783,daffc45d1f810e5e7aa2632f1b7f13c9e49aec502482686b188c1ef772bd7ba8,data_video/raw/archive_candidates/vacuum-034.mp4,28385acda6e9b8d6219cc98d9db4c88f61ca03a9a1c2ac9c23d7b3cd16445f6e,ffmpeg_scene_score,0.32,2,2026-07-23T19:06:46.716360+00:00,success,
vacuum-034-scene-0013,vacuum-034,124.324,127.260,2.936,data_video/processed/vacuum-034/clips/vacuum-034-scene-0013.mp4,585040,28de01c44b6839aa2e95cb5cd3cbff1a27afc8fa08936362634fec4906814c3d,data_video/raw/archive_candidates/vacuum-034.mp4,28385acda6e9b8d6219cc98d9db4c88f61ca03a9a1c2ac9c23d7b3cd16445f6e,ffmpeg_scene_score,0.32,2,2026-07-23T19:06:49.076377+00:00,success,
vacuum-034-scene-0014,vacuum-034,127.260,138.772,11.511,data_video/processed/vacuum-034/clips/vacuum-034-scene-0014.mp4,2051958,50dad7b3ebd2e4abeb22e39452deb90d8d6cb1ef3997f0896cfe220fda0a190a,data_video/raw/archive_candidates/vacuum-034.mp4,28385acda6e9b8d6219cc98d9db4c88f61ca03a9a1c2ac9c23d7b3cd16445f6e,ffmpeg_scene_score,0.32,2,2026-07-23T19:06:54.539356+00:00,success,
vacuum-034-scene-0015,vacuum-034,138.772,141.208,2.436,data_video/processed/vacuum-034/clips/vacuum-034-scene-0015.mp4,515214,cffa6c61ec70086c74975308fad9e8b495235e93336bd37a2353c3a5f39a39c4,data_video/raw/archive_candidates/vacuum-034.mp4,28385acda6e9b8d6219cc98d9db4c88f61ca03a9a1c2ac9c23d7b3cd16445f6e,ffmpeg_scene_score,0.32,2,2026-07-23T19:06:56.644484+00:00,success,
vacuum-034-scene-0016,vacuum-034,141.208,144.378,3.170,data_video/processed/vacuum-034/clips/vacuum-034-scene-0016.mp4,255395,7a908a0a2910f87cbd8f3c81b6cc89b426257d848af9f92ab7151eb23ed15ceb,data_video/raw/archive_candidates/vacuum-034.mp4,28385acda6e9b8d6219cc98d9db4c88f61ca03a9a1c2ac9c23d7b3cd16445f6e,ffmpeg_scene_score,0.32,2,2026-07-23T19:06:58.072357+00:00,success,
vacuum-034-scene-0017,vacuum-034,144.378,151.852,7.474,data_video/processed/vacuum-034/clips/vacuum-034-scene-0017.mp4,1578898,a502ae07cd3b6a74446469b35496516e605ac1df5010db3803e4bd1879808ba9,data_video/raw/archive_candidates/vacuum-034.mp4,28385acda6e9b8d6219cc98d9db4c88f61ca03a9a1c2ac9c23d7b3cd16445f6e,ffmpeg_scene_score,0.32,2,2026-07-23T19:07:01.881827+00:00,success,
vacuum-034-scene-0018,vacuum-034,151.852,155.622,3.770,data_video/processed/vacuum-034/clips/vacuum-034-scene-0018.mp4,140802,9c97236b896cfbdfc324747b38935ed7895de9ae44b01ff9d555974619bd8494,data_video/raw/archive_candidates/vacuum-034.mp4,28385acda6e9b8d6219cc98d9db4c88f61ca03a9a1c2ac9c23d7b3cd16445f6e,ffmpeg_scene_score,0.32,2,2026-07-23T19:07:03.284718+00:00,success,
vacuum-034-scene-0019,vacuum-034,155.622,166.099,10.477,data_video/processed/vacuum-034/clips/vacuum-034-scene-0019.mp4,2093804,1ffcfa12985f82394a709954bb1bf59382806dc01c72ea07906afdb6f99678dc,data_video/raw/archive_candidates/vacuum-034.mp4,28385acda6e9b8d6219cc98d9db4c88f61ca03a9a1c2ac9c23d7b3cd16445f6e,ffmpeg_scene_score,0.32,2,2026-07-23T19:07:08.111885+00:00,success,
vacuum-034-scene-0020,vacuum-034,166.099,169.436,3.337,data_video/processed/vacuum-034/clips/vacuum-034-scene-0020.mp4,149501,04c904f714aa2afdb5332ca9d6ff52fb52f72c5e48eb64ced245f0927d08acbb,data_video/raw/archive_candidates/vacuum-034.mp4,28385acda6e9b8d6219cc98d9db4c88f61ca03a9a1c2ac9c23d7b3cd16445f6e,ffmpeg_scene_score,0.32,2,2026-07-23T19:07:09.728887+00:00,success,
vacuum-034-scene-0021,vacuum-034,169.436,173.006,3.570,data_video/processed/vacuum-034/clips/vacuum-034-scene-0021.mp4,254857,63346e47d292aebffc2065b28fbf17b66c6e0288f8f44970498c6daa2897e102,data_video/raw/archive_candidates/vacuum-034.mp4,28385acda6e9b8d6219cc98d9db4c88f61ca03a9a1c2ac9c23d7b3cd16445f6e,ffmpeg_scene_score,0.32,2,2026-07-23T19:07:11.195580+00:00,success,
vacuum-034-scene-0022,vacuum-034,173.006,175.042,2.035,data_video/processed/vacuum-034/clips/vacuum-034-scene-0022.mp4,291363,d96c799ddceb40e0b4645bbee9c17f881a18c4fa9a454d64d8c0acb8b7768b81,data_video/raw/archive_candidates/vacuum-034.mp4,28385acda6e9b8d6219cc98d9db4c88f61ca03a9a1c2ac9c23d7b3cd16445f6e,ffmpeg_scene_score,0.32,2,2026-07-23T19:07:12.791316+00:00,success,
vacuum-034-scene-0023,vacuum-034,175.042,179.846,4.805,data_video/processed/vacuum-034/clips/vacuum-034-scene-0023.mp4,1053583,7660d7ee99c3dd28358cb906b2dba834fa470eaefbb41c6e6be7438ff80efc9a,data_video/raw/archive_candidates/vacuum-034.mp4,28385acda6e9b8d6219cc98d9db4c88f61ca03a9a1c2ac9c23d7b3cd16445f6e,ffmpeg_scene_score,0.32,2,2026-07-23T19:07:15.584571+00:00,success,
vacuum-034-scene-0024,vacuum-034,179.846,185.052,5.205,data_video/processed/vacuum-034/clips/vacuum-034-scene-0024.mp4,1395857,71def8b9ce1973f69d25266e46b5c4fc198d83e6c60c91ae83cab9c0f70fa965,data_video/raw/archive_candidates/vacuum-034.mp4,28385acda6e9b8d6219cc98d9db4c88f61ca03a9a1c2ac9c23d7b3cd16445f6e,ffmpeg_scene_score,0.32,2,2026-07-23T19:07:18.972186+00:00,success,
vacuum-034-scene-0025,vacuum-034,185.052,189.589,4.538,data_video/processed/vacuum-034/clips/vacuum-034-scene-0025.mp4,1262170,461cb439158bbf52f5adb92cfc4a3b4151e1c30a2ff3bfdbcbf03bd14a24022e,data_video/raw/archive_candidates/vacuum-034.mp4,28385acda6e9b8d6219cc98d9db4c88f61ca03a9a1c2ac9c23d7b3cd16445f6e,ffmpeg_scene_score,0.32,2,2026-07-23T19:07:21.735908+00:00,success,
vacuum-034-scene-0026,vacuum-034,189.589,230.831,41.241,data_video/processed/vacuum-034/clips/vacuum-034-scene-0026.mp4,10182790,ad481ddab4da441afbab3df842039e8b025c00a56633bfa64d107bf47e595820,data_video/raw/archive_candidates/vacuum-034.mp4,28385acda6e9b8d6219cc98d9db4c88f61ca03a9a1c2ac9c23d7b3cd16445f6e,ffmpeg_scene_score,0.32,2,2026-07-23T19:07:39.314581+00:00,success,
vacuum-034-scene-0027,vacuum-034,230.831,240.507,9.676,data_video/processed/vacuum-034/clips/vacuum-034-scene-0027.mp4,2186860,b4a1c11d4f7d119770087b2790420c603dc8d78a08d4a7260246b3530c46ad96,data_video/raw/archive_candidates/vacuum-034.mp4,28385acda6e9b8d6219cc98d9db4c88f61ca03a9a1c2ac9c23d7b3cd16445f6e,ffmpeg_scene_score,0.32,2,2026-07-23T19:07:43.871606+00:00,success,
vacuum-034-scene-0028,vacuum-034,240.507,244.344,3.837,data_video/processed/vacuum-034/clips/vacuum-034-scene-0028.mp4,1028779,78859766bc3f2ad7500bfa9917d18188878063a124843203bae1faf691228a2f,data_video/raw/archive_candidates/vacuum-034.mp4,28385acda6e9b8d6219cc98d9db4c88f61ca03a9a1c2ac9c23d7b3cd16445f6e,ffmpeg_scene_score,0.32,2,2026-07-23T19:07:46.600768+00:00,success,
vacuum-034-scene-0029,vacuum-034,244.344,248.448,4.104,data_video/processed/vacuum-034/clips/vacuum-034-scene-0029.mp4,1165516,d9dab264f1fd6e31d92ab27a4ac0ae496ca438706946ec3f9874ba70874f4009,data_video/raw/archive_candidates/vacuum-034.mp4,28385acda6e9b8d6219cc98d9db4c88f61ca03a9a1c2ac9c23d7b3cd16445f6e,ffmpeg_scene_score,0.32,2,2026-07-23T19:07:49.714844+00:00,success,
vacuum-034-scene-0030,vacuum-034,248.448,256.556,8.108,data_video/processed/vacuum-034/clips/vacuum-034-scene-0030.mp4,361371,1bc96e2b004e0387c359da76371809af3806f084a87203d9d504d233a1191b18,data_video/raw/archive_candidates/vacuum-034.mp4,28385acda6e9b8d6219cc98d9db4c88f61ca03a9a1c2ac9c23d7b3cd16445f6e,ffmpeg_scene_score,0.32,2,2026-07-23T19:07:52.259212+00:00,success,
vacuum-034-scene-0031,vacuum-034,256.556,280.514,23.957,data_video/processed/vacuum-034/clips/vacuum-034-scene-0031.mp4,5547470,5d2941ff58010c79ff21f6bf0589475ac6bd1fd29dadb32f23b9a74e21b21081,data_video/raw/archive_candidates/vacuum-034.mp4,28385acda6e9b8d6219cc98d9db4c88f61ca03a9a1c2ac9c23d7b3cd16445f6e,ffmpeg_scene_score,0.32,2,2026-07-23T19:08:02.519908+00:00,success,
vacuum-034-scene-0032,vacuum-034,280.514,286.553,6.039,data_video/processed/vacuum-034/clips/vacuum-034-scene-0032.mp4,731361,61d1d59d16f3d1435b22862e6eb01fb8acd582f5b8c08dcd66b744fcf14e8baf,data_video/raw/archive_candidates/vacuum-034.mp4,28385acda6e9b8d6219cc98d9db4c88f61ca03a9a1c2ac9c23d7b3cd16445f6e,ffmpeg_scene_score,0.32,2,2026-07-23T19:08:05.152801+00:00,success,
vacuum-034-scene-0033,vacuum-034,286.553,295.896,9.343,data_video/processed/vacuum-034/clips/vacuum-034-scene-0033.mp4,2516423,8c263a19f5a6688fd7f7ef628606e07e5418af213c32f39e31cd0b466a9c396b,data_video/raw/archive_candidates/vacuum-034.mp4,28385acda6e9b8d6219cc98d9db4c88f61ca03a9a1c2ac9c23d7b3cd16445f6e,ffmpeg_scene_score,0.32,2,2026-07-23T19:08:10.360666+00:00,success,
vacuum-034-scene-0034,vacuum-034,295.896,304.371,8.475,data_video/processed/vacuum-034/clips/vacuum-034-scene-0034.mp4,1791514,d2b7fdaf8ca8882f41f880a812f026d4c43c974c8ae25d8f93c39a421d7a68ce,data_video/raw/archive_candidates/vacuum-034.mp4,28385acda6e9b8d6219cc98d9db4c88f61ca03a9a1c2ac9c23d7b3cd16445f6e,ffmpeg_scene_score,0.32,2,2026-07-23T19:08:14.077683+00:00,success,
vacuum-034-scene-0035,vacuum-034,304.371,307.707,3.337,data_video/processed/vacuum-034/clips/vacuum-034-scene-0035.mp4,101706,1bf41d1220f3d44377ee75fd1b6242e5e6d9534be29172f3807c118c5f7e6dc0,data_video/raw/archive_candidates/vacuum-034.mp4,28385acda6e9b8d6219cc98d9db4c88f61ca03a9a1c2ac9c23d7b3cd16445f6e,ffmpeg_scene_score,0.32,2,2026-07-23T19:08:15.644386+00:00,success,
vacuum-034-scene-0036,vacuum-034,307.707,314.181,6.473,data_video/processed/vacuum-034/clips/vacuum-034-scene-0036.mp4,1362883,abdb34154f872a1bd0c6c9f26365057a6e52ff592304726366a769668ddf1c20,data_video/raw/archive_candidates/vacuum-034.mp4,28385acda6e9b8d6219cc98d9db4c88f61ca03a9a1c2ac9c23d7b3cd16445f6e,ffmpeg_scene_score,0.32,2,2026-07-23T19:08:19.378907+00:00,success,
vacuum-034-scene-0037,vacuum-034,314.181,316.249,2.069,data_video/processed/vacuum-034/clips/vacuum-034-scene-0037.mp4,457768,e5730aabe3558521f143b0078422df93bd0f56518b90cfb5e658907443f72564,data_video/raw/archive_candidates/vacuum-034.mp4,28385acda6e9b8d6219cc98d9db4c88f61ca03a9a1c2ac9c23d7b3cd16445f6e,ffmpeg_scene_score,0.32,2,2026-07-23T19:08:21.366083+00:00,success,
vacuum-034-scene-0038,vacuum-034,316.249,322.355,6.106,data_video/processed/vacuum-034/clips/vacuum-034-scene-0038.mp4,845620,4dda035f30b027ae4963e67033c17b338a7d83c3036b24775a50fb80c4820f5f,data_video/raw/archive_candidates/vacuum-034.mp4,28385acda6e9b8d6219cc98d9db4c88f61ca03a9a1c2ac9c23d7b3cd16445f6e,ffmpeg_scene_score,0.32,2,2026-07-23T19:08:24.457970+00:00,success,
vacuum-034-scene-0039,vacuum-034,322.355,333.767,11.411,data_video/processed/vacuum-034/clips/vacuum-034-scene-0039.mp4,2642470,7d3b495ade4f5352d6224bc034acfb3bcf644c5eadc933616ae6b14cefbea428,data_video/raw/archive_candidates/vacuum-034.mp4,28385acda6e9b8d6219cc98d9db4c88f61ca03a9a1c2ac9c23d7b3cd16445f6e,ffmpeg_scene_score,0.32,2,2026-07-23T19:08:29.733790+00:00,success,
vacuum-034-scene-0040,vacuum-034,333.767,340.273,6.506,data_video/processed/vacuum-034/clips/vacuum-034-scene-0040.mp4,1396075,d2e48433f59ca502bcdada6c1d5ea3df693042bf29abe3b389698d5a35971aac,data_video/raw/archive_candidates/vacuum-034.mp4,28385acda6e9b8d6219cc98d9db4c88f61ca03a9a1c2ac9c23d7b3cd16445f6e,ffmpeg_scene_score,0.32,2,2026-07-23T19:08:33.465197+00:00,success,
vacuum-034-scene-0041,vacuum-034,340.273,347.948,7.674,data_video/processed/vacuum-034/clips/vacuum-034-scene-0041.mp4,1303180,a17e696a2b57b9823c3482c91fcf37a18fbfeea28c39f1c79479050d630cf5fc,data_video/raw/archive_candidates/vacuum-034.mp4,28385acda6e9b8d6219cc98d9db4c88f61ca03a9a1c2ac9c23d7b3cd16445f6e,ffmpeg_scene_score,0.32,2,2026-07-23T19:08:37.737467+00:00,success,
vacuum-034-scene-0042,vacuum-034,347.948,350.483,2.536,data_video/processed/vacuum-034/clips/vacuum-034-scene-0042.mp4,632715,31eba991b1fd9609bf45c63ceee42a332df9c69cfd654b31dc1ebce6c7959605,data_video/raw/archive_candidates/vacuum-034.mp4,28385acda6e9b8d6219cc98d9db4c88f61ca03a9a1c2ac9c23d7b3cd16445f6e,ffmpeg_scene_score,0.32,2,2026-07-23T19:08:39.795660+00:00,success,
vacuum-034-scene-0043,vacuum-034,350.483,355.956,5.472,data_video/processed/vacuum-034/clips/vacuum-034-scene-0043.mp4,741187,df60f8cbd966ad625c5324609c6868529bdfa087f24adf06dff72b84ce034dea,data_video/raw/archive_candidates/vacuum-034.mp4,28385acda6e9b8d6219cc98d9db4c88f61ca03a9a1c2ac9c23d7b3cd16445f6e,ffmpeg_scene_score,0.32,2,2026-07-23T19:08:42.752782+00:00,success,
vacuum-034-scene-0044,vacuum-034,355.956,372.472,16.517,data_video/processed/vacuum-034/clips/vacuum-034-scene-0044.mp4,3012474,31f328ed963fc4342af147d8af75c05c5a353101d897a47230ed778703193e9a,data_video/raw/archive_candidates/vacuum-034.mp4,28385acda6e9b8d6219cc98d9db4c88f61ca03a9a1c2ac9c23d7b3cd16445f6e,ffmpeg_scene_score,0.32,2,2026-07-23T19:08:50.172905+00:00,success,
vacuum-034-scene-0045,vacuum-034,372.472,375.809,3.337,data_video/processed/vacuum-034/clips/vacuum-034-scene-0045.mp4,75241,1141f3b6dda617ecd47420df6d6682eca3ca39e2a0178e8481cfd6d2fcc98240,data_video/raw/archive_candidates/vacuum-034.mp4,28385acda6e9b8d6219cc98d9db4c88f61ca03a9a1c2ac9c23d7b3cd16445f6e,ffmpeg_scene_score,0.32,2,2026-07-23T19:08:52.065567+00:00,success,
vacuum-034-scene-0046,vacuum-034,375.809,395.362,19.553,data_video/processed/vacuum-034/clips/vacuum-034-scene-0046.mp4,4096326,1510b2ac5d5656e3dc8639777d089aeb05b40c8319ceb135dd4e86bc0c133ce5,data_video/raw/archive_candidates/vacuum-034.mp4,28385acda6e9b8d6219cc98d9db4c88f61ca03a9a1c2ac9c23d7b3cd16445f6e,ffmpeg_scene_score,0.32,2,2026-07-23T19:09:00.660043+00:00,success,
vacuum-034-scene-0047,vacuum-034,395.362,398.198,2.836,data_video/processed/vacuum-034/clips/vacuum-034-scene-0047.mp4,90074,64df8ff005ab7d6eab2d36b0fdc91d98443050ee62011d3dd7c14a503814adfa,data_video/raw/archive_candidates/vacuum-034.mp4,28385acda6e9b8d6219cc98d9db4c88f61ca03a9a1c2ac9c23d7b3cd16445f6e,ffmpeg_scene_score,0.32,2,2026-07-23T19:09:01.925670+00:00,success,
vacuum-034-scene-0048,vacuum-034,398.198,412.530,14.332,data_video/processed/vacuum-034/clips/vacuum-034-scene-0048.mp4,2088003,199da89abcfa239e76d953e633004bdf33b804bc2fd4ae1b371088c75554ee27,data_video/raw/archive_candidates/vacuum-034.mp4,28385acda6e9b8d6219cc98d9db4c88f61ca03a9a1c2ac9c23d7b3cd16445f6e,ffmpeg_scene_score,0.32,2,2026-07-23T19:09:07.804418+00:00,success,
vacuum-038-scene-0001,vacuum-038,0.000,10.960,10.960,data_video/processed/vacuum-038/clips/vacuum-038-scene-0001.mp4,333811,5f79bea4ad111f20c253fa14c8fb121c578f76b438d0a6fae099197b036becd8,data_video/raw/archive_candidates/vacuum-038.mp4,bdb2b210a5e1333da6e00ac8b794b44c8216a74553ac966debdc7e9c0572e292,ffmpeg_scene_score,0.32,2,2026-07-23T19:09:13.835556+00:00,success,
vacuum-038-scene-0002,vacuum-038,10.960,18.160,7.200,data_video/processed/vacuum-038/clips/vacuum-038-scene-0002.mp4,324330,c92efad63b0794ded6d5bf4d9372f3623a424d9d965cd00fb0d32eb2182257bb,data_video/raw/archive_candidates/vacuum-038.mp4,bdb2b210a5e1333da6e00ac8b794b44c8216a74553ac966debdc7e9c0572e292,ffmpeg_scene_score,0.32,2,2026-07-23T19:09:16.340838+00:00,success,
vacuum-038-scene-0003,vacuum-038,18.160,23.360,5.200,data_video/processed/vacuum-038/clips/vacuum-038-scene-0003.mp4,398335,dccb15d154098a12ea3939edcd838a1210c0d14a348c1431851963a64485425c,data_video/raw/archive_candidates/vacuum-038.mp4,bdb2b210a5e1333da6e00ac8b794b44c8216a74553ac966debdc7e9c0572e292,ffmpeg_scene_score,0.32,2,2026-07-23T19:09:18.874583+00:00,success,
vacuum-038-scene-0004,vacuum-038,23.360,27.760,4.400,data_video/processed/vacuum-038/clips/vacuum-038-scene-0004.mp4,196428,8f3fd74e8f911ccbc3b38a3f293eb0d18f500fdae03ad58677441d5f4fd28929,data_video/raw/archive_candidates/vacuum-038.mp4,bdb2b210a5e1333da6e00ac8b794b44c8216a74553ac966debdc7e9c0572e292,ffmpeg_scene_score,0.32,2,2026-07-23T19:09:20.734198+00:00,success,
vacuum-038-scene-0005,vacuum-038,27.760,34.240,6.480,data_video/processed/vacuum-038/clips/vacuum-038-scene-0005.mp4,213127,57a0ddf6ce5a4888f823ec3ead993d27759fd5c8b2903696580519f752291ecd,data_video/raw/archive_candidates/vacuum-038.mp4,bdb2b210a5e1333da6e00ac8b794b44c8216a74553ac966debdc7e9c0572e292,ffmpeg_scene_score,0.32,2,2026-07-23T19:09:22.856765+00:00,success,
vacuum-038-scene-0006,vacuum-038,34.240,38.800,4.560,data_video/processed/vacuum-038/clips/vacuum-038-scene-0006.mp4,315732,1f44f0e8c3a57ab966fb25085a434d0e5900510a2cdbee03e4f2f6ed3d053e72,data_video/raw/archive_candidates/vacuum-038.mp4,bdb2b210a5e1333da6e00ac8b794b44c8216a74553ac966debdc7e9c0572e292,ffmpeg_scene_score,0.32,2,2026-07-23T19:09:24.940146+00:00,success,
vacuum-038-scene-0007,vacuum-038,38.800,47.720,8.920,data_video/processed/vacuum-038/clips/vacuum-038-scene-0007.mp4,897527,31e1bb872c120050384678fdd2f4c912d7aa386aef91146a88b4046efd5d073c,data_video/raw/archive_candidates/vacuum-038.mp4,bdb2b210a5e1333da6e00ac8b794b44c8216a74553ac966debdc7e9c0572e292,ffmpeg_scene_score,0.32,2,2026-07-23T19:09:28.156725+00:00,success,
vacuum-038-scene-0008,vacuum-038,47.720,54.800,7.080,data_video/processed/vacuum-038/clips/vacuum-038-scene-0008.mp4,132599,56490488a983ee48ffc973f4d8fbdc37ae84042ae9773ae8ca03920d2dd1e66c,data_video/raw/archive_candidates/vacuum-038.mp4,bdb2b210a5e1333da6e00ac8b794b44c8216a74553ac966debdc7e9c0572e292,ffmpeg_scene_score,0.32,2,2026-07-23T19:09:30.411620+00:00,success,
vacuum-038-scene-0009,vacuum-038,54.800,65.240,10.440,data_video/processed/vacuum-038/clips/vacuum-038-scene-0009.mp4,590323,567094939e711daa3c6d2a423f3433a48199d9bed1f3420bb0fcc0cbbd338dcc,data_video/raw/archive_candidates/vacuum-038.mp4,bdb2b210a5e1333da6e00ac8b794b44c8216a74553ac966debdc7e9c0572e292,ffmpeg_scene_score,0.32,2,2026-07-23T19:09:33.577098+00:00,success,
vacuum-038-scene-0010,vacuum-038,65.240,71.280,6.040,data_video/processed/vacuum-038/clips/vacuum-038-scene-0010.mp4,706891,6deaec6b9a92bd91812113b999834192043ae3736738e51d9545facf5366e693,data_video/raw/archive_candidates/vacuum-038.mp4,bdb2b210a5e1333da6e00ac8b794b44c8216a74553ac966debdc7e9c0572e292,ffmpeg_scene_score,0.32,2,2026-07-23T19:09:36.188221+00:00,success,
vacuum-038-scene-0011,vacuum-038,71.280,76.640,5.360,data_video/processed/vacuum-038/clips/vacuum-038-scene-0011.mp4,472924,479a56e1bc40012aa896a8aaa938aa058f62a2e2e6568979df73638f7f079a3d,data_video/raw/archive_candidates/vacuum-038.mp4,bdb2b210a5e1333da6e00ac8b794b44c8216a74553ac966debdc7e9c0572e292,ffmpeg_scene_score,0.32,2,2026-07-23T19:09:38.009697+00:00,success,
vacuum-038-scene-0012,vacuum-038,76.640,82.520,5.880,data_video/processed/vacuum-038/clips/vacuum-038-scene-0012.mp4,111497,cef12dcaad2e8881e5af5d540fb887e5b7bdbff415cd44b6c889a65785f6bdd5,data_video/raw/archive_candidates/vacuum-038.mp4,bdb2b210a5e1333da6e00ac8b794b44c8216a74553ac966debdc7e9c0572e292,ffmpeg_scene_score,0.32,2,2026-07-23T19:09:40.093216+00:00,success,
vacuum-038-scene-0013,vacuum-038,82.520,86.520,4.000,data_video/processed/vacuum-038/clips/vacuum-038-scene-0013.mp4,98514,0fc23c673a29dd1b7e1c7ff530733637ae3c7bbb7be72438d4d0e46b83935741,data_video/raw/archive_candidates/vacuum-038.mp4,bdb2b210a5e1333da6e00ac8b794b44c8216a74553ac966debdc7e9c0572e292,ffmpeg_scene_score,0.32,2,2026-07-23T19:09:41.843212+00:00,success,
vacuum-038-scene-0014,vacuum-038,86.520,89.000,2.480,data_video/processed/vacuum-038/clips/vacuum-038-scene-0014.mp4,27012,c2a5bb8301df3a7d4e854505702dbf3f76125f8005d4c394bce5ad4e82370c51,data_video/raw/archive_candidates/vacuum-038.mp4,bdb2b210a5e1333da6e00ac8b794b44c8216a74553ac966debdc7e9c0572e292,ffmpeg_scene_score,0.32,2,2026-07-23T19:09:43.001839+00:00,success,
vacuum-039-scene-0001,vacuum-039,0.000,4.240,4.240,data_video/processed/vacuum-039/clips/vacuum-039-scene-0001.mp4,436736,977c3135668e92f1f6c5e8c698e007d1a09f3f6a1832eac3cc3a3fce6728088f,data_video/raw/archive_candidates/vacuum-039.mp4,2cc8b05753474c6289b5db3f470fa3c098d9dddd99de912b340944f64f4a2491,ffmpeg_scene_score,0.32,2,2026-07-23T19:09:47.701373+00:00,success,
vacuum-039-scene-0002,vacuum-039,4.240,6.400,2.160,data_video/processed/vacuum-039/clips/vacuum-039-scene-0002.mp4,205455,372a6313e4935829cbb1ee2b65aa680d06486589041bbbee5900f951bc67e1da,data_video/raw/archive_candidates/vacuum-039.mp4,2cc8b05753474c6289b5db3f470fa3c098d9dddd99de912b340944f64f4a2491,ffmpeg_scene_score,0.32,2,2026-07-23T19:09:48.734204+00:00,success,
vacuum-039-scene-0003,vacuum-039,6.400,8.400,2.000,data_video/processed/vacuum-039/clips/vacuum-039-scene-0003.mp4,195645,a98e295cc87607ee199a205eb326ff69afcecbebe7c145fc319fe85f7797c6ea,data_video/raw/archive_candidates/vacuum-039.mp4,2cc8b05753474c6289b5db3f470fa3c098d9dddd99de912b340944f64f4a2491,ffmpeg_scene_score,0.32,2,2026-07-23T19:09:49.847286+00:00,success,
vacuum-039-scene-0004,vacuum-039,8.400,12.080,3.680,data_video/processed/vacuum-039/clips/vacuum-039-scene-0004.mp4,265190,b570ad14c39723cfcc413662ba96b4356729b7704236b01b54e02bd908cfb24f,data_video/raw/archive_candidates/vacuum-039.mp4,2cc8b05753474c6289b5db3f470fa3c098d9dddd99de912b340944f64f4a2491,ffmpeg_scene_score,0.32,2,2026-07-23T19:09:51.163543+00:00,success,
vacuum-039-scene-0005,vacuum-039,12.080,15.520,3.440,data_video/processed/vacuum-039/clips/vacuum-039-scene-0005.mp4,251213,405640d2222b9bec7fc14390062f16942480780510a6869340acd11a6101d0e4,data_video/raw/archive_candidates/vacuum-039.mp4,2cc8b05753474c6289b5db3f470fa3c098d9dddd99de912b340944f64f4a2491,ffmpeg_scene_score,0.32,2,2026-07-23T19:09:52.304195+00:00,success,
vacuum-039-scene-0006,vacuum-039,15.520,17.680,2.160,data_video/processed/vacuum-039/clips/vacuum-039-scene-0006.mp4,208610,89efe58b5337685038268620b6fd0ac56737dae50ce6f24dff3081bce733d596,data_video/raw/archive_candidates/vacuum-039.mp4,2cc8b05753474c6289b5db3f470fa3c098d9dddd99de912b340944f64f4a2491,ffmpeg_scene_score,0.32,2,2026-07-23T19:09:53.464881+00:00,success,
vacuum-039-scene-0007,vacuum-039,17.680,20.960,3.280,data_video/processed/vacuum-039/clips/vacuum-039-scene-0007.mp4,305038,48b7f80e9a03c90c78bae5c39a2190df26d8abe5c11cb84e87b39431fa24a656,data_video/raw/archive_candidates/vacuum-039.mp4,2cc8b05753474c6289b5db3f470fa3c098d9dddd99de912b340944f64f4a2491,ffmpeg_scene_score,0.32,2,2026-07-23T19:09:54.758702+00:00,success,
vacuum-039-scene-0008,vacuum-039,20.960,24.200,3.240,data_video/processed/vacuum-039/clips/vacuum-039-scene-0008.mp4,335434,93ae360f15b26eac80907c151aa8a0bb7fcd20795b278e54034e3b1aa18682e2,data_video/raw/archive_candidates/vacuum-039.mp4,2cc8b05753474c6289b5db3f470fa3c098d9dddd99de912b340944f64f4a2491,ffmpeg_scene_score,0.32,2,2026-07-23T19:09:56.236350+00:00,success,
vacuum-039-scene-0009,vacuum-039,24.200,27.240,3.040,data_video/processed/vacuum-039/clips/vacuum-039-scene-0009.mp4,283259,7d6bcb1d7d38247fc2881328ee29b5938a4a10700e660b6c5dcca1b64d1a3397,data_video/raw/archive_candidates/vacuum-039.mp4,2cc8b05753474c6289b5db3f470fa3c098d9dddd99de912b340944f64f4a2491,ffmpeg_scene_score,0.32,2,2026-07-23T19:09:57.678628+00:00,success,
vacuum-039-scene-0010,vacuum-039,27.240,29.400,2.160,data_video/processed/vacuum-039/clips/vacuum-039-scene-0010.mp4,178332,c93a76ce1cd4786568a3354dabfbd748f8e10dff9277473e994b95eeb35c9376,data_video/raw/archive_candidates/vacuum-039.mp4,2cc8b05753474c6289b5db3f470fa3c098d9dddd99de912b340944f64f4a2491,ffmpeg_scene_score,0.32,2,2026-07-23T19:09:58.773190+00:00,success,
vacuum-039-scene-0011,vacuum-039,29.400,32.520,3.120,data_video/processed/vacuum-039/clips/vacuum-039-scene-0011.mp4,274227,3bc1e8c5bf65315ed1d3e444e77128ba7d955e88448cd76197289660c587604c,data_video/raw/archive_candidates/vacuum-039.mp4,2cc8b05753474c6289b5db3f470fa3c098d9dddd99de912b340944f64f4a2491,ffmpeg_scene_score,0.32,2,2026-07-23T19:10:00.116201+00:00,success,
vacuum-039-scene-0012,vacuum-039,32.520,36.400,3.880,data_video/processed/vacuum-039/clips/vacuum-039-scene-0012.mp4,271056,33628279335e0d580850946e30b0dcde507b41286ee5d38247f3dfbe883f9ed1,data_video/raw/archive_candidates/vacuum-039.mp4,2cc8b05753474c6289b5db3f470fa3c098d9dddd99de912b340944f64f4a2491,ffmpeg_scene_score,0.32,2,2026-07-23T19:10:01.436730+00:00,success,
vacuum-039-scene-0013,vacuum-039,36.400,40.720,4.320,data_video/processed/vacuum-039/clips/vacuum-039-scene-0013.mp4,360045,66c4c40913f5128c37f4e082a717eb63eb5c40b3e8bb872ec36b17fbea694348,data_video/raw/archive_candidates/vacuum-039.mp4,2cc8b05753474c6289b5db3f470fa3c098d9dddd99de912b340944f64f4a2491,ffmpeg_scene_score,0.32,2,2026-07-23T19:10:03.172795+00:00,success,
vacuum-039-scene-0014,vacuum-039,40.720,43.520,2.800,data_video/processed/vacuum-039/clips/vacuum-039-scene-0014.mp4,198213,cffc9453eb04fabb42f3126f04d28a0b98f05c4604736218b94ef6f1e6009ad7,data_video/raw/archive_candidates/vacuum-039.mp4,2cc8b05753474c6289b5db3f470fa3c098d9dddd99de912b340944f64f4a2491,ffmpeg_scene_score,0.32,2,2026-07-23T19:10:04.362211+00:00,success,
vacuum-039-scene-0015,vacuum-039,43.520,45.960,2.440,data_video/processed/vacuum-039/clips/vacuum-039-scene-0015.mp4,94382,0b33f771ae21fd810aeeee7f8659f90f90b8d3178ee19b6a0a09ceacf89a54ee,data_video/raw/archive_candidates/vacuum-039.mp4,2cc8b05753474c6289b5db3f470fa3c098d9dddd99de912b340944f64f4a2491,ffmpeg_scene_score,0.32,2,2026-07-23T19:10:05.284235+00:00,success,
vacuum-039-scene-0016,vacuum-039,45.960,48.480,2.520,data_video/processed/vacuum-039/clips/vacuum-039-scene-0016.mp4,164490,db14e3d019074325395bab64091b4d071c96030f2b27699808121b6ab877de45,data_video/raw/archive_candidates/vacuum-039.mp4,2cc8b05753474c6289b5db3f470fa3c098d9dddd99de912b340944f64f4a2491,ffmpeg_scene_score,0.32,2,2026-07-23T19:10:06.236500+00:00,success,
vacuum-039-scene-0017,vacuum-039,48.480,51.480,3.000,data_video/processed/vacuum-039/clips/vacuum-039-scene-0017.mp4,265658,32943486350d331acac8ceba49ac737f49656ca452492ae2bd418db3b91717b2,data_video/raw/archive_candidates/vacuum-039.mp4,2cc8b05753474c6289b5db3f470fa3c098d9dddd99de912b340944f64f4a2491,ffmpeg_scene_score,0.32,2,2026-07-23T19:10:07.716843+00:00,success,
vacuum-039-scene-0018,vacuum-039,51.480,54.000,2.520,data_video/processed/vacuum-039/clips/vacuum-039-scene-0018.mp4,254319,24f7695563567bb99933b7f4ce37ca75f061630dd4553623d4281ad85b31c21d,data_video/raw/archive_candidates/vacuum-039.mp4,2cc8b05753474c6289b5db3f470fa3c098d9dddd99de912b340944f64f4a2491,ffmpeg_scene_score,0.32,2,2026-07-23T19:10:09.102705+00:00,success,
vacuum-039-scene-0019,vacuum-039,54.000,57.480,3.480,data_video/processed/vacuum-039/clips/vacuum-039-scene-0019.mp4,359583,e6d146cca60b0eed6edcbdd6d2e8035dcb6c7b37c875479199402cb8e59ec33c,data_video/raw/archive_candidates/vacuum-039.mp4,2cc8b05753474c6289b5db3f470fa3c098d9dddd99de912b340944f64f4a2491,ffmpeg_scene_score,0.32,2,2026-07-23T19:10:10.421601+00:00,success,
vacuum-039-scene-0020,vacuum-039,57.480,62.080,4.600,data_video/processed/vacuum-039/clips/vacuum-039-scene-0020.mp4,398750,106b5e4eb42ec111dbc765a2a62bdab3c3ce15dbe33713b3cffe3314a0658c54,data_video/raw/archive_candidates/vacuum-039.mp4,2cc8b05753474c6289b5db3f470fa3c098d9dddd99de912b340944f64f4a2491,ffmpeg_scene_score,0.32,2,2026-07-23T19:10:12.266695+00:00,success,
vacuum-039-scene-0021,vacuum-039,62.080,65.280,3.200,data_video/processed/vacuum-039/clips/vacuum-039-scene-0021.mp4,304661,efae7d20384eda9dd9ae24ee7362067596e4def4ffbe5a415ebd1a715fd8d692,data_video/raw/archive_candidates/vacuum-039.mp4,2cc8b05753474c6289b5db3f470fa3c098d9dddd99de912b340944f64f4a2491,ffmpeg_scene_score,0.32,2,2026-07-23T19:10:13.811536+00:00,success,
vacuum-039-scene-0022,vacuum-039,65.280,69.880,4.600,data_video/processed/vacuum-039/clips/vacuum-039-scene-0022.mp4,546736,03d84928a11de284fabd489e15536309d2a9d5fa27f09d6987b5d73db2de5685,data_video/raw/archive_candidates/vacuum-039.mp4,2cc8b05753474c6289b5db3f470fa3c098d9dddd99de912b340944f64f4a2491,ffmpeg_scene_score,0.32,2,2026-07-23T19:10:15.618803+00:00,success,
vacuum-039-scene-0023,vacuum-039,69.880,72.040,2.160,data_video/processed/vacuum-039/clips/vacuum-039-scene-0023.mp4,201041,b5ccccb68446c6555eac624288daf4395ca10a84df3c4e4c996553d8b4dabbac,data_video/raw/archive_candidates/vacuum-039.mp4,2cc8b05753474c6289b5db3f470fa3c098d9dddd99de912b340944f64f4a2491,ffmpeg_scene_score,0.32,2,2026-07-23T19:10:16.696054+00:00,success,
vacuum-039-scene-0024,vacuum-039,72.040,75.440,3.400,data_video/processed/vacuum-039/clips/vacuum-039-scene-0024.mp4,330912,777e79b2d508b7a01eeeab3169d03cb142ed4460f4c8236a3cfbd2b9c51b6487,data_video/raw/archive_candidates/vacuum-039.mp4,2cc8b05753474c6289b5db3f470fa3c098d9dddd99de912b340944f64f4a2491,ffmpeg_scene_score,0.32,2,2026-07-23T19:10:18.311959+00:00,success,
vacuum-039-scene-0025,vacuum-039,75.440,79.280,3.840,data_video/processed/vacuum-039/clips/vacuum-039-scene-0025.mp4,342800,2f24282875908c9516800fb862a7c0736200325fb3762b5af068596cda748b8d,data_video/raw/archive_candidates/vacuum-039.mp4,2cc8b05753474c6289b5db3f470fa3c098d9dddd99de912b340944f64f4a2491,ffmpeg_scene_score,0.32,2,2026-07-23T19:10:19.794088+00:00,success,
vacuum-039-scene-0026,vacuum-039,79.280,82.440,3.160,data_video/processed/vacuum-039/clips/vacuum-039-scene-0026.mp4,281780,c72770d7d859d6783ce2d2f805e4a12a6008b967d4811f82649460655ad09d0b,data_video/raw/archive_candidates/vacuum-039.mp4,2cc8b05753474c6289b5db3f470fa3c098d9dddd99de912b340944f64f4a2491,ffmpeg_scene_score,0.32,2,2026-07-23T19:10:21.067966+00:00,success,
vacuum-039-scene-0027,vacuum-039,82.440,84.480,2.040,data_video/processed/vacuum-039/clips/vacuum-039-scene-0027.mp4,182132,ab949bb67ef549ff9721d2f72bd43e33976ce61e6d654e6193bbb1507bc48f6c,data_video/raw/archive_candidates/vacuum-039.mp4,2cc8b05753474c6289b5db3f470fa3c098d9dddd99de912b340944f64f4a2491,ffmpeg_scene_score,0.32,2,2026-07-23T19:10:22.168215+00:00,success,
vacuum-039-scene-0028,vacuum-039,84.480,86.640,2.160,data_video/processed/vacuum-039/clips/vacuum-039-scene-0028.mp4,248147,5fd08afc42046b605e04cba33d7fadc940c5e7e015fd96ba0695ebbf88149b4c,data_video/raw/archive_candidates/vacuum-039.mp4,2cc8b05753474c6289b5db3f470fa3c098d9dddd99de912b340944f64f4a2491,ffmpeg_scene_score,0.32,2,2026-07-23T19:10:23.244317+00:00,success,
vacuum-039-scene-0029,vacuum-039,86.640,91.040,4.400,data_video/processed/vacuum-039/clips/vacuum-039-scene-0029.mp4,337201,45060b8fd5dab96e59c2c2f664e0646af385ad25bbb613196cdcbb5816a4b8b9,data_video/raw/archive_candidates/vacuum-039.mp4,2cc8b05753474c6289b5db3f470fa3c098d9dddd99de912b340944f64f4a2491,ffmpeg_scene_score,0.32,2,2026-07-23T19:10:24.829282+00:00,success,
vacuum-039-scene-0030,vacuum-039,91.040,99.280,8.240,data_video/processed/vacuum-039/clips/vacuum-039-scene-0030.mp4,715205,95b868bfd85b15d7f0153bee33c2b78213c32a290475528ee316adbfabae2902,data_video/raw/archive_candidates/vacuum-039.mp4,2cc8b05753474c6289b5db3f470fa3c098d9dddd99de912b340944f64f4a2491,ffmpeg_scene_score,0.32,2,2026-07-23T19:10:27.577991+00:00,success,
vacuum-039-scene-0031,vacuum-039,99.280,103.240,3.960,data_video/processed/vacuum-039/clips/vacuum-039-scene-0031.mp4,358186,8dff78fbb01f500b4e90de804cb0480cdf9e7ad79d598192abc8eed6ae1f815a,data_video/raw/archive_candidates/vacuum-039.mp4,2cc8b05753474c6289b5db3f470fa3c098d9dddd99de912b340944f64f4a2491,ffmpeg_scene_score,0.32,2,2026-07-23T19:10:29.096025+00:00,success,
vacuum-039-scene-0032,vacuum-039,103.240,109.300,6.060,data_video/processed/vacuum-039/clips/vacuum-039-scene-0032.mp4,236112,fcd57c5913114d433d6de00c8b8caf0e1c628a19df4db1788162b64510fa428b,data_video/raw/archive_candidates/vacuum-039.mp4,2cc8b05753474c6289b5db3f470fa3c098d9dddd99de912b340944f64f4a2491,ffmpeg_scene_score,0.32,2,2026-07-23T19:10:30.856271+00:00,success,
vacuum-044-scene-0001,vacuum-044,0.000,2.560,2.560,data_video/processed/vacuum-044/clips/vacuum-044-scene-0001.mp4,50125,d1ecd42b9ee31f0277ac1f3ef38dde5690d89859d1c97f6c7d3402d5a2137f88,data_video/raw/archive_candidates/vacuum-044.mp4,6f0a650c5ca7200b4a995c0572337d60bf43421380e98ef91a665b8ec46dc9be,ffmpeg_scene_score,0.32,2,2026-07-23T19:10:31.801044+00:00,success,
vacuum-044-scene-0002,vacuum-044,2.560,4.880,2.320,data_video/processed/vacuum-044/clips/vacuum-044-scene-0002.mp4,54939,89cd7e1b0157af07748f00d5a1129633d402a15f8bf094e081470d07e2eb1f13,data_video/raw/archive_candidates/vacuum-044.mp4,6f0a650c5ca7200b4a995c0572337d60bf43421380e98ef91a665b8ec46dc9be,ffmpeg_scene_score,0.32,2,2026-07-23T19:10:32.615715+00:00,success,
vacuum-044-scene-0003,vacuum-044,4.880,8.960,4.080,data_video/processed/vacuum-044/clips/vacuum-044-scene-0003.mp4,112312,5e76254af7c7ed4cd0b29f5289bc0d459167a42111dff7f20f4a4f75ef8f3310,data_video/raw/archive_candidates/vacuum-044.mp4,6f0a650c5ca7200b4a995c0572337d60bf43421380e98ef91a665b8ec46dc9be,ffmpeg_scene_score,0.32,2,2026-07-23T19:10:33.716127+00:00,success,
vacuum-044-scene-0004,vacuum-044,8.960,12.080,3.120,data_video/processed/vacuum-044/clips/vacuum-044-scene-0004.mp4,61746,7e20a71cdb50ce559561f85a5fc6fba3c6ebf03055e74601a1ecb0ab499f2bcf,data_video/raw/archive_candidates/vacuum-044.mp4,6f0a650c5ca7200b4a995c0572337d60bf43421380e98ef91a665b8ec46dc9be,ffmpeg_scene_score,0.32,2,2026-07-23T19:10:34.706520+00:00,success,
vacuum-044-scene-0005,vacuum-044,12.080,17.680,5.600,data_video/processed/vacuum-044/clips/vacuum-044-scene-0005.mp4,141435,1c0f02bccab9e22915bbee315a5c11731ca006921a47ef30828a037c141c9191,data_video/raw/archive_candidates/vacuum-044.mp4,6f0a650c5ca7200b4a995c0572337d60bf43421380e98ef91a665b8ec46dc9be,ffmpeg_scene_score,0.32,2,2026-07-23T19:10:36.052942+00:00,success,
vacuum-044-scene-0006,vacuum-044,17.680,20.800,3.120,data_video/processed/vacuum-044/clips/vacuum-044-scene-0006.mp4,73603,795c3f8124eccecc44e3fbf7b6a26d38f14240ace694c1b52506d486ba0b48ed,data_video/raw/archive_candidates/vacuum-044.mp4,6f0a650c5ca7200b4a995c0572337d60bf43421380e98ef91a665b8ec46dc9be,ffmpeg_scene_score,0.32,2,2026-07-23T19:10:37.164479+00:00,success,
vacuum-044-scene-0007,vacuum-044,20.800,26.240,5.440,data_video/processed/vacuum-044/clips/vacuum-044-scene-0007.mp4,162131,59f46ff8a0230a103825883b96859046f72742087e2f510e69e415199da11d71,data_video/raw/archive_candidates/vacuum-044.mp4,6f0a650c5ca7200b4a995c0572337d60bf43421380e98ef91a665b8ec46dc9be,ffmpeg_scene_score,0.32,2,2026-07-23T19:10:38.432468+00:00,success,
vacuum-044-scene-0008,vacuum-044,26.240,30.240,4.000,data_video/processed/vacuum-044/clips/vacuum-044-scene-0008.mp4,99282,9cc8aefcae9a8ebc015bd7772a28911d8993ef1a38cec4019d4d5746951e54a8,data_video/raw/archive_candidates/vacuum-044.mp4,6f0a650c5ca7200b4a995c0572337d60bf43421380e98ef91a665b8ec46dc9be,ffmpeg_scene_score,0.32,2,2026-07-23T19:10:39.675324+00:00,success,
vacuum-053-scene-0001,vacuum-053,0.000,28.530,28.530,data_video/processed/vacuum-053/clips/vacuum-053-scene-0001.mp4,4070106,3a614d731fefb449329f5605056dd077aea2da09614b07da15eb30a62cbf5b9c,data_video/raw/archive_candidates/vacuum-053.mp4,fd676f1d4b65bc86f0bec3b206568bbcb668d4fd982f1ecccd9aa0bea3dcd188,ffmpeg_scene_score,0.32,2,2026-07-23T19:10:59.078907+00:00,success,
vacuum-058-scene-0001,vacuum-058,0.000,2.080,2.080,data_video/processed/vacuum-058/clips/vacuum-058-scene-0001.mp4,288618,89ba2eaa55f09b7298cddd5954c3cf08b811157787a068ac8e237d5b4e437494,data_video/raw/archive_candidates/vacuum-058.mp4,6ab5e3c990b153723da99b47144065198673b7aa86c98d25bc45b7dea3b3a5de,ffmpeg_scene_score,0.32,2,2026-07-23T19:11:01.723539+00:00,success,
vacuum-058-scene-0002,vacuum-058,2.080,4.520,2.440,data_video/processed/vacuum-058/clips/vacuum-058-scene-0002.mp4,496818,a4ede383c35de696d974f1f570c3f5a9bc900257efa507df14bd6d8405b52491,data_video/raw/archive_candidates/vacuum-058.mp4,6ab5e3c990b153723da99b47144065198673b7aa86c98d25bc45b7dea3b3a5de,ffmpeg_scene_score,0.32,2,2026-07-23T19:11:03.426722+00:00,success,
vacuum-058-scene-0003,vacuum-058,4.520,6.800,2.280,data_video/processed/vacuum-058/clips/vacuum-058-scene-0003.mp4,539969,1a504669cb42570120bc7bba498e9da9e1e4ed4402364840b95bb3f96d62ec86,data_video/raw/archive_candidates/vacuum-058.mp4,6ab5e3c990b153723da99b47144065198673b7aa86c98d25bc45b7dea3b3a5de,ffmpeg_scene_score,0.32,2,2026-07-23T19:11:04.799569+00:00,success,
vacuum-058-scene-0004,vacuum-058,6.800,9.720,2.920,data_video/processed/vacuum-058/clips/vacuum-058-scene-0004.mp4,454774,3f49b076157e0b439037c2ead88b8a43d99b3cefe44e1eb8f463acf6c5226dc9,data_video/raw/archive_candidates/vacuum-058.mp4,6ab5e3c990b153723da99b47144065198673b7aa86c98d25bc45b7dea3b3a5de,ffmpeg_scene_score,0.32,2,2026-07-23T19:11:06.931092+00:00,success,
vacuum-058-scene-0005,vacuum-058,9.720,11.840,2.120,data_video/processed/vacuum-058/clips/vacuum-058-scene-0005.mp4,155305,d654222fd08f187d7a2b6f5678cd2fc84675584371a265da0df57a5e419eb709,data_video/raw/archive_candidates/vacuum-058.mp4,6ab5e3c990b153723da99b47144065198673b7aa86c98d25bc45b7dea3b3a5de,ffmpeg_scene_score,0.32,2,2026-07-23T19:11:08.243138+00:00,success,
vacuum-058-scene-0006,vacuum-058,11.840,14.980,3.140,data_video/processed/vacuum-058/clips/vacuum-058-scene-0006.mp4,220721,7d3e72648fca17d2b9b03d0ea6a3b24dd49929a083bcd8a7b82645129d2700f2,data_video/raw/archive_candidates/vacuum-058.mp4,6ab5e3c990b153723da99b47144065198673b7aa86c98d25bc45b7dea3b3a5de,ffmpeg_scene_score,0.32,2,2026-07-23T19:11:09.969575+00:00,success,
vacuum-060-scene-0001,vacuum-060,0.000,3.670,3.670,data_video/processed/vacuum-060/clips/vacuum-060-scene-0001.mp4,321945,ffbadc6738b682f35cefe3899ced366ac1cb4f72007a16f1cac49f2f710a654b,data_video/raw/archive_candidates/vacuum-060.mp4,5d98905d341e644a363656ef75c763ae0946a00e3099a28fa89041f8382bd305,ffmpeg_scene_score,0.32,2,2026-07-23T19:11:13.471344+00:00,success,
vacuum-060-scene-0002,vacuum-060,3.670,6.673,3.003,data_video/processed/vacuum-060/clips/vacuum-060-scene-0002.mp4,232373,6eff514b46e92474cfad657d7c6dc9ebecef08af59faa86d9e14de55c28a0711,data_video/raw/archive_candidates/vacuum-060.mp4,5d98905d341e644a363656ef75c763ae0946a00e3099a28fa89041f8382bd305,ffmpeg_scene_score,0.32,2,2026-07-23T19:11:15.260013+00:00,success,
vacuum-060-scene-0003,vacuum-060,6.673,8.709,2.035,data_video/processed/vacuum-060/clips/vacuum-060-scene-0003.mp4,268981,11f50b29adb423b397fc9489da23d103ad2154e01950ee4ba99a2998efc9fe4c,data_video/raw/archive_candidates/vacuum-060.mp4,5d98905d341e644a363656ef75c763ae0946a00e3099a28fa89041f8382bd305,ffmpeg_scene_score,0.32,2,2026-07-23T19:11:16.859902+00:00,success,
vacuum-060-scene-0004,vacuum-060,8.709,19.219,10.511,data_video/processed/vacuum-060/clips/vacuum-060-scene-0004.mp4,1672889,b5628a16d20009961162a7142a299804d92ae8e08df396652da0d6669993b228,data_video/raw/archive_candidates/vacuum-060.mp4,5d98905d341e644a363656ef75c763ae0946a00e3099a28fa89041f8382bd305,ffmpeg_scene_score,0.32,2,2026-07-23T19:11:21.358180+00:00,success,
vacuum-060-scene-0005,vacuum-060,19.219,24.024,4.805,data_video/processed/vacuum-060/clips/vacuum-060-scene-0005.mp4,840287,9e0cb7e8f707949dde396410f89577b389d9d6eee14beae2126d9fcf7f1f5b30,data_video/raw/archive_candidates/vacuum-060.mp4,5d98905d341e644a363656ef75c763ae0946a00e3099a28fa89041f8382bd305,ffmpeg_scene_score,0.32,2,2026-07-23T19:11:24.181129+00:00,success,
vacuum-060-scene-0006,vacuum-060,24.024,28.470,4.446,data_video/processed/vacuum-060/clips/vacuum-060-scene-0006.mp4,206644,0f9e3f10e398718fb1c7528d96bc9e6eb2fa73cb8bd323fb66bab942ccf04f19,data_video/raw/archive_candidates/vacuum-060.mp4,5d98905d341e644a363656ef75c763ae0946a00e3099a28fa89041f8382bd305,ffmpeg_scene_score,0.32,2,2026-07-23T19:11:25.954635+00:00,success,
washing-001-scene-0001,washing-001,0.000,15.780,15.780,data_video/processed/washing-001/clips/washing-001-scene-0001.mp4,894897,1a98edb5e690a60014da5be6bb6324e24240598aa239f9289b4d223254b0dedf,data_video/raw/authorized_sources/washing-001.webm,821d29e952ea63170d1d645e6c7390aee3d887bb4817e8135ebb2e1946d9468c,ffmpeg_scene_score,0.32,2,2026-07-22T12:59:17.201788+00:00,success,
washing-002-scene-0001,washing-002,0.000,23.610,23.610,data_video/processed/washing-002/clips/washing-002-scene-0001.mp4,13836037,c5bb6ad172d833198ed92696c2379b44bd07418539971f34cc12e7043e88bf4a,data_video/raw/authorized_sources/washing-002.webm,cf060289b3fbfd4a3ce824797ad7ae80ead4f2bab43ce2d93d60d2c7a7768ffd,ffmpeg_scene_score,0.32,2,2026-07-22T12:59:48.295777+00:00,success,
washing-003-scene-0001,washing-003,0.000,26.940,26.940,data_video/processed/washing-003/clips/washing-003-scene-0001.mp4,2455591,905b6a65526c1af87d0f98bf06398c56d5c63bc47b68087efac21b903ffdf852,data_video/raw/authorized_sources/washing-003.webm,cd015c23369406a214cddc0248be1dcdb188c4a71b38958cfd642ba9bc9a4580,ffmpeg_scene_score,0.32,2,2026-07-22T13:00:07.412640+00:00,success,
washing-007-scene-0001,washing-007,0.000,3.767,3.767,data_video/processed/washing-007/clips/washing-007-scene-0001.mp4,355739,a3ae87780b9a666386f848643722ef48cac480409095c7d36f9d63f834d4ac68,data_video/raw/candidate_sources/washing-007.webm,2ed76f9afda46c6202dd06e9e1e6a7f24148098a41f091f0cb0f69d54b02f14a,ffmpeg_scene_score,0.32,2,2026-07-22T13:00:09.723196+00:00,success,
washing-007-scene-0002,washing-007,3.767,7.870,4.103,data_video/processed/washing-007/clips/washing-007-scene-0002.mp4,274078,f24cbfc8fc7bfeca832a2c8250c6b50c40f547ea4842661be750fa0618e7934f,data_video/raw/candidate_sources/washing-007.webm,2ed76f9afda46c6202dd06e9e1e6a7f24148098a41f091f0cb0f69d54b02f14a,ffmpeg_scene_score,0.32,2,2026-07-22T13:00:10.830842+00:00,success,
washing-009-scene-0001,washing-009,0.000,30.450,30.450,data_video/processed/washing-009/clips/washing-009-scene-0001.mp4,1750479,4ad0554dfa19762f00ca1891035d6b1f5580509354a1d9a2a4a799342a0e2288,data_video/raw/candidate_sources/washing-009.webm,57acc9451dee2abb86548f4a70169ead87f439d21fdc261624ebb43a8b3f185a,ffmpeg_scene_score,0.32,2,2026-07-22T13:00:20.925144+00:00,success,
washing-011-scene-0001,washing-011,0.000,14.017,14.017,data_video/processed/washing-011/clips/washing-011-scene-0001.mp4,169352,df34973b7525a16981a4872e6776551856c7f0b1b561f70cf115806f194e3cc5,data_video/raw/candidate_sources/washing-011.webm,78ef45c531c29fee6fe564a91afe7a16043703710ceff3429beb2208e343e06e,ffmpeg_scene_score,0.32,2,2026-07-22T13:00:26.508705+00:00,success,
washing-011-scene-0002,washing-011,14.017,102.570,88.553,data_video/processed/washing-011/clips/washing-011-scene-0002.mp4,5961308,1b465f3cc25a5e4102c9b7a83caf8cec7ae3edb90a17105c440b12956afd4585,data_video/raw/candidate_sources/washing-011.webm,78ef45c531c29fee6fe564a91afe7a16043703710ceff3429beb2208e343e06e,ffmpeg_scene_score,0.32,2,2026-07-22T13:00:46.059510+00:00,success,
washing-030-scene-0001,washing-030,0.000,914.770,914.770,data_video/processed/washing-030/clips/washing-030-scene-0001.mp4,37735862,43c07c26ede24d8ad556b4413b8c71e45b625fe32edc3bd2a51170e57335e1f7,data_video/raw/archive_candidates/washing-030.mp4,089baddd5d136eba019319a34560ec438bc92adff7818563f79637ae1664a093,ffmpeg_scene_score,0.32,2,2026-07-23T19:13:50.484851+00:00,success,
washing-034-scene-0001,washing-034,0.000,168.730,168.730,data_video/processed/washing-034/clips/washing-034-scene-0001.mp4,16713217,bfefd595f0ddff7fc70285170393b55eb1dbd2f13056c7c5a90ae8c917d8ce52,data_video/raw/archive_candidates/washing-034.ogv,0e61120380f5dae9edb58cba787c3bdae77af1d020b022d7ca3fb19376b0008d,ffmpeg_scene_score,0.32,2,2026-07-23T19:14:24.490894+00:00,success,
washing-049-scene-0001,washing-049,0.000,60.143,60.143,data_video/processed/washing-049/clips/washing-049-scene-0001.mp4,2621253,8885389fbab021cd168e58ef0046e97df7001123119fda0a00360ba39d4190ae,data_video/raw/archive_candidates/washing-049.mp4,843eb54bd8af76ba5a18de4e47dc8834b50e207ca2d52f44829ed56a7357279a,ffmpeg_scene_score,0.32,2,2026-07-23T19:14:39.887949+00:00,success,
washing-049-scene-0002,washing-049,60.143,112.660,52.517,data_video/processed/washing-049/clips/washing-049-scene-0002.mp4,5311292,bd96a2565cd8e5ce2ee85744b7894e81ea4cd3784d429a4faaaba98e739d46a4,data_video/raw/archive_candidates/washing-049.mp4,843eb54bd8af76ba5a18de4e47dc8834b50e207ca2d52f44829ed56a7357279a,ffmpeg_scene_score,0.32,2,2026-07-23T19:14:54.284790+00:00,success,
washing-051-scene-0001,washing-051,0.000,88.355,88.355,data_video/processed/washing-051/clips/washing-051-scene-0001.mp4,3089792,231aa0826c4505aa1c99899d3b38654a8cc9bd97eff8a9fecde92ac39fdd984a,data_video/raw/archive_candidates/washing-051.mp4,3f8cbd588540c848cee9855adae2513ba0bb0fdbd18fd21d94543cb4d28df8fb,ffmpeg_scene_score,0.32,2,2026-07-23T19:15:22.124963+00:00,success,
washing-051-scene-0002,washing-051,88.355,94.261,5.906,data_video/processed/washing-051/clips/washing-051-scene-0002.mp4,214135,ac4a0319219e084ba58b35edbb32ace54e73dadd675e851ac238d8fc6067c8f1,data_video/raw/archive_candidates/washing-051.mp4,3f8cbd588540c848cee9855adae2513ba0bb0fdbd18fd21d94543cb4d28df8fb,ffmpeg_scene_score,0.32,2,2026-07-23T19:15:24.310867+00:00,success,
washing-051-scene-0003,washing-051,94.261,150.283,56.023,data_video/processed/washing-051/clips/washing-051-scene-0003.mp4,1486140,3189809c15b1facea5eb4fef59ac4a1828c20c356a8ca594336e76dea56ea18b,data_video/raw/archive_candidates/washing-051.mp4,3f8cbd588540c848cee9855adae2513ba0bb0fdbd18fd21d94543cb4d28df8fb,ffmpeg_scene_score,0.32,2,2026-07-23T19:15:34.957195+00:00,success,
washing-051-scene-0004,washing-051,150.283,158.892,8.609,data_video/processed/washing-051/clips/washing-051-scene-0004.mp4,273423,08f77c47012864d594f516b429d3a0892922bb54c5bfaccdf7efeea3f2d2b793,data_video/raw/archive_candidates/washing-051.mp4,3f8cbd588540c848cee9855adae2513ba0bb0fdbd18fd21d94543cb4d28df8fb,ffmpeg_scene_score,0.32,2,2026-07-23T19:15:37.615644+00:00,success,
washing-051-scene-0005,washing-051,158.892,167.934,9.042,data_video/processed/washing-051/clips/washing-051-scene-0005.mp4,268432,a15fc5c27050f1cb1746c0be52837b2a2e81c707800bca7b7bd67d98bf35780a,data_video/raw/archive_candidates/washing-051.mp4,3f8cbd588540c848cee9855adae2513ba0bb0fdbd18fd21d94543cb4d28df8fb,ffmpeg_scene_score,0.32,2,2026-07-23T19:15:40.245028+00:00,success,
washing-051-scene-0006,washing-051,167.934,179.513,11.578,data_video/processed/washing-051/clips/washing-051-scene-0006.mp4,334968,1e4eb96a0cbbc244fb4a1eb30c7cfa985284c68fada84dd66458351bb4dc8d42,data_video/raw/archive_candidates/washing-051.mp4,3f8cbd588540c848cee9855adae2513ba0bb0fdbd18fd21d94543cb4d28df8fb,ffmpeg_scene_score,0.32,2,2026-07-23T19:15:43.203642+00:00,success,
washing-051-scene-0007,washing-051,179.513,189.956,10.444,data_video/processed/washing-051/clips/washing-051-scene-0007.mp4,288475,b6956f424bb280eaacdd1f453d75c118dc7485815df401354df51c7f2a699b05,data_video/raw/archive_candidates/washing-051.mp4,3f8cbd588540c848cee9855adae2513ba0bb0fdbd18fd21d94543cb4d28df8fb,ffmpeg_scene_score,0.32,2,2026-07-23T19:15:46.112088+00:00,success,
washing-051-scene-0008,washing-051,189.956,203.103,13.146,data_video/processed/washing-051/clips/washing-051-scene-0008.mp4,667345,5cb4a6c3a9dc32ceb650657d511536ad5b2ac01b717d21db40147a73d1520539,data_video/raw/archive_candidates/washing-051.mp4,3f8cbd588540c848cee9855adae2513ba0bb0fdbd18fd21d94543cb4d28df8fb,ffmpeg_scene_score,0.32,2,2026-07-23T19:15:49.638188+00:00,success,
washing-051-scene-0009,washing-051,203.103,231.565,28.462,data_video/processed/washing-051/clips/washing-051-scene-0009.mp4,715931,6dc5a47e456b7c1ab2f8c72f5ffd6bf5a8f7ab0d033410e493ad348ff4e5c234,data_video/raw/archive_candidates/washing-051.mp4,3f8cbd588540c848cee9855adae2513ba0bb0fdbd18fd21d94543cb4d28df8fb,ffmpeg_scene_score,0.32,2,2026-07-23T19:15:55.558871+00:00,success,
washing-051-scene-0010,washing-051,231.565,241.975,10.410,data_video/processed/washing-051/clips/washing-051-scene-0010.mp4,834402,fc6b3eede237774d0045a34f944ba92fc342636391562ae36584c7094e0fb501,data_video/raw/archive_candidates/washing-051.mp4,3f8cbd588540c848cee9855adae2513ba0bb0fdbd18fd21d94543cb4d28df8fb,ffmpeg_scene_score,0.32,2,2026-07-23T19:15:58.590043+00:00,success,
washing-051-scene-0011,washing-051,241.975,254.154,12.179,data_video/processed/washing-051/clips/washing-051-scene-0011.mp4,359826,8621b9a50df55ae86da239a64df2532936bc8efa06eb147384290ba04cd552a7,data_video/raw/archive_candidates/washing-051.mp4,3f8cbd588540c848cee9855adae2513ba0bb0fdbd18fd21d94543cb4d28df8fb,ffmpeg_scene_score,0.32,2,2026-07-23T19:16:02.212796+00:00,success,
washing-051-scene-0012,washing-051,254.154,299.299,45.145,data_video/processed/washing-051/clips/washing-051-scene-0012.mp4,1215859,7da79d4a32e057dfe251d3122226674b7fd3a29cf9f856ad27e2e502ffa830a5,data_video/raw/archive_candidates/washing-051.mp4,3f8cbd588540c848cee9855adae2513ba0bb0fdbd18fd21d94543cb4d28df8fb,ffmpeg_scene_score,0.32,2,2026-07-23T19:16:11.202070+00:00,success,
washing-051-scene-0013,washing-051,299.299,307.007,7.708,data_video/processed/washing-051/clips/washing-051-scene-0013.mp4,712272,3d8168aa0d0c11015da7f10604e250480b9d347c4036033feee4a071eca93450,data_video/raw/archive_candidates/washing-051.mp4,3f8cbd588540c848cee9855adae2513ba0bb0fdbd18fd21d94543cb4d28df8fb,ffmpeg_scene_score,0.32,2,2026-07-23T19:16:14.103248+00:00,success,
washing-051-scene-0014,washing-051,307.007,317.490,10.483,data_video/processed/washing-051/clips/washing-051-scene-0014.mp4,303610,9fae19faf4b3b8162cd98a00945875ea5f603558d770c18a7b85ea86743d9399,data_video/raw/archive_candidates/washing-051.mp4,3f8cbd588540c848cee9855adae2513ba0bb0fdbd18fd21d94543cb4d28df8fb,ffmpeg_scene_score,0.32,2,2026-07-23T19:16:18.041001+00:00,success,
washing-052-scene-0001,washing-052,0.000,454.410,454.410,data_video/processed/washing-052/clips/washing-052-scene-0001.mp4,237419667,2781c49a8c3a9cf17631d16d85e90524cb5b65c7e2dc69da6aa50b42a14bc4b5,data_video/raw/archive_candidates/washing-052.mp4,df1054917b58c33c2fe953f978dfdc2d004850bd9fc43ee127d88979f35e6173,ffmpeg_scene_score,0.32,2,2026-07-23T19:23:02.056960+00:00,success,
washing-056-scene-0001,washing-056,0.000,5.200,5.200,data_video/processed/washing-056/clips/washing-056-scene-0001.mp4,387791,49b63be0beb8e2d523f213c6d6aeb0da29ea92f2fa08181d057082ecbe6e9787,data_video/raw/archive_candidates/washing-056.mp4,f5b14ac1bf4bc1af74309cf08f644955f7bc1142c11613e9ba31c2eea1872a7d,ffmpeg_scene_score,0.32,2,2026-07-23T19:23:08.760120+00:00,success,
washing-056-scene-0002,washing-056,5.200,7.920,2.720,data_video/processed/washing-056/clips/washing-056-scene-0002.mp4,212562,ba5ac56ddccadcf7d6c1f5003bb80afde360e30b9cf738fe32d2a9fef0d9cf17,data_video/raw/archive_candidates/washing-056.mp4,f5b14ac1bf4bc1af74309cf08f644955f7bc1142c11613e9ba31c2eea1872a7d,ffmpeg_scene_score,0.32,2,2026-07-23T19:23:10.523667+00:00,success,
washing-056-scene-0003,washing-056,7.920,11.680,3.760,data_video/processed/washing-056/clips/washing-056-scene-0003.mp4,588458,764092e1d631d33a6d50f76ca426f3dfbeb3700a0060a6c536ee13c54752b1a9,data_video/raw/archive_candidates/washing-056.mp4,f5b14ac1bf4bc1af74309cf08f644955f7bc1142c11613e9ba31c2eea1872a7d,ffmpeg_scene_score,0.32,2,2026-07-23T19:23:12.728269+00:00,success,
washing-056-scene-0004,washing-056,11.680,17.800,6.120,data_video/processed/washing-056/clips/washing-056-scene-0004.mp4,501288,3dd304df84b90115ba76be35f31ab4af3d653bd0a7c23618a1cd445837787f73,data_video/raw/archive_candidates/washing-056.mp4,f5b14ac1bf4bc1af74309cf08f644955f7bc1142c11613e9ba31c2eea1872a7d,ffmpeg_scene_score,0.32,2,2026-07-23T19:23:15.574379+00:00,success,
washing-056-scene-0005,washing-056,17.800,22.800,5.000,data_video/processed/washing-056/clips/washing-056-scene-0005.mp4,556817,dbfc9300bbcb21ff17c14f0bc79682a76139fe7e5b59bbaac26d68df765d129c,data_video/raw/archive_candidates/washing-056.mp4,f5b14ac1bf4bc1af74309cf08f644955f7bc1142c11613e9ba31c2eea1872a7d,ffmpeg_scene_score,0.32,2,2026-07-23T19:23:17.758964+00:00,success,
washing-056-scene-0006,washing-056,22.800,28.600,5.800,data_video/processed/washing-056/clips/washing-056-scene-0006.mp4,544886,289551454be506345cc8c04db5987ea323d2fb64fdc61e9d40c84eac995d3a3b,data_video/raw/archive_candidates/washing-056.mp4,f5b14ac1bf4bc1af74309cf08f644955f7bc1142c11613e9ba31c2eea1872a7d,ffmpeg_scene_score,0.32,2,2026-07-23T19:23:20.196187+00:00,success,
washing-056-scene-0007,washing-056,28.600,33.680,5.080,data_video/processed/washing-056/clips/washing-056-scene-0007.mp4,533440,052cd7c7d6b1ebdaabdeb36b2246cde73ddfe28bf9df046be64ec2b2a8d66927,data_video/raw/archive_candidates/washing-056.mp4,f5b14ac1bf4bc1af74309cf08f644955f7bc1142c11613e9ba31c2eea1872a7d,ffmpeg_scene_score,0.32,2,2026-07-23T19:23:22.695283+00:00,success,
washing-056-scene-0008,washing-056,33.680,38.360,4.680,data_video/processed/washing-056/clips/washing-056-scene-0008.mp4,521680,621766abceb4f94fcf1a23e773367d704824ff578f22c2fe63a9bf40fa2e2d51,data_video/raw/archive_candidates/washing-056.mp4,f5b14ac1bf4bc1af74309cf08f644955f7bc1142c11613e9ba31c2eea1872a7d,ffmpeg_scene_score,0.32,2,2026-07-23T19:23:24.910266+00:00,success,
washing-056-scene-0009,washing-056,38.360,41.040,2.680,data_video/processed/washing-056/clips/washing-056-scene-0009.mp4,250738,61326c314b004957776120b08856c653828508bc31b81ffe15bb4792bd543b51,data_video/raw/archive_candidates/washing-056.mp4,f5b14ac1bf4bc1af74309cf08f644955f7bc1142c11613e9ba31c2eea1872a7d,ffmpeg_scene_score,0.32,2,2026-07-23T19:23:26.659060+00:00,success,
washing-056-scene-0010,washing-056,41.040,44.520,3.480,data_video/processed/washing-056/clips/washing-056-scene-0010.mp4,349496,b39b6557553481064d28feb548cdd6b8db6097880a6c0d10401370f67f319c55,data_video/raw/archive_candidates/washing-056.mp4,f5b14ac1bf4bc1af74309cf08f644955f7bc1142c11613e9ba31c2eea1872a7d,ffmpeg_scene_score,0.32,2,2026-07-23T19:23:28.508987+00:00,success,
washing-056-scene-0011,washing-056,44.520,47.840,3.320,data_video/processed/washing-056/clips/washing-056-scene-0011.mp4,466460,974fa4f4ef47a693f7b7e9559f43246b8dcff2c9845c4950515178e1bd25a4d0,data_video/raw/archive_candidates/washing-056.mp4,f5b14ac1bf4bc1af74309cf08f644955f7bc1142c11613e9ba31c2eea1872a7d,ffmpeg_scene_score,0.32,2,2026-07-23T19:23:30.258195+00:00,success,
washing-056-scene-0012,washing-056,47.840,52.440,4.600,data_video/processed/washing-056/clips/washing-056-scene-0012.mp4,586713,4f4a15e03c6907a9abac3f0d974eff275d60d00fafb61b1e1dfbc92c5720c4fe,data_video/raw/archive_candidates/washing-056.mp4,f5b14ac1bf4bc1af74309cf08f644955f7bc1142c11613e9ba31c2eea1872a7d,ffmpeg_scene_score,0.32,2,2026-07-23T19:23:32.802894+00:00,success,
washing-056-scene-0013,washing-056,52.440,57.960,5.520,data_video/processed/washing-056/clips/washing-056-scene-0013.mp4,442273,ff972b1557fd620d4203a9eb65f445802d38960526fc77882d0675595d6a053b,data_video/raw/archive_candidates/washing-056.mp4,f5b14ac1bf4bc1af74309cf08f644955f7bc1142c11613e9ba31c2eea1872a7d,ffmpeg_scene_score,0.32,2,2026-07-23T19:23:34.920587+00:00,success,
washing-056-scene-0014,washing-056,57.960,60.120,2.160,data_video/processed/washing-056/clips/washing-056-scene-0014.mp4,251237,5465628d08f6a5c45b60e97e1e90e093c8b424fefdf7c6bedbb1e3be44084f69,data_video/raw/archive_candidates/washing-056.mp4,f5b14ac1bf4bc1af74309cf08f644955f7bc1142c11613e9ba31c2eea1872a7d,ffmpeg_scene_score,0.32,2,2026-07-23T19:23:36.436865+00:00,success,
washing-056-scene-0015,washing-056,60.120,65.440,5.320,data_video/processed/washing-056/clips/washing-056-scene-0015.mp4,520162,e7eec36684161c22a40de7eee47bce308d1dfede7d051c97895b6b324317bdc2,data_video/raw/archive_candidates/washing-056.mp4,f5b14ac1bf4bc1af74309cf08f644955f7bc1142c11613e9ba31c2eea1872a7d,ffmpeg_scene_score,0.32,2,2026-07-23T19:23:38.635930+00:00,success,
washing-056-scene-0016,washing-056,65.440,68.680,3.240,data_video/processed/washing-056/clips/washing-056-scene-0016.mp4,191590,ac2c2d3218f8456efc39be642072857f4e122a3ea30937a31e5282f5f82869c5,data_video/raw/archive_candidates/washing-056.mp4,f5b14ac1bf4bc1af74309cf08f644955f7bc1142c11613e9ba31c2eea1872a7d,ffmpeg_scene_score,0.32,2,2026-07-23T19:23:40.333708+00:00,success,
washing-056-scene-0017,washing-056,68.680,75.860,7.180,data_video/processed/washing-056/clips/washing-056-scene-0017.mp4,606044,032bf367a563e7071af4c31c53e7c47da479f2c47aa073232af7f3cd9123c244,data_video/raw/archive_candidates/washing-056.mp4,f5b14ac1bf4bc1af74309cf08f644955f7bc1142c11613e9ba31c2eea1872a7d,ffmpeg_scene_score,0.32,2,2026-07-23T19:23:43.734830+00:00,success,
washing-062-scene-0001,washing-062,0.000,22.923,22.923,data_video/processed/washing-062/clips/washing-062-scene-0001.mp4,1607171,dda36b0d86c41a719e35695f60f5b092c2b2465334e4e60f3609c79111cbd20e,data_video/raw/archive_candidates/washing-062.mp4,a58af5b6da53efaeba99ea11eaa5c0f8b4a474a637ac7f27f1b55c08b47e32ce,ffmpeg_scene_score,0.32,2,2026-07-23T19:23:54.693311+00:00,success,
washing-062-scene-0002,washing-062,22.923,36.036,13.113,data_video/processed/washing-062/clips/washing-062-scene-0002.mp4,423251,8bcb551eb8fc3c0a3224b86cdc70d162fb1536ff5a755d5de8527f7016bdc465,data_video/raw/archive_candidates/washing-062.mp4,a58af5b6da53efaeba99ea11eaa5c0f8b4a474a637ac7f27f1b55c08b47e32ce,ffmpeg_scene_score,0.32,2,2026-07-23T19:23:57.633014+00:00,success,
washing-062-scene-0003,washing-062,36.036,54.554,18.518,data_video/processed/washing-062/clips/washing-062-scene-0003.mp4,768637,05a4ef6051ee55a2c45e47b806a4112b5b14f1d82c0207fa4ac66b0125f1154d,data_video/raw/archive_candidates/washing-062.mp4,a58af5b6da53efaeba99ea11eaa5c0f8b4a474a637ac7f27f1b55c08b47e32ce,ffmpeg_scene_score,0.32,2,2026-07-23T19:24:02.405195+00:00,success,
washing-062-scene-0004,washing-062,54.554,60.727,6.173,data_video/processed/washing-062/clips/washing-062-scene-0004.mp4,198794,515f3b8904867bd0f6d0a3f6653516f12d248345182c76387a45b38cf06fe0e2,data_video/raw/archive_candidates/washing-062.mp4,a58af5b6da53efaeba99ea11eaa5c0f8b4a474a637ac7f27f1b55c08b47e32ce,ffmpeg_scene_score,0.32,2,2026-07-23T19:24:04.730807+00:00,success,
washing-062-scene-0005,washing-062,60.727,96.563,35.836,data_video/processed/washing-062/clips/washing-062-scene-0005.mp4,1086807,26a54c9265b12e44c822c5d1e4cc7963e3df29aee43108b926ed8cf9634c73ef,data_video/raw/archive_candidates/washing-062.mp4,a58af5b6da53efaeba99ea11eaa5c0f8b4a474a637ac7f27f1b55c08b47e32ce,ffmpeg_scene_score,0.32,2,2026-07-23T19:24:11.766864+00:00,success,
washing-062-scene-0006,washing-062,96.563,100.467,3.904,data_video/processed/washing-062/clips/washing-062-scene-0006.mp4,284260,d247f4630874438d75025aeb1928af1fee00a285378e80a000305e7c714220cf,data_video/raw/archive_candidates/washing-062.mp4,a58af5b6da53efaeba99ea11eaa5c0f8b4a474a637ac7f27f1b55c08b47e32ce,ffmpeg_scene_score,0.32,2,2026-07-23T19:24:13.513588+00:00,success,
washing-062-scene-0007,washing-062,100.467,126.793,26.326,data_video/processed/washing-062/clips/washing-062-scene-0007.mp4,1616633,4b4511a771c2b32d1223264226bd7c43183c70ed93115bd418290087472e49cd,data_video/raw/archive_candidates/washing-062.mp4,a58af5b6da53efaeba99ea11eaa5c0f8b4a474a637ac7f27f1b55c08b47e32ce,ffmpeg_scene_score,0.32,2,2026-07-23T19:24:20.350400+00:00,success,
washing-062-scene-0008,washing-062,126.793,140.410,13.617,data_video/processed/washing-062/clips/washing-062-scene-0008.mp4,321010,185053d5a268d3d7c9069dbd37c7a93e3521c25ef6d1b1d2b6340644b2bfeb41,data_video/raw/archive_candidates/washing-062.mp4,a58af5b6da53efaeba99ea11eaa5c0f8b4a474a637ac7f27f1b55c08b47e32ce,ffmpeg_scene_score,0.32,2,2026-07-23T19:24:24.687484+00:00,success,
